Provider_NPI,Record_Count,Medical_Claim_Count,Pharmacy_Claim_Count,Prior_Auth_Count,Flagged_Record_Count,Flagged_Record_Rate,High_Risk_Record_Count,Critical_Risk_Record_Count,Average_Risk_Score,Maximum_Risk_Score,Rule_Flag_Count,Statistical_Flag_Count,ML_Flag_Count,Average_Consensus_Level,Provider_Risk_Level
1215210273,554,554,0,0,554,100.0,23,23,36.9,99.97,277,554,53,1.6,CRITICAL
1609820125,44,44,0,0,37,84.09,4,9,43.43,99.88,27,26,11,1.45,CRITICAL
1386952034,145,145,0,0,104,71.72,5,4,26.94,89.78,78,56,8,0.98,CRITICAL
1396366308,2,2,0,0,2,100.0,0,2,89.52,89.74,2,2,2,3.0,CRITICAL
1908045857,2,0,2,0,2,100.0,0,2,84.9,84.9,2,2,2,3.0,CRITICAL
1129091098,2,0,2,0,2,100.0,0,2,84.75,84.75,2,2,2,3.0,CRITICAL
1949306366,2,0,0,2,2,100.0,0,2,84.73,84.73,2,2,2,3.0,CRITICAL
1203251898,2,0,2,0,2,100.0,0,2,84.58,84.58,2,2,2,3.0,CRITICAL
1993962280,2,0,0,2,2,100.0,0,2,84.45,84.45,2,2,2,3.0,CRITICAL
1124579929,2,0,0,2,2,100.0,0,2,84.35,84.35,2,2,2,3.0,CRITICAL
1150769152,2,0,2,0,2,100.0,0,2,84.32,84.32,2,2,2,3.0,CRITICAL
1558308825,111,111,0,0,88,79.28,0,2,27.06,89.58,64,43,3,0.99,CRITICAL
UNKNOWN_PROVIDER,60,18,21,21,36,60.0,7,1,27.5,84.93,20,25,18,1.05,HIGH
1013105568,4,4,0,0,4,100.0,3,1,69.97,99.89,4,4,1,2.25,CRITICAL
1891005047,5,5,0,0,5,100.0,2,1,53.92,99.6,3,5,1,1.8,CRITICAL
1972196541,12,12,0,0,10,83.33,1,1,35.42,99.98,7,8,1,1.33,HIGH
1870248593,1,0,1,0,1,100.0,0,1,99.79,99.79,1,1,1,3.0,CRITICAL
1541564391,1,0,1,0,1,100.0,0,1,99.64,99.64,1,1,1,3.0,CRITICAL
1205839164,1,1,0,0,1,100.0,0,1,99.49,99.49,1,1,1,3.0,CRITICAL
1787233815,1,0,1,0,1,100.0,0,1,85.0,85.0,1,1,1,3.0,CRITICAL
1035687794,1,0,1,0,1,100.0,0,1,84.99,84.99,1,1,1,3.0,CRITICAL
1385445111,1,0,1,0,1,100.0,0,1,84.97,84.97,1,1,1,3.0,CRITICAL
1875128996,1,0,1,0,1,100.0,0,1,84.88,84.88,1,1,1,3.0,CRITICAL
1579193203,1,0,1,0,1,100.0,0,1,84.81,84.81,1,1,1,3.0,CRITICAL
1081528135,1,0,1,0,1,100.0,0,1,84.77,84.77,1,1,1,3.0,CRITICAL
1263476604,1,0,1,0,1,100.0,0,1,84.72,84.72,1,1,1,3.0,CRITICAL
1510427825,1,0,1,0,1,100.0,0,1,84.63,84.63,1,1,1,3.0,CRITICAL
1914396988,1,0,1,0,1,100.0,0,1,84.6,84.6,1,1,1,3.0,CRITICAL
1109448042,1,0,1,0,1,100.0,0,1,84.52,84.52,1,1,1,3.0,CRITICAL
1063193327,1,0,1,0,1,100.0,0,1,84.51,84.51,1,1,1,3.0,CRITICAL
1364082830,1,0,1,0,1,100.0,0,1,84.45,84.45,1,1,1,3.0,CRITICAL
1412883052,1,0,0,1,1,100.0,0,1,84.4,84.4,1,1,1,3.0,CRITICAL
1680920934,1,0,1,0,1,100.0,0,1,84.37,84.37,1,1,1,3.0,CRITICAL
1304059508,1,0,1,0,1,100.0,0,1,84.36,84.36,1,1,1,3.0,CRITICAL
1708419735,1,0,1,0,1,100.0,0,1,84.22,84.22,1,1,1,3.0,CRITICAL
1659927556,7,7,0,0,7,100.0,0,1,51.32,99.27,6,6,1,1.86,CRITICAL
1821006867,21,21,0,0,20,95.24,0,1,43.54,99.42,17,18,1,1.71,HIGH
1194077297,5,5,0,0,4,80.0,0,1,37.0,100.0,3,2,1,1.2,HIGH
1295145191,6,6,0,0,4,66.67,0,1,36.58,99.5,4,2,1,1.17,HIGH
1417342163,7,7,0,0,5,71.43,0,1,30.71,99.98,3,4,1,1.14,HIGH
1053482273,51,51,0,0,36,70.59,0,1,27.24,89.25,33,13,1,0.92,HIGH
1134606403,44,44,0,0,31,70.45,0,1,25.1,89.37,24,15,1,0.91,HIGH
1841366812,113,113,0,0,99,87.61,32,0,37.08,60.0,73,75,0,1.31,HIGH
1689688988,28,28,0,0,28,100.0,17,0,46.61,60.0,18,27,0,1.61,CRITICAL
1326288143,5,5,0,0,5,100.0,5,0,60.0,60.0,5,5,0,2.0,CRITICAL
1861686776,4,4,0,0,4,100.0,4,0,60.0,60.0,4,4,0,2.0,CRITICAL
1578928826,9,9,0,0,8,88.89,4,0,38.89,60.0,6,6,0,1.33,HIGH
1427418276,3,3,0,0,3,100.0,3,0,60.0,60.0,3,3,0,2.0,CRITICAL
1598152019,3,3,0,0,3,100.0,3,0,60.0,60.0,3,3,0,2.0,CRITICAL
1845678368,2,0,0,2,2,100.0,2,0,64.95,64.95,0,2,2,2.0,CRITICAL
1530328581,2,0,0,2,2,100.0,2,0,64.91,64.91,0,2,2,2.0,CRITICAL
1736648221,2,0,0,2,2,100.0,2,0,64.55,64.55,0,2,2,2.0,CRITICAL
1892223805,2,0,2,0,2,100.0,2,0,64.54,64.54,0,2,2,2.0,CRITICAL
1280401689,2,0,2,0,2,100.0,2,0,64.49,64.49,0,2,2,2.0,CRITICAL
1420084249,2,0,0,2,2,100.0,2,0,64.31,64.31,0,2,2,2.0,CRITICAL
1821232869,2,2,0,0,2,100.0,2,0,62.34,64.69,1,2,1,2.0,CRITICAL
1366481293,2,2,0,0,2,100.0,2,0,60.0,60.0,2,2,0,2.0,CRITICAL
1477741999,2,2,0,0,2,100.0,2,0,60.0,60.0,2,2,0,2.0,CRITICAL
1770760902,2,2,0,0,2,100.0,2,0,60.0,60.0,2,2,0,2.0,CRITICAL
1184884678,3,3,0,0,3,100.0,2,0,48.33,60.0,2,3,0,1.67,CRITICAL
1114074622,7,7,0,0,7,100.0,2,0,42.14,60.0,7,2,0,1.29,HIGH
1316233174,3,3,0,0,2,66.67,2,0,40.0,60.0,2,2,0,1.33,HIGH
1639534290,7,7,0,0,6,85.71,2,0,39.29,60.0,6,3,0,1.29,HIGH
1124430319,20,20,0,0,17,85.0,2,0,32.25,60.0,14,9,0,1.15,HIGH
1548788771,15,15,0,0,12,80.0,2,0,28.28,64.23,8,5,1,0.93,MEDIUM
1225528151,12,12,0,0,8,66.67,2,0,24.58,60.0,5,6,0,0.92,MEDIUM
1985224018,1,0,1,0,1,100.0,1,0,74.95,74.95,1,1,1,3.0,CRITICAL
1290118575,1,0,1,0,1,100.0,1,0,74.84,74.84,1,1,1,3.0,CRITICAL
1461244432,1,0,0,1,1,100.0,1,0,74.5,74.5,1,1,1,3.0,CRITICAL
1443711424,1,0,1,0,1,100.0,1,0,74.41,74.41,1,1,1,3.0,CRITICAL
1969768904,1,0,1,0,1,100.0,1,0,74.4,74.4,1,1,1,3.0,CRITICAL
1793043147,1,0,1,0,1,100.0,1,0,74.26,74.26,1,1,1,3.0,CRITICAL
1729596422,1,0,1,0,1,100.0,1,0,74.24,74.24,1,1,1,3.0,CRITICAL
1916005274,1,0,1,0,1,100.0,1,0,64.96,64.96,0,1,1,2.0,CRITICAL
1175046843,1,0,1,0,1,100.0,1,0,64.87,64.87,0,1,1,2.0,CRITICAL
1912368008,1,0,1,0,1,100.0,1,0,64.85,64.85,0,1,1,2.0,CRITICAL
1630088017,1,0,1,0,1,100.0,1,0,64.83,64.83,0,1,1,2.0,CRITICAL
1149766173,1,0,1,0,1,100.0,1,0,64.8,64.8,0,1,1,2.0,CRITICAL
1153054014,1,0,1,0,1,100.0,1,0,64.69,64.69,0,1,1,2.0,CRITICAL
1548320435,1,1,0,0,1,100.0,1,0,64.68,64.68,0,1,1,2.0,CRITICAL
1064168062,1,0,1,0,1,100.0,1,0,64.67,64.67,0,1,1,2.0,CRITICAL
1336345578,1,1,0,0,1,100.0,1,0,64.54,64.54,0,1,1,2.0,CRITICAL
1868703648,1,0,1,0,1,100.0,1,0,64.47,64.47,0,1,1,2.0,CRITICAL
1568061059,1,1,0,0,1,100.0,1,0,64.45,64.45,0,1,1,2.0,CRITICAL
1697220824,1,0,1,0,1,100.0,1,0,64.39,64.39,0,1,1,2.0,CRITICAL
1770125932,1,1,0,0,1,100.0,1,0,64.36,64.36,0,1,1,2.0,CRITICAL
1802748919,1,0,1,0,1,100.0,1,0,64.34,64.34,0,1,1,2.0,CRITICAL
1556002386,1,0,1,0,1,100.0,1,0,64.28,64.28,0,1,1,2.0,CRITICAL
1844947669,1,0,1,0,1,100.0,1,0,64.25,64.25,0,1,1,2.0,CRITICAL
1023177250,1,1,0,0,1,100.0,1,0,60.0,60.0,1,1,0,2.0,CRITICAL
1033538413,1,0,1,0,1,100.0,1,0,60.0,60.0,1,1,0,2.0,CRITICAL
1104747811,1,0,1,0,1,100.0,1,0,60.0,60.0,1,1,0,2.0,CRITICAL
1160754643,1,0,1,0,1,100.0,1,0,60.0,60.0,1,1,0,2.0,CRITICAL
1174857825,1,1,0,0,1,100.0,1,0,60.0,60.0,1,1,0,2.0,CRITICAL
1215907951,1,1,0,0,1,100.0,1,0,60.0,60.0,1,1,0,2.0,CRITICAL
1274003795,1,0,1,0,1,100.0,1,0,60.0,60.0,1,1,0,2.0,CRITICAL
1307832067,1,0,1,0,1,100.0,1,0,60.0,60.0,1,1,0,2.0,CRITICAL
1318224454,1,0,1,0,1,100.0,1,0,60.0,60.0,1,1,0,2.0,CRITICAL
1383304048,1,0,1,0,1,100.0,1,0,60.0,60.0,1,1,0,2.0,CRITICAL
1418661594,1,0,1,0,1,100.0,1,0,60.0,60.0,1,1,0,2.0,CRITICAL
1497760243,1,1,0,0,1,100.0,1,0,60.0,60.0,1,1,0,2.0,CRITICAL
1507355825,1,0,1,0,1,100.0,1,0,60.0,60.0,1,1,0,2.0,CRITICAL
1518963230,1,1,0,0,1,100.0,1,0,60.0,60.0,1,1,0,2.0,CRITICAL
1560517239,1,0,1,0,1,100.0,1,0,60.0,60.0,1,1,0,2.0,CRITICAL
1619597143,1,1,0,0,1,100.0,1,0,60.0,60.0,1,1,0,2.0,CRITICAL
1640525944,1,0,1,0,1,100.0,1,0,60.0,60.0,1,1,0,2.0,CRITICAL
1659330496,1,1,0,0,1,100.0,1,0,60.0,60.0,1,1,0,2.0,CRITICAL
1730305004,1,1,0,0,1,100.0,1,0,60.0,60.0,1,1,0,2.0,CRITICAL
1735620608,1,0,1,0,1,100.0,1,0,60.0,60.0,1,1,0,2.0,CRITICAL
1790056877,1,1,0,0,1,100.0,1,0,60.0,60.0,1,1,0,2.0,CRITICAL
1867536255,1,0,1,0,1,100.0,1,0,60.0,60.0,1,1,0,2.0,CRITICAL
1891181517,1,1,0,0,1,100.0,1,0,60.0,60.0,1,1,0,2.0,CRITICAL
1950052993,1,0,1,0,1,100.0,1,0,60.0,60.0,1,1,0,2.0,CRITICAL
1033359468,2,2,0,0,2,100.0,1,0,55.0,60.0,2,2,0,2.0,CRITICAL
1285683045,2,2,0,0,2,100.0,1,0,55.0,60.0,2,2,0,2.0,CRITICAL
1396094017,2,2,0,0,2,100.0,1,0,55.0,60.0,2,2,0,2.0,CRITICAL
1780123372,2,2,0,0,2,100.0,1,0,55.0,60.0,2,2,0,2.0,CRITICAL
1861563439,3,3,0,0,3,100.0,1,0,53.33,60.0,3,3,0,2.0,CRITICAL
1104803444,2,2,0,0,2,100.0,1,0,47.5,60.0,2,1,0,1.5,CRITICAL
1346659927,2,2,0,0,2,100.0,1,0,47.5,60.0,2,1,0,1.5,CRITICAL
1639593338,2,2,0,0,2,100.0,1,0,47.5,60.0,2,1,0,1.5,CRITICAL
1346221553,4,4,0,0,4,100.0,1,0,45.0,60.0,4,2,0,1.5,CRITICAL
1962867762,3,3,0,0,3,100.0,1,0,43.33,60.0,3,1,0,1.33,HIGH
1346228905,6,6,0,0,6,100.0,1,0,42.5,60.0,5,4,0,1.5,HIGH
1699173245,2,2,0,0,2,100.0,1,0,42.5,60.0,1,2,0,1.5,HIGH
1720015993,2,2,0,0,2,100.0,1,0,42.5,60.0,1,2,0,1.5,HIGH
1972509701,2,2,0,0,2,100.0,1,0,42.5,60.0,1,2,0,1.5,HIGH
1740666767,5,5,0,0,5,100.0,1,0,39.0,60.0,4,3,0,1.4,HIGH
1528147824,2,2,0,0,2,100.0,1,0,37.5,60.0,1,2,0,1.5,HIGH
1669884854,2,2,0,0,2,100.0,1,0,37.5,60.0,1,2,0,1.5,HIGH
1891046876,2,2,0,0,2,100.0,1,0,37.5,60.0,1,2,0,1.5,HIGH
1801898556,16,16,0,0,14,87.5,1,0,37.18,64.84,13,6,1,1.25,HIGH
1073091328,4,4,0,0,4,100.0,1,0,36.25,60.0,2,3,0,1.25,HIGH
1689760092,8,8,0,0,8,100.0,1,0,33.75,60.0,4,8,0,1.5,HIGH
1104247188,3,3,0,0,3,100.0,1,0,33.33,60.0,1,3,0,1.33,HIGH
1194326132,5,5,0,0,4,80.0,1,0,33.0,60.0,4,1,0,1.0,HIGH
1568672939,9,9,0,0,7,77.78,1,0,32.78,60.0,6,5,0,1.22,HIGH
1760874549,3,3,0,0,2,66.67,1,0,31.67,60.0,2,1,0,1.0,HIGH
1134172489,2,2,0,0,1,50.0,1,0,30.0,60.0,1,1,0,1.0,HIGH
1487640207,2,2,0,0,1,50.0,1,0,30.0,60.0,1,1,0,1.0,HIGH
1578573085,2,2,0,0,1,50.0,1,0,30.0,60.0,1,1,0,1.0,HIGH
1902802705,2,2,0,0,1,50.0,1,0,30.0,60.0,1,1,0,1.0,HIGH
1003437344,4,4,0,0,2,50.0,1,0,27.5,60.0,2,2,0,1.0,MEDIUM
1114171949,4,4,0,0,3,75.0,1,0,27.5,60.0,2,2,0,1.0,MEDIUM
1891136149,7,7,0,0,7,100.0,1,0,27.14,60.0,3,5,0,1.14,MEDIUM
1669830832,13,13,0,0,9,69.23,1,0,26.92,60.0,8,4,0,0.92,MEDIUM
1851470157,3,3,0,0,2,66.67,1,0,26.52,64.57,0,2,1,1.0,MEDIUM
1669840633,12,12,0,0,11,91.67,1,0,25.83,60.0,5,7,0,1.0,MEDIUM
1982062485,12,12,0,0,9,75.0,1,0,25.0,60.0,7,3,0,0.83,MEDIUM
1689864035,4,4,0,0,2,50.0,1,0,23.75,60.0,2,1,0,0.75,MEDIUM
1184670663,10,10,0,0,5,50.0,1,0,23.0,60.0,5,3,0,0.8,MEDIUM
1336255264,5,5,0,0,3,60.0,1,0,22.0,60.0,2,2,0,0.8,MEDIUM
1508010836,8,8,0,0,4,50.0,1,0,21.88,60.0,3,4,0,0.88,MEDIUM
1023191467,3,3,0,0,1,33.33,1,0,20.0,60.0,1,1,0,0.67,MEDIUM
1135678662,1,0,0,1,1,100.0,0,0,54.8,54.8,0,1,1,2.0,CRITICAL
1340735500,1,0,0,1,1,100.0,0,0,54.78,54.78,0,1,1,2.0,CRITICAL
1777282363,1,0,0,1,1,100.0,0,0,54.76,54.76,0,1,1,2.0,CRITICAL
1700720819,1,0,1,0,1,100.0,0,0,54.73,54.73,0,1,1,2.0,CRITICAL
1246411182,1,0,0,1,1,100.0,0,0,54.68,54.68,0,1,1,2.0,CRITICAL
1350476389,1,0,1,0,1,100.0,0,0,54.65,54.65,0,1,1,2.0,CRITICAL
1453629251,1,0,0,1,1,100.0,0,0,54.65,54.65,0,1,1,2.0,CRITICAL
1488244051,1,0,0,1,1,100.0,0,0,54.65,54.65,0,1,1,2.0,CRITICAL
1442131997,1,0,0,1,1,100.0,0,0,54.58,54.58,0,1,1,2.0,CRITICAL
1941657524,1,0,1,0,1,100.0,0,0,54.56,54.56,0,1,1,2.0,CRITICAL
1527052585,1,0,0,1,1,100.0,0,0,54.52,54.52,0,1,1,2.0,CRITICAL
1749319627,1,0,0,1,1,100.0,0,0,54.48,54.48,0,1,1,2.0,CRITICAL
1863820666,1,0,1,0,1,100.0,0,0,54.44,54.44,0,1,1,2.0,CRITICAL
1755432583,1,0,0,1,1,100.0,0,0,54.38,54.38,0,1,1,2.0,CRITICAL
1026543048,1,0,1,0,1,100.0,0,0,54.29,54.29,0,1,1,2.0,CRITICAL
1003804725,1,1,0,0,1,100.0,0,0,50.0,50.0,1,1,0,2.0,CRITICAL
1011880226,1,0,1,0,1,100.0,0,0,50.0,50.0,1,1,0,2.0,CRITICAL
1013002765,1,1,0,0,1,100.0,0,0,50.0,50.0,1,1,0,2.0,CRITICAL
1013436260,1,1,0,0,1,100.0,0,0,50.0,50.0,1,1,0,2.0,CRITICAL
1013997691,1,1,0,0,1,100.0,0,0,50.0,50.0,1,1,0,2.0,CRITICAL
1023062098,1,1,0,0,1,100.0,0,0,50.0,50.0,1,1,0,2.0,CRITICAL
1023560331,1,1,0,0,1,100.0,0,0,50.0,50.0,1,1,0,2.0,CRITICAL
1023668183,1,1,0,0,1,100.0,0,0,50.0,50.0,1,1,0,2.0,CRITICAL
1036589260,1,0,1,0,1,100.0,0,0,50.0,50.0,1,1,0,2.0,CRITICAL
1043307580,2,2,0,0,2,100.0,0,0,50.0,50.0,2,2,0,2.0,CRITICAL
1043796733,2,2,0,0,2,100.0,0,0,50.0,50.0,2,2,0,2.0,CRITICAL
1046221895,1,0,1,0,1,100.0,0,0,50.0,50.0,1,1,0,2.0,CRITICAL
1053311373,1,1,0,0,1,100.0,0,0,50.0,50.0,1,1,0,2.0,CRITICAL
1053839795,1,1,0,0,1,100.0,0,0,50.0,50.0,1,1,0,2.0,CRITICAL
1073295748,1,0,1,0,1,100.0,0,0,50.0,50.0,1,1,0,2.0,CRITICAL
1073740098,1,1,0,0,1,100.0,0,0,50.0,50.0,1,1,0,2.0,CRITICAL
1083959472,1,1,0,0,1,100.0,0,0,50.0,50.0,1,1,0,2.0,CRITICAL
1093702177,2,2,0,0,2,100.0,0,0,50.0,50.0,2,2,0,2.0,CRITICAL
1108943532,1,0,1,0,1,100.0,0,0,50.0,50.0,1,1,0,2.0,CRITICAL
1114213972,1,1,0,0,1,100.0,0,0,50.0,50.0,1,1,0,2.0,CRITICAL
1118563477,1,0,1,0,1,100.0,0,0,50.0,50.0,1,1,0,2.0,CRITICAL
1119210650,1,0,1,0,1,100.0,0,0,50.0,50.0,1,1,0,2.0,CRITICAL
1134422470,1,1,0,0,1,100.0,0,0,50.0,50.0,1,1,0,2.0,CRITICAL
1148843631,1,0,1,0,1,100.0,0,0,50.0,50.0,1,1,0,2.0,CRITICAL
1151855698,1,0,1,0,1,100.0,0,0,50.0,50.0,1,1,0,2.0,CRITICAL
1154600344,2,2,0,0,2,100.0,0,0,50.0,50.0,2,2,0,2.0,CRITICAL
1154746899,1,1,0,0,1,100.0,0,0,50.0,50.0,1,1,0,2.0,CRITICAL
1164876546,1,1,0,0,1,100.0,0,0,50.0,50.0,1,1,0,2.0,CRITICAL
1174630693,1,1,0,0,1,100.0,0,0,50.0,50.0,1,1,0,2.0,CRITICAL
1184379255,1,0,1,0,1,100.0,0,0,50.0,50.0,1,1,0,2.0,CRITICAL
1184979437,1,1,0,0,1,100.0,0,0,50.0,50.0,1,1,0,2.0,CRITICAL
1194274720,2,2,0,0,2,100.0,0,0,50.0,50.0,2,2,0,2.0,CRITICAL
1194732438,1,1,0,0,1,100.0,0,0,50.0,50.0,1,1,0,2.0,CRITICAL
1205188448,1,1,0,0,1,100.0,0,0,50.0,50.0,1,1,0,2.0,CRITICAL
1205444049,1,1,0,0,1,100.0,0,0,50.0,50.0,1,1,0,2.0,CRITICAL
1215089602,1,1,0,0,1,100.0,0,0,50.0,50.0,1,1,0,2.0,CRITICAL
1228295736,1,0,1,0,1,100.0,0,0,50.0,50.0,1,1,0,2.0,CRITICAL
1235123993,1,1,0,0,1,100.0,0,0,50.0,50.0,1,1,0,2.0,CRITICAL
1245720168,2,2,0,0,2,100.0,0,0,50.0,50.0,2,2,0,2.0,CRITICAL
1257244567,1,0,1,0,1,100.0,0,0,50.0,50.0,1,1,0,2.0,CRITICAL
1263319538,1,0,1,0,1,100.0,0,0,50.0,50.0,1,1,0,2.0,CRITICAL
1265460794,1,1,0,0,1,100.0,0,0,50.0,50.0,1,1,0,2.0,CRITICAL
1279300679,1,0,1,0,1,100.0,0,0,50.0,50.0,1,1,0,2.0,CRITICAL
1285759464,2,2,0,0,2,100.0,0,0,50.0,50.0,2,2,0,2.0,CRITICAL
1295236503,1,1,0,0,1,100.0,0,0,50.0,50.0,1,1,0,2.0,CRITICAL
1295604430,1,0,1,0,1,100.0,0,0,50.0,50.0,1,1,0,2.0,CRITICAL
1306164082,1,1,0,0,1,100.0,0,0,50.0,50.0,1,1,0,2.0,CRITICAL
1316037633,1,1,0,0,1,100.0,0,0,50.0,50.0,1,1,0,2.0,CRITICAL
1336265982,1,1,0,0,1,100.0,0,0,50.0,50.0,1,1,0,2.0,CRITICAL
1341427811,1,0,1,0,1,100.0,0,0,50.0,50.0,1,1,0,2.0,CRITICAL
1346241213,1,1,0,0,1,100.0,0,0,50.0,50.0,1,1,0,2.0,CRITICAL
1348449180,1,0,1,0,1,100.0,0,0,50.0,50.0,1,1,0,2.0,CRITICAL
1366882573,1,1,0,0,1,100.0,0,0,50.0,50.0,1,1,0,2.0,CRITICAL
1376088930,1,1,0,0,1,100.0,0,0,50.0,50.0,1,1,0,2.0,CRITICAL
1376579557,1,1,0,0,1,100.0,0,0,50.0,50.0,1,1,0,2.0,CRITICAL
1376586578,1,1,0,0,1,100.0,0,0,50.0,50.0,1,1,0,2.0,CRITICAL
1386949998,1,1,0,0,1,100.0,0,0,50.0,50.0,1,1,0,2.0,CRITICAL
1416354126,1,0,1,0,1,100.0,0,0,50.0,50.0,1,1,0,2.0,CRITICAL
1417284043,1,1,0,0,1,100.0,0,0,50.0,50.0,1,1,0,2.0,CRITICAL
1417440264,2,2,0,0,2,100.0,0,0,50.0,50.0,2,2,0,2.0,CRITICAL
1419231348,1,0,1,0,1,100.0,0,0,50.0,50.0,1,1,0,2.0,CRITICAL
1427001445,1,1,0,0,1,100.0,0,0,50.0,50.0,1,1,0,2.0,CRITICAL
1439593985,1,0,1,0,1,100.0,0,0,50.0,50.0,1,1,0,2.0,CRITICAL
1457803769,1,1,0,0,1,100.0,0,0,50.0,50.0,1,1,0,2.0,CRITICAL
1467413906,1,1,0,0,1,100.0,0,0,50.0,50.0,1,1,0,2.0,CRITICAL
1467483255,2,2,0,0,2,100.0,0,0,50.0,50.0,2,2,0,2.0,CRITICAL
1477586679,1,0,1,0,1,100.0,0,0,50.0,50.0,1,1,0,2.0,CRITICAL
1483653031,1,0,1,0,1,100.0,0,0,50.0,50.0,1,1,0,2.0,CRITICAL
1487107447,1,1,0,0,1,100.0,0,0,50.0,50.0,1,1,0,2.0,CRITICAL
1487124707,1,1,0,0,1,100.0,0,0,50.0,50.0,1,1,0,2.0,CRITICAL
1487602918,1,1,0,0,1,100.0,0,0,50.0,50.0,1,1,0,2.0,CRITICAL
1487655064,1,1,0,0,1,100.0,0,0,50.0,50.0,1,1,0,2.0,CRITICAL
1489458815,1,0,1,0,1,100.0,0,0,50.0,50.0,1,1,0,2.0,CRITICAL
1497175160,1,1,0,0,1,100.0,0,0,50.0,50.0,1,1,0,2.0,CRITICAL
1508027319,1,1,0,0,1,100.0,0,0,50.0,50.0,1,1,0,2.0,CRITICAL
1508027848,1,1,0,0,1,100.0,0,0,50.0,50.0,1,1,0,2.0,CRITICAL
1508276940,1,1,0,0,1,100.0,0,0,50.0,50.0,1,1,0,2.0,CRITICAL
1508306861,3,3,0,0,3,100.0,0,0,50.0,50.0,3,3,0,2.0,CRITICAL
1508375510,1,1,0,0,1,100.0,0,0,50.0,50.0,1,1,0,2.0,CRITICAL
1538108725,1,1,0,0,1,100.0,0,0,50.0,50.0,1,1,0,2.0,CRITICAL
1548278476,1,1,0,0,1,100.0,0,0,50.0,50.0,1,1,0,2.0,CRITICAL
1548393937,1,1,0,0,1,100.0,0,0,50.0,50.0,1,1,0,2.0,CRITICAL
1551868694,1,0,1,0,1,100.0,0,0,50.0,50.0,1,1,0,2.0,CRITICAL
1578560090,2,2,0,0,2,100.0,0,0,50.0,50.0,2,2,0,2.0,CRITICAL
1584602285,1,0,1,0,1,100.0,0,0,50.0,50.0,1,1,0,2.0,CRITICAL
1588616742,1,1,0,0,1,100.0,0,0,50.0,50.0,1,1,0,2.0,CRITICAL
1609201060,2,2,0,0,2,100.0,0,0,50.0,50.0,2,2,0,2.0,CRITICAL
1627113217,1,0,1,0,1,100.0,0,0,50.0,50.0,1,1,0,2.0,CRITICAL
1629556527,2,2,0,0,2,100.0,0,0,50.0,50.0,2,2,0,2.0,CRITICAL
1634029372,1,0,1,0,1,100.0,0,0,50.0,50.0,1,1,0,2.0,CRITICAL
1639221302,1,1,0,0,1,100.0,0,0,50.0,50.0,1,1,0,2.0,CRITICAL
1656376328,1,0,1,0,1,100.0,0,0,50.0,50.0,1,1,0,2.0,CRITICAL
1659436996,2,2,0,0,2,100.0,0,0,50.0,50.0,2,2,0,2.0,CRITICAL
1659476356,1,1,0,0,1,100.0,0,0,50.0,50.0,1,1,0,2.0,CRITICAL
1659518553,1,1,0,0,1,100.0,0,0,50.0,50.0,1,1,0,2.0,CRITICAL
1669461281,1,1,0,0,1,100.0,0,0,50.0,50.0,1,1,0,2.0,CRITICAL
1669985032,1,1,0,0,1,100.0,0,0,50.0,50.0,1,1,0,2.0,CRITICAL
1679535637,1,1,0,0,1,100.0,0,0,50.0,50.0,1,1,0,2.0,CRITICAL
1679634257,2,2,0,0,2,100.0,0,0,50.0,50.0,2,2,0,2.0,CRITICAL
1679761027,1,1,0,0,1,100.0,0,0,50.0,50.0,1,1,0,2.0,CRITICAL
1679822993,1,1,0,0,1,100.0,0,0,50.0,50.0,1,1,0,2.0,CRITICAL
1720111677,1,1,0,0,1,100.0,0,0,50.0,50.0,1,1,0,2.0,CRITICAL
1720696578,1,1,0,0,1,100.0,0,0,50.0,50.0,1,1,0,2.0,CRITICAL
1722034996,1,0,1,0,1,100.0,0,0,50.0,50.0,1,1,0,2.0,CRITICAL
1730312745,1,1,0,0,1,100.0,0,0,50.0,50.0,1,1,0,2.0,CRITICAL
1730488818,1,1,0,0,1,100.0,0,0,50.0,50.0,1,1,0,2.0,CRITICAL
1740283977,1,1,0,0,1,100.0,0,0,50.0,50.0,1,1,0,2.0,CRITICAL
1748157157,1,0,1,0,1,100.0,0,0,50.0,50.0,1,1,0,2.0,CRITICAL
1750633855,1,1,0,0,1,100.0,0,0,50.0,50.0,1,1,0,2.0,CRITICAL
1760450910,1,1,0,0,1,100.0,0,0,50.0,50.0,1,1,0,2.0,CRITICAL
1760958813,1,1,0,0,1,100.0,0,0,50.0,50.0,1,1,0,2.0,CRITICAL
1770097123,2,2,0,0,2,100.0,0,0,50.0,50.0,2,2,0,2.0,CRITICAL
1770822496,2,2,0,0,2,100.0,0,0,50.0,50.0,2,2,0,2.0,CRITICAL
1770865644,1,1,0,0,1,100.0,0,0,50.0,50.0,1,1,0,2.0,CRITICAL
1776418550,1,0,1,0,1,100.0,0,0,50.0,50.0,1,1,0,2.0,CRITICAL
1780101204,1,1,0,0,1,100.0,0,0,50.0,50.0,1,1,0,2.0,CRITICAL
1780155200,1,1,0,0,1,100.0,0,0,50.0,50.0,1,1,0,2.0,CRITICAL
1811149586,1,1,0,0,1,100.0,0,0,50.0,50.0,1,1,0,2.0,CRITICAL
1821239708,2,2,0,0,2,100.0,0,0,50.0,50.0,2,2,0,2.0,CRITICAL
1831142389,1,1,0,0,1,100.0,0,0,50.0,50.0,1,1,0,2.0,CRITICAL
1851397475,1,1,0,0,1,100.0,0,0,50.0,50.0,1,1,0,2.0,CRITICAL
1851693832,1,1,0,0,1,100.0,0,0,50.0,50.0,1,1,0,2.0,CRITICAL
1888683385,1,0,1,0,1,100.0,0,0,50.0,50.0,1,1,0,2.0,CRITICAL
1891102224,1,1,0,0,1,100.0,0,0,50.0,50.0,1,1,0,2.0,CRITICAL
1891709192,1,1,0,0,1,100.0,0,0,50.0,50.0,1,1,0,2.0,CRITICAL
1902812563,1,1,0,0,1,100.0,0,0,50.0,50.0,1,1,0,2.0,CRITICAL
1912249590,2,2,0,0,2,100.0,0,0,50.0,50.0,2,2,0,2.0,CRITICAL
1912923285,1,1,0,0,1,100.0,0,0,50.0,50.0,1,1,0,2.0,CRITICAL
1923434695,1,0,1,0,1,100.0,0,0,50.0,50.0,1,1,0,2.0,CRITICAL
1924227096,1,0,1,0,1,100.0,0,0,50.0,50.0,1,1,0,2.0,CRITICAL
1927879328,1,0,1,0,1,100.0,0,0,50.0,50.0,1,1,0,2.0,CRITICAL
1934720606,1,0,1,0,1,100.0,0,0,50.0,50.0,1,1,0,2.0,CRITICAL
1952041915,1,0,1,0,1,100.0,0,0,50.0,50.0,1,1,0,2.0,CRITICAL
1952409765,2,2,0,0,2,100.0,0,0,50.0,50.0,2,2,0,2.0,CRITICAL
1952967234,1,1,0,0,1,100.0,0,0,50.0,50.0,1,1,0,2.0,CRITICAL
1972584795,1,1,0,0,1,100.0,0,0,50.0,50.0,1,1,0,2.0,CRITICAL
1982658035,1,1,0,0,1,100.0,0,0,50.0,50.0,1,1,0,2.0,CRITICAL
1982783692,1,1,0,0,1,100.0,0,0,50.0,50.0,1,1,0,2.0,CRITICAL
1982870259,1,1,0,0,1,100.0,0,0,50.0,50.0,1,1,0,2.0,CRITICAL
1984854953,1,0,1,0,1,100.0,0,0,50.0,50.0,1,1,0,2.0,CRITICAL
1225684368,16,16,0,0,16,100.0,0,0,47.81,50.0,15,16,0,1.94,CRITICAL
1265532915,15,15,0,0,15,100.0,0,0,47.67,50.0,14,15,0,1.93,CRITICAL
1992880736,19,19,0,0,19,100.0,0,0,46.32,50.0,17,19,0,1.89,CRITICAL
1225282056,4,4,0,0,4,100.0,0,0,46.25,50.0,4,3,0,1.75,CRITICAL
1235588625,4,4,0,0,4,100.0,0,0,46.25,50.0,4,3,0,1.75,CRITICAL
1457461477,4,4,0,0,4,100.0,0,0,46.25,50.0,4,3,0,1.75,CRITICAL
1598053472,17,17,0,0,17,100.0,0,0,45.88,50.0,15,17,0,1.88,CRITICAL
1018633194,2,0,2,0,2,100.0,0,0,45.0,45.0,2,2,0,2.0,CRITICAL
1029380757,1,0,0,1,1,100.0,0,0,45.0,45.0,1,1,0,2.0,CRITICAL
1037194784,1,0,1,0,1,100.0,0,0,45.0,45.0,1,1,0,2.0,CRITICAL
1038193456,1,0,1,0,1,100.0,0,0,45.0,45.0,1,1,0,2.0,CRITICAL
1039979042,2,0,0,2,2,100.0,0,0,45.0,45.0,2,2,0,2.0,CRITICAL
1043039284,1,0,1,0,1,100.0,0,0,45.0,45.0,1,1,0,2.0,CRITICAL
1060958384,2,0,2,0,2,100.0,0,0,45.0,45.0,2,2,0,2.0,CRITICAL
1066177068,1,0,1,0,1,100.0,0,0,45.0,45.0,1,1,0,2.0,CRITICAL
1083860845,3,3,0,0,3,100.0,0,0,45.0,50.0,3,2,0,1.67,CRITICAL
1087213139,1,0,1,0,1,100.0,0,0,45.0,45.0,1,1,0,2.0,CRITICAL
1087242277,1,0,1,0,1,100.0,0,0,45.0,45.0,1,1,0,2.0,CRITICAL
1088980013,1,0,1,0,1,100.0,0,0,45.0,45.0,1,1,0,2.0,CRITICAL
1096228913,2,0,2,0,2,100.0,0,0,45.0,45.0,2,2,0,2.0,CRITICAL
1121634844,1,0,0,1,1,100.0,0,0,45.0,45.0,1,1,0,2.0,CRITICAL
1132267014,1,0,1,0,1,100.0,0,0,45.0,45.0,1,1,0,2.0,CRITICAL
1146683068,1,0,1,0,1,100.0,0,0,45.0,45.0,1,1,0,2.0,CRITICAL
1148865076,1,0,1,0,1,100.0,0,0,45.0,45.0,1,1,0,2.0,CRITICAL
1150057335,1,0,0,1,1,100.0,0,0,45.0,45.0,1,1,0,2.0,CRITICAL
1164485363,3,3,0,0,3,100.0,0,0,45.0,50.0,3,2,0,1.67,CRITICAL
1170803427,1,0,1,0,1,100.0,0,0,45.0,45.0,1,1,0,2.0,CRITICAL
1180138860,2,0,2,0,2,100.0,0,0,45.0,45.0,2,2,0,2.0,CRITICAL
1192925105,1,0,1,0,1,100.0,0,0,45.0,45.0,1,1,0,2.0,CRITICAL
1216219100,1,0,0,1,1,100.0,0,0,45.0,45.0,1,1,0,2.0,CRITICAL
1241267668,2,0,0,2,2,100.0,0,0,45.0,45.0,2,2,0,2.0,CRITICAL
1245747654,1,0,0,1,1,100.0,0,0,45.0,45.0,1,1,0,2.0,CRITICAL
1254204165,1,0,1,0,1,100.0,0,0,45.0,45.0,1,1,0,2.0,CRITICAL
1272708589,2,0,0,2,2,100.0,0,0,45.0,45.0,2,2,0,2.0,CRITICAL
1288980165,1,0,1,0,1,100.0,0,0,45.0,45.0,1,1,0,2.0,CRITICAL
1297191040,1,0,0,1,1,100.0,0,0,45.0,45.0,1,1,0,2.0,CRITICAL
1328639206,1,0,0,1,1,100.0,0,0,45.0,45.0,1,1,0,2.0,CRITICAL
1377119058,1,0,1,0,1,100.0,0,0,45.0,45.0,1,1,0,2.0,CRITICAL
1377416408,1,0,1,0,1,100.0,0,0,45.0,45.0,1,1,0,2.0,CRITICAL
1380469104,2,0,2,0,2,100.0,0,0,45.0,45.0,2,2,0,2.0,CRITICAL
1399546924,1,0,1,0,1,100.0,0,0,45.0,45.0,1,1,0,2.0,CRITICAL
1407855627,1,0,1,0,1,100.0,0,0,45.0,45.0,1,1,0,2.0,CRITICAL
1424335333,1,0,1,0,1,100.0,0,0,45.0,45.0,1,1,0,2.0,CRITICAL
1426970841,1,0,1,0,1,100.0,0,0,45.0,45.0,1,1,0,2.0,CRITICAL
1427438043,3,3,0,0,3,100.0,0,0,45.0,50.0,3,2,0,1.67,CRITICAL
1454470387,1,0,1,0,1,100.0,0,0,45.0,45.0,1,1,0,2.0,CRITICAL
1478333867,1,0,0,1,1,100.0,0,0,45.0,45.0,1,1,0,2.0,CRITICAL
1479140045,2,0,2,0,2,100.0,0,0,45.0,45.0,2,2,0,2.0,CRITICAL
1502049183,1,0,0,1,1,100.0,0,0,45.0,45.0,1,1,0,2.0,CRITICAL
1505010061,1,0,1,0,1,100.0,0,0,45.0,45.0,1,1,0,2.0,CRITICAL
1505096372,1,0,1,0,1,100.0,0,0,45.0,45.0,1,1,0,2.0,CRITICAL
1508366030,3,3,0,0,3,100.0,0,0,45.0,50.0,3,2,0,1.67,CRITICAL
1541910389,2,0,0,2,2,100.0,0,0,45.0,45.0,2,2,0,2.0,CRITICAL
1542955841,1,0,0,1,1,100.0,0,0,45.0,45.0,1,1,0,2.0,CRITICAL
1551929601,1,0,1,0,1,100.0,0,0,45.0,45.0,1,1,0,2.0,CRITICAL
1556852685,1,0,1,0,1,100.0,0,0,45.0,45.0,1,1,0,2.0,CRITICAL
1596125668,1,0,1,0,1,100.0,0,0,45.0,45.0,1,1,0,2.0,CRITICAL
1612904517,2,0,0,2,2,100.0,0,0,45.0,45.0,2,2,0,2.0,CRITICAL
1615527294,1,0,1,0,1,100.0,0,0,45.0,45.0,1,1,0,2.0,CRITICAL
1630969279,2,0,0,2,2,100.0,0,0,45.0,45.0,2,2,0,2.0,CRITICAL
1631923864,2,0,2,0,2,100.0,0,0,45.0,45.0,2,2,0,2.0,CRITICAL
1635341446,1,0,1,0,1,100.0,0,0,45.0,45.0,1,1,0,2.0,CRITICAL
1636099721,1,0,1,0,1,100.0,0,0,45.0,45.0,1,1,0,2.0,CRITICAL
1672565611,1,0,1,0,1,100.0,0,0,45.0,45.0,1,1,0,2.0,CRITICAL
1679333131,2,0,2,0,2,100.0,0,0,45.0,45.0,2,2,0,2.0,CRITICAL
1680741437,1,0,1,0,1,100.0,0,0,45.0,45.0,1,1,0,2.0,CRITICAL
1688891117,1,0,1,0,1,100.0,0,0,45.0,45.0,1,1,0,2.0,CRITICAL
1707865465,1,0,0,1,1,100.0,0,0,45.0,45.0,1,1,0,2.0,CRITICAL
1713291579,2,0,2,0,2,100.0,0,0,45.0,45.0,2,2,0,2.0,CRITICAL
1716003077,2,0,2,0,2,100.0,0,0,45.0,45.0,2,2,0,2.0,CRITICAL
1720064434,1,0,1,0,1,100.0,0,0,45.0,45.0,1,1,0,2.0,CRITICAL
1727467155,1,0,1,0,1,100.0,0,0,45.0,45.0,1,1,0,2.0,CRITICAL
1749018608,1,0,1,0,1,100.0,0,0,45.0,45.0,1,1,0,2.0,CRITICAL
1756261117,2,0,2,0,2,100.0,0,0,45.0,45.0,2,2,0,2.0,CRITICAL
1768266960,1,0,1,0,1,100.0,0,0,45.0,45.0,1,1,0,2.0,CRITICAL
1794322091,1,0,1,0,1,100.0,0,0,45.0,45.0,1,1,0,2.0,CRITICAL
1808984662,1,0,1,0,1,100.0,0,0,45.0,45.0,1,1,0,2.0,CRITICAL
1811171978,3,3,0,0,3,100.0,0,0,45.0,50.0,3,2,0,1.67,CRITICAL
1834234612,1,0,0,1,1,100.0,0,0,45.0,45.0,1,1,0,2.0,CRITICAL
1866266789,1,0,1,0,1,100.0,0,0,45.0,45.0,1,1,0,2.0,CRITICAL
1868168899,1,0,0,1,1,100.0,0,0,45.0,45.0,1,1,0,2.0,CRITICAL
1871144948,1,0,1,0,1,100.0,0,0,45.0,45.0,1,1,0,2.0,CRITICAL
1877825519,2,0,2,0,2,100.0,0,0,45.0,45.0,2,2,0,2.0,CRITICAL
1921028719,1,0,1,0,1,100.0,0,0,45.0,45.0,1,1,0,2.0,CRITICAL
1924296762,1,0,0,1,1,100.0,0,0,45.0,45.0,1,1,0,2.0,CRITICAL
1925903767,1,0,1,0,1,100.0,0,0,45.0,45.0,1,1,0,2.0,CRITICAL
1977390536,1,0,0,1,1,100.0,0,0,45.0,45.0,1,1,0,2.0,CRITICAL
1978215720,1,0,0,1,1,100.0,0,0,45.0,45.0,1,1,0,2.0,CRITICAL
1982103511,3,3,0,0,3,100.0,0,0,45.0,50.0,3,2,0,1.67,CRITICAL
1987478866,1,0,1,0,1,100.0,0,0,45.0,45.0,1,1,0,2.0,CRITICAL
1992962117,2,0,2,0,2,100.0,0,0,45.0,45.0,2,2,0,2.0,CRITICAL
1780879023,6,6,0,0,6,100.0,0,0,44.97,54.81,4,6,1,1.83,HIGH
1275574931,8,8,0,0,8,100.0,0,0,44.38,50.0,8,5,0,1.62,HIGH
1881836195,6,6,0,0,6,100.0,0,0,44.17,50.0,5,6,0,1.83,HIGH
1972135390,6,6,0,0,6,100.0,0,0,44.17,50.0,5,6,0,1.83,HIGH
1164451613,21,21,0,0,20,95.24,0,0,43.57,50.0,18,19,0,1.76,HIGH
1467430124,24,24,0,0,24,100.0,0,0,43.54,50.0,20,23,0,1.79,HIGH
1003866732,2,2,0,0,2,100.0,0,0,42.5,50.0,2,1,0,1.5,HIGH
1013088756,2,2,0,0,2,100.0,0,0,42.5,50.0,2,1,0,1.5,HIGH
1023663879,2,2,0,0,2,100.0,0,0,42.5,50.0,2,1,0,1.5,HIGH
1083183180,2,2,0,0,2,100.0,0,0,42.5,50.0,2,1,0,1.5,HIGH
1104905702,2,2,0,0,2,100.0,0,0,42.5,50.0,2,1,0,1.5,HIGH
1134532062,2,2,0,0,2,100.0,0,0,42.5,50.0,2,1,0,1.5,HIGH
1164472478,2,2,0,0,2,100.0,0,0,42.5,50.0,2,1,0,1.5,HIGH
1164978912,2,2,0,0,2,100.0,0,0,42.5,50.0,2,1,0,1.5,HIGH
1174552293,2,2,0,0,2,100.0,0,0,42.5,50.0,2,1,0,1.5,HIGH
1184256679,2,2,0,0,2,100.0,0,0,42.5,50.0,2,1,0,1.5,HIGH
1215963335,2,2,0,0,2,100.0,0,0,42.5,50.0,2,1,0,1.5,HIGH
1245266337,2,2,0,0,2,100.0,0,0,42.5,50.0,2,1,0,1.5,HIGH
1326373861,2,2,0,0,2,100.0,0,0,42.5,50.0,2,1,0,1.5,HIGH
1386777266,2,2,0,0,2,100.0,0,0,42.5,50.0,2,1,0,1.5,HIGH
1396836029,2,2,0,0,2,100.0,0,0,42.5,50.0,2,1,0,1.5,HIGH
1407843576,2,2,0,0,2,100.0,0,0,42.5,50.0,2,1,0,1.5,HIGH
1437216132,2,2,0,0,2,100.0,0,0,42.5,50.0,2,1,0,1.5,HIGH
1457825192,2,2,0,0,2,100.0,0,0,42.5,50.0,2,1,0,1.5,HIGH
1467127613,2,2,0,0,2,100.0,0,0,42.5,50.0,2,1,0,1.5,HIGH
1477509859,2,2,0,0,2,100.0,0,0,42.5,50.0,2,1,0,1.5,HIGH
1477819886,2,2,0,0,2,100.0,0,0,42.5,50.0,2,1,0,1.5,HIGH
1518467174,2,2,0,0,2,100.0,0,0,42.5,50.0,2,1,0,1.5,HIGH
1538460878,2,2,0,0,2,100.0,0,0,42.5,50.0,2,1,0,1.5,HIGH
1548538010,2,2,0,0,2,100.0,0,0,42.5,50.0,2,1,0,1.5,HIGH
1558355305,4,4,0,0,4,100.0,0,0,42.5,50.0,4,2,0,1.5,HIGH
1568856045,2,2,0,0,2,100.0,0,0,42.5,50.0,2,1,0,1.5,HIGH
1588088025,2,2,0,0,2,100.0,0,0,42.5,50.0,2,1,0,1.5,HIGH
1598898389,2,2,0,0,2,100.0,0,0,42.5,50.0,2,1,0,1.5,HIGH
1609928134,2,2,0,0,2,100.0,0,0,42.5,50.0,2,1,0,1.5,HIGH
1639699309,2,2,0,0,2,100.0,0,0,42.5,50.0,2,1,0,1.5,HIGH
1669634903,2,2,0,0,2,100.0,0,0,42.5,50.0,2,1,0,1.5,HIGH
1669644068,2,2,0,0,2,100.0,0,0,42.5,50.0,2,1,0,1.5,HIGH
1689628232,2,2,0,0,2,100.0,0,0,42.5,50.0,2,1,0,1.5,HIGH
1700135522,2,2,0,0,2,100.0,0,0,42.5,50.0,2,1,0,1.5,HIGH
1700866605,2,2,0,0,2,100.0,0,0,42.5,50.0,2,1,0,1.5,HIGH
1740296508,2,2,0,0,2,100.0,0,0,42.5,50.0,2,1,0,1.5,HIGH
1750381281,2,2,0,0,2,100.0,0,0,42.5,50.0,2,1,0,1.5,HIGH
1831555358,2,2,0,0,2,100.0,0,0,42.5,50.0,2,1,0,1.5,HIGH
1851552186,2,2,0,0,2,100.0,0,0,42.5,50.0,2,1,0,1.5,HIGH
1871868703,2,2,0,0,2,100.0,0,0,42.5,50.0,2,1,0,1.5,HIGH
1881641629,8,8,0,0,8,100.0,0,0,42.5,50.0,8,4,0,1.5,HIGH
1922578202,2,2,0,0,2,100.0,0,0,42.5,50.0,2,1,0,1.5,HIGH
1952470411,4,4,0,0,4,100.0,0,0,42.5,50.0,4,2,0,1.5,HIGH
1679786784,4,4,0,0,4,100.0,0,0,41.25,50.0,3,4,0,1.75,HIGH
1720607377,4,4,0,0,4,100.0,0,0,41.25,50.0,3,4,0,1.75,HIGH
1063617744,3,3,0,0,3,100.0,0,0,40.0,50.0,3,1,0,1.33,HIGH
1073192985,3,3,0,0,3,100.0,0,0,40.0,50.0,3,1,0,1.33,HIGH
1174525943,3,3,0,0,3,100.0,0,0,40.0,50.0,3,1,0,1.33,HIGH
1215901970,3,3,0,0,3,100.0,0,0,40.0,50.0,3,1,0,1.33,HIGH
1336637438,3,3,0,0,3,100.0,0,0,40.0,50.0,3,1,0,1.33,HIGH
1477119105,3,3,0,0,3,100.0,0,0,40.0,50.0,3,1,0,1.33,HIGH
1629499751,3,3,0,0,3,100.0,0,0,40.0,50.0,3,1,0,1.33,HIGH
1710136999,3,3,0,0,3,100.0,0,0,40.0,50.0,3,1,0,1.33,HIGH
1750314183,3,3,0,0,3,100.0,0,0,40.0,50.0,3,1,0,1.33,HIGH
1831293406,3,3,0,0,3,100.0,0,0,40.0,50.0,3,1,0,1.33,HIGH
1659371870,13,13,0,0,13,100.0,0,0,39.62,50.0,13,4,0,1.31,HIGH
1003866740,10,10,0,0,10,100.0,0,0,39.5,50.0,7,10,0,1.7,HIGH
1860733566,1,0,0,1,1,100.0,0,0,39.42,39.42,0,0,1,1.0,HIGH
1083145981,7,7,0,0,7,100.0,0,0,39.29,50.0,7,2,0,1.29,HIGH
1174512792,4,4,0,0,4,100.0,0,0,38.75,50.0,4,1,0,1.25,HIGH
1710051354,4,4,0,0,4,100.0,0,0,38.75,50.0,4,1,0,1.25,HIGH
1710465190,4,4,0,0,4,100.0,0,0,38.75,50.0,4,1,0,1.25,HIGH
1780051136,4,4,0,0,4,100.0,0,0,38.75,50.0,4,1,0,1.25,HIGH
1184138356,3,3,0,0,3,100.0,0,0,38.33,50.0,2,3,0,1.67,HIGH
1801284443,6,6,0,0,6,100.0,0,0,38.33,50.0,4,6,0,1.67,HIGH
1104056209,8,8,0,0,8,100.0,0,0,38.12,50.0,6,5,0,1.38,HIGH
1588925804,5,5,0,0,5,100.0,0,0,38.0,50.0,5,1,0,1.2,HIGH
1174625057,4,4,0,0,3,75.0,0,0,37.5,50.0,3,3,0,1.5,HIGH
1265817639,2,2,0,0,2,100.0,0,0,37.5,50.0,1,2,0,1.5,HIGH
1336101302,6,6,0,0,6,100.0,0,0,37.5,50.0,6,1,0,1.17,HIGH
1447615455,4,4,0,0,3,75.0,0,0,37.5,50.0,3,3,0,1.5,HIGH
1750838686,6,6,0,0,6,100.0,0,0,37.5,50.0,6,1,0,1.17,HIGH
1982662557,6,6,0,0,6,100.0,0,0,37.5,50.0,6,1,0,1.17,HIGH
1992113898,4,4,0,0,4,100.0,0,0,37.5,50.0,3,3,0,1.5,HIGH
1992923486,2,2,0,0,2,100.0,0,0,37.5,50.0,1,2,0,1.5,HIGH
1518239219,5,5,0,0,4,80.0,0,0,37.0,50.0,4,3,0,1.4,HIGH
1881773232,5,5,0,0,5,100.0,0,0,37.0,50.0,4,3,0,1.4,HIGH
1639172810,8,8,0,0,8,100.0,0,0,36.88,50.0,8,1,0,1.12,HIGH
1205236072,6,6,0,0,5,83.33,0,0,36.67,50.0,5,3,0,1.33,HIGH
1881061059,6,6,0,0,6,100.0,0,0,36.67,50.0,5,3,0,1.33,HIGH
1467785782,4,4,0,0,4,100.0,0,0,36.25,50.0,3,2,0,1.25,HIGH
1538349469,47,47,0,0,40,85.11,0,0,35.64,50.0,35,30,0,1.38,HIGH
1285083469,12,12,0,0,11,91.67,0,0,35.42,50.0,10,5,0,1.25,HIGH
1000369697,1,0,1,0,1,100.0,0,0,35.0,35.0,1,1,0,2.0,HIGH
1000407487,1,0,1,0,1,100.0,0,0,35.0,35.0,1,1,0,2.0,HIGH
1001472778,1,0,1,0,1,100.0,0,0,35.0,35.0,1,1,0,2.0,HIGH
1001708385,1,0,0,1,1,100.0,0,0,35.0,35.0,1,1,0,2.0,HIGH
1002778443,1,0,1,0,1,100.0,0,0,35.0,35.0,1,1,0,2.0,HIGH
1003697645,1,0,1,0,1,100.0,0,0,35.0,35.0,1,1,0,2.0,HIGH
1003985625,1,0,1,0,1,100.0,0,0,35.0,35.0,1,1,0,2.0,HIGH
1006210294,1,0,1,0,1,100.0,0,0,35.0,35.0,1,1,0,2.0,HIGH
1009394467,1,0,1,0,1,100.0,0,0,35.0,35.0,1,1,0,2.0,HIGH
1010044016,1,0,1,0,1,100.0,0,0,35.0,35.0,1,1,0,2.0,HIGH
1010243816,1,0,1,0,1,100.0,0,0,35.0,35.0,1,1,0,2.0,HIGH
1010392038,1,0,1,0,1,100.0,0,0,35.0,35.0,1,0,0,1.0,HIGH
1010681916,1,0,1,0,1,100.0,0,0,35.0,35.0,1,1,0,2.0,HIGH
1011412524,1,0,1,0,1,100.0,0,0,35.0,35.0,1,1,0,2.0,HIGH
1011607474,1,0,1,0,1,100.0,0,0,35.0,35.0,1,1,0,2.0,HIGH
1012405528,1,0,0,1,1,100.0,0,0,35.0,35.0,1,1,0,2.0,HIGH
1012804955,1,0,1,0,1,100.0,0,0,35.0,35.0,1,1,0,2.0,HIGH
1013027877,1,0,0,1,1,100.0,0,0,35.0,35.0,1,1,0,2.0,HIGH
1013933944,1,1,0,0,1,100.0,0,0,35.0,35.0,1,0,0,1.0,HIGH
1018120162,1,0,0,1,1,100.0,0,0,35.0,35.0,1,1,0,2.0,HIGH
1018308835,1,0,1,0,1,100.0,0,0,35.0,35.0,1,1,0,2.0,HIGH
1019749474,1,0,0,1,1,100.0,0,0,35.0,35.0,1,1,0,2.0,HIGH
1020099156,1,0,0,1,1,100.0,0,0,35.0,35.0,1,1,0,2.0,HIGH
1020734327,1,0,0,1,1,100.0,0,0,35.0,35.0,1,1,0,2.0,HIGH
1022700441,1,0,0,1,1,100.0,0,0,35.0,35.0,1,1,0,2.0,HIGH
1023351913,2,2,0,0,2,100.0,0,0,35.0,35.0,2,0,0,1.0,HIGH
1024854260,1,0,0,1,1,100.0,0,0,35.0,35.0,1,1,0,2.0,HIGH
1025290027,1,0,0,1,1,100.0,0,0,35.0,35.0,1,1,0,2.0,HIGH
1025554459,1,0,0,1,1,100.0,0,0,35.0,35.0,1,1,0,2.0,HIGH
1026044787,1,0,1,0,1,100.0,0,0,35.0,35.0,1,1,0,2.0,HIGH
1027695878,1,0,1,0,1,100.0,0,0,35.0,35.0,1,1,0,2.0,HIGH
1028250461,1,0,1,0,1,100.0,0,0,35.0,35.0,1,1,0,2.0,HIGH
1029729671,1,0,1,0,1,100.0,0,0,35.0,35.0,1,1,0,2.0,HIGH
1030463873,1,0,1,0,1,100.0,0,0,35.0,35.0,1,1,0,2.0,HIGH
1031384539,1,0,1,0,1,100.0,0,0,35.0,35.0,1,1,0,2.0,HIGH
1031915489,1,0,1,0,1,100.0,0,0,35.0,35.0,1,1,0,2.0,HIGH
1033284666,1,1,0,0,1,100.0,0,0,35.0,35.0,1,0,0,1.0,HIGH
1033321989,3,3,0,0,3,100.0,0,0,35.0,35.0,3,0,0,1.0,HIGH
1033579412,2,2,0,0,2,100.0,0,0,35.0,35.0,2,0,0,1.0,HIGH
1034051336,1,0,1,0,1,100.0,0,0,35.0,35.0,1,1,0,2.0,HIGH
1038631193,1,0,1,0,1,100.0,0,0,35.0,35.0,1,1,0,2.0,HIGH
1041323170,1,0,1,0,1,100.0,0,0,35.0,35.0,1,1,0,2.0,HIGH
1041343484,1,0,1,0,1,100.0,0,0,35.0,35.0,1,1,0,2.0,HIGH
1041669927,1,0,1,0,1,100.0,0,0,35.0,35.0,1,1,0,2.0,HIGH
1042347362,1,0,0,1,1,100.0,0,0,35.0,35.0,1,1,0,2.0,HIGH
1043263221,1,1,0,0,1,100.0,0,0,35.0,35.0,1,0,0,1.0,HIGH
1043299001,1,1,0,0,1,100.0,0,0,35.0,35.0,1,0,0,1.0,HIGH
1044490775,1,0,0,1,1,100.0,0,0,35.0,35.0,1,1,0,2.0,HIGH
1045278947,1,0,0,1,1,100.0,0,0,35.0,35.0,1,1,0,2.0,HIGH
1046019618,1,0,1,0,1,100.0,0,0,35.0,35.0,1,1,0,2.0,HIGH
1047919718,1,0,1,0,1,100.0,0,0,35.0,35.0,1,1,0,2.0,HIGH
1048255476,1,0,0,1,1,100.0,0,0,35.0,35.0,1,1,0,2.0,HIGH
1051989007,1,0,1,0,1,100.0,0,0,35.0,35.0,1,1,0,2.0,HIGH
1053412795,1,0,1,0,1,100.0,0,0,35.0,35.0,1,1,0,2.0,HIGH
1053637249,1,1,0,0,1,100.0,0,0,35.0,35.0,1,0,0,1.0,HIGH
1053789511,1,1,0,0,1,100.0,0,0,35.0,35.0,1,0,0,1.0,HIGH
1053853234,1,1,0,0,1,100.0,0,0,35.0,35.0,1,0,0,1.0,HIGH
1053980110,1,1,0,0,1,100.0,0,0,35.0,35.0,1,0,0,1.0,HIGH
1055404999,1,0,1,0,1,100.0,0,0,35.0,35.0,1,1,0,2.0,HIGH
1063411874,1,1,0,0,1,100.0,0,0,35.0,35.0,1,0,0,1.0,HIGH
1063433720,1,1,0,0,1,100.0,0,0,35.0,35.0,1,0,0,1.0,HIGH
1063438133,1,1,0,0,1,100.0,0,0,35.0,35.0,1,0,0,1.0,HIGH
1063462976,2,2,0,0,2,100.0,0,0,35.0,35.0,2,0,0,1.0,HIGH
1064014034,1,0,1,0,1,100.0,0,0,35.0,35.0,1,1,0,2.0,HIGH
1064509236,1,0,1,0,1,100.0,0,0,35.0,35.0,1,0,0,1.0,HIGH
1064701413,1,0,0,1,1,100.0,0,0,35.0,35.0,1,1,0,2.0,HIGH
1066120250,1,0,1,0,1,100.0,0,0,35.0,35.0,1,1,0,2.0,HIGH
1066764250,1,0,1,0,1,100.0,0,0,35.0,35.0,1,1,0,2.0,HIGH
1068668303,1,0,1,0,1,100.0,0,0,35.0,35.0,1,1,0,2.0,HIGH
1071076813,1,0,0,1,1,100.0,0,0,35.0,35.0,1,1,0,2.0,HIGH
1071457048,1,0,1,0,1,100.0,0,0,35.0,35.0,1,1,0,2.0,HIGH
1071552223,1,0,0,1,1,100.0,0,0,35.0,35.0,1,1,0,2.0,HIGH
1072816625,1,0,1,0,1,100.0,0,0,35.0,35.0,1,1,0,2.0,HIGH
1073576740,1,1,0,0,1,100.0,0,0,35.0,35.0,1,0,0,1.0,HIGH
1077088770,1,0,1,0,1,100.0,0,0,35.0,35.0,1,1,0,2.0,HIGH
1078300319,1,0,0,1,1,100.0,0,0,35.0,35.0,1,1,0,2.0,HIGH
1078433347,1,0,0,1,1,100.0,0,0,35.0,35.0,1,1,0,2.0,HIGH
1079239955,1,0,1,0,1,100.0,0,0,35.0,35.0,1,1,0,2.0,HIGH
1079553188,1,0,1,0,1,100.0,0,0,35.0,35.0,1,1,0,2.0,HIGH
1083040744,1,0,1,0,1,100.0,0,0,35.0,35.0,1,1,0,2.0,HIGH
1083953442,5,5,0,0,5,100.0,0,0,35.0,50.0,3,4,0,1.4,HIGH
1083984587,1,1,0,0,1,100.0,0,0,35.0,35.0,1,0,0,1.0,HIGH
1084414368,1,0,1,0,1,100.0,0,0,35.0,35.0,1,1,0,2.0,HIGH
1086408460,1,0,1,0,1,100.0,0,0,35.0,35.0,1,1,0,2.0,HIGH
1089926184,1,0,1,0,1,100.0,0,0,35.0,35.0,1,1,0,2.0,HIGH
1091748952,1,0,1,0,1,100.0,0,0,35.0,35.0,1,1,0,2.0,HIGH
1091948133,1,0,1,0,1,100.0,0,0,35.0,35.0,1,1,0,2.0,HIGH
1092341428,1,0,0,1,1,100.0,0,0,35.0,35.0,1,1,0,2.0,HIGH
1092406703,1,0,1,0,1,100.0,0,0,35.0,35.0,1,1,0,2.0,HIGH
1093288797,1,1,0,0,1,100.0,0,0,35.0,35.0,1,0,0,1.0,HIGH
1096194936,1,0,0,1,1,100.0,0,0,35.0,35.0,1,1,0,2.0,HIGH
1097514934,1,0,1,0,1,100.0,0,0,35.0,35.0,1,1,0,2.0,HIGH
1097555750,1,0,1,0,1,100.0,0,0,35.0,35.0,1,1,0,2.0,HIGH
1100690620,1,0,1,0,1,100.0,0,0,35.0,35.0,1,1,0,2.0,HIGH
1104200492,1,1,0,0,1,100.0,0,0,35.0,35.0,1,0,0,1.0,HIGH
1104917780,2,2,0,0,2,100.0,0,0,35.0,35.0,2,0,0,1.0,HIGH
1104998624,2,2,0,0,2,100.0,0,0,35.0,35.0,2,0,0,1.0,HIGH
1106699704,1,0,1,0,1,100.0,0,0,35.0,35.0,1,1,0,2.0,HIGH
1107213023,1,0,1,0,1,100.0,0,0,35.0,35.0,1,1,0,2.0,HIGH
1107555171,1,0,1,0,1,100.0,0,0,35.0,35.0,1,1,0,2.0,HIGH
1108069300,1,0,0,1,1,100.0,0,0,35.0,35.0,1,1,0,2.0,HIGH
1108076678,1,0,1,0,1,100.0,0,0,35.0,35.0,1,1,0,2.0,HIGH
1113716678,1,0,0,1,1,100.0,0,0,35.0,35.0,1,1,0,2.0,HIGH
1114498540,1,1,0,0,1,100.0,0,0,35.0,35.0,1,0,0,1.0,HIGH
1114548930,1,1,0,0,1,100.0,0,0,35.0,35.0,1,0,0,1.0,HIGH
1115943771,1,0,1,0,1,100.0,0,0,35.0,35.0,1,1,0,2.0,HIGH
1116298541,1,0,0,1,1,100.0,0,0,35.0,35.0,1,1,0,2.0,HIGH
1120519937,1,0,1,0,1,100.0,0,0,35.0,35.0,1,1,0,2.0,HIGH
1121718252,1,0,1,0,1,100.0,0,0,35.0,35.0,1,1,0,2.0,HIGH
1122883642,1,0,1,0,1,100.0,0,0,35.0,35.0,1,1,0,2.0,HIGH
1122930895,1,0,0,1,1,100.0,0,0,35.0,35.0,1,1,0,2.0,HIGH
1124059753,2,2,0,0,2,100.0,0,0,35.0,35.0,2,0,0,1.0,HIGH
1124177407,3,3,0,0,3,100.0,0,0,35.0,35.0,3,0,0,1.0,HIGH
1124224928,1,1,0,0,1,100.0,0,0,35.0,35.0,1,0,0,1.0,HIGH
1124381793,1,1,0,0,1,100.0,0,0,35.0,35.0,1,0,0,1.0,HIGH
1124539648,1,1,0,0,1,100.0,0,0,35.0,35.0,1,0,0,1.0,HIGH
1125355062,1,0,1,0,1,100.0,0,0,35.0,35.0,1,1,0,2.0,HIGH
1126080802,1,0,0,1,1,100.0,0,0,35.0,35.0,1,1,0,2.0,HIGH
1129460526,1,0,1,0,1,100.0,0,0,35.0,35.0,1,1,0,2.0,HIGH
1130615122,1,0,1,0,1,100.0,0,0,35.0,35.0,1,1,0,2.0,HIGH
1131205150,1,0,0,1,1,100.0,0,0,35.0,35.0,1,1,0,2.0,HIGH
1131823801,1,0,1,0,1,100.0,0,0,35.0,35.0,1,1,0,2.0,HIGH
1132748971,1,0,1,0,1,100.0,0,0,35.0,35.0,1,1,0,2.0,HIGH
1134068474,1,0,1,0,1,100.0,0,0,35.0,35.0,1,1,0,2.0,HIGH
1134512650,1,1,0,0,1,100.0,0,0,35.0,35.0,1,0,0,1.0,HIGH
1135367739,1,0,1,0,1,100.0,0,0,35.0,35.0,1,1,0,2.0,HIGH
1135404705,1,0,1,0,1,100.0,0,0,35.0,35.0,1,1,0,2.0,HIGH
1136393027,1,0,0,1,1,100.0,0,0,35.0,35.0,1,1,0,2.0,HIGH
1136992310,1,0,0,1,1,100.0,0,0,35.0,35.0,1,1,0,2.0,HIGH
1137173715,1,0,1,0,1,100.0,0,0,35.0,35.0,1,0,0,1.0,HIGH
1137396707,1,0,0,1,1,100.0,0,0,35.0,35.0,1,1,0,2.0,HIGH
1137963059,1,0,1,0,1,100.0,0,0,35.0,35.0,1,1,0,2.0,HIGH
1138533057,1,0,0,1,1,100.0,0,0,35.0,35.0,1,1,0,2.0,HIGH
1138841418,1,0,0,1,1,100.0,0,0,35.0,35.0,1,1,0,2.0,HIGH
1138946714,1,0,0,1,1,100.0,0,0,35.0,35.0,1,1,0,2.0,HIGH
1139731313,1,0,0,1,1,100.0,0,0,35.0,35.0,1,1,0,2.0,HIGH
1140243136,1,0,0,1,1,100.0,0,0,35.0,35.0,1,1,0,2.0,HIGH
1141234798,1,0,1,0,1,100.0,0,0,35.0,35.0,1,1,0,2.0,HIGH
1142757553,1,0,1,0,1,100.0,0,0,35.0,35.0,1,1,0,2.0,HIGH
1144209271,1,1,0,0,1,100.0,0,0,35.0,35.0,1,0,0,1.0,HIGH
1144230640,2,2,0,0,2,100.0,0,0,35.0,35.0,2,0,0,1.0,HIGH
1144419813,1,1,0,0,1,100.0,0,0,35.0,35.0,1,0,0,1.0,HIGH
1144890013,1,1,0,0,1,100.0,0,0,35.0,35.0,1,0,0,1.0,HIGH
1146623717,1,0,1,0,1,100.0,0,0,35.0,35.0,1,1,0,2.0,HIGH
1149521758,1,0,1,0,1,100.0,0,0,35.0,35.0,1,1,0,2.0,HIGH
1150204023,1,0,1,0,1,100.0,0,0,35.0,35.0,1,0,0,1.0,HIGH
1151292624,1,0,1,0,1,100.0,0,0,35.0,35.0,1,1,0,2.0,HIGH
1152185703,1,0,1,0,1,100.0,0,0,35.0,35.0,1,1,0,2.0,HIGH
1152407534,1,0,1,0,1,100.0,0,0,35.0,35.0,1,1,0,2.0,HIGH
1153984818,1,0,1,0,1,100.0,0,0,35.0,35.0,1,1,0,2.0,HIGH
1154368553,1,1,0,0,1,100.0,0,0,35.0,35.0,1,0,0,1.0,HIGH
1154747590,1,1,0,0,1,100.0,0,0,35.0,35.0,1,0,0,1.0,HIGH
1154807584,2,2,0,0,2,100.0,0,0,35.0,35.0,2,0,0,1.0,HIGH
1156867571,1,0,0,1,1,100.0,0,0,35.0,35.0,1,1,0,2.0,HIGH
1159312312,1,0,1,0,1,100.0,0,0,35.0,35.0,1,1,0,2.0,HIGH
1160097198,1,0,1,0,1,100.0,0,0,35.0,35.0,1,1,0,2.0,HIGH
1161894334,1,0,1,0,1,100.0,0,0,35.0,35.0,1,1,0,2.0,HIGH
1161988211,1,0,0,1,1,100.0,0,0,35.0,35.0,1,1,0,2.0,HIGH
1164842152,1,0,1,0,1,100.0,0,0,35.0,35.0,1,1,0,2.0,HIGH
1165770794,1,0,0,1,1,100.0,0,0,35.0,35.0,1,1,0,2.0,HIGH
1167235541,1,0,1,0,1,100.0,0,0,35.0,35.0,1,0,0,1.0,HIGH
1167460952,1,0,0,1,1,100.0,0,0,35.0,35.0,1,1,0,2.0,HIGH
1167645088,1,0,1,0,1,100.0,0,0,35.0,35.0,1,1,0,2.0,HIGH
1167962802,1,0,1,0,1,100.0,0,0,35.0,35.0,1,1,0,2.0,HIGH
1169301810,1,0,1,0,1,100.0,0,0,35.0,35.0,1,0,0,1.0,HIGH
1169801169,1,0,0,1,1,100.0,0,0,35.0,35.0,1,1,0,2.0,HIGH
1171080042,1,0,0,1,1,100.0,0,0,35.0,35.0,1,1,0,2.0,HIGH
1171095528,1,0,0,1,1,100.0,0,0,35.0,35.0,1,1,0,2.0,HIGH
1171917810,1,0,1,0,1,100.0,0,0,35.0,35.0,1,1,0,2.0,HIGH
1174173437,1,0,0,1,1,100.0,0,0,35.0,35.0,1,1,0,2.0,HIGH
1174820898,3,3,0,0,3,100.0,0,0,35.0,35.0,3,0,0,1.0,HIGH
1175922922,1,0,1,0,1,100.0,0,0,35.0,35.0,1,1,0,2.0,HIGH
1177608268,1,0,0,1,1,100.0,0,0,35.0,35.0,1,1,0,2.0,HIGH
1178199189,1,0,1,0,1,100.0,0,0,35.0,35.0,1,1,0,2.0,HIGH
1178794331,1,0,1,0,1,100.0,0,0,35.0,35.0,1,1,0,2.0,HIGH
1178923063,1,0,0,1,1,100.0,0,0,35.0,35.0,1,1,0,2.0,HIGH
1181614512,1,0,1,0,1,100.0,0,0,35.0,35.0,1,1,0,2.0,HIGH
1183310101,1,0,0,1,1,100.0,0,0,35.0,35.0,1,1,0,2.0,HIGH
1184094534,1,1,0,0,1,100.0,0,0,35.0,35.0,1,0,0,1.0,HIGH
1184645434,1,1,0,0,1,100.0,0,0,35.0,35.0,1,0,0,1.0,HIGH
1184718512,1,1,0,0,1,100.0,0,0,35.0,35.0,1,0,0,1.0,HIGH
1186172136,1,0,1,0,1,100.0,0,0,35.0,35.0,1,0,0,1.0,HIGH
1187903108,1,0,1,0,1,100.0,0,0,35.0,35.0,1,0,0,1.0,HIGH
1187969150,1,0,1,0,1,100.0,0,0,35.0,35.0,1,1,0,2.0,HIGH
1188077634,1,0,1,0,1,100.0,0,0,35.0,35.0,1,1,0,2.0,HIGH
1188792432,1,0,1,0,1,100.0,0,0,35.0,35.0,1,1,0,2.0,HIGH
1189901866,1,0,0,1,1,100.0,0,0,35.0,35.0,1,1,0,2.0,HIGH
1191081458,1,0,1,0,1,100.0,0,0,35.0,35.0,1,1,0,2.0,HIGH
1192561727,1,0,1,0,1,100.0,0,0,35.0,35.0,1,1,0,2.0,HIGH
1193741874,1,0,1,0,1,100.0,0,0,35.0,35.0,1,1,0,2.0,HIGH
1194087593,1,1,0,0,1,100.0,0,0,35.0,35.0,1,0,0,1.0,HIGH
1194174482,3,3,0,0,3,100.0,0,0,35.0,35.0,3,0,0,1.0,HIGH
1194176834,1,1,0,0,1,100.0,0,0,35.0,35.0,1,0,0,1.0,HIGH
1194283382,1,1,0,0,1,100.0,0,0,35.0,35.0,1,0,0,1.0,HIGH
1194706655,1,1,0,0,1,100.0,0,0,35.0,35.0,1,0,0,1.0,HIGH
1194713404,1,1,0,0,1,100.0,0,0,35.0,35.0,1,0,0,1.0,HIGH
1194767269,2,2,0,0,2,100.0,0,0,35.0,35.0,2,0,0,1.0,HIGH
1194790055,2,2,0,0,2,100.0,0,0,35.0,35.0,2,0,0,1.0,HIGH
1194891950,1,0,0,1,1,100.0,0,0,35.0,35.0,1,1,0,2.0,HIGH
1194919993,2,2,0,0,2,100.0,0,0,35.0,35.0,2,0,0,1.0,HIGH
1195895275,1,0,1,0,1,100.0,0,0,35.0,35.0,1,1,0,2.0,HIGH
1196245155,1,0,0,1,1,100.0,0,0,35.0,35.0,1,1,0,2.0,HIGH
1198103412,1,0,1,0,1,100.0,0,0,35.0,35.0,1,0,0,1.0,HIGH
1198167012,1,0,0,1,1,100.0,0,0,35.0,35.0,1,1,0,2.0,HIGH
1200299438,1,0,1,0,1,100.0,0,0,35.0,35.0,1,1,0,2.0,HIGH
1202797364,1,0,1,0,1,100.0,0,0,35.0,35.0,1,1,0,2.0,HIGH
1203999153,1,0,1,0,1,100.0,0,0,35.0,35.0,1,1,0,2.0,HIGH
1204722257,1,0,1,0,1,100.0,0,0,35.0,35.0,1,0,0,1.0,HIGH
1205013539,1,1,0,0,1,100.0,0,0,35.0,35.0,1,0,0,1.0,HIGH
1205093591,1,0,1,0,1,100.0,0,0,35.0,35.0,1,0,0,1.0,HIGH
1205896719,3,3,0,0,3,100.0,0,0,35.0,35.0,3,0,0,1.0,HIGH
1208026935,1,0,1,0,1,100.0,0,0,35.0,35.0,1,1,0,2.0,HIGH
1209129414,1,0,1,0,1,100.0,0,0,35.0,35.0,1,1,0,2.0,HIGH
1209915599,1,0,1,0,1,100.0,0,0,35.0,35.0,1,1,0,2.0,HIGH
1210459479,1,0,1,0,1,100.0,0,0,35.0,35.0,1,1,0,2.0,HIGH
1214555602,1,0,0,1,1,100.0,0,0,35.0,35.0,1,1,0,2.0,HIGH
1214971075,1,0,1,0,1,100.0,0,0,35.0,35.0,1,1,0,2.0,HIGH
1215168992,3,3,0,0,3,100.0,0,0,35.0,35.0,3,0,0,1.0,HIGH
1215622372,1,0,1,0,1,100.0,0,0,35.0,35.0,1,1,0,2.0,HIGH
1217079861,1,0,0,1,1,100.0,0,0,35.0,35.0,1,1,0,2.0,HIGH
1217220117,1,0,1,0,1,100.0,0,0,35.0,35.0,1,1,0,2.0,HIGH
1218716340,1,0,0,1,1,100.0,0,0,35.0,35.0,1,1,0,2.0,HIGH
1220686169,1,0,1,0,1,100.0,0,0,35.0,35.0,1,1,0,2.0,HIGH
1221956224,1,0,0,1,1,100.0,0,0,35.0,35.0,1,1,0,2.0,HIGH
1224207246,1,0,1,0,1,100.0,0,0,35.0,35.0,1,1,0,2.0,HIGH
1225113442,2,2,0,0,2,100.0,0,0,35.0,35.0,2,0,0,1.0,HIGH
1226141785,1,0,1,0,1,100.0,0,0,35.0,35.0,1,1,0,2.0,HIGH
1226283268,1,0,1,0,1,100.0,0,0,35.0,35.0,1,1,0,2.0,HIGH
1227476656,1,0,1,0,1,100.0,0,0,35.0,35.0,1,1,0,2.0,HIGH
1229166526,1,0,0,1,1,100.0,0,0,35.0,35.0,1,1,0,2.0,HIGH
1231646023,1,0,1,0,1,100.0,0,0,35.0,35.0,1,1,0,2.0,HIGH
1232394045,1,0,1,0,1,100.0,0,0,35.0,35.0,1,1,0,2.0,HIGH
1233098950,1,0,1,0,1,100.0,0,0,35.0,35.0,1,1,0,2.0,HIGH
1234033406,1,0,0,1,1,100.0,0,0,35.0,35.0,1,1,0,2.0,HIGH
1235372707,1,1,0,0,1,100.0,0,0,35.0,35.0,1,0,0,1.0,HIGH
1235969639,1,0,1,0,1,100.0,0,0,35.0,35.0,1,1,0,2.0,HIGH
1236877446,1,0,1,0,1,100.0,0,0,35.0,35.0,1,1,0,2.0,HIGH
1237931741,1,0,0,1,1,100.0,0,0,35.0,35.0,1,1,0,2.0,HIGH
1243490007,1,0,1,0,1,100.0,0,0,35.0,35.0,1,1,0,2.0,HIGH
1243882198,1,0,0,1,1,100.0,0,0,35.0,35.0,1,1,0,2.0,HIGH
1245214477,2,2,0,0,2,100.0,0,0,35.0,35.0,2,0,0,1.0,HIGH
1245256189,1,1,0,0,1,100.0,0,0,35.0,35.0,1,0,0,1.0,HIGH
1245283530,6,6,0,0,6,100.0,0,0,35.0,50.0,4,4,0,1.33,HIGH
1245427913,1,0,0,1,1,100.0,0,0,35.0,35.0,1,1,0,2.0,HIGH
1247591882,1,0,0,1,1,100.0,0,0,35.0,35.0,1,1,0,2.0,HIGH
1247695364,1,0,1,0,1,100.0,0,0,35.0,35.0,1,1,0,2.0,HIGH
1247808890,1,0,0,1,1,100.0,0,0,35.0,35.0,1,1,0,2.0,HIGH
1248673474,1,0,0,1,1,100.0,0,0,35.0,35.0,1,1,0,2.0,HIGH
1250967804,1,0,1,0,1,100.0,0,0,35.0,35.0,1,1,0,2.0,HIGH
1252244227,1,0,0,1,1,100.0,0,0,35.0,35.0,1,1,0,2.0,HIGH
1252829119,1,0,1,0,1,100.0,0,0,35.0,35.0,1,1,0,2.0,HIGH
1253593889,1,0,1,0,1,100.0,0,0,35.0,35.0,1,1,0,2.0,HIGH
1255629747,1,1,0,0,1,100.0,0,0,35.0,35.0,1,0,0,1.0,HIGH
1255646857,2,2,0,0,2,100.0,0,0,35.0,35.0,2,0,0,1.0,HIGH
1257328295,1,0,0,1,1,100.0,0,0,35.0,35.0,1,1,0,2.0,HIGH
1258905637,1,0,0,1,1,100.0,0,0,35.0,35.0,1,1,0,2.0,HIGH
1260637550,1,0,0,1,1,100.0,0,0,35.0,35.0,1,1,0,2.0,HIGH
1260866900,1,0,1,0,1,100.0,0,0,35.0,35.0,1,0,0,1.0,HIGH
1261590276,1,0,1,0,1,100.0,0,0,35.0,35.0,1,0,0,1.0,HIGH
1262606131,1,0,1,0,1,100.0,0,0,35.0,35.0,1,1,0,2.0,HIGH
1263200597,1,0,0,1,1,100.0,0,0,35.0,35.0,1,1,0,2.0,HIGH
1264088337,1,0,1,0,1,100.0,0,0,35.0,35.0,1,1,0,2.0,HIGH
1264968185,1,0,1,0,1,100.0,0,0,35.0,35.0,1,1,0,2.0,HIGH
1265651122,1,0,1,0,1,100.0,0,0,35.0,35.0,1,1,0,2.0,HIGH
1265785232,4,4,0,0,4,100.0,0,0,35.0,50.0,2,4,0,1.5,HIGH
1265897532,1,1,0,0,1,100.0,0,0,35.0,35.0,1,0,0,1.0,HIGH
1270355006,1,0,1,0,1,100.0,0,0,35.0,35.0,1,1,0,2.0,HIGH
1272303219,1,0,1,0,1,100.0,0,0,35.0,35.0,1,1,0,2.0,HIGH
1273762016,1,0,1,0,1,100.0,0,0,35.0,35.0,1,0,0,1.0,HIGH
1275017915,1,1,0,0,1,100.0,0,0,35.0,35.0,1,0,0,1.0,HIGH
1275647752,1,1,0,0,1,100.0,0,0,35.0,35.0,1,0,0,1.0,HIGH
1275715286,2,2,0,0,2,100.0,0,0,35.0,35.0,2,0,0,1.0,HIGH
1275783615,1,1,0,0,1,100.0,0,0,35.0,35.0,1,0,0,1.0,HIGH
1276201160,1,0,1,0,1,100.0,0,0,35.0,35.0,1,1,0,2.0,HIGH
1277270357,1,0,1,0,1,100.0,0,0,35.0,35.0,1,1,0,2.0,HIGH
1278766780,1,0,0,1,1,100.0,0,0,35.0,35.0,1,1,0,2.0,HIGH
1281035449,1,0,1,0,1,100.0,0,0,35.0,35.0,1,1,0,2.0,HIGH
1284337993,1,0,1,0,1,100.0,0,0,35.0,35.0,1,1,0,2.0,HIGH
1284368476,1,0,0,1,1,100.0,0,0,35.0,35.0,1,1,0,2.0,HIGH
1284922515,1,0,1,0,1,100.0,0,0,35.0,35.0,1,1,0,2.0,HIGH
1285046735,1,0,1,0,1,100.0,0,0,35.0,35.0,1,1,0,2.0,HIGH
1285070748,1,0,1,0,1,100.0,0,0,35.0,35.0,1,1,0,2.0,HIGH
1285185173,1,1,0,0,1,100.0,0,0,35.0,35.0,1,0,0,1.0,HIGH
1285644799,2,2,0,0,2,100.0,0,0,35.0,35.0,2,0,0,1.0,HIGH
1285650937,2,2,0,0,2,100.0,0,0,35.0,35.0,2,0,0,1.0,HIGH
1288857013,1,0,1,0,1,100.0,0,0,35.0,35.0,1,1,0,2.0,HIGH
1289892590,1,0,0,1,1,100.0,0,0,35.0,35.0,1,1,0,2.0,HIGH
1290967371,1,0,1,0,1,100.0,0,0,35.0,35.0,1,1,0,2.0,HIGH
1292005025,1,0,0,1,1,100.0,0,0,35.0,35.0,1,1,0,2.0,HIGH
1294606180,1,0,1,0,1,100.0,0,0,35.0,35.0,1,1,0,2.0,HIGH
1295676992,1,0,1,0,1,100.0,0,0,35.0,35.0,1,1,0,2.0,HIGH
1295732188,1,1,0,0,1,100.0,0,0,35.0,35.0,1,0,0,1.0,HIGH
1296763717,1,0,1,0,1,100.0,0,0,35.0,35.0,1,1,0,2.0,HIGH
1297306329,1,0,1,0,1,100.0,0,0,35.0,35.0,1,1,0,2.0,HIGH
1299164392,1,0,0,1,1,100.0,0,0,35.0,35.0,1,1,0,2.0,HIGH
1299407407,1,0,1,0,1,100.0,0,0,35.0,35.0,1,1,0,2.0,HIGH
1300782254,1,0,1,0,1,100.0,0,0,35.0,35.0,1,1,0,2.0,HIGH
1302246276,1,0,0,1,1,100.0,0,0,35.0,35.0,1,1,0,2.0,HIGH
1303587089,1,0,1,0,1,100.0,0,0,35.0,35.0,1,1,0,2.0,HIGH
1310736315,1,0,1,0,1,100.0,0,0,35.0,35.0,1,1,0,2.0,HIGH
1310845713,1,0,1,0,1,100.0,0,0,35.0,35.0,1,1,0,2.0,HIGH
1311580687,1,0,1,0,1,100.0,0,0,35.0,35.0,1,1,0,2.0,HIGH
1311759655,1,0,0,1,1,100.0,0,0,35.0,35.0,1,1,0,2.0,HIGH
1315879987,1,0,1,0,1,100.0,0,0,35.0,35.0,1,1,0,2.0,HIGH
1316471162,1,1,0,0,1,100.0,0,0,35.0,35.0,1,0,0,1.0,HIGH
1316902414,1,1,0,0,1,100.0,0,0,35.0,35.0,1,0,0,1.0,HIGH
1316927445,1,1,0,0,1,100.0,0,0,35.0,35.0,1,0,0,1.0,HIGH
1316945066,1,1,0,0,1,100.0,0,0,35.0,35.0,1,0,0,1.0,HIGH
1317082530,1,0,0,1,1,100.0,0,0,35.0,35.0,1,1,0,2.0,HIGH
1318008037,1,0,0,1,1,100.0,0,0,35.0,35.0,1,1,0,2.0,HIGH
1319233850,1,0,1,0,1,100.0,0,0,35.0,35.0,1,1,0,2.0,HIGH
1320664283,1,0,0,1,1,100.0,0,0,35.0,35.0,1,1,0,2.0,HIGH
1325506793,1,0,1,0,1,100.0,0,0,35.0,35.0,1,1,0,2.0,HIGH
1325778315,1,0,1,0,1,100.0,0,0,35.0,35.0,1,0,0,1.0,HIGH
1325920677,1,0,0,1,1,100.0,0,0,35.0,35.0,1,1,0,2.0,HIGH
1327696767,1,0,1,0,1,100.0,0,0,35.0,35.0,1,0,0,1.0,HIGH
1327804117,1,0,1,0,1,100.0,0,0,35.0,35.0,1,1,0,2.0,HIGH
1328502025,1,0,1,0,1,100.0,0,0,35.0,35.0,1,1,0,2.0,HIGH
1333112986,1,0,1,0,1,100.0,0,0,35.0,35.0,1,0,0,1.0,HIGH
1334843594,1,0,1,0,1,100.0,0,0,35.0,35.0,1,1,0,2.0,HIGH
1335036652,1,0,1,0,1,100.0,0,0,35.0,35.0,1,1,0,2.0,HIGH
1335654369,1,0,1,0,1,100.0,0,0,35.0,35.0,1,1,0,2.0,HIGH
1336326248,1,1,0,0,1,100.0,0,0,35.0,35.0,1,0,0,1.0,HIGH
1336378892,1,1,0,0,1,100.0,0,0,35.0,35.0,1,0,0,1.0,HIGH
1336382944,4,4,0,0,4,100.0,0,0,35.0,35.0,4,0,0,1.0,HIGH
1336493311,1,1,0,0,1,100.0,0,0,35.0,35.0,1,0,0,1.0,HIGH
1336602838,2,2,0,0,2,100.0,0,0,35.0,35.0,2,0,0,1.0,HIGH
1336912259,1,0,0,1,1,100.0,0,0,35.0,35.0,1,1,0,2.0,HIGH
1337063701,1,0,1,0,1,100.0,0,0,35.0,35.0,1,1,0,2.0,HIGH
1339184576,1,0,0,1,1,100.0,0,0,35.0,35.0,1,1,0,2.0,HIGH
1339256429,1,0,1,0,1,100.0,0,0,35.0,35.0,1,0,0,1.0,HIGH
1340409458,1,0,0,1,1,100.0,0,0,35.0,35.0,1,1,0,2.0,HIGH
1341287943,1,0,1,0,1,100.0,0,0,35.0,35.0,1,1,0,2.0,HIGH
1342571993,1,0,1,0,1,100.0,0,0,35.0,35.0,1,1,0,2.0,HIGH
1343042322,1,0,0,1,1,100.0,0,0,35.0,35.0,1,1,0,2.0,HIGH
1343539223,1,0,1,0,1,100.0,0,0,35.0,35.0,1,1,0,2.0,HIGH
1344010699,1,0,0,1,1,100.0,0,0,35.0,35.0,1,1,0,2.0,HIGH
1346619244,1,1,0,0,1,100.0,0,0,35.0,35.0,1,0,0,1.0,HIGH
1346707254,1,1,0,0,1,100.0,0,0,35.0,35.0,1,0,0,1.0,HIGH
1346772373,2,2,0,0,2,100.0,0,0,35.0,35.0,2,0,0,1.0,HIGH
1346895638,1,1,0,0,1,100.0,0,0,35.0,35.0,1,0,0,1.0,HIGH
1347368280,1,0,0,1,1,100.0,0,0,35.0,35.0,1,1,0,2.0,HIGH
1350370839,1,0,1,0,1,100.0,0,0,35.0,35.0,1,1,0,2.0,HIGH
1352200296,1,0,1,0,1,100.0,0,0,35.0,35.0,1,0,0,1.0,HIGH
1352554604,1,0,1,0,1,100.0,0,0,35.0,35.0,1,1,0,2.0,HIGH
1353009317,1,0,1,0,1,100.0,0,0,35.0,35.0,1,1,0,2.0,HIGH
1353078012,1,0,0,1,1,100.0,0,0,35.0,35.0,1,1,0,2.0,HIGH
1356021603,1,0,1,0,1,100.0,0,0,35.0,35.0,1,1,0,2.0,HIGH
1356391635,2,2,0,0,2,100.0,0,0,35.0,35.0,2,0,0,1.0,HIGH
1356565170,2,2,0,0,2,100.0,0,0,35.0,35.0,2,0,0,1.0,HIGH
1356972533,1,1,0,0,1,100.0,0,0,35.0,35.0,1,0,0,1.0,HIGH
1357100947,1,0,0,1,1,100.0,0,0,35.0,35.0,1,1,0,2.0,HIGH
1357161429,1,0,1,0,1,100.0,0,0,35.0,35.0,1,1,0,2.0,HIGH
1357892833,1,0,1,0,1,100.0,0,0,35.0,35.0,1,1,0,2.0,HIGH
1358877330,1,0,1,0,1,100.0,0,0,35.0,35.0,1,0,0,1.0,HIGH
1361125567,1,0,1,0,1,100.0,0,0,35.0,35.0,1,1,0,2.0,HIGH
1361692216,1,0,0,1,1,100.0,0,0,35.0,35.0,1,1,0,2.0,HIGH
1362878346,1,0,0,1,1,100.0,0,0,35.0,35.0,1,1,0,2.0,HIGH
1366514887,1,1,0,0,1,100.0,0,0,35.0,35.0,1,0,0,1.0,HIGH
1366582820,1,0,1,0,1,100.0,0,0,35.0,35.0,1,1,0,2.0,HIGH
1367356583,1,0,0,1,1,100.0,0,0,35.0,35.0,1,1,0,2.0,HIGH
1368240929,1,0,0,1,1,100.0,0,0,35.0,35.0,1,1,0,2.0,HIGH
1369753568,1,0,0,1,1,100.0,0,0,35.0,35.0,1,1,0,2.0,HIGH
1371280516,1,0,1,0,1,100.0,0,0,35.0,35.0,1,1,0,2.0,HIGH
1376546143,1,1,0,0,1,100.0,0,0,35.0,35.0,1,0,0,1.0,HIGH
1376603837,1,1,0,0,1,100.0,0,0,35.0,35.0,1,0,0,1.0,HIGH
1376640656,3,3,0,0,3,100.0,0,0,35.0,35.0,3,0,0,1.0,HIGH
1376701300,1,1,0,0,1,100.0,0,0,35.0,35.0,1,0,0,1.0,HIGH
1377220696,1,0,0,1,1,100.0,0,0,35.0,35.0,1,1,0,2.0,HIGH
1377463824,1,0,1,0,1,100.0,0,0,35.0,35.0,1,1,0,2.0,HIGH
1377626079,1,0,0,1,1,100.0,0,0,35.0,35.0,1,1,0,2.0,HIGH
1377954152,1,0,1,0,1,100.0,0,0,35.0,35.0,1,1,0,2.0,HIGH
1381465568,1,0,0,1,1,100.0,0,0,35.0,35.0,1,1,0,2.0,HIGH
1386012359,1,1,0,0,1,100.0,0,0,35.0,35.0,1,0,0,1.0,HIGH
1386788203,1,0,0,1,1,100.0,0,0,35.0,35.0,1,1,0,2.0,HIGH
1386880433,1,1,0,0,1,100.0,0,0,35.0,35.0,1,0,0,1.0,HIGH
1387905702,1,0,0,1,1,100.0,0,0,35.0,35.0,1,1,0,2.0,HIGH
1388702399,1,0,1,0,1,100.0,0,0,35.0,35.0,1,1,0,2.0,HIGH
1389197013,1,0,0,1,1,100.0,0,0,35.0,35.0,1,1,0,2.0,HIGH
1389204091,1,0,1,0,1,100.0,0,0,35.0,35.0,1,1,0,2.0,HIGH
1389274416,1,0,1,0,1,100.0,0,0,35.0,35.0,1,1,0,2.0,HIGH
1389300767,1,0,0,1,1,100.0,0,0,35.0,35.0,1,1,0,2.0,HIGH
1390062213,1,0,0,1,1,100.0,0,0,35.0,35.0,1,1,0,2.0,HIGH
1390178733,1,0,1,0,1,100.0,0,0,35.0,35.0,1,1,0,2.0,HIGH
1390940743,1,0,1,0,1,100.0,0,0,35.0,35.0,1,1,0,2.0,HIGH
1391466833,1,0,0,1,1,100.0,0,0,35.0,35.0,1,1,0,2.0,HIGH
1392375345,1,0,1,0,1,100.0,0,0,35.0,35.0,1,1,0,2.0,HIGH
1395921470,1,0,1,0,1,100.0,0,0,35.0,35.0,1,1,0,2.0,HIGH
1396036719,1,0,1,0,1,100.0,0,0,35.0,35.0,1,1,0,2.0,HIGH
1396037230,3,3,0,0,3,100.0,0,0,35.0,35.0,3,0,0,1.0,HIGH
1396109500,1,1,0,0,1,100.0,0,0,35.0,35.0,1,0,0,1.0,HIGH
1396314118,1,1,0,0,1,100.0,0,0,35.0,35.0,1,0,0,1.0,HIGH
1396338703,1,1,0,0,1,100.0,0,0,35.0,35.0,1,0,0,1.0,HIGH
1400214319,1,0,1,0,1,100.0,0,0,35.0,35.0,1,1,0,2.0,HIGH
1404359253,1,0,0,1,1,100.0,0,0,35.0,35.0,1,1,0,2.0,HIGH
1407166671,1,1,0,0,1,100.0,0,0,35.0,35.0,1,0,0,1.0,HIGH
1407545843,1,0,0,1,1,100.0,0,0,35.0,35.0,1,1,0,2.0,HIGH
1407889652,3,3,0,0,3,100.0,0,0,35.0,35.0,3,0,0,1.0,HIGH
1408431672,1,0,0,1,1,100.0,0,0,35.0,35.0,1,1,0,2.0,HIGH
1409528032,1,0,1,0,1,100.0,0,0,35.0,35.0,1,1,0,2.0,HIGH
1410061860,1,0,1,0,1,100.0,0,0,35.0,35.0,1,1,0,2.0,HIGH
1411971799,1,0,1,0,1,100.0,0,0,35.0,35.0,1,1,0,2.0,HIGH
1414506889,1,0,0,1,1,100.0,0,0,35.0,35.0,1,1,0,2.0,HIGH
1416867635,1,0,1,0,1,100.0,0,0,35.0,35.0,1,1,0,2.0,HIGH
1417519000,1,1,0,0,1,100.0,0,0,35.0,35.0,1,0,0,1.0,HIGH
1417688258,1,0,0,1,1,100.0,0,0,35.0,35.0,1,1,0,2.0,HIGH
1421354849,1,0,0,1,1,100.0,0,0,35.0,35.0,1,1,0,2.0,HIGH
1422956328,1,0,1,0,1,100.0,0,0,35.0,35.0,1,1,0,2.0,HIGH
1423574194,1,0,0,1,1,100.0,0,0,35.0,35.0,1,1,0,2.0,HIGH
1426599216,1,0,1,0,1,100.0,0,0,35.0,35.0,1,1,0,2.0,HIGH
1427175090,1,1,0,0,1,100.0,0,0,35.0,35.0,1,0,0,1.0,HIGH
1427593896,7,7,0,0,7,100.0,0,0,35.0,50.0,4,7,0,1.57,HIGH
1430927888,1,0,1,0,1,100.0,0,0,35.0,35.0,1,1,0,2.0,HIGH
1430956378,1,0,1,0,1,100.0,0,0,35.0,35.0,1,1,0,2.0,HIGH
1431464509,1,0,0,1,1,100.0,0,0,35.0,35.0,1,1,0,2.0,HIGH
1431731061,1,0,1,0,1,100.0,0,0,35.0,35.0,1,1,0,2.0,HIGH
1432153792,1,0,1,0,1,100.0,0,0,35.0,35.0,1,1,0,2.0,HIGH
1432264247,1,0,1,0,1,100.0,0,0,35.0,35.0,1,1,0,2.0,HIGH
1433522033,1,0,1,0,1,100.0,0,0,35.0,35.0,1,1,0,2.0,HIGH
1436363701,1,0,0,1,1,100.0,0,0,35.0,35.0,1,1,0,2.0,HIGH
1437122843,1,1,0,0,1,100.0,0,0,35.0,35.0,1,0,0,1.0,HIGH
1437602185,1,0,0,1,1,100.0,0,0,35.0,35.0,1,1,0,2.0,HIGH
1438389090,1,0,1,0,1,100.0,0,0,35.0,35.0,1,1,0,2.0,HIGH
1438860507,1,0,0,1,1,100.0,0,0,35.0,35.0,1,1,0,2.0,HIGH
1439583593,1,0,1,0,1,100.0,0,0,35.0,35.0,1,1,0,2.0,HIGH
1439843518,1,0,1,0,1,100.0,0,0,35.0,35.0,1,1,0,2.0,HIGH
1440236993,1,0,0,1,1,100.0,0,0,35.0,35.0,1,1,0,2.0,HIGH
1440502123,1,0,1,0,1,100.0,0,0,35.0,35.0,1,1,0,2.0,HIGH
1441081873,1,0,1,0,1,100.0,0,0,35.0,35.0,1,1,0,2.0,HIGH
1441925155,1,0,1,0,1,100.0,0,0,35.0,35.0,1,1,0,2.0,HIGH
1442087937,1,0,1,0,1,100.0,0,0,35.0,35.0,1,1,0,2.0,HIGH
1442508603,1,0,1,0,1,100.0,0,0,35.0,35.0,1,1,0,2.0,HIGH
1444174541,1,0,0,1,1,100.0,0,0,35.0,35.0,1,1,0,2.0,HIGH
1445045647,1,0,1,0,1,100.0,0,0,35.0,35.0,1,1,0,2.0,HIGH
1445204519,1,0,1,0,1,100.0,0,0,35.0,35.0,1,1,0,2.0,HIGH
1446002947,1,0,1,0,1,100.0,0,0,35.0,35.0,1,1,0,2.0,HIGH
1447018123,1,0,0,1,1,100.0,0,0,35.0,35.0,1,1,0,2.0,HIGH
1447221247,2,2,0,0,2,100.0,0,0,35.0,35.0,2,0,0,1.0,HIGH
1448578823,1,0,1,0,1,100.0,0,0,35.0,35.0,1,1,0,2.0,HIGH
1449158966,1,0,1,0,1,100.0,0,0,35.0,35.0,1,1,0,2.0,HIGH
1449532037,1,0,1,0,1,100.0,0,0,35.0,35.0,1,1,0,2.0,HIGH
1451472383,1,0,1,0,1,100.0,0,0,35.0,35.0,1,1,0,2.0,HIGH
1454226693,1,0,1,0,1,100.0,0,0,35.0,35.0,1,1,0,2.0,HIGH
1456668576,1,0,1,0,1,100.0,0,0,35.0,35.0,1,1,0,2.0,HIGH
1456715295,1,0,0,1,1,100.0,0,0,35.0,35.0,1,1,0,2.0,HIGH
1457403503,1,1,0,0,1,100.0,0,0,35.0,35.0,1,0,0,1.0,HIGH
1457410164,1,0,0,1,1,100.0,0,0,35.0,35.0,1,1,0,2.0,HIGH
1457586620,1,1,0,0,1,100.0,0,0,35.0,35.0,1,0,0,1.0,HIGH
1457619299,1,0,1,0,1,100.0,0,0,35.0,35.0,1,1,0,2.0,HIGH
1458138585,1,0,1,0,1,100.0,0,0,35.0,35.0,1,1,0,2.0,HIGH
1458565608,1,0,0,1,1,100.0,0,0,35.0,35.0,1,1,0,2.0,HIGH
1459057694,1,0,1,0,1,100.0,0,0,35.0,35.0,1,1,0,2.0,HIGH
1460529400,1,0,1,0,1,100.0,0,0,35.0,35.0,1,1,0,2.0,HIGH
1461396856,1,0,1,0,1,100.0,0,0,35.0,35.0,1,1,0,2.0,HIGH
1461450687,1,0,1,0,1,100.0,0,0,35.0,35.0,1,1,0,2.0,HIGH
1461644137,1,0,1,0,1,100.0,0,0,35.0,35.0,1,1,0,2.0,HIGH
1463792265,1,0,1,0,1,100.0,0,0,35.0,35.0,1,1,0,2.0,HIGH
1464128298,1,0,1,0,1,100.0,0,0,35.0,35.0,1,1,0,2.0,HIGH
1467482539,1,1,0,0,1,100.0,0,0,35.0,35.0,1,0,0,1.0,HIGH
1467901049,1,0,0,1,1,100.0,0,0,35.0,35.0,1,1,0,2.0,HIGH
1470186290,1,0,1,0,1,100.0,0,0,35.0,35.0,1,1,0,2.0,HIGH
1472054762,1,0,1,0,1,100.0,0,0,35.0,35.0,1,1,0,2.0,HIGH
1474022947,1,0,1,0,1,100.0,0,0,35.0,35.0,1,1,0,2.0,HIGH
1474479679,1,0,0,1,1,100.0,0,0,35.0,35.0,1,1,0,2.0,HIGH
1474764803,1,0,1,0,1,100.0,0,0,35.0,35.0,1,1,0,2.0,HIGH
1475014988,1,0,0,1,1,100.0,0,0,35.0,35.0,1,1,0,2.0,HIGH
1475384943,1,0,1,0,1,100.0,0,0,35.0,35.0,1,1,0,2.0,HIGH
1476790226,1,0,1,0,1,100.0,0,0,35.0,35.0,1,1,0,2.0,HIGH
1477131878,1,1,0,0,1,100.0,0,0,35.0,35.0,1,0,0,1.0,HIGH
1477188217,2,2,0,0,2,100.0,0,0,35.0,35.0,2,0,0,1.0,HIGH
1477336336,1,0,1,0,1,100.0,0,0,35.0,35.0,1,1,0,2.0,HIGH
1477859254,1,1,0,0,1,100.0,0,0,35.0,35.0,1,0,0,1.0,HIGH
1478001919,1,0,1,0,1,100.0,0,0,35.0,35.0,1,1,0,2.0,HIGH
1478452724,1,0,1,0,1,100.0,0,0,35.0,35.0,1,1,0,2.0,HIGH
1480974939,1,0,0,1,1,100.0,0,0,35.0,35.0,1,1,0,2.0,HIGH
1485117496,1,0,1,0,1,100.0,0,0,35.0,35.0,1,1,0,2.0,HIGH
1487844860,1,0,1,0,1,100.0,0,0,35.0,35.0,1,1,0,2.0,HIGH
1488449599,1,0,1,0,1,100.0,0,0,35.0,35.0,1,1,0,2.0,HIGH
1489379345,1,0,1,0,1,100.0,0,0,35.0,35.0,1,1,0,2.0,HIGH
1493886188,1,0,1,0,1,100.0,0,0,35.0,35.0,1,1,0,2.0,HIGH
1497743226,1,0,1,0,1,100.0,0,0,35.0,35.0,1,1,0,2.0,HIGH
1497842777,2,2,0,0,2,100.0,0,0,35.0,35.0,2,0,0,1.0,HIGH
1498168378,1,0,0,1,1,100.0,0,0,35.0,35.0,1,1,0,2.0,HIGH
1498679738,1,0,0,1,1,100.0,0,0,35.0,35.0,1,1,0,2.0,HIGH
1499855450,1,0,0,1,1,100.0,0,0,35.0,35.0,1,1,0,2.0,HIGH
1500415814,1,0,1,0,1,100.0,0,0,35.0,35.0,1,1,0,2.0,HIGH
1502001873,1,0,1,0,1,100.0,0,0,35.0,35.0,1,1,0,2.0,HIGH
1502299589,1,0,1,0,1,100.0,0,0,35.0,35.0,1,1,0,2.0,HIGH
1503277988,1,0,1,0,1,100.0,0,0,35.0,35.0,1,1,0,2.0,HIGH
1503326257,1,0,1,0,1,100.0,0,0,35.0,35.0,1,1,0,2.0,HIGH
1504318338,1,0,1,0,1,100.0,0,0,35.0,35.0,1,1,0,2.0,HIGH
1504627559,1,0,1,0,1,100.0,0,0,35.0,35.0,1,1,0,2.0,HIGH
1507705735,1,0,0,1,1,100.0,0,0,35.0,35.0,1,1,0,2.0,HIGH
1508360413,1,1,0,0,1,100.0,0,0,35.0,35.0,1,0,0,1.0,HIGH
1508364241,1,1,0,0,1,100.0,0,0,35.0,35.0,1,0,0,1.0,HIGH
1509156548,1,0,1,0,1,100.0,0,0,35.0,35.0,1,1,0,2.0,HIGH
1509309356,1,0,1,0,1,100.0,0,0,35.0,35.0,1,1,0,2.0,HIGH
1510711492,1,0,0,1,1,100.0,0,0,35.0,35.0,1,1,0,2.0,HIGH
1512566821,1,0,1,0,1,100.0,0,0,35.0,35.0,1,1,0,2.0,HIGH
1513707607,1,0,1,0,1,100.0,0,0,35.0,35.0,1,1,0,2.0,HIGH
1514530964,1,0,1,0,1,100.0,0,0,35.0,35.0,1,1,0,2.0,HIGH
1514707198,1,0,1,0,1,100.0,0,0,35.0,35.0,1,1,0,2.0,HIGH
1517184717,1,0,1,0,1,100.0,0,0,35.0,35.0,1,1,0,2.0,HIGH
1517556334,1,0,1,0,1,100.0,0,0,35.0,35.0,1,1,0,2.0,HIGH
1518337281,1,0,1,0,1,100.0,0,0,35.0,35.0,1,1,0,2.0,HIGH
1518398049,1,1,0,0,1,100.0,0,0,35.0,35.0,1,0,0,1.0,HIGH
1518441260,1,1,0,0,1,100.0,0,0,35.0,35.0,1,0,0,1.0,HIGH
1518528579,2,2,0,0,2,100.0,0,0,35.0,35.0,2,0,0,1.0,HIGH
1518591809,1,1,0,0,1,100.0,0,0,35.0,35.0,1,0,0,1.0,HIGH
1518930619,1,1,0,0,1,100.0,0,0,35.0,35.0,1,0,0,1.0,HIGH
1520389456,1,0,0,1,1,100.0,0,0,35.0,35.0,1,1,0,2.0,HIGH
1522010778,1,0,1,0,1,100.0,0,0,35.0,35.0,1,1,0,2.0,HIGH
1522252629,1,0,1,0,1,100.0,0,0,35.0,35.0,1,1,0,2.0,HIGH
1523511913,1,0,0,1,1,100.0,0,0,35.0,35.0,1,1,0,2.0,HIGH
1523631978,1,0,1,0,1,100.0,0,0,35.0,35.0,1,1,0,2.0,HIGH
1523666311,1,0,0,1,1,100.0,0,0,35.0,35.0,1,1,0,2.0,HIGH
1523712120,1,0,1,0,1,100.0,0,0,35.0,35.0,1,1,0,2.0,HIGH
1526289619,1,0,1,0,1,100.0,0,0,35.0,35.0,1,1,0,2.0,HIGH
1526855697,1,0,0,1,1,100.0,0,0,35.0,35.0,1,1,0,2.0,HIGH
1528115458,1,1,0,0,1,100.0,0,0,35.0,35.0,1,0,0,1.0,HIGH
1528164887,1,0,1,0,1,100.0,0,0,35.0,35.0,1,1,0,2.0,HIGH
1528377454,1,1,0,0,1,100.0,0,0,35.0,35.0,1,0,0,1.0,HIGH
1528538808,2,2,0,0,2,100.0,0,0,35.0,35.0,2,0,0,1.0,HIGH
1529589640,1,0,1,0,1,100.0,0,0,35.0,35.0,1,1,0,2.0,HIGH
1531056922,1,0,1,0,1,100.0,0,0,35.0,35.0,1,1,0,2.0,HIGH
1534104983,1,0,0,1,1,100.0,0,0,35.0,35.0,1,1,0,2.0,HIGH
1534163059,1,0,0,1,1,100.0,0,0,35.0,35.0,1,1,0,2.0,HIGH
1536242253,1,0,1,0,1,100.0,0,0,35.0,35.0,1,1,0,2.0,HIGH
1537265123,1,0,0,1,1,100.0,0,0,35.0,35.0,1,1,0,2.0,HIGH
1538110556,1,1,0,0,1,100.0,0,0,35.0,35.0,1,0,0,1.0,HIGH
1538247762,1,1,0,0,1,100.0,0,0,35.0,35.0,1,0,0,1.0,HIGH
1538313861,1,1,0,0,1,100.0,0,0,35.0,35.0,1,0,0,1.0,HIGH
1538526207,1,1,0,0,1,100.0,0,0,35.0,35.0,1,0,0,1.0,HIGH
1542360686,1,0,0,1,1,100.0,0,0,35.0,35.0,1,1,0,2.0,HIGH
1543982640,1,0,1,0,1,100.0,0,0,35.0,35.0,1,1,0,2.0,HIGH
1544083480,1,0,1,0,1,100.0,0,0,35.0,35.0,1,1,0,2.0,HIGH
1546040571,1,0,0,1,1,100.0,0,0,35.0,35.0,1,1,0,2.0,HIGH
1546500071,1,0,0,1,1,100.0,0,0,35.0,35.0,1,1,0,2.0,HIGH
1547469238,1,0,0,1,1,100.0,0,0,35.0,35.0,1,1,0,2.0,HIGH
1547876592,1,0,0,1,1,100.0,0,0,35.0,35.0,1,1,0,2.0,HIGH
1548359163,1,0,0,1,1,100.0,0,0,35.0,35.0,1,1,0,2.0,HIGH
1548745383,1,1,0,0,1,100.0,0,0,35.0,35.0,1,0,0,1.0,HIGH
1550193910,1,0,1,0,1,100.0,0,0,35.0,35.0,1,1,0,2.0,HIGH
1550618457,1,0,1,0,1,100.0,0,0,35.0,35.0,1,1,0,2.0,HIGH
1552171736,1,0,0,1,1,100.0,0,0,35.0,35.0,1,1,0,2.0,HIGH
1557123624,1,0,1,0,1,100.0,0,0,35.0,35.0,1,1,0,2.0,HIGH
1558525099,1,0,1,0,1,100.0,0,0,35.0,35.0,1,1,0,2.0,HIGH
1558669826,1,0,1,0,1,100.0,0,0,35.0,35.0,1,0,0,1.0,HIGH
1564552248,1,0,1,0,1,100.0,0,0,35.0,35.0,1,1,0,2.0,HIGH
1565222846,1,0,0,1,1,100.0,0,0,35.0,35.0,1,1,0,2.0,HIGH
1565234760,1,0,0,1,1,100.0,0,0,35.0,35.0,1,1,0,2.0,HIGH
1566738933,1,0,0,1,1,100.0,0,0,35.0,35.0,1,1,0,2.0,HIGH
1567945229,1,0,1,0,1,100.0,0,0,35.0,35.0,1,1,0,2.0,HIGH
1568367948,1,0,1,0,1,100.0,0,0,35.0,35.0,1,1,0,2.0,HIGH
1568440287,2,2,0,0,2,100.0,0,0,35.0,35.0,2,0,0,1.0,HIGH
1568555498,1,1,0,0,1,100.0,0,0,35.0,35.0,1,0,0,1.0,HIGH
1568602472,1,1,0,0,1,100.0,0,0,35.0,35.0,1,0,0,1.0,HIGH
1568748242,1,1,0,0,1,100.0,0,0,35.0,35.0,1,0,0,1.0,HIGH
1568818151,4,4,0,0,4,100.0,0,0,35.0,35.0,4,0,0,1.0,HIGH
1568977063,1,0,0,1,1,100.0,0,0,35.0,35.0,1,1,0,2.0,HIGH
1570833230,1,0,0,1,1,100.0,0,0,35.0,35.0,1,1,0,2.0,HIGH
1571759130,1,0,1,0,1,100.0,0,0,35.0,35.0,1,1,0,2.0,HIGH
1572233118,1,0,1,0,1,100.0,0,0,35.0,35.0,1,1,0,2.0,HIGH
1574095929,1,0,1,0,1,100.0,0,0,35.0,35.0,1,1,0,2.0,HIGH
1575305935,1,0,1,0,1,100.0,0,0,35.0,35.0,1,1,0,2.0,HIGH
1576496283,1,0,1,0,1,100.0,0,0,35.0,35.0,1,1,0,2.0,HIGH
1578235735,2,2,0,0,2,100.0,0,0,35.0,35.0,2,0,0,1.0,HIGH
1578574521,4,4,0,0,4,100.0,0,0,35.0,35.0,4,0,0,1.0,HIGH
1578599775,1,1,0,0,1,100.0,0,0,35.0,35.0,1,0,0,1.0,HIGH
1580985885,1,0,0,1,1,100.0,0,0,35.0,35.0,1,1,0,2.0,HIGH
1581858840,1,0,0,1,1,100.0,0,0,35.0,35.0,1,1,0,2.0,HIGH
1583680314,1,0,0,1,1,100.0,0,0,35.0,35.0,1,1,0,2.0,HIGH
1585244160,1,0,1,0,1,100.0,0,0,35.0,35.0,1,1,0,2.0,HIGH
1586808383,1,0,1,0,1,100.0,0,0,35.0,35.0,1,1,0,2.0,HIGH
1588080030,1,1,0,0,1,100.0,0,0,35.0,35.0,1,0,0,1.0,HIGH
1588636351,1,1,0,0,1,100.0,0,0,35.0,35.0,1,0,0,1.0,HIGH
1588952618,1,1,0,0,1,100.0,0,0,35.0,35.0,1,0,0,1.0,HIGH
1590409639,1,0,1,0,1,100.0,0,0,35.0,35.0,1,1,0,2.0,HIGH
1590574181,1,0,1,0,1,100.0,0,0,35.0,35.0,1,1,0,2.0,HIGH
1591688697,1,0,1,0,1,100.0,0,0,35.0,35.0,1,1,0,2.0,HIGH
1592073340,1,0,0,1,1,100.0,0,0,35.0,35.0,1,1,0,2.0,HIGH
1593298731,1,0,0,1,1,100.0,0,0,35.0,35.0,1,1,0,2.0,HIGH
1594867654,1,0,0,1,1,100.0,0,0,35.0,35.0,1,1,0,2.0,HIGH
1595797867,1,0,1,0,1,100.0,0,0,35.0,35.0,1,1,0,2.0,HIGH
1595900412,1,0,1,0,1,100.0,0,0,35.0,35.0,1,1,0,2.0,HIGH
1596535606,1,0,1,0,1,100.0,0,0,35.0,35.0,1,1,0,2.0,HIGH
1596742438,1,0,0,1,1,100.0,0,0,35.0,35.0,1,1,0,2.0,HIGH
1598429937,1,0,1,0,1,100.0,0,0,35.0,35.0,1,1,0,2.0,HIGH
1598756686,1,1,0,0,1,100.0,0,0,35.0,35.0,1,0,0,1.0,HIGH
1598776742,1,1,0,0,1,100.0,0,0,35.0,35.0,1,0,0,1.0,HIGH
1600595048,1,0,1,0,1,100.0,0,0,35.0,35.0,1,1,0,2.0,HIGH
1603715378,1,0,1,0,1,100.0,0,0,35.0,35.0,1,1,0,2.0,HIGH
1604239911,1,0,1,0,1,100.0,0,0,35.0,35.0,1,1,0,2.0,HIGH
1605756582,1,0,0,1,1,100.0,0,0,35.0,35.0,1,1,0,2.0,HIGH
1606246767,1,0,1,0,1,100.0,0,0,35.0,35.0,1,0,0,1.0,HIGH
1607027465,1,0,0,1,1,100.0,0,0,35.0,35.0,1,1,0,2.0,HIGH
1607571255,1,0,0,1,1,100.0,0,0,35.0,35.0,1,1,0,2.0,HIGH
1608756510,1,0,0,1,1,100.0,0,0,35.0,35.0,1,1,0,2.0,HIGH
1609057223,1,1,0,0,1,100.0,0,0,35.0,35.0,1,0,0,1.0,HIGH
1609120682,2,2,0,0,2,100.0,0,0,35.0,35.0,2,0,0,1.0,HIGH
1609231927,1,1,0,0,1,100.0,0,0,35.0,35.0,1,0,0,1.0,HIGH
1609298751,1,1,0,0,1,100.0,0,0,35.0,35.0,1,0,0,1.0,HIGH
1610552048,1,0,1,0,1,100.0,0,0,35.0,35.0,1,1,0,2.0,HIGH
1611470104,1,0,1,0,1,100.0,0,0,35.0,35.0,1,1,0,2.0,HIGH
1612328342,1,0,1,0,1,100.0,0,0,35.0,35.0,1,1,0,2.0,HIGH
1614689811,1,0,1,0,1,100.0,0,0,35.0,35.0,1,1,0,2.0,HIGH
1617260217,1,0,1,0,1,100.0,0,0,35.0,35.0,1,1,0,2.0,HIGH
1619274388,2,2,0,0,2,100.0,0,0,35.0,35.0,2,0,0,1.0,HIGH
1621410659,1,0,1,0,1,100.0,0,0,35.0,35.0,1,1,0,2.0,HIGH
1621419980,1,0,1,0,1,100.0,0,0,35.0,35.0,1,1,0,2.0,HIGH
1621615236,1,0,1,0,1,100.0,0,0,35.0,35.0,1,1,0,2.0,HIGH
1622957558,1,0,0,1,1,100.0,0,0,35.0,35.0,1,1,0,2.0,HIGH
1623957712,1,0,1,0,1,100.0,0,0,35.0,35.0,1,1,0,2.0,HIGH
1627153828,1,0,1,0,1,100.0,0,0,35.0,35.0,1,1,0,2.0,HIGH
1629592008,1,0,0,1,1,100.0,0,0,35.0,35.0,1,1,0,2.0,HIGH
1629649751,1,1,0,0,1,100.0,0,0,35.0,35.0,1,0,0,1.0,HIGH
1630777189,1,0,1,0,1,100.0,0,0,35.0,35.0,1,1,0,2.0,HIGH
1630975771,1,0,0,1,1,100.0,0,0,35.0,35.0,1,1,0,2.0,HIGH
1632021257,1,0,0,1,1,100.0,0,0,35.0,35.0,1,1,0,2.0,HIGH
1634270950,1,0,1,0,1,100.0,0,0,35.0,35.0,1,1,0,2.0,HIGH
1636992530,1,0,0,1,1,100.0,0,0,35.0,35.0,1,1,0,2.0,HIGH
1637101744,1,0,0,1,1,100.0,0,0,35.0,35.0,1,1,0,2.0,HIGH
1637777704,1,0,1,0,1,100.0,0,0,35.0,35.0,1,1,0,2.0,HIGH
1638777914,1,0,1,0,1,100.0,0,0,35.0,35.0,1,1,0,2.0,HIGH
1639227428,1,0,1,0,1,100.0,0,0,35.0,35.0,1,1,0,2.0,HIGH
1639313302,1,0,0,1,1,100.0,0,0,35.0,35.0,1,1,0,2.0,HIGH
1639662385,1,0,0,1,1,100.0,0,0,35.0,35.0,1,1,0,2.0,HIGH
1642938040,1,0,0,1,1,100.0,0,0,35.0,35.0,1,1,0,2.0,HIGH
1643990819,1,0,1,0,1,100.0,0,0,35.0,35.0,1,1,0,2.0,HIGH
1644630702,1,0,0,1,1,100.0,0,0,35.0,35.0,1,1,0,2.0,HIGH
1644647977,1,0,1,0,1,100.0,0,0,35.0,35.0,1,1,0,2.0,HIGH
1645075010,1,0,0,1,1,100.0,0,0,35.0,35.0,1,1,0,2.0,HIGH
1645142962,1,0,0,1,1,100.0,0,0,35.0,35.0,1,1,0,2.0,HIGH
1646794742,1,0,0,1,1,100.0,0,0,35.0,35.0,1,1,0,2.0,HIGH
1647818299,1,0,1,0,1,100.0,0,0,35.0,35.0,1,1,0,2.0,HIGH
1648148297,1,0,0,1,1,100.0,0,0,35.0,35.0,1,1,0,2.0,HIGH
1649462031,1,0,1,0,1,100.0,0,0,35.0,35.0,1,1,0,2.0,HIGH
1650814205,1,0,1,0,1,100.0,0,0,35.0,35.0,1,0,0,1.0,HIGH
1651533384,1,0,1,0,1,100.0,0,0,35.0,35.0,1,1,0,2.0,HIGH
1652074488,1,0,1,0,1,100.0,0,0,35.0,35.0,1,1,0,2.0,HIGH
1653386146,1,0,1,0,1,100.0,0,0,35.0,35.0,1,1,0,2.0,HIGH
1654251984,1,0,0,1,1,100.0,0,0,35.0,35.0,1,1,0,2.0,HIGH
1655013580,1,0,1,0,1,100.0,0,0,35.0,35.0,1,1,0,2.0,HIGH
1655386700,1,0,0,1,1,100.0,0,0,35.0,35.0,1,1,0,2.0,HIGH
1656875334,1,0,1,0,1,100.0,0,0,35.0,35.0,1,1,0,2.0,HIGH
1658783128,1,0,0,1,1,100.0,0,0,35.0,35.0,1,1,0,2.0,HIGH
1659392819,1,1,0,0,1,100.0,0,0,35.0,35.0,1,0,0,1.0,HIGH
1659694145,1,0,0,1,1,100.0,0,0,35.0,35.0,1,1,0,2.0,HIGH
1660009345,1,0,1,0,1,100.0,0,0,35.0,35.0,1,1,0,2.0,HIGH
1662254429,1,0,1,0,1,100.0,0,0,35.0,35.0,1,1,0,2.0,HIGH
1662783537,1,0,1,0,1,100.0,0,0,35.0,35.0,1,1,0,2.0,HIGH
1664034856,1,0,1,0,1,100.0,0,0,35.0,35.0,1,1,0,2.0,HIGH
1664118640,1,0,1,0,1,100.0,0,0,35.0,35.0,1,1,0,2.0,HIGH
1664703147,1,0,0,1,1,100.0,0,0,35.0,35.0,1,1,0,2.0,HIGH
1664796302,1,0,1,0,1,100.0,0,0,35.0,35.0,1,1,0,2.0,HIGH
1666010476,1,0,1,0,1,100.0,0,0,35.0,35.0,1,1,0,2.0,HIGH
1666082686,1,0,1,0,1,100.0,0,0,35.0,35.0,1,0,0,1.0,HIGH
1667016829,1,0,0,1,1,100.0,0,0,35.0,35.0,1,1,0,2.0,HIGH
1667567554,1,0,0,1,1,100.0,0,0,35.0,35.0,1,1,0,2.0,HIGH
1669010369,1,1,0,0,1,100.0,0,0,35.0,35.0,1,0,0,1.0,HIGH
1669802419,3,3,0,0,3,100.0,0,0,35.0,35.0,3,0,0,1.0,HIGH
1669915864,1,1,0,0,1,100.0,0,0,35.0,35.0,1,0,0,1.0,HIGH
1670727739,1,0,0,1,1,100.0,0,0,35.0,35.0,1,1,0,2.0,HIGH
1671282364,1,0,1,0,1,100.0,0,0,35.0,35.0,1,1,0,2.0,HIGH
1671322114,1,0,0,1,1,100.0,0,0,35.0,35.0,1,1,0,2.0,HIGH
1671533297,1,0,0,1,1,100.0,0,0,35.0,35.0,1,1,0,2.0,HIGH
1672095978,1,0,1,0,1,100.0,0,0,35.0,35.0,1,1,0,2.0,HIGH
1673023640,1,0,1,0,1,100.0,0,0,35.0,35.0,1,1,0,2.0,HIGH
1673376711,1,0,0,1,1,100.0,0,0,35.0,35.0,1,1,0,2.0,HIGH
1674082157,1,0,1,0,1,100.0,0,0,35.0,35.0,1,1,0,2.0,HIGH
1674090091,1,0,1,0,1,100.0,0,0,35.0,35.0,1,1,0,2.0,HIGH
1674169948,1,0,1,0,1,100.0,0,0,35.0,35.0,1,1,0,2.0,HIGH
1675116879,1,0,0,1,1,100.0,0,0,35.0,35.0,1,1,0,2.0,HIGH
1675747300,1,0,1,0,1,100.0,0,0,35.0,35.0,1,1,0,2.0,HIGH
1676293489,1,0,0,1,1,100.0,0,0,35.0,35.0,1,1,0,2.0,HIGH
1678128832,1,0,0,1,1,100.0,0,0,35.0,35.0,1,1,0,2.0,HIGH
1679171810,1,0,0,1,1,100.0,0,0,35.0,35.0,1,1,0,2.0,HIGH
1679646509,3,3,0,0,3,100.0,0,0,35.0,35.0,3,0,0,1.0,HIGH
1679810469,1,1,0,0,1,100.0,0,0,35.0,35.0,1,0,0,1.0,HIGH
1679987033,1,0,1,0,1,100.0,0,0,35.0,35.0,1,1,0,2.0,HIGH
1680712482,1,0,0,1,1,100.0,0,0,35.0,35.0,1,1,0,2.0,HIGH
1681945237,1,0,1,0,1,100.0,0,0,35.0,35.0,1,1,0,2.0,HIGH
1684116540,1,0,0,1,1,100.0,0,0,35.0,35.0,1,1,0,2.0,HIGH
1684175280,1,0,1,0,1,100.0,0,0,35.0,35.0,1,0,0,1.0,HIGH
1685756599,1,0,1,0,1,100.0,0,0,35.0,35.0,1,1,0,2.0,HIGH
1687200880,1,0,0,1,1,100.0,0,0,35.0,35.0,1,1,0,2.0,HIGH
1688689482,1,0,0,1,1,100.0,0,0,35.0,35.0,1,1,0,2.0,HIGH
1689141376,2,2,0,0,2,100.0,0,0,35.0,35.0,2,0,0,1.0,HIGH
1689692246,2,2,0,0,2,100.0,0,0,35.0,35.0,2,0,0,1.0,HIGH
1690748195,1,0,0,1,1,100.0,0,0,35.0,35.0,1,1,0,2.0,HIGH
1690867322,1,0,1,0,1,100.0,0,0,35.0,35.0,1,1,0,2.0,HIGH
1691385301,1,0,0,1,1,100.0,0,0,35.0,35.0,1,1,0,2.0,HIGH
1694911993,1,0,1,0,1,100.0,0,0,35.0,35.0,1,1,0,2.0,HIGH
1695678294,1,0,1,0,1,100.0,0,0,35.0,35.0,1,1,0,2.0,HIGH
1696750907,1,0,0,1,1,100.0,0,0,35.0,35.0,1,1,0,2.0,HIGH
1697489570,1,0,0,1,1,100.0,0,0,35.0,35.0,1,1,0,2.0,HIGH
1697897685,1,0,1,0,1,100.0,0,0,35.0,35.0,1,1,0,2.0,HIGH
1699288449,2,2,0,0,2,100.0,0,0,35.0,35.0,2,0,0,1.0,HIGH
1699739213,1,0,1,0,1,100.0,0,0,35.0,35.0,1,1,0,2.0,HIGH
1699778902,1,1,0,0,1,100.0,0,0,35.0,35.0,1,0,0,1.0,HIGH
1699796519,1,0,1,0,1,100.0,0,0,35.0,35.0,1,1,0,2.0,HIGH
1699849181,1,0,0,1,1,100.0,0,0,35.0,35.0,1,1,0,2.0,HIGH
1700231324,1,0,0,1,1,100.0,0,0,35.0,35.0,1,1,0,2.0,HIGH
1700838034,1,1,0,0,1,100.0,0,0,35.0,35.0,1,0,0,1.0,HIGH
1700900867,1,1,0,0,1,100.0,0,0,35.0,35.0,1,0,0,1.0,HIGH
1700936440,1,1,0,0,1,100.0,0,0,35.0,35.0,1,0,0,1.0,HIGH
1700952426,1,0,0,1,1,100.0,0,0,35.0,35.0,1,1,0,2.0,HIGH
1701566407,1,0,1,0,1,100.0,0,0,35.0,35.0,1,1,0,2.0,HIGH
1701649693,1,0,1,0,1,100.0,0,0,35.0,35.0,1,1,0,2.0,HIGH
1702699839,1,0,0,1,1,100.0,0,0,35.0,35.0,1,1,0,2.0,HIGH
1704577748,1,0,1,0,1,100.0,0,0,35.0,35.0,1,1,0,2.0,HIGH
1704727055,1,0,1,0,1,100.0,0,0,35.0,35.0,1,1,0,2.0,HIGH
1705191868,1,0,0,1,1,100.0,0,0,35.0,35.0,1,1,0,2.0,HIGH
1708026067,1,0,1,0,1,100.0,0,0,35.0,35.0,1,1,0,2.0,HIGH
1708313466,1,0,0,1,1,100.0,0,0,35.0,35.0,1,1,0,2.0,HIGH
1709867281,1,0,1,0,1,100.0,0,0,35.0,35.0,1,1,0,2.0,HIGH
1709929294,1,0,1,0,1,100.0,0,0,35.0,35.0,1,1,0,2.0,HIGH
1710443890,1,1,0,0,1,100.0,0,0,35.0,35.0,1,0,0,1.0,HIGH
1710504001,1,0,1,0,1,100.0,0,0,35.0,35.0,1,1,0,2.0,HIGH
1710590880,2,2,0,0,2,100.0,0,0,35.0,35.0,2,0,0,1.0,HIGH
1712727944,1,0,0,1,1,100.0,0,0,35.0,35.0,1,1,0,2.0,HIGH
1712851802,1,0,1,0,1,100.0,0,0,35.0,35.0,1,1,0,2.0,HIGH
1713649963,1,0,1,0,1,100.0,0,0,35.0,35.0,1,0,0,1.0,HIGH
1713842218,1,0,0,1,1,100.0,0,0,35.0,35.0,1,1,0,2.0,HIGH
1713961099,1,0,1,0,1,100.0,0,0,35.0,35.0,1,1,0,2.0,HIGH
1714655874,1,0,0,1,1,100.0,0,0,35.0,35.0,1,1,0,2.0,HIGH
1716774291,1,0,0,1,1,100.0,0,0,35.0,35.0,1,1,0,2.0,HIGH
1719644932,1,0,0,1,1,100.0,0,0,35.0,35.0,1,1,0,2.0,HIGH
1720059389,1,1,0,0,1,100.0,0,0,35.0,35.0,1,0,0,1.0,HIGH
1720093927,1,0,0,1,1,100.0,0,0,35.0,35.0,1,1,0,2.0,HIGH
1720454507,1,1,0,0,1,100.0,0,0,35.0,35.0,1,0,0,1.0,HIGH
1720734937,1,0,1,0,1,100.0,0,0,35.0,35.0,1,1,0,2.0,HIGH
1724344419,1,0,1,0,1,100.0,0,0,35.0,35.0,1,1,0,2.0,HIGH
1729053109,1,0,1,0,1,100.0,0,0,35.0,35.0,1,1,0,2.0,HIGH
1730293791,1,0,0,1,1,100.0,0,0,35.0,35.0,1,1,0,2.0,HIGH
1731718796,1,0,1,0,1,100.0,0,0,35.0,35.0,1,0,0,1.0,HIGH
1740271022,1,1,0,0,1,100.0,0,0,35.0,35.0,1,0,0,1.0,HIGH
1740275471,1,0,1,0,1,100.0,0,0,35.0,35.0,1,1,0,2.0,HIGH
1740536036,1,1,0,0,1,100.0,0,0,35.0,35.0,1,0,0,1.0,HIGH
1740641591,1,0,1,0,1,100.0,0,0,35.0,35.0,1,1,0,2.0,HIGH
1740708858,2,2,0,0,2,100.0,0,0,35.0,35.0,2,0,0,1.0,HIGH
1740763924,1,0,0,1,1,100.0,0,0,35.0,35.0,1,1,0,2.0,HIGH
1742438193,1,0,1,0,1,100.0,0,0,35.0,35.0,1,1,0,2.0,HIGH
1742728438,1,0,1,0,1,100.0,0,0,35.0,35.0,1,1,0,2.0,HIGH
1744111768,1,0,1,0,1,100.0,0,0,35.0,35.0,1,1,0,2.0,HIGH
1745659061,1,0,1,0,1,100.0,0,0,35.0,35.0,1,1,0,2.0,HIGH
1746373427,1,0,0,1,1,100.0,0,0,35.0,35.0,1,1,0,2.0,HIGH
1747934834,1,0,0,1,1,100.0,0,0,35.0,35.0,1,1,0,2.0,HIGH
1748743366,1,0,1,0,1,100.0,0,0,35.0,35.0,1,1,0,2.0,HIGH
1748821785,1,0,1,0,1,100.0,0,0,35.0,35.0,1,1,0,2.0,HIGH
1750054655,1,0,0,1,1,100.0,0,0,35.0,35.0,1,1,0,2.0,HIGH
1750393682,1,1,0,0,1,100.0,0,0,35.0,35.0,1,0,0,1.0,HIGH
1750992459,1,1,0,0,1,100.0,0,0,35.0,35.0,1,0,0,1.0,HIGH
1751589011,1,0,1,0,1,100.0,0,0,35.0,35.0,1,0,0,1.0,HIGH
1753085273,1,0,1,0,1,100.0,0,0,35.0,35.0,1,1,0,2.0,HIGH
1754058577,1,0,1,0,1,100.0,0,0,35.0,35.0,1,1,0,2.0,HIGH
1758116259,1,0,0,1,1,100.0,0,0,35.0,35.0,1,1,0,2.0,HIGH
1759465872,1,0,0,1,1,100.0,0,0,35.0,35.0,1,1,0,2.0,HIGH
1760499545,1,1,0,0,1,100.0,0,0,35.0,35.0,1,0,0,1.0,HIGH
1760695878,1,1,0,0,1,100.0,0,0,35.0,35.0,1,0,0,1.0,HIGH
1760823397,1,1,0,0,1,100.0,0,0,35.0,35.0,1,0,0,1.0,HIGH
1760836977,1,1,0,0,1,100.0,0,0,35.0,35.0,1,0,0,1.0,HIGH
1762149484,1,0,0,1,1,100.0,0,0,35.0,35.0,1,1,0,2.0,HIGH
1762962807,1,0,1,0,1,100.0,0,0,35.0,35.0,1,1,0,2.0,HIGH
1763562462,1,0,1,0,1,100.0,0,0,35.0,35.0,1,1,0,2.0,HIGH
1765029199,1,0,0,1,1,100.0,0,0,35.0,35.0,1,1,0,2.0,HIGH
1766899540,1,0,1,0,1,100.0,0,0,35.0,35.0,1,1,0,2.0,HIGH
1768301479,1,0,0,1,1,100.0,0,0,35.0,35.0,1,1,0,2.0,HIGH
1770167389,1,1,0,0,1,100.0,0,0,35.0,35.0,1,0,0,1.0,HIGH
1770531600,1,1,0,0,1,100.0,0,0,35.0,35.0,1,0,0,1.0,HIGH
1770535432,1,0,0,1,1,100.0,0,0,35.0,35.0,1,1,0,2.0,HIGH
1770696643,1,1,0,0,1,100.0,0,0,35.0,35.0,1,0,0,1.0,HIGH
1770699621,1,1,0,0,1,100.0,0,0,35.0,35.0,1,0,0,1.0,HIGH
1770721508,1,1,0,0,1,100.0,0,0,35.0,35.0,1,0,0,1.0,HIGH
1777035662,1,0,0,1,1,100.0,0,0,35.0,35.0,1,1,0,2.0,HIGH
1779049364,1,0,1,0,1,100.0,0,0,35.0,35.0,1,0,0,1.0,HIGH
1780635078,2,2,0,0,2,100.0,0,0,35.0,35.0,2,0,0,1.0,HIGH
1781639539,1,0,1,0,1,100.0,0,0,35.0,35.0,1,1,0,2.0,HIGH
1781970684,1,0,0,1,1,100.0,0,0,35.0,35.0,1,1,0,2.0,HIGH
1784389917,1,0,1,0,1,100.0,0,0,35.0,35.0,1,1,0,2.0,HIGH
1784964964,1,0,0,1,1,100.0,0,0,35.0,35.0,1,1,0,2.0,HIGH
1785800583,1,0,1,0,1,100.0,0,0,35.0,35.0,1,1,0,2.0,HIGH
1786058104,1,0,1,0,1,100.0,0,0,35.0,35.0,1,1,0,2.0,HIGH
1786060367,1,0,1,0,1,100.0,0,0,35.0,35.0,1,1,0,2.0,HIGH
1788833886,1,0,0,1,1,100.0,0,0,35.0,35.0,1,1,0,2.0,HIGH
1790236010,1,0,0,1,1,100.0,0,0,35.0,35.0,1,1,0,2.0,HIGH
1790821023,2,2,0,0,2,100.0,0,0,35.0,35.0,2,0,0,1.0,HIGH
1790851675,1,0,1,0,1,100.0,0,0,35.0,35.0,1,1,0,2.0,HIGH
1790896611,1,1,0,0,1,100.0,0,0,35.0,35.0,1,0,0,1.0,HIGH
1793710276,1,0,1,0,1,100.0,0,0,35.0,35.0,1,1,0,2.0,HIGH
1793894873,1,0,1,0,1,100.0,0,0,35.0,35.0,1,1,0,2.0,HIGH
1794914666,1,0,0,1,1,100.0,0,0,35.0,35.0,1,1,0,2.0,HIGH
1797016944,1,0,1,0,1,100.0,0,0,35.0,35.0,1,1,0,2.0,HIGH
1799426313,1,0,1,0,1,100.0,0,0,35.0,35.0,1,1,0,2.0,HIGH
1800157876,1,0,1,0,1,100.0,0,0,35.0,35.0,1,1,0,2.0,HIGH
1800865627,1,0,1,0,1,100.0,0,0,35.0,35.0,1,1,0,2.0,HIGH
1801063268,1,1,0,0,1,100.0,0,0,35.0,35.0,1,0,0,1.0,HIGH
1801652647,1,0,0,1,1,100.0,0,0,35.0,35.0,1,1,0,2.0,HIGH
1801837810,2,2,0,0,2,100.0,0,0,35.0,35.0,2,0,0,1.0,HIGH
1802185507,1,0,1,0,1,100.0,0,0,35.0,35.0,1,1,0,2.0,HIGH
1804831922,1,0,1,0,1,100.0,0,0,35.0,35.0,1,1,0,2.0,HIGH
1804897040,1,0,1,0,1,100.0,0,0,35.0,35.0,1,1,0,2.0,HIGH
1804927930,1,0,0,1,1,100.0,0,0,35.0,35.0,1,1,0,2.0,HIGH
1806449792,1,0,1,0,1,100.0,0,0,35.0,35.0,1,1,0,2.0,HIGH
1807444345,1,0,1,0,1,100.0,0,0,35.0,35.0,1,1,0,2.0,HIGH
1808572086,1,0,0,1,1,100.0,0,0,35.0,35.0,1,1,0,2.0,HIGH
1809917537,1,0,1,0,1,100.0,0,0,35.0,35.0,1,1,0,2.0,HIGH
1810717981,1,0,1,0,1,100.0,0,0,35.0,35.0,1,1,0,2.0,HIGH
1811355489,1,0,0,1,1,100.0,0,0,35.0,35.0,1,1,0,2.0,HIGH
1811938636,1,0,1,0,1,100.0,0,0,35.0,35.0,1,1,0,2.0,HIGH
1812184037,1,0,1,0,1,100.0,0,0,35.0,35.0,1,1,0,2.0,HIGH
1814991069,1,0,1,0,1,100.0,0,0,35.0,35.0,1,1,0,2.0,HIGH
1815225976,1,0,0,1,1,100.0,0,0,35.0,35.0,1,1,0,2.0,HIGH
1815808566,1,0,0,1,1,100.0,0,0,35.0,35.0,1,1,0,2.0,HIGH
1818612781,1,0,0,1,1,100.0,0,0,35.0,35.0,1,1,0,2.0,HIGH
1819073672,1,0,0,1,1,100.0,0,0,35.0,35.0,1,1,0,2.0,HIGH
1820115476,1,0,1,0,1,100.0,0,0,35.0,35.0,1,0,0,1.0,HIGH
1820972459,1,0,1,0,1,100.0,0,0,35.0,35.0,1,1,0,2.0,HIGH
1821091083,1,1,0,0,1,100.0,0,0,35.0,35.0,1,0,0,1.0,HIGH
1821309089,1,1,0,0,1,100.0,0,0,35.0,35.0,1,0,0,1.0,HIGH
1821324948,1,1,0,0,1,100.0,0,0,35.0,35.0,1,0,0,1.0,HIGH
1821341249,5,5,0,0,5,100.0,0,0,35.0,35.0,5,0,0,1.0,HIGH
1821364167,1,0,0,1,1,100.0,0,0,35.0,35.0,1,1,0,2.0,HIGH
1821652793,1,1,0,0,1,100.0,0,0,35.0,35.0,1,0,0,1.0,HIGH
1823311153,1,0,1,0,1,100.0,0,0,35.0,35.0,1,1,0,2.0,HIGH
1823908290,1,0,1,0,1,100.0,0,0,35.0,35.0,1,1,0,2.0,HIGH
1825268748,1,0,0,1,1,100.0,0,0,35.0,35.0,1,1,0,2.0,HIGH
1827173843,1,0,1,0,1,100.0,0,0,35.0,35.0,1,1,0,2.0,HIGH
1827320632,1,0,0,1,1,100.0,0,0,35.0,35.0,1,1,0,2.0,HIGH
1830267095,1,0,0,1,1,100.0,0,0,35.0,35.0,1,1,0,2.0,HIGH
1830730041,1,0,1,0,1,100.0,0,0,35.0,35.0,1,1,0,2.0,HIGH
1830778990,1,0,1,0,1,100.0,0,0,35.0,35.0,1,1,0,2.0,HIGH
1830866897,1,0,1,0,1,100.0,0,0,35.0,35.0,1,0,0,1.0,HIGH
1833975282,1,0,1,0,1,100.0,0,0,35.0,35.0,1,1,0,2.0,HIGH
1835776475,1,0,0,1,1,100.0,0,0,35.0,35.0,1,1,0,2.0,HIGH
1836622500,1,0,0,1,1,100.0,0,0,35.0,35.0,1,1,0,2.0,HIGH
1837853160,1,0,1,0,1,100.0,0,0,35.0,35.0,1,0,0,1.0,HIGH
1838361406,1,0,0,1,1,100.0,0,0,35.0,35.0,1,1,0,2.0,HIGH
1839082091,1,0,0,1,1,100.0,0,0,35.0,35.0,1,1,0,2.0,HIGH
1840692619,1,0,0,1,1,100.0,0,0,35.0,35.0,1,1,0,2.0,HIGH
1841298999,1,1,0,0,1,100.0,0,0,35.0,35.0,1,0,0,1.0,HIGH
1841785968,1,0,1,0,1,100.0,0,0,35.0,35.0,1,0,0,1.0,HIGH
1843911066,1,0,1,0,1,100.0,0,0,35.0,35.0,1,0,0,1.0,HIGH
1845693945,1,0,1,0,1,100.0,0,0,35.0,35.0,1,1,0,2.0,HIGH
1847313251,1,0,1,0,1,100.0,0,0,35.0,35.0,1,1,0,2.0,HIGH
1851389605,1,1,0,0,1,100.0,0,0,35.0,35.0,1,0,0,1.0,HIGH
1851704461,1,0,1,0,1,100.0,0,0,35.0,35.0,1,1,0,2.0,HIGH
1851712053,2,2,0,0,2,100.0,0,0,35.0,35.0,2,0,0,1.0,HIGH
1854797368,1,0,1,0,1,100.0,0,0,35.0,35.0,1,1,0,2.0,HIGH
1855766080,1,0,0,1,1,100.0,0,0,35.0,35.0,1,1,0,2.0,HIGH
1856061915,1,0,1,0,1,100.0,0,0,35.0,35.0,1,1,0,2.0,HIGH
1856203176,1,0,1,0,1,100.0,0,0,35.0,35.0,1,1,0,2.0,HIGH
1856583163,1,0,0,1,1,100.0,0,0,35.0,35.0,1,1,0,2.0,HIGH
1857306791,1,0,1,0,1,100.0,0,0,35.0,35.0,1,1,0,2.0,HIGH
1858766883,1,0,1,0,1,100.0,0,0,35.0,35.0,1,1,0,2.0,HIGH
1861402869,2,2,0,0,2,100.0,0,0,35.0,35.0,2,0,0,1.0,HIGH
1861455057,4,4,0,0,4,100.0,0,0,35.0,35.0,4,0,0,1.0,HIGH
1861480709,1,1,0,0,1,100.0,0,0,35.0,35.0,1,0,0,1.0,HIGH
1861711301,1,1,0,0,1,100.0,0,0,35.0,35.0,1,0,0,1.0,HIGH
1861840795,1,1,0,0,1,100.0,0,0,35.0,35.0,1,0,0,1.0,HIGH
1862347988,1,0,1,0,1,100.0,0,0,35.0,35.0,1,0,0,1.0,HIGH
1864086755,1,0,1,0,1,100.0,0,0,35.0,35.0,1,1,0,2.0,HIGH
1865843901,1,0,0,1,1,100.0,0,0,35.0,35.0,1,1,0,2.0,HIGH
1866690194,1,0,1,0,1,100.0,0,0,35.0,35.0,1,1,0,2.0,HIGH
1867926315,1,0,0,1,1,100.0,0,0,35.0,35.0,1,1,0,2.0,HIGH
1869470144,1,0,0,1,1,100.0,0,0,35.0,35.0,1,1,0,2.0,HIGH
1870571749,1,0,1,0,1,100.0,0,0,35.0,35.0,1,1,0,2.0,HIGH
1870871353,1,0,1,0,1,100.0,0,0,35.0,35.0,1,1,0,2.0,HIGH
1871713495,1,1,0,0,1,100.0,0,0,35.0,35.0,1,0,0,1.0,HIGH
1874004377,1,0,1,0,1,100.0,0,0,35.0,35.0,1,1,0,2.0,HIGH
1876125245,1,0,1,0,1,100.0,0,0,35.0,35.0,1,1,0,2.0,HIGH
1879522173,1,0,0,1,1,100.0,0,0,35.0,35.0,1,1,0,2.0,HIGH
1881261832,1,1,0,0,1,100.0,0,0,35.0,35.0,1,0,0,1.0,HIGH
1881597335,1,0,1,0,1,100.0,0,0,35.0,35.0,1,1,0,2.0,HIGH
1881982510,1,1,0,0,1,100.0,0,0,35.0,35.0,1,0,0,1.0,HIGH
1886669884,1,0,1,0,1,100.0,0,0,35.0,35.0,1,1,0,2.0,HIGH
1887655335,1,0,1,0,1,100.0,0,0,35.0,35.0,1,0,0,1.0,HIGH
1890721128,1,0,1,0,1,100.0,0,0,35.0,35.0,1,1,0,2.0,HIGH
1891142238,1,1,0,0,1,100.0,0,0,35.0,35.0,1,0,0,1.0,HIGH
1891227179,3,3,0,0,3,100.0,0,0,35.0,35.0,3,0,0,1.0,HIGH
1891964789,3,3,0,0,3,100.0,0,0,35.0,35.0,3,0,0,1.0,HIGH
1894393263,1,0,0,1,1,100.0,0,0,35.0,35.0,1,1,0,2.0,HIGH
1895131053,1,0,1,0,1,100.0,0,0,35.0,35.0,1,1,0,2.0,HIGH
1897132707,1,0,0,1,1,100.0,0,0,35.0,35.0,1,1,0,2.0,HIGH
1897358325,1,0,0,1,1,100.0,0,0,35.0,35.0,1,1,0,2.0,HIGH
1897840817,1,0,1,0,1,100.0,0,0,35.0,35.0,1,1,0,2.0,HIGH
1898731447,1,0,1,0,1,100.0,0,0,35.0,35.0,1,1,0,2.0,HIGH
1901666950,1,0,1,0,1,100.0,0,0,35.0,35.0,1,1,0,2.0,HIGH
1902214133,1,1,0,0,1,100.0,0,0,35.0,35.0,1,0,0,1.0,HIGH
1903004042,1,0,1,0,1,100.0,0,0,35.0,35.0,1,1,0,2.0,HIGH
1903990979,1,0,1,0,1,100.0,0,0,35.0,35.0,1,1,0,2.0,HIGH
1904278539,1,0,1,0,1,100.0,0,0,35.0,35.0,1,1,0,2.0,HIGH
1904335327,1,0,0,1,1,100.0,0,0,35.0,35.0,1,1,0,2.0,HIGH
1908071383,1,0,1,0,1,100.0,0,0,35.0,35.0,1,1,0,2.0,HIGH
1909674346,1,0,0,1,1,100.0,0,0,35.0,35.0,1,1,0,2.0,HIGH
1909758504,1,0,0,1,1,100.0,0,0,35.0,35.0,1,1,0,2.0,HIGH
1911252332,1,0,1,0,1,100.0,0,0,35.0,35.0,1,1,0,2.0,HIGH
1912960758,2,2,0,0,2,100.0,0,0,35.0,35.0,2,0,0,1.0,HIGH
1913455177,1,0,0,1,1,100.0,0,0,35.0,35.0,1,1,0,2.0,HIGH
1916010071,1,0,0,1,1,100.0,0,0,35.0,35.0,1,1,0,2.0,HIGH
1919148731,1,0,1,0,1,100.0,0,0,35.0,35.0,1,1,0,2.0,HIGH
1920497872,1,0,0,1,1,100.0,0,0,35.0,35.0,1,1,0,2.0,HIGH
1922258367,1,1,0,0,1,100.0,0,0,35.0,35.0,1,0,0,1.0,HIGH
1922423359,2,2,0,0,2,100.0,0,0,35.0,35.0,2,0,0,1.0,HIGH
1922492471,1,0,1,0,1,100.0,0,0,35.0,35.0,1,0,0,1.0,HIGH
1922704563,1,0,1,0,1,100.0,0,0,35.0,35.0,1,1,0,2.0,HIGH
1924959347,1,0,1,0,1,100.0,0,0,35.0,35.0,1,1,0,2.0,HIGH
1925260903,1,0,1,0,1,100.0,0,0,35.0,35.0,1,1,0,2.0,HIGH
1926277033,1,0,0,1,1,100.0,0,0,35.0,35.0,1,1,0,2.0,HIGH
1927095224,1,0,0,1,1,100.0,0,0,35.0,35.0,1,1,0,2.0,HIGH
1927223474,1,0,0,1,1,100.0,0,0,35.0,35.0,1,1,0,2.0,HIGH
1928219486,1,0,0,1,1,100.0,0,0,35.0,35.0,1,1,0,2.0,HIGH
1931753919,1,0,1,0,1,100.0,0,0,35.0,35.0,1,1,0,2.0,HIGH
1932416195,2,2,0,0,2,100.0,0,0,35.0,35.0,2,0,0,1.0,HIGH
1932440146,1,1,0,0,1,100.0,0,0,35.0,35.0,1,0,0,1.0,HIGH
1932490109,2,2,0,0,2,100.0,0,0,35.0,35.0,2,0,0,1.0,HIGH
1932630282,5,5,0,0,5,100.0,0,0,35.0,35.0,5,0,0,1.0,HIGH
1933588753,1,0,1,0,1,100.0,0,0,35.0,35.0,1,0,0,1.0,HIGH
1933711543,1,0,1,0,1,100.0,0,0,35.0,35.0,1,0,0,1.0,HIGH
1933790350,1,0,0,1,1,100.0,0,0,35.0,35.0,1,1,0,2.0,HIGH
1934107775,1,0,0,1,1,100.0,0,0,35.0,35.0,1,1,0,2.0,HIGH
1934413353,1,0,1,0,1,100.0,0,0,35.0,35.0,1,1,0,2.0,HIGH
1935275461,1,0,0,1,1,100.0,0,0,35.0,35.0,1,1,0,2.0,HIGH
1935754678,1,0,1,0,1,100.0,0,0,35.0,35.0,1,1,0,2.0,HIGH
1936275531,1,0,0,1,1,100.0,0,0,35.0,35.0,1,1,0,2.0,HIGH
1936423634,1,0,1,0,1,100.0,0,0,35.0,35.0,1,1,0,2.0,HIGH
1937922475,1,0,1,0,1,100.0,0,0,35.0,35.0,1,0,0,1.0,HIGH
1943597159,1,0,0,1,1,100.0,0,0,35.0,35.0,1,1,0,2.0,HIGH
1948268663,1,0,1,0,1,100.0,0,0,35.0,35.0,1,1,0,2.0,HIGH
1948658412,1,0,1,0,1,100.0,0,0,35.0,35.0,1,1,0,2.0,HIGH
1949489132,1,0,1,0,1,100.0,0,0,35.0,35.0,1,1,0,2.0,HIGH
1950435233,1,0,1,0,1,100.0,0,0,35.0,35.0,1,1,0,2.0,HIGH
1950685586,1,0,0,1,1,100.0,0,0,35.0,35.0,1,1,0,2.0,HIGH
1952332298,1,1,0,0,1,100.0,0,0,35.0,35.0,1,0,0,1.0,HIGH
1952598468,2,2,0,0,2,100.0,0,0,35.0,35.0,2,0,0,1.0,HIGH
1953601635,1,0,1,0,1,100.0,0,0,35.0,35.0,1,1,0,2.0,HIGH
1954252601,1,0,0,1,1,100.0,0,0,35.0,35.0,1,1,0,2.0,HIGH
1954439890,1,0,0,1,1,100.0,0,0,35.0,35.0,1,1,0,2.0,HIGH
1958137846,1,0,1,0,1,100.0,0,0,35.0,35.0,1,1,0,2.0,HIGH
1958929286,1,0,1,0,1,100.0,0,0,35.0,35.0,1,1,0,2.0,HIGH
1959466149,1,0,1,0,1,100.0,0,0,35.0,35.0,1,1,0,2.0,HIGH
1960247261,1,0,1,0,1,100.0,0,0,35.0,35.0,1,1,0,2.0,HIGH
1962473306,2,2,0,0,2,100.0,0,0,35.0,35.0,2,0,0,1.0,HIGH
1962531004,1,1,0,0,1,100.0,0,0,35.0,35.0,1,0,0,1.0,HIGH
1962890723,1,1,0,0,1,100.0,0,0,35.0,35.0,1,0,0,1.0,HIGH
1962997569,1,1,0,0,1,100.0,0,0,35.0,35.0,1,0,0,1.0,HIGH
1963448858,1,0,1,0,1,100.0,0,0,35.0,35.0,1,1,0,2.0,HIGH
1963609306,1,0,0,1,1,100.0,0,0,35.0,35.0,1,1,0,2.0,HIGH
1964182724,1,0,1,0,1,100.0,0,0,35.0,35.0,1,1,0,2.0,HIGH
1964875845,1,0,1,0,1,100.0,0,0,35.0,35.0,1,1,0,2.0,HIGH
1965355888,1,0,1,0,1,100.0,0,0,35.0,35.0,1,1,0,2.0,HIGH
1967303842,1,0,0,1,1,100.0,0,0,35.0,35.0,1,1,0,2.0,HIGH
1972131999,1,0,1,0,1,100.0,0,0,35.0,35.0,1,1,0,2.0,HIGH
1972940425,1,0,1,0,1,100.0,0,0,35.0,35.0,1,1,0,2.0,HIGH
1973171599,1,0,1,0,1,100.0,0,0,35.0,35.0,1,1,0,2.0,HIGH
1974372377,1,0,0,1,1,100.0,0,0,35.0,35.0,1,1,0,2.0,HIGH
1977153018,1,0,0,1,1,100.0,0,0,35.0,35.0,1,1,0,2.0,HIGH
1978920572,1,0,1,0,1,100.0,0,0,35.0,35.0,1,1,0,2.0,HIGH
1980083999,1,0,0,1,1,100.0,0,0,35.0,35.0,1,1,0,2.0,HIGH
1980187163,1,0,1,0,1,100.0,0,0,35.0,35.0,1,0,0,1.0,HIGH
1980240956,1,0,0,1,1,100.0,0,0,35.0,35.0,1,1,0,2.0,HIGH
1982055409,1,0,0,1,1,100.0,0,0,35.0,35.0,1,1,0,2.0,HIGH
1982083564,1,1,0,0,1,100.0,0,0,35.0,35.0,1,0,0,1.0,HIGH
1982151635,3,3,0,0,3,100.0,0,0,35.0,35.0,3,0,0,1.0,HIGH
1982783338,2,2,0,0,2,100.0,0,0,35.0,35.0,2,0,0,1.0,HIGH
1982865796,1,1,0,0,1,100.0,0,0,35.0,35.0,1,0,0,1.0,HIGH
1982961439,2,2,0,0,2,100.0,0,0,35.0,35.0,2,0,0,1.0,HIGH
1984184124,1,0,1,0,1,100.0,0,0,35.0,35.0,1,1,0,2.0,HIGH
1984737558,1,0,0,1,1,100.0,0,0,35.0,35.0,1,1,0,2.0,HIGH
1985540083,1,0,0,1,1,100.0,0,0,35.0,35.0,1,1,0,2.0,HIGH
1985650051,1,0,1,0,1,100.0,0,0,35.0,35.0,1,1,0,2.0,HIGH
1987017109,1,0,0,1,1,100.0,0,0,35.0,35.0,1,1,0,2.0,HIGH
1988630667,1,0,0,1,1,100.0,0,0,35.0,35.0,1,1,0,2.0,HIGH
1988783281,1,0,0,1,1,100.0,0,0,35.0,35.0,1,1,0,2.0,HIGH
1989477385,1,0,0,1,1,100.0,0,0,35.0,35.0,1,1,0,2.0,HIGH
1989931488,1,0,0,1,1,100.0,0,0,35.0,35.0,1,1,0,2.0,HIGH
1992176283,1,1,0,0,1,100.0,0,0,35.0,35.0,1,0,0,1.0,HIGH
1992701825,1,1,0,0,1,100.0,0,0,35.0,35.0,1,0,0,1.0,HIGH
1992809305,1,1,0,0,1,100.0,0,0,35.0,35.0,1,0,0,1.0,HIGH
1992867006,1,1,0,0,1,100.0,0,0,35.0,35.0,1,0,0,1.0,HIGH
1255006862,5,5,0,0,4,80.0,0,0,34.0,50.0,4,2,0,1.2,HIGH
1538643036,5,5,0,0,4,80.0,0,0,34.0,50.0,4,2,0,1.2,HIGH
1023603024,4,4,0,0,4,100.0,0,0,33.75,50.0,3,2,0,1.25,HIGH
1154386431,4,4,0,0,3,75.0,0,0,33.75,50.0,3,2,0,1.25,HIGH
1194003657,4,4,0,0,4,100.0,0,0,33.75,50.0,3,2,0,1.25,HIGH
1225215452,4,4,0,0,4,100.0,0,0,33.75,50.0,3,2,0,1.25,HIGH
1336152347,4,4,0,0,3,75.0,0,0,33.75,50.0,3,2,0,1.25,HIGH
1407891336,4,4,0,0,4,100.0,0,0,33.75,50.0,3,2,0,1.25,HIGH
1548750573,4,4,0,0,3,75.0,0,0,33.75,50.0,3,2,0,1.25,HIGH
1821068818,4,4,0,0,3,75.0,0,0,33.75,50.0,3,2,0,1.25,HIGH
1841226347,4,4,0,0,4,100.0,0,0,33.75,50.0,3,2,0,1.25,HIGH
1154464097,7,7,0,0,6,85.71,0,0,33.57,50.0,5,4,0,1.29,HIGH
1679931646,7,7,0,0,7,100.0,0,0,33.57,50.0,5,4,0,1.29,HIGH
1063723617,3,3,0,0,3,100.0,0,0,33.33,50.0,2,2,0,1.33,HIGH
1235256637,3,3,0,0,3,100.0,0,0,33.33,50.0,2,2,0,1.33,HIGH
1295388239,6,6,0,0,5,83.33,0,0,33.33,50.0,4,4,0,1.33,HIGH
1326133216,3,3,0,0,2,66.67,0,0,33.33,50.0,2,2,0,1.33,HIGH
1376725952,3,3,0,0,2,66.67,0,0,33.33,50.0,2,2,0,1.33,HIGH
1437569837,3,3,0,0,2,66.67,0,0,33.33,50.0,2,2,0,1.33,HIGH
1669063277,3,3,0,0,3,100.0,0,0,33.33,50.0,2,2,0,1.33,HIGH
1669879664,3,3,0,0,3,100.0,0,0,33.33,50.0,2,2,0,1.33,HIGH
1770547804,3,3,0,0,3,100.0,0,0,33.33,50.0,2,2,0,1.33,HIGH
1033605613,2,2,0,0,2,100.0,0,0,32.5,50.0,1,2,0,1.5,HIGH
1316937691,6,6,0,0,6,100.0,0,0,32.5,50.0,3,6,0,1.5,HIGH
1346755154,2,2,0,0,2,100.0,0,0,32.5,50.0,1,2,0,1.5,HIGH
1396395075,2,2,0,0,2,100.0,0,0,32.5,50.0,1,2,0,1.5,HIGH
1417426701,2,2,0,0,2,100.0,0,0,32.5,50.0,1,2,0,1.5,HIGH
1467606681,2,2,0,0,2,100.0,0,0,32.5,50.0,1,2,0,1.5,HIGH
1578795894,2,2,0,0,2,100.0,0,0,32.5,50.0,1,2,0,1.5,HIGH
1659312072,2,2,0,0,2,100.0,0,0,32.5,50.0,1,2,0,1.5,HIGH
1699774646,2,2,0,0,2,100.0,0,0,32.5,50.0,1,2,0,1.5,HIGH
1760415939,2,2,0,0,2,100.0,0,0,32.5,50.0,1,2,0,1.5,HIGH
1801298070,2,2,0,0,2,100.0,0,0,32.5,50.0,1,2,0,1.5,HIGH
1871070417,2,2,0,0,2,100.0,0,0,32.5,50.0,1,2,0,1.5,HIGH
1518444009,7,7,0,0,6,85.71,0,0,32.14,50.0,6,1,0,1.0,HIGH
1528082336,5,5,0,0,4,80.0,0,0,32.0,50.0,3,3,0,1.2,HIGH
1447544010,9,9,0,0,6,66.67,0,0,31.67,50.0,6,5,0,1.22,HIGH
1508262916,7,7,0,0,5,71.43,0,0,31.43,50.0,5,3,0,1.14,HIGH
1730132515,7,7,0,0,7,100.0,0,0,31.43,50.0,5,3,0,1.14,HIGH
1669986998,11,11,0,0,9,81.82,0,0,31.36,50.0,9,2,0,1.0,HIGH
1215332762,27,27,0,0,26,96.3,0,0,31.3,50.0,13,26,0,1.44,HIGH
1831634989,14,14,0,0,12,85.71,0,0,31.07,50.0,12,1,0,0.93,HIGH
1104250786,5,5,0,0,4,80.0,0,0,31.0,50.0,4,1,0,1.0,HIGH
1356318091,5,5,0,0,4,80.0,0,0,31.0,50.0,4,1,0,1.0,HIGH
1548266547,5,5,0,0,4,80.0,0,0,31.0,50.0,4,1,0,1.0,HIGH
1679678197,5,5,0,0,4,80.0,0,0,31.0,50.0,4,1,0,1.0,HIGH
1710288766,5,5,0,0,4,80.0,0,0,31.0,50.0,4,1,0,1.0,HIGH
1770744013,5,5,0,0,5,100.0,0,0,31.0,35.0,4,1,0,1.0,HIGH
1821251612,5,5,0,0,4,80.0,0,0,31.0,50.0,4,1,0,1.0,HIGH
1649829532,9,9,0,0,8,88.89,0,0,30.56,50.0,7,2,0,1.0,HIGH
1619351160,23,23,0,0,23,100.0,0,0,30.22,50.0,10,23,0,1.43,HIGH
1114050903,5,5,0,0,5,100.0,0,0,30.0,50.0,3,3,0,1.2,HIGH
1174549786,6,6,0,0,6,100.0,0,0,30.0,50.0,3,5,0,1.33,HIGH
1194064543,4,4,0,0,4,100.0,0,0,30.0,35.0,3,1,0,1.0,HIGH
1356482970,9,9,0,0,7,77.78,0,0,30.0,50.0,6,4,0,1.11,HIGH
1396181590,4,4,0,0,3,75.0,0,0,30.0,50.0,3,1,0,1.0,HIGH
1407119431,4,4,0,0,3,75.0,0,0,30.0,50.0,3,1,0,1.0,HIGH
1437547783,4,4,0,0,3,75.0,0,0,30.0,50.0,3,1,0,1.0,HIGH
1548760119,4,4,0,0,3,75.0,0,0,30.0,50.0,3,1,0,1.0,HIGH
1740387018,5,5,0,0,3,60.0,0,0,30.0,50.0,3,3,0,1.2,HIGH
1760426969,4,4,0,0,3,75.0,0,0,30.0,50.0,3,1,0,1.0,HIGH
1881639714,3,3,0,0,3,100.0,0,0,30.0,50.0,1,3,0,1.33,HIGH
1891856134,2,2,0,0,2,100.0,0,0,30.0,35.0,1,1,0,1.0,HIGH
1952599623,4,4,0,0,3,75.0,0,0,30.0,50.0,3,1,0,1.0,HIGH
1992882245,5,5,0,0,3,60.0,0,0,30.0,50.0,3,3,0,1.2,HIGH
1972594877,22,22,0,0,20,90.91,0,0,29.55,50.0,10,20,0,1.36,MEDIUM
1528042561,9,9,0,0,8,88.89,0,0,29.44,50.0,5,6,0,1.22,MEDIUM
1962823211,8,8,0,0,7,87.5,0,0,29.38,50.0,5,4,0,1.12,MEDIUM
1023671740,7,7,0,0,5,71.43,0,0,29.29,50.0,5,2,0,1.0,MEDIUM
1396275459,7,7,0,0,5,71.43,0,0,29.29,50.0,5,2,0,1.0,MEDIUM
1942518550,7,7,0,0,6,85.71,0,0,29.29,50.0,5,2,0,1.0,MEDIUM
1942606454,6,6,0,0,5,83.33,0,0,29.17,35.0,5,0,0,0.83,MEDIUM
1912272899,4,4,0,0,4,100.0,0,0,28.75,50.0,2,3,0,1.25,MEDIUM
1245695774,7,7,0,0,7,100.0,0,0,28.57,50.0,4,4,0,1.14,MEDIUM
1104128487,3,3,0,0,2,66.67,0,0,28.33,50.0,2,1,0,1.0,MEDIUM
1114553948,3,3,0,0,2,66.67,0,0,28.33,50.0,2,1,0,1.0,MEDIUM
1164501896,3,3,0,0,2,66.67,0,0,28.33,50.0,2,1,0,1.0,MEDIUM
1174718050,3,3,0,0,2,66.67,0,0,28.33,50.0,2,1,0,1.0,MEDIUM
1184613234,3,3,0,0,3,100.0,0,0,28.33,35.0,2,1,0,1.0,MEDIUM
1255591780,3,3,0,0,2,66.67,0,0,28.33,50.0,2,1,0,1.0,MEDIUM
1275605792,3,3,0,0,3,100.0,0,0,28.33,35.0,2,1,0,1.0,MEDIUM
1285727396,3,3,0,0,2,66.67,0,0,28.33,50.0,2,1,0,1.0,MEDIUM
1336579572,3,3,0,0,2,66.67,0,0,28.33,50.0,2,1,0,1.0,MEDIUM
1356676514,3,3,0,0,2,66.67,0,0,28.33,50.0,2,1,0,1.0,MEDIUM
1427363597,3,3,0,0,3,100.0,0,0,28.33,35.0,2,1,0,1.0,MEDIUM
1427651041,3,3,0,0,3,100.0,0,0,28.33,35.0,2,1,0,1.0,MEDIUM
1447226584,3,3,0,0,3,100.0,0,0,28.33,35.0,2,1,0,1.0,MEDIUM
1518945278,3,3,0,0,2,66.67,0,0,28.33,50.0,2,1,0,1.0,MEDIUM
1538399118,6,6,0,0,5,83.33,0,0,28.33,50.0,4,2,0,1.0,MEDIUM
1639514094,3,3,0,0,3,100.0,0,0,28.33,35.0,2,1,0,1.0,MEDIUM
1639576812,3,3,0,0,2,66.67,0,0,28.33,50.0,2,1,0,1.0,MEDIUM
1649260845,3,3,0,0,2,66.67,0,0,28.33,50.0,2,1,0,1.0,MEDIUM
1649814138,3,3,0,0,2,66.67,0,0,28.33,50.0,2,1,0,1.0,MEDIUM
1689921306,3,3,0,0,2,66.67,0,0,28.33,50.0,2,1,0,1.0,MEDIUM
1700827896,3,3,0,0,3,100.0,0,0,28.33,35.0,2,1,0,1.0,MEDIUM
1750486106,6,6,0,0,5,83.33,0,0,28.33,50.0,4,2,0,1.0,MEDIUM
1750657722,3,3,0,0,3,100.0,0,0,28.33,35.0,2,1,0,1.0,MEDIUM
1801057690,3,3,0,0,2,66.67,0,0,28.33,50.0,2,1,0,1.0,MEDIUM
1851767461,3,3,0,0,3,100.0,0,0,28.33,35.0,2,1,0,1.0,MEDIUM
1891181848,3,3,0,0,2,66.67,0,0,28.33,50.0,2,1,0,1.0,MEDIUM
1932539608,3,3,0,0,2,66.67,0,0,28.33,50.0,2,1,0,1.0,MEDIUM
1215914791,8,8,0,0,8,100.0,0,0,28.12,50.0,3,8,0,1.38,MEDIUM
1013277060,5,5,0,0,4,80.0,0,0,28.0,35.0,4,0,0,0.8,MEDIUM
1144419284,5,5,0,0,4,80.0,0,0,28.0,35.0,4,0,0,0.8,MEDIUM
1699703686,17,17,0,0,13,76.47,0,0,27.65,50.0,13,1,0,0.82,MEDIUM
1306831490,7,7,0,0,5,71.43,0,0,27.14,50.0,5,1,0,0.86,MEDIUM
1801376306,7,7,0,0,5,71.43,0,0,27.14,50.0,5,1,0,0.86,MEDIUM
1396813861,5,5,0,0,4,80.0,0,0,27.0,50.0,3,2,0,1.0,MEDIUM
1497773055,5,5,0,0,3,60.0,0,0,27.0,50.0,3,2,0,1.0,MEDIUM
1558528356,5,5,0,0,4,80.0,0,0,27.0,50.0,3,2,0,1.0,MEDIUM
1851562367,5,5,0,0,4,80.0,0,0,27.0,50.0,3,2,0,1.0,MEDIUM
1073552022,18,18,0,0,18,100.0,0,0,26.67,50.0,6,18,0,1.33,MEDIUM
1992170112,3,3,0,0,3,100.0,0,0,26.67,50.0,1,3,0,1.33,MEDIUM
1679188437,7,7,0,0,5,71.43,0,0,26.43,50.0,4,3,0,1.0,MEDIUM
1679933055,7,7,0,0,6,85.71,0,0,26.43,50.0,4,3,0,1.0,MEDIUM
1740364009,7,7,0,0,5,71.43,0,0,26.43,50.0,4,3,0,1.0,MEDIUM
1164846283,11,11,0,0,9,81.82,0,0,26.36,50.0,7,3,0,0.91,MEDIUM
1184004590,11,11,0,0,8,72.73,0,0,26.36,50.0,7,3,0,0.91,MEDIUM
1447540315,11,11,0,0,9,81.82,0,0,26.36,50.0,7,3,0,0.91,MEDIUM
1124373113,4,4,0,0,3,75.0,0,0,26.25,35.0,3,0,0,0.75,MEDIUM
1174650824,4,4,0,0,3,75.0,0,0,26.25,35.0,3,0,0,0.75,MEDIUM
1205362837,4,4,0,0,3,75.0,0,0,26.25,35.0,3,0,0,0.75,MEDIUM
1366425266,4,4,0,0,3,75.0,0,0,26.25,35.0,3,0,0,0.75,MEDIUM
1417025917,4,4,0,0,3,75.0,0,0,26.25,35.0,3,0,0,0.75,MEDIUM
1457304966,4,4,0,0,3,75.0,0,0,26.25,35.0,3,0,0,0.75,MEDIUM
1497161483,4,4,0,0,3,75.0,0,0,26.25,35.0,3,0,0,0.75,MEDIUM
1528311958,4,4,0,0,3,75.0,0,0,26.25,35.0,3,0,0,0.75,MEDIUM
1073583472,17,17,0,0,13,76.47,0,0,25.88,50.0,10,6,0,0.94,MEDIUM
1144733031,6,6,0,0,4,66.67,0,0,25.83,50.0,4,1,0,0.83,MEDIUM
1265601488,6,6,0,0,4,66.67,0,0,25.83,50.0,4,1,0,0.83,MEDIUM
1396746988,6,6,0,0,4,66.67,0,0,25.83,50.0,4,1,0,0.83,MEDIUM
1770991291,14,14,0,0,9,64.29,0,0,25.71,50.0,9,3,0,0.86,MEDIUM
1891162962,9,9,0,0,7,77.78,0,0,25.56,50.0,4,6,0,1.11,MEDIUM
1174927669,22,22,0,0,14,63.64,0,0,25.45,50.0,13,7,0,0.91,MEDIUM
1003270430,6,6,0,0,5,83.33,0,0,25.0,50.0,3,3,0,1.0,MEDIUM
1003861311,1,0,0,1,1,100.0,0,0,25.0,25.0,0,1,0,1.0,MEDIUM
1004159542,1,0,1,0,1,100.0,0,0,25.0,25.0,0,1,0,1.0,MEDIUM
1020459715,2,0,2,0,2,100.0,0,0,25.0,25.0,0,2,0,1.0,MEDIUM
1023009339,2,2,0,0,1,50.0,0,0,25.0,50.0,1,1,0,1.0,MEDIUM
1023328002,2,2,0,0,1,50.0,0,0,25.0,50.0,1,1,0,1.0,MEDIUM
1032051449,1,0,1,0,1,100.0,0,0,25.0,25.0,0,1,0,1.0,MEDIUM
1033166095,2,2,0,0,1,50.0,0,0,25.0,50.0,1,1,0,1.0,MEDIUM
1033514302,2,2,0,0,1,50.0,0,0,25.0,50.0,1,1,0,1.0,MEDIUM
1048069975,2,0,2,0,2,100.0,0,0,25.0,25.0,0,2,0,1.0,MEDIUM
1053469190,1,0,0,1,1,100.0,0,0,25.0,25.0,0,1,0,1.0,MEDIUM
1074055412,1,0,1,0,1,100.0,0,0,25.0,25.0,0,1,0,1.0,MEDIUM
1091827532,2,0,2,0,2,100.0,0,0,25.0,25.0,0,2,0,1.0,MEDIUM
1092354812,2,0,0,2,2,100.0,0,0,25.0,25.0,0,2,0,1.0,MEDIUM
1114839622,1,0,0,1,1,100.0,0,0,25.0,25.0,0,1,0,1.0,MEDIUM
1115553398,1,0,1,0,1,100.0,0,0,25.0,25.0,0,1,0,1.0,MEDIUM
1116215940,1,0,1,0,1,100.0,0,0,25.0,25.0,0,1,0,1.0,MEDIUM
1117556642,2,0,2,0,2,100.0,0,0,25.0,25.0,0,2,0,1.0,MEDIUM
1120032353,1,0,0,1,1,100.0,0,0,25.0,25.0,0,1,0,1.0,MEDIUM
1124084488,2,2,0,0,1,50.0,0,0,25.0,50.0,1,1,0,1.0,MEDIUM
1136527549,2,0,2,0,2,100.0,0,0,25.0,25.0,0,2,0,1.0,MEDIUM
1138444431,2,0,0,2,2,100.0,0,0,25.0,25.0,0,2,0,1.0,MEDIUM
1141773820,1,0,1,0,1,100.0,0,0,25.0,25.0,0,1,0,1.0,MEDIUM
1154308518,2,2,0,0,1,50.0,0,0,25.0,50.0,1,1,0,1.0,MEDIUM
1154776532,2,2,0,0,2,100.0,0,0,25.0,35.0,1,1,0,1.0,MEDIUM
1160892587,1,0,1,0,1,100.0,0,0,25.0,25.0,0,1,0,1.0,MEDIUM
1165916769,1,0,1,0,1,100.0,0,0,25.0,25.0,0,1,0,1.0,MEDIUM
1167285725,1,0,1,0,1,100.0,0,0,25.0,25.0,0,1,0,1.0,MEDIUM
1170545426,1,0,1,0,1,100.0,0,0,25.0,25.0,0,1,0,1.0,MEDIUM
1172922417,1,0,1,0,1,100.0,0,0,25.0,25.0,0,1,0,1.0,MEDIUM
1174139158,2,2,0,0,2,100.0,0,0,25.0,35.0,1,1,0,1.0,MEDIUM
1174878813,4,4,0,0,2,50.0,0,0,25.0,50.0,2,2,0,1.0,MEDIUM
1177237015,2,0,2,0,2,100.0,0,0,25.0,25.0,0,2,0,1.0,MEDIUM
1180865389,1,0,1,0,1,100.0,0,0,25.0,25.0,0,1,0,1.0,MEDIUM
1188924235,2,0,0,2,2,100.0,0,0,25.0,25.0,0,2,0,1.0,MEDIUM
1194252700,7,7,0,0,5,71.43,0,0,25.0,50.0,3,4,0,1.0,MEDIUM
1194307654,1,0,0,1,1,100.0,0,0,25.0,25.0,0,1,0,1.0,MEDIUM
1196123918,2,0,2,0,2,100.0,0,0,25.0,25.0,0,2,0,1.0,MEDIUM
1197025987,1,0,1,0,1,100.0,0,0,25.0,25.0,0,1,0,1.0,MEDIUM
1205163540,1,1,0,0,1,100.0,0,0,25.0,25.0,0,1,0,1.0,MEDIUM
1205219003,2,2,0,0,2,100.0,0,0,25.0,35.0,1,1,0,1.0,MEDIUM
1211012174,2,0,0,2,2,100.0,0,0,25.0,25.0,0,2,0,1.0,MEDIUM
1213860050,2,0,0,2,2,100.0,0,0,25.0,25.0,0,2,0,1.0,MEDIUM
1222656478,1,0,1,0,1,100.0,0,0,25.0,25.0,0,1,0,1.0,MEDIUM
1224754028,1,0,1,0,1,100.0,0,0,25.0,25.0,0,1,0,1.0,MEDIUM
1227657587,1,0,0,1,1,100.0,0,0,25.0,25.0,0,1,0,1.0,MEDIUM
1232403673,2,0,2,0,2,100.0,0,0,25.0,25.0,0,2,0,1.0,MEDIUM
1240520080,2,0,0,2,2,100.0,0,0,25.0,25.0,0,2,0,1.0,MEDIUM
1244895286,1,0,1,0,1,100.0,0,0,25.0,25.0,0,1,0,1.0,MEDIUM
1245340264,2,2,0,0,2,100.0,0,0,25.0,35.0,1,1,0,1.0,MEDIUM
1255401519,4,4,0,0,3,75.0,0,0,25.0,50.0,2,2,0,1.0,MEDIUM
1262884572,1,0,1,0,1,100.0,0,0,25.0,25.0,0,1,0,1.0,MEDIUM
1264493053,1,0,1,0,1,100.0,0,0,25.0,25.0,0,1,0,1.0,MEDIUM
1275914521,1,0,0,1,1,100.0,0,0,25.0,25.0,0,1,0,1.0,MEDIUM
1277925817,1,0,1,0,1,100.0,0,0,25.0,25.0,0,1,0,1.0,MEDIUM
1278526293,2,0,0,2,2,100.0,0,0,25.0,25.0,0,2,0,1.0,MEDIUM
1280126764,2,0,2,0,2,100.0,0,0,25.0,25.0,0,2,0,1.0,MEDIUM
1282826724,1,0,1,0,1,100.0,0,0,25.0,25.0,0,1,0,1.0,MEDIUM
1285171934,2,2,0,0,2,100.0,0,0,25.0,35.0,1,1,0,1.0,MEDIUM
1285836080,2,2,0,0,1,50.0,0,0,25.0,50.0,1,1,0,1.0,MEDIUM
1295014116,6,6,0,0,5,83.33,0,0,25.0,50.0,2,4,0,1.0,MEDIUM
1310975650,2,0,0,2,2,100.0,0,0,25.0,25.0,0,2,0,1.0,MEDIUM
1314984009,2,0,0,2,2,100.0,0,0,25.0,25.0,0,2,0,1.0,MEDIUM
1318609838,1,0,1,0,1,100.0,0,0,25.0,25.0,0,1,0,1.0,MEDIUM
1323493972,2,0,2,0,2,100.0,0,0,25.0,25.0,0,2,0,1.0,MEDIUM
1328113563,1,0,0,1,1,100.0,0,0,25.0,25.0,0,1,0,1.0,MEDIUM
1332501228,2,0,0,2,2,100.0,0,0,25.0,25.0,0,2,0,1.0,MEDIUM
1336268234,1,1,0,0,1,100.0,0,0,25.0,25.0,0,1,0,1.0,MEDIUM
1346228061,2,2,0,0,2,100.0,0,0,25.0,35.0,1,1,0,1.0,MEDIUM
1346613370,1,0,1,0,1,100.0,0,0,25.0,25.0,0,1,0,1.0,MEDIUM
1365651101,1,0,1,0,1,100.0,0,0,25.0,25.0,0,1,0,1.0,MEDIUM
1369264524,1,0,0,1,1,100.0,0,0,25.0,25.0,0,1,0,1.0,MEDIUM
1385191122,1,0,1,0,1,100.0,0,0,25.0,25.0,0,1,0,1.0,MEDIUM
1386758043,2,2,0,0,1,50.0,0,0,25.0,50.0,1,1,0,1.0,MEDIUM
1394062251,1,0,0,1,1,100.0,0,0,25.0,25.0,0,1,0,1.0,MEDIUM
1396784880,2,2,0,0,2,100.0,0,0,25.0,35.0,1,1,0,1.0,MEDIUM
1396891016,2,2,0,0,2,100.0,0,0,25.0,25.0,0,2,0,1.0,MEDIUM
1405264320,1,0,1,0,1,100.0,0,0,25.0,25.0,0,1,0,1.0,MEDIUM
1406568303,2,0,2,0,2,100.0,0,0,25.0,25.0,0,2,0,1.0,MEDIUM
1409569063,1,0,1,0,1,100.0,0,0,25.0,25.0,0,1,0,1.0,MEDIUM
1411726312,1,0,0,1,1,100.0,0,0,25.0,25.0,0,1,0,1.0,MEDIUM
1414045231,2,0,0,2,2,100.0,0,0,25.0,25.0,0,2,0,1.0,MEDIUM
1417244989,2,2,0,0,1,50.0,0,0,25.0,50.0,1,1,0,1.0,MEDIUM
1417473851,3,3,0,0,3,100.0,0,0,25.0,35.0,1,2,0,1.0,MEDIUM
1427545375,2,2,0,0,2,100.0,0,0,25.0,25.0,0,2,0,1.0,MEDIUM
1436648492,2,0,0,2,2,100.0,0,0,25.0,25.0,0,2,0,1.0,MEDIUM
1437697273,6,6,0,0,4,66.67,0,0,25.0,50.0,3,3,0,1.0,MEDIUM
1441873961,2,0,0,2,2,100.0,0,0,25.0,25.0,0,2,0,1.0,MEDIUM
1447254205,2,0,0,2,2,100.0,0,0,25.0,25.0,0,2,0,1.0,MEDIUM
1447578125,2,2,0,0,2,100.0,0,0,25.0,35.0,1,1,0,1.0,MEDIUM
1457860173,2,2,0,0,2,100.0,0,0,25.0,35.0,1,1,0,1.0,MEDIUM
1466210138,2,0,2,0,2,100.0,0,0,25.0,25.0,0,2,0,1.0,MEDIUM
1475393115,1,0,0,1,1,100.0,0,0,25.0,25.0,0,1,0,1.0,MEDIUM
1483479259,1,0,1,0,1,100.0,0,0,25.0,25.0,0,1,0,1.0,MEDIUM
1484070951,1,0,1,0,1,100.0,0,0,25.0,25.0,0,1,0,1.0,MEDIUM
1487665733,2,2,0,0,1,50.0,0,0,25.0,50.0,1,1,0,1.0,MEDIUM
1497868772,1,1,0,0,1,100.0,0,0,25.0,25.0,0,1,0,1.0,MEDIUM
1501257251,1,0,1,0,1,100.0,0,0,25.0,25.0,0,1,0,1.0,MEDIUM
1514209819,1,0,1,0,1,100.0,0,0,25.0,25.0,0,1,0,1.0,MEDIUM
1518337880,8,8,0,0,6,75.0,0,0,25.0,50.0,4,4,0,1.0,MEDIUM
1518388354,2,2,0,0,1,50.0,0,0,25.0,50.0,1,1,0,1.0,MEDIUM
1519742830,2,0,2,0,2,100.0,0,0,25.0,25.0,0,2,0,1.0,MEDIUM
1524909737,2,0,0,2,2,100.0,0,0,25.0,25.0,0,2,0,1.0,MEDIUM
1540165390,1,0,0,1,1,100.0,0,0,25.0,25.0,0,1,0,1.0,MEDIUM
1558916890,2,2,0,0,1,50.0,0,0,25.0,50.0,1,1,0,1.0,MEDIUM
1563296515,2,0,0,2,2,100.0,0,0,25.0,25.0,0,2,0,1.0,MEDIUM
1564635047,2,0,0,2,2,100.0,0,0,25.0,25.0,0,2,0,1.0,MEDIUM
1576069068,1,0,1,0,1,100.0,0,0,25.0,25.0,0,1,0,1.0,MEDIUM
1588964399,1,1,0,0,1,100.0,0,0,25.0,25.0,0,1,0,1.0,MEDIUM
1593241872,1,0,0,1,1,100.0,0,0,25.0,25.0,0,1,0,1.0,MEDIUM
1605039700,2,0,0,2,2,100.0,0,0,25.0,25.0,0,2,0,1.0,MEDIUM
1609384700,10,10,0,0,8,80.0,0,0,25.0,50.0,5,5,0,1.0,MEDIUM
1616144947,1,0,1,0,1,100.0,0,0,25.0,25.0,0,1,0,1.0,MEDIUM
1628247503,1,0,1,0,1,100.0,0,0,25.0,25.0,0,1,0,1.0,MEDIUM
1635379023,2,0,2,0,2,100.0,0,0,25.0,25.0,0,2,0,1.0,MEDIUM
1635902289,1,0,1,0,1,100.0,0,0,25.0,25.0,0,1,0,1.0,MEDIUM
1639518798,5,5,0,0,4,80.0,0,0,25.0,50.0,2,3,0,1.0,MEDIUM
1649947797,2,2,0,0,2,100.0,0,0,25.0,35.0,1,1,0,1.0,MEDIUM
1656093881,1,0,1,0,1,100.0,0,0,25.0,25.0,0,1,0,1.0,MEDIUM
1658976844,2,0,2,0,2,100.0,0,0,25.0,25.0,0,2,0,1.0,MEDIUM
1661761727,2,0,2,0,2,100.0,0,0,25.0,25.0,0,2,0,1.0,MEDIUM
1681870057,1,0,1,0,1,100.0,0,0,25.0,25.0,0,1,0,1.0,MEDIUM
1682911850,1,0,1,0,1,100.0,0,0,25.0,25.0,0,1,0,1.0,MEDIUM
1688068022,1,0,1,0,1,100.0,0,0,25.0,25.0,0,1,0,1.0,MEDIUM
1688084657,1,0,0,1,1,100.0,0,0,25.0,25.0,0,1,0,1.0,MEDIUM
1698900339,1,0,1,0,1,100.0,0,0,25.0,25.0,0,1,0,1.0,MEDIUM
1700237633,77,77,0,0,61,79.22,0,0,25.0,50.0,37,42,0,1.03,MEDIUM
1700816683,4,4,0,0,2,50.0,0,0,25.0,50.0,2,2,0,1.0,MEDIUM
1703733981,1,0,1,0,1,100.0,0,0,25.0,25.0,0,1,0,1.0,MEDIUM
1710925250,2,2,0,0,2,100.0,0,0,25.0,35.0,1,1,0,1.0,MEDIUM
1719233497,1,0,1,0,1,100.0,0,0,25.0,25.0,0,1,0,1.0,MEDIUM
1719343560,2,0,2,0,2,100.0,0,0,25.0,25.0,0,2,0,1.0,MEDIUM
1723608062,1,0,1,0,1,100.0,0,0,25.0,25.0,0,1,0,1.0,MEDIUM
1726181679,2,0,0,2,2,100.0,0,0,25.0,25.0,0,2,0,1.0,MEDIUM
1730248972,2,2,0,0,1,50.0,0,0,25.0,50.0,1,1,0,1.0,MEDIUM
1730668419,2,2,0,0,1,50.0,0,0,25.0,50.0,1,1,0,1.0,MEDIUM
1731624821,2,0,0,2,2,100.0,0,0,25.0,25.0,0,2,0,1.0,MEDIUM
1735659481,1,0,1,0,1,100.0,0,0,25.0,25.0,0,1,0,1.0,MEDIUM
1744847326,2,0,0,2,2,100.0,0,0,25.0,25.0,0,2,0,1.0,MEDIUM
1748003566,2,0,0,2,2,100.0,0,0,25.0,25.0,0,2,0,1.0,MEDIUM
1750392304,2,2,0,0,2,100.0,0,0,25.0,35.0,1,1,0,1.0,MEDIUM
1756550744,2,0,0,2,2,100.0,0,0,25.0,25.0,0,2,0,1.0,MEDIUM
1757072862,2,0,0,2,2,100.0,0,0,25.0,25.0,0,2,0,1.0,MEDIUM
1759735508,2,0,0,2,2,100.0,0,0,25.0,25.0,0,2,0,1.0,MEDIUM
1760220382,1,0,1,0,1,100.0,0,0,25.0,25.0,0,1,0,1.0,MEDIUM
1770048217,2,2,0,0,1,50.0,0,0,25.0,50.0,1,1,0,1.0,MEDIUM
1770529950,6,6,0,0,4,66.67,0,0,25.0,50.0,3,3,0,1.0,MEDIUM
1770678260,2,2,0,0,1,50.0,0,0,25.0,50.0,1,1,0,1.0,MEDIUM
1770785644,2,2,0,0,1,50.0,0,0,25.0,50.0,1,1,0,1.0,MEDIUM
1770821670,2,2,0,0,1,50.0,0,0,25.0,50.0,1,1,0,1.0,MEDIUM
1771342552,1,0,0,1,1,100.0,0,0,25.0,25.0,0,1,0,1.0,MEDIUM
1778687151,1,0,1,0,1,100.0,0,0,25.0,25.0,0,1,0,1.0,MEDIUM
1780183145,2,2,0,0,2,100.0,0,0,25.0,35.0,1,1,0,1.0,MEDIUM
1786839338,2,0,0,2,2,100.0,0,0,25.0,25.0,0,2,0,1.0,MEDIUM
1787055563,1,0,1,0,1,100.0,0,0,25.0,25.0,0,1,0,1.0,MEDIUM
1790855187,2,2,0,0,1,50.0,0,0,25.0,50.0,1,1,0,1.0,MEDIUM
1791096756,1,0,1,0,1,100.0,0,0,25.0,25.0,0,1,0,1.0,MEDIUM
1803644959,1,0,0,1,1,100.0,0,0,25.0,25.0,0,1,0,1.0,MEDIUM
1806266049,2,0,0,2,2,100.0,0,0,25.0,25.0,0,2,0,1.0,MEDIUM
1810479223,1,0,1,0,1,100.0,0,0,25.0,25.0,0,1,0,1.0,MEDIUM
1812151855,1,0,1,0,1,100.0,0,0,25.0,25.0,0,1,0,1.0,MEDIUM
1813375333,1,0,1,0,1,100.0,0,0,25.0,25.0,0,1,0,1.0,MEDIUM
1815912030,2,0,2,0,2,100.0,0,0,25.0,25.0,0,2,0,1.0,MEDIUM
1825389676,1,0,1,0,1,100.0,0,0,25.0,25.0,0,1,0,1.0,MEDIUM
1826971475,1,0,1,0,1,100.0,0,0,25.0,25.0,0,1,0,1.0,MEDIUM
1834651349,1,0,0,1,1,100.0,0,0,25.0,25.0,0,1,0,1.0,MEDIUM
1841308020,2,2,0,0,2,100.0,0,0,25.0,35.0,1,1,0,1.0,MEDIUM
1841756749,2,2,0,0,1,50.0,0,0,25.0,50.0,1,1,0,1.0,MEDIUM
1842575437,1,0,1,0,1,100.0,0,0,25.0,25.0,0,1,0,1.0,MEDIUM
1861817504,6,6,0,0,5,83.33,0,0,25.0,50.0,3,3,0,1.0,MEDIUM
1862397240,2,0,2,0,2,100.0,0,0,25.0,25.0,0,2,0,1.0,MEDIUM
1864975599,2,0,2,0,2,100.0,0,0,25.0,25.0,0,2,0,1.0,MEDIUM
1865440149,1,0,1,0,1,100.0,0,0,25.0,25.0,0,1,0,1.0,MEDIUM
1865998878,2,0,0,2,2,100.0,0,0,25.0,25.0,0,2,0,1.0,MEDIUM
1866525840,2,0,2,0,2,100.0,0,0,25.0,25.0,0,2,0,1.0,MEDIUM
1875598348,1,0,1,0,1,100.0,0,0,25.0,25.0,0,1,0,1.0,MEDIUM
1878751327,2,0,2,0,2,100.0,0,0,25.0,25.0,0,2,0,1.0,MEDIUM
1879206785,2,0,0,2,2,100.0,0,0,25.0,25.0,0,2,0,1.0,MEDIUM
1879250454,2,0,2,0,2,100.0,0,0,25.0,25.0,0,2,0,1.0,MEDIUM
1881705994,2,2,0,0,2,100.0,0,0,25.0,35.0,1,1,0,1.0,MEDIUM
1883320741,1,0,0,1,1,100.0,0,0,25.0,25.0,0,1,0,1.0,MEDIUM
1884637718,2,0,2,0,2,100.0,0,0,25.0,25.0,0,2,0,1.0,MEDIUM
1887994345,1,0,1,0,1,100.0,0,0,25.0,25.0,0,1,0,1.0,MEDIUM
1891082194,2,2,0,0,1,50.0,0,0,25.0,50.0,1,1,0,1.0,MEDIUM
1891098513,2,2,0,0,1,50.0,0,0,25.0,50.0,1,1,0,1.0,MEDIUM
1892739444,1,0,0,1,1,100.0,0,0,25.0,25.0,0,1,0,1.0,MEDIUM
1895136374,1,0,1,0,1,100.0,0,0,25.0,25.0,0,1,0,1.0,MEDIUM
1902897820,2,2,0,0,2,100.0,0,0,25.0,35.0,1,1,0,1.0,MEDIUM
1904114708,2,0,2,0,2,100.0,0,0,25.0,25.0,0,2,0,1.0,MEDIUM
1905457496,1,0,1,0,1,100.0,0,0,25.0,25.0,0,1,0,1.0,MEDIUM
1912460619,2,0,0,2,2,100.0,0,0,25.0,25.0,0,2,0,1.0,MEDIUM
1917832025,2,0,2,0,2,100.0,0,0,25.0,25.0,0,2,0,1.0,MEDIUM
1938591615,1,0,1,0,1,100.0,0,0,25.0,25.0,0,1,0,1.0,MEDIUM
1942506837,2,2,0,0,2,100.0,0,0,25.0,35.0,1,1,0,1.0,MEDIUM
1952613416,1,1,0,0,1,100.0,0,0,25.0,25.0,0,1,0,1.0,MEDIUM
1952756884,2,2,0,0,2,100.0,0,0,25.0,35.0,1,1,0,1.0,MEDIUM
1962709980,2,2,0,0,2,100.0,0,0,25.0,35.0,1,1,0,1.0,MEDIUM
1962777136,2,2,0,0,2,100.0,0,0,25.0,35.0,1,1,0,1.0,MEDIUM
1967504455,2,0,2,0,2,100.0,0,0,25.0,25.0,0,2,0,1.0,MEDIUM
1972788537,2,2,0,0,2,100.0,0,0,25.0,35.0,1,1,0,1.0,MEDIUM
1978539216,2,0,0,2,2,100.0,0,0,25.0,25.0,0,2,0,1.0,MEDIUM
1982002945,2,2,0,0,2,100.0,0,0,25.0,35.0,1,1,0,1.0,MEDIUM
1985678374,1,0,1,0,1,100.0,0,0,25.0,25.0,0,1,0,1.0,MEDIUM
1989107479,1,0,1,0,1,100.0,0,0,25.0,25.0,0,1,0,1.0,MEDIUM
1992755292,2,2,0,0,2,100.0,0,0,25.0,35.0,1,1,0,1.0,MEDIUM
1996003497,1,0,0,1,1,100.0,0,0,25.0,25.0,0,1,0,1.0,MEDIUM
1730144593,20,20,0,0,20,100.0,0,0,24.75,50.0,6,19,0,1.25,MEDIUM
1104288976,37,37,0,0,26,70.27,0,0,24.73,50.0,21,12,0,0.89,MEDIUM
1518948595,7,7,0,0,5,71.43,0,0,24.29,50.0,4,2,0,0.86,MEDIUM
1598765398,7,7,0,0,5,71.43,0,0,24.29,50.0,4,2,0,0.86,MEDIUM
1568664613,16,16,0,0,11,68.75,0,0,24.06,35.0,11,0,0,0.69,MEDIUM
1124078019,5,5,0,0,4,80.0,0,0,24.0,35.0,3,1,0,0.8,MEDIUM
1275920001,5,5,0,0,4,80.0,0,0,24.0,35.0,3,1,0,0.8,MEDIUM
1497842553,5,5,0,0,3,60.0,0,0,24.0,50.0,3,1,0,0.8,MEDIUM
1619019791,5,5,0,0,3,60.0,0,0,24.0,50.0,3,1,0,0.8,MEDIUM
1841258035,5,5,0,0,4,80.0,0,0,24.0,35.0,3,1,0,0.8,MEDIUM
1447435862,8,8,0,0,6,75.0,0,0,23.75,35.0,5,1,0,0.75,MEDIUM
1013908201,3,3,0,0,2,66.67,0,0,23.33,35.0,2,0,0,0.67,MEDIUM
1033298757,3,3,0,0,2,66.67,0,0,23.33,35.0,2,0,0,0.67,MEDIUM
1043315286,3,3,0,0,2,66.67,0,0,23.33,35.0,2,0,0,0.67,MEDIUM
1124373022,3,3,0,0,2,66.67,0,0,23.33,35.0,2,0,0,0.67,MEDIUM
1134527708,3,3,0,0,2,66.67,0,0,23.33,35.0,2,0,0,0.67,MEDIUM
1164642419,3,3,0,0,2,66.67,0,0,23.33,35.0,2,0,0,0.67,MEDIUM
1184612764,3,3,0,0,2,66.67,0,0,23.33,35.0,2,0,0,0.67,MEDIUM
1205344603,3,3,0,0,2,66.67,0,0,23.33,35.0,2,0,0,0.67,MEDIUM
1205886223,3,3,0,0,2,66.67,0,0,23.33,35.0,2,0,0,0.67,MEDIUM
1306145289,3,3,0,0,2,66.67,0,0,23.33,35.0,2,0,0,0.67,MEDIUM
1386763654,3,3,0,0,2,66.67,0,0,23.33,35.0,2,0,0,0.67,MEDIUM
1396105300,3,3,0,0,2,66.67,0,0,23.33,35.0,2,0,0,0.67,MEDIUM
1467669218,3,3,0,0,2,66.67,0,0,23.33,35.0,2,0,0,0.67,MEDIUM
1497801153,3,3,0,0,2,66.67,0,0,23.33,35.0,2,0,0,0.67,MEDIUM
1538284401,3,3,0,0,2,66.67,0,0,23.33,35.0,2,0,0,0.67,MEDIUM
1568806297,3,3,0,0,2,66.67,0,0,23.33,35.0,2,0,0,0.67,MEDIUM
1700470580,3,3,0,0,2,66.67,0,0,23.33,35.0,2,0,0,0.67,MEDIUM
1750530424,3,3,0,0,2,66.67,0,0,23.33,35.0,2,0,0,0.67,MEDIUM
1841255437,3,3,0,0,2,66.67,0,0,23.33,35.0,2,0,0,0.67,MEDIUM
1881719763,3,3,0,0,2,66.67,0,0,23.33,35.0,2,0,0,0.67,MEDIUM
1992161780,3,3,0,0,2,66.67,0,0,23.33,35.0,2,0,0,0.67,MEDIUM
1225573694,11,11,0,0,8,72.73,0,0,23.18,50.0,6,3,0,0.82,MEDIUM
1134306368,5,5,0,0,4,80.0,0,0,23.0,50.0,2,3,0,1.0,MEDIUM
1982607537,5,5,0,0,4,80.0,0,0,23.0,50.0,2,3,0,1.0,MEDIUM
1508979683,13,13,0,0,8,61.54,0,0,22.69,50.0,8,1,0,0.69,MEDIUM
1154945483,6,6,0,0,4,66.67,0,0,22.5,50.0,3,2,0,0.83,MEDIUM
1740251883,6,6,0,0,5,83.33,0,0,22.5,35.0,3,2,0,0.83,MEDIUM
1780064808,6,6,0,0,4,66.67,0,0,22.5,50.0,3,2,0,0.83,MEDIUM
1811947245,6,6,0,0,4,66.67,0,0,22.5,50.0,3,2,0,0.83,MEDIUM
1033214416,13,13,0,0,8,61.54,0,0,22.31,50.0,7,3,0,0.77,MEDIUM
1124270715,26,26,0,0,19,73.08,0,0,22.31,50.0,12,10,0,0.85,MEDIUM
1932146461,7,7,0,0,4,57.14,0,0,22.14,50.0,4,1,0,0.71,MEDIUM
1154891562,10,10,0,0,7,70.0,0,0,22.0,50.0,3,7,0,1.0,MEDIUM
1780606608,8,8,0,0,5,62.5,0,0,21.88,35.0,5,0,0,0.62,MEDIUM
1265858773,6,6,0,0,5,83.33,0,0,21.67,50.0,2,4,0,1.0,MEDIUM
1316374283,3,3,0,0,2,66.67,0,0,21.67,50.0,1,2,0,1.0,MEDIUM
1538422977,3,3,0,0,2,66.67,0,0,21.67,50.0,1,2,0,1.0,MEDIUM
1659319135,3,3,0,0,2,66.67,0,0,21.67,50.0,1,2,0,1.0,MEDIUM
1699322164,3,3,0,0,3,100.0,0,0,21.67,35.0,1,2,0,1.0,MEDIUM
1811007800,3,3,0,0,2,66.67,0,0,21.67,50.0,1,2,0,1.0,MEDIUM
1871132365,3,3,0,0,2,66.67,0,0,21.67,50.0,1,2,0,1.0,MEDIUM
1891294518,3,3,0,0,2,66.67,0,0,21.67,50.0,1,2,0,1.0,MEDIUM
1093271579,7,7,0,0,5,71.43,0,0,21.43,50.0,3,3,0,0.86,MEDIUM
1093703639,4,4,0,0,3,75.0,0,0,21.25,35.0,2,1,0,0.75,MEDIUM
1194282756,4,4,0,0,3,75.0,0,0,21.25,35.0,2,1,0,0.75,MEDIUM
1356369078,4,4,0,0,2,50.0,0,0,21.25,50.0,2,1,0,0.75,MEDIUM
1427184654,4,4,0,0,3,75.0,0,0,21.25,35.0,1,2,0,0.75,MEDIUM
1437104916,4,4,0,0,2,50.0,0,0,21.25,50.0,2,1,0,0.75,MEDIUM
1629329735,4,4,0,0,3,75.0,0,0,21.25,35.0,2,1,0,0.75,MEDIUM
1659966398,4,4,0,0,2,50.0,0,0,21.25,50.0,2,1,0,0.75,MEDIUM
1831655380,4,4,0,0,2,50.0,0,0,21.25,50.0,2,1,0,0.75,MEDIUM
1881131423,4,4,0,0,3,75.0,0,0,21.25,35.0,2,1,0,0.75,MEDIUM
1952307530,4,4,0,0,3,75.0,0,0,21.25,35.0,2,1,0,0.75,MEDIUM
1811975535,9,9,0,0,6,66.67,0,0,21.11,50.0,2,6,0,0.89,MEDIUM
1013334002,5,5,0,0,3,60.0,0,0,21.0,35.0,3,0,0,0.6,MEDIUM
1366456287,10,10,0,0,8,80.0,0,0,21.0,50.0,3,7,0,1.0,MEDIUM
1508826983,5,5,0,0,3,60.0,0,0,21.0,35.0,3,0,0,0.6,MEDIUM
1740529668,5,5,0,0,3,60.0,0,0,21.0,35.0,3,0,0,0.6,MEDIUM
1002252861,1,0,1,0,1,100.0,0,0,20.0,20.0,1,0,0,1.0,MEDIUM
1003042508,1,0,1,0,1,100.0,0,0,20.0,20.0,1,0,0,1.0,MEDIUM
1003563577,1,0,0,1,1,100.0,0,0,20.0,20.0,1,0,0,1.0,MEDIUM
1005211521,1,0,1,0,1,100.0,0,0,20.0,20.0,1,0,0,1.0,MEDIUM
1005515157,1,0,1,0,1,100.0,0,0,20.0,20.0,1,0,0,1.0,MEDIUM
1007821687,1,0,1,0,1,100.0,0,0,20.0,20.0,1,0,0,1.0,MEDIUM
1009044527,1,0,1,0,1,100.0,0,0,20.0,20.0,1,0,0,1.0,MEDIUM
1009166079,1,0,1,0,1,100.0,0,0,20.0,20.0,1,0,0,1.0,MEDIUM
1009377939,1,0,1,0,1,100.0,0,0,20.0,20.0,1,0,0,1.0,MEDIUM
1009497475,1,0,0,1,1,100.0,0,0,20.0,20.0,1,0,0,1.0,MEDIUM
1009952131,1,0,1,0,1,100.0,0,0,20.0,20.0,1,0,0,1.0,MEDIUM
1011613722,1,0,1,0,1,100.0,0,0,20.0,20.0,1,0,0,1.0,MEDIUM
1012224267,1,0,1,0,1,100.0,0,0,20.0,20.0,1,0,0,1.0,MEDIUM
1013541077,1,0,1,0,1,100.0,0,0,20.0,20.0,1,0,0,1.0,MEDIUM
1014244996,1,0,1,0,1,100.0,0,0,20.0,20.0,1,0,0,1.0,MEDIUM
1015480675,1,0,0,1,1,100.0,0,0,20.0,20.0,1,0,0,1.0,MEDIUM
1015948960,1,0,1,0,1,100.0,0,0,20.0,20.0,1,0,0,1.0,MEDIUM
1018593635,1,0,1,0,1,100.0,0,0,20.0,20.0,1,0,0,1.0,MEDIUM
1019297389,1,0,1,0,1,100.0,0,0,20.0,20.0,1,0,0,1.0,MEDIUM
1021883407,1,0,1,0,1,100.0,0,0,20.0,20.0,1,0,0,1.0,MEDIUM
1025899145,1,0,1,0,1,100.0,0,0,20.0,20.0,1,0,0,1.0,MEDIUM
1026896719,1,0,1,0,1,100.0,0,0,20.0,20.0,1,0,0,1.0,MEDIUM
1028834868,1,0,1,0,1,100.0,0,0,20.0,20.0,1,0,0,1.0,MEDIUM
1029538249,1,0,1,0,1,100.0,0,0,20.0,20.0,1,0,0,1.0,MEDIUM
1034931755,1,0,1,0,1,100.0,0,0,20.0,20.0,1,0,0,1.0,MEDIUM
1035053821,1,0,1,0,1,100.0,0,0,20.0,20.0,1,0,0,1.0,MEDIUM
1036642495,1,0,1,0,1,100.0,0,0,20.0,20.0,1,0,0,1.0,MEDIUM
1039332792,1,0,1,0,1,100.0,0,0,20.0,20.0,1,0,0,1.0,MEDIUM
1040597457,1,0,1,0,1,100.0,0,0,20.0,20.0,1,0,0,1.0,MEDIUM
1041072611,1,0,1,0,1,100.0,0,0,20.0,20.0,1,0,0,1.0,MEDIUM
1043166158,1,0,1,0,1,100.0,0,0,20.0,20.0,1,0,0,1.0,MEDIUM
1048095381,1,0,1,0,1,100.0,0,0,20.0,20.0,1,0,0,1.0,MEDIUM
1048127883,1,0,1,0,1,100.0,0,0,20.0,20.0,1,0,0,1.0,MEDIUM
1048208898,1,0,1,0,1,100.0,0,0,20.0,20.0,1,0,0,1.0,MEDIUM
1049169114,1,0,1,0,1,100.0,0,0,20.0,20.0,1,0,0,1.0,MEDIUM
1051289881,1,0,1,0,1,100.0,0,0,20.0,20.0,1,0,0,1.0,MEDIUM
1052347143,1,0,1,0,1,100.0,0,0,20.0,20.0,1,0,0,1.0,MEDIUM
1054226087,1,0,1,0,1,100.0,0,0,20.0,20.0,1,0,0,1.0,MEDIUM
1056448593,1,0,1,0,1,100.0,0,0,20.0,20.0,1,0,0,1.0,MEDIUM
1060885109,1,0,1,0,1,100.0,0,0,20.0,20.0,1,0,0,1.0,MEDIUM
1063668473,4,4,0,0,3,75.0,0,0,20.0,50.0,1,3,0,1.0,MEDIUM
1064402619,1,0,0,1,1,100.0,0,0,20.0,20.0,1,0,0,1.0,MEDIUM
1070486223,1,0,1,0,1,100.0,0,0,20.0,20.0,1,0,0,1.0,MEDIUM
1071028037,1,0,1,0,1,100.0,0,0,20.0,20.0,1,0,0,1.0,MEDIUM
1071095582,1,0,1,0,1,100.0,0,0,20.0,20.0,1,0,0,1.0,MEDIUM
1072651343,1,0,1,0,1,100.0,0,0,20.0,20.0,1,0,0,1.0,MEDIUM
1074457819,1,0,1,0,1,100.0,0,0,20.0,20.0,1,0,0,1.0,MEDIUM
1074689855,1,0,1,0,1,100.0,0,0,20.0,20.0,1,0,0,1.0,MEDIUM
1075927714,1,0,1,0,1,100.0,0,0,20.0,20.0,1,0,0,1.0,MEDIUM
1076438337,1,0,1,0,1,100.0,0,0,20.0,20.0,1,0,0,1.0,MEDIUM
1078067795,1,0,1,0,1,100.0,0,0,20.0,20.0,1,0,0,1.0,MEDIUM
1080555309,1,0,0,1,1,100.0,0,0,20.0,20.0,1,0,0,1.0,MEDIUM
1081193639,1,0,1,0,1,100.0,0,0,20.0,20.0,1,0,0,1.0,MEDIUM
1082012091,1,0,1,0,1,100.0,0,0,20.0,20.0,1,0,0,1.0,MEDIUM
1084171617,1,0,1,0,1,100.0,0,0,20.0,20.0,1,0,0,1.0,MEDIUM
1084488906,1,0,1,0,1,100.0,0,0,20.0,20.0,1,0,0,1.0,MEDIUM
1088286259,1,0,1,0,1,100.0,0,0,20.0,20.0,1,0,0,1.0,MEDIUM
1088517308,1,0,0,1,1,100.0,0,0,20.0,20.0,1,0,0,1.0,MEDIUM
1090840270,1,0,1,0,1,100.0,0,0,20.0,20.0,1,0,0,1.0,MEDIUM
1092129424,1,0,0,1,1,100.0,0,0,20.0,20.0,1,0,0,1.0,MEDIUM
1094889640,1,0,1,0,1,100.0,0,0,20.0,20.0,1,0,0,1.0,MEDIUM
1097408682,1,0,1,0,1,100.0,0,0,20.0,20.0,1,0,0,1.0,MEDIUM
1097687830,1,0,1,0,1,100.0,0,0,20.0,20.0,1,0,0,1.0,MEDIUM
1098220355,1,0,1,0,1,100.0,0,0,20.0,20.0,1,0,0,1.0,MEDIUM
1099909680,1,0,1,0,1,100.0,0,0,20.0,20.0,1,0,0,1.0,MEDIUM
1100623397,1,0,1,0,1,100.0,0,0,20.0,20.0,1,0,0,1.0,MEDIUM
1101619020,1,0,1,0,1,100.0,0,0,20.0,20.0,1,0,0,1.0,MEDIUM
1102910237,1,0,1,0,1,100.0,0,0,20.0,20.0,1,0,0,1.0,MEDIUM
1103169822,1,0,1,0,1,100.0,0,0,20.0,20.0,1,0,0,1.0,MEDIUM
1103829453,1,0,1,0,1,100.0,0,0,20.0,20.0,1,0,0,1.0,MEDIUM
1104260917,1,0,0,1,1,100.0,0,0,20.0,20.0,1,0,0,1.0,MEDIUM
1110410568,1,0,1,0,1,100.0,0,0,20.0,20.0,1,0,0,1.0,MEDIUM
1110705511,1,0,1,0,1,100.0,0,0,20.0,20.0,1,0,0,1.0,MEDIUM
1115511038,1,0,1,0,1,100.0,0,0,20.0,20.0,1,0,0,1.0,MEDIUM
1117813573,1,0,1,0,1,100.0,0,0,20.0,20.0,1,0,0,1.0,MEDIUM
1118170182,1,0,1,0,1,100.0,0,0,20.0,20.0,1,0,0,1.0,MEDIUM
1118275836,1,0,1,0,1,100.0,0,0,20.0,20.0,1,0,0,1.0,MEDIUM
1118553907,1,0,1,0,1,100.0,0,0,20.0,20.0,1,0,0,1.0,MEDIUM
1118755574,1,0,1,0,1,100.0,0,0,20.0,20.0,1,0,0,1.0,MEDIUM
1119832998,1,0,1,0,1,100.0,0,0,20.0,20.0,1,0,0,1.0,MEDIUM
1120134969,1,0,0,1,1,100.0,0,0,20.0,20.0,1,0,0,1.0,MEDIUM
1120482984,1,0,0,1,1,100.0,0,0,20.0,20.0,1,0,0,1.0,MEDIUM
1123756656,1,0,1,0,1,100.0,0,0,20.0,20.0,1,0,0,1.0,MEDIUM
1124387482,1,0,0,1,1,100.0,0,0,20.0,20.0,1,0,0,1.0,MEDIUM
1124626404,1,0,0,1,1,100.0,0,0,20.0,20.0,1,0,0,1.0,MEDIUM
1126416457,1,0,1,0,1,100.0,0,0,20.0,20.0,1,0,0,1.0,MEDIUM
1127590957,1,0,1,0,1,100.0,0,0,20.0,20.0,1,0,0,1.0,MEDIUM
1128970394,1,0,1,0,1,100.0,0,0,20.0,20.0,1,0,0,1.0,MEDIUM
1130032471,1,0,1,0,1,100.0,0,0,20.0,20.0,1,0,0,1.0,MEDIUM
1130440772,1,0,1,0,1,100.0,0,0,20.0,20.0,1,0,0,1.0,MEDIUM
1131330746,1,0,1,0,1,100.0,0,0,20.0,20.0,1,0,0,1.0,MEDIUM
1133989938,1,0,0,1,1,100.0,0,0,20.0,20.0,1,0,0,1.0,MEDIUM
1134351760,6,6,0,0,4,66.67,0,0,20.0,35.0,3,1,0,0.67,MEDIUM
1134404653,1,0,1,0,1,100.0,0,0,20.0,20.0,1,0,0,1.0,MEDIUM
1136753635,1,0,1,0,1,100.0,0,0,20.0,20.0,1,0,0,1.0,MEDIUM
1137177440,1,0,0,1,1,100.0,0,0,20.0,20.0,1,0,0,1.0,MEDIUM
1139603127,1,0,1,0,1,100.0,0,0,20.0,20.0,1,0,0,1.0,MEDIUM
1142317023,1,0,1,0,1,100.0,0,0,20.0,20.0,1,0,0,1.0,MEDIUM
1143304766,1,0,1,0,1,100.0,0,0,20.0,20.0,1,0,0,1.0,MEDIUM
1147937079,1,0,1,0,1,100.0,0,0,20.0,20.0,1,0,0,1.0,MEDIUM
1151021081,1,0,1,0,1,100.0,0,0,20.0,20.0,1,0,0,1.0,MEDIUM
1152011881,1,0,1,0,1,100.0,0,0,20.0,20.0,1,0,0,1.0,MEDIUM
1154244872,1,0,1,0,1,100.0,0,0,20.0,20.0,1,0,0,1.0,MEDIUM
1154251177,1,0,1,0,1,100.0,0,0,20.0,20.0,1,0,0,1.0,MEDIUM
1154794096,1,0,1,0,1,100.0,0,0,20.0,20.0,1,0,0,1.0,MEDIUM
1155518572,1,0,1,0,1,100.0,0,0,20.0,20.0,1,0,0,1.0,MEDIUM
1156793954,1,0,0,1,1,100.0,0,0,20.0,20.0,1,0,0,1.0,MEDIUM
1159245460,1,0,1,0,1,100.0,0,0,20.0,20.0,1,0,0,1.0,MEDIUM
1160159999,1,0,1,0,1,100.0,0,0,20.0,20.0,1,0,0,1.0,MEDIUM
1161463098,1,0,1,0,1,100.0,0,0,20.0,20.0,1,0,0,1.0,MEDIUM
1162489757,1,0,1,0,1,100.0,0,0,20.0,20.0,1,0,0,1.0,MEDIUM
1164463840,6,6,0,0,3,50.0,0,0,20.0,50.0,3,1,0,0.67,MEDIUM
1164690689,1,0,1,0,1,100.0,0,0,20.0,20.0,1,0,0,1.0,MEDIUM
1165338455,1,0,1,0,1,100.0,0,0,20.0,20.0,1,0,0,1.0,MEDIUM
1165746000,1,0,1,0,1,100.0,0,0,20.0,20.0,1,0,0,1.0,MEDIUM
1166917134,1,0,1,0,1,100.0,0,0,20.0,20.0,1,0,0,1.0,MEDIUM
1171423756,1,0,0,1,1,100.0,0,0,20.0,20.0,1,0,0,1.0,MEDIUM
1171727900,1,0,0,1,1,100.0,0,0,20.0,20.0,1,0,0,1.0,MEDIUM
1172870078,1,0,0,1,1,100.0,0,0,20.0,20.0,1,0,0,1.0,MEDIUM
1175023109,1,0,1,0,1,100.0,0,0,20.0,20.0,1,0,0,1.0,MEDIUM
1177839789,1,0,0,1,1,100.0,0,0,20.0,20.0,1,0,0,1.0,MEDIUM
1179528836,1,0,1,0,1,100.0,0,0,20.0,20.0,1,0,0,1.0,MEDIUM
1183435109,1,0,1,0,1,100.0,0,0,20.0,20.0,1,0,0,1.0,MEDIUM
1183542450,1,0,1,0,1,100.0,0,0,20.0,20.0,1,0,0,1.0,MEDIUM
1184372730,1,0,1,0,1,100.0,0,0,20.0,20.0,1,0,0,1.0,MEDIUM
1184644174,1,0,1,0,1,100.0,0,0,20.0,20.0,1,0,0,1.0,MEDIUM
1185367067,1,0,1,0,1,100.0,0,0,20.0,20.0,1,0,0,1.0,MEDIUM
1187799258,1,0,0,1,1,100.0,0,0,20.0,20.0,1,0,0,1.0,MEDIUM
1190681153,1,0,1,0,1,100.0,0,0,20.0,20.0,1,0,0,1.0,MEDIUM
1192531302,1,0,1,0,1,100.0,0,0,20.0,20.0,1,0,0,1.0,MEDIUM
1195920405,1,0,1,0,1,100.0,0,0,20.0,20.0,1,0,0,1.0,MEDIUM
1196035522,1,0,1,0,1,100.0,0,0,20.0,20.0,1,0,0,1.0,MEDIUM
1196477876,1,0,1,0,1,100.0,0,0,20.0,20.0,1,0,0,1.0,MEDIUM
1197533099,1,0,1,0,1,100.0,0,0,20.0,20.0,1,0,0,1.0,MEDIUM
1198681490,1,0,0,1,1,100.0,0,0,20.0,20.0,1,0,0,1.0,MEDIUM
1199450824,1,0,0,1,1,100.0,0,0,20.0,20.0,1,0,0,1.0,MEDIUM
1201856973,1,0,1,0,1,100.0,0,0,20.0,20.0,1,0,0,1.0,MEDIUM
1202992557,1,0,1,0,1,100.0,0,0,20.0,20.0,1,0,0,1.0,MEDIUM
1203800050,1,0,1,0,1,100.0,0,0,20.0,20.0,1,0,0,1.0,MEDIUM
1204232916,1,0,1,0,1,100.0,0,0,20.0,20.0,1,0,0,1.0,MEDIUM
1205531644,1,0,1,0,1,100.0,0,0,20.0,20.0,1,0,0,1.0,MEDIUM
1205931479,1,0,1,0,1,100.0,0,0,20.0,20.0,1,0,0,1.0,MEDIUM
1206480450,1,0,1,0,1,100.0,0,0,20.0,20.0,1,0,0,1.0,MEDIUM
1206488249,1,0,1,0,1,100.0,0,0,20.0,20.0,1,0,0,1.0,MEDIUM
1209021984,1,0,1,0,1,100.0,0,0,20.0,20.0,1,0,0,1.0,MEDIUM
1210059605,1,0,1,0,1,100.0,0,0,20.0,20.0,1,0,0,1.0,MEDIUM
1211352307,1,0,1,0,1,100.0,0,0,20.0,20.0,1,0,0,1.0,MEDIUM
1211968137,1,0,1,0,1,100.0,0,0,20.0,20.0,1,0,0,1.0,MEDIUM
1220900152,1,0,1,0,1,100.0,0,0,20.0,20.0,1,0,0,1.0,MEDIUM
1222738194,1,0,0,1,1,100.0,0,0,20.0,20.0,1,0,0,1.0,MEDIUM
1223350881,1,0,0,1,1,100.0,0,0,20.0,20.0,1,0,0,1.0,MEDIUM
1225664525,1,0,1,0,1,100.0,0,0,20.0,20.0,1,0,0,1.0,MEDIUM
1227016217,1,0,1,0,1,100.0,0,0,20.0,20.0,1,0,0,1.0,MEDIUM
1227223980,1,0,1,0,1,100.0,0,0,20.0,20.0,1,0,0,1.0,MEDIUM
1228335177,1,0,0,1,1,100.0,0,0,20.0,20.0,1,0,0,1.0,MEDIUM
1228537665,1,0,0,1,1,100.0,0,0,20.0,20.0,1,0,0,1.0,MEDIUM
1228920373,1,0,0,1,1,100.0,0,0,20.0,20.0,1,0,0,1.0,MEDIUM
1228932995,1,0,1,0,1,100.0,0,0,20.0,20.0,1,0,0,1.0,MEDIUM
1229815130,1,0,1,0,1,100.0,0,0,20.0,20.0,1,0,0,1.0,MEDIUM
1231434441,1,0,1,0,1,100.0,0,0,20.0,20.0,1,0,0,1.0,MEDIUM
1234474244,1,0,1,0,1,100.0,0,0,20.0,20.0,1,0,0,1.0,MEDIUM
1240747202,1,0,1,0,1,100.0,0,0,20.0,20.0,1,0,0,1.0,MEDIUM
1240783267,1,0,0,1,1,100.0,0,0,20.0,20.0,1,0,0,1.0,MEDIUM
1243003908,1,0,1,0,1,100.0,0,0,20.0,20.0,1,0,0,1.0,MEDIUM
1244580265,1,0,1,0,1,100.0,0,0,20.0,20.0,1,0,0,1.0,MEDIUM
1244706283,1,0,0,1,1,100.0,0,0,20.0,20.0,1,0,0,1.0,MEDIUM
1245398904,1,0,1,0,1,100.0,0,0,20.0,20.0,1,0,0,1.0,MEDIUM
1246338379,1,0,0,1,1,100.0,0,0,20.0,20.0,1,0,0,1.0,MEDIUM
1246996458,1,0,1,0,1,100.0,0,0,20.0,20.0,1,0,0,1.0,MEDIUM
1248527750,1,0,1,0,1,100.0,0,0,20.0,20.0,1,0,0,1.0,MEDIUM
1249474062,1,0,1,0,1,100.0,0,0,20.0,20.0,1,0,0,1.0,MEDIUM
1250473210,1,0,1,0,1,100.0,0,0,20.0,20.0,1,0,0,1.0,MEDIUM
1250852979,1,0,1,0,1,100.0,0,0,20.0,20.0,1,0,0,1.0,MEDIUM
1250936731,1,0,0,1,1,100.0,0,0,20.0,20.0,1,0,0,1.0,MEDIUM
1251587287,1,0,1,0,1,100.0,0,0,20.0,20.0,1,0,0,1.0,MEDIUM
1251882214,1,0,1,0,1,100.0,0,0,20.0,20.0,1,0,0,1.0,MEDIUM
1255319976,3,3,0,0,2,66.67,0,0,20.0,35.0,1,1,0,0.67,MEDIUM
1256664643,1,0,1,0,1,100.0,0,0,20.0,20.0,1,0,0,1.0,MEDIUM
1256867768,1,0,0,1,1,100.0,0,0,20.0,20.0,1,0,0,1.0,MEDIUM
1257366193,1,0,1,0,1,100.0,0,0,20.0,20.0,1,0,0,1.0,MEDIUM
1258337013,1,0,1,0,1,100.0,0,0,20.0,20.0,1,0,0,1.0,MEDIUM
1259624849,1,0,1,0,1,100.0,0,0,20.0,20.0,1,0,0,1.0,MEDIUM
1261130975,1,0,1,0,1,100.0,0,0,20.0,20.0,1,0,0,1.0,MEDIUM
1261739179,1,0,0,1,1,100.0,0,0,20.0,20.0,1,0,0,1.0,MEDIUM
1264856854,1,0,1,0,1,100.0,0,0,20.0,20.0,1,0,0,1.0,MEDIUM
1265955518,1,0,1,0,1,100.0,0,0,20.0,20.0,1,0,0,1.0,MEDIUM
1266923033,1,0,1,0,1,100.0,0,0,20.0,20.0,1,0,0,1.0,MEDIUM
1267493157,1,0,1,0,1,100.0,0,0,20.0,20.0,1,0,0,1.0,MEDIUM
1269968138,1,0,1,0,1,100.0,0,0,20.0,20.0,1,0,0,1.0,MEDIUM
1271950297,1,0,1,0,1,100.0,0,0,20.0,20.0,1,0,0,1.0,MEDIUM
1273313382,1,0,1,0,1,100.0,0,0,20.0,20.0,1,0,0,1.0,MEDIUM
1273637488,1,0,1,0,1,100.0,0,0,20.0,20.0,1,0,0,1.0,MEDIUM
1275079654,1,0,1,0,1,100.0,0,0,20.0,20.0,1,0,0,1.0,MEDIUM
1278071361,1,0,1,0,1,100.0,0,0,20.0,20.0,1,0,0,1.0,MEDIUM
1278588041,1,0,1,0,1,100.0,0,0,20.0,20.0,1,0,0,1.0,MEDIUM
1279034397,1,0,0,1,1,100.0,0,0,20.0,20.0,1,0,0,1.0,MEDIUM
1279377718,1,0,1,0,1,100.0,0,0,20.0,20.0,1,0,0,1.0,MEDIUM
1280879745,1,0,1,0,1,100.0,0,0,20.0,20.0,1,0,0,1.0,MEDIUM
1280943592,1,0,1,0,1,100.0,0,0,20.0,20.0,1,0,0,1.0,MEDIUM
1281890162,1,0,1,0,1,100.0,0,0,20.0,20.0,1,0,0,1.0,MEDIUM
1283688651,1,0,0,1,1,100.0,0,0,20.0,20.0,1,0,0,1.0,MEDIUM
1285187037,1,0,1,0,1,100.0,0,0,20.0,20.0,1,0,0,1.0,MEDIUM
1286342491,1,0,0,1,1,100.0,0,0,20.0,20.0,1,0,0,1.0,MEDIUM
1289946978,1,0,0,1,1,100.0,0,0,20.0,20.0,1,0,0,1.0,MEDIUM
1290663476,1,0,1,0,1,100.0,0,0,20.0,20.0,1,0,0,1.0,MEDIUM
1291093224,1,0,1,0,1,100.0,0,0,20.0,20.0,1,0,0,1.0,MEDIUM
1291738952,1,0,1,0,1,100.0,0,0,20.0,20.0,1,0,0,1.0,MEDIUM
1295824001,4,4,0,0,4,100.0,0,0,20.0,35.0,1,3,0,1.0,MEDIUM
1297833748,1,0,1,0,1,100.0,0,0,20.0,20.0,1,0,0,1.0,MEDIUM
1298216494,1,0,0,1,1,100.0,0,0,20.0,20.0,1,0,0,1.0,MEDIUM
1298881812,1,0,1,0,1,100.0,0,0,20.0,20.0,1,0,0,1.0,MEDIUM
1301750119,1,0,1,0,1,100.0,0,0,20.0,20.0,1,0,0,1.0,MEDIUM
1304426244,1,0,1,0,1,100.0,0,0,20.0,20.0,1,0,0,1.0,MEDIUM
1305116196,1,0,1,0,1,100.0,0,0,20.0,20.0,1,0,0,1.0,MEDIUM
1305985416,1,0,1,0,1,100.0,0,0,20.0,20.0,1,0,0,1.0,MEDIUM
1306240502,6,6,0,0,4,66.67,0,0,20.0,35.0,3,1,0,0.67,MEDIUM
1307296144,1,0,1,0,1,100.0,0,0,20.0,20.0,1,0,0,1.0,MEDIUM
1310056432,1,0,1,0,1,100.0,0,0,20.0,20.0,1,0,0,1.0,MEDIUM
1311862609,1,0,1,0,1,100.0,0,0,20.0,20.0,1,0,0,1.0,MEDIUM
1316930602,1,0,1,0,1,100.0,0,0,20.0,20.0,1,0,0,1.0,MEDIUM
1318989439,1,0,1,0,1,100.0,0,0,20.0,20.0,1,0,0,1.0,MEDIUM
1319088201,1,0,1,0,1,100.0,0,0,20.0,20.0,1,0,0,1.0,MEDIUM
1322330113,1,0,1,0,1,100.0,0,0,20.0,20.0,1,0,0,1.0,MEDIUM
1323704720,1,0,1,0,1,100.0,0,0,20.0,20.0,1,0,0,1.0,MEDIUM
1324297638,1,0,1,0,1,100.0,0,0,20.0,20.0,1,0,0,1.0,MEDIUM
1325547239,1,0,1,0,1,100.0,0,0,20.0,20.0,1,0,0,1.0,MEDIUM
1325587788,1,0,1,0,1,100.0,0,0,20.0,20.0,1,0,0,1.0,MEDIUM
1326214571,1,0,1,0,1,100.0,0,0,20.0,20.0,1,0,0,1.0,MEDIUM
1326920692,1,0,1,0,1,100.0,0,0,20.0,20.0,1,0,0,1.0,MEDIUM
1331375725,1,0,1,0,1,100.0,0,0,20.0,20.0,1,0,0,1.0,MEDIUM
1332700572,1,0,1,0,1,100.0,0,0,20.0,20.0,1,0,0,1.0,MEDIUM
1334236055,1,0,0,1,1,100.0,0,0,20.0,20.0,1,0,0,1.0,MEDIUM
1335214439,1,0,1,0,1,100.0,0,0,20.0,20.0,1,0,0,1.0,MEDIUM
1335734317,1,0,0,1,1,100.0,0,0,20.0,20.0,1,0,0,1.0,MEDIUM
1337691237,1,0,1,0,1,100.0,0,0,20.0,20.0,1,0,0,1.0,MEDIUM
1339375605,1,0,1,0,1,100.0,0,0,20.0,20.0,1,0,0,1.0,MEDIUM
1340092858,1,0,1,0,1,100.0,0,0,20.0,20.0,1,0,0,1.0,MEDIUM
1340302778,1,0,1,0,1,100.0,0,0,20.0,20.0,1,0,0,1.0,MEDIUM
1341102744,1,0,1,0,1,100.0,0,0,20.0,20.0,1,0,0,1.0,MEDIUM
1341582088,1,0,0,1,1,100.0,0,0,20.0,20.0,1,0,0,1.0,MEDIUM
1343310261,1,0,1,0,1,100.0,0,0,20.0,20.0,1,0,0,1.0,MEDIUM
1343995806,1,0,1,0,1,100.0,0,0,20.0,20.0,1,0,0,1.0,MEDIUM
1344881885,1,0,0,1,1,100.0,0,0,20.0,20.0,1,0,0,1.0,MEDIUM
1345988697,1,0,1,0,1,100.0,0,0,20.0,20.0,1,0,0,1.0,MEDIUM
1346248986,5,5,0,0,4,80.0,0,0,20.0,35.0,2,2,0,0.8,MEDIUM
1350314271,1,0,1,0,1,100.0,0,0,20.0,20.0,1,0,0,1.0,MEDIUM
1351651760,1,0,0,1,1,100.0,0,0,20.0,20.0,1,0,0,1.0,MEDIUM
1352321555,1,0,1,0,1,100.0,0,0,20.0,20.0,1,0,0,1.0,MEDIUM
1353411804,1,0,1,0,1,100.0,0,0,20.0,20.0,1,0,0,1.0,MEDIUM
1353648643,1,0,1,0,1,100.0,0,0,20.0,20.0,1,0,0,1.0,MEDIUM
1357088679,1,0,1,0,1,100.0,0,0,20.0,20.0,1,0,0,1.0,MEDIUM
1357090204,1,0,0,1,1,100.0,0,0,20.0,20.0,1,0,0,1.0,MEDIUM
1358357628,1,0,1,0,1,100.0,0,0,20.0,20.0,1,0,0,1.0,MEDIUM
1363891118,1,0,1,0,1,100.0,0,0,20.0,20.0,1,0,0,1.0,MEDIUM
1364022782,1,0,0,1,1,100.0,0,0,20.0,20.0,1,0,0,1.0,MEDIUM
1366803032,1,0,1,0,1,100.0,0,0,20.0,20.0,1,0,0,1.0,MEDIUM
1367935895,1,0,1,0,1,100.0,0,0,20.0,20.0,1,0,0,1.0,MEDIUM
1368628954,1,0,1,0,1,100.0,0,0,20.0,20.0,1,0,0,1.0,MEDIUM
1369810698,1,0,1,0,1,100.0,0,0,20.0,20.0,1,0,0,1.0,MEDIUM
1369828974,1,0,1,0,1,100.0,0,0,20.0,20.0,1,0,0,1.0,MEDIUM
1370871715,1,0,1,0,1,100.0,0,0,20.0,20.0,1,0,0,1.0,MEDIUM
1373804567,1,0,1,0,1,100.0,0,0,20.0,20.0,1,0,0,1.0,MEDIUM
1375473413,1,0,1,0,1,100.0,0,0,20.0,20.0,1,0,0,1.0,MEDIUM
1375766515,1,0,0,1,1,100.0,0,0,20.0,20.0,1,0,0,1.0,MEDIUM
1376453815,1,0,0,1,1,100.0,0,0,20.0,20.0,1,0,0,1.0,MEDIUM
1376591432,1,0,1,0,1,100.0,0,0,20.0,20.0,1,0,0,1.0,MEDIUM
1377845914,1,0,1,0,1,100.0,0,0,20.0,20.0,1,0,0,1.0,MEDIUM
1377864384,1,0,1,0,1,100.0,0,0,20.0,20.0,1,0,0,1.0,MEDIUM
1379555608,1,0,1,0,1,100.0,0,0,20.0,20.0,1,0,0,1.0,MEDIUM
1381360444,1,0,1,0,1,100.0,0,0,20.0,20.0,1,0,0,1.0,MEDIUM
1384049598,1,0,1,0,1,100.0,0,0,20.0,20.0,1,0,0,1.0,MEDIUM
1384897444,1,0,1,0,1,100.0,0,0,20.0,20.0,1,0,0,1.0,MEDIUM
1386653802,1,0,1,0,1,100.0,0,0,20.0,20.0,1,0,0,1.0,MEDIUM
1388100602,1,0,0,1,1,100.0,0,0,20.0,20.0,1,0,0,1.0,MEDIUM
1391323572,1,0,1,0,1,100.0,0,0,20.0,20.0,1,0,0,1.0,MEDIUM
1392746013,1,0,1,0,1,100.0,0,0,20.0,20.0,1,0,0,1.0,MEDIUM
1394866000,1,0,1,0,1,100.0,0,0,20.0,20.0,1,0,0,1.0,MEDIUM
1396926994,6,6,0,0,4,66.67,0,0,20.0,35.0,3,1,0,0.67,MEDIUM
1398866824,1,0,0,1,1,100.0,0,0,20.0,20.0,1,0,0,1.0,MEDIUM
1399411961,1,0,0,1,1,100.0,0,0,20.0,20.0,1,0,0,1.0,MEDIUM
1399922285,1,0,1,0,1,100.0,0,0,20.0,20.0,1,0,0,1.0,MEDIUM
1400132659,1,0,1,0,1,100.0,0,0,20.0,20.0,1,0,0,1.0,MEDIUM
1401562924,1,0,1,0,1,100.0,0,0,20.0,20.0,1,0,0,1.0,MEDIUM
1402177217,1,0,1,0,1,100.0,0,0,20.0,20.0,1,0,0,1.0,MEDIUM
1403488012,1,0,0,1,1,100.0,0,0,20.0,20.0,1,0,0,1.0,MEDIUM
1404002391,1,0,1,0,1,100.0,0,0,20.0,20.0,1,0,0,1.0,MEDIUM
1404091423,1,0,1,0,1,100.0,0,0,20.0,20.0,1,0,0,1.0,MEDIUM
1405090164,1,0,0,1,1,100.0,0,0,20.0,20.0,1,0,0,1.0,MEDIUM
1405730364,1,0,1,0,1,100.0,0,0,20.0,20.0,1,0,0,1.0,MEDIUM
1405950597,1,0,1,0,1,100.0,0,0,20.0,20.0,1,0,0,1.0,MEDIUM
1407794668,1,0,0,1,1,100.0,0,0,20.0,20.0,1,0,0,1.0,MEDIUM
1411671339,1,0,1,0,1,100.0,0,0,20.0,20.0,1,0,0,1.0,MEDIUM
1412413437,1,0,1,0,1,100.0,0,0,20.0,20.0,1,0,0,1.0,MEDIUM
1413313904,1,0,1,0,1,100.0,0,0,20.0,20.0,1,0,0,1.0,MEDIUM
1413711136,1,0,1,0,1,100.0,0,0,20.0,20.0,1,0,0,1.0,MEDIUM
1414810856,1,0,1,0,1,100.0,0,0,20.0,20.0,1,0,0,1.0,MEDIUM
1416419119,1,0,0,1,1,100.0,0,0,20.0,20.0,1,0,0,1.0,MEDIUM
1417731675,1,0,1,0,1,100.0,0,0,20.0,20.0,1,0,0,1.0,MEDIUM
1418412150,1,0,0,1,1,100.0,0,0,20.0,20.0,1,0,0,1.0,MEDIUM
1419120595,1,0,1,0,1,100.0,0,0,20.0,20.0,1,0,0,1.0,MEDIUM
1422061538,1,0,1,0,1,100.0,0,0,20.0,20.0,1,0,0,1.0,MEDIUM
1423019407,1,0,1,0,1,100.0,0,0,20.0,20.0,1,0,0,1.0,MEDIUM
1423632597,1,0,1,0,1,100.0,0,0,20.0,20.0,1,0,0,1.0,MEDIUM
1424593618,1,0,1,0,1,100.0,0,0,20.0,20.0,1,0,0,1.0,MEDIUM
1424657658,1,0,1,0,1,100.0,0,0,20.0,20.0,1,0,0,1.0,MEDIUM
1424844104,1,0,1,0,1,100.0,0,0,20.0,20.0,1,0,0,1.0,MEDIUM
1427009026,6,6,0,0,4,66.67,0,0,20.0,35.0,3,1,0,0.67,MEDIUM
1427097716,11,11,0,0,6,54.55,0,0,20.0,50.0,5,3,0,0.73,MEDIUM
1428341477,1,0,1,0,1,100.0,0,0,20.0,20.0,1,0,0,1.0,MEDIUM
1429561276,1,0,1,0,1,100.0,0,0,20.0,20.0,1,0,0,1.0,MEDIUM
1430597313,1,0,1,0,1,100.0,0,0,20.0,20.0,1,0,0,1.0,MEDIUM
1434511829,1,0,1,0,1,100.0,0,0,20.0,20.0,1,0,0,1.0,MEDIUM
1435863970,1,0,1,0,1,100.0,0,0,20.0,20.0,1,0,0,1.0,MEDIUM
1436024995,1,0,1,0,1,100.0,0,0,20.0,20.0,1,0,0,1.0,MEDIUM
1436149747,1,0,1,0,1,100.0,0,0,20.0,20.0,1,0,0,1.0,MEDIUM
1437138841,1,0,0,1,1,100.0,0,0,20.0,20.0,1,0,0,1.0,MEDIUM
1439432127,1,0,1,0,1,100.0,0,0,20.0,20.0,1,0,0,1.0,MEDIUM
1441166611,1,0,1,0,1,100.0,0,0,20.0,20.0,1,0,0,1.0,MEDIUM
1442949768,1,0,0,1,1,100.0,0,0,20.0,20.0,1,0,0,1.0,MEDIUM
1443806592,1,0,1,0,1,100.0,0,0,20.0,20.0,1,0,0,1.0,MEDIUM
1445494446,1,0,1,0,1,100.0,0,0,20.0,20.0,1,0,0,1.0,MEDIUM
1446864012,1,0,1,0,1,100.0,0,0,20.0,20.0,1,0,0,1.0,MEDIUM
1451142606,1,0,1,0,1,100.0,0,0,20.0,20.0,1,0,0,1.0,MEDIUM
1452193252,1,0,1,0,1,100.0,0,0,20.0,20.0,1,0,0,1.0,MEDIUM
1452454478,1,0,1,0,1,100.0,0,0,20.0,20.0,1,0,0,1.0,MEDIUM
1453281965,1,0,1,0,1,100.0,0,0,20.0,20.0,1,0,0,1.0,MEDIUM
1454226382,1,0,0,1,1,100.0,0,0,20.0,20.0,1,0,0,1.0,MEDIUM
1458185012,1,0,0,1,1,100.0,0,0,20.0,20.0,1,0,0,1.0,MEDIUM
1461084103,1,0,1,0,1,100.0,0,0,20.0,20.0,1,0,0,1.0,MEDIUM
1462286750,1,0,1,0,1,100.0,0,0,20.0,20.0,1,0,0,1.0,MEDIUM
1462684380,1,0,0,1,1,100.0,0,0,20.0,20.0,1,0,0,1.0,MEDIUM
1462841457,1,0,1,0,1,100.0,0,0,20.0,20.0,1,0,0,1.0,MEDIUM
1463142373,1,0,1,0,1,100.0,0,0,20.0,20.0,1,0,0,1.0,MEDIUM
1463429137,1,0,1,0,1,100.0,0,0,20.0,20.0,1,0,0,1.0,MEDIUM
1465448393,1,0,1,0,1,100.0,0,0,20.0,20.0,1,0,0,1.0,MEDIUM
1470975576,1,0,1,0,1,100.0,0,0,20.0,20.0,1,0,0,1.0,MEDIUM
1472555609,1,0,1,0,1,100.0,0,0,20.0,20.0,1,0,0,1.0,MEDIUM
1474234951,1,0,1,0,1,100.0,0,0,20.0,20.0,1,0,0,1.0,MEDIUM
1475065908,1,0,0,1,1,100.0,0,0,20.0,20.0,1,0,0,1.0,MEDIUM
1476946248,1,0,1,0,1,100.0,0,0,20.0,20.0,1,0,0,1.0,MEDIUM
1477758203,1,0,0,1,1,100.0,0,0,20.0,20.0,1,0,0,1.0,MEDIUM
1478028557,1,0,1,0,1,100.0,0,0,20.0,20.0,1,0,0,1.0,MEDIUM
1478933760,1,0,1,0,1,100.0,0,0,20.0,20.0,1,0,0,1.0,MEDIUM
1480470651,1,0,1,0,1,100.0,0,0,20.0,20.0,1,0,0,1.0,MEDIUM
1481754943,1,0,1,0,1,100.0,0,0,20.0,20.0,1,0,0,1.0,MEDIUM
1482540192,1,0,1,0,1,100.0,0,0,20.0,20.0,1,0,0,1.0,MEDIUM
1482755120,1,0,1,0,1,100.0,0,0,20.0,20.0,1,0,0,1.0,MEDIUM
1482794398,1,0,1,0,1,100.0,0,0,20.0,20.0,1,0,0,1.0,MEDIUM
1482826601,1,0,1,0,1,100.0,0,0,20.0,20.0,1,0,0,1.0,MEDIUM
1483518428,1,0,1,0,1,100.0,0,0,20.0,20.0,1,0,0,1.0,MEDIUM
1487550778,1,0,1,0,1,100.0,0,0,20.0,20.0,1,0,0,1.0,MEDIUM
1490169153,1,0,0,1,1,100.0,0,0,20.0,20.0,1,0,0,1.0,MEDIUM
1492725733,1,0,1,0,1,100.0,0,0,20.0,20.0,1,0,0,1.0,MEDIUM
1493037665,1,0,1,0,1,100.0,0,0,20.0,20.0,1,0,0,1.0,MEDIUM
1495891468,1,0,1,0,1,100.0,0,0,20.0,20.0,1,0,0,1.0,MEDIUM
1496692413,1,0,1,0,1,100.0,0,0,20.0,20.0,1,0,0,1.0,MEDIUM
1497807868,1,0,1,0,1,100.0,0,0,20.0,20.0,1,0,0,1.0,MEDIUM
1498992378,1,0,1,0,1,100.0,0,0,20.0,20.0,1,0,0,1.0,MEDIUM
1499160807,1,0,1,0,1,100.0,0,0,20.0,20.0,1,0,0,1.0,MEDIUM
1500211152,1,0,1,0,1,100.0,0,0,20.0,20.0,1,0,0,1.0,MEDIUM
1502469450,1,0,0,1,1,100.0,0,0,20.0,20.0,1,0,0,1.0,MEDIUM
1503166170,1,0,1,0,1,100.0,0,0,20.0,20.0,1,0,0,1.0,MEDIUM
1503193375,1,0,0,1,1,100.0,0,0,20.0,20.0,1,0,0,1.0,MEDIUM
1504554442,1,0,0,1,1,100.0,0,0,20.0,20.0,1,0,0,1.0,MEDIUM
1504956196,1,0,0,1,1,100.0,0,0,20.0,20.0,1,0,0,1.0,MEDIUM
1505334263,1,0,0,1,1,100.0,0,0,20.0,20.0,1,0,0,1.0,MEDIUM
1505430721,1,0,1,0,1,100.0,0,0,20.0,20.0,1,0,0,1.0,MEDIUM
1507021693,1,0,1,0,1,100.0,0,0,20.0,20.0,1,0,0,1.0,MEDIUM
1510234373,1,0,1,0,1,100.0,0,0,20.0,20.0,1,0,0,1.0,MEDIUM
1513221148,1,0,1,0,1,100.0,0,0,20.0,20.0,1,0,0,1.0,MEDIUM
1513223101,1,0,1,0,1,100.0,0,0,20.0,20.0,1,0,0,1.0,MEDIUM
1514681740,1,0,0,1,1,100.0,0,0,20.0,20.0,1,0,0,1.0,MEDIUM
1517099521,1,0,1,0,1,100.0,0,0,20.0,20.0,1,0,0,1.0,MEDIUM
1517219639,1,0,1,0,1,100.0,0,0,20.0,20.0,1,0,0,1.0,MEDIUM
1517939970,1,0,1,0,1,100.0,0,0,20.0,20.0,1,0,0,1.0,MEDIUM
1517979394,1,0,1,0,1,100.0,0,0,20.0,20.0,1,0,0,1.0,MEDIUM
1518301694,1,0,1,0,1,100.0,0,0,20.0,20.0,1,0,0,1.0,MEDIUM
1519613429,1,0,1,0,1,100.0,0,0,20.0,20.0,1,0,0,1.0,MEDIUM
1520370764,1,0,1,0,1,100.0,0,0,20.0,20.0,1,0,0,1.0,MEDIUM
1523966000,1,0,1,0,1,100.0,0,0,20.0,20.0,1,0,0,1.0,MEDIUM
1524975943,1,0,1,0,1,100.0,0,0,20.0,20.0,1,0,0,1.0,MEDIUM
1525711196,1,0,1,0,1,100.0,0,0,20.0,20.0,1,0,0,1.0,MEDIUM
1526163443,1,0,1,0,1,100.0,0,0,20.0,20.0,1,0,0,1.0,MEDIUM
1526224047,1,0,1,0,1,100.0,0,0,20.0,20.0,1,0,0,1.0,MEDIUM
1526522266,1,0,1,0,1,100.0,0,0,20.0,20.0,1,0,0,1.0,MEDIUM
1526757445,1,0,1,0,1,100.0,0,0,20.0,20.0,1,0,0,1.0,MEDIUM
1528377687,1,0,0,1,1,100.0,0,0,20.0,20.0,1,0,0,1.0,MEDIUM
1528499969,5,5,0,0,3,60.0,0,0,20.0,50.0,2,2,0,0.8,MEDIUM
1529130806,1,0,1,0,1,100.0,0,0,20.0,20.0,1,0,0,1.0,MEDIUM
1535148912,1,0,1,0,1,100.0,0,0,20.0,20.0,1,0,0,1.0,MEDIUM
1536968464,1,0,1,0,1,100.0,0,0,20.0,20.0,1,0,0,1.0,MEDIUM
1538676404,1,0,1,0,1,100.0,0,0,20.0,20.0,1,0,0,1.0,MEDIUM
1540114489,1,0,1,0,1,100.0,0,0,20.0,20.0,1,0,0,1.0,MEDIUM
1541179930,1,0,1,0,1,100.0,0,0,20.0,20.0,1,0,0,1.0,MEDIUM
1541600630,1,0,1,0,1,100.0,0,0,20.0,20.0,1,0,0,1.0,MEDIUM
1542079348,1,0,1,0,1,100.0,0,0,20.0,20.0,1,0,0,1.0,MEDIUM
1542357102,1,0,1,0,1,100.0,0,0,20.0,20.0,1,0,0,1.0,MEDIUM
1542759940,1,0,1,0,1,100.0,0,0,20.0,20.0,1,0,0,1.0,MEDIUM
1542894089,1,0,1,0,1,100.0,0,0,20.0,20.0,1,0,0,1.0,MEDIUM
1542956794,1,0,1,0,1,100.0,0,0,20.0,20.0,1,0,0,1.0,MEDIUM
1544058910,1,0,1,0,1,100.0,0,0,20.0,20.0,1,0,0,1.0,MEDIUM
1544611454,1,0,1,0,1,100.0,0,0,20.0,20.0,1,0,0,1.0,MEDIUM
1547155376,1,0,0,1,1,100.0,0,0,20.0,20.0,1,0,0,1.0,MEDIUM
1547960547,1,0,1,0,1,100.0,0,0,20.0,20.0,1,0,0,1.0,MEDIUM
1548581929,1,0,1,0,1,100.0,0,0,20.0,20.0,1,0,0,1.0,MEDIUM
1550282381,1,0,1,0,1,100.0,0,0,20.0,20.0,1,0,0,1.0,MEDIUM
1552425901,1,0,1,0,1,100.0,0,0,20.0,20.0,1,0,0,1.0,MEDIUM
1553868061,1,0,1,0,1,100.0,0,0,20.0,20.0,1,0,0,1.0,MEDIUM
1553885483,1,0,1,0,1,100.0,0,0,20.0,20.0,1,0,0,1.0,MEDIUM
1556003845,1,0,1,0,1,100.0,0,0,20.0,20.0,1,0,0,1.0,MEDIUM
1557614308,1,0,1,0,1,100.0,0,0,20.0,20.0,1,0,0,1.0,MEDIUM
1560073605,1,0,1,0,1,100.0,0,0,20.0,20.0,1,0,0,1.0,MEDIUM
1560598953,1,0,1,0,1,100.0,0,0,20.0,20.0,1,0,0,1.0,MEDIUM
1563857002,1,0,1,0,1,100.0,0,0,20.0,20.0,1,0,0,1.0,MEDIUM
1565550719,1,0,0,1,1,100.0,0,0,20.0,20.0,1,0,0,1.0,MEDIUM
1565879477,1,0,1,0,1,100.0,0,0,20.0,20.0,1,0,0,1.0,MEDIUM
1567124873,1,0,1,0,1,100.0,0,0,20.0,20.0,1,0,0,1.0,MEDIUM
1567574123,1,0,1,0,1,100.0,0,0,20.0,20.0,1,0,0,1.0,MEDIUM
1567703918,1,0,1,0,1,100.0,0,0,20.0,20.0,1,0,0,1.0,MEDIUM
1569490113,1,0,1,0,1,100.0,0,0,20.0,20.0,1,0,0,1.0,MEDIUM
1569913135,1,0,1,0,1,100.0,0,0,20.0,20.0,1,0,0,1.0,MEDIUM
1570776453,1,0,1,0,1,100.0,0,0,20.0,20.0,1,0,0,1.0,MEDIUM
1573375741,1,0,1,0,1,100.0,0,0,20.0,20.0,1,0,0,1.0,MEDIUM
1574357812,1,0,1,0,1,100.0,0,0,20.0,20.0,1,0,0,1.0,MEDIUM
1574382862,1,0,1,0,1,100.0,0,0,20.0,20.0,1,0,0,1.0,MEDIUM
1575267809,1,0,1,0,1,100.0,0,0,20.0,20.0,1,0,0,1.0,MEDIUM
1577213619,1,0,1,0,1,100.0,0,0,20.0,20.0,1,0,0,1.0,MEDIUM
1579251048,1,0,1,0,1,100.0,0,0,20.0,20.0,1,0,0,1.0,MEDIUM
1580113446,1,0,1,0,1,100.0,0,0,20.0,20.0,1,0,0,1.0,MEDIUM
1580241349,1,0,1,0,1,100.0,0,0,20.0,20.0,1,0,0,1.0,MEDIUM
1581443617,1,0,1,0,1,100.0,0,0,20.0,20.0,1,0,0,1.0,MEDIUM
1584485910,1,0,1,0,1,100.0,0,0,20.0,20.0,1,0,0,1.0,MEDIUM
1586533559,1,0,1,0,1,100.0,0,0,20.0,20.0,1,0,0,1.0,MEDIUM
1586865874,1,0,1,0,1,100.0,0,0,20.0,20.0,1,0,0,1.0,MEDIUM
1587165725,1,0,0,1,1,100.0,0,0,20.0,20.0,1,0,0,1.0,MEDIUM
1587984422,1,0,1,0,1,100.0,0,0,20.0,20.0,1,0,0,1.0,MEDIUM
1588611925,1,0,1,0,1,100.0,0,0,20.0,20.0,1,0,0,1.0,MEDIUM
1595536167,1,0,1,0,1,100.0,0,0,20.0,20.0,1,0,0,1.0,MEDIUM
1597349709,1,0,0,1,1,100.0,0,0,20.0,20.0,1,0,0,1.0,MEDIUM
1597574444,1,0,1,0,1,100.0,0,0,20.0,20.0,1,0,0,1.0,MEDIUM
1599366200,1,0,1,0,1,100.0,0,0,20.0,20.0,1,0,0,1.0,MEDIUM
1599484187,1,0,1,0,1,100.0,0,0,20.0,20.0,1,0,0,1.0,MEDIUM
1600956430,1,0,1,0,1,100.0,0,0,20.0,20.0,1,0,0,1.0,MEDIUM
1602744356,1,0,1,0,1,100.0,0,0,20.0,20.0,1,0,0,1.0,MEDIUM
1602750102,1,0,1,0,1,100.0,0,0,20.0,20.0,1,0,0,1.0,MEDIUM
1603437587,1,0,1,0,1,100.0,0,0,20.0,20.0,1,0,0,1.0,MEDIUM
1607271171,1,0,0,1,1,100.0,0,0,20.0,20.0,1,0,0,1.0,MEDIUM
1607940650,1,0,1,0,1,100.0,0,0,20.0,20.0,1,0,0,1.0,MEDIUM
1608604261,1,0,1,0,1,100.0,0,0,20.0,20.0,1,0,0,1.0,MEDIUM
1610938170,1,0,1,0,1,100.0,0,0,20.0,20.0,1,0,0,1.0,MEDIUM
1612187211,1,0,1,0,1,100.0,0,0,20.0,20.0,1,0,0,1.0,MEDIUM
1614162374,1,0,1,0,1,100.0,0,0,20.0,20.0,1,0,0,1.0,MEDIUM
1617837804,1,0,1,0,1,100.0,0,0,20.0,20.0,1,0,0,1.0,MEDIUM
1618152578,1,0,1,0,1,100.0,0,0,20.0,20.0,1,0,0,1.0,MEDIUM
1619676083,1,0,1,0,1,100.0,0,0,20.0,20.0,1,0,0,1.0,MEDIUM
1619795141,1,0,1,0,1,100.0,0,0,20.0,20.0,1,0,0,1.0,MEDIUM
1619904009,1,0,1,0,1,100.0,0,0,20.0,20.0,1,0,0,1.0,MEDIUM
1620418075,1,0,1,0,1,100.0,0,0,20.0,20.0,1,0,0,1.0,MEDIUM
1620773854,1,0,1,0,1,100.0,0,0,20.0,20.0,1,0,0,1.0,MEDIUM
1620913168,1,0,1,0,1,100.0,0,0,20.0,20.0,1,0,0,1.0,MEDIUM
1622438171,1,0,0,1,1,100.0,0,0,20.0,20.0,1,0,0,1.0,MEDIUM
1622559226,1,0,1,0,1,100.0,0,0,20.0,20.0,1,0,0,1.0,MEDIUM
1623533175,1,0,1,0,1,100.0,0,0,20.0,20.0,1,0,0,1.0,MEDIUM
1623536325,1,0,1,0,1,100.0,0,0,20.0,20.0,1,0,0,1.0,MEDIUM
1625870717,1,0,1,0,1,100.0,0,0,20.0,20.0,1,0,0,1.0,MEDIUM
1627016576,1,0,1,0,1,100.0,0,0,20.0,20.0,1,0,0,1.0,MEDIUM
1631129513,1,0,1,0,1,100.0,0,0,20.0,20.0,1,0,0,1.0,MEDIUM
1632806934,1,0,1,0,1,100.0,0,0,20.0,20.0,1,0,0,1.0,MEDIUM
1633126209,1,0,1,0,1,100.0,0,0,20.0,20.0,1,0,0,1.0,MEDIUM
1633191060,1,0,1,0,1,100.0,0,0,20.0,20.0,1,0,0,1.0,MEDIUM
1633238599,1,0,1,0,1,100.0,0,0,20.0,20.0,1,0,0,1.0,MEDIUM
1633636583,1,0,1,0,1,100.0,0,0,20.0,20.0,1,0,0,1.0,MEDIUM
1634664956,1,0,0,1,1,100.0,0,0,20.0,20.0,1,0,0,1.0,MEDIUM
1635167885,1,0,1,0,1,100.0,0,0,20.0,20.0,1,0,0,1.0,MEDIUM
1635513237,1,0,1,0,1,100.0,0,0,20.0,20.0,1,0,0,1.0,MEDIUM
1636672090,1,0,1,0,1,100.0,0,0,20.0,20.0,1,0,0,1.0,MEDIUM
1638808757,1,0,1,0,1,100.0,0,0,20.0,20.0,1,0,0,1.0,MEDIUM
1644032336,1,0,0,1,1,100.0,0,0,20.0,20.0,1,0,0,1.0,MEDIUM
1644343698,1,0,1,0,1,100.0,0,0,20.0,20.0,1,0,0,1.0,MEDIUM
1645339864,1,0,1,0,1,100.0,0,0,20.0,20.0,1,0,0,1.0,MEDIUM
1645833044,1,0,1,0,1,100.0,0,0,20.0,20.0,1,0,0,1.0,MEDIUM
1646671073,1,0,1,0,1,100.0,0,0,20.0,20.0,1,0,0,1.0,MEDIUM
1646978418,1,0,1,0,1,100.0,0,0,20.0,20.0,1,0,0,1.0,MEDIUM
1647036616,1,0,1,0,1,100.0,0,0,20.0,20.0,1,0,0,1.0,MEDIUM
1648357430,1,0,1,0,1,100.0,0,0,20.0,20.0,1,0,0,1.0,MEDIUM
1649384196,1,0,1,0,1,100.0,0,0,20.0,20.0,1,0,0,1.0,MEDIUM
1649728198,1,0,1,0,1,100.0,0,0,20.0,20.0,1,0,0,1.0,MEDIUM
1651044663,1,0,1,0,1,100.0,0,0,20.0,20.0,1,0,0,1.0,MEDIUM
1655294724,1,0,1,0,1,100.0,0,0,20.0,20.0,1,0,0,1.0,MEDIUM
1658706664,1,0,0,1,1,100.0,0,0,20.0,20.0,1,0,0,1.0,MEDIUM
1660296906,1,0,1,0,1,100.0,0,0,20.0,20.0,1,0,0,1.0,MEDIUM
1662986205,1,0,1,0,1,100.0,0,0,20.0,20.0,1,0,0,1.0,MEDIUM
1663965519,1,0,1,0,1,100.0,0,0,20.0,20.0,1,0,0,1.0,MEDIUM
1664150376,1,0,1,0,1,100.0,0,0,20.0,20.0,1,0,0,1.0,MEDIUM
1665044371,1,0,1,0,1,100.0,0,0,20.0,20.0,1,0,0,1.0,MEDIUM
1668181860,1,0,1,0,1,100.0,0,0,20.0,20.0,1,0,0,1.0,MEDIUM
1668438528,1,0,1,0,1,100.0,0,0,20.0,20.0,1,0,0,1.0,MEDIUM
1669302978,1,0,1,0,1,100.0,0,0,20.0,20.0,1,0,0,1.0,MEDIUM
1669311349,1,0,1,0,1,100.0,0,0,20.0,20.0,1,0,0,1.0,MEDIUM
1669369866,1,0,1,0,1,100.0,0,0,20.0,20.0,1,0,0,1.0,MEDIUM
1669417101,1,0,1,0,1,100.0,0,0,20.0,20.0,1,0,0,1.0,MEDIUM
1671098558,1,0,1,0,1,100.0,0,0,20.0,20.0,1,0,0,1.0,MEDIUM
1674715270,1,0,1,0,1,100.0,0,0,20.0,20.0,1,0,0,1.0,MEDIUM
1675121899,1,0,1,0,1,100.0,0,0,20.0,20.0,1,0,0,1.0,MEDIUM
1676405539,1,0,1,0,1,100.0,0,0,20.0,20.0,1,0,0,1.0,MEDIUM
1679455386,1,0,1,0,1,100.0,0,0,20.0,20.0,1,0,0,1.0,MEDIUM
1680122967,1,0,1,0,1,100.0,0,0,20.0,20.0,1,0,0,1.0,MEDIUM
1680162152,1,0,1,0,1,100.0,0,0,20.0,20.0,1,0,0,1.0,MEDIUM
1680693973,1,0,0,1,1,100.0,0,0,20.0,20.0,1,0,0,1.0,MEDIUM
1680783945,1,0,1,0,1,100.0,0,0,20.0,20.0,1,0,0,1.0,MEDIUM
1684842710,1,0,1,0,1,100.0,0,0,20.0,20.0,1,0,0,1.0,MEDIUM
1689724303,1,0,0,1,1,100.0,0,0,20.0,20.0,1,0,0,1.0,MEDIUM
1690228073,1,0,1,0,1,100.0,0,0,20.0,20.0,1,0,0,1.0,MEDIUM
1690479087,1,0,1,0,1,100.0,0,0,20.0,20.0,1,0,0,1.0,MEDIUM
1690585178,1,0,0,1,1,100.0,0,0,20.0,20.0,1,0,0,1.0,MEDIUM
1693852781,1,0,1,0,1,100.0,0,0,20.0,20.0,1,0,0,1.0,MEDIUM
1693909696,1,0,0,1,1,100.0,0,0,20.0,20.0,1,0,0,1.0,MEDIUM
1695899951,1,0,1,0,1,100.0,0,0,20.0,20.0,1,0,0,1.0,MEDIUM
1697296549,1,0,1,0,1,100.0,0,0,20.0,20.0,1,0,0,1.0,MEDIUM
1702241557,1,0,1,0,1,100.0,0,0,20.0,20.0,1,0,0,1.0,MEDIUM
1702434742,1,0,1,0,1,100.0,0,0,20.0,20.0,1,0,0,1.0,MEDIUM
1704539888,1,0,1,0,1,100.0,0,0,20.0,20.0,1,0,0,1.0,MEDIUM
1704563776,1,0,1,0,1,100.0,0,0,20.0,20.0,1,0,0,1.0,MEDIUM
1704602240,1,0,1,0,1,100.0,0,0,20.0,20.0,1,0,0,1.0,MEDIUM
1706153462,1,0,1,0,1,100.0,0,0,20.0,20.0,1,0,0,1.0,MEDIUM
1706506374,1,0,1,0,1,100.0,0,0,20.0,20.0,1,0,0,1.0,MEDIUM
1708221013,1,0,1,0,1,100.0,0,0,20.0,20.0,1,0,0,1.0,MEDIUM
1709501688,1,0,1,0,1,100.0,0,0,20.0,20.0,1,0,0,1.0,MEDIUM
1710276597,1,0,1,0,1,100.0,0,0,20.0,20.0,1,0,0,1.0,MEDIUM
1712032475,1,0,1,0,1,100.0,0,0,20.0,20.0,1,0,0,1.0,MEDIUM
1713308088,1,0,1,0,1,100.0,0,0,20.0,20.0,1,0,0,1.0,MEDIUM
1713728052,1,0,1,0,1,100.0,0,0,20.0,20.0,1,0,0,1.0,MEDIUM
1714106787,1,0,1,0,1,100.0,0,0,20.0,20.0,1,0,0,1.0,MEDIUM
1715556836,1,0,1,0,1,100.0,0,0,20.0,20.0,1,0,0,1.0,MEDIUM
1718181987,1,0,1,0,1,100.0,0,0,20.0,20.0,1,0,0,1.0,MEDIUM
1720057810,1,0,1,0,1,100.0,0,0,20.0,20.0,1,0,0,1.0,MEDIUM
1720525584,1,0,1,0,1,100.0,0,0,20.0,20.0,1,0,0,1.0,MEDIUM
1721675986,1,0,1,0,1,100.0,0,0,20.0,20.0,1,0,0,1.0,MEDIUM
1722042887,1,0,1,0,1,100.0,0,0,20.0,20.0,1,0,0,1.0,MEDIUM
1723145219,1,0,1,0,1,100.0,0,0,20.0,20.0,1,0,0,1.0,MEDIUM
1723817137,1,0,1,0,1,100.0,0,0,20.0,20.0,1,0,0,1.0,MEDIUM
1728865384,1,0,1,0,1,100.0,0,0,20.0,20.0,1,0,0,1.0,MEDIUM
1729252436,1,0,1,0,1,100.0,0,0,20.0,20.0,1,0,0,1.0,MEDIUM
1730587072,5,5,0,0,3,60.0,0,0,20.0,50.0,2,2,0,0.8,MEDIUM
1733163463,1,0,1,0,1,100.0,0,0,20.0,20.0,1,0,0,1.0,MEDIUM
1734837275,1,0,1,0,1,100.0,0,0,20.0,20.0,1,0,0,1.0,MEDIUM
1739313686,1,0,0,1,1,100.0,0,0,20.0,20.0,1,0,0,1.0,MEDIUM
1739726065,1,0,1,0,1,100.0,0,0,20.0,20.0,1,0,0,1.0,MEDIUM
1740301345,1,0,1,0,1,100.0,0,0,20.0,20.0,1,0,0,1.0,MEDIUM
1742480263,1,0,1,0,1,100.0,0,0,20.0,20.0,1,0,0,1.0,MEDIUM
1744657561,1,0,1,0,1,100.0,0,0,20.0,20.0,1,0,0,1.0,MEDIUM
1746215446,1,0,1,0,1,100.0,0,0,20.0,20.0,1,0,0,1.0,MEDIUM
1747552062,1,0,1,0,1,100.0,0,0,20.0,20.0,1,0,0,1.0,MEDIUM
1749447344,1,0,1,0,1,100.0,0,0,20.0,20.0,1,0,0,1.0,MEDIUM
1750908044,1,0,1,0,1,100.0,0,0,20.0,20.0,1,0,0,1.0,MEDIUM
1751692178,1,0,1,0,1,100.0,0,0,20.0,20.0,1,0,0,1.0,MEDIUM
1752764825,1,0,1,0,1,100.0,0,0,20.0,20.0,1,0,0,1.0,MEDIUM
1753049435,1,0,1,0,1,100.0,0,0,20.0,20.0,1,0,0,1.0,MEDIUM
1754738074,1,0,0,1,1,100.0,0,0,20.0,20.0,1,0,0,1.0,MEDIUM
1755815417,1,0,1,0,1,100.0,0,0,20.0,20.0,1,0,0,1.0,MEDIUM
1758162886,1,0,1,0,1,100.0,0,0,20.0,20.0,1,0,0,1.0,MEDIUM
1759165745,1,0,1,0,1,100.0,0,0,20.0,20.0,1,0,0,1.0,MEDIUM
1762354620,1,0,1,0,1,100.0,0,0,20.0,20.0,1,0,0,1.0,MEDIUM
1762807854,1,0,1,0,1,100.0,0,0,20.0,20.0,1,0,0,1.0,MEDIUM
1763505632,1,0,1,0,1,100.0,0,0,20.0,20.0,1,0,0,1.0,MEDIUM
1763761758,1,0,0,1,1,100.0,0,0,20.0,20.0,1,0,0,1.0,MEDIUM
1765397792,1,0,1,0,1,100.0,0,0,20.0,20.0,1,0,0,1.0,MEDIUM
1767425280,1,0,1,0,1,100.0,0,0,20.0,20.0,1,0,0,1.0,MEDIUM
1768196427,1,0,1,0,1,100.0,0,0,20.0,20.0,1,0,0,1.0,MEDIUM
1770042434,1,0,1,0,1,100.0,0,0,20.0,20.0,1,0,0,1.0,MEDIUM
1770233561,1,0,1,0,1,100.0,0,0,20.0,20.0,1,0,0,1.0,MEDIUM
1770834244,4,4,0,0,3,75.0,0,0,20.0,50.0,1,3,0,1.0,MEDIUM
1771669828,1,0,1,0,1,100.0,0,0,20.0,20.0,1,0,0,1.0,MEDIUM
1772649150,1,0,1,0,1,100.0,0,0,20.0,20.0,1,0,0,1.0,MEDIUM
1772990639,1,0,1,0,1,100.0,0,0,20.0,20.0,1,0,0,1.0,MEDIUM
1773047001,1,0,1,0,1,100.0,0,0,20.0,20.0,1,0,0,1.0,MEDIUM
1773254593,1,0,1,0,1,100.0,0,0,20.0,20.0,1,0,0,1.0,MEDIUM
1774555289,1,0,1,0,1,100.0,0,0,20.0,20.0,1,0,0,1.0,MEDIUM
1775292633,1,0,1,0,1,100.0,0,0,20.0,20.0,1,0,0,1.0,MEDIUM
1778994093,1,0,1,0,1,100.0,0,0,20.0,20.0,1,0,0,1.0,MEDIUM
1779383795,1,0,1,0,1,100.0,0,0,20.0,20.0,1,0,0,1.0,MEDIUM
1780759900,1,0,1,0,1,100.0,0,0,20.0,20.0,1,0,0,1.0,MEDIUM
1781201371,1,0,1,0,1,100.0,0,0,20.0,20.0,1,0,0,1.0,MEDIUM
1783020773,1,0,1,0,1,100.0,0,0,20.0,20.0,1,0,0,1.0,MEDIUM
1783857892,1,0,1,0,1,100.0,0,0,20.0,20.0,1,0,0,1.0,MEDIUM
1784659052,1,0,1,0,1,100.0,0,0,20.0,20.0,1,0,0,1.0,MEDIUM
1785201838,1,0,1,0,1,100.0,0,0,20.0,20.0,1,0,0,1.0,MEDIUM
1786075221,1,0,1,0,1,100.0,0,0,20.0,20.0,1,0,0,1.0,MEDIUM
1787137051,1,0,1,0,1,100.0,0,0,20.0,20.0,1,0,0,1.0,MEDIUM
1788506343,1,0,1,0,1,100.0,0,0,20.0,20.0,1,0,0,1.0,MEDIUM
1789344893,1,0,0,1,1,100.0,0,0,20.0,20.0,1,0,0,1.0,MEDIUM
1790584436,1,0,1,0,1,100.0,0,0,20.0,20.0,1,0,0,1.0,MEDIUM
1794017755,1,0,1,0,1,100.0,0,0,20.0,20.0,1,0,0,1.0,MEDIUM
1794548709,1,0,1,0,1,100.0,0,0,20.0,20.0,1,0,0,1.0,MEDIUM
1795857783,1,0,1,0,1,100.0,0,0,20.0,20.0,1,0,0,1.0,MEDIUM
1797067242,1,0,1,0,1,100.0,0,0,20.0,20.0,1,0,0,1.0,MEDIUM
1799796391,1,0,0,1,1,100.0,0,0,20.0,20.0,1,0,0,1.0,MEDIUM
1804228546,1,0,1,0,1,100.0,0,0,20.0,20.0,1,0,0,1.0,MEDIUM
1804935888,1,0,1,0,1,100.0,0,0,20.0,20.0,1,0,0,1.0,MEDIUM
1805384600,1,0,1,0,1,100.0,0,0,20.0,20.0,1,0,0,1.0,MEDIUM
1806280379,1,0,1,0,1,100.0,0,0,20.0,20.0,1,0,0,1.0,MEDIUM
1806662655,1,0,1,0,1,100.0,0,0,20.0,20.0,1,0,0,1.0,MEDIUM
1806698973,1,0,0,1,1,100.0,0,0,20.0,20.0,1,0,0,1.0,MEDIUM
1809115526,1,0,1,0,1,100.0,0,0,20.0,20.0,1,0,0,1.0,MEDIUM
1809864944,1,0,1,0,1,100.0,0,0,20.0,20.0,1,0,0,1.0,MEDIUM
1811969787,1,0,1,0,1,100.0,0,0,20.0,20.0,1,0,0,1.0,MEDIUM
1812353938,1,0,1,0,1,100.0,0,0,20.0,20.0,1,0,0,1.0,MEDIUM
1812862829,1,0,1,0,1,100.0,0,0,20.0,20.0,1,0,0,1.0,MEDIUM
1813953174,1,0,1,0,1,100.0,0,0,20.0,20.0,1,0,0,1.0,MEDIUM
1815601762,1,0,0,1,1,100.0,0,0,20.0,20.0,1,0,0,1.0,MEDIUM
1816264140,1,0,1,0,1,100.0,0,0,20.0,20.0,1,0,0,1.0,MEDIUM
1823042887,1,0,0,1,1,100.0,0,0,20.0,20.0,1,0,0,1.0,MEDIUM
1824097504,1,0,0,1,1,100.0,0,0,20.0,20.0,1,0,0,1.0,MEDIUM
1831868493,1,0,1,0,1,100.0,0,0,20.0,20.0,1,0,0,1.0,MEDIUM
1838114329,1,0,1,0,1,100.0,0,0,20.0,20.0,1,0,0,1.0,MEDIUM
1838996618,1,0,1,0,1,100.0,0,0,20.0,20.0,1,0,0,1.0,MEDIUM
1841921916,1,0,1,0,1,100.0,0,0,20.0,20.0,1,0,0,1.0,MEDIUM
1850788495,1,0,1,0,1,100.0,0,0,20.0,20.0,1,0,0,1.0,MEDIUM
1851015693,1,0,1,0,1,100.0,0,0,20.0,20.0,1,0,0,1.0,MEDIUM
1853719926,1,0,1,0,1,100.0,0,0,20.0,20.0,1,0,0,1.0,MEDIUM
1854362492,1,0,1,0,1,100.0,0,0,20.0,20.0,1,0,0,1.0,MEDIUM
1860463429,1,0,0,1,1,100.0,0,0,20.0,20.0,1,0,0,1.0,MEDIUM
1860605020,1,0,1,0,1,100.0,0,0,20.0,20.0,1,0,0,1.0,MEDIUM
1861173289,1,0,0,1,1,100.0,0,0,20.0,20.0,1,0,0,1.0,MEDIUM
1862278576,1,0,1,0,1,100.0,0,0,20.0,20.0,1,0,0,1.0,MEDIUM
1862603410,1,0,1,0,1,100.0,0,0,20.0,20.0,1,0,0,1.0,MEDIUM
1863463925,1,0,1,0,1,100.0,0,0,20.0,20.0,1,0,0,1.0,MEDIUM
1864136357,1,0,1,0,1,100.0,0,0,20.0,20.0,1,0,0,1.0,MEDIUM
1867447214,1,0,1,0,1,100.0,0,0,20.0,20.0,1,0,0,1.0,MEDIUM
1869480555,1,0,1,0,1,100.0,0,0,20.0,20.0,1,0,0,1.0,MEDIUM
1869969626,1,0,1,0,1,100.0,0,0,20.0,20.0,1,0,0,1.0,MEDIUM
1870737834,1,0,1,0,1,100.0,0,0,20.0,20.0,1,0,0,1.0,MEDIUM
1874600321,1,0,1,0,1,100.0,0,0,20.0,20.0,1,0,0,1.0,MEDIUM
1875745879,1,0,1,0,1,100.0,0,0,20.0,20.0,1,0,0,1.0,MEDIUM
1878655203,1,0,1,0,1,100.0,0,0,20.0,20.0,1,0,0,1.0,MEDIUM
1878815207,1,0,1,0,1,100.0,0,0,20.0,20.0,1,0,0,1.0,MEDIUM
1882846813,1,0,1,0,1,100.0,0,0,20.0,20.0,1,0,0,1.0,MEDIUM
1884491728,1,0,1,0,1,100.0,0,0,20.0,20.0,1,0,0,1.0,MEDIUM
1885698140,1,0,1,0,1,100.0,0,0,20.0,20.0,1,0,0,1.0,MEDIUM
1885819844,1,0,1,0,1,100.0,0,0,20.0,20.0,1,0,0,1.0,MEDIUM
1887243889,1,0,0,1,1,100.0,0,0,20.0,20.0,1,0,0,1.0,MEDIUM
1889219873,1,0,1,0,1,100.0,0,0,20.0,20.0,1,0,0,1.0,MEDIUM
1890755702,1,0,1,0,1,100.0,0,0,20.0,20.0,1,0,0,1.0,MEDIUM
1891395620,2,2,0,0,2,100.0,0,0,20.0,25.0,0,2,0,1.0,MEDIUM
1899311568,1,0,1,0,1,100.0,0,0,20.0,20.0,1,0,0,1.0,MEDIUM
1902186490,1,0,1,0,1,100.0,0,0,20.0,20.0,1,0,0,1.0,MEDIUM
1902885676,1,0,0,1,1,100.0,0,0,20.0,20.0,1,0,0,1.0,MEDIUM
1904646107,1,0,1,0,1,100.0,0,0,20.0,20.0,1,0,0,1.0,MEDIUM
1906550763,1,0,1,0,1,100.0,0,0,20.0,20.0,1,0,0,1.0,MEDIUM
1908846489,1,0,1,0,1,100.0,0,0,20.0,20.0,1,0,0,1.0,MEDIUM
1909509049,1,0,1,0,1,100.0,0,0,20.0,20.0,1,0,0,1.0,MEDIUM
1910040847,1,0,0,1,1,100.0,0,0,20.0,20.0,1,0,0,1.0,MEDIUM
1911428525,1,0,1,0,1,100.0,0,0,20.0,20.0,1,0,0,1.0,MEDIUM
1911924541,1,0,1,0,1,100.0,0,0,20.0,20.0,1,0,0,1.0,MEDIUM
1912285370,1,0,1,0,1,100.0,0,0,20.0,20.0,1,0,0,1.0,MEDIUM
1912557923,1,0,1,0,1,100.0,0,0,20.0,20.0,1,0,0,1.0,MEDIUM
1912801297,1,0,1,0,1,100.0,0,0,20.0,20.0,1,0,0,1.0,MEDIUM
1915230505,1,0,1,0,1,100.0,0,0,20.0,20.0,1,0,0,1.0,MEDIUM
1916147655,1,0,1,0,1,100.0,0,0,20.0,20.0,1,0,0,1.0,MEDIUM
1916184040,1,0,1,0,1,100.0,0,0,20.0,20.0,1,0,0,1.0,MEDIUM
1917382814,1,0,1,0,1,100.0,0,0,20.0,20.0,1,0,0,1.0,MEDIUM
1921954269,1,0,0,1,1,100.0,0,0,20.0,20.0,1,0,0,1.0,MEDIUM
1922230962,1,0,1,0,1,100.0,0,0,20.0,20.0,1,0,0,1.0,MEDIUM
1922323658,1,0,0,1,1,100.0,0,0,20.0,20.0,1,0,0,1.0,MEDIUM
1922350968,1,0,1,0,1,100.0,0,0,20.0,20.0,1,0,0,1.0,MEDIUM
1922636594,1,0,1,0,1,100.0,0,0,20.0,20.0,1,0,0,1.0,MEDIUM
1923682036,1,0,1,0,1,100.0,0,0,20.0,20.0,1,0,0,1.0,MEDIUM
1926005596,1,0,1,0,1,100.0,0,0,20.0,20.0,1,0,0,1.0,MEDIUM
1926679707,1,0,1,0,1,100.0,0,0,20.0,20.0,1,0,0,1.0,MEDIUM
1928180551,1,0,1,0,1,100.0,0,0,20.0,20.0,1,0,0,1.0,MEDIUM
1928647916,1,0,1,0,1,100.0,0,0,20.0,20.0,1,0,0,1.0,MEDIUM
1929535799,1,0,1,0,1,100.0,0,0,20.0,20.0,1,0,0,1.0,MEDIUM
1932171629,1,0,1,0,1,100.0,0,0,20.0,20.0,1,0,0,1.0,MEDIUM
1932920399,1,0,1,0,1,100.0,0,0,20.0,20.0,1,0,0,1.0,MEDIUM
1933084112,1,0,1,0,1,100.0,0,0,20.0,20.0,1,0,0,1.0,MEDIUM
1933554134,1,0,1,0,1,100.0,0,0,20.0,20.0,1,0,0,1.0,MEDIUM
1935162987,1,0,1,0,1,100.0,0,0,20.0,20.0,1,0,0,1.0,MEDIUM
1941003661,1,0,1,0,1,100.0,0,0,20.0,20.0,1,0,0,1.0,MEDIUM
1941913455,1,0,1,0,1,100.0,0,0,20.0,20.0,1,0,0,1.0,MEDIUM
1948305842,1,0,1,0,1,100.0,0,0,20.0,20.0,1,0,0,1.0,MEDIUM
1949365062,1,0,0,1,1,100.0,0,0,20.0,20.0,1,0,0,1.0,MEDIUM
1949532923,1,0,1,0,1,100.0,0,0,20.0,20.0,1,0,0,1.0,MEDIUM
1950485205,1,0,1,0,1,100.0,0,0,20.0,20.0,1,0,0,1.0,MEDIUM
1952127596,1,0,1,0,1,100.0,0,0,20.0,20.0,1,0,0,1.0,MEDIUM
1952137910,1,0,1,0,1,100.0,0,0,20.0,20.0,1,0,0,1.0,MEDIUM
1952351306,2,2,0,0,2,100.0,0,0,20.0,25.0,0,2,0,1.0,MEDIUM
1953293647,1,0,1,0,1,100.0,0,0,20.0,20.0,1,0,0,1.0,MEDIUM
1953438176,1,0,1,0,1,100.0,0,0,20.0,20.0,1,0,0,1.0,MEDIUM
1953785760,1,0,0,1,1,100.0,0,0,20.0,20.0,1,0,0,1.0,MEDIUM
1955717909,1,0,1,0,1,100.0,0,0,20.0,20.0,1,0,0,1.0,MEDIUM
1956042087,1,0,1,0,1,100.0,0,0,20.0,20.0,1,0,0,1.0,MEDIUM
1956706173,1,0,0,1,1,100.0,0,0,20.0,20.0,1,0,0,1.0,MEDIUM
1956900262,1,0,0,1,1,100.0,0,0,20.0,20.0,1,0,0,1.0,MEDIUM
1958871398,1,0,0,1,1,100.0,0,0,20.0,20.0,1,0,0,1.0,MEDIUM
1960655499,1,0,0,1,1,100.0,0,0,20.0,20.0,1,0,0,1.0,MEDIUM
1961138812,1,0,1,0,1,100.0,0,0,20.0,20.0,1,0,0,1.0,MEDIUM
1962145139,1,0,1,0,1,100.0,0,0,20.0,20.0,1,0,0,1.0,MEDIUM
1962287834,1,0,1,0,1,100.0,0,0,20.0,20.0,1,0,0,1.0,MEDIUM
1965812075,1,0,1,0,1,100.0,0,0,20.0,20.0,1,0,0,1.0,MEDIUM
1968103292,1,0,1,0,1,100.0,0,0,20.0,20.0,1,0,0,1.0,MEDIUM
1969274484,1,0,1,0,1,100.0,0,0,20.0,20.0,1,0,0,1.0,MEDIUM
1969421769,1,0,1,0,1,100.0,0,0,20.0,20.0,1,0,0,1.0,MEDIUM
1970382155,1,0,1,0,1,100.0,0,0,20.0,20.0,1,0,0,1.0,MEDIUM
1971110536,1,0,1,0,1,100.0,0,0,20.0,20.0,1,0,0,1.0,MEDIUM
1976108219,1,0,1,0,1,100.0,0,0,20.0,20.0,1,0,0,1.0,MEDIUM
1976735111,1,0,0,1,1,100.0,0,0,20.0,20.0,1,0,0,1.0,MEDIUM
1979277469,1,0,1,0,1,100.0,0,0,20.0,20.0,1,0,0,1.0,MEDIUM
1981203898,1,0,1,0,1,100.0,0,0,20.0,20.0,1,0,0,1.0,MEDIUM
1982893254,1,0,1,0,1,100.0,0,0,20.0,20.0,1,0,0,1.0,MEDIUM
1983560161,1,0,1,0,1,100.0,0,0,20.0,20.0,1,0,0,1.0,MEDIUM
1984282723,1,0,1,0,1,100.0,0,0,20.0,20.0,1,0,0,1.0,MEDIUM
1989194282,1,0,1,0,1,100.0,0,0,20.0,20.0,1,0,0,1.0,MEDIUM
1989461293,1,0,0,1,1,100.0,0,0,20.0,20.0,1,0,0,1.0,MEDIUM
1990396770,1,0,1,0,1,100.0,0,0,20.0,20.0,1,0,0,1.0,MEDIUM
1990754586,1,0,0,1,1,100.0,0,0,20.0,20.0,1,0,0,1.0,MEDIUM
1991898039,1,0,1,0,1,100.0,0,0,20.0,20.0,1,0,0,1.0,MEDIUM
1993296497,1,0,1,0,1,100.0,0,0,20.0,20.0,1,0,0,1.0,MEDIUM
1994199793,1,0,1,0,1,100.0,0,0,20.0,20.0,1,0,0,1.0,MEDIUM
1996168773,1,0,1,0,1,100.0,0,0,20.0,20.0,1,0,0,1.0,MEDIUM
1996708061,1,0,0,1,1,100.0,0,0,20.0,20.0,1,0,0,1.0,MEDIUM
1997114690,1,0,1,0,1,100.0,0,0,20.0,20.0,1,0,0,1.0,MEDIUM
1998147261,1,0,1,0,1,100.0,0,0,20.0,20.0,1,0,0,1.0,MEDIUM
1998297056,1,0,1,0,1,100.0,0,0,20.0,20.0,1,0,0,1.0,MEDIUM
1998406064,1,0,1,0,1,100.0,0,0,20.0,20.0,1,0,0,1.0,MEDIUM
1999579440,1,0,1,0,1,100.0,0,0,20.0,20.0,1,0,0,1.0,MEDIUM
1780698506,8,8,0,0,4,50.0,0,0,19.38,50.0,4,1,0,0.62,MEDIUM
1780757856,7,7,0,0,3,42.86,0,0,19.29,50.0,3,2,0,0.71,MEDIUM
1962896548,7,7,0,0,5,71.43,0,0,18.57,50.0,2,4,0,0.86,MEDIUM
1013355726,10,10,0,0,5,50.0,0,0,18.5,50.0,4,3,0,0.7,MEDIUM
1205994761,9,9,0,0,6,66.67,0,0,18.33,50.0,3,4,0,0.78,MEDIUM
1245399468,3,3,0,0,3,100.0,0,0,18.33,25.0,0,3,0,1.0,MEDIUM
1689857385,9,9,0,0,7,77.78,0,0,18.33,35.0,3,4,0,0.78,MEDIUM
1841200664,3,3,0,0,3,100.0,0,0,18.33,25.0,0,3,0,1.0,MEDIUM
1184006447,7,7,0,0,5,71.43,0,0,17.86,35.0,2,3,0,0.71,MEDIUM
1003397878,2,2,0,0,1,50.0,0,0,17.5,35.0,1,0,0,0.5,MEDIUM
1043510241,4,4,0,0,2,50.0,0,0,17.5,35.0,2,0,0,0.5,MEDIUM
1053326751,2,2,0,0,1,50.0,0,0,17.5,35.0,1,0,0,0.5,MEDIUM
1063654341,2,2,0,0,1,50.0,0,0,17.5,35.0,1,0,0,0.5,MEDIUM
1104249473,2,2,0,0,1,50.0,0,0,17.5,35.0,1,0,0,0.5,MEDIUM
1104879469,2,2,0,0,1,50.0,0,0,17.5,35.0,1,0,0,0.5,MEDIUM
1114462272,2,2,0,0,1,50.0,0,0,17.5,35.0,1,0,0,0.5,MEDIUM
1134227689,2,2,0,0,1,50.0,0,0,17.5,35.0,1,0,0,0.5,MEDIUM
1144695081,2,2,0,0,1,50.0,0,0,17.5,35.0,1,0,0,0.5,MEDIUM
1154342335,2,2,0,0,1,50.0,0,0,17.5,35.0,1,0,0,0.5,MEDIUM
1205230844,2,2,0,0,1,50.0,0,0,17.5,35.0,1,0,0,0.5,MEDIUM
1215182712,2,2,0,0,1,50.0,0,0,17.5,35.0,1,0,0,0.5,MEDIUM
1215437991,4,4,0,0,2,50.0,0,0,17.5,35.0,2,0,0,0.5,MEDIUM
1215923131,4,4,0,0,2,50.0,0,0,17.5,35.0,2,0,0,0.5,MEDIUM
1225073034,2,2,0,0,1,50.0,0,0,17.5,35.0,1,0,0,0.5,MEDIUM
1255880647,2,2,0,0,1,50.0,0,0,17.5,35.0,1,0,0,0.5,MEDIUM
1265026249,2,2,0,0,1,50.0,0,0,17.5,35.0,1,0,0,0.5,MEDIUM
1336231091,2,2,0,0,1,50.0,0,0,17.5,35.0,1,0,0,0.5,MEDIUM
1336583004,2,2,0,0,1,50.0,0,0,17.5,35.0,1,0,0,0.5,MEDIUM
1376159236,2,2,0,0,1,50.0,0,0,17.5,35.0,1,0,0,0.5,MEDIUM
1386651297,2,2,0,0,1,50.0,0,0,17.5,35.0,1,0,0,0.5,MEDIUM
1396279907,2,2,0,0,1,50.0,0,0,17.5,35.0,1,0,0,0.5,MEDIUM
1417985474,2,2,0,0,1,50.0,0,0,17.5,35.0,1,0,0,0.5,MEDIUM
1457418659,2,2,0,0,1,50.0,0,0,17.5,35.0,1,0,0,0.5,MEDIUM
1467543892,2,2,0,0,1,50.0,0,0,17.5,35.0,1,0,0,0.5,MEDIUM
1467873315,2,2,0,0,1,50.0,0,0,17.5,35.0,1,0,0,0.5,MEDIUM
1477890267,2,2,0,0,1,50.0,0,0,17.5,35.0,1,0,0,0.5,MEDIUM
1497181697,2,2,0,0,1,50.0,0,0,17.5,35.0,1,0,0,0.5,MEDIUM
1518935220,2,2,0,0,1,50.0,0,0,17.5,35.0,1,0,0,0.5,MEDIUM
1528573037,2,2,0,0,1,50.0,0,0,17.5,35.0,1,0,0,0.5,MEDIUM
1548472475,2,2,0,0,1,50.0,0,0,17.5,35.0,1,0,0,0.5,MEDIUM
1548569924,2,2,0,0,1,50.0,0,0,17.5,35.0,1,0,0,0.5,MEDIUM
1558657312,2,2,0,0,1,50.0,0,0,17.5,35.0,1,0,0,0.5,MEDIUM
1558782888,2,2,0,0,1,50.0,0,0,17.5,35.0,1,0,0,0.5,MEDIUM
1558898882,2,2,0,0,1,50.0,0,0,17.5,35.0,1,0,0,0.5,MEDIUM
1568904480,2,2,0,0,1,50.0,0,0,17.5,35.0,1,0,0,0.5,MEDIUM
1588294045,2,2,0,0,1,50.0,0,0,17.5,35.0,1,0,0,0.5,MEDIUM
1588912703,2,2,0,0,1,50.0,0,0,17.5,35.0,1,0,0,0.5,MEDIUM
1598095325,2,2,0,0,1,50.0,0,0,17.5,35.0,1,0,0,0.5,MEDIUM
1609854439,2,2,0,0,1,50.0,0,0,17.5,35.0,1,0,0,0.5,MEDIUM
1629071758,4,4,0,0,2,50.0,0,0,17.5,35.0,2,0,0,0.5,MEDIUM
1649628009,6,6,0,0,3,50.0,0,0,17.5,35.0,3,0,0,0.5,MEDIUM
1679900229,2,2,0,0,1,50.0,0,0,17.5,35.0,1,0,0,0.5,MEDIUM
1689781346,6,6,0,0,5,83.33,0,0,17.5,35.0,1,4,0,0.83,MEDIUM
1700238508,2,2,0,0,1,50.0,0,0,17.5,35.0,1,0,0,0.5,MEDIUM
1720004450,2,2,0,0,1,50.0,0,0,17.5,35.0,1,0,0,0.5,MEDIUM
1730284605,2,2,0,0,1,50.0,0,0,17.5,35.0,1,0,0,0.5,MEDIUM
1740513928,6,6,0,0,3,50.0,0,0,17.5,35.0,3,0,0,0.5,MEDIUM
1760932248,2,2,0,0,1,50.0,0,0,17.5,35.0,1,0,0,0.5,MEDIUM
1801219258,2,2,0,0,1,50.0,0,0,17.5,35.0,1,0,0,0.5,MEDIUM
1801261029,4,4,0,0,2,50.0,0,0,17.5,35.0,2,0,0,0.5,MEDIUM
1811429806,2,2,0,0,1,50.0,0,0,17.5,35.0,1,0,0,0.5,MEDIUM
1851806079,2,2,0,0,1,50.0,0,0,17.5,35.0,1,0,0,0.5,MEDIUM
1851890107,2,2,0,0,1,50.0,0,0,17.5,35.0,1,0,0,0.5,MEDIUM
1871065516,2,2,0,0,1,50.0,0,0,17.5,35.0,1,0,0,0.5,MEDIUM
1871169193,2,2,0,0,1,50.0,0,0,17.5,35.0,1,0,0,0.5,MEDIUM
1891257390,2,2,0,0,1,50.0,0,0,17.5,35.0,1,0,0,0.5,MEDIUM
1891953048,2,2,0,0,1,50.0,0,0,17.5,35.0,1,0,0,0.5,MEDIUM
1902490394,2,2,0,0,1,50.0,0,0,17.5,35.0,1,0,0,0.5,MEDIUM
1912939703,2,2,0,0,1,50.0,0,0,17.5,35.0,1,0,0,0.5,MEDIUM
1013345149,11,11,0,0,6,54.55,0,0,17.27,35.0,5,1,0,0.55,MEDIUM
1245226190,11,11,0,0,6,54.55,0,0,17.27,35.0,5,1,0,0.55,MEDIUM
1104150754,7,7,0,0,3,42.86,0,0,17.14,50.0,3,1,0,0.57,MEDIUM
1851320147,7,7,0,0,3,42.86,0,0,17.14,50.0,3,1,0,0.57,MEDIUM
1104316272,5,5,0,0,2,40.0,0,0,17.0,50.0,2,1,0,0.6,MEDIUM
1245344316,5,5,0,0,3,60.0,0,0,17.0,35.0,2,1,0,0.6,MEDIUM
1356682959,5,5,0,0,3,60.0,0,0,17.0,35.0,2,1,0,0.6,MEDIUM
1871671990,5,5,0,0,3,60.0,0,0,17.0,35.0,1,2,0,0.6,MEDIUM
1972158475,5,5,0,0,2,40.0,0,0,17.0,50.0,2,1,0,0.6,MEDIUM
1013944479,3,3,0,0,1,33.33,0,0,16.67,50.0,1,1,0,0.67,MEDIUM
1033756861,3,3,0,0,2,66.67,0,0,16.67,35.0,1,1,0,0.67,MEDIUM
1053582098,3,3,0,0,2,66.67,0,0,16.67,35.0,1,1,0,0.67,MEDIUM
1093855736,3,3,0,0,2,66.67,0,0,16.67,35.0,1,1,0,0.67,MEDIUM
1093932683,3,3,0,0,1,33.33,0,0,16.67,50.0,1,1,0,0.67,MEDIUM
1124016696,3,3,0,0,2,66.67,0,0,16.67,35.0,1,1,0,0.67,MEDIUM
1144589425,3,3,0,0,2,66.67,0,0,16.67,35.0,1,1,0,0.67,MEDIUM
1194908954,3,3,0,0,1,33.33,0,0,16.67,50.0,1,1,0,0.67,MEDIUM
1295286045,3,3,0,0,2,66.67,0,0,16.67,35.0,1,1,0,0.67,MEDIUM
1356643035,3,3,0,0,2,66.67,0,0,16.67,35.0,1,1,0,0.67,MEDIUM
1396188801,3,3,0,0,2,66.67,0,0,16.67,35.0,1,1,0,0.67,MEDIUM
1427605534,3,3,0,0,2,66.67,0,0,16.67,35.0,1,1,0,0.67,MEDIUM
1477519908,3,3,0,0,2,66.67,0,0,16.67,35.0,1,1,0,0.67,MEDIUM
1497201347,3,3,0,0,2,66.67,0,0,16.67,35.0,1,1,0,0.67,MEDIUM
1548293343,9,9,0,0,6,66.67,0,0,16.67,35.0,3,3,0,0.67,MEDIUM
1558529206,3,3,0,0,2,66.67,0,0,16.67,35.0,1,1,0,0.67,MEDIUM
1558797266,3,3,0,0,2,66.67,0,0,16.67,35.0,1,1,0,0.67,MEDIUM
1720029333,3,3,0,0,1,33.33,0,0,16.67,50.0,1,1,0,0.67,MEDIUM
1790723633,3,3,0,0,2,66.67,0,0,16.67,35.0,1,1,0,0.67,MEDIUM
1841703253,6,6,0,0,4,66.67,0,0,16.67,35.0,2,2,0,0.67,MEDIUM
1881923126,6,6,0,0,4,66.67,0,0,16.67,35.0,2,2,0,0.67,MEDIUM
1003293465,4,4,0,0,3,75.0,0,0,16.25,35.0,1,2,0,0.75,MEDIUM
1174580831,4,4,0,0,3,75.0,0,0,16.25,35.0,1,2,0,0.75,MEDIUM
1174641658,4,4,0,0,3,75.0,0,0,16.25,35.0,1,2,0,0.75,MEDIUM
1588081681,20,20,0,0,9,45.0,0,0,16.25,50.0,8,3,0,0.55,MEDIUM
1609817220,4,4,0,0,3,75.0,0,0,16.25,35.0,1,2,0,0.75,MEDIUM
1700864352,9,9,0,0,7,77.78,0,0,16.11,35.0,2,5,0,0.78,MEDIUM
1811571417,10,10,0,0,7,70.0,0,0,16.0,50.0,2,6,0,0.8,MEDIUM
1861652604,10,10,0,0,8,80.0,0,0,16.0,35.0,2,6,0,0.8,MEDIUM
1992137426,5,5,0,0,4,80.0,0,0,16.0,35.0,1,3,0,0.8,MEDIUM
1366942831,12,12,0,0,5,41.67,0,0,15.83,50.0,5,1,0,0.5,MEDIUM
1013995133,13,13,0,0,7,53.85,0,0,15.77,35.0,5,2,0,0.54,MEDIUM
1548291222,9,9,0,0,4,44.44,0,0,15.56,35.0,4,0,0,0.44,MEDIUM
1699817775,14,14,0,0,7,50.0,0,0,15.36,50.0,4,5,0,0.64,MEDIUM
1000191866,1,0,0,1,1,100.0,0,0,15.0,15.0,0,1,0,1.0,MEDIUM
1000215586,1,0,1,0,1,100.0,0,0,15.0,15.0,0,1,0,1.0,MEDIUM
1001071453,1,0,0,1,1,100.0,0,0,15.0,15.0,0,1,0,1.0,MEDIUM
1001678292,1,0,0,1,1,100.0,0,0,15.0,15.0,0,1,0,1.0,MEDIUM
1002102734,1,0,0,1,1,100.0,0,0,15.0,15.0,0,1,0,1.0,MEDIUM
1004169542,1,0,0,1,1,100.0,0,0,15.0,15.0,0,1,0,1.0,MEDIUM
1004679101,1,0,0,1,1,100.0,0,0,15.0,15.0,0,1,0,1.0,MEDIUM
1004706236,1,0,1,0,1,100.0,0,0,15.0,15.0,0,1,0,1.0,MEDIUM
1005351646,1,0,1,0,1,100.0,0,0,15.0,15.0,0,1,0,1.0,MEDIUM
1006791202,1,0,0,1,1,100.0,0,0,15.0,15.0,0,1,0,1.0,MEDIUM
1007365320,1,0,0,1,1,100.0,0,0,15.0,15.0,0,1,0,1.0,MEDIUM
1007445083,1,0,0,1,1,100.0,0,0,15.0,15.0,0,1,0,1.0,MEDIUM
1007496608,1,0,0,1,1,100.0,0,0,15.0,15.0,0,1,0,1.0,MEDIUM
1007995408,1,0,0,1,1,100.0,0,0,15.0,15.0,0,1,0,1.0,MEDIUM
1008601853,1,0,1,0,1,100.0,0,0,15.0,15.0,0,1,0,1.0,MEDIUM
1009211352,1,0,1,0,1,100.0,0,0,15.0,15.0,0,1,0,1.0,MEDIUM
1009819951,1,0,1,0,1,100.0,0,0,15.0,15.0,0,1,0,1.0,MEDIUM
1010692368,1,0,0,1,1,100.0,0,0,15.0,15.0,0,1,0,1.0,MEDIUM
1011853836,1,0,1,0,1,100.0,0,0,15.0,15.0,0,1,0,1.0,MEDIUM
1012103352,1,0,0,1,1,100.0,0,0,15.0,15.0,0,1,0,1.0,MEDIUM
1013331110,1,0,0,1,1,100.0,0,0,15.0,15.0,0,1,0,1.0,MEDIUM
1014258290,1,0,0,1,1,100.0,0,0,15.0,15.0,0,1,0,1.0,MEDIUM
1014428811,1,0,0,1,1,100.0,0,0,15.0,15.0,0,1,0,1.0,MEDIUM
1014987830,1,0,1,0,1,100.0,0,0,15.0,15.0,0,1,0,1.0,MEDIUM
1015169781,1,0,0,1,1,100.0,0,0,15.0,15.0,0,1,0,1.0,MEDIUM
1016282511,1,0,0,1,1,100.0,0,0,15.0,15.0,0,1,0,1.0,MEDIUM
1016890230,1,0,1,0,1,100.0,0,0,15.0,15.0,0,1,0,1.0,MEDIUM
1017759558,1,0,1,0,1,100.0,0,0,15.0,15.0,0,1,0,1.0,MEDIUM
1018784354,1,0,0,1,1,100.0,0,0,15.0,15.0,0,1,0,1.0,MEDIUM
1020025465,1,0,0,1,1,100.0,0,0,15.0,15.0,0,1,0,1.0,MEDIUM
1021611596,1,0,1,0,1,100.0,0,0,15.0,15.0,0,1,0,1.0,MEDIUM
1022554316,1,0,0,1,1,100.0,0,0,15.0,15.0,0,1,0,1.0,MEDIUM
1022838603,1,0,1,0,1,100.0,0,0,15.0,15.0,0,1,0,1.0,MEDIUM
1023432424,1,1,0,0,1,100.0,0,0,15.0,15.0,0,1,0,1.0,MEDIUM
1023675392,1,0,0,1,1,100.0,0,0,15.0,15.0,0,1,0,1.0,MEDIUM
1023920299,1,0,1,0,1,100.0,0,0,15.0,15.0,0,1,0,1.0,MEDIUM
1024726626,1,0,1,0,1,100.0,0,0,15.0,15.0,0,1,0,1.0,MEDIUM
1025231652,1,0,0,1,1,100.0,0,0,15.0,15.0,0,1,0,1.0,MEDIUM
1025337145,1,0,1,0,1,100.0,0,0,15.0,15.0,0,1,0,1.0,MEDIUM
1026372526,1,0,0,1,1,100.0,0,0,15.0,15.0,0,1,0,1.0,MEDIUM
1026587922,1,0,0,1,1,100.0,0,0,15.0,15.0,0,1,0,1.0,MEDIUM
1027296655,1,0,0,1,1,100.0,0,0,15.0,15.0,0,1,0,1.0,MEDIUM
1028511083,1,0,0,1,1,100.0,0,0,15.0,15.0,0,1,0,1.0,MEDIUM
1028723752,1,0,1,0,1,100.0,0,0,15.0,15.0,0,1,0,1.0,MEDIUM
1029338021,1,0,0,1,1,100.0,0,0,15.0,15.0,0,1,0,1.0,MEDIUM
1030791650,1,0,1,0,1,100.0,0,0,15.0,15.0,0,1,0,1.0,MEDIUM
1031069947,1,0,1,0,1,100.0,0,0,15.0,15.0,0,1,0,1.0,MEDIUM
1033304373,1,1,0,0,1,100.0,0,0,15.0,15.0,0,1,0,1.0,MEDIUM
1033428214,1,1,0,0,1,100.0,0,0,15.0,15.0,0,1,0,1.0,MEDIUM
1033453662,1,0,0,1,1,100.0,0,0,15.0,15.0,0,1,0,1.0,MEDIUM
1034193619,1,0,0,1,1,100.0,0,0,15.0,15.0,0,1,0,1.0,MEDIUM
1035184086,1,0,1,0,1,100.0,0,0,15.0,15.0,0,1,0,1.0,MEDIUM
1036599517,1,0,0,1,1,100.0,0,0,15.0,15.0,0,1,0,1.0,MEDIUM
1037055476,1,0,0,1,1,100.0,0,0,15.0,15.0,0,1,0,1.0,MEDIUM
1037855356,1,0,0,1,1,100.0,0,0,15.0,15.0,0,1,0,1.0,MEDIUM
1039218639,1,0,1,0,1,100.0,0,0,15.0,15.0,0,1,0,1.0,MEDIUM
1039621000,1,0,1,0,1,100.0,0,0,15.0,15.0,0,1,0,1.0,MEDIUM
1040342033,1,0,0,1,1,100.0,0,0,15.0,15.0,0,1,0,1.0,MEDIUM
1041360638,1,0,0,1,1,100.0,0,0,15.0,15.0,0,1,0,1.0,MEDIUM
1041494158,1,0,1,0,1,100.0,0,0,15.0,15.0,0,1,0,1.0,MEDIUM
1041998066,1,0,0,1,1,100.0,0,0,15.0,15.0,0,1,0,1.0,MEDIUM
1042700627,1,0,0,1,1,100.0,0,0,15.0,15.0,0,1,0,1.0,MEDIUM
1043100946,1,0,1,0,1,100.0,0,0,15.0,15.0,0,1,0,1.0,MEDIUM
1043856416,1,0,1,0,1,100.0,0,0,15.0,15.0,0,1,0,1.0,MEDIUM
1043862347,1,0,1,0,1,100.0,0,0,15.0,15.0,0,1,0,1.0,MEDIUM
1044625520,1,0,1,0,1,100.0,0,0,15.0,15.0,0,1,0,1.0,MEDIUM
1045433105,1,0,1,0,1,100.0,0,0,15.0,15.0,0,1,0,1.0,MEDIUM
1046572942,1,0,1,0,1,100.0,0,0,15.0,15.0,0,1,0,1.0,MEDIUM
1047649902,1,0,0,1,1,100.0,0,0,15.0,15.0,0,1,0,1.0,MEDIUM
1047655207,1,0,0,1,1,100.0,0,0,15.0,15.0,0,1,0,1.0,MEDIUM
1048821556,1,0,1,0,1,100.0,0,0,15.0,15.0,0,1,0,1.0,MEDIUM
1050734916,1,0,1,0,1,100.0,0,0,15.0,15.0,0,1,0,1.0,MEDIUM
1052346934,1,0,1,0,1,100.0,0,0,15.0,15.0,0,1,0,1.0,MEDIUM
1053285774,1,0,1,0,1,100.0,0,0,15.0,15.0,0,1,0,1.0,MEDIUM
1053481630,1,1,0,0,1,100.0,0,0,15.0,15.0,0,1,0,1.0,MEDIUM
1054413648,1,0,1,0,1,100.0,0,0,15.0,15.0,0,1,0,1.0,MEDIUM
1054895866,1,0,1,0,1,100.0,0,0,15.0,15.0,0,1,0,1.0,MEDIUM
1055969464,1,0,0,1,1,100.0,0,0,15.0,15.0,0,1,0,1.0,MEDIUM
1057269622,1,0,1,0,1,100.0,0,0,15.0,15.0,0,1,0,1.0,MEDIUM
1057479622,1,0,1,0,1,100.0,0,0,15.0,15.0,0,1,0,1.0,MEDIUM
1058154637,1,0,0,1,1,100.0,0,0,15.0,15.0,0,1,0,1.0,MEDIUM
1060023928,1,0,1,0,1,100.0,0,0,15.0,15.0,0,1,0,1.0,MEDIUM
1060035140,1,0,1,0,1,100.0,0,0,15.0,15.0,0,1,0,1.0,MEDIUM
1060733886,1,0,1,0,1,100.0,0,0,15.0,15.0,0,1,0,1.0,MEDIUM
1060796167,1,0,0,1,1,100.0,0,0,15.0,15.0,0,1,0,1.0,MEDIUM
1062135472,1,0,1,0,1,100.0,0,0,15.0,15.0,0,1,0,1.0,MEDIUM
1063415556,1,0,0,1,1,100.0,0,0,15.0,15.0,0,1,0,1.0,MEDIUM
1063421752,1,0,1,0,1,100.0,0,0,15.0,15.0,0,1,0,1.0,MEDIUM
1063612675,1,0,1,0,1,100.0,0,0,15.0,15.0,0,1,0,1.0,MEDIUM
1063683332,1,1,0,0,1,100.0,0,0,15.0,15.0,0,1,0,1.0,MEDIUM
1063999189,1,0,1,0,1,100.0,0,0,15.0,15.0,0,1,0,1.0,MEDIUM
1064379504,1,0,1,0,1,100.0,0,0,15.0,15.0,0,1,0,1.0,MEDIUM
1064913883,1,0,1,0,1,100.0,0,0,15.0,15.0,0,1,0,1.0,MEDIUM
1065235219,1,0,1,0,1,100.0,0,0,15.0,15.0,0,1,0,1.0,MEDIUM
1065504569,1,0,0,1,1,100.0,0,0,15.0,15.0,0,1,0,1.0,MEDIUM
1065884665,1,0,0,1,1,100.0,0,0,15.0,15.0,0,1,0,1.0,MEDIUM
1066934751,1,0,1,0,1,100.0,0,0,15.0,15.0,0,1,0,1.0,MEDIUM
1067184931,1,0,1,0,1,100.0,0,0,15.0,15.0,0,1,0,1.0,MEDIUM
1068103730,1,0,0,1,1,100.0,0,0,15.0,15.0,0,1,0,1.0,MEDIUM
1068390369,1,0,0,1,1,100.0,0,0,15.0,15.0,0,1,0,1.0,MEDIUM
1068564363,1,0,0,1,1,100.0,0,0,15.0,15.0,0,1,0,1.0,MEDIUM
1070045534,1,0,1,0,1,100.0,0,0,15.0,15.0,0,1,0,1.0,MEDIUM
1070436974,1,0,0,1,1,100.0,0,0,15.0,15.0,0,1,0,1.0,MEDIUM
1071864539,1,0,0,1,1,100.0,0,0,15.0,15.0,0,1,0,1.0,MEDIUM
1072089632,1,0,1,0,1,100.0,0,0,15.0,15.0,0,1,0,1.0,MEDIUM
1072823854,1,0,0,1,1,100.0,0,0,15.0,15.0,0,1,0,1.0,MEDIUM
1073540125,1,0,1,0,1,100.0,0,0,15.0,15.0,0,1,0,1.0,MEDIUM
1073653952,1,0,1,0,1,100.0,0,0,15.0,15.0,0,1,0,1.0,MEDIUM
1074680918,1,0,0,1,1,100.0,0,0,15.0,15.0,0,1,0,1.0,MEDIUM
1075938506,1,0,0,1,1,100.0,0,0,15.0,15.0,0,1,0,1.0,MEDIUM
1075995382,1,0,1,0,1,100.0,0,0,15.0,15.0,0,1,0,1.0,MEDIUM
1076196594,1,0,0,1,1,100.0,0,0,15.0,15.0,0,1,0,1.0,MEDIUM
1076422979,1,0,1,0,1,100.0,0,0,15.0,15.0,0,1,0,1.0,MEDIUM
1076587226,1,0,1,0,1,100.0,0,0,15.0,15.0,0,1,0,1.0,MEDIUM
1077058714,1,0,0,1,1,100.0,0,0,15.0,15.0,0,1,0,1.0,MEDIUM
1077174003,1,0,0,1,1,100.0,0,0,15.0,15.0,0,1,0,1.0,MEDIUM
1077786657,1,0,1,0,1,100.0,0,0,15.0,15.0,0,1,0,1.0,MEDIUM
1079434917,1,0,1,0,1,100.0,0,0,15.0,15.0,0,1,0,1.0,MEDIUM
1079516932,1,0,0,1,1,100.0,0,0,15.0,15.0,0,1,0,1.0,MEDIUM
1082888637,1,0,0,1,1,100.0,0,0,15.0,15.0,0,1,0,1.0,MEDIUM
1083179399,1,0,1,0,1,100.0,0,0,15.0,15.0,0,1,0,1.0,MEDIUM
1083423880,1,0,1,0,1,100.0,0,0,15.0,15.0,0,1,0,1.0,MEDIUM
1083606495,1,1,0,0,1,100.0,0,0,15.0,15.0,0,1,0,1.0,MEDIUM
1083698211,1,0,0,1,1,100.0,0,0,15.0,15.0,0,1,0,1.0,MEDIUM
1084257936,1,0,1,0,1,100.0,0,0,15.0,15.0,0,1,0,1.0,MEDIUM
1084637848,1,0,0,1,1,100.0,0,0,15.0,15.0,0,1,0,1.0,MEDIUM
1085664036,1,0,1,0,1,100.0,0,0,15.0,15.0,0,1,0,1.0,MEDIUM
1086057743,1,0,1,0,1,100.0,0,0,15.0,15.0,0,1,0,1.0,MEDIUM
1086826074,1,0,0,1,1,100.0,0,0,15.0,15.0,0,1,0,1.0,MEDIUM
1087601612,1,0,1,0,1,100.0,0,0,15.0,15.0,0,1,0,1.0,MEDIUM
1088214207,1,0,0,1,1,100.0,0,0,15.0,15.0,0,1,0,1.0,MEDIUM
1089003008,1,0,1,0,1,100.0,0,0,15.0,15.0,0,1,0,1.0,MEDIUM
1090566058,1,0,0,1,1,100.0,0,0,15.0,15.0,0,1,0,1.0,MEDIUM
1091154457,1,0,0,1,1,100.0,0,0,15.0,15.0,0,1,0,1.0,MEDIUM
1091331402,1,0,0,1,1,100.0,0,0,15.0,15.0,0,1,0,1.0,MEDIUM
1091441747,1,0,0,1,1,100.0,0,0,15.0,15.0,0,1,0,1.0,MEDIUM
1091958165,1,0,0,1,1,100.0,0,0,15.0,15.0,0,1,0,1.0,MEDIUM
1092079811,1,0,1,0,1,100.0,0,0,15.0,15.0,0,1,0,1.0,MEDIUM
1092381520,1,0,0,1,1,100.0,0,0,15.0,15.0,0,1,0,1.0,MEDIUM
1092542335,1,0,1,0,1,100.0,0,0,15.0,15.0,0,1,0,1.0,MEDIUM
1092542754,1,0,1,0,1,100.0,0,0,15.0,15.0,0,1,0,1.0,MEDIUM
1092660233,1,0,0,1,1,100.0,0,0,15.0,15.0,0,1,0,1.0,MEDIUM
1093026619,1,1,0,0,1,100.0,0,0,15.0,15.0,0,1,0,1.0,MEDIUM
1093054447,1,1,0,0,1,100.0,0,0,15.0,15.0,0,1,0,1.0,MEDIUM
1093114753,1,0,1,0,1,100.0,0,0,15.0,15.0,0,1,0,1.0,MEDIUM
1093387524,1,1,0,0,1,100.0,0,0,15.0,15.0,0,1,0,1.0,MEDIUM
1093414273,1,0,0,1,1,100.0,0,0,15.0,15.0,0,1,0,1.0,MEDIUM
1094162996,1,0,1,0,1,100.0,0,0,15.0,15.0,0,1,0,1.0,MEDIUM
1095180053,1,0,0,1,1,100.0,0,0,15.0,15.0,0,1,0,1.0,MEDIUM
1096381705,1,0,1,0,1,100.0,0,0,15.0,15.0,0,1,0,1.0,MEDIUM
1096925643,1,0,0,1,1,100.0,0,0,15.0,15.0,0,1,0,1.0,MEDIUM
1097182308,1,0,0,1,1,100.0,0,0,15.0,15.0,0,1,0,1.0,MEDIUM
1097385919,1,0,1,0,1,100.0,0,0,15.0,15.0,0,1,0,1.0,MEDIUM
1097563296,1,0,0,1,1,100.0,0,0,15.0,15.0,0,1,0,1.0,MEDIUM
1098763909,1,0,1,0,1,100.0,0,0,15.0,15.0,0,1,0,1.0,MEDIUM
1099666116,1,0,0,1,1,100.0,0,0,15.0,15.0,0,1,0,1.0,MEDIUM
1100241274,1,0,1,0,1,100.0,0,0,15.0,15.0,0,1,0,1.0,MEDIUM
1100670387,1,0,0,1,1,100.0,0,0,15.0,15.0,0,1,0,1.0,MEDIUM
1102074661,1,0,1,0,1,100.0,0,0,15.0,15.0,0,1,0,1.0,MEDIUM
1102299490,1,0,1,0,1,100.0,0,0,15.0,15.0,0,1,0,1.0,MEDIUM
1102912542,1,0,1,0,1,100.0,0,0,15.0,15.0,0,1,0,1.0,MEDIUM
1104860808,1,1,0,0,1,100.0,0,0,15.0,15.0,0,1,0,1.0,MEDIUM
1104939487,1,1,0,0,1,100.0,0,0,15.0,15.0,0,1,0,1.0,MEDIUM
1105113065,1,0,1,0,1,100.0,0,0,15.0,15.0,0,1,0,1.0,MEDIUM
1107029798,1,0,1,0,1,100.0,0,0,15.0,15.0,0,1,0,1.0,MEDIUM
1107853483,1,0,0,1,1,100.0,0,0,15.0,15.0,0,1,0,1.0,MEDIUM
1107888939,1,0,0,1,1,100.0,0,0,15.0,15.0,0,1,0,1.0,MEDIUM
1109389179,1,0,0,1,1,100.0,0,0,15.0,15.0,0,1,0,1.0,MEDIUM
1109398153,1,0,0,1,1,100.0,0,0,15.0,15.0,0,1,0,1.0,MEDIUM
1110980725,1,0,1,0,1,100.0,0,0,15.0,15.0,0,1,0,1.0,MEDIUM
1111431746,1,0,0,1,1,100.0,0,0,15.0,15.0,0,1,0,1.0,MEDIUM
1111991513,1,0,0,1,1,100.0,0,0,15.0,15.0,0,1,0,1.0,MEDIUM
1113040458,1,0,0,1,1,100.0,0,0,15.0,15.0,0,1,0,1.0,MEDIUM
1114218385,1,1,0,0,1,100.0,0,0,15.0,15.0,0,1,0,1.0,MEDIUM
1114255092,1,0,1,0,1,100.0,0,0,15.0,15.0,0,1,0,1.0,MEDIUM
1114362462,1,0,0,1,1,100.0,0,0,15.0,15.0,0,1,0,1.0,MEDIUM
1114481447,2,2,0,0,2,100.0,0,0,15.0,15.0,0,2,0,1.0,MEDIUM
1114964968,1,0,0,1,1,100.0,0,0,15.0,15.0,0,1,0,1.0,MEDIUM
1115180225,1,0,1,0,1,100.0,0,0,15.0,15.0,0,1,0,1.0,MEDIUM
1115196298,1,0,0,1,1,100.0,0,0,15.0,15.0,0,1,0,1.0,MEDIUM
1115562902,1,0,1,0,1,100.0,0,0,15.0,15.0,0,1,0,1.0,MEDIUM
1116381384,1,0,0,1,1,100.0,0,0,15.0,15.0,0,1,0,1.0,MEDIUM
1117233697,1,0,1,0,1,100.0,0,0,15.0,15.0,0,1,0,1.0,MEDIUM
1117454709,1,0,0,1,1,100.0,0,0,15.0,15.0,0,1,0,1.0,MEDIUM
1117555372,1,0,0,1,1,100.0,0,0,15.0,15.0,0,1,0,1.0,MEDIUM
1118909502,1,0,1,0,1,100.0,0,0,15.0,15.0,0,1,0,1.0,MEDIUM
1119639604,1,0,1,0,1,100.0,0,0,15.0,15.0,0,1,0,1.0,MEDIUM
1120235773,1,0,0,1,1,100.0,0,0,15.0,15.0,0,1,0,1.0,MEDIUM
1120302287,1,0,1,0,1,100.0,0,0,15.0,15.0,0,1,0,1.0,MEDIUM
1120853237,1,0,0,1,1,100.0,0,0,15.0,15.0,0,1,0,1.0,MEDIUM
1120939662,1,0,1,0,1,100.0,0,0,15.0,15.0,0,1,0,1.0,MEDIUM
1122010285,1,0,0,1,1,100.0,0,0,15.0,15.0,0,1,0,1.0,MEDIUM
1122021563,1,0,0,1,1,100.0,0,0,15.0,15.0,0,1,0,1.0,MEDIUM
1123580813,1,0,1,0,1,100.0,0,0,15.0,15.0,0,1,0,1.0,MEDIUM
1124320106,1,1,0,0,1,100.0,0,0,15.0,15.0,0,1,0,1.0,MEDIUM
1125392924,1,0,0,1,1,100.0,0,0,15.0,15.0,0,1,0,1.0,MEDIUM
1126294016,1,0,0,1,1,100.0,0,0,15.0,15.0,0,1,0,1.0,MEDIUM
1126623554,1,0,0,1,1,100.0,0,0,15.0,15.0,0,1,0,1.0,MEDIUM
1126835390,1,0,1,0,1,100.0,0,0,15.0,15.0,0,1,0,1.0,MEDIUM
1126858076,1,0,1,0,1,100.0,0,0,15.0,15.0,0,1,0,1.0,MEDIUM
1129083403,1,0,1,0,1,100.0,0,0,15.0,15.0,0,1,0,1.0,MEDIUM
1130624755,1,0,1,0,1,100.0,0,0,15.0,15.0,0,1,0,1.0,MEDIUM
1131985647,1,0,1,0,1,100.0,0,0,15.0,15.0,0,1,0,1.0,MEDIUM
1133093282,1,0,0,1,1,100.0,0,0,15.0,15.0,0,1,0,1.0,MEDIUM
1133445594,1,0,0,1,1,100.0,0,0,15.0,15.0,0,1,0,1.0,MEDIUM
1134243771,1,0,1,0,1,100.0,0,0,15.0,15.0,0,1,0,1.0,MEDIUM
1134246747,1,1,0,0,1,100.0,0,0,15.0,15.0,0,1,0,1.0,MEDIUM
1134528235,1,0,0,1,1,100.0,0,0,15.0,15.0,0,1,0,1.0,MEDIUM
1134586043,1,1,0,0,1,100.0,0,0,15.0,15.0,0,1,0,1.0,MEDIUM
1135035991,1,0,0,1,1,100.0,0,0,15.0,15.0,0,1,0,1.0,MEDIUM
1135439941,1,0,1,0,1,100.0,0,0,15.0,15.0,0,1,0,1.0,MEDIUM
1137112365,1,0,0,1,1,100.0,0,0,15.0,15.0,0,1,0,1.0,MEDIUM
1137246351,1,0,1,0,1,100.0,0,0,15.0,15.0,0,1,0,1.0,MEDIUM
1137445191,1,0,0,1,1,100.0,0,0,15.0,15.0,0,1,0,1.0,MEDIUM
1137720221,1,0,1,0,1,100.0,0,0,15.0,15.0,0,1,0,1.0,MEDIUM
1138399576,1,0,1,0,1,100.0,0,0,15.0,15.0,0,1,0,1.0,MEDIUM
1138450333,1,0,1,0,1,100.0,0,0,15.0,15.0,0,1,0,1.0,MEDIUM
1138985000,1,0,0,1,1,100.0,0,0,15.0,15.0,0,1,0,1.0,MEDIUM
1140819346,1,0,1,0,1,100.0,0,0,15.0,15.0,0,1,0,1.0,MEDIUM
1141535298,1,0,1,0,1,100.0,0,0,15.0,15.0,0,1,0,1.0,MEDIUM
1141861755,1,0,0,1,1,100.0,0,0,15.0,15.0,0,1,0,1.0,MEDIUM
1142011927,1,0,0,1,1,100.0,0,0,15.0,15.0,0,1,0,1.0,MEDIUM
1143230474,1,0,1,0,1,100.0,0,0,15.0,15.0,0,1,0,1.0,MEDIUM
1143837202,1,0,1,0,1,100.0,0,0,15.0,15.0,0,1,0,1.0,MEDIUM
1144206602,1,0,0,1,1,100.0,0,0,15.0,15.0,0,1,0,1.0,MEDIUM
1147978924,1,0,0,1,1,100.0,0,0,15.0,15.0,0,1,0,1.0,MEDIUM
1148174657,1,0,0,1,1,100.0,0,0,15.0,15.0,0,1,0,1.0,MEDIUM
1150535516,1,0,0,1,1,100.0,0,0,15.0,15.0,0,1,0,1.0,MEDIUM
1150668795,1,0,1,0,1,100.0,0,0,15.0,15.0,0,1,0,1.0,MEDIUM
1151728400,1,0,1,0,1,100.0,0,0,15.0,15.0,0,1,0,1.0,MEDIUM
1154510808,1,1,0,0,1,100.0,0,0,15.0,15.0,0,1,0,1.0,MEDIUM
1154971925,1,0,0,1,1,100.0,0,0,15.0,15.0,0,1,0,1.0,MEDIUM
1155642915,1,0,1,0,1,100.0,0,0,15.0,15.0,0,1,0,1.0,MEDIUM
1155887216,1,0,0,1,1,100.0,0,0,15.0,15.0,0,1,0,1.0,MEDIUM
1155948228,1,0,1,0,1,100.0,0,0,15.0,15.0,0,1,0,1.0,MEDIUM
1156585529,1,0,1,0,1,100.0,0,0,15.0,15.0,0,1,0,1.0,MEDIUM
1156648400,1,0,1,0,1,100.0,0,0,15.0,15.0,0,1,0,1.0,MEDIUM
1157147296,1,0,0,1,1,100.0,0,0,15.0,15.0,0,1,0,1.0,MEDIUM
1159237853,1,0,1,0,1,100.0,0,0,15.0,15.0,0,1,0,1.0,MEDIUM
1159348124,1,0,1,0,1,100.0,0,0,15.0,15.0,0,1,0,1.0,MEDIUM
1160602203,1,0,0,1,1,100.0,0,0,15.0,15.0,0,1,0,1.0,MEDIUM
1161986481,1,0,0,1,1,100.0,0,0,15.0,15.0,0,1,0,1.0,MEDIUM
1162596675,1,0,0,1,1,100.0,0,0,15.0,15.0,0,1,0,1.0,MEDIUM
1162667799,1,0,1,0,1,100.0,0,0,15.0,15.0,0,1,0,1.0,MEDIUM
1163176662,1,0,1,0,1,100.0,0,0,15.0,15.0,0,1,0,1.0,MEDIUM
1164591568,1,0,0,1,1,100.0,0,0,15.0,15.0,0,1,0,1.0,MEDIUM
1164778031,1,1,0,0,1,100.0,0,0,15.0,15.0,0,1,0,1.0,MEDIUM
1166867085,1,0,0,1,1,100.0,0,0,15.0,15.0,0,1,0,1.0,MEDIUM
1166946343,1,0,1,0,1,100.0,0,0,15.0,15.0,0,1,0,1.0,MEDIUM
1167327532,1,0,0,1,1,100.0,0,0,15.0,15.0,0,1,0,1.0,MEDIUM
1168113128,1,0,1,0,1,100.0,0,0,15.0,15.0,0,1,0,1.0,MEDIUM
1168205917,1,0,0,1,1,100.0,0,0,15.0,15.0,0,1,0,1.0,MEDIUM
1168730562,1,0,0,1,1,100.0,0,0,15.0,15.0,0,1,0,1.0,MEDIUM
1170228880,1,0,1,0,1,100.0,0,0,15.0,15.0,0,1,0,1.0,MEDIUM
1170483658,1,0,0,1,1,100.0,0,0,15.0,15.0,0,1,0,1.0,MEDIUM
1171158719,1,0,0,1,1,100.0,0,0,15.0,15.0,0,1,0,1.0,MEDIUM
1172105444,1,0,0,1,1,100.0,0,0,15.0,15.0,0,1,0,1.0,MEDIUM
1172584444,1,0,1,0,1,100.0,0,0,15.0,15.0,0,1,0,1.0,MEDIUM
1173303130,1,0,0,1,1,100.0,0,0,15.0,15.0,0,1,0,1.0,MEDIUM
1173623631,1,0,1,0,1,100.0,0,0,15.0,15.0,0,1,0,1.0,MEDIUM
1174031256,1,1,0,0,1,100.0,0,0,15.0,15.0,0,1,0,1.0,MEDIUM
1174044697,3,3,0,0,3,100.0,0,0,15.0,15.0,0,3,0,1.0,MEDIUM
1174260151,1,0,0,1,1,100.0,0,0,15.0,15.0,0,1,0,1.0,MEDIUM
1174550384,1,0,0,1,1,100.0,0,0,15.0,15.0,0,1,0,1.0,MEDIUM
1174579262,1,1,0,0,1,100.0,0,0,15.0,15.0,0,1,0,1.0,MEDIUM
1174828362,1,1,0,0,1,100.0,0,0,15.0,15.0,0,1,0,1.0,MEDIUM
1175603104,1,0,0,1,1,100.0,0,0,15.0,15.0,0,1,0,1.0,MEDIUM
1175992044,1,0,1,0,1,100.0,0,0,15.0,15.0,0,1,0,1.0,MEDIUM
1176077987,1,0,1,0,1,100.0,0,0,15.0,15.0,0,1,0,1.0,MEDIUM
1178288793,1,0,0,1,1,100.0,0,0,15.0,15.0,0,1,0,1.0,MEDIUM
1178840137,1,0,0,1,1,100.0,0,0,15.0,15.0,0,1,0,1.0,MEDIUM
1179171971,1,0,0,1,1,100.0,0,0,15.0,15.0,0,1,0,1.0,MEDIUM
1181151237,1,0,1,0,1,100.0,0,0,15.0,15.0,0,1,0,1.0,MEDIUM
1182295033,1,0,0,1,1,100.0,0,0,15.0,15.0,0,1,0,1.0,MEDIUM
1182341919,1,0,1,0,1,100.0,0,0,15.0,15.0,0,1,0,1.0,MEDIUM
1182344133,1,0,1,0,1,100.0,0,0,15.0,15.0,0,1,0,1.0,MEDIUM
1182547694,1,0,0,1,1,100.0,0,0,15.0,15.0,0,1,0,1.0,MEDIUM
1183941191,1,0,0,1,1,100.0,0,0,15.0,15.0,0,1,0,1.0,MEDIUM
1184703165,1,0,0,1,1,100.0,0,0,15.0,15.0,0,1,0,1.0,MEDIUM
1184857195,1,1,0,0,1,100.0,0,0,15.0,15.0,0,1,0,1.0,MEDIUM
1185183204,1,0,1,0,1,100.0,0,0,15.0,15.0,0,1,0,1.0,MEDIUM
1185295832,1,0,1,0,1,100.0,0,0,15.0,15.0,0,1,0,1.0,MEDIUM
1185401848,1,0,0,1,1,100.0,0,0,15.0,15.0,0,1,0,1.0,MEDIUM
1185460641,1,0,0,1,1,100.0,0,0,15.0,15.0,0,1,0,1.0,MEDIUM
1186426944,1,0,0,1,1,100.0,0,0,15.0,15.0,0,1,0,1.0,MEDIUM
1186860743,1,0,0,1,1,100.0,0,0,15.0,15.0,0,1,0,1.0,MEDIUM
1187593734,1,0,0,1,1,100.0,0,0,15.0,15.0,0,1,0,1.0,MEDIUM
1187857977,1,0,0,1,1,100.0,0,0,15.0,15.0,0,1,0,1.0,MEDIUM
1188061792,1,0,1,0,1,100.0,0,0,15.0,15.0,0,1,0,1.0,MEDIUM
1188660413,1,0,0,1,1,100.0,0,0,15.0,15.0,0,1,0,1.0,MEDIUM
1189856884,1,0,1,0,1,100.0,0,0,15.0,15.0,0,1,0,1.0,MEDIUM
1190830152,1,0,1,0,1,100.0,0,0,15.0,15.0,0,1,0,1.0,MEDIUM
1190857190,1,0,1,0,1,100.0,0,0,15.0,15.0,0,1,0,1.0,MEDIUM
1191473714,1,0,1,0,1,100.0,0,0,15.0,15.0,0,1,0,1.0,MEDIUM
1191494619,1,0,1,0,1,100.0,0,0,15.0,15.0,0,1,0,1.0,MEDIUM
1191609953,1,0,1,0,1,100.0,0,0,15.0,15.0,0,1,0,1.0,MEDIUM
1192267023,1,0,1,0,1,100.0,0,0,15.0,15.0,0,1,0,1.0,MEDIUM
1193271931,1,0,1,0,1,100.0,0,0,15.0,15.0,0,1,0,1.0,MEDIUM
1193641354,1,0,1,0,1,100.0,0,0,15.0,15.0,0,1,0,1.0,MEDIUM
1193678226,1,0,1,0,1,100.0,0,0,15.0,15.0,0,1,0,1.0,MEDIUM
1194179721,1,1,0,0,1,100.0,0,0,15.0,15.0,0,1,0,1.0,MEDIUM
1195002615,1,0,0,1,1,100.0,0,0,15.0,15.0,0,1,0,1.0,MEDIUM
1195186595,1,0,1,0,1,100.0,0,0,15.0,15.0,0,1,0,1.0,MEDIUM
1195784886,1,0,1,0,1,100.0,0,0,15.0,15.0,0,1,0,1.0,MEDIUM
1196513623,1,0,1,0,1,100.0,0,0,15.0,15.0,0,1,0,1.0,MEDIUM
1196685488,1,0,0,1,1,100.0,0,0,15.0,15.0,0,1,0,1.0,MEDIUM
1197246871,1,0,0,1,1,100.0,0,0,15.0,15.0,0,1,0,1.0,MEDIUM
1197789971,1,0,1,0,1,100.0,0,0,15.0,15.0,0,1,0,1.0,MEDIUM
1198351475,1,0,0,1,1,100.0,0,0,15.0,15.0,0,1,0,1.0,MEDIUM
1199459564,1,0,1,0,1,100.0,0,0,15.0,15.0,0,1,0,1.0,MEDIUM
1199898927,1,0,0,1,1,100.0,0,0,15.0,15.0,0,1,0,1.0,MEDIUM
1201596640,1,0,0,1,1,100.0,0,0,15.0,15.0,0,1,0,1.0,MEDIUM
1201603319,1,0,1,0,1,100.0,0,0,15.0,15.0,0,1,0,1.0,MEDIUM
1201754295,1,0,0,1,1,100.0,0,0,15.0,15.0,0,1,0,1.0,MEDIUM
1202382314,1,0,1,0,1,100.0,0,0,15.0,15.0,0,1,0,1.0,MEDIUM
1203661316,1,0,1,0,1,100.0,0,0,15.0,15.0,0,1,0,1.0,MEDIUM
1204108716,1,0,0,1,1,100.0,0,0,15.0,15.0,0,1,0,1.0,MEDIUM
1204666032,1,0,1,0,1,100.0,0,0,15.0,15.0,0,1,0,1.0,MEDIUM
1205255304,1,1,0,0,1,100.0,0,0,15.0,15.0,0,1,0,1.0,MEDIUM
1205604127,1,0,0,1,1,100.0,0,0,15.0,15.0,0,1,0,1.0,MEDIUM
1205889540,2,2,0,0,2,100.0,0,0,15.0,15.0,0,2,0,1.0,MEDIUM
1207234434,1,0,1,0,1,100.0,0,0,15.0,15.0,0,1,0,1.0,MEDIUM
1207742120,1,0,1,0,1,100.0,0,0,15.0,15.0,0,1,0,1.0,MEDIUM
1208384927,1,0,1,0,1,100.0,0,0,15.0,15.0,0,1,0,1.0,MEDIUM
1209866282,1,0,1,0,1,100.0,0,0,15.0,15.0,0,1,0,1.0,MEDIUM
1210043456,1,0,0,1,1,100.0,0,0,15.0,15.0,0,1,0,1.0,MEDIUM
1210381041,1,0,0,1,1,100.0,0,0,15.0,15.0,0,1,0,1.0,MEDIUM
1210397421,1,0,0,1,1,100.0,0,0,15.0,15.0,0,1,0,1.0,MEDIUM
1210991433,1,0,0,1,1,100.0,0,0,15.0,15.0,0,1,0,1.0,MEDIUM
1212885373,1,0,0,1,1,100.0,0,0,15.0,15.0,0,1,0,1.0,MEDIUM
1212891290,1,0,1,0,1,100.0,0,0,15.0,15.0,0,1,0,1.0,MEDIUM
1214182548,1,0,1,0,1,100.0,0,0,15.0,15.0,0,1,0,1.0,MEDIUM
1214806504,1,0,1,0,1,100.0,0,0,15.0,15.0,0,1,0,1.0,MEDIUM
1215136627,1,0,1,0,1,100.0,0,0,15.0,15.0,0,1,0,1.0,MEDIUM
1215176315,1,0,0,1,1,100.0,0,0,15.0,15.0,0,1,0,1.0,MEDIUM
1216408944,1,0,1,0,1,100.0,0,0,15.0,15.0,0,1,0,1.0,MEDIUM
1216561025,1,0,1,0,1,100.0,0,0,15.0,15.0,0,1,0,1.0,MEDIUM
1217277992,1,0,1,0,1,100.0,0,0,15.0,15.0,0,1,0,1.0,MEDIUM
1218094088,1,0,0,1,1,100.0,0,0,15.0,15.0,0,1,0,1.0,MEDIUM
1219569116,1,0,1,0,1,100.0,0,0,15.0,15.0,0,1,0,1.0,MEDIUM
1220017012,1,0,0,1,1,100.0,0,0,15.0,15.0,0,1,0,1.0,MEDIUM
1220734975,1,0,0,1,1,100.0,0,0,15.0,15.0,0,1,0,1.0,MEDIUM
1220941670,1,0,1,0,1,100.0,0,0,15.0,15.0,0,1,0,1.0,MEDIUM
1221080022,1,0,1,0,1,100.0,0,0,15.0,15.0,0,1,0,1.0,MEDIUM
1221476039,1,0,1,0,1,100.0,0,0,15.0,15.0,0,1,0,1.0,MEDIUM
1221945793,1,0,1,0,1,100.0,0,0,15.0,15.0,0,1,0,1.0,MEDIUM
1221970182,1,0,1,0,1,100.0,0,0,15.0,15.0,0,1,0,1.0,MEDIUM
1222433905,1,0,0,1,1,100.0,0,0,15.0,15.0,0,1,0,1.0,MEDIUM
1224606573,1,0,0,1,1,100.0,0,0,15.0,15.0,0,1,0,1.0,MEDIUM
1224845503,1,0,1,0,1,100.0,0,0,15.0,15.0,0,1,0,1.0,MEDIUM
1225840101,1,0,0,1,1,100.0,0,0,15.0,15.0,0,1,0,1.0,MEDIUM
1226971813,1,0,1,0,1,100.0,0,0,15.0,15.0,0,1,0,1.0,MEDIUM
1227098210,1,0,0,1,1,100.0,0,0,15.0,15.0,0,1,0,1.0,MEDIUM
1227138271,1,0,0,1,1,100.0,0,0,15.0,15.0,0,1,0,1.0,MEDIUM
1227416655,1,0,1,0,1,100.0,0,0,15.0,15.0,0,1,0,1.0,MEDIUM
1227466083,1,0,1,0,1,100.0,0,0,15.0,15.0,0,1,0,1.0,MEDIUM
1227972680,1,0,0,1,1,100.0,0,0,15.0,15.0,0,1,0,1.0,MEDIUM
1229017147,1,0,0,1,1,100.0,0,0,15.0,15.0,0,1,0,1.0,MEDIUM
1231021967,1,0,0,1,1,100.0,0,0,15.0,15.0,0,1,0,1.0,MEDIUM
1232267740,1,0,0,1,1,100.0,0,0,15.0,15.0,0,1,0,1.0,MEDIUM
1232686580,1,0,0,1,1,100.0,0,0,15.0,15.0,0,1,0,1.0,MEDIUM
1233154329,1,0,1,0,1,100.0,0,0,15.0,15.0,0,1,0,1.0,MEDIUM
1233989483,1,0,0,1,1,100.0,0,0,15.0,15.0,0,1,0,1.0,MEDIUM
1235116470,1,0,0,1,1,100.0,0,0,15.0,15.0,0,1,0,1.0,MEDIUM
1235560087,7,7,0,0,3,42.86,0,0,15.0,35.0,3,0,0,0.43,MEDIUM
1236740490,1,0,1,0,1,100.0,0,0,15.0,15.0,0,1,0,1.0,MEDIUM
1238777621,1,0,1,0,1,100.0,0,0,15.0,15.0,0,1,0,1.0,MEDIUM
1239771588,1,0,1,0,1,100.0,0,0,15.0,15.0,0,1,0,1.0,MEDIUM
1241138227,1,0,1,0,1,100.0,0,0,15.0,15.0,0,1,0,1.0,MEDIUM
1242809231,1,0,0,1,1,100.0,0,0,15.0,15.0,0,1,0,1.0,MEDIUM
1243607128,1,0,0,1,1,100.0,0,0,15.0,15.0,0,1,0,1.0,MEDIUM
1244408100,1,0,1,0,1,100.0,0,0,15.0,15.0,0,1,0,1.0,MEDIUM
1244521992,1,0,0,1,1,100.0,0,0,15.0,15.0,0,1,0,1.0,MEDIUM
1244897073,1,0,0,1,1,100.0,0,0,15.0,15.0,0,1,0,1.0,MEDIUM
1245466165,1,0,0,1,1,100.0,0,0,15.0,15.0,0,1,0,1.0,MEDIUM
1246354029,1,0,0,1,1,100.0,0,0,15.0,15.0,0,1,0,1.0,MEDIUM
1246552895,1,0,1,0,1,100.0,0,0,15.0,15.0,0,1,0,1.0,MEDIUM
1246921025,1,0,1,0,1,100.0,0,0,15.0,15.0,0,1,0,1.0,MEDIUM
1248084694,1,0,0,1,1,100.0,0,0,15.0,15.0,0,1,0,1.0,MEDIUM
1248216434,1,0,1,0,1,100.0,0,0,15.0,15.0,0,1,0,1.0,MEDIUM
1248311324,1,0,1,0,1,100.0,0,0,15.0,15.0,0,1,0,1.0,MEDIUM
1248460193,1,0,1,0,1,100.0,0,0,15.0,15.0,0,1,0,1.0,MEDIUM
1249121481,1,0,0,1,1,100.0,0,0,15.0,15.0,0,1,0,1.0,MEDIUM
1249773145,1,0,1,0,1,100.0,0,0,15.0,15.0,0,1,0,1.0,MEDIUM
1249779213,1,0,1,0,1,100.0,0,0,15.0,15.0,0,1,0,1.0,MEDIUM
1250442727,1,0,0,1,1,100.0,0,0,15.0,15.0,0,1,0,1.0,MEDIUM
1251427533,1,0,0,1,1,100.0,0,0,15.0,15.0,0,1,0,1.0,MEDIUM
1251546246,1,0,0,1,1,100.0,0,0,15.0,15.0,0,1,0,1.0,MEDIUM
1252508980,1,0,0,1,1,100.0,0,0,15.0,15.0,0,1,0,1.0,MEDIUM
1253395898,1,0,0,1,1,100.0,0,0,15.0,15.0,0,1,0,1.0,MEDIUM
1254395898,1,0,0,1,1,100.0,0,0,15.0,15.0,0,1,0,1.0,MEDIUM
1255433736,3,3,0,0,3,100.0,0,0,15.0,15.0,0,3,0,1.0,MEDIUM
1257589247,1,0,1,0,1,100.0,0,0,15.0,15.0,0,1,0,1.0,MEDIUM
1258000222,1,0,1,0,1,100.0,0,0,15.0,15.0,0,1,0,1.0,MEDIUM
1258634092,1,0,0,1,1,100.0,0,0,15.0,15.0,0,1,0,1.0,MEDIUM
1258716619,1,0,0,1,1,100.0,0,0,15.0,15.0,0,1,0,1.0,MEDIUM
1260058090,1,0,1,0,1,100.0,0,0,15.0,15.0,0,1,0,1.0,MEDIUM
1260148909,1,0,1,0,1,100.0,0,0,15.0,15.0,0,1,0,1.0,MEDIUM
1261376274,1,0,1,0,1,100.0,0,0,15.0,15.0,0,1,0,1.0,MEDIUM
1261764300,1,0,0,1,1,100.0,0,0,15.0,15.0,0,1,0,1.0,MEDIUM
1261905076,1,0,1,0,1,100.0,0,0,15.0,15.0,0,1,0,1.0,MEDIUM
1261934648,1,0,1,0,1,100.0,0,0,15.0,15.0,0,1,0,1.0,MEDIUM
1263250960,1,0,1,0,1,100.0,0,0,15.0,15.0,0,1,0,1.0,MEDIUM
1263598224,1,0,0,1,1,100.0,0,0,15.0,15.0,0,1,0,1.0,MEDIUM
1265111700,1,0,1,0,1,100.0,0,0,15.0,15.0,0,1,0,1.0,MEDIUM
1265167434,1,0,1,0,1,100.0,0,0,15.0,15.0,0,1,0,1.0,MEDIUM
1265954534,1,0,0,1,1,100.0,0,0,15.0,15.0,0,1,0,1.0,MEDIUM
1266054116,1,0,1,0,1,100.0,0,0,15.0,15.0,0,1,0,1.0,MEDIUM
1266507735,1,0,0,1,1,100.0,0,0,15.0,15.0,0,1,0,1.0,MEDIUM
1266906131,1,0,0,1,1,100.0,0,0,15.0,15.0,0,1,0,1.0,MEDIUM
1266929307,1,0,0,1,1,100.0,0,0,15.0,15.0,0,1,0,1.0,MEDIUM
1267512834,1,0,1,0,1,100.0,0,0,15.0,15.0,0,1,0,1.0,MEDIUM
1268109277,1,0,0,1,1,100.0,0,0,15.0,15.0,0,1,0,1.0,MEDIUM
1268909636,1,0,1,0,1,100.0,0,0,15.0,15.0,0,1,0,1.0,MEDIUM
1269357197,1,0,1,0,1,100.0,0,0,15.0,15.0,0,1,0,1.0,MEDIUM
1269772884,1,0,0,1,1,100.0,0,0,15.0,15.0,0,1,0,1.0,MEDIUM
1270131279,1,0,1,0,1,100.0,0,0,15.0,15.0,0,1,0,1.0,MEDIUM
1270666360,1,0,1,0,1,100.0,0,0,15.0,15.0,0,1,0,1.0,MEDIUM
1270782604,1,0,1,0,1,100.0,0,0,15.0,15.0,0,1,0,1.0,MEDIUM
1271130755,1,0,1,0,1,100.0,0,0,15.0,15.0,0,1,0,1.0,MEDIUM
1271961262,1,0,0,1,1,100.0,0,0,15.0,15.0,0,1,0,1.0,MEDIUM
1272213755,1,0,0,1,1,100.0,0,0,15.0,15.0,0,1,0,1.0,MEDIUM
1273414560,1,0,1,0,1,100.0,0,0,15.0,15.0,0,1,0,1.0,MEDIUM
1275050720,1,0,1,0,1,100.0,0,0,15.0,15.0,0,1,0,1.0,MEDIUM
1276157480,1,0,1,0,1,100.0,0,0,15.0,15.0,0,1,0,1.0,MEDIUM
1276323973,1,0,0,1,1,100.0,0,0,15.0,15.0,0,1,0,1.0,MEDIUM
1277503574,1,0,1,0,1,100.0,0,0,15.0,15.0,0,1,0,1.0,MEDIUM
1278140635,1,0,0,1,1,100.0,0,0,15.0,15.0,0,1,0,1.0,MEDIUM
1279295176,1,0,0,1,1,100.0,0,0,15.0,15.0,0,1,0,1.0,MEDIUM
1279340512,1,0,0,1,1,100.0,0,0,15.0,15.0,0,1,0,1.0,MEDIUM
1280604517,1,0,0,1,1,100.0,0,0,15.0,15.0,0,1,0,1.0,MEDIUM
1280747548,1,0,0,1,1,100.0,0,0,15.0,15.0,0,1,0,1.0,MEDIUM
1281266355,1,0,0,1,1,100.0,0,0,15.0,15.0,0,1,0,1.0,MEDIUM
1281456372,1,0,0,1,1,100.0,0,0,15.0,15.0,0,1,0,1.0,MEDIUM
1281765406,1,0,0,1,1,100.0,0,0,15.0,15.0,0,1,0,1.0,MEDIUM
1283821009,1,0,1,0,1,100.0,0,0,15.0,15.0,0,1,0,1.0,MEDIUM
1284435513,1,0,0,1,1,100.0,0,0,15.0,15.0,0,1,0,1.0,MEDIUM
1284481598,1,0,1,0,1,100.0,0,0,15.0,15.0,0,1,0,1.0,MEDIUM
1284727241,1,0,0,1,1,100.0,0,0,15.0,15.0,0,1,0,1.0,MEDIUM
1285171199,1,1,0,0,1,100.0,0,0,15.0,15.0,0,1,0,1.0,MEDIUM
1286271604,1,0,0,1,1,100.0,0,0,15.0,15.0,0,1,0,1.0,MEDIUM
1286435537,1,0,0,1,1,100.0,0,0,15.0,15.0,0,1,0,1.0,MEDIUM
1286510734,1,0,1,0,1,100.0,0,0,15.0,15.0,0,1,0,1.0,MEDIUM
1286550281,1,0,0,1,1,100.0,0,0,15.0,15.0,0,1,0,1.0,MEDIUM
1288303763,1,0,0,1,1,100.0,0,0,15.0,15.0,0,1,0,1.0,MEDIUM
1288661580,1,0,0,1,1,100.0,0,0,15.0,15.0,0,1,0,1.0,MEDIUM
1290061675,1,0,1,0,1,100.0,0,0,15.0,15.0,0,1,0,1.0,MEDIUM
1292098378,1,0,0,1,1,100.0,0,0,15.0,15.0,0,1,0,1.0,MEDIUM
1292143628,1,0,1,0,1,100.0,0,0,15.0,15.0,0,1,0,1.0,MEDIUM
1293046714,1,0,1,0,1,100.0,0,0,15.0,15.0,0,1,0,1.0,MEDIUM
1294924731,1,0,0,1,1,100.0,0,0,15.0,15.0,0,1,0,1.0,MEDIUM
1295148065,1,0,1,0,1,100.0,0,0,15.0,15.0,0,1,0,1.0,MEDIUM
1295237992,1,0,1,0,1,100.0,0,0,15.0,15.0,0,1,0,1.0,MEDIUM
1296595381,1,0,0,1,1,100.0,0,0,15.0,15.0,0,1,0,1.0,MEDIUM
1296790334,1,0,0,1,1,100.0,0,0,15.0,15.0,0,1,0,1.0,MEDIUM
1297317874,1,0,0,1,1,100.0,0,0,15.0,15.0,0,1,0,1.0,MEDIUM
1297745692,1,0,1,0,1,100.0,0,0,15.0,15.0,0,1,0,1.0,MEDIUM
1298505658,1,0,0,1,1,100.0,0,0,15.0,15.0,0,1,0,1.0,MEDIUM
1298931379,1,0,0,1,1,100.0,0,0,15.0,15.0,0,1,0,1.0,MEDIUM
1299115961,1,0,1,0,1,100.0,0,0,15.0,15.0,0,1,0,1.0,MEDIUM
1300131521,1,0,0,1,1,100.0,0,0,15.0,15.0,0,1,0,1.0,MEDIUM
1301422024,1,0,1,0,1,100.0,0,0,15.0,15.0,0,1,0,1.0,MEDIUM
1301594950,1,0,0,1,1,100.0,0,0,15.0,15.0,0,1,0,1.0,MEDIUM
1301948452,1,0,1,0,1,100.0,0,0,15.0,15.0,0,1,0,1.0,MEDIUM
1302229292,1,0,1,0,1,100.0,0,0,15.0,15.0,0,1,0,1.0,MEDIUM
1303246874,1,0,0,1,1,100.0,0,0,15.0,15.0,0,1,0,1.0,MEDIUM
1305289000,1,0,1,0,1,100.0,0,0,15.0,15.0,0,1,0,1.0,MEDIUM
1306377643,1,1,0,0,1,100.0,0,0,15.0,15.0,0,1,0,1.0,MEDIUM
1307407603,1,0,0,1,1,100.0,0,0,15.0,15.0,0,1,0,1.0,MEDIUM
1308929788,1,0,1,0,1,100.0,0,0,15.0,15.0,0,1,0,1.0,MEDIUM
1309385984,1,0,0,1,1,100.0,0,0,15.0,15.0,0,1,0,1.0,MEDIUM
1309397132,1,0,1,0,1,100.0,0,0,15.0,15.0,0,1,0,1.0,MEDIUM
1311241550,1,0,0,1,1,100.0,0,0,15.0,15.0,0,1,0,1.0,MEDIUM
1311382571,1,0,0,1,1,100.0,0,0,15.0,15.0,0,1,0,1.0,MEDIUM
1312671388,1,0,1,0,1,100.0,0,0,15.0,15.0,0,1,0,1.0,MEDIUM
1314250212,1,0,0,1,1,100.0,0,0,15.0,15.0,0,1,0,1.0,MEDIUM
1314362185,1,0,1,0,1,100.0,0,0,15.0,15.0,0,1,0,1.0,MEDIUM
1315207675,1,0,1,0,1,100.0,0,0,15.0,15.0,0,1,0,1.0,MEDIUM
1315902699,1,0,0,1,1,100.0,0,0,15.0,15.0,0,1,0,1.0,MEDIUM
1317065263,1,0,0,1,1,100.0,0,0,15.0,15.0,0,1,0,1.0,MEDIUM
1317270953,1,0,1,0,1,100.0,0,0,15.0,15.0,0,1,0,1.0,MEDIUM
1317946861,1,0,1,0,1,100.0,0,0,15.0,15.0,0,1,0,1.0,MEDIUM
1319757745,1,0,1,0,1,100.0,0,0,15.0,15.0,0,1,0,1.0,MEDIUM
1320269277,1,0,0,1,1,100.0,0,0,15.0,15.0,0,1,0,1.0,MEDIUM
1320662421,1,0,0,1,1,100.0,0,0,15.0,15.0,0,1,0,1.0,MEDIUM
1323281013,1,0,0,1,1,100.0,0,0,15.0,15.0,0,1,0,1.0,MEDIUM
1324064453,1,0,0,1,1,100.0,0,0,15.0,15.0,0,1,0,1.0,MEDIUM
1324764136,1,0,1,0,1,100.0,0,0,15.0,15.0,0,1,0,1.0,MEDIUM
1324811316,1,0,1,0,1,100.0,0,0,15.0,15.0,0,1,0,1.0,MEDIUM
1325914638,1,0,1,0,1,100.0,0,0,15.0,15.0,0,1,0,1.0,MEDIUM
1326361866,1,0,0,1,1,100.0,0,0,15.0,15.0,0,1,0,1.0,MEDIUM
1326611187,1,1,0,0,1,100.0,0,0,15.0,15.0,0,1,0,1.0,MEDIUM
1327310500,1,0,1,0,1,100.0,0,0,15.0,15.0,0,1,0,1.0,MEDIUM
1327459024,1,0,0,1,1,100.0,0,0,15.0,15.0,0,1,0,1.0,MEDIUM
1328232583,1,0,0,1,1,100.0,0,0,15.0,15.0,0,1,0,1.0,MEDIUM
1328576296,1,0,1,0,1,100.0,0,0,15.0,15.0,0,1,0,1.0,MEDIUM
1329480432,1,0,0,1,1,100.0,0,0,15.0,15.0,0,1,0,1.0,MEDIUM
1330392987,1,0,0,1,1,100.0,0,0,15.0,15.0,0,1,0,1.0,MEDIUM
1331587450,1,0,0,1,1,100.0,0,0,15.0,15.0,0,1,0,1.0,MEDIUM
1332485126,1,0,0,1,1,100.0,0,0,15.0,15.0,0,1,0,1.0,MEDIUM
1333143958,1,0,0,1,1,100.0,0,0,15.0,15.0,0,1,0,1.0,MEDIUM
1334155985,1,0,0,1,1,100.0,0,0,15.0,15.0,0,1,0,1.0,MEDIUM
1334471554,1,0,1,0,1,100.0,0,0,15.0,15.0,0,1,0,1.0,MEDIUM
1335000569,1,0,0,1,1,100.0,0,0,15.0,15.0,0,1,0,1.0,MEDIUM
1335715064,1,0,1,0,1,100.0,0,0,15.0,15.0,0,1,0,1.0,MEDIUM
1336329788,1,1,0,0,1,100.0,0,0,15.0,15.0,0,1,0,1.0,MEDIUM
1336411662,1,0,0,1,1,100.0,0,0,15.0,15.0,0,1,0,1.0,MEDIUM
1336516178,1,1,0,0,1,100.0,0,0,15.0,15.0,0,1,0,1.0,MEDIUM
1337340106,1,0,0,1,1,100.0,0,0,15.0,15.0,0,1,0,1.0,MEDIUM
1338030564,1,0,0,1,1,100.0,0,0,15.0,15.0,0,1,0,1.0,MEDIUM
1338815771,1,0,1,0,1,100.0,0,0,15.0,15.0,0,1,0,1.0,MEDIUM
1339098611,1,0,0,1,1,100.0,0,0,15.0,15.0,0,1,0,1.0,MEDIUM
1339652657,1,0,0,1,1,100.0,0,0,15.0,15.0,0,1,0,1.0,MEDIUM
1339801691,1,0,0,1,1,100.0,0,0,15.0,15.0,0,1,0,1.0,MEDIUM
1340636094,1,0,1,0,1,100.0,0,0,15.0,15.0,0,1,0,1.0,MEDIUM
1340954431,1,0,1,0,1,100.0,0,0,15.0,15.0,0,1,0,1.0,MEDIUM
1341323689,1,0,1,0,1,100.0,0,0,15.0,15.0,0,1,0,1.0,MEDIUM
1341515850,1,0,1,0,1,100.0,0,0,15.0,15.0,0,1,0,1.0,MEDIUM
1342104018,1,0,1,0,1,100.0,0,0,15.0,15.0,0,1,0,1.0,MEDIUM
1343278179,1,0,0,1,1,100.0,0,0,15.0,15.0,0,1,0,1.0,MEDIUM
1343323578,1,0,1,0,1,100.0,0,0,15.0,15.0,0,1,0,1.0,MEDIUM
1343353993,1,0,0,1,1,100.0,0,0,15.0,15.0,0,1,0,1.0,MEDIUM
1343432832,1,0,0,1,1,100.0,0,0,15.0,15.0,0,1,0,1.0,MEDIUM
1344684596,1,0,0,1,1,100.0,0,0,15.0,15.0,0,1,0,1.0,MEDIUM
1344999417,1,0,0,1,1,100.0,0,0,15.0,15.0,0,1,0,1.0,MEDIUM
1346297367,1,0,1,0,1,100.0,0,0,15.0,15.0,0,1,0,1.0,MEDIUM
1347424171,1,0,1,0,1,100.0,0,0,15.0,15.0,0,1,0,1.0,MEDIUM
1348553850,1,0,1,0,1,100.0,0,0,15.0,15.0,0,1,0,1.0,MEDIUM
1349733565,1,0,1,0,1,100.0,0,0,15.0,15.0,0,1,0,1.0,MEDIUM
1351162185,1,0,0,1,1,100.0,0,0,15.0,15.0,0,1,0,1.0,MEDIUM
1351454881,1,0,1,0,1,100.0,0,0,15.0,15.0,0,1,0,1.0,MEDIUM
1351667190,1,0,1,0,1,100.0,0,0,15.0,15.0,0,1,0,1.0,MEDIUM
1352390726,1,0,1,0,1,100.0,0,0,15.0,15.0,0,1,0,1.0,MEDIUM
1355065937,1,0,0,1,1,100.0,0,0,15.0,15.0,0,1,0,1.0,MEDIUM
1356183623,1,0,1,0,1,100.0,0,0,15.0,15.0,0,1,0,1.0,MEDIUM
1356491534,1,1,0,0,1,100.0,0,0,15.0,15.0,0,1,0,1.0,MEDIUM
1356795271,1,0,1,0,1,100.0,0,0,15.0,15.0,0,1,0,1.0,MEDIUM
1356970391,1,0,1,0,1,100.0,0,0,15.0,15.0,0,1,0,1.0,MEDIUM
1357042649,1,0,0,1,1,100.0,0,0,15.0,15.0,0,1,0,1.0,MEDIUM
1357741130,1,0,1,0,1,100.0,0,0,15.0,15.0,0,1,0,1.0,MEDIUM
1357943111,1,0,0,1,1,100.0,0,0,15.0,15.0,0,1,0,1.0,MEDIUM
1358385549,1,0,1,0,1,100.0,0,0,15.0,15.0,0,1,0,1.0,MEDIUM
1358772164,1,0,0,1,1,100.0,0,0,15.0,15.0,0,1,0,1.0,MEDIUM
1359838370,1,0,1,0,1,100.0,0,0,15.0,15.0,0,1,0,1.0,MEDIUM
1360571193,1,0,0,1,1,100.0,0,0,15.0,15.0,0,1,0,1.0,MEDIUM
1360706375,1,0,1,0,1,100.0,0,0,15.0,15.0,0,1,0,1.0,MEDIUM
1360955033,1,0,1,0,1,100.0,0,0,15.0,15.0,0,1,0,1.0,MEDIUM
1361014996,1,0,0,1,1,100.0,0,0,15.0,15.0,0,1,0,1.0,MEDIUM
1361619609,1,0,0,1,1,100.0,0,0,15.0,15.0,0,1,0,1.0,MEDIUM
1362964353,1,0,1,0,1,100.0,0,0,15.0,15.0,0,1,0,1.0,MEDIUM
1364112223,1,0,1,0,1,100.0,0,0,15.0,15.0,0,1,0,1.0,MEDIUM
1364722092,1,0,0,1,1,100.0,0,0,15.0,15.0,0,1,0,1.0,MEDIUM
1365532080,1,0,1,0,1,100.0,0,0,15.0,15.0,0,1,0,1.0,MEDIUM
1366531618,1,1,0,0,1,100.0,0,0,15.0,15.0,0,1,0,1.0,MEDIUM
1367860022,1,0,1,0,1,100.0,0,0,15.0,15.0,0,1,0,1.0,MEDIUM
1368293615,1,0,0,1,1,100.0,0,0,15.0,15.0,0,1,0,1.0,MEDIUM
1368490482,1,0,0,1,1,100.0,0,0,15.0,15.0,0,1,0,1.0,MEDIUM
1370379806,1,0,0,1,1,100.0,0,0,15.0,15.0,0,1,0,1.0,MEDIUM
1370507544,1,0,0,1,1,100.0,0,0,15.0,15.0,0,1,0,1.0,MEDIUM
1371034102,1,0,0,1,1,100.0,0,0,15.0,15.0,0,1,0,1.0,MEDIUM
1375139179,1,0,1,0,1,100.0,0,0,15.0,15.0,0,1,0,1.0,MEDIUM
1375360095,1,0,1,0,1,100.0,0,0,15.0,15.0,0,1,0,1.0,MEDIUM
1375781721,1,0,1,0,1,100.0,0,0,15.0,15.0,0,1,0,1.0,MEDIUM
1375860711,1,0,0,1,1,100.0,0,0,15.0,15.0,0,1,0,1.0,MEDIUM
1376369160,1,0,0,1,1,100.0,0,0,15.0,15.0,0,1,0,1.0,MEDIUM
1376551429,1,0,1,0,1,100.0,0,0,15.0,15.0,0,1,0,1.0,MEDIUM
1376641884,1,0,0,1,1,100.0,0,0,15.0,15.0,0,1,0,1.0,MEDIUM
1376889055,1,1,0,0,1,100.0,0,0,15.0,15.0,0,1,0,1.0,MEDIUM
1377865936,1,0,0,1,1,100.0,0,0,15.0,15.0,0,1,0,1.0,MEDIUM
1380594270,1,0,0,1,1,100.0,0,0,15.0,15.0,0,1,0,1.0,MEDIUM
1380680328,1,0,1,0,1,100.0,0,0,15.0,15.0,0,1,0,1.0,MEDIUM
1380787559,1,0,0,1,1,100.0,0,0,15.0,15.0,0,1,0,1.0,MEDIUM
1381765236,1,0,1,0,1,100.0,0,0,15.0,15.0,0,1,0,1.0,MEDIUM
1382257456,1,0,0,1,1,100.0,0,0,15.0,15.0,0,1,0,1.0,MEDIUM
1384666856,1,0,0,1,1,100.0,0,0,15.0,15.0,0,1,0,1.0,MEDIUM
1385052747,1,0,0,1,1,100.0,0,0,15.0,15.0,0,1,0,1.0,MEDIUM
1386897239,1,0,1,0,1,100.0,0,0,15.0,15.0,0,1,0,1.0,MEDIUM
1386936180,1,0,1,0,1,100.0,0,0,15.0,15.0,0,1,0,1.0,MEDIUM
1386942597,2,2,0,0,2,100.0,0,0,15.0,15.0,0,2,0,1.0,MEDIUM
1387298232,1,0,1,0,1,100.0,0,0,15.0,15.0,0,1,0,1.0,MEDIUM
1387519190,1,0,1,0,1,100.0,0,0,15.0,15.0,0,1,0,1.0,MEDIUM
1388281026,1,0,1,0,1,100.0,0,0,15.0,15.0,0,1,0,1.0,MEDIUM
1388515462,1,0,1,0,1,100.0,0,0,15.0,15.0,0,1,0,1.0,MEDIUM
1388525483,1,0,1,0,1,100.0,0,0,15.0,15.0,0,1,0,1.0,MEDIUM
1388773133,1,0,1,0,1,100.0,0,0,15.0,15.0,0,1,0,1.0,MEDIUM
1389160916,1,0,0,1,1,100.0,0,0,15.0,15.0,0,1,0,1.0,MEDIUM
1390059464,1,0,0,1,1,100.0,0,0,15.0,15.0,0,1,0,1.0,MEDIUM
1390498990,1,0,1,0,1,100.0,0,0,15.0,15.0,0,1,0,1.0,MEDIUM
1390956335,1,0,1,0,1,100.0,0,0,15.0,15.0,0,1,0,1.0,MEDIUM
1391227997,1,0,0,1,1,100.0,0,0,15.0,15.0,0,1,0,1.0,MEDIUM
1391275003,1,0,1,0,1,100.0,0,0,15.0,15.0,0,1,0,1.0,MEDIUM
1392027229,1,0,0,1,1,100.0,0,0,15.0,15.0,0,1,0,1.0,MEDIUM
1392177513,1,0,0,1,1,100.0,0,0,15.0,15.0,0,1,0,1.0,MEDIUM
1392395283,1,0,0,1,1,100.0,0,0,15.0,15.0,0,1,0,1.0,MEDIUM
1392913807,1,0,1,0,1,100.0,0,0,15.0,15.0,0,1,0,1.0,MEDIUM
1393027849,1,0,0,1,1,100.0,0,0,15.0,15.0,0,1,0,1.0,MEDIUM
1394102493,1,0,1,0,1,100.0,0,0,15.0,15.0,0,1,0,1.0,MEDIUM
1394228108,1,0,0,1,1,100.0,0,0,15.0,15.0,0,1,0,1.0,MEDIUM
1394310966,1,0,0,1,1,100.0,0,0,15.0,15.0,0,1,0,1.0,MEDIUM
1395277490,1,0,1,0,1,100.0,0,0,15.0,15.0,0,1,0,1.0,MEDIUM
1395395612,1,0,0,1,1,100.0,0,0,15.0,15.0,0,1,0,1.0,MEDIUM
1396062394,1,1,0,0,1,100.0,0,0,15.0,15.0,0,1,0,1.0,MEDIUM
1396161651,1,0,1,0,1,100.0,0,0,15.0,15.0,0,1,0,1.0,MEDIUM
1396282208,1,1,0,0,1,100.0,0,0,15.0,15.0,0,1,0,1.0,MEDIUM
1397143419,1,0,1,0,1,100.0,0,0,15.0,15.0,0,1,0,1.0,MEDIUM
1398070923,1,0,1,0,1,100.0,0,0,15.0,15.0,0,1,0,1.0,MEDIUM
1398225454,1,0,1,0,1,100.0,0,0,15.0,15.0,0,1,0,1.0,MEDIUM
1398971457,1,0,0,1,1,100.0,0,0,15.0,15.0,0,1,0,1.0,MEDIUM
1400309710,1,0,0,1,1,100.0,0,0,15.0,15.0,0,1,0,1.0,MEDIUM
1401603620,1,0,0,1,1,100.0,0,0,15.0,15.0,0,1,0,1.0,MEDIUM
1401730680,1,0,1,0,1,100.0,0,0,15.0,15.0,0,1,0,1.0,MEDIUM
1403683105,1,0,1,0,1,100.0,0,0,15.0,15.0,0,1,0,1.0,MEDIUM
1403786283,1,0,0,1,1,100.0,0,0,15.0,15.0,0,1,0,1.0,MEDIUM
1404406793,1,0,0,1,1,100.0,0,0,15.0,15.0,0,1,0,1.0,MEDIUM
1405298507,1,0,0,1,1,100.0,0,0,15.0,15.0,0,1,0,1.0,MEDIUM
1406222217,1,0,0,1,1,100.0,0,0,15.0,15.0,0,1,0,1.0,MEDIUM
1406386416,1,0,1,0,1,100.0,0,0,15.0,15.0,0,1,0,1.0,MEDIUM
1407306418,1,1,0,0,1,100.0,0,0,15.0,15.0,0,1,0,1.0,MEDIUM
1407369390,3,3,0,0,3,100.0,0,0,15.0,15.0,0,3,0,1.0,MEDIUM
1407443727,1,0,0,1,1,100.0,0,0,15.0,15.0,0,1,0,1.0,MEDIUM
1407740559,1,0,1,0,1,100.0,0,0,15.0,15.0,0,1,0,1.0,MEDIUM
1408841949,1,0,1,0,1,100.0,0,0,15.0,15.0,0,1,0,1.0,MEDIUM
1408904411,1,0,1,0,1,100.0,0,0,15.0,15.0,0,1,0,1.0,MEDIUM
1411380052,1,0,0,1,1,100.0,0,0,15.0,15.0,0,1,0,1.0,MEDIUM
1411464440,1,0,1,0,1,100.0,0,0,15.0,15.0,0,1,0,1.0,MEDIUM
1411553554,1,0,0,1,1,100.0,0,0,15.0,15.0,0,1,0,1.0,MEDIUM
1411777031,1,0,0,1,1,100.0,0,0,15.0,15.0,0,1,0,1.0,MEDIUM
1412118437,1,0,0,1,1,100.0,0,0,15.0,15.0,0,1,0,1.0,MEDIUM
1412261876,1,0,1,0,1,100.0,0,0,15.0,15.0,0,1,0,1.0,MEDIUM
1412499701,1,0,1,0,1,100.0,0,0,15.0,15.0,0,1,0,1.0,MEDIUM
1413295063,1,0,0,1,1,100.0,0,0,15.0,15.0,0,1,0,1.0,MEDIUM
1413341384,1,0,0,1,1,100.0,0,0,15.0,15.0,0,1,0,1.0,MEDIUM
1413910434,1,0,0,1,1,100.0,0,0,15.0,15.0,0,1,0,1.0,MEDIUM
1414981030,1,0,0,1,1,100.0,0,0,15.0,15.0,0,1,0,1.0,MEDIUM
1415495857,1,0,0,1,1,100.0,0,0,15.0,15.0,0,1,0,1.0,MEDIUM
1417063819,1,1,0,0,1,100.0,0,0,15.0,15.0,0,1,0,1.0,MEDIUM
1417377813,3,3,0,0,3,100.0,0,0,15.0,15.0,0,3,0,1.0,MEDIUM
1419652036,1,0,0,1,1,100.0,0,0,15.0,15.0,0,1,0,1.0,MEDIUM
1419678660,1,0,0,1,1,100.0,0,0,15.0,15.0,0,1,0,1.0,MEDIUM
1420482140,1,0,0,1,1,100.0,0,0,15.0,15.0,0,1,0,1.0,MEDIUM
1420566139,1,0,1,0,1,100.0,0,0,15.0,15.0,0,1,0,1.0,MEDIUM
1421672840,1,0,1,0,1,100.0,0,0,15.0,15.0,0,1,0,1.0,MEDIUM
1421841901,1,0,1,0,1,100.0,0,0,15.0,15.0,0,1,0,1.0,MEDIUM
1422383448,1,0,0,1,1,100.0,0,0,15.0,15.0,0,1,0,1.0,MEDIUM
1422544602,1,0,0,1,1,100.0,0,0,15.0,15.0,0,1,0,1.0,MEDIUM
1422550987,1,0,0,1,1,100.0,0,0,15.0,15.0,0,1,0,1.0,MEDIUM
1423591980,1,0,1,0,1,100.0,0,0,15.0,15.0,0,1,0,1.0,MEDIUM
1424289004,1,0,1,0,1,100.0,0,0,15.0,15.0,0,1,0,1.0,MEDIUM
1425791269,1,0,1,0,1,100.0,0,0,15.0,15.0,0,1,0,1.0,MEDIUM
1426268529,1,0,0,1,1,100.0,0,0,15.0,15.0,0,1,0,1.0,MEDIUM
1427090838,1,0,0,1,1,100.0,0,0,15.0,15.0,0,1,0,1.0,MEDIUM
1427384353,3,3,0,0,3,100.0,0,0,15.0,15.0,0,3,0,1.0,MEDIUM
1427677723,1,1,0,0,1,100.0,0,0,15.0,15.0,0,1,0,1.0,MEDIUM
1427765700,1,0,1,0,1,100.0,0,0,15.0,15.0,0,1,0,1.0,MEDIUM
1427887926,1,0,1,0,1,100.0,0,0,15.0,15.0,0,1,0,1.0,MEDIUM
1428276387,1,0,1,0,1,100.0,0,0,15.0,15.0,0,1,0,1.0,MEDIUM
1430638222,1,0,1,0,1,100.0,0,0,15.0,15.0,0,1,0,1.0,MEDIUM
1431410694,1,0,0,1,1,100.0,0,0,15.0,15.0,0,1,0,1.0,MEDIUM
1431517056,1,0,0,1,1,100.0,0,0,15.0,15.0,0,1,0,1.0,MEDIUM
1432143406,1,0,0,1,1,100.0,0,0,15.0,15.0,0,1,0,1.0,MEDIUM
1432335427,1,0,1,0,1,100.0,0,0,15.0,15.0,0,1,0,1.0,MEDIUM
1432529703,1,0,0,1,1,100.0,0,0,15.0,15.0,0,1,0,1.0,MEDIUM
1432758346,1,0,0,1,1,100.0,0,0,15.0,15.0,0,1,0,1.0,MEDIUM
1433329969,1,0,0,1,1,100.0,0,0,15.0,15.0,0,1,0,1.0,MEDIUM
1434954320,1,0,1,0,1,100.0,0,0,15.0,15.0,0,1,0,1.0,MEDIUM
1436823347,1,0,0,1,1,100.0,0,0,15.0,15.0,0,1,0,1.0,MEDIUM
1436908626,1,0,0,1,1,100.0,0,0,15.0,15.0,0,1,0,1.0,MEDIUM
1437303955,1,1,0,0,1,100.0,0,0,15.0,15.0,0,1,0,1.0,MEDIUM
1441314104,1,0,0,1,1,100.0,0,0,15.0,15.0,0,1,0,1.0,MEDIUM
1441623368,1,0,1,0,1,100.0,0,0,15.0,15.0,0,1,0,1.0,MEDIUM
1441691701,1,0,1,0,1,100.0,0,0,15.0,15.0,0,1,0,1.0,MEDIUM
1441807904,1,0,0,1,1,100.0,0,0,15.0,15.0,0,1,0,1.0,MEDIUM
1442277309,1,0,1,0,1,100.0,0,0,15.0,15.0,0,1,0,1.0,MEDIUM
1442685563,1,0,1,0,1,100.0,0,0,15.0,15.0,0,1,0,1.0,MEDIUM
1442897306,1,0,0,1,1,100.0,0,0,15.0,15.0,0,1,0,1.0,MEDIUM
1444084963,1,0,0,1,1,100.0,0,0,15.0,15.0,0,1,0,1.0,MEDIUM
1445157892,1,0,0,1,1,100.0,0,0,15.0,15.0,0,1,0,1.0,MEDIUM
1445968940,1,0,1,0,1,100.0,0,0,15.0,15.0,0,1,0,1.0,MEDIUM
1447337698,1,0,1,0,1,100.0,0,0,15.0,15.0,0,1,0,1.0,MEDIUM
1447438502,1,0,0,1,1,100.0,0,0,15.0,15.0,0,1,0,1.0,MEDIUM
1449722593,1,0,1,0,1,100.0,0,0,15.0,15.0,0,1,0,1.0,MEDIUM
1449889628,1,0,1,0,1,100.0,0,0,15.0,15.0,0,1,0,1.0,MEDIUM
1451240032,1,0,1,0,1,100.0,0,0,15.0,15.0,0,1,0,1.0,MEDIUM
1451461979,1,0,1,0,1,100.0,0,0,15.0,15.0,0,1,0,1.0,MEDIUM
1451508544,1,0,0,1,1,100.0,0,0,15.0,15.0,0,1,0,1.0,MEDIUM
1452542010,1,0,1,0,1,100.0,0,0,15.0,15.0,0,1,0,1.0,MEDIUM
1454622872,1,0,0,1,1,100.0,0,0,15.0,15.0,0,1,0,1.0,MEDIUM
1454883555,1,0,0,1,1,100.0,0,0,15.0,15.0,0,1,0,1.0,MEDIUM
1455225473,1,0,0,1,1,100.0,0,0,15.0,15.0,0,1,0,1.0,MEDIUM
1455857239,1,0,1,0,1,100.0,0,0,15.0,15.0,0,1,0,1.0,MEDIUM
1456233381,1,0,0,1,1,100.0,0,0,15.0,15.0,0,1,0,1.0,MEDIUM
1456524806,1,0,0,1,1,100.0,0,0,15.0,15.0,0,1,0,1.0,MEDIUM
1457365774,1,0,0,1,1,100.0,0,0,15.0,15.0,0,1,0,1.0,MEDIUM
1457772402,2,2,0,0,2,100.0,0,0,15.0,15.0,0,2,0,1.0,MEDIUM
1457802332,1,1,0,0,1,100.0,0,0,15.0,15.0,0,1,0,1.0,MEDIUM
1460429839,1,0,0,1,1,100.0,0,0,15.0,15.0,0,1,0,1.0,MEDIUM
1460957268,1,0,1,0,1,100.0,0,0,15.0,15.0,0,1,0,1.0,MEDIUM
1462552563,1,0,0,1,1,100.0,0,0,15.0,15.0,0,1,0,1.0,MEDIUM
1463076030,1,0,0,1,1,100.0,0,0,15.0,15.0,0,1,0,1.0,MEDIUM
1463804453,1,0,1,0,1,100.0,0,0,15.0,15.0,0,1,0,1.0,MEDIUM
1464458163,1,0,0,1,1,100.0,0,0,15.0,15.0,0,1,0,1.0,MEDIUM
1464756589,1,0,0,1,1,100.0,0,0,15.0,15.0,0,1,0,1.0,MEDIUM
1464812580,1,0,0,1,1,100.0,0,0,15.0,15.0,0,1,0,1.0,MEDIUM
1465431152,1,0,0,1,1,100.0,0,0,15.0,15.0,0,1,0,1.0,MEDIUM
1465874307,1,0,0,1,1,100.0,0,0,15.0,15.0,0,1,0,1.0,MEDIUM
1466462676,1,0,1,0,1,100.0,0,0,15.0,15.0,0,1,0,1.0,MEDIUM
1467116916,1,0,0,1,1,100.0,0,0,15.0,15.0,0,1,0,1.0,MEDIUM
1467483297,1,1,0,0,1,100.0,0,0,15.0,15.0,0,1,0,1.0,MEDIUM
1467607922,1,0,0,1,1,100.0,0,0,15.0,15.0,0,1,0,1.0,MEDIUM
1467801235,1,0,1,0,1,100.0,0,0,15.0,15.0,0,1,0,1.0,MEDIUM
1467850727,1,1,0,0,1,100.0,0,0,15.0,15.0,0,1,0,1.0,MEDIUM
1470348290,1,0,0,1,1,100.0,0,0,15.0,15.0,0,1,0,1.0,MEDIUM
1471423594,1,0,0,1,1,100.0,0,0,15.0,15.0,0,1,0,1.0,MEDIUM
1471621546,1,0,0,1,1,100.0,0,0,15.0,15.0,0,1,0,1.0,MEDIUM
1472857244,1,0,1,0,1,100.0,0,0,15.0,15.0,0,1,0,1.0,MEDIUM
1474078125,1,0,1,0,1,100.0,0,0,15.0,15.0,0,1,0,1.0,MEDIUM
1475422151,1,0,0,1,1,100.0,0,0,15.0,15.0,0,1,0,1.0,MEDIUM
1477437353,1,0,0,1,1,100.0,0,0,15.0,15.0,0,1,0,1.0,MEDIUM
1477482450,1,0,0,1,1,100.0,0,0,15.0,15.0,0,1,0,1.0,MEDIUM
1477749804,1,0,1,0,1,100.0,0,0,15.0,15.0,0,1,0,1.0,MEDIUM
1478000348,1,0,0,1,1,100.0,0,0,15.0,15.0,0,1,0,1.0,MEDIUM
1478147581,1,0,0,1,1,100.0,0,0,15.0,15.0,0,1,0,1.0,MEDIUM
1478439134,1,0,1,0,1,100.0,0,0,15.0,15.0,0,1,0,1.0,MEDIUM
1478576820,1,0,1,0,1,100.0,0,0,15.0,15.0,0,1,0,1.0,MEDIUM
1478817547,1,0,1,0,1,100.0,0,0,15.0,15.0,0,1,0,1.0,MEDIUM
1480827858,1,0,0,1,1,100.0,0,0,15.0,15.0,0,1,0,1.0,MEDIUM
1481202774,1,0,1,0,1,100.0,0,0,15.0,15.0,0,1,0,1.0,MEDIUM
1481732527,1,0,0,1,1,100.0,0,0,15.0,15.0,0,1,0,1.0,MEDIUM
1482687857,1,0,0,1,1,100.0,0,0,15.0,15.0,0,1,0,1.0,MEDIUM
1483259798,1,0,1,0,1,100.0,0,0,15.0,15.0,0,1,0,1.0,MEDIUM
1484069996,1,0,0,1,1,100.0,0,0,15.0,15.0,0,1,0,1.0,MEDIUM
1484409718,1,0,0,1,1,100.0,0,0,15.0,15.0,0,1,0,1.0,MEDIUM
1484571542,1,0,1,0,1,100.0,0,0,15.0,15.0,0,1,0,1.0,MEDIUM
1485023862,1,0,0,1,1,100.0,0,0,15.0,15.0,0,1,0,1.0,MEDIUM
1485063898,1,0,0,1,1,100.0,0,0,15.0,15.0,0,1,0,1.0,MEDIUM
1486025718,1,0,0,1,1,100.0,0,0,15.0,15.0,0,1,0,1.0,MEDIUM
1486468321,1,0,0,1,1,100.0,0,0,15.0,15.0,0,1,0,1.0,MEDIUM
1486562463,1,0,0,1,1,100.0,0,0,15.0,15.0,0,1,0,1.0,MEDIUM
1486668894,1,0,1,0,1,100.0,0,0,15.0,15.0,0,1,0,1.0,MEDIUM
1487280384,1,1,0,0,1,100.0,0,0,15.0,15.0,0,1,0,1.0,MEDIUM
1487640989,1,0,0,1,1,100.0,0,0,15.0,15.0,0,1,0,1.0,MEDIUM
1487706214,1,1,0,0,1,100.0,0,0,15.0,15.0,0,1,0,1.0,MEDIUM
1490461543,1,0,1,0,1,100.0,0,0,15.0,15.0,0,1,0,1.0,MEDIUM
1491954698,1,0,0,1,1,100.0,0,0,15.0,15.0,0,1,0,1.0,MEDIUM
1492259420,1,0,1,0,1,100.0,0,0,15.0,15.0,0,1,0,1.0,MEDIUM
1493728738,1,0,0,1,1,100.0,0,0,15.0,15.0,0,1,0,1.0,MEDIUM
1493985819,1,0,1,0,1,100.0,0,0,15.0,15.0,0,1,0,1.0,MEDIUM
1494053027,1,0,1,0,1,100.0,0,0,15.0,15.0,0,1,0,1.0,MEDIUM
1494393315,1,0,0,1,1,100.0,0,0,15.0,15.0,0,1,0,1.0,MEDIUM
1494904981,1,0,1,0,1,100.0,0,0,15.0,15.0,0,1,0,1.0,MEDIUM
1495490513,1,0,1,0,1,100.0,0,0,15.0,15.0,0,1,0,1.0,MEDIUM
1495830592,1,0,1,0,1,100.0,0,0,15.0,15.0,0,1,0,1.0,MEDIUM
1496717042,1,0,1,0,1,100.0,0,0,15.0,15.0,0,1,0,1.0,MEDIUM
1496738293,1,0,1,0,1,100.0,0,0,15.0,15.0,0,1,0,1.0,MEDIUM
1497786818,1,1,0,0,1,100.0,0,0,15.0,15.0,0,1,0,1.0,MEDIUM
1498168318,1,0,1,0,1,100.0,0,0,15.0,15.0,0,1,0,1.0,MEDIUM
1499916459,1,0,1,0,1,100.0,0,0,15.0,15.0,0,1,0,1.0,MEDIUM
1500246735,1,0,1,0,1,100.0,0,0,15.0,15.0,0,1,0,1.0,MEDIUM
1501623576,1,0,1,0,1,100.0,0,0,15.0,15.0,0,1,0,1.0,MEDIUM
1501634185,1,0,0,1,1,100.0,0,0,15.0,15.0,0,1,0,1.0,MEDIUM
1503313631,1,0,1,0,1,100.0,0,0,15.0,15.0,0,1,0,1.0,MEDIUM
1503566775,1,0,0,1,1,100.0,0,0,15.0,15.0,0,1,0,1.0,MEDIUM
1503579325,1,0,0,1,1,100.0,0,0,15.0,15.0,0,1,0,1.0,MEDIUM
1505587195,1,0,1,0,1,100.0,0,0,15.0,15.0,0,1,0,1.0,MEDIUM
1505702448,1,0,0,1,1,100.0,0,0,15.0,15.0,0,1,0,1.0,MEDIUM
1505752029,1,0,0,1,1,100.0,0,0,15.0,15.0,0,1,0,1.0,MEDIUM
1507208610,1,0,0,1,1,100.0,0,0,15.0,15.0,0,1,0,1.0,MEDIUM
1508143186,1,0,0,1,1,100.0,0,0,15.0,15.0,0,1,0,1.0,MEDIUM
1508325871,1,0,0,1,1,100.0,0,0,15.0,15.0,0,1,0,1.0,MEDIUM
1508472804,1,1,0,0,1,100.0,0,0,15.0,15.0,0,1,0,1.0,MEDIUM
1508964883,1,1,0,0,1,100.0,0,0,15.0,15.0,0,1,0,1.0,MEDIUM
1509925509,1,0,1,0,1,100.0,0,0,15.0,15.0,0,1,0,1.0,MEDIUM
1510216849,1,0,1,0,1,100.0,0,0,15.0,15.0,0,1,0,1.0,MEDIUM
1511121021,1,0,1,0,1,100.0,0,0,15.0,15.0,0,1,0,1.0,MEDIUM
1511474421,1,0,0,1,1,100.0,0,0,15.0,15.0,0,1,0,1.0,MEDIUM
1512655726,1,0,0,1,1,100.0,0,0,15.0,15.0,0,1,0,1.0,MEDIUM
1512873417,1,0,1,0,1,100.0,0,0,15.0,15.0,0,1,0,1.0,MEDIUM
1512992526,1,0,1,0,1,100.0,0,0,15.0,15.0,0,1,0,1.0,MEDIUM
1514763040,1,0,1,0,1,100.0,0,0,15.0,15.0,0,1,0,1.0,MEDIUM
1515752855,1,0,1,0,1,100.0,0,0,15.0,15.0,0,1,0,1.0,MEDIUM
1516475349,1,0,1,0,1,100.0,0,0,15.0,15.0,0,1,0,1.0,MEDIUM
1516479329,1,0,0,1,1,100.0,0,0,15.0,15.0,0,1,0,1.0,MEDIUM
1516576338,1,0,1,0,1,100.0,0,0,15.0,15.0,0,1,0,1.0,MEDIUM
1517070400,1,0,1,0,1,100.0,0,0,15.0,15.0,0,1,0,1.0,MEDIUM
1518129212,1,1,0,0,1,100.0,0,0,15.0,15.0,0,1,0,1.0,MEDIUM
1518901107,1,1,0,0,1,100.0,0,0,15.0,15.0,0,1,0,1.0,MEDIUM
1520031287,1,0,0,1,1,100.0,0,0,15.0,15.0,0,1,0,1.0,MEDIUM
1520271679,1,0,1,0,1,100.0,0,0,15.0,15.0,0,1,0,1.0,MEDIUM
1520621847,1,0,1,0,1,100.0,0,0,15.0,15.0,0,1,0,1.0,MEDIUM
1521815787,1,0,0,1,1,100.0,0,0,15.0,15.0,0,1,0,1.0,MEDIUM
1523826895,1,0,1,0,1,100.0,0,0,15.0,15.0,0,1,0,1.0,MEDIUM
1524242593,1,0,0,1,1,100.0,0,0,15.0,15.0,0,1,0,1.0,MEDIUM
1525168533,1,0,1,0,1,100.0,0,0,15.0,15.0,0,1,0,1.0,MEDIUM
1525766369,1,0,1,0,1,100.0,0,0,15.0,15.0,0,1,0,1.0,MEDIUM
1526469769,1,0,1,0,1,100.0,0,0,15.0,15.0,0,1,0,1.0,MEDIUM
1527950078,1,0,0,1,1,100.0,0,0,15.0,15.0,0,1,0,1.0,MEDIUM
1528195724,1,1,0,0,1,100.0,0,0,15.0,15.0,0,1,0,1.0,MEDIUM
1529055708,1,0,0,1,1,100.0,0,0,15.0,15.0,0,1,0,1.0,MEDIUM
1529207673,1,0,0,1,1,100.0,0,0,15.0,15.0,0,1,0,1.0,MEDIUM
1529264828,1,0,0,1,1,100.0,0,0,15.0,15.0,0,1,0,1.0,MEDIUM
1529496471,1,0,1,0,1,100.0,0,0,15.0,15.0,0,1,0,1.0,MEDIUM
1530116524,1,0,1,0,1,100.0,0,0,15.0,15.0,0,1,0,1.0,MEDIUM
1530384749,1,0,0,1,1,100.0,0,0,15.0,15.0,0,1,0,1.0,MEDIUM
1531462488,1,0,1,0,1,100.0,0,0,15.0,15.0,0,1,0,1.0,MEDIUM
1531846324,1,0,1,0,1,100.0,0,0,15.0,15.0,0,1,0,1.0,MEDIUM
1531902955,1,0,1,0,1,100.0,0,0,15.0,15.0,0,1,0,1.0,MEDIUM
1532792177,1,0,0,1,1,100.0,0,0,15.0,15.0,0,1,0,1.0,MEDIUM
1533130503,1,0,1,0,1,100.0,0,0,15.0,15.0,0,1,0,1.0,MEDIUM
1533766473,1,0,1,0,1,100.0,0,0,15.0,15.0,0,1,0,1.0,MEDIUM
1534635433,1,0,0,1,1,100.0,0,0,15.0,15.0,0,1,0,1.0,MEDIUM
1535310560,1,0,0,1,1,100.0,0,0,15.0,15.0,0,1,0,1.0,MEDIUM
1535352206,1,0,1,0,1,100.0,0,0,15.0,15.0,0,1,0,1.0,MEDIUM
1535836009,1,0,0,1,1,100.0,0,0,15.0,15.0,0,1,0,1.0,MEDIUM
1536109434,1,0,0,1,1,100.0,0,0,15.0,15.0,0,1,0,1.0,MEDIUM
1538337089,1,0,1,0,1,100.0,0,0,15.0,15.0,0,1,0,1.0,MEDIUM
1539267944,1,0,0,1,1,100.0,0,0,15.0,15.0,0,1,0,1.0,MEDIUM
1539341628,1,0,0,1,1,100.0,0,0,15.0,15.0,0,1,0,1.0,MEDIUM
1539678345,1,0,0,1,1,100.0,0,0,15.0,15.0,0,1,0,1.0,MEDIUM
1539875215,1,0,0,1,1,100.0,0,0,15.0,15.0,0,1,0,1.0,MEDIUM
1539959174,1,0,0,1,1,100.0,0,0,15.0,15.0,0,1,0,1.0,MEDIUM
1540041431,1,0,0,1,1,100.0,0,0,15.0,15.0,0,1,0,1.0,MEDIUM
1540158202,1,0,0,1,1,100.0,0,0,15.0,15.0,0,1,0,1.0,MEDIUM
1540971130,1,0,0,1,1,100.0,0,0,15.0,15.0,0,1,0,1.0,MEDIUM
1542123286,1,0,1,0,1,100.0,0,0,15.0,15.0,0,1,0,1.0,MEDIUM
1543583217,1,0,1,0,1,100.0,0,0,15.0,15.0,0,1,0,1.0,MEDIUM
1543986046,1,0,1,0,1,100.0,0,0,15.0,15.0,0,1,0,1.0,MEDIUM
1544003779,1,0,1,0,1,100.0,0,0,15.0,15.0,0,1,0,1.0,MEDIUM
1544504046,1,0,0,1,1,100.0,0,0,15.0,15.0,0,1,0,1.0,MEDIUM
1545510039,1,0,1,0,1,100.0,0,0,15.0,15.0,0,1,0,1.0,MEDIUM
1546272694,1,0,1,0,1,100.0,0,0,15.0,15.0,0,1,0,1.0,MEDIUM
1546412261,1,0,1,0,1,100.0,0,0,15.0,15.0,0,1,0,1.0,MEDIUM
1548622285,1,1,0,0,1,100.0,0,0,15.0,15.0,0,1,0,1.0,MEDIUM
1549878406,1,0,0,1,1,100.0,0,0,15.0,15.0,0,1,0,1.0,MEDIUM
1551052397,1,0,1,0,1,100.0,0,0,15.0,15.0,0,1,0,1.0,MEDIUM
1551224124,1,0,1,0,1,100.0,0,0,15.0,15.0,0,1,0,1.0,MEDIUM
1551502280,1,0,0,1,1,100.0,0,0,15.0,15.0,0,1,0,1.0,MEDIUM
1552431684,1,0,0,1,1,100.0,0,0,15.0,15.0,0,1,0,1.0,MEDIUM
1552454390,1,0,1,0,1,100.0,0,0,15.0,15.0,0,1,0,1.0,MEDIUM
1553143832,1,0,1,0,1,100.0,0,0,15.0,15.0,0,1,0,1.0,MEDIUM
1553394498,1,0,1,0,1,100.0,0,0,15.0,15.0,0,1,0,1.0,MEDIUM
1553462362,1,0,0,1,1,100.0,0,0,15.0,15.0,0,1,0,1.0,MEDIUM
1553905204,1,0,1,0,1,100.0,0,0,15.0,15.0,0,1,0,1.0,MEDIUM
1554331786,1,0,0,1,1,100.0,0,0,15.0,15.0,0,1,0,1.0,MEDIUM
1555379188,1,0,1,0,1,100.0,0,0,15.0,15.0,0,1,0,1.0,MEDIUM
1555732294,1,0,0,1,1,100.0,0,0,15.0,15.0,0,1,0,1.0,MEDIUM
1555747162,1,0,0,1,1,100.0,0,0,15.0,15.0,0,1,0,1.0,MEDIUM
1555831345,1,0,1,0,1,100.0,0,0,15.0,15.0,0,1,0,1.0,MEDIUM
1556277149,1,0,0,1,1,100.0,0,0,15.0,15.0,0,1,0,1.0,MEDIUM
1556998152,1,0,1,0,1,100.0,0,0,15.0,15.0,0,1,0,1.0,MEDIUM
1557458092,1,0,0,1,1,100.0,0,0,15.0,15.0,0,1,0,1.0,MEDIUM
1557519274,1,0,0,1,1,100.0,0,0,15.0,15.0,0,1,0,1.0,MEDIUM
1558984633,1,1,0,0,1,100.0,0,0,15.0,15.0,0,1,0,1.0,MEDIUM
1559140202,1,0,1,0,1,100.0,0,0,15.0,15.0,0,1,0,1.0,MEDIUM
1560024990,1,0,0,1,1,100.0,0,0,15.0,15.0,0,1,0,1.0,MEDIUM
1560236450,1,0,1,0,1,100.0,0,0,15.0,15.0,0,1,0,1.0,MEDIUM
1560474110,1,0,0,1,1,100.0,0,0,15.0,15.0,0,1,0,1.0,MEDIUM
1560704066,1,0,0,1,1,100.0,0,0,15.0,15.0,0,1,0,1.0,MEDIUM
1562058233,1,0,1,0,1,100.0,0,0,15.0,15.0,0,1,0,1.0,MEDIUM
1563114127,1,0,1,0,1,100.0,0,0,15.0,15.0,0,1,0,1.0,MEDIUM
1563368798,1,0,0,1,1,100.0,0,0,15.0,15.0,0,1,0,1.0,MEDIUM
1564126862,1,0,1,0,1,100.0,0,0,15.0,15.0,0,1,0,1.0,MEDIUM
1564245292,1,0,0,1,1,100.0,0,0,15.0,15.0,0,1,0,1.0,MEDIUM
1564441983,1,0,0,1,1,100.0,0,0,15.0,15.0,0,1,0,1.0,MEDIUM
1565362397,1,0,0,1,1,100.0,0,0,15.0,15.0,0,1,0,1.0,MEDIUM
1566966931,1,0,0,1,1,100.0,0,0,15.0,15.0,0,1,0,1.0,MEDIUM
1567086887,1,0,1,0,1,100.0,0,0,15.0,15.0,0,1,0,1.0,MEDIUM
1567202012,1,0,0,1,1,100.0,0,0,15.0,15.0,0,1,0,1.0,MEDIUM
1568647519,1,1,0,0,1,100.0,0,0,15.0,15.0,0,1,0,1.0,MEDIUM
1569708414,1,0,0,1,1,100.0,0,0,15.0,15.0,0,1,0,1.0,MEDIUM
1571088480,1,0,0,1,1,100.0,0,0,15.0,15.0,0,1,0,1.0,MEDIUM
1572217302,1,0,1,0,1,100.0,0,0,15.0,15.0,0,1,0,1.0,MEDIUM
1572274391,1,0,1,0,1,100.0,0,0,15.0,15.0,0,1,0,1.0,MEDIUM
1573024903,1,0,1,0,1,100.0,0,0,15.0,15.0,0,1,0,1.0,MEDIUM
1574035449,1,0,0,1,1,100.0,0,0,15.0,15.0,0,1,0,1.0,MEDIUM
1574095085,1,0,0,1,1,100.0,0,0,15.0,15.0,0,1,0,1.0,MEDIUM
1575651968,1,0,0,1,1,100.0,0,0,15.0,15.0,0,1,0,1.0,MEDIUM
1575865359,1,0,0,1,1,100.0,0,0,15.0,15.0,0,1,0,1.0,MEDIUM
1579337495,1,0,1,0,1,100.0,0,0,15.0,15.0,0,1,0,1.0,MEDIUM
1579776187,1,0,1,0,1,100.0,0,0,15.0,15.0,0,1,0,1.0,MEDIUM
1580533405,1,0,1,0,1,100.0,0,0,15.0,15.0,0,1,0,1.0,MEDIUM
1581252241,1,0,0,1,1,100.0,0,0,15.0,15.0,0,1,0,1.0,MEDIUM
1582035759,1,0,0,1,1,100.0,0,0,15.0,15.0,0,1,0,1.0,MEDIUM
1582184354,1,0,1,0,1,100.0,0,0,15.0,15.0,0,1,0,1.0,MEDIUM
1582307248,1,0,1,0,1,100.0,0,0,15.0,15.0,0,1,0,1.0,MEDIUM
1583638703,1,0,0,1,1,100.0,0,0,15.0,15.0,0,1,0,1.0,MEDIUM
1584553601,1,0,0,1,1,100.0,0,0,15.0,15.0,0,1,0,1.0,MEDIUM
1584614226,1,0,1,0,1,100.0,0,0,15.0,15.0,0,1,0,1.0,MEDIUM
1584744339,1,0,0,1,1,100.0,0,0,15.0,15.0,0,1,0,1.0,MEDIUM
1586162762,1,0,0,1,1,100.0,0,0,15.0,15.0,0,1,0,1.0,MEDIUM
1586727082,1,0,0,1,1,100.0,0,0,15.0,15.0,0,1,0,1.0,MEDIUM
1586915329,1,0,1,0,1,100.0,0,0,15.0,15.0,0,1,0,1.0,MEDIUM
1587079473,1,0,0,1,1,100.0,0,0,15.0,15.0,0,1,0,1.0,MEDIUM
1589563933,1,0,0,1,1,100.0,0,0,15.0,15.0,0,1,0,1.0,MEDIUM
1589802746,1,0,1,0,1,100.0,0,0,15.0,15.0,0,1,0,1.0,MEDIUM
1591564716,1,0,0,1,1,100.0,0,0,15.0,15.0,0,1,0,1.0,MEDIUM
1592048519,1,0,1,0,1,100.0,0,0,15.0,15.0,0,1,0,1.0,MEDIUM
1592227338,1,0,1,0,1,100.0,0,0,15.0,15.0,0,1,0,1.0,MEDIUM
1593120356,1,0,0,1,1,100.0,0,0,15.0,15.0,0,1,0,1.0,MEDIUM
1594586914,1,0,0,1,1,100.0,0,0,15.0,15.0,0,1,0,1.0,MEDIUM
1594854147,1,0,1,0,1,100.0,0,0,15.0,15.0,0,1,0,1.0,MEDIUM
1595407861,1,0,1,0,1,100.0,0,0,15.0,15.0,0,1,0,1.0,MEDIUM
1596100110,1,0,1,0,1,100.0,0,0,15.0,15.0,0,1,0,1.0,MEDIUM
1596537383,1,0,1,0,1,100.0,0,0,15.0,15.0,0,1,0,1.0,MEDIUM
1597688104,1,0,0,1,1,100.0,0,0,15.0,15.0,0,1,0,1.0,MEDIUM
1599885200,1,0,1,0,1,100.0,0,0,15.0,15.0,0,1,0,1.0,MEDIUM
1599904365,1,0,0,1,1,100.0,0,0,15.0,15.0,0,1,0,1.0,MEDIUM
1600632437,1,0,1,0,1,100.0,0,0,15.0,15.0,0,1,0,1.0,MEDIUM
1601226405,1,0,0,1,1,100.0,0,0,15.0,15.0,0,1,0,1.0,MEDIUM
1601363864,1,0,0,1,1,100.0,0,0,15.0,15.0,0,1,0,1.0,MEDIUM
1601770522,1,0,0,1,1,100.0,0,0,15.0,15.0,0,1,0,1.0,MEDIUM
1603252460,1,0,0,1,1,100.0,0,0,15.0,15.0,0,1,0,1.0,MEDIUM
1603967575,1,0,0,1,1,100.0,0,0,15.0,15.0,0,1,0,1.0,MEDIUM
1604872141,1,0,0,1,1,100.0,0,0,15.0,15.0,0,1,0,1.0,MEDIUM
1605516002,1,0,1,0,1,100.0,0,0,15.0,15.0,0,1,0,1.0,MEDIUM
1606212116,1,0,1,0,1,100.0,0,0,15.0,15.0,0,1,0,1.0,MEDIUM
1608384412,1,0,1,0,1,100.0,0,0,15.0,15.0,0,1,0,1.0,MEDIUM
1608634425,1,0,1,0,1,100.0,0,0,15.0,15.0,0,1,0,1.0,MEDIUM
1609080855,1,0,1,0,1,100.0,0,0,15.0,15.0,0,1,0,1.0,MEDIUM
1609207034,1,1,0,0,1,100.0,0,0,15.0,15.0,0,1,0,1.0,MEDIUM
1611620934,1,0,1,0,1,100.0,0,0,15.0,15.0,0,1,0,1.0,MEDIUM
1612027229,1,0,1,0,1,100.0,0,0,15.0,15.0,0,1,0,1.0,MEDIUM
1612058561,1,0,0,1,1,100.0,0,0,15.0,15.0,0,1,0,1.0,MEDIUM
1612229683,1,0,0,1,1,100.0,0,0,15.0,15.0,0,1,0,1.0,MEDIUM
1612782851,1,0,0,1,1,100.0,0,0,15.0,15.0,0,1,0,1.0,MEDIUM
1613582850,1,0,0,1,1,100.0,0,0,15.0,15.0,0,1,0,1.0,MEDIUM
1613736678,1,0,0,1,1,100.0,0,0,15.0,15.0,0,1,0,1.0,MEDIUM
1614582267,1,0,1,0,1,100.0,0,0,15.0,15.0,0,1,0,1.0,MEDIUM
1615432747,1,0,1,0,1,100.0,0,0,15.0,15.0,0,1,0,1.0,MEDIUM
1615438511,1,0,1,0,1,100.0,0,0,15.0,15.0,0,1,0,1.0,MEDIUM
1615611036,1,0,0,1,1,100.0,0,0,15.0,15.0,0,1,0,1.0,MEDIUM
1616596018,1,0,0,1,1,100.0,0,0,15.0,15.0,0,1,0,1.0,MEDIUM
1617025482,1,0,1,0,1,100.0,0,0,15.0,15.0,0,1,0,1.0,MEDIUM
1617515707,1,0,0,1,1,100.0,0,0,15.0,15.0,0,1,0,1.0,MEDIUM
1618259537,1,0,0,1,1,100.0,0,0,15.0,15.0,0,1,0,1.0,MEDIUM
1619061769,1,1,0,0,1,100.0,0,0,15.0,15.0,0,1,0,1.0,MEDIUM
1619188692,1,0,1,0,1,100.0,0,0,15.0,15.0,0,1,0,1.0,MEDIUM
1619232295,2,2,0,0,2,100.0,0,0,15.0,15.0,0,2,0,1.0,MEDIUM
1622432126,1,0,1,0,1,100.0,0,0,15.0,15.0,0,1,0,1.0,MEDIUM
1623034072,1,0,1,0,1,100.0,0,0,15.0,15.0,0,1,0,1.0,MEDIUM
1623470358,1,0,1,0,1,100.0,0,0,15.0,15.0,0,1,0,1.0,MEDIUM
1623781655,1,0,0,1,1,100.0,0,0,15.0,15.0,0,1,0,1.0,MEDIUM
1623936328,1,0,0,1,1,100.0,0,0,15.0,15.0,0,1,0,1.0,MEDIUM
1625074545,1,0,0,1,1,100.0,0,0,15.0,15.0,0,1,0,1.0,MEDIUM
1625936922,1,0,0,1,1,100.0,0,0,15.0,15.0,0,1,0,1.0,MEDIUM
1626012383,1,0,1,0,1,100.0,0,0,15.0,15.0,0,1,0,1.0,MEDIUM
1626021403,1,0,1,0,1,100.0,0,0,15.0,15.0,0,1,0,1.0,MEDIUM
1627296270,1,0,0,1,1,100.0,0,0,15.0,15.0,0,1,0,1.0,MEDIUM
1627391584,1,0,1,0,1,100.0,0,0,15.0,15.0,0,1,0,1.0,MEDIUM
1627607228,1,0,0,1,1,100.0,0,0,15.0,15.0,0,1,0,1.0,MEDIUM
1627830273,1,0,0,1,1,100.0,0,0,15.0,15.0,0,1,0,1.0,MEDIUM
1629328836,5,5,0,0,3,60.0,0,0,15.0,35.0,1,2,0,0.6,MEDIUM
1629831984,1,0,1,0,1,100.0,0,0,15.0,15.0,0,1,0,1.0,MEDIUM
1630604156,1,0,0,1,1,100.0,0,0,15.0,15.0,0,1,0,1.0,MEDIUM
1631224819,1,0,0,1,1,100.0,0,0,15.0,15.0,0,1,0,1.0,MEDIUM
1631317667,1,0,0,1,1,100.0,0,0,15.0,15.0,0,1,0,1.0,MEDIUM
1631336751,1,0,0,1,1,100.0,0,0,15.0,15.0,0,1,0,1.0,MEDIUM
1631472582,1,0,0,1,1,100.0,0,0,15.0,15.0,0,1,0,1.0,MEDIUM
1631777604,1,0,0,1,1,100.0,0,0,15.0,15.0,0,1,0,1.0,MEDIUM
1633537757,1,0,1,0,1,100.0,0,0,15.0,15.0,0,1,0,1.0,MEDIUM
1633660149,1,0,0,1,1,100.0,0,0,15.0,15.0,0,1,0,1.0,MEDIUM
1634306346,1,0,0,1,1,100.0,0,0,15.0,15.0,0,1,0,1.0,MEDIUM
1634716773,1,0,0,1,1,100.0,0,0,15.0,15.0,0,1,0,1.0,MEDIUM
1635759623,1,0,1,0,1,100.0,0,0,15.0,15.0,0,1,0,1.0,MEDIUM
1636209676,1,0,0,1,1,100.0,0,0,15.0,15.0,0,1,0,1.0,MEDIUM
1636267572,1,0,0,1,1,100.0,0,0,15.0,15.0,0,1,0,1.0,MEDIUM
1637411902,1,0,0,1,1,100.0,0,0,15.0,15.0,0,1,0,1.0,MEDIUM
1638922003,1,0,1,0,1,100.0,0,0,15.0,15.0,0,1,0,1.0,MEDIUM
1639413925,1,1,0,0,1,100.0,0,0,15.0,15.0,0,1,0,1.0,MEDIUM
1639693492,1,1,0,0,1,100.0,0,0,15.0,15.0,0,1,0,1.0,MEDIUM
1640394562,1,0,1,0,1,100.0,0,0,15.0,15.0,0,1,0,1.0,MEDIUM
1640704078,1,0,0,1,1,100.0,0,0,15.0,15.0,0,1,0,1.0,MEDIUM
1641189067,1,0,0,1,1,100.0,0,0,15.0,15.0,0,1,0,1.0,MEDIUM
1641515468,1,0,0,1,1,100.0,0,0,15.0,15.0,0,1,0,1.0,MEDIUM
1643320494,1,0,1,0,1,100.0,0,0,15.0,15.0,0,1,0,1.0,MEDIUM
1643381922,1,0,1,0,1,100.0,0,0,15.0,15.0,0,1,0,1.0,MEDIUM
1643449811,1,0,0,1,1,100.0,0,0,15.0,15.0,0,1,0,1.0,MEDIUM
1644355523,1,0,1,0,1,100.0,0,0,15.0,15.0,0,1,0,1.0,MEDIUM
1647634849,1,0,1,0,1,100.0,0,0,15.0,15.0,0,1,0,1.0,MEDIUM
1647781013,1,0,1,0,1,100.0,0,0,15.0,15.0,0,1,0,1.0,MEDIUM
1647873765,1,0,1,0,1,100.0,0,0,15.0,15.0,0,1,0,1.0,MEDIUM
1647971530,1,0,0,1,1,100.0,0,0,15.0,15.0,0,1,0,1.0,MEDIUM
1649357473,1,0,0,1,1,100.0,0,0,15.0,15.0,0,1,0,1.0,MEDIUM
1649363580,1,0,1,0,1,100.0,0,0,15.0,15.0,0,1,0,1.0,MEDIUM
1649368523,1,1,0,0,1,100.0,0,0,15.0,15.0,0,1,0,1.0,MEDIUM
1649544490,1,0,0,1,1,100.0,0,0,15.0,15.0,0,1,0,1.0,MEDIUM
1649884441,1,0,1,0,1,100.0,0,0,15.0,15.0,0,1,0,1.0,MEDIUM
1651020575,1,0,0,1,1,100.0,0,0,15.0,15.0,0,1,0,1.0,MEDIUM
1652199942,1,0,0,1,1,100.0,0,0,15.0,15.0,0,1,0,1.0,MEDIUM
1654219628,1,0,1,0,1,100.0,0,0,15.0,15.0,0,1,0,1.0,MEDIUM
1654556395,1,0,0,1,1,100.0,0,0,15.0,15.0,0,1,0,1.0,MEDIUM
1655323109,1,0,1,0,1,100.0,0,0,15.0,15.0,0,1,0,1.0,MEDIUM
1655663646,1,0,1,0,1,100.0,0,0,15.0,15.0,0,1,0,1.0,MEDIUM
1656524101,1,0,1,0,1,100.0,0,0,15.0,15.0,0,1,0,1.0,MEDIUM
1656526621,1,0,1,0,1,100.0,0,0,15.0,15.0,0,1,0,1.0,MEDIUM
1656893057,1,0,0,1,1,100.0,0,0,15.0,15.0,0,1,0,1.0,MEDIUM
1657499083,1,0,0,1,1,100.0,0,0,15.0,15.0,0,1,0,1.0,MEDIUM
1657531109,1,0,0,1,1,100.0,0,0,15.0,15.0,0,1,0,1.0,MEDIUM
1657852058,1,0,1,0,1,100.0,0,0,15.0,15.0,0,1,0,1.0,MEDIUM
1658863689,1,0,0,1,1,100.0,0,0,15.0,15.0,0,1,0,1.0,MEDIUM
1658923867,1,0,0,1,1,100.0,0,0,15.0,15.0,0,1,0,1.0,MEDIUM
1660469758,1,0,0,1,1,100.0,0,0,15.0,15.0,0,1,0,1.0,MEDIUM
1661888676,1,0,1,0,1,100.0,0,0,15.0,15.0,0,1,0,1.0,MEDIUM
1662280766,1,0,1,0,1,100.0,0,0,15.0,15.0,0,1,0,1.0,MEDIUM
1662589992,1,0,1,0,1,100.0,0,0,15.0,15.0,0,1,0,1.0,MEDIUM
1664911213,1,0,1,0,1,100.0,0,0,15.0,15.0,0,1,0,1.0,MEDIUM
1665287041,1,0,1,0,1,100.0,0,0,15.0,15.0,0,1,0,1.0,MEDIUM
1665601239,1,0,0,1,1,100.0,0,0,15.0,15.0,0,1,0,1.0,MEDIUM
1665814023,1,0,1,0,1,100.0,0,0,15.0,15.0,0,1,0,1.0,MEDIUM
1668642081,1,0,1,0,1,100.0,0,0,15.0,15.0,0,1,0,1.0,MEDIUM
1669548392,1,1,0,0,1,100.0,0,0,15.0,15.0,0,1,0,1.0,MEDIUM
1669840745,1,0,0,1,1,100.0,0,0,15.0,15.0,0,1,0,1.0,MEDIUM
1669847668,1,0,1,0,1,100.0,0,0,15.0,15.0,0,1,0,1.0,MEDIUM
1670279022,1,0,1,0,1,100.0,0,0,15.0,15.0,0,1,0,1.0,MEDIUM
1670990872,1,0,1,0,1,100.0,0,0,15.0,15.0,0,1,0,1.0,MEDIUM
1672060773,1,0,1,0,1,100.0,0,0,15.0,15.0,0,1,0,1.0,MEDIUM
1672145483,1,0,1,0,1,100.0,0,0,15.0,15.0,0,1,0,1.0,MEDIUM
1672480193,1,0,1,0,1,100.0,0,0,15.0,15.0,0,1,0,1.0,MEDIUM
1673607988,1,0,1,0,1,100.0,0,0,15.0,15.0,0,1,0,1.0,MEDIUM
1673698712,1,0,0,1,1,100.0,0,0,15.0,15.0,0,1,0,1.0,MEDIUM
1673930408,1,0,0,1,1,100.0,0,0,15.0,15.0,0,1,0,1.0,MEDIUM
1674932797,1,0,1,0,1,100.0,0,0,15.0,15.0,0,1,0,1.0,MEDIUM
1675552340,1,0,0,1,1,100.0,0,0,15.0,15.0,0,1,0,1.0,MEDIUM
1677183262,1,0,1,0,1,100.0,0,0,15.0,15.0,0,1,0,1.0,MEDIUM
1677184912,1,0,1,0,1,100.0,0,0,15.0,15.0,0,1,0,1.0,MEDIUM
1678065907,1,0,0,1,1,100.0,0,0,15.0,15.0,0,1,0,1.0,MEDIUM
1678169191,1,0,1,0,1,100.0,0,0,15.0,15.0,0,1,0,1.0,MEDIUM
1678395791,1,0,1,0,1,100.0,0,0,15.0,15.0,0,1,0,1.0,MEDIUM
1679447597,1,0,1,0,1,100.0,0,0,15.0,15.0,0,1,0,1.0,MEDIUM
1680785409,1,0,1,0,1,100.0,0,0,15.0,15.0,0,1,0,1.0,MEDIUM
1681218055,1,0,0,1,1,100.0,0,0,15.0,15.0,0,1,0,1.0,MEDIUM
1681428024,1,0,1,0,1,100.0,0,0,15.0,15.0,0,1,0,1.0,MEDIUM
1681502859,1,0,0,1,1,100.0,0,0,15.0,15.0,0,1,0,1.0,MEDIUM
1682603142,1,0,0,1,1,100.0,0,0,15.0,15.0,0,1,0,1.0,MEDIUM
1682875648,1,0,1,0,1,100.0,0,0,15.0,15.0,0,1,0,1.0,MEDIUM
1683251156,1,0,0,1,1,100.0,0,0,15.0,15.0,0,1,0,1.0,MEDIUM
1685425380,1,0,0,1,1,100.0,0,0,15.0,15.0,0,1,0,1.0,MEDIUM
1685665853,1,0,0,1,1,100.0,0,0,15.0,15.0,0,1,0,1.0,MEDIUM
1687874214,1,0,0,1,1,100.0,0,0,15.0,15.0,0,1,0,1.0,MEDIUM
1688082780,1,0,1,0,1,100.0,0,0,15.0,15.0,0,1,0,1.0,MEDIUM
1688460770,1,0,1,0,1,100.0,0,0,15.0,15.0,0,1,0,1.0,MEDIUM
1689473226,1,0,0,1,1,100.0,0,0,15.0,15.0,0,1,0,1.0,MEDIUM
1689612164,1,0,0,1,1,100.0,0,0,15.0,15.0,0,1,0,1.0,MEDIUM
1689766206,1,1,0,0,1,100.0,0,0,15.0,15.0,0,1,0,1.0,MEDIUM
1690734076,1,0,0,1,1,100.0,0,0,15.0,15.0,0,1,0,1.0,MEDIUM
1691423071,1,0,1,0,1,100.0,0,0,15.0,15.0,0,1,0,1.0,MEDIUM
1691633305,1,0,1,0,1,100.0,0,0,15.0,15.0,0,1,0,1.0,MEDIUM
1693022719,1,0,0,1,1,100.0,0,0,15.0,15.0,0,1,0,1.0,MEDIUM
1693049903,1,0,0,1,1,100.0,0,0,15.0,15.0,0,1,0,1.0,MEDIUM
1694422847,1,0,1,0,1,100.0,0,0,15.0,15.0,0,1,0,1.0,MEDIUM
1694576697,1,0,1,0,1,100.0,0,0,15.0,15.0,0,1,0,1.0,MEDIUM
1694604085,1,0,1,0,1,100.0,0,0,15.0,15.0,0,1,0,1.0,MEDIUM
1695419265,1,0,0,1,1,100.0,0,0,15.0,15.0,0,1,0,1.0,MEDIUM
1696750013,1,0,1,0,1,100.0,0,0,15.0,15.0,0,1,0,1.0,MEDIUM
1697397206,1,0,0,1,1,100.0,0,0,15.0,15.0,0,1,0,1.0,MEDIUM
1698358859,1,0,0,1,1,100.0,0,0,15.0,15.0,0,1,0,1.0,MEDIUM
1698382246,1,0,1,0,1,100.0,0,0,15.0,15.0,0,1,0,1.0,MEDIUM
1699473102,1,0,1,0,1,100.0,0,0,15.0,15.0,0,1,0,1.0,MEDIUM
1700044857,1,0,0,1,1,100.0,0,0,15.0,15.0,0,1,0,1.0,MEDIUM
1700895367,1,0,0,1,1,100.0,0,0,15.0,15.0,0,1,0,1.0,MEDIUM
1700944981,1,0,1,0,1,100.0,0,0,15.0,15.0,0,1,0,1.0,MEDIUM
1701338403,1,0,1,0,1,100.0,0,0,15.0,15.0,0,1,0,1.0,MEDIUM
1701584251,1,0,0,1,1,100.0,0,0,15.0,15.0,0,1,0,1.0,MEDIUM
1701740720,1,0,1,0,1,100.0,0,0,15.0,15.0,0,1,0,1.0,MEDIUM
1703496238,1,0,0,1,1,100.0,0,0,15.0,15.0,0,1,0,1.0,MEDIUM
1704160846,1,0,1,0,1,100.0,0,0,15.0,15.0,0,1,0,1.0,MEDIUM
1706877304,1,0,0,1,1,100.0,0,0,15.0,15.0,0,1,0,1.0,MEDIUM
1707457297,1,0,1,0,1,100.0,0,0,15.0,15.0,0,1,0,1.0,MEDIUM
1708327449,1,0,1,0,1,100.0,0,0,15.0,15.0,0,1,0,1.0,MEDIUM
1708846150,1,0,0,1,1,100.0,0,0,15.0,15.0,0,1,0,1.0,MEDIUM
1709922727,1,0,0,1,1,100.0,0,0,15.0,15.0,0,1,0,1.0,MEDIUM
1710572860,1,0,1,0,1,100.0,0,0,15.0,15.0,0,1,0,1.0,MEDIUM
1711578573,1,0,0,1,1,100.0,0,0,15.0,15.0,0,1,0,1.0,MEDIUM
1712799907,1,0,0,1,1,100.0,0,0,15.0,15.0,0,1,0,1.0,MEDIUM
1715170145,1,0,0,1,1,100.0,0,0,15.0,15.0,0,1,0,1.0,MEDIUM
1715581694,1,0,1,0,1,100.0,0,0,15.0,15.0,0,1,0,1.0,MEDIUM
1716246105,1,0,1,0,1,100.0,0,0,15.0,15.0,0,1,0,1.0,MEDIUM
1716512806,1,0,1,0,1,100.0,0,0,15.0,15.0,0,1,0,1.0,MEDIUM
1717741973,1,0,0,1,1,100.0,0,0,15.0,15.0,0,1,0,1.0,MEDIUM
1718815441,1,0,0,1,1,100.0,0,0,15.0,15.0,0,1,0,1.0,MEDIUM
1718964843,1,0,0,1,1,100.0,0,0,15.0,15.0,0,1,0,1.0,MEDIUM
1719137415,1,0,0,1,1,100.0,0,0,15.0,15.0,0,1,0,1.0,MEDIUM
1720014186,1,1,0,0,1,100.0,0,0,15.0,15.0,0,1,0,1.0,MEDIUM
1720338729,1,0,1,0,1,100.0,0,0,15.0,15.0,0,1,0,1.0,MEDIUM
1721195275,1,0,0,1,1,100.0,0,0,15.0,15.0,0,1,0,1.0,MEDIUM
1721289607,1,0,1,0,1,100.0,0,0,15.0,15.0,0,1,0,1.0,MEDIUM
1721437904,1,0,0,1,1,100.0,0,0,15.0,15.0,0,1,0,1.0,MEDIUM
1721698034,1,0,1,0,1,100.0,0,0,15.0,15.0,0,1,0,1.0,MEDIUM
1721962580,1,0,1,0,1,100.0,0,0,15.0,15.0,0,1,0,1.0,MEDIUM
1722125811,1,0,0,1,1,100.0,0,0,15.0,15.0,0,1,0,1.0,MEDIUM
1723410885,1,0,0,1,1,100.0,0,0,15.0,15.0,0,1,0,1.0,MEDIUM
1724249431,1,0,1,0,1,100.0,0,0,15.0,15.0,0,1,0,1.0,MEDIUM
1724738668,1,0,0,1,1,100.0,0,0,15.0,15.0,0,1,0,1.0,MEDIUM
1725695034,1,0,0,1,1,100.0,0,0,15.0,15.0,0,1,0,1.0,MEDIUM
1727348347,1,0,1,0,1,100.0,0,0,15.0,15.0,0,1,0,1.0,MEDIUM
1727887444,1,0,1,0,1,100.0,0,0,15.0,15.0,0,1,0,1.0,MEDIUM
1728638547,1,0,1,0,1,100.0,0,0,15.0,15.0,0,1,0,1.0,MEDIUM
1729212672,1,0,0,1,1,100.0,0,0,15.0,15.0,0,1,0,1.0,MEDIUM
1730121435,6,6,0,0,4,66.67,0,0,15.0,35.0,1,3,0,0.67,MEDIUM
1730311143,1,1,0,0,1,100.0,0,0,15.0,15.0,0,1,0,1.0,MEDIUM
1730838083,1,0,0,1,1,100.0,0,0,15.0,15.0,0,1,0,1.0,MEDIUM
1733004905,1,0,0,1,1,100.0,0,0,15.0,15.0,0,1,0,1.0,MEDIUM
1736097729,1,0,1,0,1,100.0,0,0,15.0,15.0,0,1,0,1.0,MEDIUM
1737558849,1,0,0,1,1,100.0,0,0,15.0,15.0,0,1,0,1.0,MEDIUM
1739923358,1,0,0,1,1,100.0,0,0,15.0,15.0,0,1,0,1.0,MEDIUM
1739953235,1,0,1,0,1,100.0,0,0,15.0,15.0,0,1,0,1.0,MEDIUM
1740067115,1,0,0,1,1,100.0,0,0,15.0,15.0,0,1,0,1.0,MEDIUM
1740329422,1,0,1,0,1,100.0,0,0,15.0,15.0,0,1,0,1.0,MEDIUM
1740985698,1,0,1,0,1,100.0,0,0,15.0,15.0,0,1,0,1.0,MEDIUM
1741345261,1,0,0,1,1,100.0,0,0,15.0,15.0,0,1,0,1.0,MEDIUM
1741881760,1,0,0,1,1,100.0,0,0,15.0,15.0,0,1,0,1.0,MEDIUM
1742251247,1,0,1,0,1,100.0,0,0,15.0,15.0,0,1,0,1.0,MEDIUM
1746999223,1,0,1,0,1,100.0,0,0,15.0,15.0,0,1,0,1.0,MEDIUM
1747555367,1,0,0,1,1,100.0,0,0,15.0,15.0,0,1,0,1.0,MEDIUM
1747988911,1,0,0,1,1,100.0,0,0,15.0,15.0,0,1,0,1.0,MEDIUM
1750314020,1,0,1,0,1,100.0,0,0,15.0,15.0,0,1,0,1.0,MEDIUM
1750339511,1,1,0,0,1,100.0,0,0,15.0,15.0,0,1,0,1.0,MEDIUM
1750605706,1,0,1,0,1,100.0,0,0,15.0,15.0,0,1,0,1.0,MEDIUM
1752852447,1,0,0,1,1,100.0,0,0,15.0,15.0,0,1,0,1.0,MEDIUM
1753445713,1,0,1,0,1,100.0,0,0,15.0,15.0,0,1,0,1.0,MEDIUM
1753655289,1,0,0,1,1,100.0,0,0,15.0,15.0,0,1,0,1.0,MEDIUM
1754415136,1,0,1,0,1,100.0,0,0,15.0,15.0,0,1,0,1.0,MEDIUM
1754858698,1,0,0,1,1,100.0,0,0,15.0,15.0,0,1,0,1.0,MEDIUM
1755291340,1,0,0,1,1,100.0,0,0,15.0,15.0,0,1,0,1.0,MEDIUM
1757165503,1,0,0,1,1,100.0,0,0,15.0,15.0,0,1,0,1.0,MEDIUM
1758643767,1,0,0,1,1,100.0,0,0,15.0,15.0,0,1,0,1.0,MEDIUM
1760951356,1,0,1,0,1,100.0,0,0,15.0,15.0,0,1,0,1.0,MEDIUM
1764234241,1,0,1,0,1,100.0,0,0,15.0,15.0,0,1,0,1.0,MEDIUM
1765746766,1,0,1,0,1,100.0,0,0,15.0,15.0,0,1,0,1.0,MEDIUM
1765855555,1,0,0,1,1,100.0,0,0,15.0,15.0,0,1,0,1.0,MEDIUM
1766209834,1,0,0,1,1,100.0,0,0,15.0,15.0,0,1,0,1.0,MEDIUM
1767034959,1,0,0,1,1,100.0,0,0,15.0,15.0,0,1,0,1.0,MEDIUM
1767279698,1,0,0,1,1,100.0,0,0,15.0,15.0,0,1,0,1.0,MEDIUM
1767998969,1,0,0,1,1,100.0,0,0,15.0,15.0,0,1,0,1.0,MEDIUM
1769173791,1,0,0,1,1,100.0,0,0,15.0,15.0,0,1,0,1.0,MEDIUM
1769173898,1,0,1,0,1,100.0,0,0,15.0,15.0,0,1,0,1.0,MEDIUM
1769192778,1,0,0,1,1,100.0,0,0,15.0,15.0,0,1,0,1.0,MEDIUM
1769339028,1,0,0,1,1,100.0,0,0,15.0,15.0,0,1,0,1.0,MEDIUM
1770119588,1,1,0,0,1,100.0,0,0,15.0,15.0,0,1,0,1.0,MEDIUM
1770770273,1,1,0,0,1,100.0,0,0,15.0,15.0,0,1,0,1.0,MEDIUM
1770988735,1,1,0,0,1,100.0,0,0,15.0,15.0,0,1,0,1.0,MEDIUM
1771980517,1,0,0,1,1,100.0,0,0,15.0,15.0,0,1,0,1.0,MEDIUM
1772438173,1,0,0,1,1,100.0,0,0,15.0,15.0,0,1,0,1.0,MEDIUM
1773352304,1,0,1,0,1,100.0,0,0,15.0,15.0,0,1,0,1.0,MEDIUM
1773542100,1,0,0,1,1,100.0,0,0,15.0,15.0,0,1,0,1.0,MEDIUM
1775267049,1,0,1,0,1,100.0,0,0,15.0,15.0,0,1,0,1.0,MEDIUM
1776991409,1,0,1,0,1,100.0,0,0,15.0,15.0,0,1,0,1.0,MEDIUM
1777141817,1,0,0,1,1,100.0,0,0,15.0,15.0,0,1,0,1.0,MEDIUM
1777559121,1,0,0,1,1,100.0,0,0,15.0,15.0,0,1,0,1.0,MEDIUM
1778487893,1,0,1,0,1,100.0,0,0,15.0,15.0,0,1,0,1.0,MEDIUM
1778501552,1,0,0,1,1,100.0,0,0,15.0,15.0,0,1,0,1.0,MEDIUM
1778543564,1,0,1,0,1,100.0,0,0,15.0,15.0,0,1,0,1.0,MEDIUM
1778994088,1,0,1,0,1,100.0,0,0,15.0,15.0,0,1,0,1.0,MEDIUM
1780061231,1,0,0,1,1,100.0,0,0,15.0,15.0,0,1,0,1.0,MEDIUM
1780165175,1,1,0,0,1,100.0,0,0,15.0,15.0,0,1,0,1.0,MEDIUM
1780918045,1,1,0,0,1,100.0,0,0,15.0,15.0,0,1,0,1.0,MEDIUM
1780989487,1,0,0,1,1,100.0,0,0,15.0,15.0,0,1,0,1.0,MEDIUM
1781183257,1,0,0,1,1,100.0,0,0,15.0,15.0,0,1,0,1.0,MEDIUM
1782007317,1,0,1,0,1,100.0,0,0,15.0,15.0,0,1,0,1.0,MEDIUM
1782125198,1,0,0,1,1,100.0,0,0,15.0,15.0,0,1,0,1.0,MEDIUM
1783258999,1,0,1,0,1,100.0,0,0,15.0,15.0,0,1,0,1.0,MEDIUM
1784771681,1,0,0,1,1,100.0,0,0,15.0,15.0,0,1,0,1.0,MEDIUM
1784861045,1,0,1,0,1,100.0,0,0,15.0,15.0,0,1,0,1.0,MEDIUM
1785481085,1,0,1,0,1,100.0,0,0,15.0,15.0,0,1,0,1.0,MEDIUM
1785517224,1,0,1,0,1,100.0,0,0,15.0,15.0,0,1,0,1.0,MEDIUM
1786471075,1,0,1,0,1,100.0,0,0,15.0,15.0,0,1,0,1.0,MEDIUM
1787623936,1,0,0,1,1,100.0,0,0,15.0,15.0,0,1,0,1.0,MEDIUM
1788079877,1,0,0,1,1,100.0,0,0,15.0,15.0,0,1,0,1.0,MEDIUM
1788274542,1,0,0,1,1,100.0,0,0,15.0,15.0,0,1,0,1.0,MEDIUM
1788442421,1,0,0,1,1,100.0,0,0,15.0,15.0,0,1,0,1.0,MEDIUM
1788450095,1,0,0,1,1,100.0,0,0,15.0,15.0,0,1,0,1.0,MEDIUM
1789019354,1,0,1,0,1,100.0,0,0,15.0,15.0,0,1,0,1.0,MEDIUM
1789149955,1,0,0,1,1,100.0,0,0,15.0,15.0,0,1,0,1.0,MEDIUM
1789897148,1,0,0,1,1,100.0,0,0,15.0,15.0,0,1,0,1.0,MEDIUM
1790055952,1,1,0,0,1,100.0,0,0,15.0,15.0,0,1,0,1.0,MEDIUM
1790921429,1,0,1,0,1,100.0,0,0,15.0,15.0,0,1,0,1.0,MEDIUM
1792918329,1,0,1,0,1,100.0,0,0,15.0,15.0,0,1,0,1.0,MEDIUM
1793852636,1,0,1,0,1,100.0,0,0,15.0,15.0,0,1,0,1.0,MEDIUM
1793986798,1,0,1,0,1,100.0,0,0,15.0,15.0,0,1,0,1.0,MEDIUM
1794760707,1,0,1,0,1,100.0,0,0,15.0,15.0,0,1,0,1.0,MEDIUM
1795509320,1,0,0,1,1,100.0,0,0,15.0,15.0,0,1,0,1.0,MEDIUM
1795556857,1,0,1,0,1,100.0,0,0,15.0,15.0,0,1,0,1.0,MEDIUM
1796871848,1,0,1,0,1,100.0,0,0,15.0,15.0,0,1,0,1.0,MEDIUM
1797275027,1,0,1,0,1,100.0,0,0,15.0,15.0,0,1,0,1.0,MEDIUM
1797299363,1,0,0,1,1,100.0,0,0,15.0,15.0,0,1,0,1.0,MEDIUM
1797537146,1,0,0,1,1,100.0,0,0,15.0,15.0,0,1,0,1.0,MEDIUM
1798565695,1,0,0,1,1,100.0,0,0,15.0,15.0,0,1,0,1.0,MEDIUM
1799752064,1,0,0,1,1,100.0,0,0,15.0,15.0,0,1,0,1.0,MEDIUM
1800932874,1,0,0,1,1,100.0,0,0,15.0,15.0,0,1,0,1.0,MEDIUM
1802106263,1,0,0,1,1,100.0,0,0,15.0,15.0,0,1,0,1.0,MEDIUM
1805233278,1,0,0,1,1,100.0,0,0,15.0,15.0,0,1,0,1.0,MEDIUM
1805385243,1,0,0,1,1,100.0,0,0,15.0,15.0,0,1,0,1.0,MEDIUM
1805391323,1,0,1,0,1,100.0,0,0,15.0,15.0,0,1,0,1.0,MEDIUM
1805599498,1,0,1,0,1,100.0,0,0,15.0,15.0,0,1,0,1.0,MEDIUM
1806205380,1,0,1,0,1,100.0,0,0,15.0,15.0,0,1,0,1.0,MEDIUM
1806408805,1,0,0,1,1,100.0,0,0,15.0,15.0,0,1,0,1.0,MEDIUM
1806690120,1,0,0,1,1,100.0,0,0,15.0,15.0,0,1,0,1.0,MEDIUM
1808737838,1,0,1,0,1,100.0,0,0,15.0,15.0,0,1,0,1.0,MEDIUM
1809763077,1,0,1,0,1,100.0,0,0,15.0,15.0,0,1,0,1.0,MEDIUM
1810230089,1,0,1,0,1,100.0,0,0,15.0,15.0,0,1,0,1.0,MEDIUM
1810415260,1,0,1,0,1,100.0,0,0,15.0,15.0,0,1,0,1.0,MEDIUM
1811340546,1,0,1,0,1,100.0,0,0,15.0,15.0,0,1,0,1.0,MEDIUM
1811419607,1,0,0,1,1,100.0,0,0,15.0,15.0,0,1,0,1.0,MEDIUM
1812254873,1,0,0,1,1,100.0,0,0,15.0,15.0,0,1,0,1.0,MEDIUM
1812917945,1,0,1,0,1,100.0,0,0,15.0,15.0,0,1,0,1.0,MEDIUM
1813147825,1,0,1,0,1,100.0,0,0,15.0,15.0,0,1,0,1.0,MEDIUM
1815381641,1,0,0,1,1,100.0,0,0,15.0,15.0,0,1,0,1.0,MEDIUM
1816433056,1,0,0,1,1,100.0,0,0,15.0,15.0,0,1,0,1.0,MEDIUM
1817907861,1,0,0,1,1,100.0,0,0,15.0,15.0,0,1,0,1.0,MEDIUM
1818235823,1,0,1,0,1,100.0,0,0,15.0,15.0,0,1,0,1.0,MEDIUM
1818625088,1,0,1,0,1,100.0,0,0,15.0,15.0,0,1,0,1.0,MEDIUM
1819506621,1,0,1,0,1,100.0,0,0,15.0,15.0,0,1,0,1.0,MEDIUM
1820010272,1,0,1,0,1,100.0,0,0,15.0,15.0,0,1,0,1.0,MEDIUM
1821599397,1,0,0,1,1,100.0,0,0,15.0,15.0,0,1,0,1.0,MEDIUM
1821622311,1,0,0,1,1,100.0,0,0,15.0,15.0,0,1,0,1.0,MEDIUM
1821957738,1,0,1,0,1,100.0,0,0,15.0,15.0,0,1,0,1.0,MEDIUM
1824285414,1,0,1,0,1,100.0,0,0,15.0,15.0,0,1,0,1.0,MEDIUM
1824516133,1,0,0,1,1,100.0,0,0,15.0,15.0,0,1,0,1.0,MEDIUM
1825331560,1,0,0,1,1,100.0,0,0,15.0,15.0,0,1,0,1.0,MEDIUM
1825357460,1,0,0,1,1,100.0,0,0,15.0,15.0,0,1,0,1.0,MEDIUM
1826753726,1,0,0,1,1,100.0,0,0,15.0,15.0,0,1,0,1.0,MEDIUM
1826794827,1,0,0,1,1,100.0,0,0,15.0,15.0,0,1,0,1.0,MEDIUM
1827158807,1,0,1,0,1,100.0,0,0,15.0,15.0,0,1,0,1.0,MEDIUM
1827259214,1,0,0,1,1,100.0,0,0,15.0,15.0,0,1,0,1.0,MEDIUM
1828535432,1,0,1,0,1,100.0,0,0,15.0,15.0,0,1,0,1.0,MEDIUM
1829378606,1,0,1,0,1,100.0,0,0,15.0,15.0,0,1,0,1.0,MEDIUM
1830907326,1,0,1,0,1,100.0,0,0,15.0,15.0,0,1,0,1.0,MEDIUM
1830913989,1,0,1,0,1,100.0,0,0,15.0,15.0,0,1,0,1.0,MEDIUM
1831151455,1,1,0,0,1,100.0,0,0,15.0,15.0,0,1,0,1.0,MEDIUM
1831219328,1,1,0,0,1,100.0,0,0,15.0,15.0,0,1,0,1.0,MEDIUM
1831920714,1,0,1,0,1,100.0,0,0,15.0,15.0,0,1,0,1.0,MEDIUM
1832737884,1,0,0,1,1,100.0,0,0,15.0,15.0,0,1,0,1.0,MEDIUM
1832904495,1,0,1,0,1,100.0,0,0,15.0,15.0,0,1,0,1.0,MEDIUM
1833824156,1,0,0,1,1,100.0,0,0,15.0,15.0,0,1,0,1.0,MEDIUM
1833916557,1,0,1,0,1,100.0,0,0,15.0,15.0,0,1,0,1.0,MEDIUM
1834091109,1,0,1,0,1,100.0,0,0,15.0,15.0,0,1,0,1.0,MEDIUM
1834777285,1,0,1,0,1,100.0,0,0,15.0,15.0,0,1,0,1.0,MEDIUM
1834810702,1,0,0,1,1,100.0,0,0,15.0,15.0,0,1,0,1.0,MEDIUM
1835191843,1,0,1,0,1,100.0,0,0,15.0,15.0,0,1,0,1.0,MEDIUM
1835439500,1,0,0,1,1,100.0,0,0,15.0,15.0,0,1,0,1.0,MEDIUM
1835840910,1,0,0,1,1,100.0,0,0,15.0,15.0,0,1,0,1.0,MEDIUM
1836772054,1,0,0,1,1,100.0,0,0,15.0,15.0,0,1,0,1.0,MEDIUM
1838029900,1,0,1,0,1,100.0,0,0,15.0,15.0,0,1,0,1.0,MEDIUM
1838313953,1,0,0,1,1,100.0,0,0,15.0,15.0,0,1,0,1.0,MEDIUM
1838881782,1,0,1,0,1,100.0,0,0,15.0,15.0,0,1,0,1.0,MEDIUM
1839206113,1,0,1,0,1,100.0,0,0,15.0,15.0,0,1,0,1.0,MEDIUM
1839472781,1,0,0,1,1,100.0,0,0,15.0,15.0,0,1,0,1.0,MEDIUM
1839877790,1,0,1,0,1,100.0,0,0,15.0,15.0,0,1,0,1.0,MEDIUM
1841215985,1,1,0,0,1,100.0,0,0,15.0,15.0,0,1,0,1.0,MEDIUM
1841232755,1,0,0,1,1,100.0,0,0,15.0,15.0,0,1,0,1.0,MEDIUM
1841339354,1,0,1,0,1,100.0,0,0,15.0,15.0,0,1,0,1.0,MEDIUM
1841458882,1,1,0,0,1,100.0,0,0,15.0,15.0,0,1,0,1.0,MEDIUM
1841560976,1,0,0,1,1,100.0,0,0,15.0,15.0,0,1,0,1.0,MEDIUM
1841585498,1,0,0,1,1,100.0,0,0,15.0,15.0,0,1,0,1.0,MEDIUM
1841763323,1,1,0,0,1,100.0,0,0,15.0,15.0,0,1,0,1.0,MEDIUM
1842039958,1,0,1,0,1,100.0,0,0,15.0,15.0,0,1,0,1.0,MEDIUM
1842328458,1,0,1,0,1,100.0,0,0,15.0,15.0,0,1,0,1.0,MEDIUM
1844771448,1,0,0,1,1,100.0,0,0,15.0,15.0,0,1,0,1.0,MEDIUM
1845079562,1,0,0,1,1,100.0,0,0,15.0,15.0,0,1,0,1.0,MEDIUM
1845359947,1,0,1,0,1,100.0,0,0,15.0,15.0,0,1,0,1.0,MEDIUM
1846114284,1,0,0,1,1,100.0,0,0,15.0,15.0,0,1,0,1.0,MEDIUM
1846205764,1,0,0,1,1,100.0,0,0,15.0,15.0,0,1,0,1.0,MEDIUM
1846647945,1,0,0,1,1,100.0,0,0,15.0,15.0,0,1,0,1.0,MEDIUM
1847730076,1,0,1,0,1,100.0,0,0,15.0,15.0,0,1,0,1.0,MEDIUM
1849211547,1,0,1,0,1,100.0,0,0,15.0,15.0,0,1,0,1.0,MEDIUM
1850177782,1,0,1,0,1,100.0,0,0,15.0,15.0,0,1,0,1.0,MEDIUM
1850267166,1,0,0,1,1,100.0,0,0,15.0,15.0,0,1,0,1.0,MEDIUM
1850859725,1,0,1,0,1,100.0,0,0,15.0,15.0,0,1,0,1.0,MEDIUM
1850929901,1,0,0,1,1,100.0,0,0,15.0,15.0,0,1,0,1.0,MEDIUM
1851294742,1,0,1,0,1,100.0,0,0,15.0,15.0,0,1,0,1.0,MEDIUM
1851951177,1,0,0,1,1,100.0,0,0,15.0,15.0,0,1,0,1.0,MEDIUM
1852978129,1,0,1,0,1,100.0,0,0,15.0,15.0,0,1,0,1.0,MEDIUM
1853255822,1,0,0,1,1,100.0,0,0,15.0,15.0,0,1,0,1.0,MEDIUM
1853256914,1,0,1,0,1,100.0,0,0,15.0,15.0,0,1,0,1.0,MEDIUM
1854053444,1,0,0,1,1,100.0,0,0,15.0,15.0,0,1,0,1.0,MEDIUM
1854184495,1,0,0,1,1,100.0,0,0,15.0,15.0,0,1,0,1.0,MEDIUM
1854588630,1,0,1,0,1,100.0,0,0,15.0,15.0,0,1,0,1.0,MEDIUM
1857767521,1,0,1,0,1,100.0,0,0,15.0,15.0,0,1,0,1.0,MEDIUM
1858171801,1,0,0,1,1,100.0,0,0,15.0,15.0,0,1,0,1.0,MEDIUM
1859491925,1,0,0,1,1,100.0,0,0,15.0,15.0,0,1,0,1.0,MEDIUM
1860919368,1,0,0,1,1,100.0,0,0,15.0,15.0,0,1,0,1.0,MEDIUM
1862707265,1,0,0,1,1,100.0,0,0,15.0,15.0,0,1,0,1.0,MEDIUM
1863980554,1,0,0,1,1,100.0,0,0,15.0,15.0,0,1,0,1.0,MEDIUM
1864781705,1,0,0,1,1,100.0,0,0,15.0,15.0,0,1,0,1.0,MEDIUM
1864816274,1,0,1,0,1,100.0,0,0,15.0,15.0,0,1,0,1.0,MEDIUM
1868915616,1,0,0,1,1,100.0,0,0,15.0,15.0,0,1,0,1.0,MEDIUM
1869065859,1,0,1,0,1,100.0,0,0,15.0,15.0,0,1,0,1.0,MEDIUM
1869566364,1,0,0,1,1,100.0,0,0,15.0,15.0,0,1,0,1.0,MEDIUM
1870934929,1,0,1,0,1,100.0,0,0,15.0,15.0,0,1,0,1.0,MEDIUM
1871403917,1,0,0,1,1,100.0,0,0,15.0,15.0,0,1,0,1.0,MEDIUM
1872229714,1,0,1,0,1,100.0,0,0,15.0,15.0,0,1,0,1.0,MEDIUM
1872239442,1,0,0,1,1,100.0,0,0,15.0,15.0,0,1,0,1.0,MEDIUM
1873338660,1,0,1,0,1,100.0,0,0,15.0,15.0,0,1,0,1.0,MEDIUM
1874287895,1,0,0,1,1,100.0,0,0,15.0,15.0,0,1,0,1.0,MEDIUM
1876414528,1,0,1,0,1,100.0,0,0,15.0,15.0,0,1,0,1.0,MEDIUM
1877148621,1,0,0,1,1,100.0,0,0,15.0,15.0,0,1,0,1.0,MEDIUM
1877535593,1,0,0,1,1,100.0,0,0,15.0,15.0,0,1,0,1.0,MEDIUM
1877575835,1,0,1,0,1,100.0,0,0,15.0,15.0,0,1,0,1.0,MEDIUM
1877767197,1,0,1,0,1,100.0,0,0,15.0,15.0,0,1,0,1.0,MEDIUM
1877791094,1,0,1,0,1,100.0,0,0,15.0,15.0,0,1,0,1.0,MEDIUM
1878326090,1,0,0,1,1,100.0,0,0,15.0,15.0,0,1,0,1.0,MEDIUM
1878943227,1,0,0,1,1,100.0,0,0,15.0,15.0,0,1,0,1.0,MEDIUM
1878997904,1,0,1,0,1,100.0,0,0,15.0,15.0,0,1,0,1.0,MEDIUM
1880320978,1,0,0,1,1,100.0,0,0,15.0,15.0,0,1,0,1.0,MEDIUM
1881047338,1,0,1,0,1,100.0,0,0,15.0,15.0,0,1,0,1.0,MEDIUM
1881237220,1,1,0,0,1,100.0,0,0,15.0,15.0,0,1,0,1.0,MEDIUM
1881935884,1,0,0,1,1,100.0,0,0,15.0,15.0,0,1,0,1.0,MEDIUM
1882818888,1,0,0,1,1,100.0,0,0,15.0,15.0,0,1,0,1.0,MEDIUM
1883740088,1,0,1,0,1,100.0,0,0,15.0,15.0,0,1,0,1.0,MEDIUM
1884120842,1,0,1,0,1,100.0,0,0,15.0,15.0,0,1,0,1.0,MEDIUM
1885032086,1,0,0,1,1,100.0,0,0,15.0,15.0,0,1,0,1.0,MEDIUM
1885081846,1,0,0,1,1,100.0,0,0,15.0,15.0,0,1,0,1.0,MEDIUM
1885934239,1,0,0,1,1,100.0,0,0,15.0,15.0,0,1,0,1.0,MEDIUM
1886122872,1,0,1,0,1,100.0,0,0,15.0,15.0,0,1,0,1.0,MEDIUM
1886760798,1,0,0,1,1,100.0,0,0,15.0,15.0,0,1,0,1.0,MEDIUM
1887060116,1,0,0,1,1,100.0,0,0,15.0,15.0,0,1,0,1.0,MEDIUM
1887439353,1,0,0,1,1,100.0,0,0,15.0,15.0,0,1,0,1.0,MEDIUM
1889004364,1,0,1,0,1,100.0,0,0,15.0,15.0,0,1,0,1.0,MEDIUM
1889707957,1,0,0,1,1,100.0,0,0,15.0,15.0,0,1,0,1.0,MEDIUM
1889830702,1,0,0,1,1,100.0,0,0,15.0,15.0,0,1,0,1.0,MEDIUM
1889966798,1,0,0,1,1,100.0,0,0,15.0,15.0,0,1,0,1.0,MEDIUM
1890718030,1,0,1,0,1,100.0,0,0,15.0,15.0,0,1,0,1.0,MEDIUM
1890928893,1,0,1,0,1,100.0,0,0,15.0,15.0,0,1,0,1.0,MEDIUM
1891010393,1,1,0,0,1,100.0,0,0,15.0,15.0,0,1,0,1.0,MEDIUM
1891060828,1,1,0,0,1,100.0,0,0,15.0,15.0,0,1,0,1.0,MEDIUM
1891835351,1,1,0,0,1,100.0,0,0,15.0,15.0,0,1,0,1.0,MEDIUM
1892441040,1,0,0,1,1,100.0,0,0,15.0,15.0,0,1,0,1.0,MEDIUM
1892682945,1,0,1,0,1,100.0,0,0,15.0,15.0,0,1,0,1.0,MEDIUM
1893344847,1,0,1,0,1,100.0,0,0,15.0,15.0,0,1,0,1.0,MEDIUM
1894320841,1,0,0,1,1,100.0,0,0,15.0,15.0,0,1,0,1.0,MEDIUM
1894371861,1,0,1,0,1,100.0,0,0,15.0,15.0,0,1,0,1.0,MEDIUM
1894398148,1,0,0,1,1,100.0,0,0,15.0,15.0,0,1,0,1.0,MEDIUM
1895271927,1,0,0,1,1,100.0,0,0,15.0,15.0,0,1,0,1.0,MEDIUM
1895474829,1,0,1,0,1,100.0,0,0,15.0,15.0,0,1,0,1.0,MEDIUM
1895563326,1,0,0,1,1,100.0,0,0,15.0,15.0,0,1,0,1.0,MEDIUM
1896879428,1,0,1,0,1,100.0,0,0,15.0,15.0,0,1,0,1.0,MEDIUM
1897146834,1,0,0,1,1,100.0,0,0,15.0,15.0,0,1,0,1.0,MEDIUM
1897228895,1,0,1,0,1,100.0,0,0,15.0,15.0,0,1,0,1.0,MEDIUM
1897758910,1,0,1,0,1,100.0,0,0,15.0,15.0,0,1,0,1.0,MEDIUM
1899500781,1,0,0,1,1,100.0,0,0,15.0,15.0,0,1,0,1.0,MEDIUM
1899542412,1,0,0,1,1,100.0,0,0,15.0,15.0,0,1,0,1.0,MEDIUM
1901106980,1,0,0,1,1,100.0,0,0,15.0,15.0,0,1,0,1.0,MEDIUM
1901159830,1,0,0,1,1,100.0,0,0,15.0,15.0,0,1,0,1.0,MEDIUM
1901903079,1,0,1,0,1,100.0,0,0,15.0,15.0,0,1,0,1.0,MEDIUM
1902042852,1,0,1,0,1,100.0,0,0,15.0,15.0,0,1,0,1.0,MEDIUM
1904750506,1,0,1,0,1,100.0,0,0,15.0,15.0,0,1,0,1.0,MEDIUM
1904861218,1,0,0,1,1,100.0,0,0,15.0,15.0,0,1,0,1.0,MEDIUM
1905044132,1,0,0,1,1,100.0,0,0,15.0,15.0,0,1,0,1.0,MEDIUM
1905376638,1,0,1,0,1,100.0,0,0,15.0,15.0,0,1,0,1.0,MEDIUM
1905465647,1,0,0,1,1,100.0,0,0,15.0,15.0,0,1,0,1.0,MEDIUM
1905666756,1,0,1,0,1,100.0,0,0,15.0,15.0,0,1,0,1.0,MEDIUM
1906295304,1,0,0,1,1,100.0,0,0,15.0,15.0,0,1,0,1.0,MEDIUM
1906831683,1,0,1,0,1,100.0,0,0,15.0,15.0,0,1,0,1.0,MEDIUM
1908685780,1,0,0,1,1,100.0,0,0,15.0,15.0,0,1,0,1.0,MEDIUM
1909080806,1,0,0,1,1,100.0,0,0,15.0,15.0,0,1,0,1.0,MEDIUM
1910780118,1,0,1,0,1,100.0,0,0,15.0,15.0,0,1,0,1.0,MEDIUM
1910959139,1,0,0,1,1,100.0,0,0,15.0,15.0,0,1,0,1.0,MEDIUM
1911264960,1,0,0,1,1,100.0,0,0,15.0,15.0,0,1,0,1.0,MEDIUM
1911525800,1,0,0,1,1,100.0,0,0,15.0,15.0,0,1,0,1.0,MEDIUM
1912896723,1,0,1,0,1,100.0,0,0,15.0,15.0,0,1,0,1.0,MEDIUM
1912927344,1,1,0,0,1,100.0,0,0,15.0,15.0,0,1,0,1.0,MEDIUM
1913302949,1,0,0,1,1,100.0,0,0,15.0,15.0,0,1,0,1.0,MEDIUM
1914469358,1,0,0,1,1,100.0,0,0,15.0,15.0,0,1,0,1.0,MEDIUM
1919530696,1,0,0,1,1,100.0,0,0,15.0,15.0,0,1,0,1.0,MEDIUM
1919791177,1,0,1,0,1,100.0,0,0,15.0,15.0,0,1,0,1.0,MEDIUM
1919920427,1,0,0,1,1,100.0,0,0,15.0,15.0,0,1,0,1.0,MEDIUM
1920945054,1,0,0,1,1,100.0,0,0,15.0,15.0,0,1,0,1.0,MEDIUM
1922342725,1,0,1,0,1,100.0,0,0,15.0,15.0,0,1,0,1.0,MEDIUM
1923564652,1,0,1,0,1,100.0,0,0,15.0,15.0,0,1,0,1.0,MEDIUM
1924119684,1,0,0,1,1,100.0,0,0,15.0,15.0,0,1,0,1.0,MEDIUM
1926207350,1,0,1,0,1,100.0,0,0,15.0,15.0,0,1,0,1.0,MEDIUM
1926950648,1,0,0,1,1,100.0,0,0,15.0,15.0,0,1,0,1.0,MEDIUM
1927104690,1,0,1,0,1,100.0,0,0,15.0,15.0,0,1,0,1.0,MEDIUM
1927136234,1,0,1,0,1,100.0,0,0,15.0,15.0,0,1,0,1.0,MEDIUM
1927350858,1,0,1,0,1,100.0,0,0,15.0,15.0,0,1,0,1.0,MEDIUM
1927881824,1,0,1,0,1,100.0,0,0,15.0,15.0,0,1,0,1.0,MEDIUM
1928233239,1,0,1,0,1,100.0,0,0,15.0,15.0,0,1,0,1.0,MEDIUM
1929305453,1,0,0,1,1,100.0,0,0,15.0,15.0,0,1,0,1.0,MEDIUM
1929467494,1,0,1,0,1,100.0,0,0,15.0,15.0,0,1,0,1.0,MEDIUM
1929812369,1,0,1,0,1,100.0,0,0,15.0,15.0,0,1,0,1.0,MEDIUM
1931818203,1,0,1,0,1,100.0,0,0,15.0,15.0,0,1,0,1.0,MEDIUM
1932588795,1,1,0,0,1,100.0,0,0,15.0,15.0,0,1,0,1.0,MEDIUM
1933441621,1,0,0,1,1,100.0,0,0,15.0,15.0,0,1,0,1.0,MEDIUM
1934132472,1,0,1,0,1,100.0,0,0,15.0,15.0,0,1,0,1.0,MEDIUM
1934188338,1,0,0,1,1,100.0,0,0,15.0,15.0,0,1,0,1.0,MEDIUM
1934201100,1,0,0,1,1,100.0,0,0,15.0,15.0,0,1,0,1.0,MEDIUM
1935589351,1,0,0,1,1,100.0,0,0,15.0,15.0,0,1,0,1.0,MEDIUM
1935853889,1,0,1,0,1,100.0,0,0,15.0,15.0,0,1,0,1.0,MEDIUM
1936856314,1,0,0,1,1,100.0,0,0,15.0,15.0,0,1,0,1.0,MEDIUM
1937079654,1,0,0,1,1,100.0,0,0,15.0,15.0,0,1,0,1.0,MEDIUM
1938458100,1,0,0,1,1,100.0,0,0,15.0,15.0,0,1,0,1.0,MEDIUM
1938879236,1,0,0,1,1,100.0,0,0,15.0,15.0,0,1,0,1.0,MEDIUM
1939166482,1,0,1,0,1,100.0,0,0,15.0,15.0,0,1,0,1.0,MEDIUM
1939907519,1,0,0,1,1,100.0,0,0,15.0,15.0,0,1,0,1.0,MEDIUM
1940308773,1,0,1,0,1,100.0,0,0,15.0,15.0,0,1,0,1.0,MEDIUM
1940503200,1,0,1,0,1,100.0,0,0,15.0,15.0,0,1,0,1.0,MEDIUM
1940636141,1,0,0,1,1,100.0,0,0,15.0,15.0,0,1,0,1.0,MEDIUM
1941817363,1,0,0,1,1,100.0,0,0,15.0,15.0,0,1,0,1.0,MEDIUM
1942256508,1,1,0,0,1,100.0,0,0,15.0,15.0,0,1,0,1.0,MEDIUM
1942385554,1,1,0,0,1,100.0,0,0,15.0,15.0,0,1,0,1.0,MEDIUM
1942392600,1,1,0,0,1,100.0,0,0,15.0,15.0,0,1,0,1.0,MEDIUM
1942422806,1,0,1,0,1,100.0,0,0,15.0,15.0,0,1,0,1.0,MEDIUM
1943354007,1,0,0,1,1,100.0,0,0,15.0,15.0,0,1,0,1.0,MEDIUM
1943746761,1,0,0,1,1,100.0,0,0,15.0,15.0,0,1,0,1.0,MEDIUM
1944289394,1,0,0,1,1,100.0,0,0,15.0,15.0,0,1,0,1.0,MEDIUM
1944976748,1,0,1,0,1,100.0,0,0,15.0,15.0,0,1,0,1.0,MEDIUM
1945418612,1,0,0,1,1,100.0,0,0,15.0,15.0,0,1,0,1.0,MEDIUM
1945994351,1,0,0,1,1,100.0,0,0,15.0,15.0,0,1,0,1.0,MEDIUM
1946791760,1,0,1,0,1,100.0,0,0,15.0,15.0,0,1,0,1.0,MEDIUM
1947533982,1,0,0,1,1,100.0,0,0,15.0,15.0,0,1,0,1.0,MEDIUM
1948264488,1,0,0,1,1,100.0,0,0,15.0,15.0,0,1,0,1.0,MEDIUM
1949522307,1,0,1,0,1,100.0,0,0,15.0,15.0,0,1,0,1.0,MEDIUM
1950969875,1,0,1,0,1,100.0,0,0,15.0,15.0,0,1,0,1.0,MEDIUM
1951748441,1,0,1,0,1,100.0,0,0,15.0,15.0,0,1,0,1.0,MEDIUM
1951902403,1,0,1,0,1,100.0,0,0,15.0,15.0,0,1,0,1.0,MEDIUM
1952114272,1,0,0,1,1,100.0,0,0,15.0,15.0,0,1,0,1.0,MEDIUM
1952523095,1,0,1,0,1,100.0,0,0,15.0,15.0,0,1,0,1.0,MEDIUM
1953180273,1,0,0,1,1,100.0,0,0,15.0,15.0,0,1,0,1.0,MEDIUM
1953310811,1,0,0,1,1,100.0,0,0,15.0,15.0,0,1,0,1.0,MEDIUM
1953839272,1,0,1,0,1,100.0,0,0,15.0,15.0,0,1,0,1.0,MEDIUM
1954735400,1,0,1,0,1,100.0,0,0,15.0,15.0,0,1,0,1.0,MEDIUM
1955105617,1,0,1,0,1,100.0,0,0,15.0,15.0,0,1,0,1.0,MEDIUM
1956277761,1,0,1,0,1,100.0,0,0,15.0,15.0,0,1,0,1.0,MEDIUM
1956761245,1,0,0,1,1,100.0,0,0,15.0,15.0,0,1,0,1.0,MEDIUM
1957638687,1,0,0,1,1,100.0,0,0,15.0,15.0,0,1,0,1.0,MEDIUM
1959341867,1,0,0,1,1,100.0,0,0,15.0,15.0,0,1,0,1.0,MEDIUM
1960477764,1,0,1,0,1,100.0,0,0,15.0,15.0,0,1,0,1.0,MEDIUM
1962425611,2,2,0,0,2,100.0,0,0,15.0,15.0,0,2,0,1.0,MEDIUM
1962664292,1,0,1,0,1,100.0,0,0,15.0,15.0,0,1,0,1.0,MEDIUM
1962882191,1,1,0,0,1,100.0,0,0,15.0,15.0,0,1,0,1.0,MEDIUM
1964091325,1,0,1,0,1,100.0,0,0,15.0,15.0,0,1,0,1.0,MEDIUM
1964384035,1,0,0,1,1,100.0,0,0,15.0,15.0,0,1,0,1.0,MEDIUM
1965445089,1,0,1,0,1,100.0,0,0,15.0,15.0,0,1,0,1.0,MEDIUM
1967228010,1,0,1,0,1,100.0,0,0,15.0,15.0,0,1,0,1.0,MEDIUM
1967265298,1,0,1,0,1,100.0,0,0,15.0,15.0,0,1,0,1.0,MEDIUM
1968998634,1,0,1,0,1,100.0,0,0,15.0,15.0,0,1,0,1.0,MEDIUM
1969022573,1,0,1,0,1,100.0,0,0,15.0,15.0,0,1,0,1.0,MEDIUM
1969666441,1,0,1,0,1,100.0,0,0,15.0,15.0,0,1,0,1.0,MEDIUM
1970786776,1,0,1,0,1,100.0,0,0,15.0,15.0,0,1,0,1.0,MEDIUM
1971731181,1,0,0,1,1,100.0,0,0,15.0,15.0,0,1,0,1.0,MEDIUM
1973192425,1,0,1,0,1,100.0,0,0,15.0,15.0,0,1,0,1.0,MEDIUM
1975833473,1,0,0,1,1,100.0,0,0,15.0,15.0,0,1,0,1.0,MEDIUM
1976705772,1,0,0,1,1,100.0,0,0,15.0,15.0,0,1,0,1.0,MEDIUM
1976809354,1,0,1,0,1,100.0,0,0,15.0,15.0,0,1,0,1.0,MEDIUM
1976921263,1,0,0,1,1,100.0,0,0,15.0,15.0,0,1,0,1.0,MEDIUM
1977085507,1,0,0,1,1,100.0,0,0,15.0,15.0,0,1,0,1.0,MEDIUM
1977656682,1,0,1,0,1,100.0,0,0,15.0,15.0,0,1,0,1.0,MEDIUM
1979237893,1,0,0,1,1,100.0,0,0,15.0,15.0,0,1,0,1.0,MEDIUM
1979316090,1,0,0,1,1,100.0,0,0,15.0,15.0,0,1,0,1.0,MEDIUM
1979737108,1,0,0,1,1,100.0,0,0,15.0,15.0,0,1,0,1.0,MEDIUM
1981131405,1,0,0,1,1,100.0,0,0,15.0,15.0,0,1,0,1.0,MEDIUM
1982402991,1,0,1,0,1,100.0,0,0,15.0,15.0,0,1,0,1.0,MEDIUM
1982635169,1,0,1,0,1,100.0,0,0,15.0,15.0,0,1,0,1.0,MEDIUM
1982657292,1,1,0,0,1,100.0,0,0,15.0,15.0,0,1,0,1.0,MEDIUM
1982812729,1,0,0,1,1,100.0,0,0,15.0,15.0,0,1,0,1.0,MEDIUM
1983120731,1,0,0,1,1,100.0,0,0,15.0,15.0,0,1,0,1.0,MEDIUM
1983754496,1,0,0,1,1,100.0,0,0,15.0,15.0,0,1,0,1.0,MEDIUM
1984167371,1,0,0,1,1,100.0,0,0,15.0,15.0,0,1,0,1.0,MEDIUM
1984276725,1,0,0,1,1,100.0,0,0,15.0,15.0,0,1,0,1.0,MEDIUM
1986357472,1,0,1,0,1,100.0,0,0,15.0,15.0,0,1,0,1.0,MEDIUM
1987287089,1,0,0,1,1,100.0,0,0,15.0,15.0,0,1,0,1.0,MEDIUM
1988830030,1,0,0,1,1,100.0,0,0,15.0,15.0,0,1,0,1.0,MEDIUM
1989136089,1,0,0,1,1,100.0,0,0,15.0,15.0,0,1,0,1.0,MEDIUM
1989448784,1,0,0,1,1,100.0,0,0,15.0,15.0,0,1,0,1.0,MEDIUM
1989954483,1,0,0,1,1,100.0,0,0,15.0,15.0,0,1,0,1.0,MEDIUM
1990503192,1,0,1,0,1,100.0,0,0,15.0,15.0,0,1,0,1.0,MEDIUM
1991110880,1,0,0,1,1,100.0,0,0,15.0,15.0,0,1,0,1.0,MEDIUM
1991558484,1,0,0,1,1,100.0,0,0,15.0,15.0,0,1,0,1.0,MEDIUM
1992049449,1,0,1,0,1,100.0,0,0,15.0,15.0,0,1,0,1.0,MEDIUM
1992253735,1,0,0,1,1,100.0,0,0,15.0,15.0,0,1,0,1.0,MEDIUM
1992371442,1,0,0,1,1,100.0,0,0,15.0,15.0,0,1,0,1.0,MEDIUM
1993077143,1,0,1,0,1,100.0,0,0,15.0,15.0,0,1,0,1.0,MEDIUM
1993541553,1,0,0,1,1,100.0,0,0,15.0,15.0,0,1,0,1.0,MEDIUM
1993870900,1,0,1,0,1,100.0,0,0,15.0,15.0,0,1,0,1.0,MEDIUM
1994109156,1,0,1,0,1,100.0,0,0,15.0,15.0,0,1,0,1.0,MEDIUM
1994894770,1,0,0,1,1,100.0,0,0,15.0,15.0,0,1,0,1.0,MEDIUM
1995350619,1,0,0,1,1,100.0,0,0,15.0,15.0,0,1,0,1.0,MEDIUM
1997501350,1,0,1,0,1,100.0,0,0,15.0,15.0,0,1,0,1.0,MEDIUM
1997972201,1,0,0,1,1,100.0,0,0,15.0,15.0,0,1,0,1.0,MEDIUM
1225085319,6,6,0,0,2,33.33,0,0,14.17,50.0,2,1,0,0.5,MEDIUM
1679948319,6,6,0,0,3,50.0,0,0,14.17,35.0,2,1,0,0.5,MEDIUM
1881087336,5,5,0,0,2,40.0,0,0,14.0,35.0,2,0,0,0.4,MEDIUM
1295032803,6,6,0,0,4,66.67,0,0,13.33,35.0,1,3,0,0.67,MEDIUM
1326312315,6,6,0,0,3,50.0,0,0,13.33,50.0,1,3,0,0.67,MEDIUM
1386708154,6,6,0,0,4,66.67,0,0,13.33,35.0,1,3,0,0.67,MEDIUM
1306844519,5,5,0,0,3,60.0,0,0,13.0,35.0,1,2,0,0.6,MEDIUM
1447423900,5,5,0,0,3,60.0,0,0,13.0,35.0,1,2,0,0.6,MEDIUM
1548634991,5,5,0,0,3,60.0,0,0,13.0,35.0,1,2,0,0.6,MEDIUM
1255701942,4,4,0,0,2,50.0,0,0,12.5,35.0,1,1,0,0.5,MEDIUM
1285018226,4,4,0,0,1,25.0,0,0,12.5,50.0,1,1,0,0.5,MEDIUM
1285648055,4,4,0,0,2,50.0,0,0,12.5,35.0,1,1,0,0.5,MEDIUM
1396270831,4,4,0,0,2,50.0,0,0,12.5,35.0,1,1,0,0.5,MEDIUM
1740373679,4,4,0,0,1,25.0,0,0,12.5,50.0,1,1,0,0.5,MEDIUM
1912170457,4,4,0,0,2,50.0,0,0,12.5,35.0,1,1,0,0.5,MEDIUM
1023271855,3,3,0,0,1,33.33,0,0,11.67,35.0,1,0,0,0.33,MEDIUM
1164403622,3,3,0,0,1,33.33,0,0,11.67,35.0,1,0,0,0.33,MEDIUM
1215364682,3,3,0,0,1,33.33,0,0,11.67,35.0,1,0,0,0.33,MEDIUM
1225573025,3,3,0,0,1,33.33,0,0,11.67,35.0,1,0,0,0.33,MEDIUM
1447694344,3,3,0,0,1,33.33,0,0,11.67,35.0,1,0,0,0.33,MEDIUM
1578774477,3,3,0,0,1,33.33,0,0,11.67,35.0,1,0,0,0.33,MEDIUM
1639760804,3,3,0,0,1,33.33,0,0,11.67,35.0,1,0,0,0.33,MEDIUM
1730253626,3,3,0,0,1,33.33,0,0,11.67,35.0,1,0,0,0.33,MEDIUM
1841444973,3,3,0,0,1,33.33,0,0,11.67,35.0,1,0,0,0.33,MEDIUM
1871083725,3,3,0,0,1,33.33,0,0,11.67,35.0,1,0,0,0.33,MEDIUM
1871523795,3,3,0,0,1,33.33,0,0,11.67,35.0,1,0,0,0.33,MEDIUM
1871626267,3,3,0,0,1,33.33,0,0,11.67,35.0,1,0,0,0.33,MEDIUM
1962594622,3,3,0,0,1,33.33,0,0,11.67,35.0,1,0,0,0.33,MEDIUM
1578677456,7,7,0,0,4,57.14,0,0,11.43,35.0,1,3,0,0.57,MEDIUM
1811063795,4,4,0,0,3,75.0,0,0,11.25,15.0,0,3,0,0.75,MEDIUM
1700842887,8,8,0,0,3,37.5,0,0,10.62,35.0,2,1,0,0.38,MEDIUM
1417336264,3,3,0,0,2,66.67,0,0,10.0,15.0,0,2,0,0.67,MEDIUM
1467967588,5,5,0,0,1,20.0,0,0,10.0,50.0,1,1,0,0.4,MEDIUM
1629279666,3,3,0,0,2,66.67,0,0,10.0,15.0,0,2,0,0.67,MEDIUM
1699833129,3,3,0,0,2,66.67,0,0,10.0,15.0,0,2,0,0.67,MEDIUM
1730207663,3,3,0,0,2,66.67,0,0,10.0,15.0,0,2,0,0.67,MEDIUM
1740230945,3,3,0,0,2,66.67,0,0,10.0,15.0,0,2,0,0.67,MEDIUM
1780842104,3,3,0,0,2,66.67,0,0,10.0,15.0,0,2,0,0.67,MEDIUM
1780847517,3,3,0,0,2,66.67,0,0,10.0,15.0,0,2,0,0.67,MEDIUM
1841394418,3,3,0,0,2,66.67,0,0,10.0,15.0,0,2,0,0.67,MEDIUM
1841709763,5,5,0,0,2,40.0,0,0,10.0,35.0,1,1,0,0.4,MEDIUM
1144692674,7,7,0,0,2,28.57,0,0,9.29,50.0,1,2,0,0.43,MEDIUM
1568553519,5,5,0,0,3,60.0,0,0,9.0,15.0,0,3,0,0.6,MEDIUM
1497723407,4,4,0,0,1,25.0,0,0,8.75,35.0,1,0,0,0.25,MEDIUM
1639271794,6,6,0,0,2,33.33,0,0,8.33,35.0,1,1,0,0.33,MEDIUM
1972531945,3,3,0,0,1,33.33,0,0,8.33,25.0,0,1,0,0.33,MEDIUM
1073547154,2,2,0,0,1,50.0,0,0,7.5,15.0,0,1,0,0.5,MEDIUM
1083086359,2,2,0,0,1,50.0,0,0,7.5,15.0,0,1,0,0.5,MEDIUM
1164083374,2,2,0,0,1,50.0,0,0,7.5,15.0,0,1,0,0.5,MEDIUM
1174555692,2,2,0,0,1,50.0,0,0,7.5,15.0,0,1,0,0.5,MEDIUM
1194799023,2,2,0,0,1,50.0,0,0,7.5,15.0,0,1,0,0.5,MEDIUM
1215567474,2,2,0,0,1,50.0,0,0,7.5,15.0,0,1,0,0.5,MEDIUM
1255380127,2,2,0,0,1,50.0,0,0,7.5,15.0,0,1,0,0.5,MEDIUM
1285057281,2,2,0,0,1,50.0,0,0,7.5,15.0,0,1,0,0.5,MEDIUM
1285915603,2,2,0,0,1,50.0,0,0,7.5,15.0,0,1,0,0.5,MEDIUM
1336146141,2,2,0,0,1,50.0,0,0,7.5,15.0,0,1,0,0.5,MEDIUM
1366630949,2,2,0,0,1,50.0,0,0,7.5,15.0,0,1,0,0.5,MEDIUM
1376784868,2,2,0,0,1,50.0,0,0,7.5,15.0,0,1,0,0.5,MEDIUM
1467027482,2,2,0,0,1,50.0,0,0,7.5,15.0,0,1,0,0.5,MEDIUM
1548244171,2,2,0,0,1,50.0,0,0,7.5,15.0,0,1,0,0.5,MEDIUM
1568432144,2,2,0,0,1,50.0,0,0,7.5,15.0,0,1,0,0.5,MEDIUM
1619038536,2,2,0,0,1,50.0,0,0,7.5,15.0,0,1,0,0.5,MEDIUM
1629102819,2,2,0,0,1,50.0,0,0,7.5,15.0,0,1,0,0.5,MEDIUM
1649509514,2,2,0,0,1,50.0,0,0,7.5,15.0,0,1,0,0.5,MEDIUM
1649526773,2,2,0,0,1,50.0,0,0,7.5,15.0,0,1,0,0.5,MEDIUM
1689722431,2,2,0,0,1,50.0,0,0,7.5,15.0,0,1,0,0.5,MEDIUM
1699016527,2,2,0,0,1,50.0,0,0,7.5,15.0,0,1,0,0.5,MEDIUM
1750310884,2,2,0,0,1,50.0,0,0,7.5,15.0,0,1,0,0.5,MEDIUM
1790223352,2,2,0,0,1,50.0,0,0,7.5,15.0,0,1,0,0.5,MEDIUM
1831361344,2,2,0,0,1,50.0,0,0,7.5,15.0,0,1,0,0.5,MEDIUM
1891213179,2,2,0,0,1,50.0,0,0,7.5,15.0,0,1,0,0.5,MEDIUM
1922515907,2,2,0,0,1,50.0,0,0,7.5,15.0,0,1,0,0.5,MEDIUM
1952651713,2,2,0,0,1,50.0,0,0,7.5,15.0,0,1,0,0.5,MEDIUM
1710559836,5,5,0,0,1,20.0,0,0,7.0,35.0,1,0,0,0.2,MEDIUM
1114906906,3,3,0,0,1,33.33,0,0,5.0,15.0,0,1,0,0.33,MEDIUM
1285663328,3,3,0,0,1,33.33,0,0,5.0,15.0,0,1,0,0.33,MEDIUM
1316972599,3,3,0,0,1,33.33,0,0,5.0,15.0,0,1,0,0.33,MEDIUM
1457309122,3,3,0,0,1,33.33,0,0,5.0,15.0,0,1,0,0.33,MEDIUM
1467928671,3,3,0,0,1,33.33,0,0,5.0,15.0,0,1,0,0.33,MEDIUM
1851347223,3,3,0,0,1,33.33,0,0,5.0,15.0,0,1,0,0.33,MEDIUM
1750546313,4,4,0,0,1,25.0,0,0,3.75,15.0,0,1,0,0.25,MEDIUM
1174019327,5,5,0,0,1,20.0,0,0,3.0,15.0,0,1,0,0.2,MEDIUM
1275552812,5,5,0,0,1,20.0,0,0,3.0,15.0,0,1,0,0.2,MEDIUM
1000377508,1,0,1,0,0,0.0,0,0,0.0,0.0,0,0,0,0.0,LOW
1001814906,1,0,1,0,0,0.0,0,0,0.0,0.0,0,0,0,0.0,LOW
1002338266,1,0,1,0,0,0.0,0,0,0.0,0.0,0,0,0,0.0,LOW
1002741381,1,0,1,0,0,0.0,0,0,0.0,0.0,0,0,0,0.0,LOW
1003101346,1,1,0,0,0,0.0,0,0,0.0,0.0,0,0,0,0.0,LOW
1003612450,1,0,0,1,0,0.0,0,0,0.0,0.0,0,0,0,0.0,LOW
1003858176,1,1,0,0,0,0.0,0,0,0.0,0.0,0,0,0,0.0,LOW
1003942972,1,0,1,0,0,0.0,0,0,0.0,0.0,0,0,0,0.0,LOW
1004213002,1,0,0,1,0,0.0,0,0,0.0,0.0,0,0,0,0.0,LOW
1004277806,1,0,1,0,0,0.0,0,0,0.0,0.0,0,0,0,0.0,LOW
1004414098,1,0,0,1,0,0.0,0,0,0.0,0.0,0,0,0,0.0,LOW
1005061108,1,0,0,1,0,0.0,0,0,0.0,0.0,0,0,0,0.0,LOW
1005507428,1,0,0,1,0,0.0,0,0,0.0,0.0,0,0,0,0.0,LOW
1005893407,1,0,1,0,0,0.0,0,0,0.0,0.0,0,0,0,0.0,LOW
1006391819,1,0,0,1,0,0.0,0,0,0.0,0.0,0,0,0,0.0,LOW
1006625345,1,0,0,1,0,0.0,0,0,0.0,0.0,0,0,0,0.0,LOW
1008177499,1,0,0,1,0,0.0,0,0,0.0,0.0,0,0,0,0.0,LOW
1008350193,1,0,0,1,0,0.0,0,0,0.0,0.0,0,0,0,0.0,LOW
1008853602,1,0,0,1,0,0.0,0,0,0.0,0.0,0,0,0,0.0,LOW
1009664146,1,0,0,1,0,0.0,0,0,0.0,0.0,0,0,0,0.0,LOW
1010002718,1,0,1,0,0,0.0,0,0,0.0,0.0,0,0,0,0.0,LOW
1011132243,1,0,0,1,0,0.0,0,0,0.0,0.0,0,0,0,0.0,LOW
1012651361,1,0,1,0,0,0.0,0,0,0.0,0.0,0,0,0,0.0,LOW
1013138001,1,0,1,0,0,0.0,0,0,0.0,0.0,0,0,0,0.0,LOW
1013162148,1,1,0,0,0,0.0,0,0,0.0,0.0,0,0,0,0.0,LOW
1013271262,1,0,1,0,0,0.0,0,0,0.0,0.0,0,0,0,0.0,LOW
1013417525,1,0,1,0,0,0.0,0,0,0.0,0.0,0,0,0,0.0,LOW
1013564546,1,0,1,0,0,0.0,0,0,0.0,0.0,0,0,0,0.0,LOW
1013588466,1,1,0,0,0,0.0,0,0,0.0,0.0,0,0,0,0.0,LOW
1013608153,1,0,0,1,0,0.0,0,0,0.0,0.0,0,0,0,0.0,LOW
1013640222,1,0,1,0,0,0.0,0,0,0.0,0.0,0,0,0,0.0,LOW
1013951706,1,1,0,0,0,0.0,0,0,0.0,0.0,0,0,0,0.0,LOW
1014459790,1,0,1,0,0,0.0,0,0,0.0,0.0,0,0,0,0.0,LOW
1015112107,1,0,0,1,0,0.0,0,0,0.0,0.0,0,0,0,0.0,LOW
1015151318,1,0,0,1,0,0.0,0,0,0.0,0.0,0,0,0,0.0,LOW
1015508106,1,0,0,1,0,0.0,0,0,0.0,0.0,0,0,0,0.0,LOW
1015544487,1,0,1,0,0,0.0,0,0,0.0,0.0,0,0,0,0.0,LOW
1015670325,1,0,0,1,0,0.0,0,0,0.0,0.0,0,0,0,0.0,LOW
1015946165,1,0,1,0,0,0.0,0,0,0.0,0.0,0,0,0,0.0,LOW
1016034235,1,0,1,0,0,0.0,0,0,0.0,0.0,0,0,0,0.0,LOW
1016496881,1,0,0,1,0,0.0,0,0,0.0,0.0,0,0,0,0.0,LOW
1017055217,1,0,1,0,0,0.0,0,0,0.0,0.0,0,0,0,0.0,LOW
1018291100,1,0,0,1,0,0.0,0,0,0.0,0.0,0,0,0,0.0,LOW
1018614702,1,0,0,1,0,0.0,0,0,0.0,0.0,0,0,0,0.0,LOW
1020325380,1,0,1,0,0,0.0,0,0,0.0,0.0,0,0,0,0.0,LOW
1021638750,1,0,0,1,0,0.0,0,0,0.0,0.0,0,0,0,0.0,LOW
1022720478,1,0,1,0,0,0.0,0,0,0.0,0.0,0,0,0,0.0,LOW
1023092995,1,0,1,0,0,0.0,0,0,0.0,0.0,0,0,0,0.0,LOW
1023240520,1,1,0,0,0,0.0,0,0,0.0,0.0,0,0,0,0.0,LOW
1023284924,1,1,0,0,0,0.0,0,0,0.0,0.0,0,0,0,0.0,LOW
1023474244,2,2,0,0,0,0.0,0,0,0.0,0.0,0,0,0,0.0,LOW
1023629425,1,1,0,0,0,0.0,0,0,0.0,0.0,0,0,0,0.0,LOW
1024248983,1,0,1,0,0,0.0,0,0,0.0,0.0,0,0,0,0.0,LOW
1025476201,1,0,1,0,0,0.0,0,0,0.0,0.0,0,0,0,0.0,LOW
1026845017,1,0,1,0,0,0.0,0,0,0.0,0.0,0,0,0,0.0,LOW
1026913336,1,0,0,1,0,0.0,0,0,0.0,0.0,0,0,0,0.0,LOW
1028375206,1,0,0,1,0,0.0,0,0,0.0,0.0,0,0,0,0.0,LOW
1028437684,1,0,1,0,0,0.0,0,0,0.0,0.0,0,0,0,0.0,LOW
1029998375,1,0,0,1,0,0.0,0,0,0.0,0.0,0,0,0,0.0,LOW
1033198590,1,0,0,1,0,0.0,0,0,0.0,0.0,0,0,0,0.0,LOW
1033210166,1,1,0,0,0,0.0,0,0,0.0,0.0,0,0,0,0.0,LOW
1033218565,1,1,0,0,0,0.0,0,0,0.0,0.0,0,0,0,0.0,LOW
1033400205,1,1,0,0,0,0.0,0,0,0.0,0.0,0,0,0,0.0,LOW
1033434056,1,0,1,0,0,0.0,0,0,0.0,0.0,0,0,0,0.0,LOW
1033556290,1,0,0,1,0,0.0,0,0,0.0,0.0,0,0,0,0.0,LOW
1033573183,2,2,0,0,0,0.0,0,0,0.0,0.0,0,0,0,0.0,LOW
1033618616,1,1,0,0,0,0.0,0,0,0.0,0.0,0,0,0,0.0,LOW
1033619804,1,1,0,0,0,0.0,0,0,0.0,0.0,0,0,0,0.0,LOW
1034430744,1,0,1,0,0,0.0,0,0,0.0,0.0,0,0,0,0.0,LOW
1035678406,1,0,1,0,0,0.0,0,0,0.0,0.0,0,0,0,0.0,LOW
1040331086,1,0,1,0,0,0.0,0,0,0.0,0.0,0,0,0,0.0,LOW
1040776193,1,0,1,0,0,0.0,0,0,0.0,0.0,0,0,0,0.0,LOW
1040938605,1,0,0,1,0,0.0,0,0,0.0,0.0,0,0,0,0.0,LOW
1041286212,1,0,1,0,0,0.0,0,0,0.0,0.0,0,0,0,0.0,LOW
1041505146,1,0,1,0,0,0.0,0,0,0.0,0.0,0,0,0,0.0,LOW
1041649984,1,0,0,1,0,0.0,0,0,0.0,0.0,0,0,0,0.0,LOW
1041953213,1,0,0,1,0,0.0,0,0,0.0,0.0,0,0,0,0.0,LOW
1043263080,1,1,0,0,0,0.0,0,0,0.0,0.0,0,0,0,0.0,LOW
1043389398,1,1,0,0,0,0.0,0,0,0.0,0.0,0,0,0,0.0,LOW
1043512023,1,1,0,0,0,0.0,0,0,0.0,0.0,0,0,0,0.0,LOW
1043790983,1,1,0,0,0,0.0,0,0,0.0,0.0,0,0,0,0.0,LOW
1046681108,1,0,0,1,0,0.0,0,0,0.0,0.0,0,0,0,0.0,LOW
1047046753,1,0,1,0,0,0.0,0,0,0.0,0.0,0,0,0,0.0,LOW
1048108712,1,0,1,0,0,0.0,0,0,0.0,0.0,0,0,0,0.0,LOW
1049166039,1,0,0,1,0,0.0,0,0,0.0,0.0,0,0,0,0.0,LOW
1049429827,1,0,0,1,0,0.0,0,0,0.0,0.0,0,0,0,0.0,LOW
1049686752,1,0,1,0,0,0.0,0,0,0.0,0.0,0,0,0,0.0,LOW
1051626409,1,0,1,0,0,0.0,0,0,0.0,0.0,0,0,0,0.0,LOW
1053027785,1,0,1,0,0,0.0,0,0,0.0,0.0,0,0,0,0.0,LOW
1053149166,1,0,1,0,0,0.0,0,0,0.0,0.0,0,0,0,0.0,LOW
1053637180,1,0,0,1,0,0.0,0,0,0.0,0.0,0,0,0,0.0,LOW
1053780734,1,1,0,0,0,0.0,0,0,0.0,0.0,0,0,0,0.0,LOW
1054194391,1,0,1,0,0,0.0,0,0,0.0,0.0,0,0,0,0.0,LOW
1055512191,1,0,1,0,0,0.0,0,0,0.0,0.0,0,0,0,0.0,LOW
1055748248,1,0,1,0,0,0.0,0,0,0.0,0.0,0,0,0,0.0,LOW
1055901728,1,0,0,1,0,0.0,0,0,0.0,0.0,0,0,0,0.0,LOW
1057109401,1,0,1,0,0,0.0,0,0,0.0,0.0,0,0,0,0.0,LOW
1057152467,1,0,0,1,0,0.0,0,0,0.0,0.0,0,0,0,0.0,LOW
1057167713,1,0,1,0,0,0.0,0,0,0.0,0.0,0,0,0,0.0,LOW
1058910749,1,0,1,0,0,0.0,0,0,0.0,0.0,0,0,0,0.0,LOW
1059101816,1,0,1,0,0,0.0,0,0,0.0,0.0,0,0,0,0.0,LOW
1060021778,1,0,0,1,0,0.0,0,0,0.0,0.0,0,0,0,0.0,LOW
1060677801,1,0,0,1,0,0.0,0,0,0.0,0.0,0,0,0,0.0,LOW
1060882278,1,0,1,0,0,0.0,0,0,0.0,0.0,0,0,0,0.0,LOW
1060969427,1,0,1,0,0,0.0,0,0,0.0,0.0,0,0,0,0.0,LOW
1062206069,1,0,0,1,0,0.0,0,0,0.0,0.0,0,0,0,0.0,LOW
1062838511,1,0,0,1,0,0.0,0,0,0.0,0.0,0,0,0,0.0,LOW
1063143868,1,0,1,0,0,0.0,0,0,0.0,0.0,0,0,0,0.0,LOW
1063422756,1,1,0,0,0,0.0,0,0,0.0,0.0,0,0,0,0.0,LOW
1065062433,1,0,1,0,0,0.0,0,0,0.0,0.0,0,0,0,0.0,LOW
1065394415,1,0,1,0,0,0.0,0,0,0.0,0.0,0,0,0,0.0,LOW
1065422794,1,0,0,1,0,0.0,0,0,0.0,0.0,0,0,0,0.0,LOW
1066562752,1,0,0,1,0,0.0,0,0,0.0,0.0,0,0,0,0.0,LOW
1066651900,1,0,0,1,0,0.0,0,0,0.0,0.0,0,0,0,0.0,LOW
1067067455,1,0,1,0,0,0.0,0,0,0.0,0.0,0,0,0,0.0,LOW
1067348812,1,0,0,1,0,0.0,0,0,0.0,0.0,0,0,0,0.0,LOW
1067426951,1,0,1,0,0,0.0,0,0,0.0,0.0,0,0,0,0.0,LOW
1067537691,1,0,0,1,0,0.0,0,0,0.0,0.0,0,0,0,0.0,LOW
1068389332,1,0,1,0,0,0.0,0,0,0.0,0.0,0,0,0,0.0,LOW
1068765597,1,0,1,0,0,0.0,0,0,0.0,0.0,0,0,0,0.0,LOW
1068789265,1,0,1,0,0,0.0,0,0,0.0,0.0,0,0,0,0.0,LOW
1069397352,1,0,0,1,0,0.0,0,0,0.0,0.0,0,0,0,0.0,LOW
1070374173,1,0,1,0,0,0.0,0,0,0.0,0.0,0,0,0,0.0,LOW
1070723830,1,0,0,1,0,0.0,0,0,0.0,0.0,0,0,0,0.0,LOW
1071986251,1,0,1,0,0,0.0,0,0,0.0,0.0,0,0,0,0.0,LOW
1072282149,1,0,0,1,0,0.0,0,0,0.0,0.0,0,0,0,0.0,LOW
1072644258,1,0,1,0,0,0.0,0,0,0.0,0.0,0,0,0,0.0,LOW
1072831607,1,0,0,1,0,0.0,0,0,0.0,0.0,0,0,0,0.0,LOW
1073144028,1,1,0,0,0,0.0,0,0,0.0,0.0,0,0,0,0.0,LOW
1073339933,1,0,0,1,0,0.0,0,0,0.0,0.0,0,0,0,0.0,LOW
1073802492,1,1,0,0,0,0.0,0,0,0.0,0.0,0,0,0,0.0,LOW
1074936265,1,0,0,1,0,0.0,0,0,0.0,0.0,0,0,0,0.0,LOW
1075802105,1,0,0,1,0,0.0,0,0,0.0,0.0,0,0,0,0.0,LOW
1076735096,1,0,0,1,0,0.0,0,0,0.0,0.0,0,0,0,0.0,LOW
1076986158,1,0,1,0,0,0.0,0,0,0.0,0.0,0,0,0,0.0,LOW
1080819180,1,0,1,0,0,0.0,0,0,0.0,0.0,0,0,0,0.0,LOW
1081462179,1,0,1,0,0,0.0,0,0,0.0,0.0,0,0,0,0.0,LOW
1082368998,1,0,1,0,0,0.0,0,0,0.0,0.0,0,0,0,0.0,LOW
1082634401,1,0,0,1,0,0.0,0,0,0.0,0.0,0,0,0,0.0,LOW
1083009997,2,2,0,0,0,0.0,0,0,0.0,0.0,0,0,0,0.0,LOW
1083051902,1,0,1,0,0,0.0,0,0,0.0,0.0,0,0,0,0.0,LOW
1083083814,1,0,0,1,0,0.0,0,0,0.0,0.0,0,0,0,0.0,LOW
1083114809,1,0,0,1,0,0.0,0,0,0.0,0.0,0,0,0,0.0,LOW
1083213896,1,0,1,0,0,0.0,0,0,0.0,0.0,0,0,0,0.0,LOW
1083629661,1,1,0,0,0,0.0,0,0,0.0,0.0,0,0,0,0.0,LOW
1083685986,1,1,0,0,0,0.0,0,0,0.0,0.0,0,0,0,0.0,LOW
1084166147,1,0,0,1,0,0.0,0,0,0.0,0.0,0,0,0,0.0,LOW
1085453224,1,0,0,1,0,0.0,0,0,0.0,0.0,0,0,0,0.0,LOW
1086038819,1,0,1,0,0,0.0,0,0,0.0,0.0,0,0,0,0.0,LOW
1086043442,1,0,0,1,0,0.0,0,0,0.0,0.0,0,0,0,0.0,LOW
1087515250,1,0,1,0,0,0.0,0,0,0.0,0.0,0,0,0,0.0,LOW
1087919564,1,0,1,0,0,0.0,0,0,0.0,0.0,0,0,0,0.0,LOW
1088697393,1,0,0,1,0,0.0,0,0,0.0,0.0,0,0,0,0.0,LOW
1089237607,1,0,1,0,0,0.0,0,0,0.0,0.0,0,0,0,0.0,LOW
1089740957,1,0,0,1,0,0.0,0,0,0.0,0.0,0,0,0,0.0,LOW
1089854180,1,0,0,1,0,0.0,0,0,0.0,0.0,0,0,0,0.0,LOW
1090351559,1,0,0,1,0,0.0,0,0,0.0,0.0,0,0,0,0.0,LOW
1090982230,1,0,1,0,0,0.0,0,0,0.0,0.0,0,0,0,0.0,LOW
1091207997,1,0,1,0,0,0.0,0,0,0.0,0.0,0,0,0,0.0,LOW
1092386472,1,0,0,1,0,0.0,0,0,0.0,0.0,0,0,0,0.0,LOW
1092694492,1,0,1,0,0,0.0,0,0,0.0,0.0,0,0,0,0.0,LOW
1093259681,1,1,0,0,0,0.0,0,0,0.0,0.0,0,0,0,0.0,LOW
1093695395,1,0,1,0,0,0.0,0,0,0.0,0.0,0,0,0,0.0,LOW
1094697428,1,0,1,0,0,0.0,0,0,0.0,0.0,0,0,0,0.0,LOW
1094701263,1,0,1,0,0,0.0,0,0,0.0,0.0,0,0,0,0.0,LOW
1096115078,1,0,1,0,0,0.0,0,0,0.0,0.0,0,0,0,0.0,LOW
1096477408,1,0,1,0,0,0.0,0,0,0.0,0.0,0,0,0,0.0,LOW
1096705937,1,0,1,0,0,0.0,0,0,0.0,0.0,0,0,0,0.0,LOW
1097319824,1,0,0,1,0,0.0,0,0,0.0,0.0,0,0,0,0.0,LOW
1097362434,1,0,0,1,0,0.0,0,0,0.0,0.0,0,0,0,0.0,LOW
1097418547,1,0,0,1,0,0.0,0,0,0.0,0.0,0,0,0,0.0,LOW
1097752728,1,0,1,0,0,0.0,0,0,0.0,0.0,0,0,0,0.0,LOW
1097906643,1,0,1,0,0,0.0,0,0,0.0,0.0,0,0,0,0.0,LOW
1097916765,1,0,1,0,0,0.0,0,0,0.0,0.0,0,0,0,0.0,LOW
1097939411,1,0,0,1,0,0.0,0,0,0.0,0.0,0,0,0,0.0,LOW
1098046578,1,0,0,1,0,0.0,0,0,0.0,0.0,0,0,0,0.0,LOW
1098196833,1,0,0,1,0,0.0,0,0,0.0,0.0,0,0,0,0.0,LOW
1099070445,1,0,0,1,0,0.0,0,0,0.0,0.0,0,0,0,0.0,LOW
1099087264,1,0,0,1,0,0.0,0,0,0.0,0.0,0,0,0,0.0,LOW
1099977319,1,0,0,1,0,0.0,0,0,0.0,0.0,0,0,0,0.0,LOW
1100235510,1,0,1,0,0,0.0,0,0,0.0,0.0,0,0,0,0.0,LOW
1100321466,1,0,1,0,0,0.0,0,0,0.0,0.0,0,0,0,0.0,LOW
1100829306,1,0,1,0,0,0.0,0,0,0.0,0.0,0,0,0,0.0,LOW
1101266982,1,0,0,1,0,0.0,0,0,0.0,0.0,0,0,0,0.0,LOW
1102204095,1,0,1,0,0,0.0,0,0,0.0,0.0,0,0,0,0.0,LOW
1102584791,1,0,0,1,0,0.0,0,0,0.0,0.0,0,0,0,0.0,LOW
1102877863,1,0,0,1,0,0.0,0,0,0.0,0.0,0,0,0,0.0,LOW
1104035393,1,0,0,1,0,0.0,0,0,0.0,0.0,0,0,0,0.0,LOW
1104429919,1,0,1,0,0,0.0,0,0,0.0,0.0,0,0,0,0.0,LOW
1104622065,1,0,1,0,0,0.0,0,0,0.0,0.0,0,0,0,0.0,LOW
1104690309,1,0,0,1,0,0.0,0,0,0.0,0.0,0,0,0,0.0,LOW
1104875095,1,1,0,0,0,0.0,0,0,0.0,0.0,0,0,0,0.0,LOW
1104991687,1,0,0,1,0,0.0,0,0,0.0,0.0,0,0,0,0.0,LOW
1104992621,1,0,1,0,0,0.0,0,0,0.0,0.0,0,0,0,0.0,LOW
1105279136,1,0,0,1,0,0.0,0,0,0.0,0.0,0,0,0,0.0,LOW
1105695940,1,0,1,0,0,0.0,0,0,0.0,0.0,0,0,0,0.0,LOW
1105727081,1,0,0,1,0,0.0,0,0,0.0,0.0,0,0,0,0.0,LOW
1105838108,1,0,0,1,0,0.0,0,0,0.0,0.0,0,0,0,0.0,LOW
1105887882,1,0,1,0,0,0.0,0,0,0.0,0.0,0,0,0,0.0,LOW
1106087109,1,0,0,1,0,0.0,0,0,0.0,0.0,0,0,0,0.0,LOW
1106441265,1,0,1,0,0,0.0,0,0,0.0,0.0,0,0,0,0.0,LOW
1106778227,1,0,0,1,0,0.0,0,0,0.0,0.0,0,0,0,0.0,LOW
1106862214,1,0,0,1,0,0.0,0,0,0.0,0.0,0,0,0,0.0,LOW
1107421116,1,0,1,0,0,0.0,0,0,0.0,0.0,0,0,0,0.0,LOW
1107985529,1,0,0,1,0,0.0,0,0,0.0,0.0,0,0,0,0.0,LOW
1109131899,1,0,1,0,0,0.0,0,0,0.0,0.0,0,0,0,0.0,LOW
1109230357,1,0,1,0,0,0.0,0,0,0.0,0.0,0,0,0,0.0,LOW
1109383429,1,0,0,1,0,0.0,0,0,0.0,0.0,0,0,0,0.0,LOW
1109665322,1,0,1,0,0,0.0,0,0,0.0,0.0,0,0,0,0.0,LOW
1110369009,1,0,0,1,0,0.0,0,0,0.0,0.0,0,0,0,0.0,LOW
1111136850,1,0,1,0,0,0.0,0,0,0.0,0.0,0,0,0,0.0,LOW
1111508140,1,0,0,1,0,0.0,0,0,0.0,0.0,0,0,0,0.0,LOW
1111969317,1,0,1,0,0,0.0,0,0,0.0,0.0,0,0,0,0.0,LOW
1112951367,1,0,0,1,0,0.0,0,0,0.0,0.0,0,0,0,0.0,LOW
1113084519,1,0,1,0,0,0.0,0,0,0.0,0.0,0,0,0,0.0,LOW
1113240164,1,0,1,0,0,0.0,0,0,0.0,0.0,0,0,0,0.0,LOW
1113334243,1,0,1,0,0,0.0,0,0,0.0,0.0,0,0,0,0.0,LOW
1113771897,1,0,1,0,0,0.0,0,0,0.0,0.0,0,0,0,0.0,LOW
1113816329,1,0,1,0,0,0.0,0,0,0.0,0.0,0,0,0,0.0,LOW
1114082605,1,0,0,1,0,0.0,0,0,0.0,0.0,0,0,0,0.0,LOW
1114278009,2,2,0,0,0,0.0,0,0,0.0,0.0,0,0,0,0.0,LOW
1114341415,1,0,1,0,0,0.0,0,0,0.0,0.0,0,0,0,0.0,LOW
1114829150,1,0,1,0,0,0.0,0,0,0.0,0.0,0,0,0,0.0,LOW
1115101064,1,0,1,0,0,0.0,0,0,0.0,0.0,0,0,0,0.0,LOW
1115136723,1,0,1,0,0,0.0,0,0,0.0,0.0,0,0,0,0.0,LOW
1115159757,1,0,0,1,0,0.0,0,0,0.0,0.0,0,0,0,0.0,LOW
1115639127,1,0,1,0,0,0.0,0,0,0.0,0.0,0,0,0,0.0,LOW
1116371041,1,0,1,0,0,0.0,0,0,0.0,0.0,0,0,0,0.0,LOW
1117581525,1,0,0,1,0,0.0,0,0,0.0,0.0,0,0,0,0.0,LOW
1117865546,1,0,1,0,0,0.0,0,0,0.0,0.0,0,0,0,0.0,LOW
1119194152,1,0,1,0,0,0.0,0,0,0.0,0.0,0,0,0,0.0,LOW
1120681558,1,0,0,1,0,0.0,0,0,0.0,0.0,0,0,0,0.0,LOW
1122461575,1,0,1,0,0,0.0,0,0,0.0,0.0,0,0,0,0.0,LOW
1123340875,1,0,1,0,0,0.0,0,0,0.0,0.0,0,0,0,0.0,LOW
1124169073,2,2,0,0,0,0.0,0,0,0.0,0.0,0,0,0,0.0,LOW
1124272547,1,1,0,0,0,0.0,0,0,0.0,0.0,0,0,0,0.0,LOW
1124571815,2,2,0,0,0,0.0,0,0,0.0,0.0,0,0,0,0.0,LOW
1124717651,1,0,0,1,0,0.0,0,0,0.0,0.0,0,0,0,0.0,LOW
1124893338,1,0,1,0,0,0.0,0,0,0.0,0.0,0,0,0,0.0,LOW
1126635706,1,0,1,0,0,0.0,0,0,0.0,0.0,0,0,0,0.0,LOW
1127714674,1,0,1,0,0,0.0,0,0,0.0,0.0,0,0,0,0.0,LOW
1129281887,1,0,0,1,0,0.0,0,0,0.0,0.0,0,0,0,0.0,LOW
1129527993,1,0,0,1,0,0.0,0,0,0.0,0.0,0,0,0,0.0,LOW
1129971212,1,0,0,1,0,0.0,0,0,0.0,0.0,0,0,0,0.0,LOW
1130025369,1,0,0,1,0,0.0,0,0,0.0,0.0,0,0,0,0.0,LOW
1130600464,1,0,1,0,0,0.0,0,0,0.0,0.0,0,0,0,0.0,LOW
1131080247,1,0,1,0,0,0.0,0,0,0.0,0.0,0,0,0,0.0,LOW
1131822436,1,0,1,0,0,0.0,0,0,0.0,0.0,0,0,0,0.0,LOW
1131864767,1,0,1,0,0,0.0,0,0,0.0,0.0,0,0,0,0.0,LOW
1132925818,1,0,1,0,0,0.0,0,0,0.0,0.0,0,0,0,0.0,LOW
1133841396,1,0,1,0,0,0.0,0,0,0.0,0.0,0,0,0,0.0,LOW
1134121175,1,0,1,0,0,0.0,0,0,0.0,0.0,0,0,0,0.0,LOW
1134276074,1,1,0,0,0,0.0,0,0,0.0,0.0,0,0,0,0.0,LOW
1134736879,1,0,1,0,0,0.0,0,0,0.0,0.0,0,0,0,0.0,LOW
1134877210,1,0,1,0,0,0.0,0,0,0.0,0.0,0,0,0,0.0,LOW
1135486079,1,0,1,0,0,0.0,0,0,0.0,0.0,0,0,0,0.0,LOW
1135770330,1,0,1,0,0,0.0,0,0,0.0,0.0,0,0,0,0.0,LOW
1136096803,1,0,0,1,0,0.0,0,0,0.0,0.0,0,0,0,0.0,LOW
1138074297,1,0,0,1,0,0.0,0,0,0.0,0.0,0,0,0,0.0,LOW
1138538503,1,0,1,0,0,0.0,0,0,0.0,0.0,0,0,0,0.0,LOW
1138659568,1,0,1,0,0,0.0,0,0,0.0,0.0,0,0,0,0.0,LOW
1139006541,1,0,1,0,0,0.0,0,0,0.0,0.0,0,0,0,0.0,LOW
1139376404,1,0,1,0,0,0.0,0,0,0.0,0.0,0,0,0,0.0,LOW
1140231093,1,0,1,0,0,0.0,0,0,0.0,0.0,0,0,0,0.0,LOW
1140372542,1,0,1,0,0,0.0,0,0,0.0,0.0,0,0,0,0.0,LOW
1140709260,1,0,0,1,0,0.0,0,0,0.0,0.0,0,0,0,0.0,LOW
1140736006,1,0,0,1,0,0.0,0,0,0.0,0.0,0,0,0,0.0,LOW
1141137284,1,0,1,0,0,0.0,0,0,0.0,0.0,0,0,0,0.0,LOW
1141181403,1,0,1,0,0,0.0,0,0,0.0,0.0,0,0,0,0.0,LOW
1141414069,1,0,1,0,0,0.0,0,0,0.0,0.0,0,0,0,0.0,LOW
1141420215,1,0,1,0,0,0.0,0,0,0.0,0.0,0,0,0,0.0,LOW
1142660464,1,0,0,1,0,0.0,0,0,0.0,0.0,0,0,0,0.0,LOW
1142856262,1,0,1,0,0,0.0,0,0,0.0,0.0,0,0,0,0.0,LOW
1143633247,1,0,1,0,0,0.0,0,0,0.0,0.0,0,0,0,0.0,LOW
1143950814,1,0,0,1,0,0.0,0,0,0.0,0.0,0,0,0,0.0,LOW
1144227588,1,1,0,0,0,0.0,0,0,0.0,0.0,0,0,0,0.0,LOW
1144447505,1,0,1,0,0,0.0,0,0,0.0,0.0,0,0,0,0.0,LOW
1144728852,1,0,1,0,0,0.0,0,0,0.0,0.0,0,0,0,0.0,LOW
1145114552,1,0,1,0,0,0.0,0,0,0.0,0.0,0,0,0,0.0,LOW
1145393560,1,0,1,0,0,0.0,0,0,0.0,0.0,0,0,0,0.0,LOW
1146272204,1,0,1,0,0,0.0,0,0,0.0,0.0,0,0,0,0.0,LOW
1147674301,1,0,1,0,0,0.0,0,0,0.0,0.0,0,0,0,0.0,LOW
1149744726,1,0,1,0,0,0.0,0,0,0.0,0.0,0,0,0,0.0,LOW
1149899478,1,0,0,1,0,0.0,0,0,0.0,0.0,0,0,0,0.0,LOW
1150106148,1,0,1,0,0,0.0,0,0,0.0,0.0,0,0,0,0.0,LOW
1150227191,1,0,0,1,0,0.0,0,0,0.0,0.0,0,0,0,0.0,LOW
1151824200,1,0,0,1,0,0.0,0,0,0.0,0.0,0,0,0,0.0,LOW
1152386177,1,0,0,1,0,0.0,0,0,0.0,0.0,0,0,0,0.0,LOW
1153419453,1,0,1,0,0,0.0,0,0,0.0,0.0,0,0,0,0.0,LOW
1153855789,1,0,1,0,0,0.0,0,0,0.0,0.0,0,0,0,0.0,LOW
1154358878,1,0,0,1,0,0.0,0,0,0.0,0.0,0,0,0,0.0,LOW
1154625606,1,1,0,0,0,0.0,0,0,0.0,0.0,0,0,0,0.0,LOW
1154652024,1,0,1,0,0,0.0,0,0,0.0,0.0,0,0,0,0.0,LOW
1155552451,1,0,0,1,0,0.0,0,0,0.0,0.0,0,0,0,0.0,LOW
1156074017,1,0,1,0,0,0.0,0,0,0.0,0.0,0,0,0,0.0,LOW
1156185648,1,0,1,0,0,0.0,0,0,0.0,0.0,0,0,0,0.0,LOW
1156640869,1,0,1,0,0,0.0,0,0,0.0,0.0,0,0,0,0.0,LOW
1156762548,1,0,1,0,0,0.0,0,0,0.0,0.0,0,0,0,0.0,LOW
1156788876,1,0,0,1,0,0.0,0,0,0.0,0.0,0,0,0,0.0,LOW
1157303123,1,0,1,0,0,0.0,0,0,0.0,0.0,0,0,0,0.0,LOW
1158234003,1,0,1,0,0,0.0,0,0,0.0,0.0,0,0,0,0.0,LOW
1158402575,1,0,0,1,0,0.0,0,0,0.0,0.0,0,0,0,0.0,LOW
1158403186,1,0,0,1,0,0.0,0,0,0.0,0.0,0,0,0,0.0,LOW
1158709935,1,0,0,1,0,0.0,0,0,0.0,0.0,0,0,0,0.0,LOW
1159651733,1,0,0,1,0,0.0,0,0,0.0,0.0,0,0,0,0.0,LOW
1160592305,1,0,1,0,0,0.0,0,0,0.0,0.0,0,0,0,0.0,LOW
1161823220,1,0,0,1,0,0.0,0,0,0.0,0.0,0,0,0,0.0,LOW
1162302028,1,0,0,1,0,0.0,0,0,0.0,0.0,0,0,0,0.0,LOW
1163366943,1,0,0,1,0,0.0,0,0,0.0,0.0,0,0,0,0.0,LOW
1163686158,1,0,0,1,0,0.0,0,0,0.0,0.0,0,0,0,0.0,LOW
1164483603,1,0,0,1,0,0.0,0,0,0.0,0.0,0,0,0,0.0,LOW
1164496006,2,2,0,0,0,0.0,0,0,0.0,0.0,0,0,0,0.0,LOW
1164496410,1,1,0,0,0,0.0,0,0,0.0,0.0,0,0,0,0.0,LOW
1164561701,1,0,1,0,0,0.0,0,0,0.0,0.0,0,0,0,0.0,LOW
1164676680,2,2,0,0,0,0.0,0,0,0.0,0.0,0,0,0,0.0,LOW
1164751467,1,0,0,1,0,0.0,0,0,0.0,0.0,0,0,0,0.0,LOW
1164779654,1,0,1,0,0,0.0,0,0,0.0,0.0,0,0,0,0.0,LOW
1165258171,1,0,1,0,0,0.0,0,0,0.0,0.0,0,0,0,0.0,LOW
1165949150,1,0,1,0,0,0.0,0,0,0.0,0.0,0,0,0,0.0,LOW
1166494980,1,0,0,1,0,0.0,0,0,0.0,0.0,0,0,0,0.0,LOW
1166509310,1,0,1,0,0,0.0,0,0,0.0,0.0,0,0,0,0.0,LOW
1166757664,1,0,1,0,0,0.0,0,0,0.0,0.0,0,0,0,0.0,LOW
1167746150,1,0,0,1,0,0.0,0,0,0.0,0.0,0,0,0,0.0,LOW
1168260971,1,0,0,1,0,0.0,0,0,0.0,0.0,0,0,0,0.0,LOW
1169998420,1,0,0,1,0,0.0,0,0,0.0,0.0,0,0,0,0.0,LOW
1170258599,1,0,0,1,0,0.0,0,0,0.0,0.0,0,0,0,0.0,LOW
1170376322,1,0,1,0,0,0.0,0,0,0.0,0.0,0,0,0,0.0,LOW
1170400526,1,0,1,0,0,0.0,0,0,0.0,0.0,0,0,0,0.0,LOW
1171236614,1,0,1,0,0,0.0,0,0,0.0,0.0,0,0,0,0.0,LOW
1171795541,1,0,1,0,0,0.0,0,0,0.0,0.0,0,0,0,0.0,LOW
1172205139,1,0,0,1,0,0.0,0,0,0.0,0.0,0,0,0,0.0,LOW
1173615550,1,0,1,0,0,0.0,0,0,0.0,0.0,0,0,0,0.0,LOW
1174143701,1,0,0,1,0,0.0,0,0,0.0,0.0,0,0,0,0.0,LOW
1174704329,1,0,1,0,0,0.0,0,0,0.0,0.0,0,0,0,0.0,LOW
1175098788,1,0,0,1,0,0.0,0,0,0.0,0.0,0,0,0,0.0,LOW
1175398339,1,0,1,0,0,0.0,0,0,0.0,0.0,0,0,0,0.0,LOW
1175524252,1,0,1,0,0,0.0,0,0,0.0,0.0,0,0,0,0.0,LOW
1176303983,1,0,0,1,0,0.0,0,0,0.0,0.0,0,0,0,0.0,LOW
1177200930,1,0,0,1,0,0.0,0,0,0.0,0.0,0,0,0,0.0,LOW
1180092553,1,0,1,0,0,0.0,0,0,0.0,0.0,0,0,0,0.0,LOW
1180140165,1,0,0,1,0,0.0,0,0,0.0,0.0,0,0,0,0.0,LOW
1180921015,1,0,1,0,0,0.0,0,0,0.0,0.0,0,0,0,0.0,LOW
1182213280,1,0,0,1,0,0.0,0,0,0.0,0.0,0,0,0,0.0,LOW
1183006200,1,0,0,1,0,0.0,0,0,0.0,0.0,0,0,0,0.0,LOW
1183958228,1,0,1,0,0,0.0,0,0,0.0,0.0,0,0,0,0.0,LOW
1184109497,1,0,1,0,0,0.0,0,0,0.0,0.0,0,0,0,0.0,LOW
1184385568,1,0,0,1,0,0.0,0,0,0.0,0.0,0,0,0,0.0,LOW
1184414583,1,0,1,0,0,0.0,0,0,0.0,0.0,0,0,0,0.0,LOW
1184670549,1,1,0,0,0,0.0,0,0,0.0,0.0,0,0,0,0.0,LOW
1184725210,1,1,0,0,0,0.0,0,0,0.0,0.0,0,0,0,0.0,LOW
1184988047,1,0,0,1,0,0.0,0,0,0.0,0.0,0,0,0,0.0,LOW
1185427821,1,0,1,0,0,0.0,0,0,0.0,0.0,0,0,0,0.0,LOW
1185827656,1,0,1,0,0,0.0,0,0,0.0,0.0,0,0,0,0.0,LOW
1186032486,1,0,0,1,0,0.0,0,0,0.0,0.0,0,0,0,0.0,LOW
1186081367,1,0,0,1,0,0.0,0,0,0.0,0.0,0,0,0,0.0,LOW
1186304767,1,0,1,0,0,0.0,0,0,0.0,0.0,0,0,0,0.0,LOW
1186461948,1,0,0,1,0,0.0,0,0,0.0,0.0,0,0,0,0.0,LOW
1186815576,1,0,0,1,0,0.0,0,0,0.0,0.0,0,0,0,0.0,LOW
1186851574,1,0,0,1,0,0.0,0,0,0.0,0.0,0,0,0,0.0,LOW
1187897266,1,0,0,1,0,0.0,0,0,0.0,0.0,0,0,0,0.0,LOW
1188249218,1,0,1,0,0,0.0,0,0,0.0,0.0,0,0,0,0.0,LOW
1188726364,1,0,1,0,0,0.0,0,0,0.0,0.0,0,0,0,0.0,LOW
1189564482,1,0,0,1,0,0.0,0,0,0.0,0.0,0,0,0,0.0,LOW
1189680436,1,0,0,1,0,0.0,0,0,0.0,0.0,0,0,0,0.0,LOW
1189680961,1,0,1,0,0,0.0,0,0,0.0,0.0,0,0,0,0.0,LOW
1189788480,1,0,1,0,0,0.0,0,0,0.0,0.0,0,0,0,0.0,LOW
1191775832,1,0,1,0,0,0.0,0,0,0.0,0.0,0,0,0,0.0,LOW
1192045194,1,0,0,1,0,0.0,0,0,0.0,0.0,0,0,0,0.0,LOW
1192222688,1,0,1,0,0,0.0,0,0,0.0,0.0,0,0,0,0.0,LOW
1192359851,1,0,1,0,0,0.0,0,0,0.0,0.0,0,0,0,0.0,LOW
1193280257,1,0,1,0,0,0.0,0,0,0.0,0.0,0,0,0,0.0,LOW
1193596769,1,0,0,1,0,0.0,0,0,0.0,0.0,0,0,0,0.0,LOW
1193951396,1,0,0,1,0,0.0,0,0,0.0,0.0,0,0,0,0.0,LOW
1194406534,1,0,1,0,0,0.0,0,0,0.0,0.0,0,0,0,0.0,LOW
1194741611,1,1,0,0,0,0.0,0,0,0.0,0.0,0,0,0,0.0,LOW
1194941542,1,1,0,0,0,0.0,0,0,0.0,0.0,0,0,0,0.0,LOW
1195264272,1,0,0,1,0,0.0,0,0,0.0,0.0,0,0,0,0.0,LOW
1195934780,1,0,1,0,0,0.0,0,0,0.0,0.0,0,0,0,0.0,LOW
1195935991,1,0,1,0,0,0.0,0,0,0.0,0.0,0,0,0,0.0,LOW
1195962523,1,0,1,0,0,0.0,0,0,0.0,0.0,0,0,0,0.0,LOW
1196106729,1,0,1,0,0,0.0,0,0,0.0,0.0,0,0,0,0.0,LOW
1196651241,1,0,1,0,0,0.0,0,0,0.0,0.0,0,0,0,0.0,LOW
1196712677,1,0,1,0,0,0.0,0,0,0.0,0.0,0,0,0,0.0,LOW
1197317486,1,0,0,1,0,0.0,0,0,0.0,0.0,0,0,0,0.0,LOW
1198292843,1,0,0,1,0,0.0,0,0,0.0,0.0,0,0,0,0.0,LOW
1198936012,1,0,1,0,0,0.0,0,0,0.0,0.0,0,0,0,0.0,LOW
1199070081,1,0,0,1,0,0.0,0,0,0.0,0.0,0,0,0,0.0,LOW
1199081883,1,0,1,0,0,0.0,0,0,0.0,0.0,0,0,0,0.0,LOW
1199125511,1,0,1,0,0,0.0,0,0,0.0,0.0,0,0,0,0.0,LOW
1199461342,1,0,0,1,0,0.0,0,0,0.0,0.0,0,0,0,0.0,LOW
1200895389,1,0,0,1,0,0.0,0,0,0.0,0.0,0,0,0,0.0,LOW
1201056442,1,0,1,0,0,0.0,0,0,0.0,0.0,0,0,0,0.0,LOW
1201788845,1,0,0,1,0,0.0,0,0,0.0,0.0,0,0,0,0.0,LOW
1202383870,1,0,0,1,0,0.0,0,0,0.0,0.0,0,0,0,0.0,LOW
1202956978,1,0,1,0,0,0.0,0,0,0.0,0.0,0,0,0,0.0,LOW
1203295299,1,0,1,0,0,0.0,0,0,0.0,0.0,0,0,0,0.0,LOW
1204006146,1,0,1,0,0,0.0,0,0,0.0,0.0,0,0,0,0.0,LOW
1204276437,1,0,1,0,0,0.0,0,0,0.0,0.0,0,0,0,0.0,LOW
1205781403,1,0,1,0,0,0.0,0,0,0.0,0.0,0,0,0,0.0,LOW
1206213670,1,0,0,1,0,0.0,0,0,0.0,0.0,0,0,0,0.0,LOW
1206459800,1,0,1,0,0,0.0,0,0,0.0,0.0,0,0,0,0.0,LOW
1207258831,1,0,0,1,0,0.0,0,0,0.0,0.0,0,0,0,0.0,LOW
1207267729,1,0,1,0,0,0.0,0,0,0.0,0.0,0,0,0,0.0,LOW
1209434618,1,0,1,0,0,0.0,0,0,0.0,0.0,0,0,0,0.0,LOW
1209597202,1,0,0,1,0,0.0,0,0,0.0,0.0,0,0,0,0.0,LOW
1210782900,1,0,0,1,0,0.0,0,0,0.0,0.0,0,0,0,0.0,LOW
1211764300,1,0,1,0,0,0.0,0,0,0.0,0.0,0,0,0,0.0,LOW
1211906968,1,0,0,1,0,0.0,0,0,0.0,0.0,0,0,0,0.0,LOW
1212261389,1,0,1,0,0,0.0,0,0,0.0,0.0,0,0,0,0.0,LOW
1212448736,1,0,1,0,0,0.0,0,0,0.0,0.0,0,0,0,0.0,LOW
1212514141,1,0,0,1,0,0.0,0,0,0.0,0.0,0,0,0,0.0,LOW
1212632459,1,0,1,0,0,0.0,0,0,0.0,0.0,0,0,0,0.0,LOW
1212869442,1,0,1,0,0,0.0,0,0,0.0,0.0,0,0,0,0.0,LOW
1213433345,1,0,1,0,0,0.0,0,0,0.0,0.0,0,0,0,0.0,LOW
1213487752,1,0,0,1,0,0.0,0,0,0.0,0.0,0,0,0,0.0,LOW
1213611345,1,0,1,0,0,0.0,0,0,0.0,0.0,0,0,0,0.0,LOW
1215099007,1,1,0,0,0,0.0,0,0,0.0,0.0,0,0,0,0.0,LOW
1215909826,1,0,0,1,0,0.0,0,0,0.0,0.0,0,0,0,0.0,LOW
1216005435,1,0,1,0,0,0.0,0,0,0.0,0.0,0,0,0,0.0,LOW
1216789716,1,0,0,1,0,0.0,0,0,0.0,0.0,0,0,0,0.0,LOW
1217057921,1,0,1,0,0,0.0,0,0,0.0,0.0,0,0,0,0.0,LOW
1217349823,1,0,1,0,0,0.0,0,0,0.0,0.0,0,0,0,0.0,LOW
1217714411,1,0,1,0,0,0.0,0,0,0.0,0.0,0,0,0,0.0,LOW
1218734799,1,0,1,0,0,0.0,0,0,0.0,0.0,0,0,0,0.0,LOW
1218835919,1,0,1,0,0,0.0,0,0,0.0,0.0,0,0,0,0.0,LOW
1219039957,1,0,0,1,0,0.0,0,0,0.0,0.0,0,0,0,0.0,LOW
1219223994,1,0,0,1,0,0.0,0,0,0.0,0.0,0,0,0,0.0,LOW
1220691257,1,0,0,1,0,0.0,0,0,0.0,0.0,0,0,0,0.0,LOW
1221218480,1,0,0,1,0,0.0,0,0,0.0,0.0,0,0,0,0.0,LOW
1222069881,1,0,0,1,0,0.0,0,0,0.0,0.0,0,0,0,0.0,LOW
1222203103,1,0,0,1,0,0.0,0,0,0.0,0.0,0,0,0,0.0,LOW
1223113886,1,0,0,1,0,0.0,0,0,0.0,0.0,0,0,0,0.0,LOW
1223626622,1,0,0,1,0,0.0,0,0,0.0,0.0,0,0,0,0.0,LOW
1224581529,1,0,1,0,0,0.0,0,0,0.0,0.0,0,0,0,0.0,LOW
1225585383,1,1,0,0,0,0.0,0,0,0.0,0.0,0,0,0,0.0,LOW
1225645386,1,0,0,1,0,0.0,0,0,0.0,0.0,0,0,0,0.0,LOW
1225675189,1,0,0,1,0,0.0,0,0,0.0,0.0,0,0,0,0.0,LOW
1226216115,1,0,1,0,0,0.0,0,0,0.0,0.0,0,0,0,0.0,LOW
1226519657,1,0,1,0,0,0.0,0,0,0.0,0.0,0,0,0,0.0,LOW
1227412130,1,0,1,0,0,0.0,0,0,0.0,0.0,0,0,0,0.0,LOW
1227672145,1,0,0,1,0,0.0,0,0,0.0,0.0,0,0,0,0.0,LOW
1228138873,1,0,0,1,0,0.0,0,0,0.0,0.0,0,0,0,0.0,LOW
1230494477,1,0,1,0,0,0.0,0,0,0.0,0.0,0,0,0,0.0,LOW
1230524790,1,0,1,0,0,0.0,0,0,0.0,0.0,0,0,0,0.0,LOW
1230882801,1,0,1,0,0,0.0,0,0,0.0,0.0,0,0,0,0.0,LOW
1230970487,1,0,0,1,0,0.0,0,0,0.0,0.0,0,0,0,0.0,LOW
1231235520,1,0,1,0,0,0.0,0,0,0.0,0.0,0,0,0,0.0,LOW
1231295133,1,0,0,1,0,0.0,0,0,0.0,0.0,0,0,0,0.0,LOW
1231343976,1,0,1,0,0,0.0,0,0,0.0,0.0,0,0,0,0.0,LOW
1232232319,1,0,0,1,0,0.0,0,0,0.0,0.0,0,0,0,0.0,LOW
1232484112,1,0,1,0,0,0.0,0,0,0.0,0.0,0,0,0,0.0,LOW
1233282699,1,0,1,0,0,0.0,0,0,0.0,0.0,0,0,0,0.0,LOW
1233714142,1,0,1,0,0,0.0,0,0,0.0,0.0,0,0,0,0.0,LOW
1234565821,1,0,1,0,0,0.0,0,0,0.0,0.0,0,0,0,0.0,LOW
1235365398,1,0,1,0,0,0.0,0,0,0.0,0.0,0,0,0,0.0,LOW
1235672527,1,0,0,1,0,0.0,0,0,0.0,0.0,0,0,0,0.0,LOW
1235836204,1,0,1,0,0,0.0,0,0,0.0,0.0,0,0,0,0.0,LOW
1236459608,1,0,0,1,0,0.0,0,0,0.0,0.0,0,0,0,0.0,LOW
1237953572,1,0,0,1,0,0.0,0,0,0.0,0.0,0,0,0,0.0,LOW
1238027012,1,0,1,0,0,0.0,0,0,0.0,0.0,0,0,0,0.0,LOW
1239214387,1,0,1,0,0,0.0,0,0,0.0,0.0,0,0,0,0.0,LOW
1239404270,1,0,1,0,0,0.0,0,0,0.0,0.0,0,0,0,0.0,LOW
1239654800,1,0,1,0,0,0.0,0,0,0.0,0.0,0,0,0,0.0,LOW
1239758129,1,0,1,0,0,0.0,0,0,0.0,0.0,0,0,0,0.0,LOW
1241062907,1,0,1,0,0,0.0,0,0,0.0,0.0,0,0,0,0.0,LOW
1241377663,1,0,0,1,0,0.0,0,0,0.0,0.0,0,0,0,0.0,LOW
1241472028,1,0,1,0,0,0.0,0,0,0.0,0.0,0,0,0,0.0,LOW
1242116789,1,0,0,1,0,0.0,0,0,0.0,0.0,0,0,0,0.0,LOW
1242328805,1,0,1,0,0,0.0,0,0,0.0,0.0,0,0,0,0.0,LOW
1242412948,1,0,1,0,0,0.0,0,0,0.0,0.0,0,0,0,0.0,LOW
1242427685,1,0,0,1,0,0.0,0,0,0.0,0.0,0,0,0,0.0,LOW
1244083388,1,0,1,0,0,0.0,0,0,0.0,0.0,0,0,0,0.0,LOW
1244969434,1,0,0,1,0,0.0,0,0,0.0,0.0,0,0,0,0.0,LOW
1245160607,1,0,1,0,0,0.0,0,0,0.0,0.0,0,0,0,0.0,LOW
1245253160,1,1,0,0,0,0.0,0,0,0.0,0.0,0,0,0,0.0,LOW
1245292788,1,1,0,0,0,0.0,0,0,0.0,0.0,0,0,0,0.0,LOW
1246143422,1,0,0,1,0,0.0,0,0,0.0,0.0,0,0,0,0.0,LOW
1246637586,1,0,1,0,0,0.0,0,0,0.0,0.0,0,0,0,0.0,LOW
1246762770,1,0,0,1,0,0.0,0,0,0.0,0.0,0,0,0,0.0,LOW
1247232382,1,0,1,0,0,0.0,0,0,0.0,0.0,0,0,0,0.0,LOW
1247561386,1,0,0,1,0,0.0,0,0,0.0,0.0,0,0,0,0.0,LOW
1248210173,1,0,0,1,0,0.0,0,0,0.0,0.0,0,0,0,0.0,LOW
1250314192,1,0,1,0,0,0.0,0,0,0.0,0.0,0,0,0,0.0,LOW
1251515483,1,0,1,0,0,0.0,0,0,0.0,0.0,0,0,0,0.0,LOW
1251559183,1,0,0,1,0,0.0,0,0,0.0,0.0,0,0,0,0.0,LOW
1252185927,1,0,0,1,0,0.0,0,0,0.0,0.0,0,0,0,0.0,LOW
1252839535,1,0,1,0,0,0.0,0,0,0.0,0.0,0,0,0,0.0,LOW
1253691204,1,0,0,1,0,0.0,0,0,0.0,0.0,0,0,0,0.0,LOW
1254302818,1,0,1,0,0,0.0,0,0,0.0,0.0,0,0,0,0.0,LOW
1254874896,1,0,1,0,0,0.0,0,0,0.0,0.0,0,0,0,0.0,LOW
1255339750,1,1,0,0,0,0.0,0,0,0.0,0.0,0,0,0,0.0,LOW
1255354361,1,1,0,0,0,0.0,0,0,0.0,0.0,0,0,0,0.0,LOW
1256362776,1,0,0,1,0,0.0,0,0,0.0,0.0,0,0,0,0.0,LOW
1257213896,1,0,1,0,0,0.0,0,0,0.0,0.0,0,0,0,0.0,LOW
1257822682,1,0,1,0,0,0.0,0,0,0.0,0.0,0,0,0,0.0,LOW
1258491245,1,0,1,0,0,0.0,0,0,0.0,0.0,0,0,0,0.0,LOW
1258704751,1,0,1,0,0,0.0,0,0,0.0,0.0,0,0,0,0.0,LOW
1259264346,1,0,1,0,0,0.0,0,0,0.0,0.0,0,0,0,0.0,LOW
1259393884,1,0,1,0,0,0.0,0,0,0.0,0.0,0,0,0,0.0,LOW
1259754337,1,0,1,0,0,0.0,0,0,0.0,0.0,0,0,0,0.0,LOW
1261255268,1,0,0,1,0,0.0,0,0,0.0,0.0,0,0,0,0.0,LOW
1261592004,1,0,0,1,0,0.0,0,0,0.0,0.0,0,0,0,0.0,LOW
1263194196,1,0,0,1,0,0.0,0,0,0.0,0.0,0,0,0,0.0,LOW
1263761832,1,0,0,1,0,0.0,0,0,0.0,0.0,0,0,0,0.0,LOW
1264220903,1,0,0,1,0,0.0,0,0,0.0,0.0,0,0,0,0.0,LOW
1264902491,1,0,0,1,0,0.0,0,0,0.0,0.0,0,0,0,0.0,LOW
1265816300,1,1,0,0,0,0.0,0,0,0.0,0.0,0,0,0,0.0,LOW
1267036721,1,0,1,0,0,0.0,0,0,0.0,0.0,0,0,0,0.0,LOW
1267386584,1,0,0,1,0,0.0,0,0,0.0,0.0,0,0,0,0.0,LOW
1267986709,1,0,1,0,0,0.0,0,0,0.0,0.0,0,0,0,0.0,LOW
1268416400,1,0,0,1,0,0.0,0,0,0.0,0.0,0,0,0,0.0,LOW
1269251601,1,0,0,1,0,0.0,0,0,0.0,0.0,0,0,0,0.0,LOW
1271852128,1,0,1,0,0,0.0,0,0,0.0,0.0,0,0,0,0.0,LOW
1272187643,1,0,1,0,0,0.0,0,0,0.0,0.0,0,0,0,0.0,LOW
1272282407,1,0,0,1,0,0.0,0,0,0.0,0.0,0,0,0,0.0,LOW
1272317575,1,0,1,0,0,0.0,0,0,0.0,0.0,0,0,0,0.0,LOW
1272473509,1,0,0,1,0,0.0,0,0,0.0,0.0,0,0,0,0.0,LOW
1273617211,1,0,1,0,0,0.0,0,0,0.0,0.0,0,0,0,0.0,LOW
1274345747,1,0,1,0,0,0.0,0,0,0.0,0.0,0,0,0,0.0,LOW
1274572249,1,0,0,1,0,0.0,0,0,0.0,0.0,0,0,0,0.0,LOW
1275751448,1,1,0,0,0,0.0,0,0,0.0,0.0,0,0,0,0.0,LOW
1276019487,1,0,1,0,0,0.0,0,0,0.0,0.0,0,0,0,0.0,LOW
1278050214,1,0,1,0,0,0.0,0,0,0.0,0.0,0,0,0,0.0,LOW
1278533989,1,0,1,0,0,0.0,0,0,0.0,0.0,0,0,0,0.0,LOW
1279261274,1,0,0,1,0,0.0,0,0,0.0,0.0,0,0,0,0.0,LOW
1280288446,1,0,0,1,0,0.0,0,0,0.0,0.0,0,0,0,0.0,LOW
1280447843,1,0,0,1,0,0.0,0,0,0.0,0.0,0,0,0,0.0,LOW
1280586411,1,0,1,0,0,0.0,0,0,0.0,0.0,0,0,0,0.0,LOW
1280770699,1,0,0,1,0,0.0,0,0,0.0,0.0,0,0,0,0.0,LOW
1281470657,1,0,0,1,0,0.0,0,0,0.0,0.0,0,0,0,0.0,LOW
1282590211,1,0,0,1,0,0.0,0,0,0.0,0.0,0,0,0,0.0,LOW
1284166521,1,0,1,0,0,0.0,0,0,0.0,0.0,0,0,0,0.0,LOW
1284273713,1,0,0,1,0,0.0,0,0,0.0,0.0,0,0,0,0.0,LOW
1284559424,1,0,0,1,0,0.0,0,0,0.0,0.0,0,0,0,0.0,LOW
1285273291,1,0,1,0,0,0.0,0,0,0.0,0.0,0,0,0,0.0,LOW
1285293217,1,1,0,0,0,0.0,0,0,0.0,0.0,0,0,0,0.0,LOW
1285630533,1,1,0,0,0,0.0,0,0,0.0,0.0,0,0,0,0.0,LOW
1286373631,1,0,1,0,0,0.0,0,0,0.0,0.0,0,0,0,0.0,LOW
1287905718,1,0,0,1,0,0.0,0,0,0.0,0.0,0,0,0,0.0,LOW
1287971767,1,0,1,0,0,0.0,0,0,0.0,0.0,0,0,0,0.0,LOW
1289511882,1,0,0,1,0,0.0,0,0,0.0,0.0,0,0,0,0.0,LOW
1290944366,1,0,0,1,0,0.0,0,0,0.0,0.0,0,0,0,0.0,LOW
1291426807,1,0,1,0,0,0.0,0,0,0.0,0.0,0,0,0,0.0,LOW
1291498322,1,0,1,0,0,0.0,0,0,0.0,0.0,0,0,0,0.0,LOW
1291831410,1,0,0,1,0,0.0,0,0,0.0,0.0,0,0,0,0.0,LOW
1293259359,1,0,1,0,0,0.0,0,0,0.0,0.0,0,0,0,0.0,LOW
1294230576,1,0,0,1,0,0.0,0,0,0.0,0.0,0,0,0,0.0,LOW
1295011757,1,1,0,0,0,0.0,0,0,0.0,0.0,0,0,0,0.0,LOW
1295104958,1,1,0,0,0,0.0,0,0,0.0,0.0,0,0,0,0.0,LOW
1295265662,1,0,1,0,0,0.0,0,0,0.0,0.0,0,0,0,0.0,LOW
1296200657,1,0,1,0,0,0.0,0,0,0.0,0.0,0,0,0,0.0,LOW
1296366768,1,0,1,0,0,0.0,0,0,0.0,0.0,0,0,0,0.0,LOW
1296707947,1,0,1,0,0,0.0,0,0,0.0,0.0,0,0,0,0.0,LOW
1297025281,1,0,0,1,0,0.0,0,0,0.0,0.0,0,0,0,0.0,LOW
1297413822,1,0,1,0,0,0.0,0,0,0.0,0.0,0,0,0,0.0,LOW
1298168950,1,0,1,0,0,0.0,0,0,0.0,0.0,0,0,0,0.0,LOW
1298197946,1,0,0,1,0,0.0,0,0,0.0,0.0,0,0,0,0.0,LOW
1299027179,1,0,1,0,0,0.0,0,0,0.0,0.0,0,0,0,0.0,LOW
1299277678,1,0,1,0,0,0.0,0,0,0.0,0.0,0,0,0,0.0,LOW
1299325182,1,0,1,0,0,0.0,0,0,0.0,0.0,0,0,0,0.0,LOW
1300190817,1,0,0,1,0,0.0,0,0,0.0,0.0,0,0,0,0.0,LOW
1300321895,1,0,1,0,0,0.0,0,0,0.0,0.0,0,0,0,0.0,LOW
1300452618,1,0,1,0,0,0.0,0,0,0.0,0.0,0,0,0,0.0,LOW
1300678929,1,0,1,0,0,0.0,0,0,0.0,0.0,0,0,0,0.0,LOW
1301022378,1,0,0,1,0,0.0,0,0,0.0,0.0,0,0,0,0.0,LOW
1302813807,1,0,1,0,0,0.0,0,0,0.0,0.0,0,0,0,0.0,LOW
1304809065,1,0,0,1,0,0.0,0,0,0.0,0.0,0,0,0,0.0,LOW
1305140462,1,0,0,1,0,0.0,0,0,0.0,0.0,0,0,0,0.0,LOW
1305581285,1,0,1,0,0,0.0,0,0,0.0,0.0,0,0,0,0.0,LOW
1306048632,1,1,0,0,0,0.0,0,0,0.0,0.0,0,0,0,0.0,LOW
1306724195,1,0,1,0,0,0.0,0,0,0.0,0.0,0,0,0,0.0,LOW
1306800602,1,1,0,0,0,0.0,0,0,0.0,0.0,0,0,0,0.0,LOW
1306832845,1,1,0,0,0,0.0,0,0,0.0,0.0,0,0,0,0.0,LOW
1308384167,1,0,1,0,0,0.0,0,0,0.0,0.0,0,0,0,0.0,LOW
1308620659,1,0,1,0,0,0.0,0,0,0.0,0.0,0,0,0,0.0,LOW
1310902882,1,0,0,1,0,0.0,0,0,0.0,0.0,0,0,0,0.0,LOW
1310924671,1,0,1,0,0,0.0,0,0,0.0,0.0,0,0,0,0.0,LOW
1311571124,1,0,0,1,0,0.0,0,0,0.0,0.0,0,0,0,0.0,LOW
1311804429,1,0,0,1,0,0.0,0,0,0.0,0.0,0,0,0,0.0,LOW
1312544528,1,0,1,0,0,0.0,0,0,0.0,0.0,0,0,0,0.0,LOW
1313298179,1,0,1,0,0,0.0,0,0,0.0,0.0,0,0,0,0.0,LOW
1314259501,1,0,1,0,0,0.0,0,0,0.0,0.0,0,0,0,0.0,LOW
1314637009,1,0,0,1,0,0.0,0,0,0.0,0.0,0,0,0,0.0,LOW
1314826737,1,0,0,1,0,0.0,0,0,0.0,0.0,0,0,0,0.0,LOW
1315492749,1,0,1,0,0,0.0,0,0,0.0,0.0,0,0,0,0.0,LOW
1316230872,1,0,0,1,0,0.0,0,0,0.0,0.0,0,0,0,0.0,LOW
1316299493,1,0,0,1,0,0.0,0,0,0.0,0.0,0,0,0,0.0,LOW
1316573405,1,1,0,0,0,0.0,0,0,0.0,0.0,0,0,0,0.0,LOW
1317710654,1,0,0,1,0,0.0,0,0,0.0,0.0,0,0,0,0.0,LOW
1318554734,1,0,1,0,0,0.0,0,0,0.0,0.0,0,0,0,0.0,LOW
1319218010,1,0,1,0,0,0.0,0,0,0.0,0.0,0,0,0,0.0,LOW
1319286121,1,0,1,0,0,0.0,0,0,0.0,0.0,0,0,0,0.0,LOW
1320792056,1,0,1,0,0,0.0,0,0,0.0,0.0,0,0,0,0.0,LOW
1321028573,1,0,0,1,0,0.0,0,0,0.0,0.0,0,0,0,0.0,LOW
1322174716,1,0,0,1,0,0.0,0,0,0.0,0.0,0,0,0,0.0,LOW
1323355277,1,0,0,1,0,0.0,0,0,0.0,0.0,0,0,0,0.0,LOW
1323486808,1,0,1,0,0,0.0,0,0,0.0,0.0,0,0,0,0.0,LOW
1323641391,1,0,0,1,0,0.0,0,0,0.0,0.0,0,0,0,0.0,LOW
1324150824,1,0,1,0,0,0.0,0,0,0.0,0.0,0,0,0,0.0,LOW
1325167600,1,0,1,0,0,0.0,0,0,0.0,0.0,0,0,0,0.0,LOW
1325249781,1,0,0,1,0,0.0,0,0,0.0,0.0,0,0,0,0.0,LOW
1325261422,1,0,1,0,0,0.0,0,0,0.0,0.0,0,0,0,0.0,LOW
1325566543,1,0,1,0,0,0.0,0,0,0.0,0.0,0,0,0,0.0,LOW
1325885131,1,0,1,0,0,0.0,0,0,0.0,0.0,0,0,0,0.0,LOW
1326532225,1,0,1,0,0,0.0,0,0,0.0,0.0,0,0,0,0.0,LOW
1326703430,1,1,0,0,0,0.0,0,0,0.0,0.0,0,0,0,0.0,LOW
1326704115,1,0,0,1,0,0.0,0,0,0.0,0.0,0,0,0,0.0,LOW
1326763804,1,0,1,0,0,0.0,0,0,0.0,0.0,0,0,0,0.0,LOW
1327135660,1,0,1,0,0,0.0,0,0,0.0,0.0,0,0,0,0.0,LOW
1327431577,1,0,1,0,0,0.0,0,0,0.0,0.0,0,0,0,0.0,LOW
1328751408,1,0,1,0,0,0.0,0,0,0.0,0.0,0,0,0,0.0,LOW
1329595404,1,0,0,1,0,0.0,0,0,0.0,0.0,0,0,0,0.0,LOW
1330254548,1,0,0,1,0,0.0,0,0,0.0,0.0,0,0,0,0.0,LOW
1330365249,1,0,0,1,0,0.0,0,0,0.0,0.0,0,0,0,0.0,LOW
1331179910,1,0,1,0,0,0.0,0,0,0.0,0.0,0,0,0,0.0,LOW
1331272942,1,0,0,1,0,0.0,0,0,0.0,0.0,0,0,0,0.0,LOW
1331931951,1,0,0,1,0,0.0,0,0,0.0,0.0,0,0,0,0.0,LOW
1332857443,1,0,1,0,0,0.0,0,0,0.0,0.0,0,0,0,0.0,LOW
1333587432,1,0,0,1,0,0.0,0,0,0.0,0.0,0,0,0,0.0,LOW
1333857459,1,0,1,0,0,0.0,0,0,0.0,0.0,0,0,0,0.0,LOW
1334422065,1,0,1,0,0,0.0,0,0,0.0,0.0,0,0,0,0.0,LOW
1334662912,1,0,0,1,0,0.0,0,0,0.0,0.0,0,0,0,0.0,LOW
1335101836,1,0,1,0,0,0.0,0,0,0.0,0.0,0,0,0,0.0,LOW
1335195884,1,0,0,1,0,0.0,0,0,0.0,0.0,0,0,0,0.0,LOW
1335324978,1,0,1,0,0,0.0,0,0,0.0,0.0,0,0,0,0.0,LOW
1335339039,1,0,1,0,0,0.0,0,0,0.0,0.0,0,0,0,0.0,LOW
1336188413,1,0,0,1,0,0.0,0,0,0.0,0.0,0,0,0,0.0,LOW
1336677426,1,1,0,0,0,0.0,0,0,0.0,0.0,0,0,0,0.0,LOW
1337041205,1,0,0,1,0,0.0,0,0,0.0,0.0,0,0,0,0.0,LOW
1337323468,1,0,0,1,0,0.0,0,0,0.0,0.0,0,0,0,0.0,LOW
1337406191,1,0,1,0,0,0.0,0,0,0.0,0.0,0,0,0,0.0,LOW
1337724082,1,0,1,0,0,0.0,0,0,0.0,0.0,0,0,0,0.0,LOW
1337947461,1,0,1,0,0,0.0,0,0,0.0,0.0,0,0,0,0.0,LOW
1337969309,1,0,0,1,0,0.0,0,0,0.0,0.0,0,0,0,0.0,LOW
1338025566,1,0,1,0,0,0.0,0,0,0.0,0.0,0,0,0,0.0,LOW
1338623869,1,0,1,0,0,0.0,0,0,0.0,0.0,0,0,0,0.0,LOW
1339407397,1,0,1,0,0,0.0,0,0,0.0,0.0,0,0,0,0.0,LOW
1340689113,1,0,0,1,0,0.0,0,0,0.0,0.0,0,0,0,0.0,LOW
1341975046,1,0,0,1,0,0.0,0,0,0.0,0.0,0,0,0,0.0,LOW
1342441932,1,0,1,0,0,0.0,0,0,0.0,0.0,0,0,0,0.0,LOW
1343523638,1,0,0,1,0,0.0,0,0,0.0,0.0,0,0,0,0.0,LOW
1343672959,1,0,1,0,0,0.0,0,0,0.0,0.0,0,0,0,0.0,LOW
1344230434,1,0,1,0,0,0.0,0,0,0.0,0.0,0,0,0,0.0,LOW
1344668382,1,0,1,0,0,0.0,0,0,0.0,0.0,0,0,0,0.0,LOW
1345541037,1,0,0,1,0,0.0,0,0,0.0,0.0,0,0,0,0.0,LOW
1345746278,1,0,0,1,0,0.0,0,0,0.0,0.0,0,0,0,0.0,LOW
1345976960,1,0,0,1,0,0.0,0,0,0.0,0.0,0,0,0,0.0,LOW
1346240470,1,1,0,0,0,0.0,0,0,0.0,0.0,0,0,0,0.0,LOW
1347081036,1,0,1,0,0,0.0,0,0,0.0,0.0,0,0,0,0.0,LOW
1347624659,1,0,1,0,0,0.0,0,0,0.0,0.0,0,0,0,0.0,LOW
1348792416,1,0,1,0,0,0.0,0,0,0.0,0.0,0,0,0,0.0,LOW
1349083890,1,0,0,1,0,0.0,0,0,0.0,0.0,0,0,0,0.0,LOW
1349859255,1,0,1,0,0,0.0,0,0,0.0,0.0,0,0,0,0.0,LOW
1350478056,1,0,0,1,0,0.0,0,0,0.0,0.0,0,0,0,0.0,LOW
1350542255,1,0,1,0,0,0.0,0,0,0.0,0.0,0,0,0,0.0,LOW
1351607427,1,0,0,1,0,0.0,0,0,0.0,0.0,0,0,0,0.0,LOW
1352032817,1,0,1,0,0,0.0,0,0,0.0,0.0,0,0,0,0.0,LOW
1352180814,1,0,0,1,0,0.0,0,0,0.0,0.0,0,0,0,0.0,LOW
1352713312,1,0,0,1,0,0.0,0,0,0.0,0.0,0,0,0,0.0,LOW
1352813868,1,0,1,0,0,0.0,0,0,0.0,0.0,0,0,0,0.0,LOW
1353201757,1,0,1,0,0,0.0,0,0,0.0,0.0,0,0,0,0.0,LOW
1354267037,1,0,1,0,0,0.0,0,0,0.0,0.0,0,0,0,0.0,LOW
1355512652,1,0,0,1,0,0.0,0,0,0.0,0.0,0,0,0,0.0,LOW
1355560442,1,0,0,1,0,0.0,0,0,0.0,0.0,0,0,0,0.0,LOW
1356640201,1,0,0,1,0,0.0,0,0,0.0,0.0,0,0,0,0.0,LOW
1357036537,1,0,1,0,0,0.0,0,0,0.0,0.0,0,0,0,0.0,LOW
1358090744,1,0,1,0,0,0.0,0,0,0.0,0.0,0,0,0,0.0,LOW
1359015500,1,0,0,1,0,0.0,0,0,0.0,0.0,0,0,0,0.0,LOW
1359397074,1,0,0,1,0,0.0,0,0,0.0,0.0,0,0,0,0.0,LOW
1360153305,1,0,0,1,0,0.0,0,0,0.0,0.0,0,0,0,0.0,LOW
1360222851,1,0,1,0,0,0.0,0,0,0.0,0.0,0,0,0,0.0,LOW
1361217878,1,0,0,1,0,0.0,0,0,0.0,0.0,0,0,0,0.0,LOW
1361692539,1,0,0,1,0,0.0,0,0,0.0,0.0,0,0,0,0.0,LOW
1362378463,1,0,0,1,0,0.0,0,0,0.0,0.0,0,0,0,0.0,LOW
1362452944,1,0,0,1,0,0.0,0,0,0.0,0.0,0,0,0,0.0,LOW
1362708908,1,0,1,0,0,0.0,0,0,0.0,0.0,0,0,0,0.0,LOW
1363144206,1,0,1,0,0,0.0,0,0,0.0,0.0,0,0,0,0.0,LOW
1363957437,1,0,0,1,0,0.0,0,0,0.0,0.0,0,0,0,0.0,LOW
1365870019,1,0,1,0,0,0.0,0,0,0.0,0.0,0,0,0,0.0,LOW
1366465866,1,1,0,0,0,0.0,0,0,0.0,0.0,0,0,0,0.0,LOW
1366818270,3,3,0,0,0,0.0,0,0,0.0,0.0,0,0,0,0.0,LOW
1367194602,1,0,1,0,0,0.0,0,0,0.0,0.0,0,0,0,0.0,LOW
1367389034,1,0,0,1,0,0.0,0,0,0.0,0.0,0,0,0,0.0,LOW
1368356540,1,0,0,1,0,0.0,0,0,0.0,0.0,0,0,0,0.0,LOW
1369096762,1,0,0,1,0,0.0,0,0,0.0,0.0,0,0,0,0.0,LOW
1369950654,1,0,1,0,0,0.0,0,0,0.0,0.0,0,0,0,0.0,LOW
1369998022,1,0,1,0,0,0.0,0,0,0.0,0.0,0,0,0,0.0,LOW
1370700043,1,0,0,1,0,0.0,0,0,0.0,0.0,0,0,0,0.0,LOW
1370709567,1,0,0,1,0,0.0,0,0,0.0,0.0,0,0,0,0.0,LOW
1370875520,1,0,1,0,0,0.0,0,0,0.0,0.0,0,0,0,0.0,LOW
1371861970,1,0,1,0,0,0.0,0,0,0.0,0.0,0,0,0,0.0,LOW
1372124258,1,0,1,0,0,0.0,0,0,0.0,0.0,0,0,0,0.0,LOW
1373536570,1,0,1,0,0,0.0,0,0,0.0,0.0,0,0,0,0.0,LOW
1373550476,1,0,1,0,0,0.0,0,0,0.0,0.0,0,0,0,0.0,LOW
1374293138,1,0,1,0,0,0.0,0,0,0.0,0.0,0,0,0,0.0,LOW
1374958003,1,0,1,0,0,0.0,0,0,0.0,0.0,0,0,0,0.0,LOW
1375393536,1,0,0,1,0,0.0,0,0,0.0,0.0,0,0,0,0.0,LOW
1376492553,1,0,0,1,0,0.0,0,0,0.0,0.0,0,0,0,0.0,LOW
1376588871,1,1,0,0,0,0.0,0,0,0.0,0.0,0,0,0,0.0,LOW
1376662262,1,1,0,0,0,0.0,0,0,0.0,0.0,0,0,0,0.0,LOW
1377544964,1,0,1,0,0,0.0,0,0,0.0,0.0,0,0,0,0.0,LOW
1377835065,1,0,1,0,0,0.0,0,0,0.0,0.0,0,0,0,0.0,LOW
1377843683,1,0,0,1,0,0.0,0,0,0.0,0.0,0,0,0,0.0,LOW
1377902061,1,0,1,0,0,0.0,0,0,0.0,0.0,0,0,0,0.0,LOW
1379385518,1,0,0,1,0,0.0,0,0,0.0,0.0,0,0,0,0.0,LOW
1380199096,1,0,1,0,0,0.0,0,0,0.0,0.0,0,0,0,0.0,LOW
1380441045,1,0,1,0,0,0.0,0,0,0.0,0.0,0,0,0,0.0,LOW
1380443506,1,0,1,0,0,0.0,0,0,0.0,0.0,0,0,0,0.0,LOW
1380596989,1,0,1,0,0,0.0,0,0,0.0,0.0,0,0,0,0.0,LOW
1380687949,1,0,0,1,0,0.0,0,0,0.0,0.0,0,0,0,0.0,LOW
1380758743,1,0,1,0,0,0.0,0,0,0.0,0.0,0,0,0,0.0,LOW
1381442711,1,0,1,0,0,0.0,0,0,0.0,0.0,0,0,0,0.0,LOW
1382194541,1,0,1,0,0,0.0,0,0,0.0,0.0,0,0,0,0.0,LOW
1383146136,1,0,1,0,0,0.0,0,0,0.0,0.0,0,0,0,0.0,LOW
1383530587,1,0,1,0,0,0.0,0,0,0.0,0.0,0,0,0,0.0,LOW
1383613965,1,0,0,1,0,0.0,0,0,0.0,0.0,0,0,0,0.0,LOW
1384544993,1,0,1,0,0,0.0,0,0,0.0,0.0,0,0,0,0.0,LOW
1384851537,1,0,1,0,0,0.0,0,0,0.0,0.0,0,0,0,0.0,LOW
1385646751,1,0,0,1,0,0.0,0,0,0.0,0.0,0,0,0,0.0,LOW
1385774293,1,0,0,1,0,0.0,0,0,0.0,0.0,0,0,0,0.0,LOW
1385890027,1,0,0,1,0,0.0,0,0,0.0,0.0,0,0,0,0.0,LOW
1386112172,1,0,1,0,0,0.0,0,0,0.0,0.0,0,0,0,0.0,LOW
1387589664,1,0,0,1,0,0.0,0,0,0.0,0.0,0,0,0,0.0,LOW
1387774917,1,0,1,0,0,0.0,0,0,0.0,0.0,0,0,0,0.0,LOW
1387992204,1,0,0,1,0,0.0,0,0,0.0,0.0,0,0,0,0.0,LOW
1388040535,1,0,0,1,0,0.0,0,0,0.0,0.0,0,0,0,0.0,LOW
1388052254,1,0,0,1,0,0.0,0,0,0.0,0.0,0,0,0,0.0,LOW
1388080786,1,0,1,0,0,0.0,0,0,0.0,0.0,0,0,0,0.0,LOW
1388134269,1,0,0,1,0,0.0,0,0,0.0,0.0,0,0,0,0.0,LOW
1389001471,1,0,1,0,0,0.0,0,0,0.0,0.0,0,0,0,0.0,LOW
1389875720,1,0,1,0,0,0.0,0,0,0.0,0.0,0,0,0,0.0,LOW
1391190925,1,0,0,1,0,0.0,0,0,0.0,0.0,0,0,0,0.0,LOW
1391322365,1,0,1,0,0,0.0,0,0,0.0,0.0,0,0,0,0.0,LOW
1391521726,1,0,1,0,0,0.0,0,0,0.0,0.0,0,0,0,0.0,LOW
1391543311,1,0,1,0,0,0.0,0,0,0.0,0.0,0,0,0,0.0,LOW
1391554132,1,0,1,0,0,0.0,0,0,0.0,0.0,0,0,0,0.0,LOW
1391588517,1,0,1,0,0,0.0,0,0,0.0,0.0,0,0,0,0.0,LOW
1392648227,1,0,1,0,0,0.0,0,0,0.0,0.0,0,0,0,0.0,LOW
1393099429,1,0,0,1,0,0.0,0,0,0.0,0.0,0,0,0,0.0,LOW
1393338057,1,0,0,1,0,0.0,0,0,0.0,0.0,0,0,0,0.0,LOW
1393365096,1,0,0,1,0,0.0,0,0,0.0,0.0,0,0,0,0.0,LOW
1393389299,1,0,0,1,0,0.0,0,0,0.0,0.0,0,0,0,0.0,LOW
1394166084,1,0,1,0,0,0.0,0,0,0.0,0.0,0,0,0,0.0,LOW
1394839687,1,0,1,0,0,0.0,0,0,0.0,0.0,0,0,0,0.0,LOW
1394895033,1,0,1,0,0,0.0,0,0,0.0,0.0,0,0,0,0.0,LOW
1395242026,1,0,1,0,0,0.0,0,0,0.0,0.0,0,0,0,0.0,LOW
1395423625,1,0,0,1,0,0.0,0,0,0.0,0.0,0,0,0,0.0,LOW
1395842523,1,0,0,1,0,0.0,0,0,0.0,0.0,0,0,0,0.0,LOW
1396108213,1,1,0,0,0,0.0,0,0,0.0,0.0,0,0,0,0.0,LOW
1396267068,1,1,0,0,0,0.0,0,0,0.0,0.0,0,0,0,0.0,LOW
1396546237,1,0,0,1,0,0.0,0,0,0.0,0.0,0,0,0,0.0,LOW
1396654436,1,0,1,0,0,0.0,0,0,0.0,0.0,0,0,0,0.0,LOW
1397126253,1,0,0,1,0,0.0,0,0,0.0,0.0,0,0,0,0.0,LOW
1397311824,1,0,1,0,0,0.0,0,0,0.0,0.0,0,0,0,0.0,LOW
1397466900,1,0,0,1,0,0.0,0,0,0.0,0.0,0,0,0,0.0,LOW
1398081605,1,0,1,0,0,0.0,0,0,0.0,0.0,0,0,0,0.0,LOW
1401496942,1,0,1,0,0,0.0,0,0,0.0,0.0,0,0,0,0.0,LOW
1402067919,1,0,0,1,0,0.0,0,0,0.0,0.0,0,0,0,0.0,LOW
1402538974,1,0,1,0,0,0.0,0,0,0.0,0.0,0,0,0,0.0,LOW
1403364824,1,0,1,0,0,0.0,0,0,0.0,0.0,0,0,0,0.0,LOW
1403968108,1,0,1,0,0,0.0,0,0,0.0,0.0,0,0,0,0.0,LOW
1404270888,1,0,1,0,0,0.0,0,0,0.0,0.0,0,0,0,0.0,LOW
1404660087,1,0,0,1,0,0.0,0,0,0.0,0.0,0,0,0,0.0,LOW
1405151744,1,0,0,1,0,0.0,0,0,0.0,0.0,0,0,0,0.0,LOW
1405588928,1,0,1,0,0,0.0,0,0,0.0,0.0,0,0,0,0.0,LOW
1405615480,1,0,1,0,0,0.0,0,0,0.0,0.0,0,0,0,0.0,LOW
1405901233,1,0,1,0,0,0.0,0,0,0.0,0.0,0,0,0,0.0,LOW
1405970042,1,0,1,0,0,0.0,0,0,0.0,0.0,0,0,0,0.0,LOW
1406259471,1,0,1,0,0,0.0,0,0,0.0,0.0,0,0,0,0.0,LOW
1406292784,1,0,0,1,0,0.0,0,0,0.0,0.0,0,0,0,0.0,LOW
1406371146,1,0,1,0,0,0.0,0,0,0.0,0.0,0,0,0,0.0,LOW
1407171721,2,2,0,0,0,0.0,0,0,0.0,0.0,0,0,0,0.0,LOW
1407332984,1,1,0,0,0,0.0,0,0,0.0,0.0,0,0,0,0.0,LOW
1407389590,1,0,1,0,0,0.0,0,0,0.0,0.0,0,0,0,0.0,LOW
1407415157,1,0,1,0,0,0.0,0,0,0.0,0.0,0,0,0,0.0,LOW
1407766857,1,0,1,0,0,0.0,0,0,0.0,0.0,0,0,0,0.0,LOW
1407900343,3,3,0,0,0,0.0,0,0,0.0,0.0,0,0,0,0.0,LOW
1409746484,1,0,1,0,0,0.0,0,0,0.0,0.0,0,0,0,0.0,LOW
1412466376,1,0,1,0,0,0.0,0,0,0.0,0.0,0,0,0,0.0,LOW
1412976091,1,0,1,0,0,0.0,0,0,0.0,0.0,0,0,0,0.0,LOW
1413360392,1,0,0,1,0,0.0,0,0,0.0,0.0,0,0,0,0.0,LOW
1415045050,1,0,0,1,0,0.0,0,0,0.0,0.0,0,0,0,0.0,LOW
1415359560,1,0,0,1,0,0.0,0,0,0.0,0.0,0,0,0,0.0,LOW
1415978779,1,0,0,1,0,0.0,0,0,0.0,0.0,0,0,0,0.0,LOW
1416694133,1,0,0,1,0,0.0,0,0,0.0,0.0,0,0,0,0.0,LOW
1417005919,1,1,0,0,0,0.0,0,0,0.0,0.0,0,0,0,0.0,LOW
1417011487,1,1,0,0,0,0.0,0,0,0.0,0.0,0,0,0,0.0,LOW
1417068545,1,1,0,0,0,0.0,0,0,0.0,0.0,0,0,0,0.0,LOW
1417262556,1,0,0,1,0,0.0,0,0,0.0,0.0,0,0,0,0.0,LOW
1418550458,1,0,0,1,0,0.0,0,0,0.0,0.0,0,0,0,0.0,LOW
1418846529,1,0,1,0,0,0.0,0,0,0.0,0.0,0,0,0,0.0,LOW
1419696810,1,0,1,0,0,0.0,0,0,0.0,0.0,0,0,0,0.0,LOW
1419995557,1,0,0,1,0,0.0,0,0,0.0,0.0,0,0,0,0.0,LOW
1421025763,1,0,0,1,0,0.0,0,0,0.0,0.0,0,0,0,0.0,LOW
1421158511,1,0,1,0,0,0.0,0,0,0.0,0.0,0,0,0,0.0,LOW
1421559735,1,0,0,1,0,0.0,0,0,0.0,0.0,0,0,0,0.0,LOW
1422367647,1,0,0,1,0,0.0,0,0,0.0,0.0,0,0,0,0.0,LOW
1423928934,1,0,0,1,0,0.0,0,0,0.0,0.0,0,0,0,0.0,LOW
1424629502,1,0,1,0,0,0.0,0,0,0.0,0.0,0,0,0,0.0,LOW
1425149391,1,0,1,0,0,0.0,0,0,0.0,0.0,0,0,0,0.0,LOW
1425595045,1,0,1,0,0,0.0,0,0,0.0,0.0,0,0,0,0.0,LOW
1426024081,1,0,1,0,0,0.0,0,0,0.0,0.0,0,0,0,0.0,LOW
1426109356,1,0,1,0,0,0.0,0,0,0.0,0.0,0,0,0,0.0,LOW
1426934684,1,0,0,1,0,0.0,0,0,0.0,0.0,0,0,0,0.0,LOW
1427924341,1,0,0,1,0,0.0,0,0,0.0,0.0,0,0,0,0.0,LOW
1428291404,1,0,1,0,0,0.0,0,0,0.0,0.0,0,0,0,0.0,LOW
1428368094,1,0,0,1,0,0.0,0,0,0.0,0.0,0,0,0,0.0,LOW
1428620548,1,0,1,0,0,0.0,0,0,0.0,0.0,0,0,0,0.0,LOW
1429054019,1,0,1,0,0,0.0,0,0,0.0,0.0,0,0,0,0.0,LOW
1429558687,1,0,1,0,0,0.0,0,0,0.0,0.0,0,0,0,0.0,LOW
1429930409,1,0,1,0,0,0.0,0,0,0.0,0.0,0,0,0,0.0,LOW
1430929079,1,0,1,0,0,0.0,0,0,0.0,0.0,0,0,0,0.0,LOW
1431851703,1,0,1,0,0,0.0,0,0,0.0,0.0,0,0,0,0.0,LOW
1432058435,1,0,0,1,0,0.0,0,0,0.0,0.0,0,0,0,0.0,LOW
1432124366,1,0,1,0,0,0.0,0,0,0.0,0.0,0,0,0,0.0,LOW
1432488161,1,0,0,1,0,0.0,0,0,0.0,0.0,0,0,0,0.0,LOW
1433996387,1,0,1,0,0,0.0,0,0,0.0,0.0,0,0,0,0.0,LOW
1434080362,1,0,1,0,0,0.0,0,0,0.0,0.0,0,0,0,0.0,LOW
1434435321,1,0,0,1,0,0.0,0,0,0.0,0.0,0,0,0,0.0,LOW
1434685032,1,0,1,0,0,0.0,0,0,0.0,0.0,0,0,0,0.0,LOW
1436303421,1,0,0,1,0,0.0,0,0,0.0,0.0,0,0,0,0.0,LOW
1437624260,1,0,1,0,0,0.0,0,0,0.0,0.0,0,0,0,0.0,LOW
1437708237,1,1,0,0,0,0.0,0,0,0.0,0.0,0,0,0,0.0,LOW
1437785351,1,0,1,0,0,0.0,0,0,0.0,0.0,0,0,0,0.0,LOW
1438204819,1,0,0,1,0,0.0,0,0,0.0,0.0,0,0,0,0.0,LOW
1438453584,1,0,0,1,0,0.0,0,0,0.0,0.0,0,0,0,0.0,LOW
1438523584,1,0,0,1,0,0.0,0,0,0.0,0.0,0,0,0,0.0,LOW
1438549212,1,0,0,1,0,0.0,0,0,0.0,0.0,0,0,0,0.0,LOW
1439099540,1,0,1,0,0,0.0,0,0,0.0,0.0,0,0,0,0.0,LOW
1440263765,1,0,1,0,0,0.0,0,0,0.0,0.0,0,0,0,0.0,LOW
1441312601,1,0,1,0,0,0.0,0,0,0.0,0.0,0,0,0,0.0,LOW
1442894613,1,0,0,1,0,0.0,0,0,0.0,0.0,0,0,0,0.0,LOW
1442997402,1,0,1,0,0,0.0,0,0,0.0,0.0,0,0,0,0.0,LOW
1443304913,1,0,0,1,0,0.0,0,0,0.0,0.0,0,0,0,0.0,LOW
1444632752,1,0,1,0,0,0.0,0,0,0.0,0.0,0,0,0,0.0,LOW
1446820808,1,0,0,1,0,0.0,0,0,0.0,0.0,0,0,0,0.0,LOW
1447079851,1,0,1,0,0,0.0,0,0,0.0,0.0,0,0,0,0.0,LOW
1447318902,1,0,1,0,0,0.0,0,0,0.0,0.0,0,0,0,0.0,LOW
1447747110,1,0,0,1,0,0.0,0,0,0.0,0.0,0,0,0,0.0,LOW
1448160089,1,0,0,1,0,0.0,0,0,0.0,0.0,0,0,0,0.0,LOW
1448288337,1,0,1,0,0,0.0,0,0,0.0,0.0,0,0,0,0.0,LOW
1448326456,1,0,1,0,0,0.0,0,0,0.0,0.0,0,0,0,0.0,LOW
1448959630,1,0,1,0,0,0.0,0,0,0.0,0.0,0,0,0,0.0,LOW
1448973170,1,0,1,0,0,0.0,0,0,0.0,0.0,0,0,0,0.0,LOW
1449076179,1,0,1,0,0,0.0,0,0,0.0,0.0,0,0,0,0.0,LOW
1449120010,1,0,1,0,0,0.0,0,0,0.0,0.0,0,0,0,0.0,LOW
1449797340,1,0,1,0,0,0.0,0,0,0.0,0.0,0,0,0,0.0,LOW
1449941133,1,0,0,1,0,0.0,0,0,0.0,0.0,0,0,0,0.0,LOW
1451414155,1,0,0,1,0,0.0,0,0,0.0,0.0,0,0,0,0.0,LOW
1452086166,1,0,0,1,0,0.0,0,0,0.0,0.0,0,0,0,0.0,LOW
1452730054,1,0,0,1,0,0.0,0,0,0.0,0.0,0,0,0,0.0,LOW
1452823735,1,0,1,0,0,0.0,0,0,0.0,0.0,0,0,0,0.0,LOW
1454097237,1,0,1,0,0,0.0,0,0,0.0,0.0,0,0,0,0.0,LOW
1454159292,1,0,0,1,0,0.0,0,0,0.0,0.0,0,0,0,0.0,LOW
1454180287,1,0,1,0,0,0.0,0,0,0.0,0.0,0,0,0,0.0,LOW
1454701486,1,0,1,0,0,0.0,0,0,0.0,0.0,0,0,0,0.0,LOW
1455060735,1,0,0,1,0,0.0,0,0,0.0,0.0,0,0,0,0.0,LOW
1455071527,1,0,1,0,0,0.0,0,0,0.0,0.0,0,0,0,0.0,LOW
1455516926,1,0,1,0,0,0.0,0,0,0.0,0.0,0,0,0,0.0,LOW
1455799486,1,0,0,1,0,0.0,0,0,0.0,0.0,0,0,0,0.0,LOW
1457134940,1,0,0,1,0,0.0,0,0,0.0,0.0,0,0,0,0.0,LOW
1457330744,1,0,0,1,0,0.0,0,0,0.0,0.0,0,0,0,0.0,LOW
1458049478,1,0,1,0,0,0.0,0,0,0.0,0.0,0,0,0,0.0,LOW
1459072360,1,0,0,1,0,0.0,0,0,0.0,0.0,0,0,0,0.0,LOW
1459168436,1,0,0,1,0,0.0,0,0,0.0,0.0,0,0,0,0.0,LOW
1461474642,1,0,0,1,0,0.0,0,0,0.0,0.0,0,0,0,0.0,LOW
1461523380,1,0,1,0,0,0.0,0,0,0.0,0.0,0,0,0,0.0,LOW
1461952929,1,0,1,0,0,0.0,0,0,0.0,0.0,0,0,0,0.0,LOW
1462487021,1,0,1,0,0,0.0,0,0,0.0,0.0,0,0,0,0.0,LOW
1463341526,1,0,1,0,0,0.0,0,0,0.0,0.0,0,0,0,0.0,LOW
1463494107,1,0,0,1,0,0.0,0,0,0.0,0.0,0,0,0,0.0,LOW
1463674817,1,0,0,1,0,0.0,0,0,0.0,0.0,0,0,0,0.0,LOW
1464489764,1,0,1,0,0,0.0,0,0,0.0,0.0,0,0,0,0.0,LOW
1465069278,1,0,0,1,0,0.0,0,0,0.0,0.0,0,0,0,0.0,LOW
1466508505,1,0,0,1,0,0.0,0,0,0.0,0.0,0,0,0,0.0,LOW
1467118601,1,0,1,0,0,0.0,0,0,0.0,0.0,0,0,0,0.0,LOW
1467642942,2,2,0,0,0,0.0,0,0,0.0,0.0,0,0,0,0.0,LOW
1467800426,1,0,0,1,0,0.0,0,0,0.0,0.0,0,0,0,0.0,LOW
1467934061,1,0,0,1,0,0.0,0,0,0.0,0.0,0,0,0,0.0,LOW
1467947101,1,1,0,0,0,0.0,0,0,0.0,0.0,0,0,0,0.0,LOW
1468031887,1,0,0,1,0,0.0,0,0,0.0,0.0,0,0,0,0.0,LOW
1469084398,1,0,1,0,0,0.0,0,0,0.0,0.0,0,0,0,0.0,LOW
1469954794,1,0,1,0,0,0.0,0,0,0.0,0.0,0,0,0,0.0,LOW
1470401394,1,0,0,1,0,0.0,0,0,0.0,0.0,0,0,0,0.0,LOW
1470502121,1,0,0,1,0,0.0,0,0,0.0,0.0,0,0,0,0.0,LOW
1470827742,1,0,1,0,0,0.0,0,0,0.0,0.0,0,0,0,0.0,LOW
1471060628,1,0,0,1,0,0.0,0,0,0.0,0.0,0,0,0,0.0,LOW
1471518879,1,0,1,0,0,0.0,0,0,0.0,0.0,0,0,0,0.0,LOW
1471568674,1,0,1,0,0,0.0,0,0,0.0,0.0,0,0,0,0.0,LOW
1472041142,1,0,0,1,0,0.0,0,0,0.0,0.0,0,0,0,0.0,LOW
1472465949,1,0,1,0,0,0.0,0,0,0.0,0.0,0,0,0,0.0,LOW
1472492405,1,0,0,1,0,0.0,0,0,0.0,0.0,0,0,0,0.0,LOW
1472503549,1,0,0,1,0,0.0,0,0,0.0,0.0,0,0,0,0.0,LOW
1473926947,1,0,0,1,0,0.0,0,0,0.0,0.0,0,0,0,0.0,LOW
1474928349,1,0,1,0,0,0.0,0,0,0.0,0.0,0,0,0,0.0,LOW
1476792698,1,0,1,0,0,0.0,0,0,0.0,0.0,0,0,0,0.0,LOW
1477015348,1,0,0,1,0,0.0,0,0,0.0,0.0,0,0,0,0.0,LOW
1477292121,1,0,0,1,0,0.0,0,0,0.0,0.0,0,0,0,0.0,LOW
1477549731,1,1,0,0,0,0.0,0,0,0.0,0.0,0,0,0,0.0,LOW
1478358364,1,0,0,1,0,0.0,0,0,0.0,0.0,0,0,0,0.0,LOW
1478593987,1,0,1,0,0,0.0,0,0,0.0,0.0,0,0,0,0.0,LOW
1478718145,1,0,1,0,0,0.0,0,0,0.0,0.0,0,0,0,0.0,LOW
1479471146,1,0,1,0,0,0.0,0,0,0.0,0.0,0,0,0,0.0,LOW
1480176236,1,0,1,0,0,0.0,0,0,0.0,0.0,0,0,0,0.0,LOW
1482844719,1,0,1,0,0,0.0,0,0,0.0,0.0,0,0,0,0.0,LOW
1483030141,1,0,1,0,0,0.0,0,0,0.0,0.0,0,0,0,0.0,LOW
1484728324,1,0,0,1,0,0.0,0,0,0.0,0.0,0,0,0,0.0,LOW
1484989633,1,0,1,0,0,0.0,0,0,0.0,0.0,0,0,0,0.0,LOW
1485105633,1,0,0,1,0,0.0,0,0,0.0,0.0,0,0,0,0.0,LOW
1487048847,1,0,0,1,0,0.0,0,0,0.0,0.0,0,0,0,0.0,LOW
1487869467,1,1,0,0,0,0.0,0,0,0.0,0.0,0,0,0,0.0,LOW
1487898946,2,2,0,0,0,0.0,0,0,0.0,0.0,0,0,0,0.0,LOW
1489983832,1,0,1,0,0,0.0,0,0,0.0,0.0,0,0,0,0.0,LOW
1489986684,1,0,0,1,0,0.0,0,0,0.0,0.0,0,0,0,0.0,LOW
1490579496,1,0,1,0,0,0.0,0,0,0.0,0.0,0,0,0,0.0,LOW
1491251338,1,0,1,0,0,0.0,0,0,0.0,0.0,0,0,0,0.0,LOW
1491453676,1,0,1,0,0,0.0,0,0,0.0,0.0,0,0,0,0.0,LOW
1491961018,1,0,0,1,0,0.0,0,0,0.0,0.0,0,0,0,0.0,LOW
1493097331,1,0,0,1,0,0.0,0,0,0.0,0.0,0,0,0,0.0,LOW
1493260887,1,0,1,0,0,0.0,0,0,0.0,0.0,0,0,0,0.0,LOW
1494236674,1,0,0,1,0,0.0,0,0,0.0,0.0,0,0,0,0.0,LOW
1495018829,1,0,1,0,0,0.0,0,0,0.0,0.0,0,0,0,0.0,LOW
1495589862,1,0,1,0,0,0.0,0,0,0.0,0.0,0,0,0,0.0,LOW
1496279341,1,0,1,0,0,0.0,0,0,0.0,0.0,0,0,0,0.0,LOW
1496546372,1,0,1,0,0,0.0,0,0,0.0,0.0,0,0,0,0.0,LOW
1497071161,1,1,0,0,0,0.0,0,0,0.0,0.0,0,0,0,0.0,LOW
1497764526,1,1,0,0,0,0.0,0,0,0.0,0.0,0,0,0,0.0,LOW
1497955678,1,1,0,0,0,0.0,0,0,0.0,0.0,0,0,0,0.0,LOW
1498039179,1,0,1,0,0,0.0,0,0,0.0,0.0,0,0,0,0.0,LOW
1498218388,1,0,1,0,0,0.0,0,0,0.0,0.0,0,0,0,0.0,LOW
1498287264,1,0,0,1,0,0.0,0,0,0.0,0.0,0,0,0,0.0,LOW
1499745622,1,0,1,0,0,0.0,0,0,0.0,0.0,0,0,0,0.0,LOW
1501087325,1,0,0,1,0,0.0,0,0,0.0,0.0,0,0,0,0.0,LOW
1501184955,1,0,0,1,0,0.0,0,0,0.0,0.0,0,0,0,0.0,LOW
1502377124,1,0,1,0,0,0.0,0,0,0.0,0.0,0,0,0,0.0,LOW
1503170232,1,0,1,0,0,0.0,0,0,0.0,0.0,0,0,0,0.0,LOW
1503207219,1,0,1,0,0,0.0,0,0,0.0,0.0,0,0,0,0.0,LOW
1505687611,1,0,1,0,0,0.0,0,0,0.0,0.0,0,0,0,0.0,LOW
1505840217,1,0,0,1,0,0.0,0,0,0.0,0.0,0,0,0,0.0,LOW
1506017098,1,0,0,1,0,0.0,0,0,0.0,0.0,0,0,0,0.0,LOW
1506370000,1,0,1,0,0,0.0,0,0,0.0,0.0,0,0,0,0.0,LOW
1507455186,1,0,0,1,0,0.0,0,0,0.0,0.0,0,0,0,0.0,LOW
1507503173,1,0,0,1,0,0.0,0,0,0.0,0.0,0,0,0,0.0,LOW
1507740096,1,0,0,1,0,0.0,0,0,0.0,0.0,0,0,0,0.0,LOW
1507855960,1,0,1,0,0,0.0,0,0,0.0,0.0,0,0,0,0.0,LOW
1507864695,1,0,1,0,0,0.0,0,0,0.0,0.0,0,0,0,0.0,LOW
1508892129,1,0,0,1,0,0.0,0,0,0.0,0.0,0,0,0,0.0,LOW
1511593927,1,0,1,0,0,0.0,0,0,0.0,0.0,0,0,0,0.0,LOW
1513312938,1,0,1,0,0,0.0,0,0,0.0,0.0,0,0,0,0.0,LOW
1513541595,1,0,1,0,0,0.0,0,0,0.0,0.0,0,0,0,0.0,LOW
1513916200,1,0,0,1,0,0.0,0,0,0.0,0.0,0,0,0,0.0,LOW
1514159913,1,0,0,1,0,0.0,0,0,0.0,0.0,0,0,0,0.0,LOW
1514452548,1,0,0,1,0,0.0,0,0,0.0,0.0,0,0,0,0.0,LOW
1514846080,1,0,1,0,0,0.0,0,0,0.0,0.0,0,0,0,0.0,LOW
1515573251,1,0,0,1,0,0.0,0,0,0.0,0.0,0,0,0,0.0,LOW
1516605033,1,0,1,0,0,0.0,0,0,0.0,0.0,0,0,0,0.0,LOW
1516887768,1,0,1,0,0,0.0,0,0,0.0,0.0,0,0,0,0.0,LOW
1516915831,1,0,1,0,0,0.0,0,0,0.0,0.0,0,0,0,0.0,LOW
1517306399,1,0,1,0,0,0.0,0,0,0.0,0.0,0,0,0,0.0,LOW
1517890067,1,0,1,0,0,0.0,0,0,0.0,0.0,0,0,0,0.0,LOW
1517942181,1,0,0,1,0,0.0,0,0,0.0,0.0,0,0,0,0.0,LOW
1518384213,1,1,0,0,0,0.0,0,0,0.0,0.0,0,0,0,0.0,LOW
1518698873,1,0,1,0,0,0.0,0,0,0.0,0.0,0,0,0,0.0,LOW
1520269791,1,0,1,0,0,0.0,0,0,0.0,0.0,0,0,0,0.0,LOW
1520449051,1,0,0,1,0,0.0,0,0,0.0,0.0,0,0,0,0.0,LOW
1520766556,1,0,0,1,0,0.0,0,0,0.0,0.0,0,0,0,0.0,LOW
1521719710,1,0,1,0,0,0.0,0,0,0.0,0.0,0,0,0,0.0,LOW
1521780822,1,0,0,1,0,0.0,0,0,0.0,0.0,0,0,0,0.0,LOW
1522575663,1,0,1,0,0,0.0,0,0,0.0,0.0,0,0,0,0.0,LOW
1522891883,1,0,0,1,0,0.0,0,0,0.0,0.0,0,0,0,0.0,LOW
1523174329,1,0,0,1,0,0.0,0,0,0.0,0.0,0,0,0,0.0,LOW
1525480739,1,0,1,0,0,0.0,0,0,0.0,0.0,0,0,0,0.0,LOW
1526359590,1,0,1,0,0,0.0,0,0,0.0,0.0,0,0,0,0.0,LOW
1527299968,1,0,1,0,0,0.0,0,0,0.0,0.0,0,0,0,0.0,LOW
1527800324,1,0,1,0,0,0.0,0,0,0.0,0.0,0,0,0,0.0,LOW
1528390507,1,1,0,0,0,0.0,0,0,0.0,0.0,0,0,0,0.0,LOW
1529365059,1,0,0,1,0,0.0,0,0,0.0,0.0,0,0,0,0.0,LOW
1531489157,1,0,0,1,0,0.0,0,0,0.0,0.0,0,0,0,0.0,LOW
1532059329,1,0,0,1,0,0.0,0,0,0.0,0.0,0,0,0,0.0,LOW
1532833159,1,0,0,1,0,0.0,0,0,0.0,0.0,0,0,0,0.0,LOW
1533350300,1,0,1,0,0,0.0,0,0,0.0,0.0,0,0,0,0.0,LOW
1533636329,1,0,1,0,0,0.0,0,0,0.0,0.0,0,0,0,0.0,LOW
1533787268,1,0,0,1,0,0.0,0,0,0.0,0.0,0,0,0,0.0,LOW
1534760074,1,0,1,0,0,0.0,0,0,0.0,0.0,0,0,0,0.0,LOW
1535029300,1,0,1,0,0,0.0,0,0,0.0,0.0,0,0,0,0.0,LOW
1535174498,1,0,1,0,0,0.0,0,0,0.0,0.0,0,0,0,0.0,LOW
1535732221,1,0,1,0,0,0.0,0,0,0.0,0.0,0,0,0,0.0,LOW
1535847900,1,0,1,0,0,0.0,0,0,0.0,0.0,0,0,0,0.0,LOW
1536374037,1,0,0,1,0,0.0,0,0,0.0,0.0,0,0,0,0.0,LOW
1537054015,1,0,0,1,0,0.0,0,0,0.0,0.0,0,0,0,0.0,LOW
1537358413,1,0,0,1,0,0.0,0,0,0.0,0.0,0,0,0,0.0,LOW
1537358674,1,0,1,0,0,0.0,0,0,0.0,0.0,0,0,0,0.0,LOW
1538209077,2,2,0,0,0,0.0,0,0,0.0,0.0,0,0,0,0.0,LOW
1538390284,1,0,0,1,0,0.0,0,0,0.0,0.0,0,0,0,0.0,LOW
1538645613,1,0,1,0,0,0.0,0,0,0.0,0.0,0,0,0,0.0,LOW
1540163453,1,0,0,1,0,0.0,0,0,0.0,0.0,0,0,0,0.0,LOW
1540604554,1,0,1,0,0,0.0,0,0,0.0,0.0,0,0,0,0.0,LOW
1541163314,1,0,0,1,0,0.0,0,0,0.0,0.0,0,0,0,0.0,LOW
1542420866,1,0,1,0,0,0.0,0,0,0.0,0.0,0,0,0,0.0,LOW
1543386155,1,0,0,1,0,0.0,0,0,0.0,0.0,0,0,0,0.0,LOW
1543606850,1,0,1,0,0,0.0,0,0,0.0,0.0,0,0,0,0.0,LOW
1543616264,1,0,1,0,0,0.0,0,0,0.0,0.0,0,0,0,0.0,LOW
1544126721,1,0,0,1,0,0.0,0,0,0.0,0.0,0,0,0,0.0,LOW
1546480583,1,0,0,1,0,0.0,0,0,0.0,0.0,0,0,0,0.0,LOW
1546622513,1,0,1,0,0,0.0,0,0,0.0,0.0,0,0,0,0.0,LOW
1546780453,1,0,0,1,0,0.0,0,0,0.0,0.0,0,0,0,0.0,LOW
1547734002,1,0,0,1,0,0.0,0,0,0.0,0.0,0,0,0,0.0,LOW
1547958794,1,0,0,1,0,0.0,0,0,0.0,0.0,0,0,0,0.0,LOW
1548306343,1,1,0,0,0,0.0,0,0,0.0,0.0,0,0,0,0.0,LOW
1548381317,1,0,0,1,0,0.0,0,0,0.0,0.0,0,0,0,0.0,LOW
1548398316,1,0,1,0,0,0.0,0,0,0.0,0.0,0,0,0,0.0,LOW
1548558009,1,0,1,0,0,0.0,0,0,0.0,0.0,0,0,0,0.0,LOW
1549379120,1,0,1,0,0,0.0,0,0,0.0,0.0,0,0,0,0.0,LOW
1549553246,1,0,1,0,0,0.0,0,0,0.0,0.0,0,0,0,0.0,LOW
1549575538,1,0,1,0,0,0.0,0,0,0.0,0.0,0,0,0,0.0,LOW
1549687650,1,0,1,0,0,0.0,0,0,0.0,0.0,0,0,0,0.0,LOW
1550167296,1,0,0,1,0,0.0,0,0,0.0,0.0,0,0,0,0.0,LOW
1550642323,1,0,0,1,0,0.0,0,0,0.0,0.0,0,0,0,0.0,LOW
1550946351,1,0,1,0,0,0.0,0,0,0.0,0.0,0,0,0,0.0,LOW
1551355445,1,0,1,0,0,0.0,0,0,0.0,0.0,0,0,0,0.0,LOW
1552182763,1,0,0,1,0,0.0,0,0,0.0,0.0,0,0,0,0.0,LOW
1554625245,1,0,0,1,0,0.0,0,0,0.0,0.0,0,0,0,0.0,LOW
1554985812,1,0,0,1,0,0.0,0,0,0.0,0.0,0,0,0,0.0,LOW
1555593560,1,0,0,1,0,0.0,0,0,0.0,0.0,0,0,0,0.0,LOW
1556032392,1,0,0,1,0,0.0,0,0,0.0,0.0,0,0,0,0.0,LOW
1556369970,1,0,1,0,0,0.0,0,0,0.0,0.0,0,0,0,0.0,LOW
1557565511,1,0,0,1,0,0.0,0,0,0.0,0.0,0,0,0,0.0,LOW
1557795361,1,0,0,1,0,0.0,0,0,0.0,0.0,0,0,0,0.0,LOW
1557957678,1,0,0,1,0,0.0,0,0,0.0,0.0,0,0,0,0.0,LOW
1558310052,1,1,0,0,0,0.0,0,0,0.0,0.0,0,0,0,0.0,LOW
1558943305,1,0,1,0,0,0.0,0,0,0.0,0.0,0,0,0,0.0,LOW
1560201507,1,0,1,0,0,0.0,0,0,0.0,0.0,0,0,0,0.0,LOW
1560804810,1,0,1,0,0,0.0,0,0,0.0,0.0,0,0,0,0.0,LOW
1561407655,1,0,1,0,0,0.0,0,0,0.0,0.0,0,0,0,0.0,LOW
1562127536,1,0,0,1,0,0.0,0,0,0.0,0.0,0,0,0,0.0,LOW
1562758478,1,0,1,0,0,0.0,0,0,0.0,0.0,0,0,0,0.0,LOW
1563719015,1,0,1,0,0,0.0,0,0,0.0,0.0,0,0,0,0.0,LOW
1564052361,1,0,1,0,0,0.0,0,0,0.0,0.0,0,0,0,0.0,LOW
1567053184,1,0,1,0,0,0.0,0,0,0.0,0.0,0,0,0,0.0,LOW
1567151182,1,0,0,1,0,0.0,0,0,0.0,0.0,0,0,0,0.0,LOW
1567329586,1,0,1,0,0,0.0,0,0,0.0,0.0,0,0,0,0.0,LOW
1567448685,1,0,1,0,0,0.0,0,0,0.0,0.0,0,0,0,0.0,LOW
1568404838,1,1,0,0,0,0.0,0,0,0.0,0.0,0,0,0,0.0,LOW
1568606051,1,1,0,0,0,0.0,0,0,0.0,0.0,0,0,0,0.0,LOW
1569206867,1,0,1,0,0,0.0,0,0,0.0,0.0,0,0,0,0.0,LOW
1569340481,1,0,0,1,0,0.0,0,0,0.0,0.0,0,0,0,0.0,LOW
1570252487,1,0,1,0,0,0.0,0,0,0.0,0.0,0,0,0,0.0,LOW
1570928874,1,0,1,0,0,0.0,0,0,0.0,0.0,0,0,0,0.0,LOW
1571161190,1,0,1,0,0,0.0,0,0,0.0,0.0,0,0,0,0.0,LOW
1571162944,1,0,1,0,0,0.0,0,0,0.0,0.0,0,0,0,0.0,LOW
1571387808,1,0,1,0,0,0.0,0,0,0.0,0.0,0,0,0,0.0,LOW
1572163449,1,0,0,1,0,0.0,0,0,0.0,0.0,0,0,0,0.0,LOW
1572850903,1,0,0,1,0,0.0,0,0,0.0,0.0,0,0,0,0.0,LOW
1573526015,1,0,1,0,0,0.0,0,0,0.0,0.0,0,0,0,0.0,LOW
1573553285,1,0,1,0,0,0.0,0,0,0.0,0.0,0,0,0,0.0,LOW
1574069502,1,0,1,0,0,0.0,0,0,0.0,0.0,0,0,0,0.0,LOW
1575416817,1,0,1,0,0,0.0,0,0,0.0,0.0,0,0,0,0.0,LOW
1576838031,1,0,1,0,0,0.0,0,0,0.0,0.0,0,0,0,0.0,LOW
1577516361,1,0,1,0,0,0.0,0,0,0.0,0.0,0,0,0,0.0,LOW
1577635119,1,0,0,1,0,0.0,0,0,0.0,0.0,0,0,0,0.0,LOW
1578160330,1,0,0,1,0,0.0,0,0,0.0,0.0,0,0,0,0.0,LOW
1578539979,1,1,0,0,0,0.0,0,0,0.0,0.0,0,0,0,0.0,LOW
1578821005,1,1,0,0,0,0.0,0,0,0.0,0.0,0,0,0,0.0,LOW
1579883596,1,0,1,0,0,0.0,0,0,0.0,0.0,0,0,0,0.0,LOW
1580142299,1,0,1,0,0,0.0,0,0,0.0,0.0,0,0,0,0.0,LOW
1580246493,1,0,1,0,0,0.0,0,0,0.0,0.0,0,0,0,0.0,LOW
1581053236,1,0,1,0,0,0.0,0,0,0.0,0.0,0,0,0,0.0,LOW
1581252474,1,0,1,0,0,0.0,0,0,0.0,0.0,0,0,0,0.0,LOW
1581483238,1,0,1,0,0,0.0,0,0,0.0,0.0,0,0,0,0.0,LOW
1583008695,1,0,0,1,0,0.0,0,0,0.0,0.0,0,0,0,0.0,LOW
1583253209,1,0,1,0,0,0.0,0,0,0.0,0.0,0,0,0,0.0,LOW
1583991955,1,0,0,1,0,0.0,0,0,0.0,0.0,0,0,0,0.0,LOW
1584043413,1,0,1,0,0,0.0,0,0,0.0,0.0,0,0,0,0.0,LOW
1584062463,1,0,0,1,0,0.0,0,0,0.0,0.0,0,0,0,0.0,LOW
1584952942,1,0,0,1,0,0.0,0,0,0.0,0.0,0,0,0,0.0,LOW
1585019545,1,0,1,0,0,0.0,0,0,0.0,0.0,0,0,0,0.0,LOW
1585025443,1,0,0,1,0,0.0,0,0,0.0,0.0,0,0,0,0.0,LOW
1585644929,1,0,0,1,0,0.0,0,0,0.0,0.0,0,0,0,0.0,LOW
1586533847,1,0,0,1,0,0.0,0,0,0.0,0.0,0,0,0,0.0,LOW
1586586712,1,0,1,0,0,0.0,0,0,0.0,0.0,0,0,0,0.0,LOW
1586936188,1,0,1,0,0,0.0,0,0,0.0,0.0,0,0,0,0.0,LOW
1588315003,1,0,1,0,0,0.0,0,0,0.0,0.0,0,0,0,0.0,LOW
1588422737,1,0,1,0,0,0.0,0,0,0.0,0.0,0,0,0,0.0,LOW
1588635973,1,1,0,0,0,0.0,0,0,0.0,0.0,0,0,0,0.0,LOW
1588732747,1,1,0,0,0,0.0,0,0,0.0,0.0,0,0,0,0.0,LOW
1589770563,1,0,1,0,0,0.0,0,0,0.0,0.0,0,0,0,0.0,LOW
1591685190,1,0,0,1,0,0.0,0,0,0.0,0.0,0,0,0,0.0,LOW
1591801845,1,0,1,0,0,0.0,0,0,0.0,0.0,0,0,0,0.0,LOW
1592431521,1,0,1,0,0,0.0,0,0,0.0,0.0,0,0,0,0.0,LOW
1592500137,1,0,0,1,0,0.0,0,0,0.0,0.0,0,0,0,0.0,LOW
1593172264,1,0,1,0,0,0.0,0,0,0.0,0.0,0,0,0,0.0,LOW
1593569306,1,0,1,0,0,0.0,0,0,0.0,0.0,0,0,0,0.0,LOW
1594367619,1,0,0,1,0,0.0,0,0,0.0,0.0,0,0,0,0.0,LOW
1594518301,1,0,1,0,0,0.0,0,0,0.0,0.0,0,0,0,0.0,LOW
1594692421,1,0,1,0,0,0.0,0,0,0.0,0.0,0,0,0,0.0,LOW
1595009638,1,0,0,1,0,0.0,0,0,0.0,0.0,0,0,0,0.0,LOW
1595849001,1,0,1,0,0,0.0,0,0,0.0,0.0,0,0,0,0.0,LOW
1596526302,1,0,1,0,0,0.0,0,0,0.0,0.0,0,0,0,0.0,LOW
1596875630,1,0,1,0,0,0.0,0,0,0.0,0.0,0,0,0,0.0,LOW
1597486952,1,0,1,0,0,0.0,0,0,0.0,0.0,0,0,0,0.0,LOW
1597550489,1,0,1,0,0,0.0,0,0,0.0,0.0,0,0,0,0.0,LOW
1597854564,1,0,1,0,0,0.0,0,0,0.0,0.0,0,0,0,0.0,LOW
1598160358,1,0,1,0,0,0.0,0,0,0.0,0.0,0,0,0,0.0,LOW
1598788218,2,2,0,0,0,0.0,0,0,0.0,0.0,0,0,0,0.0,LOW
1599260795,1,0,0,1,0,0.0,0,0,0.0,0.0,0,0,0,0.0,LOW
1599454311,1,0,1,0,0,0.0,0,0,0.0,0.0,0,0,0,0.0,LOW
1600105055,1,0,0,1,0,0.0,0,0,0.0,0.0,0,0,0,0.0,LOW
1601019159,1,0,1,0,0,0.0,0,0,0.0,0.0,0,0,0,0.0,LOW
1602422506,1,0,0,1,0,0.0,0,0,0.0,0.0,0,0,0,0.0,LOW
1603044636,1,0,0,1,0,0.0,0,0,0.0,0.0,0,0,0,0.0,LOW
1604111636,1,0,0,1,0,0.0,0,0,0.0,0.0,0,0,0,0.0,LOW
1604242096,1,0,0,1,0,0.0,0,0,0.0,0.0,0,0,0,0.0,LOW
1604626516,1,0,1,0,0,0.0,0,0,0.0,0.0,0,0,0,0.0,LOW
1604821152,1,0,1,0,0,0.0,0,0,0.0,0.0,0,0,0,0.0,LOW
1605150626,1,0,0,1,0,0.0,0,0,0.0,0.0,0,0,0,0.0,LOW
1605891676,1,0,0,1,0,0.0,0,0,0.0,0.0,0,0,0,0.0,LOW
1606885981,1,0,1,0,0,0.0,0,0,0.0,0.0,0,0,0,0.0,LOW
1607995727,1,0,1,0,0,0.0,0,0,0.0,0.0,0,0,0,0.0,LOW
1608450349,1,0,1,0,0,0.0,0,0,0.0,0.0,0,0,0,0.0,LOW
1609164391,1,0,1,0,0,0.0,0,0,0.0,0.0,0,0,0,0.0,LOW
1609289883,1,1,0,0,0,0.0,0,0,0.0,0.0,0,0,0,0.0,LOW
1609374842,1,1,0,0,0,0.0,0,0,0.0,0.0,0,0,0,0.0,LOW
1609814219,1,1,0,0,0,0.0,0,0,0.0,0.0,0,0,0,0.0,LOW
1609842152,1,1,0,0,0,0.0,0,0,0.0,0.0,0,0,0,0.0,LOW
1609906565,1,0,0,1,0,0.0,0,0,0.0,0.0,0,0,0,0.0,LOW
1610563835,1,0,0,1,0,0.0,0,0,0.0,0.0,0,0,0,0.0,LOW
1611755164,1,0,0,1,0,0.0,0,0,0.0,0.0,0,0,0,0.0,LOW
1613564427,1,0,1,0,0,0.0,0,0,0.0,0.0,0,0,0,0.0,LOW
1614025059,1,0,0,1,0,0.0,0,0,0.0,0.0,0,0,0,0.0,LOW
1614796331,1,0,1,0,0,0.0,0,0,0.0,0.0,0,0,0,0.0,LOW
1615152776,1,0,1,0,0,0.0,0,0,0.0,0.0,0,0,0,0.0,LOW
1615223895,1,0,1,0,0,0.0,0,0,0.0,0.0,0,0,0,0.0,LOW
1615807229,1,0,1,0,0,0.0,0,0,0.0,0.0,0,0,0,0.0,LOW
1618050586,1,0,1,0,0,0.0,0,0,0.0,0.0,0,0,0,0.0,LOW
1618888455,1,0,1,0,0,0.0,0,0,0.0,0.0,0,0,0,0.0,LOW
1618894425,1,0,1,0,0,0.0,0,0,0.0,0.0,0,0,0,0.0,LOW
1619656936,1,0,0,1,0,0.0,0,0,0.0,0.0,0,0,0,0.0,LOW
1620387209,1,0,0,1,0,0.0,0,0,0.0,0.0,0,0,0,0.0,LOW
1621969593,1,0,1,0,0,0.0,0,0,0.0,0.0,0,0,0,0.0,LOW
1622325181,1,0,0,1,0,0.0,0,0,0.0,0.0,0,0,0,0.0,LOW
1623213680,1,0,1,0,0,0.0,0,0,0.0,0.0,0,0,0,0.0,LOW
1623431707,1,0,0,1,0,0.0,0,0,0.0,0.0,0,0,0,0.0,LOW
1623592866,1,0,1,0,0,0.0,0,0,0.0,0.0,0,0,0,0.0,LOW
1625118402,1,0,1,0,0,0.0,0,0,0.0,0.0,0,0,0,0.0,LOW
1625451633,1,0,0,1,0,0.0,0,0,0.0,0.0,0,0,0,0.0,LOW
1625526943,1,0,1,0,0,0.0,0,0,0.0,0.0,0,0,0,0.0,LOW
1625965784,1,0,0,1,0,0.0,0,0,0.0,0.0,0,0,0,0.0,LOW
1626346659,1,0,1,0,0,0.0,0,0,0.0,0.0,0,0,0,0.0,LOW
1626548284,1,0,1,0,0,0.0,0,0,0.0,0.0,0,0,0,0.0,LOW
1627105800,1,0,1,0,0,0.0,0,0,0.0,0.0,0,0,0,0.0,LOW
1627578658,1,0,1,0,0,0.0,0,0,0.0,0.0,0,0,0,0.0,LOW
1628127655,1,0,0,1,0,0.0,0,0,0.0,0.0,0,0,0,0.0,LOW
1628181464,1,0,0,1,0,0.0,0,0,0.0,0.0,0,0,0,0.0,LOW
1628336216,1,0,1,0,0,0.0,0,0,0.0,0.0,0,0,0,0.0,LOW
1628583953,1,0,1,0,0,0.0,0,0,0.0,0.0,0,0,0,0.0,LOW
1629077235,1,1,0,0,0,0.0,0,0,0.0,0.0,0,0,0,0.0,LOW
1630783173,1,0,0,1,0,0.0,0,0,0.0,0.0,0,0,0,0.0,LOW
1631036802,1,0,1,0,0,0.0,0,0,0.0,0.0,0,0,0,0.0,LOW
1631211592,1,0,1,0,0,0.0,0,0,0.0,0.0,0,0,0,0.0,LOW
1631766597,1,0,1,0,0,0.0,0,0,0.0,0.0,0,0,0,0.0,LOW
1631851004,1,0,0,1,0,0.0,0,0,0.0,0.0,0,0,0,0.0,LOW
1631910132,1,0,0,1,0,0.0,0,0,0.0,0.0,0,0,0,0.0,LOW
1632720472,1,0,0,1,0,0.0,0,0,0.0,0.0,0,0,0,0.0,LOW
1633672168,1,0,1,0,0,0.0,0,0,0.0,0.0,0,0,0,0.0,LOW
1633866115,1,0,0,1,0,0.0,0,0,0.0,0.0,0,0,0,0.0,LOW
1634011208,1,0,1,0,0,0.0,0,0,0.0,0.0,0,0,0,0.0,LOW
1634072519,1,0,1,0,0,0.0,0,0,0.0,0.0,0,0,0,0.0,LOW
1634592640,1,0,1,0,0,0.0,0,0,0.0,0.0,0,0,0,0.0,LOW
1635126913,1,0,0,1,0,0.0,0,0,0.0,0.0,0,0,0,0.0,LOW
1635920607,1,0,0,1,0,0.0,0,0,0.0,0.0,0,0,0,0.0,LOW
1637504199,1,0,0,1,0,0.0,0,0,0.0,0.0,0,0,0,0.0,LOW
1638061051,1,0,1,0,0,0.0,0,0,0.0,0.0,0,0,0,0.0,LOW
1638093270,1,0,1,0,0,0.0,0,0,0.0,0.0,0,0,0,0.0,LOW
1638392952,1,0,1,0,0,0.0,0,0,0.0,0.0,0,0,0,0.0,LOW
1638650708,1,0,1,0,0,0.0,0,0,0.0,0.0,0,0,0,0.0,LOW
1638888044,1,0,0,1,0,0.0,0,0,0.0,0.0,0,0,0,0.0,LOW
1639240393,1,1,0,0,0,0.0,0,0,0.0,0.0,0,0,0,0.0,LOW
1639350480,1,0,0,1,0,0.0,0,0,0.0,0.0,0,0,0,0.0,LOW
1639533763,1,1,0,0,0,0.0,0,0,0.0,0.0,0,0,0,0.0,LOW
1639653709,1,0,0,1,0,0.0,0,0,0.0,0.0,0,0,0,0.0,LOW
1639784603,1,0,0,1,0,0.0,0,0,0.0,0.0,0,0,0,0.0,LOW
1639970932,1,0,0,1,0,0.0,0,0,0.0,0.0,0,0,0,0.0,LOW
1640330737,1,0,1,0,0,0.0,0,0,0.0,0.0,0,0,0,0.0,LOW
1640732798,1,0,0,1,0,0.0,0,0,0.0,0.0,0,0,0,0.0,LOW
1640842964,1,0,0,1,0,0.0,0,0,0.0,0.0,0,0,0,0.0,LOW
1641246423,1,0,1,0,0,0.0,0,0,0.0,0.0,0,0,0,0.0,LOW
1641804672,1,0,0,1,0,0.0,0,0,0.0,0.0,0,0,0,0.0,LOW
1641944891,1,0,0,1,0,0.0,0,0,0.0,0.0,0,0,0,0.0,LOW
1642584236,1,0,1,0,0,0.0,0,0,0.0,0.0,0,0,0,0.0,LOW
1645045028,1,0,1,0,0,0.0,0,0,0.0,0.0,0,0,0,0.0,LOW
1645243292,1,0,1,0,0,0.0,0,0,0.0,0.0,0,0,0,0.0,LOW
1645543142,1,0,0,1,0,0.0,0,0,0.0,0.0,0,0,0,0.0,LOW
1645699327,1,0,0,1,0,0.0,0,0,0.0,0.0,0,0,0,0.0,LOW
1648899914,1,0,1,0,0,0.0,0,0,0.0,0.0,0,0,0,0.0,LOW
1649520644,2,2,0,0,0,0.0,0,0,0.0,0.0,0,0,0,0.0,LOW
1649959640,1,0,1,0,0,0.0,0,0,0.0,0.0,0,0,0,0.0,LOW
1650586756,1,0,1,0,0,0.0,0,0,0.0,0.0,0,0,0,0.0,LOW
1650966521,1,0,0,1,0,0.0,0,0,0.0,0.0,0,0,0,0.0,LOW
1652238001,1,0,1,0,0,0.0,0,0,0.0,0.0,0,0,0,0.0,LOW
1652636895,1,0,0,1,0,0.0,0,0,0.0,0.0,0,0,0,0.0,LOW
1653776747,1,0,0,1,0,0.0,0,0,0.0,0.0,0,0,0,0.0,LOW
1654674249,1,0,1,0,0,0.0,0,0,0.0,0.0,0,0,0,0.0,LOW
1654893854,1,0,0,1,0,0.0,0,0,0.0,0.0,0,0,0,0.0,LOW
1655497699,1,0,1,0,0,0.0,0,0,0.0,0.0,0,0,0,0.0,LOW
1655977898,1,0,0,1,0,0.0,0,0,0.0,0.0,0,0,0,0.0,LOW
1656716394,1,0,0,1,0,0.0,0,0,0.0,0.0,0,0,0,0.0,LOW
1657105636,1,0,0,1,0,0.0,0,0,0.0,0.0,0,0,0,0.0,LOW
1657113020,1,0,0,1,0,0.0,0,0,0.0,0.0,0,0,0,0.0,LOW
1658247390,1,0,0,1,0,0.0,0,0,0.0,0.0,0,0,0,0.0,LOW
1659348506,2,2,0,0,0,0.0,0,0,0.0,0.0,0,0,0,0.0,LOW
1659744167,1,1,0,0,0,0.0,0,0,0.0,0.0,0,0,0,0.0,LOW
1659818623,2,2,0,0,0,0.0,0,0,0.0,0.0,0,0,0,0.0,LOW
1661129896,1,0,1,0,0,0.0,0,0,0.0,0.0,0,0,0,0.0,LOW
1661544257,1,0,1,0,0,0.0,0,0,0.0,0.0,0,0,0,0.0,LOW
1662350014,1,0,1,0,0,0.0,0,0,0.0,0.0,0,0,0,0.0,LOW
1662379058,1,0,1,0,0,0.0,0,0,0.0,0.0,0,0,0,0.0,LOW
1662489325,1,0,1,0,0,0.0,0,0,0.0,0.0,0,0,0,0.0,LOW
1662763170,1,0,1,0,0,0.0,0,0,0.0,0.0,0,0,0,0.0,LOW
1663028551,1,0,0,1,0,0.0,0,0,0.0,0.0,0,0,0,0.0,LOW
1664536923,1,0,0,1,0,0.0,0,0,0.0,0.0,0,0,0,0.0,LOW
1665140744,1,0,0,1,0,0.0,0,0,0.0,0.0,0,0,0,0.0,LOW
1665608955,1,0,1,0,0,0.0,0,0,0.0,0.0,0,0,0,0.0,LOW
1666674568,1,0,0,1,0,0.0,0,0,0.0,0.0,0,0,0,0.0,LOW
1667180642,1,0,1,0,0,0.0,0,0,0.0,0.0,0,0,0,0.0,LOW
1667597436,1,0,0,1,0,0.0,0,0,0.0,0.0,0,0,0,0.0,LOW
1668167715,1,0,1,0,0,0.0,0,0,0.0,0.0,0,0,0,0.0,LOW
1668931759,1,0,0,1,0,0.0,0,0,0.0,0.0,0,0,0,0.0,LOW
1669078879,1,1,0,0,0,0.0,0,0,0.0,0.0,0,0,0,0.0,LOW
1669474425,1,1,0,0,0,0.0,0,0,0.0,0.0,0,0,0,0.0,LOW
1669475166,1,1,0,0,0,0.0,0,0,0.0,0.0,0,0,0,0.0,LOW
1669479929,1,1,0,0,0,0.0,0,0,0.0,0.0,0,0,0,0.0,LOW
1669911764,1,1,0,0,0,0.0,0,0,0.0,0.0,0,0,0,0.0,LOW
1670635817,1,0,0,1,0,0.0,0,0,0.0,0.0,0,0,0,0.0,LOW
1671284216,1,0,1,0,0,0.0,0,0,0.0,0.0,0,0,0,0.0,LOW
1671674660,1,0,0,1,0,0.0,0,0,0.0,0.0,0,0,0,0.0,LOW
1671837212,1,0,0,1,0,0.0,0,0,0.0,0.0,0,0,0,0.0,LOW
1675094882,1,0,1,0,0,0.0,0,0,0.0,0.0,0,0,0,0.0,LOW
1676805417,1,0,1,0,0,0.0,0,0,0.0,0.0,0,0,0,0.0,LOW
1678249996,1,0,0,1,0,0.0,0,0,0.0,0.0,0,0,0,0.0,LOW
1679124010,1,1,0,0,0,0.0,0,0,0.0,0.0,0,0,0,0.0,LOW
1679581532,1,1,0,0,0,0.0,0,0,0.0,0.0,0,0,0,0.0,LOW
1679686992,1,1,0,0,0,0.0,0,0,0.0,0.0,0,0,0,0.0,LOW
1679743949,1,0,1,0,0,0.0,0,0,0.0,0.0,0,0,0,0.0,LOW
1680445725,1,0,1,0,0,0.0,0,0,0.0,0.0,0,0,0,0.0,LOW
1681859003,1,0,0,1,0,0.0,0,0,0.0,0.0,0,0,0,0.0,LOW
1681886270,1,0,0,1,0,0.0,0,0,0.0,0.0,0,0,0,0.0,LOW
1682527380,1,0,1,0,0,0.0,0,0,0.0,0.0,0,0,0,0.0,LOW
1683360630,1,0,1,0,0,0.0,0,0,0.0,0.0,0,0,0,0.0,LOW
1683441939,1,0,1,0,0,0.0,0,0,0.0,0.0,0,0,0,0.0,LOW
1683811406,1,0,1,0,0,0.0,0,0,0.0,0.0,0,0,0,0.0,LOW
1683978129,1,0,1,0,0,0.0,0,0,0.0,0.0,0,0,0,0.0,LOW
1684185570,1,0,1,0,0,0.0,0,0,0.0,0.0,0,0,0,0.0,LOW
1684198791,1,0,1,0,0,0.0,0,0,0.0,0.0,0,0,0,0.0,LOW
1685237081,1,0,1,0,0,0.0,0,0,0.0,0.0,0,0,0,0.0,LOW
1686505547,1,0,1,0,0,0.0,0,0,0.0,0.0,0,0,0,0.0,LOW
1686531837,1,0,1,0,0,0.0,0,0,0.0,0.0,0,0,0,0.0,LOW
1686578863,1,0,1,0,0,0.0,0,0,0.0,0.0,0,0,0,0.0,LOW
1686888117,1,0,1,0,0,0.0,0,0,0.0,0.0,0,0,0,0.0,LOW
1686888140,1,0,1,0,0,0.0,0,0,0.0,0.0,0,0,0,0.0,LOW
1687730020,1,0,0,1,0,0.0,0,0,0.0,0.0,0,0,0,0.0,LOW
1688021657,1,0,0,1,0,0.0,0,0,0.0,0.0,0,0,0,0.0,LOW
1689130338,1,1,0,0,0,0.0,0,0,0.0,0.0,0,0,0,0.0,LOW
1689198863,3,3,0,0,0,0.0,0,0,0.0,0.0,0,0,0,0.0,LOW
1692179727,1,0,0,1,0,0.0,0,0,0.0,0.0,0,0,0,0.0,LOW
1692782863,1,0,0,1,0,0.0,0,0,0.0,0.0,0,0,0,0.0,LOW
1693346637,1,0,1,0,0,0.0,0,0,0.0,0.0,0,0,0,0.0,LOW
1693461912,1,0,1,0,0,0.0,0,0,0.0,0.0,0,0,0,0.0,LOW
1694490928,1,0,0,1,0,0.0,0,0,0.0,0.0,0,0,0,0.0,LOW
1694776442,1,0,1,0,0,0.0,0,0,0.0,0.0,0,0,0,0.0,LOW
1695002592,1,0,1,0,0,0.0,0,0,0.0,0.0,0,0,0,0.0,LOW
1695158998,1,0,0,1,0,0.0,0,0,0.0,0.0,0,0,0,0.0,LOW
1695653965,1,0,0,1,0,0.0,0,0,0.0,0.0,0,0,0,0.0,LOW
1696440940,1,0,1,0,0,0.0,0,0,0.0,0.0,0,0,0,0.0,LOW
1696502044,1,0,1,0,0,0.0,0,0,0.0,0.0,0,0,0,0.0,LOW
1697053663,1,0,1,0,0,0.0,0,0,0.0,0.0,0,0,0,0.0,LOW
1697192554,1,0,0,1,0,0.0,0,0,0.0,0.0,0,0,0,0.0,LOW
1698101444,1,0,0,1,0,0.0,0,0,0.0,0.0,0,0,0,0.0,LOW
1698756494,1,0,0,1,0,0.0,0,0,0.0,0.0,0,0,0,0.0,LOW
1699115600,1,1,0,0,0,0.0,0,0,0.0,0.0,0,0,0,0.0,LOW
1699301136,1,0,0,1,0,0.0,0,0,0.0,0.0,0,0,0,0.0,LOW
1699785089,1,1,0,0,0,0.0,0,0,0.0,0.0,0,0,0,0.0,LOW
1700392438,2,2,0,0,0,0.0,0,0,0.0,0.0,0,0,0,0.0,LOW
1700762079,1,0,0,1,0,0.0,0,0,0.0,0.0,0,0,0,0.0,LOW
1701018493,1,0,1,0,0,0.0,0,0,0.0,0.0,0,0,0,0.0,LOW
1702308694,1,0,0,1,0,0.0,0,0,0.0,0.0,0,0,0,0.0,LOW
1703450668,1,0,1,0,0,0.0,0,0,0.0,0.0,0,0,0,0.0,LOW
1703783466,1,0,1,0,0,0.0,0,0,0.0,0.0,0,0,0,0.0,LOW
1705779134,1,0,1,0,0,0.0,0,0,0.0,0.0,0,0,0,0.0,LOW
1706863388,1,0,1,0,0,0.0,0,0,0.0,0.0,0,0,0,0.0,LOW
1707948594,1,0,0,1,0,0.0,0,0,0.0,0.0,0,0,0,0.0,LOW
1708499843,1,0,1,0,0,0.0,0,0,0.0,0.0,0,0,0,0.0,LOW
1709119116,1,0,1,0,0,0.0,0,0,0.0,0.0,0,0,0,0.0,LOW
1709986502,1,0,0,1,0,0.0,0,0,0.0,0.0,0,0,0,0.0,LOW
1710160098,1,1,0,0,0,0.0,0,0,0.0,0.0,0,0,0,0.0,LOW
1710639595,1,0,1,0,0,0.0,0,0,0.0,0.0,0,0,0,0.0,LOW
1711019122,1,0,0,1,0,0.0,0,0,0.0,0.0,0,0,0,0.0,LOW
1712209410,1,0,1,0,0,0.0,0,0,0.0,0.0,0,0,0,0.0,LOW
1713095729,1,0,0,1,0,0.0,0,0,0.0,0.0,0,0,0,0.0,LOW
1713785382,1,0,1,0,0,0.0,0,0,0.0,0.0,0,0,0,0.0,LOW
1714563507,1,0,1,0,0,0.0,0,0,0.0,0.0,0,0,0,0.0,LOW
1714720504,1,0,1,0,0,0.0,0,0,0.0,0.0,0,0,0,0.0,LOW
1715374006,1,0,1,0,0,0.0,0,0,0.0,0.0,0,0,0,0.0,LOW
1716945424,1,0,1,0,0,0.0,0,0,0.0,0.0,0,0,0,0.0,LOW
1717139921,1,0,1,0,0,0.0,0,0,0.0,0.0,0,0,0,0.0,LOW
1717402853,1,0,1,0,0,0.0,0,0,0.0,0.0,0,0,0,0.0,LOW
1718734988,1,0,0,1,0,0.0,0,0,0.0,0.0,0,0,0,0.0,LOW
1718793044,1,0,1,0,0,0.0,0,0,0.0,0.0,0,0,0,0.0,LOW
1718977529,1,0,0,1,0,0.0,0,0,0.0,0.0,0,0,0,0.0,LOW
1719022058,1,0,1,0,0,0.0,0,0,0.0,0.0,0,0,0,0.0,LOW
1719344492,1,0,1,0,0,0.0,0,0,0.0,0.0,0,0,0,0.0,LOW
1720625322,1,0,1,0,0,0.0,0,0,0.0,0.0,0,0,0,0.0,LOW
1720918893,1,0,0,1,0,0.0,0,0,0.0,0.0,0,0,0,0.0,LOW
1720974466,1,0,1,0,0,0.0,0,0,0.0,0.0,0,0,0,0.0,LOW
1723747992,1,0,1,0,0,0.0,0,0,0.0,0.0,0,0,0,0.0,LOW
1724106533,1,0,1,0,0,0.0,0,0,0.0,0.0,0,0,0,0.0,LOW
1725115448,1,0,0,1,0,0.0,0,0,0.0,0.0,0,0,0,0.0,LOW
1725390788,1,0,1,0,0,0.0,0,0,0.0,0.0,0,0,0,0.0,LOW
1726863250,1,0,1,0,0,0.0,0,0,0.0,0.0,0,0,0,0.0,LOW
1727690159,1,0,0,1,0,0.0,0,0,0.0,0.0,0,0,0,0.0,LOW
1727849657,1,0,0,1,0,0.0,0,0,0.0,0.0,0,0,0,0.0,LOW
1730104217,1,1,0,0,0,0.0,0,0,0.0,0.0,0,0,0,0.0,LOW
1730179847,1,1,0,0,0,0.0,0,0,0.0,0.0,0,0,0,0.0,LOW
1730188865,1,0,0,1,0,0.0,0,0,0.0,0.0,0,0,0,0.0,LOW
1730316579,1,0,1,0,0,0.0,0,0,0.0,0.0,0,0,0,0.0,LOW
1730645631,1,1,0,0,0,0.0,0,0,0.0,0.0,0,0,0,0.0,LOW
1731685401,1,0,1,0,0,0.0,0,0,0.0,0.0,0,0,0,0.0,LOW
1732655317,1,0,0,1,0,0.0,0,0,0.0,0.0,0,0,0,0.0,LOW
1733565459,1,0,0,1,0,0.0,0,0,0.0,0.0,0,0,0,0.0,LOW
1734143684,1,0,0,1,0,0.0,0,0,0.0,0.0,0,0,0,0.0,LOW
1734426361,1,0,1,0,0,0.0,0,0,0.0,0.0,0,0,0,0.0,LOW
1734915835,1,0,1,0,0,0.0,0,0,0.0,0.0,0,0,0,0.0,LOW
1734942574,1,0,1,0,0,0.0,0,0,0.0,0.0,0,0,0,0.0,LOW
1735633548,1,0,1,0,0,0.0,0,0,0.0,0.0,0,0,0,0.0,LOW
1735853015,1,0,0,1,0,0.0,0,0,0.0,0.0,0,0,0,0.0,LOW
1736877541,1,0,0,1,0,0.0,0,0,0.0,0.0,0,0,0,0.0,LOW
1737655685,1,0,0,1,0,0.0,0,0,0.0,0.0,0,0,0,0.0,LOW
1738313877,1,0,1,0,0,0.0,0,0,0.0,0.0,0,0,0,0.0,LOW
1738765315,1,0,0,1,0,0.0,0,0,0.0,0.0,0,0,0,0.0,LOW
1739065536,1,0,1,0,0,0.0,0,0,0.0,0.0,0,0,0,0.0,LOW
1739459540,1,0,0,1,0,0.0,0,0,0.0,0.0,0,0,0,0.0,LOW
1739670843,1,0,1,0,0,0.0,0,0,0.0,0.0,0,0,0,0.0,LOW
1740097363,1,0,0,1,0,0.0,0,0,0.0,0.0,0,0,0,0.0,LOW
1740418501,1,0,1,0,0,0.0,0,0,0.0,0.0,0,0,0,0.0,LOW
1740653922,2,2,0,0,0,0.0,0,0,0.0,0.0,0,0,0,0.0,LOW
1740767757,1,0,0,1,0,0.0,0,0,0.0,0.0,0,0,0,0.0,LOW
1741016735,1,0,0,1,0,0.0,0,0,0.0,0.0,0,0,0,0.0,LOW
1741167562,1,0,1,0,0,0.0,0,0,0.0,0.0,0,0,0,0.0,LOW
1743021372,1,0,0,1,0,0.0,0,0,0.0,0.0,0,0,0,0.0,LOW
1743796983,1,0,1,0,0,0.0,0,0,0.0,0.0,0,0,0,0.0,LOW
1744131442,1,0,0,1,0,0.0,0,0,0.0,0.0,0,0,0,0.0,LOW
1744423878,1,0,0,1,0,0.0,0,0,0.0,0.0,0,0,0,0.0,LOW
1744657409,1,0,1,0,0,0.0,0,0,0.0,0.0,0,0,0,0.0,LOW
1745139534,1,0,0,1,0,0.0,0,0,0.0,0.0,0,0,0,0.0,LOW
1745767042,1,0,0,1,0,0.0,0,0,0.0,0.0,0,0,0,0.0,LOW
1745876651,1,0,1,0,0,0.0,0,0,0.0,0.0,0,0,0,0.0,LOW
1745911772,1,0,0,1,0,0.0,0,0,0.0,0.0,0,0,0,0.0,LOW
1746052798,1,0,1,0,0,0.0,0,0,0.0,0.0,0,0,0,0.0,LOW
1746197988,1,0,1,0,0,0.0,0,0,0.0,0.0,0,0,0,0.0,LOW
1746458999,1,0,1,0,0,0.0,0,0,0.0,0.0,0,0,0,0.0,LOW
1746738910,1,0,1,0,0,0.0,0,0,0.0,0.0,0,0,0,0.0,LOW
1746739369,1,0,1,0,0,0.0,0,0,0.0,0.0,0,0,0,0.0,LOW
1746785973,1,0,1,0,0,0.0,0,0,0.0,0.0,0,0,0,0.0,LOW
1747003145,1,0,1,0,0,0.0,0,0,0.0,0.0,0,0,0,0.0,LOW
1747005905,1,0,0,1,0,0.0,0,0,0.0,0.0,0,0,0,0.0,LOW
1747857638,1,0,0,1,0,0.0,0,0,0.0,0.0,0,0,0,0.0,LOW
1748015567,1,0,0,1,0,0.0,0,0,0.0,0.0,0,0,0,0.0,LOW
1749181150,1,0,0,1,0,0.0,0,0,0.0,0.0,0,0,0,0.0,LOW
1749787867,1,0,1,0,0,0.0,0,0,0.0,0.0,0,0,0,0.0,LOW
1749859514,1,0,1,0,0,0.0,0,0,0.0,0.0,0,0,0,0.0,LOW
1750210252,1,0,1,0,0,0.0,0,0,0.0,0.0,0,0,0,0.0,LOW
1750508651,1,1,0,0,0,0.0,0,0,0.0,0.0,0,0,0,0.0,LOW
1750566386,1,1,0,0,0,0.0,0,0,0.0,0.0,0,0,0,0.0,LOW
1750660726,1,1,0,0,0,0.0,0,0,0.0,0.0,0,0,0,0.0,LOW
1750746285,1,1,0,0,0,0.0,0,0,0.0,0.0,0,0,0,0.0,LOW
1750783556,1,0,1,0,0,0.0,0,0,0.0,0.0,0,0,0,0.0,LOW
1750830600,1,1,0,0,0,0.0,0,0,0.0,0.0,0,0,0,0.0,LOW
1750847650,1,0,1,0,0,0.0,0,0,0.0,0.0,0,0,0,0.0,LOW
1750887972,1,1,0,0,0,0.0,0,0,0.0,0.0,0,0,0,0.0,LOW
1752015086,1,0,1,0,0,0.0,0,0,0.0,0.0,0,0,0,0.0,LOW
1752204800,1,0,1,0,0,0.0,0,0,0.0,0.0,0,0,0,0.0,LOW
1753655371,1,0,0,1,0,0.0,0,0,0.0,0.0,0,0,0,0.0,LOW
1754115733,1,0,0,1,0,0.0,0,0,0.0,0.0,0,0,0,0.0,LOW
1754152598,1,0,1,0,0,0.0,0,0,0.0,0.0,0,0,0,0.0,LOW
1755409979,1,0,1,0,0,0.0,0,0,0.0,0.0,0,0,0,0.0,LOW
1755776663,1,0,0,1,0,0.0,0,0,0.0,0.0,0,0,0,0.0,LOW
1756195765,1,0,1,0,0,0.0,0,0,0.0,0.0,0,0,0,0.0,LOW
1756716371,1,0,0,1,0,0.0,0,0,0.0,0.0,0,0,0,0.0,LOW
1757397794,1,0,1,0,0,0.0,0,0,0.0,0.0,0,0,0,0.0,LOW
1758642961,1,0,0,1,0,0.0,0,0,0.0,0.0,0,0,0,0.0,LOW
1759100793,1,0,1,0,0,0.0,0,0,0.0,0.0,0,0,0,0.0,LOW
1759107796,1,0,1,0,0,0.0,0,0,0.0,0.0,0,0,0,0.0,LOW
1759340475,1,0,0,1,0,0.0,0,0,0.0,0.0,0,0,0,0.0,LOW
1759641270,1,0,1,0,0,0.0,0,0,0.0,0.0,0,0,0,0.0,LOW
1760099055,1,0,1,0,0,0.0,0,0,0.0,0.0,0,0,0,0.0,LOW
1760443469,2,2,0,0,0,0.0,0,0,0.0,0.0,0,0,0,0.0,LOW
1760553576,1,0,1,0,0,0.0,0,0,0.0,0.0,0,0,0,0.0,LOW
1760586325,1,1,0,0,0,0.0,0,0,0.0,0.0,0,0,0,0.0,LOW
1760695770,1,0,1,0,0,0.0,0,0,0.0,0.0,0,0,0,0.0,LOW
1761534761,1,0,0,1,0,0.0,0,0,0.0,0.0,0,0,0,0.0,LOW
1762102169,1,0,1,0,0,0.0,0,0,0.0,0.0,0,0,0,0.0,LOW
1762798640,1,0,0,1,0,0.0,0,0,0.0,0.0,0,0,0,0.0,LOW
1763507150,1,0,1,0,0,0.0,0,0,0.0,0.0,0,0,0,0.0,LOW
1763849070,1,0,1,0,0,0.0,0,0,0.0,0.0,0,0,0,0.0,LOW
1764002206,1,0,1,0,0,0.0,0,0,0.0,0.0,0,0,0,0.0,LOW
1764464189,1,0,0,1,0,0.0,0,0,0.0,0.0,0,0,0,0.0,LOW
1765505171,1,0,0,1,0,0.0,0,0,0.0,0.0,0,0,0,0.0,LOW
1765628669,1,0,0,1,0,0.0,0,0,0.0,0.0,0,0,0,0.0,LOW
1765917292,1,0,0,1,0,0.0,0,0,0.0,0.0,0,0,0,0.0,LOW
1765930688,1,0,0,1,0,0.0,0,0,0.0,0.0,0,0,0,0.0,LOW
1766438964,1,0,0,1,0,0.0,0,0,0.0,0.0,0,0,0,0.0,LOW
1767675128,1,0,0,1,0,0.0,0,0,0.0,0.0,0,0,0,0.0,LOW
1767683254,1,0,1,0,0,0.0,0,0,0.0,0.0,0,0,0,0.0,LOW
1768022903,1,0,0,1,0,0.0,0,0,0.0,0.0,0,0,0,0.0,LOW
1768330466,1,0,0,1,0,0.0,0,0,0.0,0.0,0,0,0,0.0,LOW
1768885063,1,0,0,1,0,0.0,0,0,0.0,0.0,0,0,0,0.0,LOW
1769025222,1,0,1,0,0,0.0,0,0,0.0,0.0,0,0,0,0.0,LOW
1769293828,1,0,0,1,0,0.0,0,0,0.0,0.0,0,0,0,0.0,LOW
1769543545,1,0,0,1,0,0.0,0,0,0.0,0.0,0,0,0,0.0,LOW
1770076544,1,0,1,0,0,0.0,0,0,0.0,0.0,0,0,0,0.0,LOW
1770277499,1,0,1,0,0,0.0,0,0,0.0,0.0,0,0,0,0.0,LOW
1771244934,1,0,1,0,0,0.0,0,0,0.0,0.0,0,0,0,0.0,LOW
1772891562,1,0,1,0,0,0.0,0,0,0.0,0.0,0,0,0,0.0,LOW
1773904570,1,0,1,0,0,0.0,0,0,0.0,0.0,0,0,0,0.0,LOW
1774408306,1,0,0,1,0,0.0,0,0,0.0,0.0,0,0,0,0.0,LOW
1774428030,1,0,0,1,0,0.0,0,0,0.0,0.0,0,0,0,0.0,LOW
1775606052,1,0,1,0,0,0.0,0,0,0.0,0.0,0,0,0,0.0,LOW
1775902898,1,0,1,0,0,0.0,0,0,0.0,0.0,0,0,0,0.0,LOW
1776127562,1,0,1,0,0,0.0,0,0,0.0,0.0,0,0,0,0.0,LOW
1776226900,1,0,0,1,0,0.0,0,0,0.0,0.0,0,0,0,0.0,LOW
1776348138,1,0,0,1,0,0.0,0,0,0.0,0.0,0,0,0,0.0,LOW
1776382727,1,0,1,0,0,0.0,0,0,0.0,0.0,0,0,0,0.0,LOW
1777266946,1,0,1,0,0,0.0,0,0,0.0,0.0,0,0,0,0.0,LOW
1778417515,1,0,1,0,0,0.0,0,0,0.0,0.0,0,0,0,0.0,LOW
1778652699,1,0,1,0,0,0.0,0,0,0.0,0.0,0,0,0,0.0,LOW
1780027025,1,0,1,0,0,0.0,0,0,0.0,0.0,0,0,0,0.0,LOW
1780189504,1,0,1,0,0,0.0,0,0,0.0,0.0,0,0,0,0.0,LOW
1780607754,1,1,0,0,0,0.0,0,0,0.0,0.0,0,0,0,0.0,LOW
1780717579,2,2,0,0,0,0.0,0,0,0.0,0.0,0,0,0,0.0,LOW
1781447005,1,0,1,0,0,0.0,0,0,0.0,0.0,0,0,0,0.0,LOW
1781853319,1,0,1,0,0,0.0,0,0,0.0,0.0,0,0,0,0.0,LOW
1782252720,1,0,1,0,0,0.0,0,0,0.0,0.0,0,0,0,0.0,LOW
1783756790,1,0,1,0,0,0.0,0,0,0.0,0.0,0,0,0,0.0,LOW
1783986076,1,0,1,0,0,0.0,0,0,0.0,0.0,0,0,0,0.0,LOW
1784498122,1,0,0,1,0,0.0,0,0,0.0,0.0,0,0,0,0.0,LOW
1785279217,1,0,1,0,0,0.0,0,0,0.0,0.0,0,0,0,0.0,LOW
1785488753,1,0,0,1,0,0.0,0,0,0.0,0.0,0,0,0,0.0,LOW
1786898220,1,0,1,0,0,0.0,0,0,0.0,0.0,0,0,0,0.0,LOW
1788171623,1,0,0,1,0,0.0,0,0,0.0,0.0,0,0,0,0.0,LOW
1788996086,1,0,0,1,0,0.0,0,0,0.0,0.0,0,0,0,0.0,LOW
1789164001,1,0,1,0,0,0.0,0,0,0.0,0.0,0,0,0,0.0,LOW
1789637255,1,0,0,1,0,0.0,0,0,0.0,0.0,0,0,0,0.0,LOW
1790247476,4,4,0,0,0,0.0,0,0,0.0,0.0,0,0,0,0.0,LOW
1790249837,1,1,0,0,0,0.0,0,0,0.0,0.0,0,0,0,0.0,LOW
1790376424,1,1,0,0,0,0.0,0,0,0.0,0.0,0,0,0,0.0,LOW
1790775229,1,1,0,0,0,0.0,0,0,0.0,0.0,0,0,0,0.0,LOW
1790943507,1,0,1,0,0,0.0,0,0,0.0,0.0,0,0,0,0.0,LOW
1791495421,1,0,1,0,0,0.0,0,0,0.0,0.0,0,0,0,0.0,LOW
1792578374,1,0,0,1,0,0.0,0,0,0.0,0.0,0,0,0,0.0,LOW
1794307197,1,0,1,0,0,0.0,0,0,0.0,0.0,0,0,0,0.0,LOW
1794885339,1,0,1,0,0,0.0,0,0,0.0,0.0,0,0,0,0.0,LOW
1795415947,1,0,1,0,0,0.0,0,0,0.0,0.0,0,0,0,0.0,LOW
1795443196,1,0,0,1,0,0.0,0,0,0.0,0.0,0,0,0,0.0,LOW
1796847624,1,0,0,1,0,0.0,0,0,0.0,0.0,0,0,0,0.0,LOW
1797193162,1,0,1,0,0,0.0,0,0,0.0,0.0,0,0,0,0.0,LOW
1798610365,1,0,0,1,0,0.0,0,0,0.0,0.0,0,0,0,0.0,LOW
1799753356,1,0,1,0,0,0.0,0,0,0.0,0.0,0,0,0,0.0,LOW
1800702184,1,0,1,0,0,0.0,0,0,0.0,0.0,0,0,0,0.0,LOW
1801553302,1,0,1,0,0,0.0,0,0,0.0,0.0,0,0,0,0.0,LOW
1801853979,1,0,1,0,0,0.0,0,0,0.0,0.0,0,0,0,0.0,LOW
1801938657,1,0,0,1,0,0.0,0,0,0.0,0.0,0,0,0,0.0,LOW
1802160976,1,0,0,1,0,0.0,0,0,0.0,0.0,0,0,0,0.0,LOW
1802805593,1,0,0,1,0,0.0,0,0,0.0,0.0,0,0,0,0.0,LOW
1803325815,1,0,0,1,0,0.0,0,0,0.0,0.0,0,0,0,0.0,LOW
1803765526,1,0,0,1,0,0.0,0,0,0.0,0.0,0,0,0,0.0,LOW
1804001535,1,0,0,1,0,0.0,0,0,0.0,0.0,0,0,0,0.0,LOW
1804120416,1,0,0,1,0,0.0,0,0,0.0,0.0,0,0,0,0.0,LOW
1804872298,1,0,1,0,0,0.0,0,0,0.0,0.0,0,0,0,0.0,LOW
1805125682,1,0,0,1,0,0.0,0,0,0.0,0.0,0,0,0,0.0,LOW
1805745494,1,0,1,0,0,0.0,0,0,0.0,0.0,0,0,0,0.0,LOW
1806031490,1,0,0,1,0,0.0,0,0,0.0,0.0,0,0,0,0.0,LOW
1806661578,1,0,0,1,0,0.0,0,0,0.0,0.0,0,0,0,0.0,LOW
1806838143,1,0,1,0,0,0.0,0,0,0.0,0.0,0,0,0,0.0,LOW
1806985428,1,0,1,0,0,0.0,0,0,0.0,0.0,0,0,0,0.0,LOW
1807759808,1,0,1,0,0,0.0,0,0,0.0,0.0,0,0,0,0.0,LOW
1807827526,1,0,1,0,0,0.0,0,0,0.0,0.0,0,0,0,0.0,LOW
1808662767,1,0,1,0,0,0.0,0,0,0.0,0.0,0,0,0,0.0,LOW
1809887091,1,0,0,1,0,0.0,0,0,0.0,0.0,0,0,0,0.0,LOW
1810657183,1,0,0,1,0,0.0,0,0,0.0,0.0,0,0,0,0.0,LOW
1810891009,1,0,0,1,0,0.0,0,0,0.0,0.0,0,0,0,0.0,LOW
1811025333,1,0,0,1,0,0.0,0,0,0.0,0.0,0,0,0,0.0,LOW
1811123664,1,1,0,0,0,0.0,0,0,0.0,0.0,0,0,0,0.0,LOW
1811196798,1,0,0,1,0,0.0,0,0,0.0,0.0,0,0,0,0.0,LOW
1811216350,1,0,0,1,0,0.0,0,0,0.0,0.0,0,0,0,0.0,LOW
1811279136,1,1,0,0,0,0.0,0,0,0.0,0.0,0,0,0,0.0,LOW
1811347651,1,1,0,0,0,0.0,0,0,0.0,0.0,0,0,0,0.0,LOW
1811465602,1,1,0,0,0,0.0,0,0,0.0,0.0,0,0,0,0.0,LOW
1811917823,1,0,1,0,0,0.0,0,0,0.0,0.0,0,0,0,0.0,LOW
1813276073,1,0,0,1,0,0.0,0,0,0.0,0.0,0,0,0,0.0,LOW
1814002461,1,0,0,1,0,0.0,0,0,0.0,0.0,0,0,0,0.0,LOW
1814054811,1,0,1,0,0,0.0,0,0,0.0,0.0,0,0,0,0.0,LOW
1814321349,1,0,0,1,0,0.0,0,0,0.0,0.0,0,0,0,0.0,LOW
1814930817,1,0,1,0,0,0.0,0,0,0.0,0.0,0,0,0,0.0,LOW
1816566619,1,0,0,1,0,0.0,0,0,0.0,0.0,0,0,0,0.0,LOW
1816782189,1,0,1,0,0,0.0,0,0,0.0,0.0,0,0,0,0.0,LOW
1816977047,1,0,0,1,0,0.0,0,0,0.0,0.0,0,0,0,0.0,LOW
1817699460,1,0,1,0,0,0.0,0,0,0.0,0.0,0,0,0,0.0,LOW
1818269896,1,0,1,0,0,0.0,0,0,0.0,0.0,0,0,0,0.0,LOW
1818550074,1,0,0,1,0,0.0,0,0,0.0,0.0,0,0,0,0.0,LOW
1818918869,1,0,0,1,0,0.0,0,0,0.0,0.0,0,0,0,0.0,LOW
1819865490,1,0,1,0,0,0.0,0,0,0.0,0.0,0,0,0,0.0,LOW
1820130093,1,0,1,0,0,0.0,0,0,0.0,0.0,0,0,0,0.0,LOW
1820572010,1,0,0,1,0,0.0,0,0,0.0,0.0,0,0,0,0.0,LOW
1820688810,1,0,0,1,0,0.0,0,0,0.0,0.0,0,0,0,0.0,LOW
1821010448,1,1,0,0,0,0.0,0,0,0.0,0.0,0,0,0,0.0,LOW
1821121059,1,0,0,1,0,0.0,0,0,0.0,0.0,0,0,0,0.0,LOW
1821234246,1,1,0,0,0,0.0,0,0,0.0,0.0,0,0,0,0.0,LOW
1821687605,1,0,0,1,0,0.0,0,0,0.0,0.0,0,0,0,0.0,LOW
1822256153,1,0,1,0,0,0.0,0,0,0.0,0.0,0,0,0,0.0,LOW
1822504090,1,0,0,1,0,0.0,0,0,0.0,0.0,0,0,0,0.0,LOW
1822557506,1,0,0,1,0,0.0,0,0,0.0,0.0,0,0,0,0.0,LOW
1823071363,1,0,1,0,0,0.0,0,0,0.0,0.0,0,0,0,0.0,LOW
1824077810,1,0,0,1,0,0.0,0,0,0.0,0.0,0,0,0,0.0,LOW
1825565295,1,0,1,0,0,0.0,0,0,0.0,0.0,0,0,0,0.0,LOW
1826152760,1,0,1,0,0,0.0,0,0,0.0,0.0,0,0,0,0.0,LOW
1827410219,1,0,1,0,0,0.0,0,0,0.0,0.0,0,0,0,0.0,LOW
1827623243,1,0,1,0,0,0.0,0,0,0.0,0.0,0,0,0,0.0,LOW
1827919731,1,0,1,0,0,0.0,0,0,0.0,0.0,0,0,0,0.0,LOW
1828477965,1,0,0,1,0,0.0,0,0,0.0,0.0,0,0,0,0.0,LOW
1829090965,1,0,1,0,0,0.0,0,0,0.0,0.0,0,0,0,0.0,LOW
1831287655,1,1,0,0,0,0.0,0,0,0.0,0.0,0,0,0,0.0,LOW
1831296052,2,2,0,0,0,0.0,0,0,0.0,0.0,0,0,0,0.0,LOW
1831315739,1,0,1,0,0,0.0,0,0,0.0,0.0,0,0,0,0.0,LOW
1831317029,1,0,1,0,0,0.0,0,0,0.0,0.0,0,0,0,0.0,LOW
1831397237,1,0,1,0,0,0.0,0,0,0.0,0.0,0,0,0,0.0,LOW
1831839755,1,0,0,1,0,0.0,0,0,0.0,0.0,0,0,0,0.0,LOW
1832289707,1,0,1,0,0,0.0,0,0,0.0,0.0,0,0,0,0.0,LOW
1834107676,1,0,1,0,0,0.0,0,0,0.0,0.0,0,0,0,0.0,LOW
1834573290,1,0,1,0,0,0.0,0,0,0.0,0.0,0,0,0,0.0,LOW
1835843150,1,0,0,1,0,0.0,0,0,0.0,0.0,0,0,0,0.0,LOW
1836058886,1,0,1,0,0,0.0,0,0,0.0,0.0,0,0,0,0.0,LOW
1836508973,1,0,0,1,0,0.0,0,0,0.0,0.0,0,0,0,0.0,LOW
1837285865,1,0,1,0,0,0.0,0,0,0.0,0.0,0,0,0,0.0,LOW
1837660834,1,0,1,0,0,0.0,0,0,0.0,0.0,0,0,0,0.0,LOW
1837958790,1,0,1,0,0,0.0,0,0,0.0,0.0,0,0,0,0.0,LOW
1838101699,1,0,1,0,0,0.0,0,0,0.0,0.0,0,0,0,0.0,LOW
1839204557,1,0,1,0,0,0.0,0,0,0.0,0.0,0,0,0,0.0,LOW
1839797794,1,0,0,1,0,0.0,0,0,0.0,0.0,0,0,0,0.0,LOW
1839936442,1,0,0,1,0,0.0,0,0,0.0,0.0,0,0,0,0.0,LOW
1839972247,1,0,1,0,0,0.0,0,0,0.0,0.0,0,0,0,0.0,LOW
1840372373,1,0,1,0,0,0.0,0,0,0.0,0.0,0,0,0,0.0,LOW
1840443742,1,0,1,0,0,0.0,0,0,0.0,0.0,0,0,0,0.0,LOW
1840586110,1,0,1,0,0,0.0,0,0,0.0,0.0,0,0,0,0.0,LOW
1841017112,1,0,0,1,0,0.0,0,0,0.0,0.0,0,0,0,0.0,LOW
1841277696,1,0,0,1,0,0.0,0,0,0.0,0.0,0,0,0,0.0,LOW
1841313790,1,0,1,0,0,0.0,0,0,0.0,0.0,0,0,0,0.0,LOW
1841445901,1,0,1,0,0,0.0,0,0,0.0,0.0,0,0,0,0.0,LOW
1841457363,1,0,1,0,0,0.0,0,0,0.0,0.0,0,0,0,0.0,LOW
1841516504,1,0,1,0,0,0.0,0,0,0.0,0.0,0,0,0,0.0,LOW
1841530946,1,1,0,0,0,0.0,0,0,0.0,0.0,0,0,0,0.0,LOW
1841598919,2,2,0,0,0,0.0,0,0,0.0,0.0,0,0,0,0.0,LOW
1844142639,1,0,1,0,0,0.0,0,0,0.0,0.0,0,0,0,0.0,LOW
1845032691,1,0,0,1,0,0.0,0,0,0.0,0.0,0,0,0,0.0,LOW
1846035628,1,0,0,1,0,0.0,0,0,0.0,0.0,0,0,0,0.0,LOW
1846989008,1,0,1,0,0,0.0,0,0,0.0,0.0,0,0,0,0.0,LOW
1847627537,1,0,1,0,0,0.0,0,0,0.0,0.0,0,0,0,0.0,LOW
1847743258,1,0,0,1,0,0.0,0,0,0.0,0.0,0,0,0,0.0,LOW
1849106301,1,0,0,1,0,0.0,0,0,0.0,0.0,0,0,0,0.0,LOW
1851126615,1,0,1,0,0,0.0,0,0,0.0,0.0,0,0,0,0.0,LOW
1851288271,1,0,0,1,0,0.0,0,0,0.0,0.0,0,0,0,0.0,LOW
1851662233,1,1,0,0,0,0.0,0,0,0.0,0.0,0,0,0,0.0,LOW
1853837386,1,0,0,1,0,0.0,0,0,0.0,0.0,0,0,0,0.0,LOW
1854009758,1,0,1,0,0,0.0,0,0,0.0,0.0,0,0,0,0.0,LOW
1856847267,1,0,0,1,0,0.0,0,0,0.0,0.0,0,0,0,0.0,LOW
1858476768,1,0,1,0,0,0.0,0,0,0.0,0.0,0,0,0,0.0,LOW
1858729812,1,0,0,1,0,0.0,0,0,0.0,0.0,0,0,0,0.0,LOW
1858790364,1,0,0,1,0,0.0,0,0,0.0,0.0,0,0,0,0.0,LOW
1858859457,1,0,0,1,0,0.0,0,0,0.0,0.0,0,0,0,0.0,LOW
1860035581,1,0,0,1,0,0.0,0,0,0.0,0.0,0,0,0,0.0,LOW
1860193460,1,0,1,0,0,0.0,0,0,0.0,0.0,0,0,0,0.0,LOW
1860382204,1,0,1,0,0,0.0,0,0,0.0,0.0,0,0,0,0.0,LOW
1861099087,1,1,0,0,0,0.0,0,0,0.0,0.0,0,0,0,0.0,LOW
1863057201,1,0,1,0,0,0.0,0,0,0.0,0.0,0,0,0,0.0,LOW
1863273553,1,0,0,1,0,0.0,0,0,0.0,0.0,0,0,0,0.0,LOW
1863822539,1,0,0,1,0,0.0,0,0,0.0,0.0,0,0,0,0.0,LOW
1866364077,1,0,1,0,0,0.0,0,0,0.0,0.0,0,0,0,0.0,LOW
1867582419,1,0,1,0,0,0.0,0,0,0.0,0.0,0,0,0,0.0,LOW
1868654520,1,0,0,1,0,0.0,0,0,0.0,0.0,0,0,0,0.0,LOW
1869699272,1,0,0,1,0,0.0,0,0,0.0,0.0,0,0,0,0.0,LOW
1870126887,1,0,1,0,0,0.0,0,0,0.0,0.0,0,0,0,0.0,LOW
1870358833,1,0,1,0,0,0.0,0,0,0.0,0.0,0,0,0,0.0,LOW
1871109635,1,0,1,0,0,0.0,0,0,0.0,0.0,0,0,0,0.0,LOW
1871252206,1,0,1,0,0,0.0,0,0,0.0,0.0,0,0,0,0.0,LOW
1871680496,1,1,0,0,0,0.0,0,0,0.0,0.0,0,0,0,0.0,LOW
1873619061,1,0,1,0,0,0.0,0,0,0.0,0.0,0,0,0,0.0,LOW
1875047057,1,0,1,0,0,0.0,0,0,0.0,0.0,0,0,0,0.0,LOW
1876417408,1,0,1,0,0,0.0,0,0,0.0,0.0,0,0,0,0.0,LOW
1876553187,1,0,0,1,0,0.0,0,0,0.0,0.0,0,0,0,0.0,LOW
1876635944,1,0,1,0,0,0.0,0,0,0.0,0.0,0,0,0,0.0,LOW
1876653762,1,0,0,1,0,0.0,0,0,0.0,0.0,0,0,0,0.0,LOW
1877239176,1,0,0,1,0,0.0,0,0,0.0,0.0,0,0,0,0.0,LOW
1877484500,1,0,0,1,0,0.0,0,0,0.0,0.0,0,0,0,0.0,LOW
1877674590,1,0,0,1,0,0.0,0,0,0.0,0.0,0,0,0,0.0,LOW
1878889523,1,0,0,1,0,0.0,0,0,0.0,0.0,0,0,0,0.0,LOW
1879025764,1,0,1,0,0,0.0,0,0,0.0,0.0,0,0,0,0.0,LOW
1879147726,1,0,1,0,0,0.0,0,0,0.0,0.0,0,0,0,0.0,LOW
1880130728,1,0,0,1,0,0.0,0,0,0.0,0.0,0,0,0,0.0,LOW
1880797333,1,0,1,0,0,0.0,0,0,0.0,0.0,0,0,0,0.0,LOW
1881157263,1,0,1,0,0,0.0,0,0,0.0,0.0,0,0,0,0.0,LOW
1882416931,1,0,1,0,0,0.0,0,0,0.0,0.0,0,0,0,0.0,LOW
1883801076,1,0,1,0,0,0.0,0,0,0.0,0.0,0,0,0,0.0,LOW
1884044502,1,0,0,1,0,0.0,0,0,0.0,0.0,0,0,0,0.0,LOW
1884045461,1,0,0,1,0,0.0,0,0,0.0,0.0,0,0,0,0.0,LOW
1884380682,1,0,0,1,0,0.0,0,0,0.0,0.0,0,0,0,0.0,LOW
1884470911,1,0,1,0,0,0.0,0,0,0.0,0.0,0,0,0,0.0,LOW
1885535284,1,0,0,1,0,0.0,0,0,0.0,0.0,0,0,0,0.0,LOW
1886370287,1,0,1,0,0,0.0,0,0,0.0,0.0,0,0,0,0.0,LOW
1887083228,1,0,1,0,0,0.0,0,0,0.0,0.0,0,0,0,0.0,LOW
1887635170,1,0,1,0,0,0.0,0,0,0.0,0.0,0,0,0,0.0,LOW
1889206999,1,0,1,0,0,0.0,0,0,0.0,0.0,0,0,0,0.0,LOW
1890242221,1,0,0,1,0,0.0,0,0,0.0,0.0,0,0,0,0.0,LOW
1890337194,1,0,0,1,0,0.0,0,0,0.0,0.0,0,0,0,0.0,LOW
1891483383,1,0,0,1,0,0.0,0,0,0.0,0.0,0,0,0,0.0,LOW
1891731956,1,1,0,0,0,0.0,0,0,0.0,0.0,0,0,0,0.0,LOW
1891853446,1,1,0,0,0,0.0,0,0,0.0,0.0,0,0,0,0.0,LOW
1892310469,1,0,1,0,0,0.0,0,0,0.0,0.0,0,0,0,0.0,LOW
1892521768,1,0,0,1,0,0.0,0,0,0.0,0.0,0,0,0,0.0,LOW
1893093738,1,0,0,1,0,0.0,0,0,0.0,0.0,0,0,0,0.0,LOW
1893427826,1,0,0,1,0,0.0,0,0,0.0,0.0,0,0,0,0.0,LOW
1893664579,1,0,0,1,0,0.0,0,0,0.0,0.0,0,0,0,0.0,LOW
1893820470,1,0,1,0,0,0.0,0,0,0.0,0.0,0,0,0,0.0,LOW
1894828059,1,0,1,0,0,0.0,0,0,0.0,0.0,0,0,0,0.0,LOW
1895032668,1,0,1,0,0,0.0,0,0,0.0,0.0,0,0,0,0.0,LOW
1895088928,1,0,1,0,0,0.0,0,0,0.0,0.0,0,0,0,0.0,LOW
1896194193,1,0,1,0,0,0.0,0,0,0.0,0.0,0,0,0,0.0,LOW
1896448517,1,0,0,1,0,0.0,0,0,0.0,0.0,0,0,0,0.0,LOW
1897034762,1,0,1,0,0,0.0,0,0,0.0,0.0,0,0,0,0.0,LOW
1897143014,1,0,0,1,0,0.0,0,0,0.0,0.0,0,0,0,0.0,LOW
1897281754,1,0,1,0,0,0.0,0,0,0.0,0.0,0,0,0,0.0,LOW
1897305398,1,0,1,0,0,0.0,0,0,0.0,0.0,0,0,0,0.0,LOW
1898319221,1,0,1,0,0,0.0,0,0,0.0,0.0,0,0,0,0.0,LOW
1898821842,1,0,0,1,0,0.0,0,0,0.0,0.0,0,0,0,0.0,LOW
1899454854,1,0,0,1,0,0.0,0,0,0.0,0.0,0,0,0,0.0,LOW
1899614341,1,0,0,1,0,0.0,0,0,0.0,0.0,0,0,0,0.0,LOW
1902040454,1,1,0,0,0,0.0,0,0,0.0,0.0,0,0,0,0.0,LOW
1902206857,1,1,0,0,0,0.0,0,0,0.0,0.0,0,0,0,0.0,LOW
1902531812,1,0,1,0,0,0.0,0,0,0.0,0.0,0,0,0,0.0,LOW
1902796866,1,0,1,0,0,0.0,0,0,0.0,0.0,0,0,0,0.0,LOW
1902856123,1,1,0,0,0,0.0,0,0,0.0,0.0,0,0,0,0.0,LOW
1902921380,2,2,0,0,0,0.0,0,0,0.0,0.0,0,0,0,0.0,LOW
1904331691,1,0,1,0,0,0.0,0,0,0.0,0.0,0,0,0,0.0,LOW
1904333167,1,0,1,0,0,0.0,0,0,0.0,0.0,0,0,0,0.0,LOW
1904642845,1,0,1,0,0,0.0,0,0,0.0,0.0,0,0,0,0.0,LOW
1905198148,1,0,1,0,0,0.0,0,0,0.0,0.0,0,0,0,0.0,LOW
1905824059,1,0,0,1,0,0.0,0,0,0.0,0.0,0,0,0,0.0,LOW
1905959581,1,0,1,0,0,0.0,0,0,0.0,0.0,0,0,0,0.0,LOW
1906029052,1,0,1,0,0,0.0,0,0,0.0,0.0,0,0,0,0.0,LOW
1906256798,1,0,1,0,0,0.0,0,0,0.0,0.0,0,0,0,0.0,LOW
1906428721,1,0,0,1,0,0.0,0,0,0.0,0.0,0,0,0,0.0,LOW
1907089133,1,0,1,0,0,0.0,0,0,0.0,0.0,0,0,0,0.0,LOW
1907267446,1,0,1,0,0,0.0,0,0,0.0,0.0,0,0,0,0.0,LOW
1908339696,1,0,1,0,0,0.0,0,0,0.0,0.0,0,0,0,0.0,LOW
1908866659,1,0,1,0,0,0.0,0,0,0.0,0.0,0,0,0,0.0,LOW
1909313863,1,0,0,1,0,0.0,0,0,0.0,0.0,0,0,0,0.0,LOW
1910115716,1,0,0,1,0,0.0,0,0,0.0,0.0,0,0,0,0.0,LOW
1910203559,1,0,1,0,0,0.0,0,0,0.0,0.0,0,0,0,0.0,LOW
1910606276,1,0,1,0,0,0.0,0,0,0.0,0.0,0,0,0,0.0,LOW
1910687253,1,0,0,1,0,0.0,0,0,0.0,0.0,0,0,0,0.0,LOW
1911378677,1,0,1,0,0,0.0,0,0,0.0,0.0,0,0,0,0.0,LOW
1911712750,1,0,0,1,0,0.0,0,0,0.0,0.0,0,0,0,0.0,LOW
1911801891,1,0,0,1,0,0.0,0,0,0.0,0.0,0,0,0,0.0,LOW
1911923804,1,0,0,1,0,0.0,0,0,0.0,0.0,0,0,0,0.0,LOW
1912079039,2,2,0,0,0,0.0,0,0,0.0,0.0,0,0,0,0.0,LOW
1912906850,1,1,0,0,0,0.0,0,0,0.0,0.0,0,0,0,0.0,LOW
1912954720,1,0,1,0,0,0.0,0,0,0.0,0.0,0,0,0,0.0,LOW
1913194655,1,0,1,0,0,0.0,0,0,0.0,0.0,0,0,0,0.0,LOW
1913355063,1,0,0,1,0,0.0,0,0,0.0,0.0,0,0,0,0.0,LOW
1914996953,1,0,0,1,0,0.0,0,0,0.0,0.0,0,0,0,0.0,LOW
1915064333,1,0,0,1,0,0.0,0,0,0.0,0.0,0,0,0,0.0,LOW
1915825832,1,0,1,0,0,0.0,0,0,0.0,0.0,0,0,0,0.0,LOW
1915830348,1,0,0,1,0,0.0,0,0,0.0,0.0,0,0,0,0.0,LOW
1916107730,1,0,1,0,0,0.0,0,0,0.0,0.0,0,0,0,0.0,LOW
1916442516,1,0,1,0,0,0.0,0,0,0.0,0.0,0,0,0,0.0,LOW
1917188419,1,0,1,0,0,0.0,0,0,0.0,0.0,0,0,0,0.0,LOW
1917489072,1,0,0,1,0,0.0,0,0,0.0,0.0,0,0,0,0.0,LOW
1917799940,1,0,1,0,0,0.0,0,0,0.0,0.0,0,0,0,0.0,LOW
1918517271,1,0,0,1,0,0.0,0,0,0.0,0.0,0,0,0,0.0,LOW
1919578156,1,0,1,0,0,0.0,0,0,0.0,0.0,0,0,0,0.0,LOW
1919988981,1,0,1,0,0,0.0,0,0,0.0,0.0,0,0,0,0.0,LOW
1920614243,1,0,0,1,0,0.0,0,0,0.0,0.0,0,0,0,0.0,LOW
1921064215,1,0,1,0,0,0.0,0,0,0.0,0.0,0,0,0,0.0,LOW
1922012350,1,1,0,0,0,0.0,0,0,0.0,0.0,0,0,0,0.0,LOW
1922177229,1,1,0,0,0,0.0,0,0,0.0,0.0,0,0,0,0.0,LOW
1922301472,1,1,0,0,0,0.0,0,0,0.0,0.0,0,0,0,0.0,LOW
1922633535,1,0,1,0,0,0.0,0,0,0.0,0.0,0,0,0,0.0,LOW
1923112352,1,0,1,0,0,0.0,0,0,0.0,0.0,0,0,0,0.0,LOW
1923531107,1,0,1,0,0,0.0,0,0,0.0,0.0,0,0,0,0.0,LOW
1924571870,1,0,0,1,0,0.0,0,0,0.0,0.0,0,0,0,0.0,LOW
1925082039,1,0,1,0,0,0.0,0,0,0.0,0.0,0,0,0,0.0,LOW
1926041772,1,0,0,1,0,0.0,0,0,0.0,0.0,0,0,0,0.0,LOW
1926745760,1,0,0,1,0,0.0,0,0,0.0,0.0,0,0,0,0.0,LOW
1926768015,1,0,0,1,0,0.0,0,0,0.0,0.0,0,0,0,0.0,LOW
1926872145,1,0,0,1,0,0.0,0,0,0.0,0.0,0,0,0,0.0,LOW
1926892333,1,0,1,0,0,0.0,0,0,0.0,0.0,0,0,0,0.0,LOW
1928230034,1,0,0,1,0,0.0,0,0,0.0,0.0,0,0,0,0.0,LOW
1928267616,1,0,0,1,0,0.0,0,0,0.0,0.0,0,0,0,0.0,LOW
1929026192,1,0,0,1,0,0.0,0,0,0.0,0.0,0,0,0,0.0,LOW
1930034633,1,0,1,0,0,0.0,0,0,0.0,0.0,0,0,0,0.0,LOW
1930627446,1,0,0,1,0,0.0,0,0,0.0,0.0,0,0,0,0.0,LOW
1931577070,1,0,0,1,0,0.0,0,0,0.0,0.0,0,0,0,0.0,LOW
1931675039,1,0,0,1,0,0.0,0,0,0.0,0.0,0,0,0,0.0,LOW
1932162301,1,0,0,1,0,0.0,0,0,0.0,0.0,0,0,0,0.0,LOW
1932169215,1,0,1,0,0,0.0,0,0,0.0,0.0,0,0,0,0.0,LOW
1932193224,1,1,0,0,0,0.0,0,0,0.0,0.0,0,0,0,0.0,LOW
1932411493,1,1,0,0,0,0.0,0,0,0.0,0.0,0,0,0,0.0,LOW
1932450160,1,1,0,0,0,0.0,0,0,0.0,0.0,0,0,0,0.0,LOW
1933511572,1,0,0,1,0,0.0,0,0,0.0,0.0,0,0,0,0.0,LOW
1933531164,1,0,1,0,0,0.0,0,0,0.0,0.0,0,0,0,0.0,LOW
1934605581,1,0,1,0,0,0.0,0,0,0.0,0.0,0,0,0,0.0,LOW
1934872641,1,0,1,0,0,0.0,0,0,0.0,0.0,0,0,0,0.0,LOW
1936058555,1,0,0,1,0,0.0,0,0,0.0,0.0,0,0,0,0.0,LOW
1936857085,1,0,1,0,0,0.0,0,0,0.0,0.0,0,0,0,0.0,LOW
1936927837,1,0,1,0,0,0.0,0,0,0.0,0.0,0,0,0,0.0,LOW
1936972891,1,0,1,0,0,0.0,0,0,0.0,0.0,0,0,0,0.0,LOW
1939398651,1,0,0,1,0,0.0,0,0,0.0,0.0,0,0,0,0.0,LOW
1939550123,1,0,1,0,0,0.0,0,0,0.0,0.0,0,0,0,0.0,LOW
1939620540,1,0,1,0,0,0.0,0,0,0.0,0.0,0,0,0,0.0,LOW
1939675032,1,0,0,1,0,0.0,0,0,0.0,0.0,0,0,0,0.0,LOW
1940312331,1,0,0,1,0,0.0,0,0,0.0,0.0,0,0,0,0.0,LOW
1942273231,1,0,0,1,0,0.0,0,0,0.0,0.0,0,0,0,0.0,LOW
1942329909,1,1,0,0,0,0.0,0,0,0.0,0.0,0,0,0,0.0,LOW
1942510508,1,1,0,0,0,0.0,0,0,0.0,0.0,0,0,0,0.0,LOW
1942774153,1,1,0,0,0,0.0,0,0,0.0,0.0,0,0,0,0.0,LOW
1943361364,1,0,1,0,0,0.0,0,0,0.0,0.0,0,0,0,0.0,LOW
1943608424,1,0,0,1,0,0.0,0,0,0.0,0.0,0,0,0,0.0,LOW
1944886105,1,0,0,1,0,0.0,0,0,0.0,0.0,0,0,0,0.0,LOW
1945366619,1,0,0,1,0,0.0,0,0,0.0,0.0,0,0,0,0.0,LOW
1945978762,1,0,1,0,0,0.0,0,0,0.0,0.0,0,0,0,0.0,LOW
1946395327,1,0,0,1,0,0.0,0,0,0.0,0.0,0,0,0,0.0,LOW
1947010010,1,0,1,0,0,0.0,0,0,0.0,0.0,0,0,0,0.0,LOW
1947170860,1,0,1,0,0,0.0,0,0,0.0,0.0,0,0,0,0.0,LOW
1947354580,1,0,0,1,0,0.0,0,0,0.0,0.0,0,0,0,0.0,LOW
1948027552,1,0,0,1,0,0.0,0,0,0.0,0.0,0,0,0,0.0,LOW
1948195901,1,0,0,1,0,0.0,0,0,0.0,0.0,0,0,0,0.0,LOW
1948674353,1,0,0,1,0,0.0,0,0,0.0,0.0,0,0,0,0.0,LOW
1948901376,1,0,1,0,0,0.0,0,0,0.0,0.0,0,0,0,0.0,LOW
1949248876,1,0,1,0,0,0.0,0,0,0.0,0.0,0,0,0,0.0,LOW
1949948218,1,0,0,1,0,0.0,0,0,0.0,0.0,0,0,0,0.0,LOW
1950311873,1,0,1,0,0,0.0,0,0,0.0,0.0,0,0,0,0.0,LOW
1950679245,1,0,1,0,0,0.0,0,0,0.0,0.0,0,0,0,0.0,LOW
1950754020,1,0,0,1,0,0.0,0,0,0.0,0.0,0,0,0,0.0,LOW
1951030216,1,0,0,1,0,0.0,0,0,0.0,0.0,0,0,0,0.0,LOW
1951146027,1,0,0,1,0,0.0,0,0,0.0,0.0,0,0,0,0.0,LOW
1951350591,1,0,1,0,0,0.0,0,0,0.0,0.0,0,0,0,0.0,LOW
1951800857,1,0,0,1,0,0.0,0,0,0.0,0.0,0,0,0,0.0,LOW
1952295833,1,0,1,0,0,0.0,0,0,0.0,0.0,0,0,0,0.0,LOW
1952427163,2,2,0,0,0,0.0,0,0,0.0,0.0,0,0,0,0.0,LOW
1955093864,1,0,0,1,0,0.0,0,0,0.0,0.0,0,0,0,0.0,LOW
1955107390,1,0,1,0,0,0.0,0,0,0.0,0.0,0,0,0,0.0,LOW
1955335588,1,0,1,0,0,0.0,0,0,0.0,0.0,0,0,0,0.0,LOW
1957219699,1,0,1,0,0,0.0,0,0,0.0,0.0,0,0,0,0.0,LOW
1957370912,1,0,1,0,0,0.0,0,0,0.0,0.0,0,0,0,0.0,LOW
1957576047,1,0,1,0,0,0.0,0,0,0.0,0.0,0,0,0,0.0,LOW
1958875863,1,0,1,0,0,0.0,0,0,0.0,0.0,0,0,0,0.0,LOW
1959170877,1,0,0,1,0,0.0,0,0,0.0,0.0,0,0,0,0.0,LOW
1960599560,1,0,1,0,0,0.0,0,0,0.0,0.0,0,0,0,0.0,LOW
1961150163,1,0,1,0,0,0.0,0,0,0.0,0.0,0,0,0,0.0,LOW
1961165538,1,0,0,1,0,0.0,0,0,0.0,0.0,0,0,0,0.0,LOW
1961593242,1,0,0,1,0,0.0,0,0,0.0,0.0,0,0,0,0.0,LOW
1961993888,1,0,1,0,0,0.0,0,0,0.0,0.0,0,0,0,0.0,LOW
1962165104,1,0,1,0,0,0.0,0,0,0.0,0.0,0,0,0,0.0,LOW
1962568674,1,0,0,1,0,0.0,0,0,0.0,0.0,0,0,0,0.0,LOW
1962663211,2,2,0,0,0,0.0,0,0,0.0,0.0,0,0,0,0.0,LOW
1962711650,1,0,1,0,0,0.0,0,0,0.0,0.0,0,0,0,0.0,LOW
1962761379,1,1,0,0,0,0.0,0,0,0.0,0.0,0,0,0,0.0,LOW
1963096011,1,0,0,1,0,0.0,0,0,0.0,0.0,0,0,0,0.0,LOW
1963294435,1,0,1,0,0,0.0,0,0,0.0,0.0,0,0,0,0.0,LOW
1964201076,1,0,1,0,0,0.0,0,0,0.0,0.0,0,0,0,0.0,LOW
1964307198,1,0,1,0,0,0.0,0,0,0.0,0.0,0,0,0,0.0,LOW
1964920491,1,0,0,1,0,0.0,0,0,0.0,0.0,0,0,0,0.0,LOW
1965306015,1,0,0,1,0,0.0,0,0,0.0,0.0,0,0,0,0.0,LOW
1966582448,1,0,1,0,0,0.0,0,0,0.0,0.0,0,0,0,0.0,LOW
1966966090,1,0,1,0,0,0.0,0,0,0.0,0.0,0,0,0,0.0,LOW
1967606172,1,0,1,0,0,0.0,0,0,0.0,0.0,0,0,0,0.0,LOW
1968892565,1,0,1,0,0,0.0,0,0,0.0,0.0,0,0,0,0.0,LOW
1968950901,1,0,0,1,0,0.0,0,0,0.0,0.0,0,0,0,0.0,LOW
1969324316,1,0,1,0,0,0.0,0,0,0.0,0.0,0,0,0,0.0,LOW
1970392409,1,0,1,0,0,0.0,0,0,0.0,0.0,0,0,0,0.0,LOW
1970583526,1,0,0,1,0,0.0,0,0,0.0,0.0,0,0,0,0.0,LOW
1970698142,1,0,1,0,0,0.0,0,0,0.0,0.0,0,0,0,0.0,LOW
1971632094,1,0,1,0,0,0.0,0,0,0.0,0.0,0,0,0,0.0,LOW
1972049641,1,1,0,0,0,0.0,0,0,0.0,0.0,0,0,0,0.0,LOW
1972731800,1,1,0,0,0,0.0,0,0,0.0,0.0,0,0,0,0.0,LOW
1973017056,1,0,0,1,0,0.0,0,0,0.0,0.0,0,0,0,0.0,LOW
1973067437,1,0,1,0,0,0.0,0,0,0.0,0.0,0,0,0,0.0,LOW
1973656108,1,0,1,0,0,0.0,0,0,0.0,0.0,0,0,0,0.0,LOW
1973745486,1,0,1,0,0,0.0,0,0,0.0,0.0,0,0,0,0.0,LOW
1975234047,1,0,0,1,0,0.0,0,0,0.0,0.0,0,0,0,0.0,LOW
1975658703,1,0,0,1,0,0.0,0,0,0.0,0.0,0,0,0,0.0,LOW
1976000986,1,0,1,0,0,0.0,0,0,0.0,0.0,0,0,0,0.0,LOW
1976891180,1,0,1,0,0,0.0,0,0,0.0,0.0,0,0,0,0.0,LOW
1977687865,1,0,1,0,0,0.0,0,0,0.0,0.0,0,0,0,0.0,LOW
1977847517,1,0,0,1,0,0.0,0,0,0.0,0.0,0,0,0,0.0,LOW
1978093722,1,0,1,0,0,0.0,0,0,0.0,0.0,0,0,0,0.0,LOW
1978322413,1,0,0,1,0,0.0,0,0,0.0,0.0,0,0,0,0.0,LOW
1978324630,1,0,0,1,0,0.0,0,0,0.0,0.0,0,0,0,0.0,LOW
1978868938,1,0,1,0,0,0.0,0,0,0.0,0.0,0,0,0,0.0,LOW
1979206175,1,0,1,0,0,0.0,0,0,0.0,0.0,0,0,0,0.0,LOW
1981311467,1,0,1,0,0,0.0,0,0,0.0,0.0,0,0,0,0.0,LOW
1981632681,1,0,1,0,0,0.0,0,0,0.0,0.0,0,0,0,0.0,LOW
1982064993,1,0,0,1,0,0.0,0,0,0.0,0.0,0,0,0,0.0,LOW
1982132189,1,1,0,0,0,0.0,0,0,0.0,0.0,0,0,0,0.0,LOW
1982942275,1,0,1,0,0,0.0,0,0,0.0,0.0,0,0,0,0.0,LOW
1982955290,1,1,0,0,0,0.0,0,0,0.0,0.0,0,0,0,0.0,LOW
1983117598,1,0,1,0,0,0.0,0,0,0.0,0.0,0,0,0,0.0,LOW
1983732684,1,0,0,1,0,0.0,0,0,0.0,0.0,0,0,0,0.0,LOW
1984430334,1,0,0,1,0,0.0,0,0,0.0,0.0,0,0,0,0.0,LOW
1985925671,1,0,1,0,0,0.0,0,0,0.0,0.0,0,0,0,0.0,LOW
1985963030,1,0,1,0,0,0.0,0,0,0.0,0.0,0,0,0,0.0,LOW
1986259590,1,0,1,0,0,0.0,0,0,0.0,0.0,0,0,0,0.0,LOW
1986476856,1,0,1,0,0,0.0,0,0,0.0,0.0,0,0,0,0.0,LOW
1987134750,1,0,0,1,0,0.0,0,0,0.0,0.0,0,0,0,0.0,LOW
1987172895,1,0,1,0,0,0.0,0,0,0.0,0.0,0,0,0,0.0,LOW
1987960983,1,0,0,1,0,0.0,0,0,0.0,0.0,0,0,0,0.0,LOW
1988320053,1,0,0,1,0,0.0,0,0,0.0,0.0,0,0,0,0.0,LOW
1988373243,1,0,0,1,0,0.0,0,0,0.0,0.0,0,0,0,0.0,LOW
1988658078,1,0,1,0,0,0.0,0,0,0.0,0.0,0,0,0,0.0,LOW
1989074465,1,0,0,1,0,0.0,0,0,0.0,0.0,0,0,0,0.0,LOW
1989131316,1,0,1,0,0,0.0,0,0,0.0,0.0,0,0,0,0.0,LOW
1989432939,1,0,1,0,0,0.0,0,0,0.0,0.0,0,0,0,0.0,LOW
1990345887,1,0,1,0,0,0.0,0,0,0.0,0.0,0,0,0,0.0,LOW
1990569473,1,0,1,0,0,0.0,0,0,0.0,0.0,0,0,0,0.0,LOW
1990903533,1,0,1,0,0,0.0,0,0,0.0,0.0,0,0,0,0.0,LOW
1991373272,1,0,1,0,0,0.0,0,0,0.0,0.0,0,0,0,0.0,LOW
1991452065,1,0,0,1,0,0.0,0,0,0.0,0.0,0,0,0,0.0,LOW
1991785622,1,0,1,0,0,0.0,0,0,0.0,0.0,0,0,0,0.0,LOW
1992692877,1,0,1,0,0,0.0,0,0,0.0,0.0,0,0,0,0.0,LOW
1993853409,1,0,0,1,0,0.0,0,0,0.0,0.0,0,0,0,0.0,LOW
1993927167,1,0,1,0,0,0.0,0,0,0.0,0.0,0,0,0,0.0,LOW
1994954903,1,0,0,1,0,0.0,0,0,0.0,0.0,0,0,0,0.0,LOW
1995215072,1,0,1,0,0,0.0,0,0,0.0,0.0,0,0,0,0.0,LOW
1995737535,1,0,0,1,0,0.0,0,0,0.0,0.0,0,0,0,0.0,LOW
1995952155,1,0,1,0,0,0.0,0,0,0.0,0.0,0,0,0,0.0,LOW
1996391735,1,0,1,0,0,0.0,0,0,0.0,0.0,0,0,0,0.0,LOW
1996521945,1,0,0,1,0,0.0,0,0,0.0,0.0,0,0,0,0.0,LOW
1997457686,1,0,1,0,0,0.0,0,0,0.0,0.0,0,0,0,0.0,LOW
1997471461,1,0,0,1,0,0.0,0,0,0.0,0.0,0,0,0,0.0,LOW
1998761413,1,0,1,0,0,0.0,0,0,0.0,0.0,0,0,0,0.0,LOW
1999273235,1,0,0,1,0,0.0,0,0,0.0,0.0,0,0,0,0.0,LOW
1999313622,1,0,0,1,0,0.0,0,0,0.0,0.0,0,0,0,0.0,LOW
1999364900,1,0,0,1,0,0.0,0,0,0.0,0.0,0,0,0,0.0,LOW
