Provider_NPI,Predominant_Record_Type,Total_Records,Flagged_Records,Flagged_Record_Percentage,ML_Anomaly_Count,Statistical_Anomaly_Count,Rule_Violation_Count,High_Risk_Record_Count,Critical_Risk_Record_Count,Average_Risk_Score,Maximum_Risk_Score,Denial_Rate_Percentage,Provider_Risk_Level,Provider_Status,Primary_Risk_Factors
1215210273,MEDICAL_CLAIM,554,554,100.0,67,554,300,276,38,48.8,100.0,0.91,HIGH-RISK PROVIDER,PROVIDER REQUIRING REVIEW,38 critical-risk records; 276 high-risk records; 100.0% flagged records (Threshold: 10%); High average claim risk score of 48.8
1386952034,MEDICAL_CLAIM,145,145,100.0,5,145,92,66,12,48.25,89.94,1.39,HIGH-RISK PROVIDER,PROVIDER REQUIRING REVIEW,12 critical-risk records; 66 high-risk records; 100.0% flagged records (Threshold: 10%); High average claim risk score of 48.2
1609820125,MEDICAL_CLAIM,44,32,72.73,9,18,28,6,8,36.88,89.97,0.0,HIGH-RISK PROVIDER,PROVIDER REQUIRING REVIEW,8 critical-risk records; 6 high-risk records; 72.7% flagged records (Threshold: 10%); High average claim risk score of 36.9
1841366812,MEDICAL_CLAIM,113,108,95.58,0,113,85,67,6,50.66,84.78,0.89,HIGH-RISK PROVIDER,PROVIDER REQUIRING REVIEW,6 critical-risk records; 67 high-risk records; 95.6% flagged records (Threshold: 10%); High average claim risk score of 50.7
1700237633,MEDICAL_CLAIM,77,61,79.22,0,77,42,34,3,42.74,83.72,1.3,HIGH-RISK PROVIDER,PROVIDER REQUIRING REVIEW,3 critical-risk records; 34 high-risk records; 79.2% flagged records (Threshold: 10%); High average claim risk score of 42.7
1598053472,MEDICAL_CLAIM,17,15,88.24,0,17,21,12,3,55.59,78.76,0.0,HIGH-RISK PROVIDER,PROVIDER REQUIRING REVIEW,3 critical-risk records; 12 high-risk records; 88.2% flagged records (Threshold: 10%); High average claim risk score of 55.6
1558308825,MEDICAL_CLAIM,111,67,60.36,3,111,67,62,2,42.77,100.0,0.0,HIGH-RISK PROVIDER,PROVIDER REQUIRING REVIEW,2 critical-risk records; 62 high-risk records; 60.4% flagged records (Threshold: 10%); High average claim risk score of 42.8
1134606403,MEDICAL_CLAIM,44,24,54.55,0,44,29,22,2,40.89,84.84,2.27,HIGH-RISK PROVIDER,PROVIDER REQUIRING REVIEW,2 critical-risk records; 22 high-risk records; 54.5% flagged records (Threshold: 10%); High average claim risk score of 40.9
1467430124,MEDICAL_CLAIM,24,20,83.33,2,23,20,17,2,52.09,89.79,0.0,HIGH-RISK PROVIDER,PROVIDER REQUIRING REVIEW,2 critical-risk records; 17 high-risk records; 83.3% flagged records (Threshold: 10%); High average claim risk score of 52.1
UNKNOWN_PROVIDER,PHARMACY_CLAIM,60,27,45.0,23,19,20,8,2,30.68,79.98,12.73,HIGH-RISK PROVIDER,PROVIDER REQUIRING REVIEW,2 critical-risk records; 8 high-risk records; 45.0% flagged records (Threshold: 10%)
1908045857,PHARMACY_CLAIM,2,2,100.0,2,2,2,0,2,79.97,79.97,0.0,HIGH-RISK PROVIDER,PROVIDER REQUIRING REVIEW,2 critical-risk records; 100.0% flagged records (Threshold: 10%); High average claim risk score of 80.0
1129091098,PHARMACY_CLAIM,2,2,100.0,2,2,2,0,2,79.94,79.94,0.0,HIGH-RISK PROVIDER,PROVIDER REQUIRING REVIEW,2 critical-risk records; 100.0% flagged records (Threshold: 10%); High average claim risk score of 79.9
1949306366,PRIOR_AUTH,2,2,100.0,2,2,2,0,2,79.93,79.93,100.0,HIGH-RISK PROVIDER,PROVIDER REQUIRING REVIEW,2 critical-risk records; 100.0% flagged records (Threshold: 10%); High average claim risk score of 79.9; High claim denial/rejection rate of 100.0%
1203251898,PHARMACY_CLAIM,2,2,100.0,2,2,2,0,2,79.89,79.89,0.0,HIGH-RISK PROVIDER,PROVIDER REQUIRING REVIEW,2 critical-risk records; 100.0% flagged records (Threshold: 10%); High average claim risk score of 79.9
1150769152,PHARMACY_CLAIM,2,2,100.0,2,2,2,0,2,79.83,79.83,0.0,HIGH-RISK PROVIDER,PROVIDER REQUIRING REVIEW,2 critical-risk records; 100.0% flagged records (Threshold: 10%); High average claim risk score of 79.8
1992962117,PHARMACY_CLAIM,2,2,100.0,2,2,2,0,2,79.79,79.79,100.0,HIGH-RISK PROVIDER,PROVIDER REQUIRING REVIEW,2 critical-risk records; 100.0% flagged records (Threshold: 10%); High average claim risk score of 79.8; High claim denial/rejection rate of 100.0%
1689688988,MEDICAL_CLAIM,28,18,64.29,0,27,20,16,1,44.77,76.79,0.0,HIGH-RISK PROVIDER,PROVIDER REQUIRING REVIEW,1 critical-risk records; 16 high-risk records; 64.3% flagged records (Threshold: 10%); High average claim risk score of 44.8
1225684368,MEDICAL_CLAIM,16,15,93.75,1,15,17,13,1,54.66,100.0,0.0,HIGH-RISK PROVIDER,PROVIDER REQUIRING REVIEW,1 critical-risk records; 13 high-risk records; 93.8% flagged records (Threshold: 10%); High average claim risk score of 54.7
1730144593,MEDICAL_CLAIM,20,19,95.0,0,20,8,5,1,38.62,79.52,5.0,HIGH-RISK PROVIDER,PROVIDER REQUIRING REVIEW,1 critical-risk records; 5 high-risk records; 95.0% flagged records (Threshold: 10%); High average claim risk score of 38.6
1013105568,MEDICAL_CLAIM,4,4,100.0,1,4,4,3,1,65.34,84.97,25.0,HIGH-RISK PROVIDER,PROVIDER REQUIRING REVIEW,1 critical-risk records; 3 high-risk records; 100.0% flagged records (Threshold: 10%); High average claim risk score of 65.3; High claim denial/rejection rate of 25.0%
1801284443,MEDICAL_CLAIM,6,4,66.67,0,6,6,3,1,49.76,78.42,16.67,HIGH-RISK PROVIDER,PROVIDER REQUIRING REVIEW,1 critical-risk records; 3 high-risk records; 66.7% flagged records (Threshold: 10%); High average claim risk score of 49.8
1891005047,MEDICAL_CLAIM,5,3,60.0,1,5,3,2,1,50.72,89.9,20.0,HIGH-RISK PROVIDER,PROVIDER REQUIRING REVIEW,1 critical-risk records; 2 high-risk records; 60.0% flagged records (Threshold: 10%); High average claim risk score of 50.7
1972196541,MEDICAL_CLAIM,12,9,75.0,1,5,7,2,1,33.73,90.0,0.0,HIGH-RISK PROVIDER,PROVIDER REQUIRING REVIEW,1 critical-risk records; 2 high-risk records; 75.0% flagged records (Threshold: 10%)
1184670663,MEDICAL_CLAIM,10,5,50.0,0,3,7,2,1,28.69,79.46,0.0,HIGH-RISK PROVIDER,PROVIDER REQUIRING REVIEW,1 critical-risk records; 2 high-risk records; 50.0% flagged records (Threshold: 10%)
1396366308,MEDICAL_CLAIM,2,2,100.0,1,2,2,1,1,72.38,84.93,0.0,HIGH-RISK PROVIDER,PROVIDER REQUIRING REVIEW,1 critical-risk records; 1 high-risk records; 100.0% flagged records (Threshold: 10%); High average claim risk score of 72.4
1639593338,MEDICAL_CLAIM,2,2,100.0,0,2,4,1,1,71.86,79.17,0.0,HIGH-RISK PROVIDER,PROVIDER REQUIRING REVIEW,1 critical-risk records; 1 high-risk records; 100.0% flagged records (Threshold: 10%); High average claim risk score of 71.9
1841226347,MEDICAL_CLAIM,4,3,75.0,0,2,6,1,1,45.77,79.63,0.0,HIGH-RISK PROVIDER,PROVIDER REQUIRING REVIEW,1 critical-risk records; 1 high-risk records; 75.0% flagged records (Threshold: 10%); High average claim risk score of 45.8
1174625057,MEDICAL_CLAIM,4,3,75.0,0,2,6,1,1,44.11,78.94,0.0,HIGH-RISK PROVIDER,PROVIDER REQUIRING REVIEW,1 critical-risk records; 1 high-risk records; 75.0% flagged records (Threshold: 10%); High average claim risk score of 44.1
1194077297,MEDICAL_CLAIM,5,3,60.0,1,2,6,1,1,43.84,100.0,0.0,HIGH-RISK PROVIDER,PROVIDER REQUIRING REVIEW,1 critical-risk records; 1 high-risk records; 60.0% flagged records (Threshold: 10%); High average claim risk score of 43.8
1659927556,MEDICAL_CLAIM,7,7,100.0,0,3,9,1,1,43.34,84.82,0.0,HIGH-RISK PROVIDER,PROVIDER REQUIRING REVIEW,1 critical-risk records; 1 high-risk records; 100.0% flagged records (Threshold: 10%); High average claim risk score of 43.3
1447615455,MEDICAL_CLAIM,4,3,75.0,0,2,5,1,1,42.66,84.61,0.0,HIGH-RISK PROVIDER,PROVIDER REQUIRING REVIEW,1 critical-risk records; 1 high-risk records; 75.0% flagged records (Threshold: 10%); High average claim risk score of 42.7
1942518550,MEDICAL_CLAIM,7,5,71.43,1,2,8,1,1,38.22,100.0,0.0,HIGH-RISK PROVIDER,PROVIDER REQUIRING REVIEW,1 critical-risk records; 1 high-risk records; 71.4% flagged records (Threshold: 10%); High average claim risk score of 38.2
1295145191,MEDICAL_CLAIM,6,4,66.67,0,2,7,1,1,33.04,78.81,0.0,HIGH-RISK PROVIDER,PROVIDER REQUIRING REVIEW,1 critical-risk records; 1 high-risk records; 66.7% flagged records (Threshold: 10%)
1417342163,MEDICAL_CLAIM,7,3,42.86,1,2,3,1,1,26.28,84.99,0.0,HIGH-RISK PROVIDER,PROVIDER REQUIRING REVIEW,1 critical-risk records; 1 high-risk records; 42.9% flagged records (Threshold: 10%)
1669840633,MEDICAL_CLAIM,12,7,58.33,0,4,7,1,1,25.58,79.23,0.0,HIGH-RISK PROVIDER,PROVIDER REQUIRING REVIEW,1 critical-risk records; 1 high-risk records; 58.3% flagged records (Threshold: 10%)
1416354126,PHARMACY_CLAIM,1,1,100.0,1,1,2,0,1,100.0,100.0,100.0,HIGH-RISK PROVIDER,PROVIDER REQUIRING REVIEW,1 critical-risk records; 100.0% flagged records (Threshold: 10%); High average claim risk score of 100.0; High claim denial/rejection rate of 100.0%
1541564391,PHARMACY_CLAIM,1,1,100.0,1,1,3,0,1,100.0,100.0,0.0,HIGH-RISK PROVIDER,PROVIDER REQUIRING REVIEW,1 critical-risk records; 100.0% flagged records (Threshold: 10%); High average claim risk score of 100.0
1870248593,PHARMACY_CLAIM,1,1,100.0,1,1,2,0,1,94.95,94.95,100.0,HIGH-RISK PROVIDER,PROVIDER REQUIRING REVIEW,1 critical-risk records; 100.0% flagged records (Threshold: 10%); High average claim risk score of 95.0; High claim denial/rejection rate of 100.0%
1205839164,MEDICAL_CLAIM,1,1,100.0,1,1,1,0,1,89.87,89.87,0.0,HIGH-RISK PROVIDER,PROVIDER REQUIRING REVIEW,1 critical-risk records; 100.0% flagged records (Threshold: 10%); High average claim risk score of 89.9
1184379255,PHARMACY_CLAIM,1,1,100.0,0,1,3,0,1,84.68,84.68,100.0,HIGH-RISK PROVIDER,PROVIDER REQUIRING REVIEW,1 critical-risk records; 100.0% flagged records (Threshold: 10%); High average claim risk score of 84.7; High claim denial/rejection rate of 100.0%
1073295748,PHARMACY_CLAIM,1,1,100.0,0,1,3,0,1,84.62,84.62,100.0,HIGH-RISK PROVIDER,PROVIDER REQUIRING REVIEW,1 critical-risk records; 100.0% flagged records (Threshold: 10%); High average claim risk score of 84.6; High claim denial/rejection rate of 100.0%
1035687794,PHARMACY_CLAIM,1,1,100.0,1,1,1,0,1,80.0,80.0,0.0,HIGH-RISK PROVIDER,PROVIDER REQUIRING REVIEW,1 critical-risk records; 100.0% flagged records (Threshold: 10%); High average claim risk score of 80.0
1787233815,PHARMACY_CLAIM,1,1,100.0,1,1,1,0,1,80.0,80.0,100.0,HIGH-RISK PROVIDER,PROVIDER REQUIRING REVIEW,1 critical-risk records; 100.0% flagged records (Threshold: 10%); High average claim risk score of 80.0; High claim denial/rejection rate of 100.0%
1385445111,PHARMACY_CLAIM,1,1,100.0,1,1,1,0,1,79.99,79.99,100.0,HIGH-RISK PROVIDER,PROVIDER REQUIRING REVIEW,1 critical-risk records; 100.0% flagged records (Threshold: 10%); High average claim risk score of 80.0; High claim denial/rejection rate of 100.0%
1875128996,PHARMACY_CLAIM,1,1,100.0,1,1,1,0,1,79.97,79.97,0.0,HIGH-RISK PROVIDER,PROVIDER REQUIRING REVIEW,1 critical-risk records; 100.0% flagged records (Threshold: 10%); High average claim risk score of 80.0
1290118575,PHARMACY_CLAIM,1,1,100.0,1,1,1,0,1,79.96,79.96,100.0,HIGH-RISK PROVIDER,PROVIDER REQUIRING REVIEW,1 critical-risk records; 100.0% flagged records (Threshold: 10%); High average claim risk score of 80.0; High claim denial/rejection rate of 100.0%
1579193203,PHARMACY_CLAIM,1,1,100.0,1,1,1,0,1,79.95,79.95,100.0,HIGH-RISK PROVIDER,PROVIDER REQUIRING REVIEW,1 critical-risk records; 100.0% flagged records (Threshold: 10%); High average claim risk score of 80.0; High claim denial/rejection rate of 100.0%
1081528135,PHARMACY_CLAIM,1,1,100.0,1,1,1,0,1,79.94,79.94,100.0,HIGH-RISK PROVIDER,PROVIDER REQUIRING REVIEW,1 critical-risk records; 100.0% flagged records (Threshold: 10%); High average claim risk score of 79.9; High claim denial/rejection rate of 100.0%
1263476604,PHARMACY_CLAIM,1,1,100.0,1,1,1,0,1,79.93,79.93,100.0,HIGH-RISK PROVIDER,PROVIDER REQUIRING REVIEW,1 critical-risk records; 100.0% flagged records (Threshold: 10%); High average claim risk score of 79.9; High claim denial/rejection rate of 100.0%
1510427825,PHARMACY_CLAIM,1,1,100.0,1,1,1,0,1,79.91,79.91,0.0,HIGH-RISK PROVIDER,PROVIDER REQUIRING REVIEW,1 critical-risk records; 100.0% flagged records (Threshold: 10%); High average claim risk score of 79.9
1914396988,PHARMACY_CLAIM,1,1,100.0,1,1,1,0,1,79.9,79.9,0.0,HIGH-RISK PROVIDER,PROVIDER REQUIRING REVIEW,1 critical-risk records; 100.0% flagged records (Threshold: 10%); High average claim risk score of 79.9
1063193327,PHARMACY_CLAIM,1,1,100.0,1,1,1,0,1,79.88,79.88,100.0,HIGH-RISK PROVIDER,PROVIDER REQUIRING REVIEW,1 critical-risk records; 100.0% flagged records (Threshold: 10%); High average claim risk score of 79.9; High claim denial/rejection rate of 100.0%
1109448042,PHARMACY_CLAIM,1,1,100.0,1,1,1,0,1,79.88,79.88,100.0,HIGH-RISK PROVIDER,PROVIDER REQUIRING REVIEW,1 critical-risk records; 100.0% flagged records (Threshold: 10%); High average claim risk score of 79.9; High claim denial/rejection rate of 100.0%
1443711424,PHARMACY_CLAIM,1,1,100.0,1,1,1,0,1,79.85,79.85,100.0,HIGH-RISK PROVIDER,PROVIDER REQUIRING REVIEW,1 critical-risk records; 100.0% flagged records (Threshold: 10%); High average claim risk score of 79.8; High claim denial/rejection rate of 100.0%
1304059508,PHARMACY_CLAIM,1,1,100.0,1,1,1,0,1,79.84,79.84,100.0,HIGH-RISK PROVIDER,PROVIDER REQUIRING REVIEW,1 critical-risk records; 100.0% flagged records (Threshold: 10%); High average claim risk score of 79.8; High claim denial/rejection rate of 100.0%
1426970841,PHARMACY_CLAIM,1,1,100.0,1,1,1,0,1,79.8,79.8,0.0,HIGH-RISK PROVIDER,PROVIDER REQUIRING REVIEW,1 critical-risk records; 100.0% flagged records (Threshold: 10%); High average claim risk score of 79.8
1935754678,PHARMACY_CLAIM,1,1,100.0,1,1,1,0,1,79.8,79.8,100.0,HIGH-RISK PROVIDER,PROVIDER REQUIRING REVIEW,1 critical-risk records; 100.0% flagged records (Threshold: 10%); High average claim risk score of 79.8; High claim denial/rejection rate of 100.0%
1087213139,PHARMACY_CLAIM,1,1,100.0,1,1,1,0,1,79.79,79.79,0.0,HIGH-RISK PROVIDER,PROVIDER REQUIRING REVIEW,1 critical-risk records; 100.0% flagged records (Threshold: 10%); High average claim risk score of 79.8
1866266789,PHARMACY_CLAIM,1,1,100.0,1,1,1,0,1,79.78,79.78,100.0,HIGH-RISK PROVIDER,PROVIDER REQUIRING REVIEW,1 critical-risk records; 100.0% flagged records (Threshold: 10%); High average claim risk score of 79.8; High claim denial/rejection rate of 100.0%
1318224454,PHARMACY_CLAIM,1,1,100.0,0,1,2,0,1,79.77,79.77,0.0,HIGH-RISK PROVIDER,PROVIDER REQUIRING REVIEW,1 critical-risk records; 100.0% flagged records (Threshold: 10%); High average claim risk score of 79.8
1672565611,PHARMACY_CLAIM,1,1,100.0,1,1,1,0,1,79.73,79.73,0.0,HIGH-RISK PROVIDER,PROVIDER REQUIRING REVIEW,1 critical-risk records; 100.0% flagged records (Threshold: 10%); High average claim risk score of 79.7
1295604430,PHARMACY_CLAIM,1,1,100.0,0,1,2,0,1,79.68,79.68,100.0,HIGH-RISK PROVIDER,PROVIDER REQUIRING REVIEW,1 critical-risk records; 100.0% flagged records (Threshold: 10%); High average claim risk score of 79.7; High claim denial/rejection rate of 100.0%
1551868694,PHARMACY_CLAIM,1,1,100.0,0,1,4,0,1,79.44,79.44,0.0,HIGH-RISK PROVIDER,PROVIDER REQUIRING REVIEW,1 critical-risk records; 100.0% flagged records (Threshold: 10%); High average claim risk score of 79.4
1108943532,PHARMACY_CLAIM,1,1,100.0,0,1,4,0,1,79.11,79.11,0.0,HIGH-RISK PROVIDER,PROVIDER REQUIRING REVIEW,1 critical-risk records; 100.0% flagged records (Threshold: 10%); High average claim risk score of 79.1
1148843631,PHARMACY_CLAIM,1,1,100.0,0,1,3,0,1,78.92,78.92,0.0,HIGH-RISK PROVIDER,PROVIDER REQUIRING REVIEW,1 critical-risk records; 100.0% flagged records (Threshold: 10%); High average claim risk score of 78.9
1507355825,PHARMACY_CLAIM,1,1,100.0,0,1,3,0,1,78.62,78.62,0.0,HIGH-RISK PROVIDER,PROVIDER REQUIRING REVIEW,1 critical-risk records; 100.0% flagged records (Threshold: 10%); High average claim risk score of 78.6
1735620608,PHARMACY_CLAIM,1,1,100.0,0,1,3,0,1,78.14,78.14,0.0,HIGH-RISK PROVIDER,PROVIDER REQUIRING REVIEW,1 critical-risk records; 100.0% flagged records (Threshold: 10%); High average claim risk score of 78.1
1888683385,PHARMACY_CLAIM,1,1,100.0,0,1,3,0,1,77.7,77.7,0.0,HIGH-RISK PROVIDER,PROVIDER REQUIRING REVIEW,1 critical-risk records; 100.0% flagged records (Threshold: 10%); High average claim risk score of 77.7
1169301810,PHARMACY_CLAIM,1,1,100.0,0,1,3,0,1,76.66,76.66,0.0,HIGH-RISK PROVIDER,PROVIDER REQUIRING REVIEW,1 critical-risk records; 100.0% flagged records (Threshold: 10%); High average claim risk score of 76.7
1164978912,MEDICAL_CLAIM,2,2,100.0,0,1,4,0,1,55.32,79.36,0.0,HIGH-RISK PROVIDER,PROVIDER REQUIRING REVIEW,1 critical-risk records; 100.0% flagged records (Threshold: 10%); High average claim risk score of 55.3
1093702177,MEDICAL_CLAIM,2,2,100.0,0,1,4,0,1,54.32,79.01,0.0,HIGH-RISK PROVIDER,PROVIDER REQUIRING REVIEW,1 critical-risk records; 100.0% flagged records (Threshold: 10%); High average claim risk score of 54.3
1811171978,MEDICAL_CLAIM,3,3,100.0,0,1,5,0,1,44.6,79.17,0.0,HIGH-RISK PROVIDER,PROVIDER REQUIRING REVIEW,1 critical-risk records; 100.0% flagged records (Threshold: 10%); High average claim risk score of 44.6
1417985474,MEDICAL_CLAIM,2,1,50.0,0,1,4,0,1,39.87,78.65,0.0,HIGH-RISK PROVIDER,PROVIDER REQUIRING REVIEW,1 critical-risk records; 50.0% flagged records (Threshold: 10%); High average claim risk score of 39.9
1861455057,MEDICAL_CLAIM,4,4,100.0,0,1,7,0,1,39.32,78.77,0.0,HIGH-RISK PROVIDER,PROVIDER REQUIRING REVIEW,1 critical-risk records; 100.0% flagged records (Threshold: 10%); High average claim risk score of 39.3
1821341249,MEDICAL_CLAIM,5,5,100.0,0,1,7,0,1,38.73,79.55,0.0,HIGH-RISK PROVIDER,PROVIDER REQUIRING REVIEW,1 critical-risk records; 100.0% flagged records (Threshold: 10%); High average claim risk score of 38.7
1124373022,MEDICAL_CLAIM,3,2,66.67,0,1,5,0,1,37.26,78.59,0.0,HIGH-RISK PROVIDER,PROVIDER REQUIRING REVIEW,1 critical-risk records; 66.7% flagged records (Threshold: 10%); High average claim risk score of 37.3
1366425266,MEDICAL_CLAIM,4,3,75.0,0,1,5,0,1,36.71,78.64,0.0,HIGH-RISK PROVIDER,PROVIDER REQUIRING REVIEW,1 critical-risk records; 75.0% flagged records (Threshold: 10%); High average claim risk score of 36.7
1639172810,MEDICAL_CLAIM,8,8,100.0,0,1,10,0,1,34.49,79.66,0.0,HIGH-RISK PROVIDER,PROVIDER REQUIRING REVIEW,1 critical-risk records; 100.0% flagged records (Threshold: 10%)
1407119431,MEDICAL_CLAIM,4,3,75.0,0,1,5,0,1,34.15,79.49,0.0,HIGH-RISK PROVIDER,PROVIDER REQUIRING REVIEW,1 critical-risk records; 75.0% flagged records (Threshold: 10%)
1881061059,MEDICAL_CLAIM,6,5,83.33,0,1,7,0,1,31.91,79.59,0.0,HIGH-RISK PROVIDER,PROVIDER REQUIRING REVIEW,1 critical-risk records; 83.3% flagged records (Threshold: 10%)
1356643035,MEDICAL_CLAIM,3,1,33.33,0,1,3,0,1,29.42,79.1,0.0,HIGH-RISK PROVIDER,PROVIDER REQUIRING REVIEW,1 critical-risk records; 33.3% flagged records (Threshold: 10%)
1447694344,MEDICAL_CLAIM,3,1,33.33,0,1,3,0,1,29.18,78.95,0.0,HIGH-RISK PROVIDER,PROVIDER REQUIRING REVIEW,1 critical-risk records; 33.3% flagged records (Threshold: 10%)
1841258035,MEDICAL_CLAIM,5,3,60.0,0,1,5,0,1,28.78,78.64,0.0,HIGH-RISK PROVIDER,PROVIDER REQUIRING REVIEW,1 critical-risk records; 60.0% flagged records (Threshold: 10%)
1437104916,MEDICAL_CLAIM,4,2,50.0,0,1,4,0,1,28.39,79.3,0.0,HIGH-RISK PROVIDER,PROVIDER REQUIRING REVIEW,1 critical-risk records; 50.0% flagged records (Threshold: 10%)
1285083469,MEDICAL_CLAIM,12,10,83.33,0,1,12,0,1,28.05,79.11,0.0,HIGH-RISK PROVIDER,PROVIDER REQUIRING REVIEW,1 critical-risk records; 83.3% flagged records (Threshold: 10%)
1003437344,MEDICAL_CLAIM,4,2,50.0,0,1,3,0,1,27.99,79.45,0.0,HIGH-RISK PROVIDER,PROVIDER REQUIRING REVIEW,1 critical-risk records; 50.0% flagged records (Threshold: 10%)
1851562367,MEDICAL_CLAIM,5,3,60.0,0,1,5,0,1,27.08,79.31,0.0,HIGH-RISK PROVIDER,PROVIDER REQUIRING REVIEW,1 critical-risk records; 60.0% flagged records (Threshold: 10%)
1447435862,MEDICAL_CLAIM,8,5,62.5,0,1,7,0,1,25.63,78.53,0.0,HIGH-RISK PROVIDER,PROVIDER REQUIRING REVIEW,1 critical-risk records; 62.5% flagged records (Threshold: 10%)
1518337880,MEDICAL_CLAIM,8,4,50.0,0,1,6,0,1,21.82,79.18,0.0,HIGH-RISK PROVIDER,PROVIDER REQUIRING REVIEW,1 critical-risk records; 50.0% flagged records (Threshold: 10%)
1700864352,MEDICAL_CLAIM,9,2,22.22,0,1,4,0,1,15.17,78.5,0.0,HIGH-RISK PROVIDER,PROVIDER REQUIRING REVIEW,1 critical-risk records; 22.2% flagged records (Threshold: 10%)
1104288976,MEDICAL_CLAIM,37,22,59.46,0,37,21,21,0,41.34,63.49,2.7,HIGH-RISK PROVIDER,PROVIDER REQUIRING REVIEW,21 high-risk records; 59.5% flagged records (Threshold: 10%); High average claim risk score of 41.3
1538349469,MEDICAL_CLAIM,47,35,74.47,0,20,35,18,0,34.08,63.4,0.0,HIGH-RISK PROVIDER,PROVIDER REQUIRING REVIEW,18 high-risk records; 74.5% flagged records (Threshold: 10%)
1164451613,MEDICAL_CLAIM,21,18,85.71,0,19,19,17,0,48.47,74.16,0.0,HIGH-RISK PROVIDER,PROVIDER REQUIRING REVIEW,17 high-risk records; 85.7% flagged records (Threshold: 10%); High average claim risk score of 48.5
1992880736,MEDICAL_CLAIM,19,17,89.47,0,18,17,16,0,51.32,58.14,0.0,HIGH-RISK PROVIDER,PROVIDER REQUIRING REVIEW,16 high-risk records; 89.5% flagged records (Threshold: 10%); High average claim risk score of 51.3
1265532915,MEDICAL_CLAIM,15,14,93.33,0,15,14,14,0,55.33,59.36,6.67,HIGH-RISK PROVIDER,PROVIDER REQUIRING REVIEW,14 high-risk records; 93.3% flagged records (Threshold: 10%); High average claim risk score of 55.3
1801898556,MEDICAL_CLAIM,16,14,87.5,1,16,13,14,0,51.79,63.93,6.67,HIGH-RISK PROVIDER,PROVIDER REQUIRING REVIEW,14 high-risk records; 87.5% flagged records (Threshold: 10%); High average claim risk score of 51.8
1821006867,MEDICAL_CLAIM,21,17,80.95,0,17,17,14,0,44.95,64.85,0.0,HIGH-RISK PROVIDER,PROVIDER REQUIRING REVIEW,14 high-risk records; 81.0% flagged records (Threshold: 10%); High average claim risk score of 45.0
1215332762,MEDICAL_CLAIM,27,13,48.15,0,25,13,13,0,37.77,57.93,0.0,HIGH-RISK PROVIDER,PROVIDER REQUIRING REVIEW,13 high-risk records; 48.1% flagged records (Threshold: 10%); High average claim risk score of 37.8
1568664613,MEDICAL_CLAIM,16,11,68.75,0,16,11,11,0,46.31,59.33,6.25,HIGH-RISK PROVIDER,PROVIDER REQUIRING REVIEW,11 high-risk records; 68.8% flagged records (Threshold: 10%); High average claim risk score of 46.3
1619351160,MEDICAL_CLAIM,23,23,100.0,0,23,10,10,0,43.08,63.25,4.35,HIGH-RISK PROVIDER,PROVIDER REQUIRING REVIEW,10 high-risk records; 100.0% flagged records (Threshold: 10%); High average claim risk score of 43.1
1972594877,MEDICAL_CLAIM,22,10,45.45,0,20,10,10,0,36.05,57.12,0.0,HIGH-RISK PROVIDER,PROVIDER REQUIRING REVIEW,10 high-risk records; 45.5% flagged records (Threshold: 10%); High average claim risk score of 36.1
1003866740,MEDICAL_CLAIM,10,7,70.0,0,10,7,7,0,46.93,58.97,10.0,HIGH-RISK PROVIDER,PROVIDER REQUIRING REVIEW,7 high-risk records; 70.0% flagged records (Threshold: 10%); High average claim risk score of 46.9
1073552022,MEDICAL_CLAIM,18,6,33.33,0,18,7,6,0,32.53,59.46,0.0,HIGH-RISK PROVIDER,PROVIDER REQUIRING REVIEW,6 high-risk records; 33.3% flagged records (Threshold: 10%)
1326288143,MEDICAL_CLAIM,5,5,100.0,0,5,5,5,0,64.4,64.65,0.0,HIGH-RISK PROVIDER,PROVIDER REQUIRING REVIEW,5 high-risk records; 100.0% flagged records (Threshold: 10%); High average claim risk score of 64.4
1881836195,MEDICAL_CLAIM,6,5,83.33,0,6,5,5,0,53.25,64.38,16.67,HIGH-RISK PROVIDER,PROVIDER REQUIRING REVIEW,5 high-risk records; 83.3% flagged records (Threshold: 10%); High average claim risk score of 53.3
1972135390,MEDICAL_CLAIM,6,5,83.33,0,6,5,5,0,51.56,59.08,16.67,HIGH-RISK PROVIDER,PROVIDER REQUIRING REVIEW,5 high-risk records; 83.3% flagged records (Threshold: 10%); High average claim risk score of 51.6
1861686776,MEDICAL_CLAIM,4,4,100.0,0,4,4,4,0,64.17,64.43,0.0,HIGH-RISK PROVIDER,PROVIDER REQUIRING REVIEW,4 high-risk records; 100.0% flagged records (Threshold: 10%); High average claim risk score of 64.2
1780879023,MEDICAL_CLAIM,6,5,83.33,1,6,4,4,0,50.94,59.13,16.67,HIGH-RISK PROVIDER,PROVIDER REQUIRING REVIEW,4 high-risk records; 83.3% flagged records (Threshold: 10%); High average claim risk score of 50.9
1114074622,MEDICAL_CLAIM,7,7,100.0,0,3,9,4,0,45.62,64.51,0.0,HIGH-RISK PROVIDER,PROVIDER REQUIRING REVIEW,4 high-risk records; 100.0% flagged records (Threshold: 10%); High average claim risk score of 45.6
1427593896,MEDICAL_CLAIM,7,4,57.14,0,7,4,4,0,42.43,59.18,14.29,HIGH-RISK PROVIDER,PROVIDER REQUIRING REVIEW,4 high-risk records; 57.1% flagged records (Threshold: 10%); High average claim risk score of 42.4
1689760092,MEDICAL_CLAIM,8,4,50.0,0,8,4,4,0,41.59,64.57,14.29,HIGH-RISK PROVIDER,PROVIDER REQUIRING REVIEW,4 high-risk records; 50.0% flagged records (Threshold: 10%); High average claim risk score of 41.6
1578928826,MEDICAL_CLAIM,9,6,66.67,0,5,6,4,0,35.79,62.59,0.0,HIGH-RISK PROVIDER,PROVIDER REQUIRING REVIEW,4 high-risk records; 66.7% flagged records (Threshold: 10%); High average claim risk score of 35.8
1861563439,MEDICAL_CLAIM,3,3,100.0,0,3,3,3,0,63.9,64.02,0.0,HIGH-RISK PROVIDER,PROVIDER REQUIRING REVIEW,3 high-risk records; 100.0% flagged records (Threshold: 10%); High average claim risk score of 63.9
1427418276,MEDICAL_CLAIM,3,3,100.0,0,3,3,3,0,58.62,59.48,33.33,HIGH-RISK PROVIDER,PROVIDER REQUIRING REVIEW,3 high-risk records; 100.0% flagged records (Threshold: 10%); High average claim risk score of 58.6; High claim denial/rejection rate of 33.3%
1598152019,MEDICAL_CLAIM,3,3,100.0,0,3,3,3,0,58.41,59.37,33.33,HIGH-RISK PROVIDER,PROVIDER REQUIRING REVIEW,3 high-risk records; 100.0% flagged records (Threshold: 10%); High average claim risk score of 58.4; High claim denial/rejection rate of 33.3%
1316937691,MEDICAL_CLAIM,6,3,50.0,0,6,3,3,0,39.84,56.84,16.67,HIGH-RISK PROVIDER,PROVIDER REQUIRING REVIEW,3 high-risk records; 50.0% flagged records (Threshold: 10%); High average claim risk score of 39.8
1215914791,MEDICAL_CLAIM,8,3,37.5,0,8,3,3,0,35.04,56.58,12.5,HIGH-RISK PROVIDER,PROVIDER REQUIRING REVIEW,3 high-risk records; 37.5% flagged records (Threshold: 10%); High average claim risk score of 35.0
1154891562,MEDICAL_CLAIM,10,7,70.0,0,7,4,3,0,32.21,74.24,0.0,HIGH-RISK PROVIDER,PROVIDER REQUIRING REVIEW,3 high-risk records; 70.0% flagged records (Threshold: 10%)
1124430319,MEDICAL_CLAIM,20,14,70.0,0,2,16,3,0,24.92,64.41,0.0,HIGH-RISK PROVIDER,PROVIDER REQUIRING REVIEW,3 high-risk records; 70.0% flagged records (Threshold: 10%)
1477741999,MEDICAL_CLAIM,2,2,100.0,0,2,2,2,0,64.29,64.41,0.0,HIGH-RISK PROVIDER,PROVIDER REQUIRING REVIEW,2 high-risk records; 100.0% flagged records (Threshold: 10%); High average claim risk score of 64.3
1285683045,MEDICAL_CLAIM,2,2,100.0,0,2,2,2,0,64.18,64.52,0.0,HIGH-RISK PROVIDER,PROVIDER REQUIRING REVIEW,2 high-risk records; 100.0% flagged records (Threshold: 10%); High average claim risk score of 64.2
1396094017,MEDICAL_CLAIM,2,2,100.0,0,2,2,2,0,63.59,63.75,0.0,HIGH-RISK PROVIDER,PROVIDER REQUIRING REVIEW,2 high-risk records; 100.0% flagged records (Threshold: 10%); High average claim risk score of 63.6
1578560090,MEDICAL_CLAIM,2,2,100.0,0,2,2,2,0,63.47,63.47,0.0,HIGH-RISK PROVIDER,PROVIDER REQUIRING REVIEW,2 high-risk records; 100.0% flagged records (Threshold: 10%); High average claim risk score of 63.5
1467483255,MEDICAL_CLAIM,2,2,100.0,0,2,2,2,0,63.41,63.62,0.0,HIGH-RISK PROVIDER,PROVIDER REQUIRING REVIEW,2 high-risk records; 100.0% flagged records (Threshold: 10%); High average claim risk score of 63.4
1780123372,MEDICAL_CLAIM,2,2,100.0,0,2,2,2,0,63.36,63.95,0.0,HIGH-RISK PROVIDER,PROVIDER REQUIRING REVIEW,2 high-risk records; 100.0% flagged records (Threshold: 10%); High average claim risk score of 63.4
1952409765,MEDICAL_CLAIM,2,2,100.0,0,2,2,2,0,63.23,63.23,0.0,HIGH-RISK PROVIDER,PROVIDER REQUIRING REVIEW,2 high-risk records; 100.0% flagged records (Threshold: 10%); High average claim risk score of 63.2
1821239708,MEDICAL_CLAIM,2,2,100.0,0,2,2,2,0,62.77,62.97,0.0,HIGH-RISK PROVIDER,PROVIDER REQUIRING REVIEW,2 high-risk records; 100.0% flagged records (Threshold: 10%); High average claim risk score of 62.8
1821232869,MEDICAL_CLAIM,2,2,100.0,1,2,1,2,0,59.67,64.42,0.0,HIGH-RISK PROVIDER,PROVIDER REQUIRING REVIEW,2 high-risk records; 100.0% flagged records (Threshold: 10%); High average claim risk score of 59.7
1770760902,MEDICAL_CLAIM,2,2,100.0,0,2,2,2,0,59.2,59.71,50.0,HIGH-RISK PROVIDER,PROVIDER REQUIRING REVIEW,2 high-risk records; 100.0% flagged records (Threshold: 10%); High average claim risk score of 59.2; High claim denial/rejection rate of 50.0%
1366481293,MEDICAL_CLAIM,2,2,100.0,0,2,2,2,0,58.97,59.61,50.0,HIGH-RISK PROVIDER,PROVIDER REQUIRING REVIEW,2 high-risk records; 100.0% flagged records (Threshold: 10%); High average claim risk score of 59.0; High claim denial/rejection rate of 50.0%
1845678368,PRIOR_AUTH,2,2,100.0,2,2,0,2,0,54.99,54.99,100.0,HIGH-RISK PROVIDER,PROVIDER REQUIRING REVIEW,2 high-risk records; 100.0% flagged records (Threshold: 10%); High average claim risk score of 55.0; High claim denial/rejection rate of 100.0%
1530328581,PRIOR_AUTH,2,2,100.0,2,2,0,2,0,54.98,54.98,0.0,HIGH-RISK PROVIDER,PROVIDER REQUIRING REVIEW,2 high-risk records; 100.0% flagged records (Threshold: 10%); High average claim risk score of 55.0
1892223805,PHARMACY_CLAIM,2,2,100.0,2,2,0,2,0,54.88,54.88,0.0,HIGH-RISK PROVIDER,PROVIDER REQUIRING REVIEW,2 high-risk records; 100.0% flagged records (Threshold: 10%); High average claim risk score of 54.9
1280401689,PHARMACY_CLAIM,2,2,100.0,2,2,0,2,0,54.87,54.87,0.0,HIGH-RISK PROVIDER,PROVIDER REQUIRING REVIEW,2 high-risk records; 100.0% flagged records (Threshold: 10%); High average claim risk score of 54.9
1993962280,PRIOR_AUTH,2,2,100.0,0,2,2,2,0,54.86,54.86,100.0,HIGH-RISK PROVIDER,PROVIDER REQUIRING REVIEW,2 high-risk records; 100.0% flagged records (Threshold: 10%); High average claim risk score of 54.9; High claim denial/rejection rate of 100.0%
1124579929,PRIOR_AUTH,2,2,100.0,0,2,2,2,0,54.84,54.84,100.0,HIGH-RISK PROVIDER,PROVIDER REQUIRING REVIEW,2 high-risk records; 100.0% flagged records (Threshold: 10%); High average claim risk score of 54.8; High claim denial/rejection rate of 100.0%
1879206785,PRIOR_AUTH,2,2,100.0,2,2,0,2,0,54.81,54.81,0.0,HIGH-RISK PROVIDER,PROVIDER REQUIRING REVIEW,2 high-risk records; 100.0% flagged records (Threshold: 10%); High average claim risk score of 54.8
1180138860,PHARMACY_CLAIM,2,2,100.0,0,2,2,2,0,54.35,54.35,0.0,HIGH-RISK PROVIDER,PROVIDER REQUIRING REVIEW,2 high-risk records; 100.0% flagged records (Threshold: 10%); High average claim risk score of 54.4
1716003077,PHARMACY_CLAIM,2,2,100.0,0,2,2,2,0,54.31,54.31,100.0,HIGH-RISK PROVIDER,PROVIDER REQUIRING REVIEW,2 high-risk records; 100.0% flagged records (Threshold: 10%); High average claim risk score of 54.3; High claim denial/rejection rate of 100.0%
1541910389,PRIOR_AUTH,2,2,100.0,0,2,2,2,0,54.28,54.28,0.0,HIGH-RISK PROVIDER,PROVIDER REQUIRING REVIEW,2 high-risk records; 100.0% flagged records (Threshold: 10%); High average claim risk score of 54.3
1039979042,PRIOR_AUTH,2,2,100.0,0,2,2,2,0,54.12,54.12,0.0,HIGH-RISK PROVIDER,PROVIDER REQUIRING REVIEW,2 high-risk records; 100.0% flagged records (Threshold: 10%); High average claim risk score of 54.1
1631923864,PHARMACY_CLAIM,2,2,100.0,0,2,2,2,0,53.78,53.78,0.0,HIGH-RISK PROVIDER,PROVIDER REQUIRING REVIEW,2 high-risk records; 100.0% flagged records (Threshold: 10%); High average claim risk score of 53.8
1479140045,PHARMACY_CLAIM,2,2,100.0,0,2,2,2,0,53.67,53.67,0.0,HIGH-RISK PROVIDER,PROVIDER REQUIRING REVIEW,2 high-risk records; 100.0% flagged records (Threshold: 10%); High average claim risk score of 53.7
1713291579,PHARMACY_CLAIM,2,2,100.0,0,2,2,2,0,53.66,53.66,0.0,HIGH-RISK PROVIDER,PROVIDER REQUIRING REVIEW,2 high-risk records; 100.0% flagged records (Threshold: 10%); High average claim risk score of 53.7
1877825519,PHARMACY_CLAIM,2,2,100.0,0,2,2,2,0,53.23,53.23,0.0,HIGH-RISK PROVIDER,PROVIDER REQUIRING REVIEW,2 high-risk records; 100.0% flagged records (Threshold: 10%); High average claim risk score of 53.2
1184138356,MEDICAL_CLAIM,3,3,100.0,0,3,2,2,0,51.56,63.07,0.0,HIGH-RISK PROVIDER,PROVIDER REQUIRING REVIEW,2 high-risk records; 100.0% flagged records (Threshold: 10%); High average claim risk score of 51.6
1205344603,MEDICAL_CLAIM,3,2,66.67,0,2,4,2,0,49.21,74.42,0.0,HIGH-RISK PROVIDER,PROVIDER REQUIRING REVIEW,2 high-risk records; 66.7% flagged records (Threshold: 10%); High average claim risk score of 49.2
1184884678,MEDICAL_CLAIM,3,2,66.67,0,3,2,2,0,47.19,59.0,33.33,HIGH-RISK PROVIDER,PROVIDER REQUIRING REVIEW,2 high-risk records; 66.7% flagged records (Threshold: 10%); High average claim risk score of 47.2; High claim denial/rejection rate of 33.3%
1700816683,MEDICAL_CLAIM,4,4,100.0,0,4,2,2,0,44.42,62.33,0.0,HIGH-RISK PROVIDER,PROVIDER REQUIRING REVIEW,2 high-risk records; 100.0% flagged records (Threshold: 10%); High average claim risk score of 44.4
1316233174,MEDICAL_CLAIM,3,2,66.67,0,2,2,2,0,44.14,64.21,0.0,HIGH-RISK PROVIDER,PROVIDER REQUIRING REVIEW,2 high-risk records; 66.7% flagged records (Threshold: 10%); High average claim risk score of 44.1
1245283530,MEDICAL_CLAIM,6,6,100.0,0,4,5,2,0,41.36,74.64,0.0,HIGH-RISK PROVIDER,PROVIDER REQUIRING REVIEW,2 high-risk records; 100.0% flagged records (Threshold: 10%); High average claim risk score of 41.4
1679931646,MEDICAL_CLAIM,7,5,71.43,0,4,5,2,0,34.55,55.73,0.0,HIGH-RISK PROVIDER,PROVIDER REQUIRING REVIEW,2 high-risk records; 71.4% flagged records (Threshold: 10%)
1639534290,MEDICAL_CLAIM,7,6,85.71,0,2,6,2,0,33.44,63.91,0.0,HIGH-RISK PROVIDER,PROVIDER REQUIRING REVIEW,2 high-risk records; 85.7% flagged records (Threshold: 10%)
1225528151,MEDICAL_CLAIM,12,7,58.33,0,4,7,2,0,25.66,64.8,0.0,HIGH-RISK PROVIDER,PROVIDER REQUIRING REVIEW,2 high-risk records; 58.3% flagged records (Threshold: 10%)
1669830832,MEDICAL_CLAIM,13,8,61.54,0,2,8,2,0,22.5,63.94,0.0,HIGH-RISK PROVIDER,PROVIDER REQUIRING REVIEW,2 high-risk records; 61.5% flagged records (Threshold: 10%)
1508010836,MEDICAL_CLAIM,8,3,37.5,0,2,3,2,0,19.76,63.9,0.0,HIGH-RISK PROVIDER,PROVIDER REQUIRING REVIEW,2 high-risk records; 37.5% flagged records (Threshold: 10%)
1985224018,PHARMACY_CLAIM,1,1,100.0,1,1,1,1,0,74.99,74.99,100.0,HIGH-RISK PROVIDER,PROVIDER REQUIRING REVIEW,1 high-risk records; 100.0% flagged records (Threshold: 10%); High average claim risk score of 75.0; High claim denial/rejection rate of 100.0%
1461244432,PRIOR_AUTH,1,1,100.0,1,1,1,1,0,74.88,74.88,100.0,HIGH-RISK PROVIDER,PROVIDER REQUIRING REVIEW,1 high-risk records; 100.0% flagged records (Threshold: 10%); High average claim risk score of 74.9; High claim denial/rejection rate of 100.0%
1412883052,PRIOR_AUTH,1,1,100.0,1,1,1,1,0,74.85,74.85,0.0,HIGH-RISK PROVIDER,PROVIDER REQUIRING REVIEW,1 high-risk records; 100.0% flagged records (Threshold: 10%); High average claim risk score of 74.8
1969768904,PHARMACY_CLAIM,1,1,100.0,1,1,1,1,0,74.85,74.85,100.0,HIGH-RISK PROVIDER,PROVIDER REQUIRING REVIEW,1 high-risk records; 100.0% flagged records (Threshold: 10%); High average claim risk score of 74.8; High claim denial/rejection rate of 100.0%
1119210650,PHARMACY_CLAIM,1,1,100.0,0,1,2,1,0,74.76,74.76,100.0,HIGH-RISK PROVIDER,PROVIDER REQUIRING REVIEW,1 high-risk records; 100.0% flagged records (Threshold: 10%); High average claim risk score of 74.8; High claim denial/rejection rate of 100.0%
1560517239,PHARMACY_CLAIM,1,1,100.0,0,1,2,1,0,74.66,74.66,0.0,HIGH-RISK PROVIDER,PROVIDER REQUIRING REVIEW,1 high-risk records; 100.0% flagged records (Threshold: 10%); High average claim risk score of 74.7
1922258367,MEDICAL_CLAIM,1,1,100.0,0,1,2,1,0,74.6,74.6,0.0,HIGH-RISK PROVIDER,PROVIDER REQUIRING REVIEW,1 high-risk records; 100.0% flagged records (Threshold: 10%); High average claim risk score of 74.6
1383304048,PHARMACY_CLAIM,1,1,100.0,0,1,2,1,0,74.58,74.58,0.0,HIGH-RISK PROVIDER,PROVIDER REQUIRING REVIEW,1 high-risk records; 100.0% flagged records (Threshold: 10%); High average claim risk score of 74.6
1160754643,PHARMACY_CLAIM,1,1,100.0,0,1,2,1,0,74.51,74.51,0.0,HIGH-RISK PROVIDER,PROVIDER REQUIRING REVIEW,1 high-risk records; 100.0% flagged records (Threshold: 10%); High average claim risk score of 74.5
1010392038,PHARMACY_CLAIM,1,1,100.0,0,1,2,1,0,74.37,74.37,0.0,HIGH-RISK PROVIDER,PROVIDER REQUIRING REVIEW,1 high-risk records; 100.0% flagged records (Threshold: 10%); High average claim risk score of 74.4
1950052993,PHARMACY_CLAIM,1,1,100.0,0,1,2,1,0,74.03,74.03,0.0,HIGH-RISK PROVIDER,PROVIDER REQUIRING REVIEW,1 high-risk records; 100.0% flagged records (Threshold: 10%); High average claim risk score of 74.0
1257244567,PHARMACY_CLAIM,1,1,100.0,0,1,3,1,0,74.01,74.01,100.0,HIGH-RISK PROVIDER,PROVIDER REQUIRING REVIEW,1 high-risk records; 100.0% flagged records (Threshold: 10%); High average claim risk score of 74.0; High claim denial/rejection rate of 100.0%
1419231348,PHARMACY_CLAIM,1,1,100.0,0,1,2,1,0,73.47,73.47,0.0,HIGH-RISK PROVIDER,PROVIDER REQUIRING REVIEW,1 high-risk records; 100.0% flagged records (Threshold: 10%); High average claim risk score of 73.5
1307832067,PHARMACY_CLAIM,1,1,100.0,0,1,2,1,0,73.2,73.2,0.0,HIGH-RISK PROVIDER,PROVIDER REQUIRING REVIEW,1 high-risk records; 100.0% flagged records (Threshold: 10%); High average claim risk score of 73.2
1418661594,PHARMACY_CLAIM,1,1,100.0,0,1,2,1,0,72.29,72.29,0.0,HIGH-RISK PROVIDER,PROVIDER REQUIRING REVIEW,1 high-risk records; 100.0% flagged records (Threshold: 10%); High average claim risk score of 72.3
1274003795,PHARMACY_CLAIM,1,1,100.0,0,1,2,1,0,69.63,69.63,0.0,HIGH-RISK PROVIDER,PROVIDER REQUIRING REVIEW,1 high-risk records; 100.0% flagged records (Threshold: 10%); High average claim risk score of 69.6
1640525944,PHARMACY_CLAIM,1,1,100.0,0,1,2,1,0,69.61,69.61,0.0,HIGH-RISK PROVIDER,PROVIDER REQUIRING REVIEW,1 high-risk records; 100.0% flagged records (Threshold: 10%); High average claim risk score of 69.6
1333112986,PHARMACY_CLAIM,1,1,100.0,0,1,3,1,0,66.0,66.0,0.0,HIGH-RISK PROVIDER,PROVIDER REQUIRING REVIEW,1 high-risk records; 100.0% flagged records (Threshold: 10%); High average claim risk score of 66.0
1927879328,PHARMACY_CLAIM,1,1,100.0,0,1,2,1,0,64.23,64.23,100.0,HIGH-RISK PROVIDER,PROVIDER REQUIRING REVIEW,1 high-risk records; 100.0% flagged records (Threshold: 10%); High average claim risk score of 64.2; High claim denial/rejection rate of 100.0%
1851397475,MEDICAL_CLAIM,1,1,100.0,0,1,1,1,0,64.05,64.05,0.0,HIGH-RISK PROVIDER,PROVIDER REQUIRING REVIEW,1 high-risk records; 100.0% flagged records (Threshold: 10%); High average claim risk score of 64.0
1023177250,MEDICAL_CLAIM,1,1,100.0,0,1,1,1,0,63.96,63.96,0.0,HIGH-RISK PROVIDER,PROVIDER REQUIRING REVIEW,1 high-risk records; 100.0% flagged records (Threshold: 10%); High average claim risk score of 64.0
1174857825,MEDICAL_CLAIM,1,1,100.0,0,1,1,1,0,63.95,63.95,0.0,HIGH-RISK PROVIDER,PROVIDER REQUIRING REVIEW,1 high-risk records; 100.0% flagged records (Threshold: 10%); High average claim risk score of 64.0
1265460794,MEDICAL_CLAIM,1,1,100.0,0,1,1,1,0,63.94,63.94,0.0,HIGH-RISK PROVIDER,PROVIDER REQUIRING REVIEW,1 high-risk records; 100.0% flagged records (Threshold: 10%); High average claim risk score of 63.9
1518963230,MEDICAL_CLAIM,1,1,100.0,0,1,1,1,0,63.91,63.91,0.0,HIGH-RISK PROVIDER,PROVIDER REQUIRING REVIEW,1 high-risk records; 100.0% flagged records (Threshold: 10%); High average claim risk score of 63.9
1053839795,MEDICAL_CLAIM,1,1,100.0,0,1,1,1,0,63.84,63.84,0.0,HIGH-RISK PROVIDER,PROVIDER REQUIRING REVIEW,1 high-risk records; 100.0% flagged records (Threshold: 10%); High average claim risk score of 63.8
1730305004,MEDICAL_CLAIM,1,1,100.0,0,1,1,1,0,63.75,63.75,0.0,HIGH-RISK PROVIDER,PROVIDER REQUIRING REVIEW,1 high-risk records; 100.0% flagged records (Threshold: 10%); High average claim risk score of 63.8
1376088930,MEDICAL_CLAIM,1,1,100.0,0,1,1,1,0,63.71,63.71,0.0,HIGH-RISK PROVIDER,PROVIDER REQUIRING REVIEW,1 high-risk records; 100.0% flagged records (Threshold: 10%); High average claim risk score of 63.7
1417284043,MEDICAL_CLAIM,1,1,100.0,0,1,1,1,0,63.59,63.59,0.0,HIGH-RISK PROVIDER,PROVIDER REQUIRING REVIEW,1 high-risk records; 100.0% flagged records (Threshold: 10%); High average claim risk score of 63.6
1497760243,MEDICAL_CLAIM,1,1,100.0,0,1,1,1,0,63.58,63.58,0.0,HIGH-RISK PROVIDER,PROVIDER REQUIRING REVIEW,1 high-risk records; 100.0% flagged records (Threshold: 10%); High average claim risk score of 63.6
1669461281,MEDICAL_CLAIM,1,1,100.0,0,1,1,1,0,63.49,63.49,0.0,HIGH-RISK PROVIDER,PROVIDER REQUIRING REVIEW,1 high-risk records; 100.0% flagged records (Threshold: 10%); High average claim risk score of 63.5
1467413906,MEDICAL_CLAIM,1,1,100.0,0,1,1,1,0,63.32,63.32,0.0,HIGH-RISK PROVIDER,PROVIDER REQUIRING REVIEW,1 high-risk records; 100.0% flagged records (Threshold: 10%); High average claim risk score of 63.3
1548278476,MEDICAL_CLAIM,1,1,100.0,0,1,1,1,0,63.27,63.27,0.0,HIGH-RISK PROVIDER,PROVIDER REQUIRING REVIEW,1 high-risk records; 100.0% flagged records (Threshold: 10%); High average claim risk score of 63.3
1316037633,MEDICAL_CLAIM,1,1,100.0,0,1,1,1,0,63.22,63.22,0.0,HIGH-RISK PROVIDER,PROVIDER REQUIRING REVIEW,1 high-risk records; 100.0% flagged records (Threshold: 10%); High average claim risk score of 63.2
1867536255,PHARMACY_CLAIM,1,1,100.0,0,1,2,1,0,63.15,63.15,0.0,HIGH-RISK PROVIDER,PROVIDER REQUIRING REVIEW,1 high-risk records; 100.0% flagged records (Threshold: 10%); High average claim risk score of 63.1
1934720606,PHARMACY_CLAIM,1,1,100.0,0,1,2,1,0,63.06,63.06,0.0,HIGH-RISK PROVIDER,PROVIDER REQUIRING REVIEW,1 high-risk records; 100.0% flagged records (Threshold: 10%); High average claim risk score of 63.1
1033538413,PHARMACY_CLAIM,1,1,100.0,0,1,2,1,0,62.9,62.9,0.0,HIGH-RISK PROVIDER,PROVIDER REQUIRING REVIEW,1 high-risk records; 100.0% flagged records (Threshold: 10%); High average claim risk score of 62.9
1483653031,PHARMACY_CLAIM,1,1,100.0,0,1,2,1,0,62.62,62.62,100.0,HIGH-RISK PROVIDER,PROVIDER REQUIRING REVIEW,1 high-risk records; 100.0% flagged records (Threshold: 10%); High average claim risk score of 62.6; High claim denial/rejection rate of 100.0%
1053853234,MEDICAL_CLAIM,1,1,100.0,0,1,1,1,0,62.41,62.41,0.0,HIGH-RISK PROVIDER,PROVIDER REQUIRING REVIEW,1 high-risk records; 100.0% flagged records (Threshold: 10%); High average claim risk score of 62.4
1348449180,PHARMACY_CLAIM,1,1,100.0,0,1,2,1,0,62.37,62.37,100.0,HIGH-RISK PROVIDER,PROVIDER REQUIRING REVIEW,1 high-risk records; 100.0% flagged records (Threshold: 10%); High average claim risk score of 62.4; High claim denial/rejection rate of 100.0%
1346241213,MEDICAL_CLAIM,1,1,100.0,0,1,1,1,0,62.03,62.03,0.0,HIGH-RISK PROVIDER,PROVIDER REQUIRING REVIEW,1 high-risk records; 100.0% flagged records (Threshold: 10%); High average claim risk score of 62.0
1046221895,PHARMACY_CLAIM,1,1,100.0,0,1,2,1,0,61.99,61.99,0.0,HIGH-RISK PROVIDER,PROVIDER REQUIRING REVIEW,1 high-risk records; 100.0% flagged records (Threshold: 10%); High average claim risk score of 62.0
1439593985,PHARMACY_CLAIM,1,1,100.0,0,1,2,1,0,60.91,60.91,0.0,HIGH-RISK PROVIDER,PROVIDER REQUIRING REVIEW,1 high-risk records; 100.0% flagged records (Threshold: 10%); High average claim risk score of 60.9
1684175280,PHARMACY_CLAIM,1,1,100.0,0,1,2,1,0,60.22,60.22,0.0,HIGH-RISK PROVIDER,PROVIDER REQUIRING REVIEW,1 high-risk records; 100.0% flagged records (Threshold: 10%); High average claim risk score of 60.2
1790056877,MEDICAL_CLAIM,1,1,100.0,0,1,1,1,0,59.78,59.78,100.0,HIGH-RISK PROVIDER,PROVIDER REQUIRING REVIEW,1 high-risk records; 100.0% flagged records (Threshold: 10%); High average claim risk score of 59.8; High claim denial/rejection rate of 100.0%
1659330496,MEDICAL_CLAIM,1,1,100.0,0,1,1,1,0,59.65,59.65,0.0,HIGH-RISK PROVIDER,PROVIDER REQUIRING REVIEW,1 high-risk records; 100.0% flagged records (Threshold: 10%); High average claim risk score of 59.6
1306164082,MEDICAL_CLAIM,1,1,100.0,0,1,1,1,0,59.64,59.64,0.0,HIGH-RISK PROVIDER,PROVIDER REQUIRING REVIEW,1 high-risk records; 100.0% flagged records (Threshold: 10%); High average claim risk score of 59.6
1619597143,MEDICAL_CLAIM,1,1,100.0,0,1,1,1,0,59.63,59.63,100.0,HIGH-RISK PROVIDER,PROVIDER REQUIRING REVIEW,1 high-risk records; 100.0% flagged records (Threshold: 10%); High average claim risk score of 59.6; High claim denial/rejection rate of 100.0%
1891181517,MEDICAL_CLAIM,1,1,100.0,0,1,1,1,0,59.61,59.61,100.0,HIGH-RISK PROVIDER,PROVIDER REQUIRING REVIEW,1 high-risk records; 100.0% flagged records (Threshold: 10%); High average claim risk score of 59.6; High claim denial/rejection rate of 100.0%
1215907951,MEDICAL_CLAIM,1,1,100.0,0,1,1,1,0,59.58,59.58,100.0,HIGH-RISK PROVIDER,PROVIDER REQUIRING REVIEW,1 high-risk records; 100.0% flagged records (Threshold: 10%); High average claim risk score of 59.6; High claim denial/rejection rate of 100.0%
1118563477,PHARMACY_CLAIM,1,1,100.0,0,1,1,1,0,59.2,59.2,100.0,HIGH-RISK PROVIDER,PROVIDER REQUIRING REVIEW,1 high-risk records; 100.0% flagged records (Threshold: 10%); High average claim risk score of 59.2; High claim denial/rejection rate of 100.0%
1104747811,PHARMACY_CLAIM,1,1,100.0,0,1,1,1,0,59.06,59.06,0.0,HIGH-RISK PROVIDER,PROVIDER REQUIRING REVIEW,1 high-risk records; 100.0% flagged records (Threshold: 10%); High average claim risk score of 59.1
1275783615,MEDICAL_CLAIM,1,1,100.0,0,1,1,1,0,58.69,58.69,0.0,HIGH-RISK PROVIDER,PROVIDER REQUIRING REVIEW,1 high-risk records; 100.0% flagged records (Threshold: 10%); High average claim risk score of 58.7
1650814205,PHARMACY_CLAIM,1,1,100.0,0,1,2,1,0,57.94,57.94,0.0,HIGH-RISK PROVIDER,PROVIDER REQUIRING REVIEW,1 high-risk records; 100.0% flagged records (Threshold: 10%); High average claim risk score of 57.9
1962890723,MEDICAL_CLAIM,1,1,100.0,0,1,1,1,0,57.83,57.83,0.0,HIGH-RISK PROVIDER,PROVIDER REQUIRING REVIEW,1 high-risk records; 100.0% flagged records (Threshold: 10%); High average claim risk score of 57.8
1487655064,MEDICAL_CLAIM,1,1,100.0,0,1,1,1,0,57.04,57.04,0.0,HIGH-RISK PROVIDER,PROVIDER REQUIRING REVIEW,1 high-risk records; 100.0% flagged records (Threshold: 10%); High average claim risk score of 57.0
1916005274,PHARMACY_CLAIM,1,1,100.0,1,1,0,1,0,54.99,54.99,100.0,HIGH-RISK PROVIDER,PROVIDER REQUIRING REVIEW,1 high-risk records; 100.0% flagged records (Threshold: 10%); High average claim risk score of 55.0; High claim denial/rejection rate of 100.0%
1175046843,PHARMACY_CLAIM,1,1,100.0,1,1,0,1,0,54.97,54.97,100.0,HIGH-RISK PROVIDER,PROVIDER REQUIRING REVIEW,1 high-risk records; 100.0% flagged records (Threshold: 10%); High average claim risk score of 55.0; High claim denial/rejection rate of 100.0%
1630088017,PHARMACY_CLAIM,1,1,100.0,1,1,0,1,0,54.96,54.96,100.0,HIGH-RISK PROVIDER,PROVIDER REQUIRING REVIEW,1 high-risk records; 100.0% flagged records (Threshold: 10%); High average claim risk score of 55.0; High claim denial/rejection rate of 100.0%
1912368008,PHARMACY_CLAIM,1,1,100.0,1,1,0,1,0,54.96,54.96,100.0,HIGH-RISK PROVIDER,PROVIDER REQUIRING REVIEW,1 high-risk records; 100.0% flagged records (Threshold: 10%); High average claim risk score of 55.0; High claim denial/rejection rate of 100.0%
1135678662,PRIOR_AUTH,1,1,100.0,1,1,0,1,0,54.95,54.95,0.0,HIGH-RISK PROVIDER,PROVIDER REQUIRING REVIEW,1 high-risk records; 100.0% flagged records (Threshold: 10%); High average claim risk score of 55.0
1149766173,PHARMACY_CLAIM,1,1,100.0,1,1,0,1,0,54.95,54.95,0.0,HIGH-RISK PROVIDER,PROVIDER REQUIRING REVIEW,1 high-risk records; 100.0% flagged records (Threshold: 10%); High average claim risk score of 55.0
1777282363,PRIOR_AUTH,1,1,100.0,1,1,0,1,0,54.94,54.94,0.0,HIGH-RISK PROVIDER,PROVIDER REQUIRING REVIEW,1 high-risk records; 100.0% flagged records (Threshold: 10%); High average claim risk score of 54.9
1700720819,PHARMACY_CLAIM,1,1,100.0,1,1,0,1,0,54.93,54.93,100.0,HIGH-RISK PROVIDER,PROVIDER REQUIRING REVIEW,1 high-risk records; 100.0% flagged records (Threshold: 10%); High average claim risk score of 54.9; High claim denial/rejection rate of 100.0%
1064168062,PHARMACY_CLAIM,1,1,100.0,1,1,0,1,0,54.92,54.92,100.0,HIGH-RISK PROVIDER,PROVIDER REQUIRING REVIEW,1 high-risk records; 100.0% flagged records (Threshold: 10%); High average claim risk score of 54.9; High claim denial/rejection rate of 100.0%
1153054014,PHARMACY_CLAIM,1,1,100.0,1,1,0,1,0,54.92,54.92,0.0,HIGH-RISK PROVIDER,PROVIDER REQUIRING REVIEW,1 high-risk records; 100.0% flagged records (Threshold: 10%); High average claim risk score of 54.9
1246411182,PRIOR_AUTH,1,1,100.0,1,1,0,1,0,54.92,54.92,0.0,HIGH-RISK PROVIDER,PROVIDER REQUIRING REVIEW,1 high-risk records; 100.0% flagged records (Threshold: 10%); High average claim risk score of 54.9
1350476389,PHARMACY_CLAIM,1,1,100.0,1,1,0,1,0,54.91,54.91,100.0,HIGH-RISK PROVIDER,PROVIDER REQUIRING REVIEW,1 high-risk records; 100.0% flagged records (Threshold: 10%); High average claim risk score of 54.9; High claim denial/rejection rate of 100.0%
1442131997,PRIOR_AUTH,1,1,100.0,1,1,0,1,0,54.89,54.89,0.0,HIGH-RISK PROVIDER,PROVIDER REQUIRING REVIEW,1 high-risk records; 100.0% flagged records (Threshold: 10%); High average claim risk score of 54.9
1336345578,MEDICAL_CLAIM,1,1,100.0,1,1,0,1,0,54.88,54.88,0.0,HIGH-RISK PROVIDER,PROVIDER REQUIRING REVIEW,1 high-risk records; 100.0% flagged records (Threshold: 10%); High average claim risk score of 54.9
1527052585,PRIOR_AUTH,1,1,100.0,1,1,0,1,0,54.88,54.88,0.0,HIGH-RISK PROVIDER,PROVIDER REQUIRING REVIEW,1 high-risk records; 100.0% flagged records (Threshold: 10%); High average claim risk score of 54.9
1868703648,PHARMACY_CLAIM,1,1,100.0,1,1,0,1,0,54.87,54.87,100.0,HIGH-RISK PROVIDER,PROVIDER REQUIRING REVIEW,1 high-risk records; 100.0% flagged records (Threshold: 10%); High average claim risk score of 54.9; High claim denial/rejection rate of 100.0%
1364082830,PHARMACY_CLAIM,1,1,100.0,0,1,1,1,0,54.86,54.86,100.0,HIGH-RISK PROVIDER,PROVIDER REQUIRING REVIEW,1 high-risk records; 100.0% flagged records (Threshold: 10%); High average claim risk score of 54.9; High claim denial/rejection rate of 100.0%
1863820666,PHARMACY_CLAIM,1,1,100.0,1,1,0,1,0,54.86,54.86,100.0,HIGH-RISK PROVIDER,PROVIDER REQUIRING REVIEW,1 high-risk records; 100.0% flagged records (Threshold: 10%); High average claim risk score of 54.9; High claim denial/rejection rate of 100.0%
1680920934,PHARMACY_CLAIM,1,1,100.0,0,1,1,1,0,54.84,54.84,100.0,HIGH-RISK PROVIDER,PROVIDER REQUIRING REVIEW,1 high-risk records; 100.0% flagged records (Threshold: 10%); High average claim risk score of 54.8; High claim denial/rejection rate of 100.0%
1802748919,PHARMACY_CLAIM,1,1,100.0,1,1,0,1,0,54.84,54.84,0.0,HIGH-RISK PROVIDER,PROVIDER REQUIRING REVIEW,1 high-risk records; 100.0% flagged records (Threshold: 10%); High average claim risk score of 54.8
1556002386,PHARMACY_CLAIM,1,1,100.0,1,1,0,1,0,54.82,54.82,100.0,HIGH-RISK PROVIDER,PROVIDER REQUIRING REVIEW,1 high-risk records; 100.0% flagged records (Threshold: 10%); High average claim risk score of 54.8; High claim denial/rejection rate of 100.0%
1793043147,PHARMACY_CLAIM,1,1,100.0,0,1,1,1,0,54.82,54.82,100.0,HIGH-RISK PROVIDER,PROVIDER REQUIRING REVIEW,1 high-risk records; 100.0% flagged records (Threshold: 10%); High average claim risk score of 54.8; High claim denial/rejection rate of 100.0%
1708419735,PHARMACY_CLAIM,1,1,100.0,0,1,1,1,0,54.81,54.81,0.0,HIGH-RISK PROVIDER,PROVIDER REQUIRING REVIEW,1 high-risk records; 100.0% flagged records (Threshold: 10%); High average claim risk score of 54.8
1729596422,PHARMACY_CLAIM,1,1,100.0,0,1,1,1,0,54.81,54.81,100.0,HIGH-RISK PROVIDER,PROVIDER REQUIRING REVIEW,1 high-risk records; 100.0% flagged records (Threshold: 10%); High average claim risk score of 54.8; High claim denial/rejection rate of 100.0%
1844947669,PHARMACY_CLAIM,1,1,100.0,1,1,0,1,0,54.81,54.81,0.0,HIGH-RISK PROVIDER,PROVIDER REQUIRING REVIEW,1 high-risk records; 100.0% flagged records (Threshold: 10%); High average claim risk score of 54.8
1895131053,PHARMACY_CLAIM,1,1,100.0,0,1,1,1,0,54.76,54.76,100.0,HIGH-RISK PROVIDER,PROVIDER REQUIRING REVIEW,1 high-risk records; 100.0% flagged records (Threshold: 10%); High average claim risk score of 54.8; High claim denial/rejection rate of 100.0%
1505010061,PHARMACY_CLAIM,1,1,100.0,0,1,1,1,0,54.75,54.75,0.0,HIGH-RISK PROVIDER,PROVIDER REQUIRING REVIEW,1 high-risk records; 100.0% flagged records (Threshold: 10%); High average claim risk score of 54.8
1558525099,PHARMACY_CLAIM,1,1,100.0,0,1,1,1,0,54.75,54.75,0.0,HIGH-RISK PROVIDER,PROVIDER REQUIRING REVIEW,1 high-risk records; 100.0% flagged records (Threshold: 10%); High average claim risk score of 54.8
1377119058,PHARMACY_CLAIM,1,1,100.0,0,1,1,1,0,54.74,54.74,0.0,HIGH-RISK PROVIDER,PROVIDER REQUIRING REVIEW,1 high-risk records; 100.0% flagged records (Threshold: 10%); High average claim risk score of 54.7
1461396856,PHARMACY_CLAIM,1,1,100.0,0,1,1,1,0,54.72,54.72,0.0,HIGH-RISK PROVIDER,PROVIDER REQUIRING REVIEW,1 high-risk records; 100.0% flagged records (Threshold: 10%); High average claim risk score of 54.7
1167962802,PHARMACY_CLAIM,1,1,100.0,0,1,1,1,0,54.7,54.7,100.0,HIGH-RISK PROVIDER,PROVIDER REQUIRING REVIEW,1 high-risk records; 100.0% flagged records (Threshold: 10%); High average claim risk score of 54.7; High claim denial/rejection rate of 100.0%
1720064434,PHARMACY_CLAIM,1,1,100.0,0,1,1,1,0,54.7,54.7,0.0,HIGH-RISK PROVIDER,PROVIDER REQUIRING REVIEW,1 high-risk records; 100.0% flagged records (Threshold: 10%); High average claim risk score of 54.7
1132267014,PHARMACY_CLAIM,1,1,100.0,0,1,1,1,0,54.68,54.68,0.0,HIGH-RISK PROVIDER,PROVIDER REQUIRING REVIEW,1 high-risk records; 100.0% flagged records (Threshold: 10%); High average claim risk score of 54.7
1395921470,PHARMACY_CLAIM,1,1,100.0,0,1,1,1,0,54.67,54.67,100.0,HIGH-RISK PROVIDER,PROVIDER REQUIRING REVIEW,1 high-risk records; 100.0% flagged records (Threshold: 10%); High average claim risk score of 54.7; High claim denial/rejection rate of 100.0%
1502049183,PRIOR_AUTH,1,1,100.0,0,1,1,1,0,54.67,54.67,100.0,HIGH-RISK PROVIDER,PROVIDER REQUIRING REVIEW,1 high-risk records; 100.0% flagged records (Threshold: 10%); High average claim risk score of 54.7; High claim denial/rejection rate of 100.0%
1794322091,PHARMACY_CLAIM,1,1,100.0,0,1,1,1,0,54.67,54.67,0.0,HIGH-RISK PROVIDER,PROVIDER REQUIRING REVIEW,1 high-risk records; 100.0% flagged records (Threshold: 10%); High average claim risk score of 54.7
1399546924,PHARMACY_CLAIM,1,1,100.0,0,1,1,1,0,54.66,54.66,0.0,HIGH-RISK PROVIDER,PROVIDER REQUIRING REVIEW,1 high-risk records; 100.0% flagged records (Threshold: 10%); High average claim risk score of 54.7
1808984662,PHARMACY_CLAIM,1,1,100.0,0,1,1,1,0,54.66,54.66,0.0,HIGH-RISK PROVIDER,PROVIDER REQUIRING REVIEW,1 high-risk records; 100.0% flagged records (Threshold: 10%); High average claim risk score of 54.7
1235969639,PHARMACY_CLAIM,1,1,100.0,0,1,1,1,0,54.62,54.62,100.0,HIGH-RISK PROVIDER,PROVIDER REQUIRING REVIEW,1 high-risk records; 100.0% flagged records (Threshold: 10%); High average claim risk score of 54.6; High claim denial/rejection rate of 100.0%
1528164887,PHARMACY_CLAIM,1,1,100.0,0,1,1,1,0,54.6,54.6,100.0,HIGH-RISK PROVIDER,PROVIDER REQUIRING REVIEW,1 high-risk records; 100.0% flagged records (Threshold: 10%); High average claim risk score of 54.6; High claim denial/rejection rate of 100.0%
1254204165,PHARMACY_CLAIM,1,1,100.0,0,1,1,1,0,54.58,54.58,0.0,HIGH-RISK PROVIDER,PROVIDER REQUIRING REVIEW,1 high-risk records; 100.0% flagged records (Threshold: 10%); High average claim risk score of 54.6
1551929601,PHARMACY_CLAIM,1,1,100.0,0,1,1,1,0,54.56,54.56,0.0,HIGH-RISK PROVIDER,PROVIDER REQUIRING REVIEW,1 high-risk records; 100.0% flagged records (Threshold: 10%); High average claim risk score of 54.6
1688891117,PHARMACY_CLAIM,1,1,100.0,0,1,1,1,0,54.55,54.55,0.0,HIGH-RISK PROVIDER,PROVIDER REQUIRING REVIEW,1 high-risk records; 100.0% flagged records (Threshold: 10%); High average claim risk score of 54.5
1621410659,PHARMACY_CLAIM,1,1,100.0,0,1,1,1,0,54.54,54.54,100.0,HIGH-RISK PROVIDER,PROVIDER REQUIRING REVIEW,1 high-risk records; 100.0% flagged records (Threshold: 10%); High average claim risk score of 54.5; High claim denial/rejection rate of 100.0%
1596125668,PHARMACY_CLAIM,1,1,100.0,0,1,1,1,0,54.5,54.5,0.0,HIGH-RISK PROVIDER,PROVIDER REQUIRING REVIEW,1 high-risk records; 100.0% flagged records (Threshold: 10%); High average claim risk score of 54.5
1903004042,PHARMACY_CLAIM,1,1,100.0,0,1,1,1,0,54.46,54.46,100.0,HIGH-RISK PROVIDER,PROVIDER REQUIRING REVIEW,1 high-risk records; 100.0% flagged records (Threshold: 10%); High average claim risk score of 54.5; High claim denial/rejection rate of 100.0%
1505096372,PHARMACY_CLAIM,1,1,100.0,0,1,1,1,0,54.45,54.45,0.0,HIGH-RISK PROVIDER,PROVIDER REQUIRING REVIEW,1 high-risk records; 100.0% flagged records (Threshold: 10%); High average claim risk score of 54.5
1575305935,PHARMACY_CLAIM,1,1,100.0,0,1,1,1,0,54.43,54.43,100.0,HIGH-RISK PROVIDER,PROVIDER REQUIRING REVIEW,1 high-risk records; 100.0% flagged records (Threshold: 10%); High average claim risk score of 54.4; High claim denial/rejection rate of 100.0%
1786058104,PHARMACY_CLAIM,1,1,100.0,0,1,1,1,0,54.43,54.43,100.0,HIGH-RISK PROVIDER,PROVIDER REQUIRING REVIEW,1 high-risk records; 100.0% flagged records (Threshold: 10%); High average claim risk score of 54.4; High claim denial/rejection rate of 100.0%
1871144948,PHARMACY_CLAIM,1,1,100.0,0,1,1,1,0,54.43,54.43,0.0,HIGH-RISK PROVIDER,PROVIDER REQUIRING REVIEW,1 high-risk records; 100.0% flagged records (Threshold: 10%); High average claim risk score of 54.4
1768266960,PHARMACY_CLAIM,1,1,100.0,0,1,1,1,0,54.4,54.4,0.0,HIGH-RISK PROVIDER,PROVIDER REQUIRING REVIEW,1 high-risk records; 100.0% flagged records (Threshold: 10%); High average claim risk score of 54.4
1451472383,PHARMACY_CLAIM,1,1,100.0,0,1,1,1,0,54.38,54.38,0.0,HIGH-RISK PROVIDER,PROVIDER REQUIRING REVIEW,1 high-risk records; 100.0% flagged records (Threshold: 10%); High average claim risk score of 54.4
1748821785,PHARMACY_CLAIM,1,1,100.0,0,1,1,1,0,54.38,54.38,0.0,HIGH-RISK PROVIDER,PROVIDER REQUIRING REVIEW,1 high-risk records; 100.0% flagged records (Threshold: 10%); High average claim risk score of 54.4
1722034996,PHARMACY_CLAIM,1,1,100.0,0,0,3,1,0,54.35,54.35,0.0,HIGH-RISK PROVIDER,PROVIDER REQUIRING REVIEW,1 high-risk records; 100.0% flagged records (Threshold: 10%); High average claim risk score of 54.4
1675747300,PHARMACY_CLAIM,1,1,100.0,0,1,1,1,0,54.29,54.29,100.0,HIGH-RISK PROVIDER,PROVIDER REQUIRING REVIEW,1 high-risk records; 100.0% flagged records (Threshold: 10%); High average claim risk score of 54.3; High claim denial/rejection rate of 100.0%
1740763924,PRIOR_AUTH,1,1,100.0,0,1,1,1,0,54.29,54.29,0.0,HIGH-RISK PROVIDER,PROVIDER REQUIRING REVIEW,1 high-risk records; 100.0% flagged records (Threshold: 10%); High average claim risk score of 54.3
1712851802,PHARMACY_CLAIM,1,1,100.0,0,1,1,1,0,54.28,54.28,100.0,HIGH-RISK PROVIDER,PROVIDER REQUIRING REVIEW,1 high-risk records; 100.0% flagged records (Threshold: 10%); High average claim risk score of 54.3; High claim denial/rejection rate of 100.0%
1518337281,PHARMACY_CLAIM,1,1,100.0,0,1,1,1,0,54.23,54.23,100.0,HIGH-RISK PROVIDER,PROVIDER REQUIRING REVIEW,1 high-risk records; 100.0% flagged records (Threshold: 10%); High average claim risk score of 54.2; High claim denial/rejection rate of 100.0%
1727467155,PHARMACY_CLAIM,1,1,100.0,0,1,1,1,0,54.21,54.21,0.0,HIGH-RISK PROVIDER,PROVIDER REQUIRING REVIEW,1 high-risk records; 100.0% flagged records (Threshold: 10%); High average claim risk score of 54.2
1972940425,PHARMACY_CLAIM,1,1,100.0,0,1,1,1,0,54.17,54.17,100.0,HIGH-RISK PROVIDER,PROVIDER REQUIRING REVIEW,1 high-risk records; 100.0% flagged records (Threshold: 10%); High average claim risk score of 54.2; High claim denial/rejection rate of 100.0%
1423574194,PRIOR_AUTH,1,1,100.0,0,1,1,1,0,54.15,54.15,0.0,HIGH-RISK PROVIDER,PROVIDER REQUIRING REVIEW,1 high-risk records; 100.0% flagged records (Threshold: 10%); High average claim risk score of 54.1
1295676992,PHARMACY_CLAIM,1,1,100.0,0,1,1,1,0,54.14,54.14,100.0,HIGH-RISK PROVIDER,PROVIDER REQUIRING REVIEW,1 high-risk records; 100.0% flagged records (Threshold: 10%); High average claim risk score of 54.1; High claim denial/rejection rate of 100.0%
1517184717,PHARMACY_CLAIM,1,1,100.0,0,1,1,1,0,54.11,54.11,0.0,HIGH-RISK PROVIDER,PROVIDER REQUIRING REVIEW,1 high-risk records; 100.0% flagged records (Threshold: 10%); High average claim risk score of 54.1
1567945229,PHARMACY_CLAIM,1,1,100.0,0,1,1,1,0,54.1,54.1,100.0,HIGH-RISK PROVIDER,PROVIDER REQUIRING REVIEW,1 high-risk records; 100.0% flagged records (Threshold: 10%); High average claim risk score of 54.1; High claim denial/rejection rate of 100.0%
1921028719,PHARMACY_CLAIM,1,1,100.0,0,1,1,1,0,54.09,54.09,0.0,HIGH-RISK PROVIDER,PROVIDER REQUIRING REVIEW,1 high-risk records; 100.0% flagged records (Threshold: 10%); High average claim risk score of 54.1
1009394467,PHARMACY_CLAIM,1,1,100.0,0,1,1,1,0,54.08,54.08,0.0,HIGH-RISK PROVIDER,PROVIDER REQUIRING REVIEW,1 high-risk records; 100.0% flagged records (Threshold: 10%); High average claim risk score of 54.1
1160097198,PHARMACY_CLAIM,1,1,100.0,0,1,1,1,0,54.05,54.05,0.0,HIGH-RISK PROVIDER,PROVIDER REQUIRING REVIEW,1 high-risk records; 100.0% flagged records (Threshold: 10%); High average claim risk score of 54.0
1674169948,PHARMACY_CLAIM,1,1,100.0,0,1,1,1,0,54.02,54.02,0.0,HIGH-RISK PROVIDER,PROVIDER REQUIRING REVIEW,1 high-risk records; 100.0% flagged records (Threshold: 10%); High average claim risk score of 54.0
1043039284,PHARMACY_CLAIM,1,1,100.0,0,1,1,1,0,53.99,53.99,0.0,HIGH-RISK PROVIDER,PROVIDER REQUIRING REVIEW,1 high-risk records; 100.0% flagged records (Threshold: 10%); High average claim risk score of 54.0
1500415814,PHARMACY_CLAIM,1,1,100.0,0,1,1,1,0,53.99,53.99,0.0,HIGH-RISK PROVIDER,PROVIDER REQUIRING REVIEW,1 high-risk records; 100.0% flagged records (Threshold: 10%); High average claim risk score of 54.0
1424335333,PHARMACY_CLAIM,1,1,100.0,0,1,1,1,0,53.97,53.97,0.0,HIGH-RISK PROVIDER,PROVIDER REQUIRING REVIEW,1 high-risk records; 100.0% flagged records (Threshold: 10%); High average claim risk score of 54.0
1935275461,PRIOR_AUTH,1,1,100.0,0,1,1,1,0,53.97,53.97,0.0,HIGH-RISK PROVIDER,PROVIDER REQUIRING REVIEW,1 high-risk records; 100.0% flagged records (Threshold: 10%); High average claim risk score of 54.0
1744111768,PHARMACY_CLAIM,1,1,100.0,0,1,1,1,0,53.94,53.94,0.0,HIGH-RISK PROVIDER,PROVIDER REQUIRING REVIEW,1 high-risk records; 100.0% flagged records (Threshold: 10%); High average claim risk score of 53.9
1911252332,PHARMACY_CLAIM,1,1,100.0,0,1,1,1,0,53.91,53.91,100.0,HIGH-RISK PROVIDER,PROVIDER REQUIRING REVIEW,1 high-risk records; 100.0% flagged records (Threshold: 10%); High average claim risk score of 53.9; High claim denial/rejection rate of 100.0%
1146683068,PHARMACY_CLAIM,1,1,100.0,0,1,1,1,0,53.88,53.88,0.0,HIGH-RISK PROVIDER,PROVIDER REQUIRING REVIEW,1 high-risk records; 100.0% flagged records (Threshold: 10%); High average claim risk score of 53.9
1953601635,PHARMACY_CLAIM,1,1,100.0,0,1,1,1,0,53.82,53.82,100.0,HIGH-RISK PROVIDER,PROVIDER REQUIRING REVIEW,1 high-risk records; 100.0% flagged records (Threshold: 10%); High average claim risk score of 53.8; High claim denial/rejection rate of 100.0%
1820115476,PHARMACY_CLAIM,1,1,100.0,0,0,3,1,0,53.75,53.75,0.0,HIGH-RISK PROVIDER,PROVIDER REQUIRING REVIEW,1 high-risk records; 100.0% flagged records (Threshold: 10%); High average claim risk score of 53.8
1358877330,PHARMACY_CLAIM,1,1,100.0,0,0,3,1,0,53.73,53.73,0.0,HIGH-RISK PROVIDER,PROVIDER REQUIRING REVIEW,1 high-risk records; 100.0% flagged records (Threshold: 10%); High average claim risk score of 53.7
1077088770,PHARMACY_CLAIM,1,1,100.0,0,1,1,1,0,53.66,53.66,0.0,HIGH-RISK PROVIDER,PROVIDER REQUIRING REVIEW,1 high-risk records; 100.0% flagged records (Threshold: 10%); High average claim risk score of 53.7
1175922922,PHARMACY_CLAIM,1,1,100.0,0,1,1,1,0,53.64,53.64,100.0,HIGH-RISK PROVIDER,PROVIDER REQUIRING REVIEW,1 high-risk records; 100.0% flagged records (Threshold: 10%); High average claim risk score of 53.6; High claim denial/rejection rate of 100.0%
1086408460,PHARMACY_CLAIM,1,1,100.0,0,1,1,1,0,53.63,53.63,0.0,HIGH-RISK PROVIDER,PROVIDER REQUIRING REVIEW,1 high-risk records; 100.0% flagged records (Threshold: 10%); High average claim risk score of 53.6
1937922475,PHARMACY_CLAIM,1,1,100.0,0,0,3,1,0,53.63,53.63,0.0,HIGH-RISK PROVIDER,PROVIDER REQUIRING REVIEW,1 high-risk records; 100.0% flagged records (Threshold: 10%); High average claim risk score of 53.6
1749018608,PHARMACY_CLAIM,1,1,100.0,0,1,1,1,0,53.6,53.6,0.0,HIGH-RISK PROVIDER,PROVIDER REQUIRING REVIEW,1 high-risk records; 100.0% flagged records (Threshold: 10%); High average claim risk score of 53.6
1568367948,PHARMACY_CLAIM,1,1,100.0,0,1,1,1,0,53.49,53.49,100.0,HIGH-RISK PROVIDER,PROVIDER REQUIRING REVIEW,1 high-risk records; 100.0% flagged records (Threshold: 10%); High average claim risk score of 53.5; High claim denial/rejection rate of 100.0%
1779049364,PHARMACY_CLAIM,1,1,100.0,0,0,3,1,0,53.48,53.48,0.0,HIGH-RISK PROVIDER,PROVIDER REQUIRING REVIEW,1 high-risk records; 100.0% flagged records (Threshold: 10%); High average claim risk score of 53.5
1876125245,PHARMACY_CLAIM,1,1,100.0,0,1,1,1,0,53.48,53.48,100.0,HIGH-RISK PROVIDER,PROVIDER REQUIRING REVIEW,1 high-risk records; 100.0% flagged records (Threshold: 10%); High average claim risk score of 53.5; High claim denial/rejection rate of 100.0%
1010243816,PHARMACY_CLAIM,1,1,100.0,0,1,1,1,0,53.47,53.47,0.0,HIGH-RISK PROVIDER,PROVIDER REQUIRING REVIEW,1 high-risk records; 100.0% flagged records (Threshold: 10%); High average claim risk score of 53.5
1904278539,PHARMACY_CLAIM,1,1,100.0,0,1,1,1,0,53.39,53.39,100.0,HIGH-RISK PROVIDER,PROVIDER REQUIRING REVIEW,1 high-risk records; 100.0% flagged records (Threshold: 10%); High average claim risk score of 53.4; High claim denial/rejection rate of 100.0%
1987478866,PHARMACY_CLAIM,1,1,100.0,0,1,1,1,0,53.39,53.39,0.0,HIGH-RISK PROVIDER,PROVIDER REQUIRING REVIEW,1 high-risk records; 100.0% flagged records (Threshold: 10%); High average claim risk score of 53.4
1820972459,PHARMACY_CLAIM,1,1,100.0,0,1,1,1,0,53.36,53.36,0.0,HIGH-RISK PROVIDER,PROVIDER REQUIRING REVIEW,1 high-risk records; 100.0% flagged records (Threshold: 10%); High average claim risk score of 53.4
1352554604,PHARMACY_CLAIM,1,1,100.0,0,1,1,1,0,53.35,53.35,0.0,HIGH-RISK PROVIDER,PROVIDER REQUIRING REVIEW,1 high-risk records; 100.0% flagged records (Threshold: 10%); High average claim risk score of 53.4
1228295736,PHARMACY_CLAIM,1,1,100.0,0,0,3,1,0,53.33,53.33,0.0,HIGH-RISK PROVIDER,PROVIDER REQUIRING REVIEW,1 high-risk records; 100.0% flagged records (Threshold: 10%); High average claim risk score of 53.3
1544083480,PHARMACY_CLAIM,1,1,100.0,0,1,1,1,0,53.31,53.31,0.0,HIGH-RISK PROVIDER,PROVIDER REQUIRING REVIEW,1 high-risk records; 100.0% flagged records (Threshold: 10%); High average claim risk score of 53.3
1713649963,PHARMACY_CLAIM,1,1,100.0,0,0,3,1,0,53.31,53.31,0.0,HIGH-RISK PROVIDER,PROVIDER REQUIRING REVIEW,1 high-risk records; 100.0% flagged records (Threshold: 10%); High average claim risk score of 53.3
1030463873,PHARMACY_CLAIM,1,1,100.0,0,1,1,1,0,53.28,53.28,0.0,HIGH-RISK PROVIDER,PROVIDER REQUIRING REVIEW,1 high-risk records; 100.0% flagged records (Threshold: 10%); High average claim risk score of 53.3
1187903108,PHARMACY_CLAIM,1,1,100.0,0,0,3,1,0,53.24,53.24,0.0,HIGH-RISK PROVIDER,PROVIDER REQUIRING REVIEW,1 high-risk records; 100.0% flagged records (Threshold: 10%); High average claim risk score of 53.2
1514530964,PHARMACY_CLAIM,1,1,100.0,0,1,1,1,0,53.01,53.01,0.0,HIGH-RISK PROVIDER,PROVIDER REQUIRING REVIEW,1 high-risk records; 100.0% flagged records (Threshold: 10%); High average claim risk score of 53.0
1503326257,PHARMACY_CLAIM,1,1,100.0,0,1,1,1,0,52.9,52.9,0.0,HIGH-RISK PROVIDER,PROVIDER REQUIRING REVIEW,1 high-risk records; 100.0% flagged records (Threshold: 10%); High average claim risk score of 52.9
1690867322,PHARMACY_CLAIM,1,1,100.0,0,1,1,1,0,52.83,52.83,0.0,HIGH-RISK PROVIDER,PROVIDER REQUIRING REVIEW,1 high-risk records; 100.0% flagged records (Threshold: 10%); High average claim risk score of 52.8
1285070748,PHARMACY_CLAIM,1,1,100.0,0,1,1,1,0,52.8,52.8,100.0,HIGH-RISK PROVIDER,PROVIDER REQUIRING REVIEW,1 high-risk records; 100.0% flagged records (Threshold: 10%); High average claim risk score of 52.8; High claim denial/rejection rate of 100.0%
1153984818,PHARMACY_CLAIM,1,1,100.0,0,1,1,1,0,52.73,52.73,0.0,HIGH-RISK PROVIDER,PROVIDER REQUIRING REVIEW,1 high-risk records; 100.0% flagged records (Threshold: 10%); High average claim risk score of 52.7
1335036652,PHARMACY_CLAIM,1,1,100.0,0,1,1,1,0,52.71,52.71,0.0,HIGH-RISK PROVIDER,PROVIDER REQUIRING REVIEW,1 high-risk records; 100.0% flagged records (Threshold: 10%); High average claim risk score of 52.7
1217220117,PHARMACY_CLAIM,1,1,100.0,0,1,1,1,0,52.45,52.45,0.0,HIGH-RISK PROVIDER,PROVIDER REQUIRING REVIEW,1 high-risk records; 100.0% flagged records (Threshold: 10%); High average claim risk score of 52.5
1720734937,PHARMACY_CLAIM,1,1,100.0,0,1,1,1,0,52.45,52.45,0.0,HIGH-RISK PROVIDER,PROVIDER REQUIRING REVIEW,1 high-risk records; 100.0% flagged records (Threshold: 10%); High average claim risk score of 52.5
1097555750,PHARMACY_CLAIM,1,1,100.0,0,1,1,1,0,52.2,52.2,0.0,HIGH-RISK PROVIDER,PROVIDER REQUIRING REVIEW,1 high-risk records; 100.0% flagged records (Threshold: 10%); High average claim risk score of 52.2
1121634844,PRIOR_AUTH,1,1,100.0,0,1,1,1,0,52.11,52.11,0.0,HIGH-RISK PROVIDER,PROVIDER REQUIRING REVIEW,1 high-risk records; 100.0% flagged records (Threshold: 10%); High average claim risk score of 52.1
1431731061,PHARMACY_CLAIM,1,1,100.0,0,1,1,1,0,52.0,52.0,0.0,HIGH-RISK PROVIDER,PROVIDER REQUIRING REVIEW,1 high-risk records; 100.0% flagged records (Threshold: 10%); High average claim risk score of 52.0
1446002947,PHARMACY_CLAIM,1,1,100.0,0,1,1,1,0,51.76,51.76,0.0,HIGH-RISK PROVIDER,PROVIDER REQUIRING REVIEW,1 high-risk records; 100.0% flagged records (Threshold: 10%); High average claim risk score of 51.8
1933588753,PHARMACY_CLAIM,1,1,100.0,0,0,3,1,0,51.67,51.67,0.0,HIGH-RISK PROVIDER,PROVIDER REQUIRING REVIEW,1 high-risk records; 100.0% flagged records (Threshold: 10%); High average claim risk score of 51.7
1167235541,PHARMACY_CLAIM,1,1,100.0,0,0,4,1,0,51.58,51.58,0.0,HIGH-RISK PROVIDER,PROVIDER REQUIRING REVIEW,1 high-risk records; 100.0% flagged records (Threshold: 10%); High average claim risk score of 51.6
1720111677,MEDICAL_CLAIM,1,1,100.0,0,0,3,1,0,51.16,51.16,0.0,HIGH-RISK PROVIDER,PROVIDER REQUIRING REVIEW,1 high-risk records; 100.0% flagged records (Threshold: 10%); High average claim risk score of 51.2
1325778315,PHARMACY_CLAIM,1,1,100.0,0,0,3,1,0,51.13,51.13,0.0,HIGH-RISK PROVIDER,PROVIDER REQUIRING REVIEW,1 high-risk records; 100.0% flagged records (Threshold: 10%); High average claim risk score of 51.1
1508027319,MEDICAL_CLAIM,1,1,100.0,0,0,3,1,0,50.45,50.45,0.0,HIGH-RISK PROVIDER,PROVIDER REQUIRING REVIEW,1 high-risk records; 100.0% flagged records (Threshold: 10%); High average claim risk score of 50.5
1285644799,MEDICAL_CLAIM,2,2,100.0,0,1,3,1,0,49.95,74.01,0.0,HIGH-RISK PROVIDER,PROVIDER REQUIRING REVIEW,1 high-risk records; 100.0% flagged records (Threshold: 10%); High average claim risk score of 50.0
1972509701,MEDICAL_CLAIM,2,2,100.0,0,2,2,1,0,49.66,69.76,0.0,HIGH-RISK PROVIDER,PROVIDER REQUIRING REVIEW,1 high-risk records; 100.0% flagged records (Threshold: 10%); High average claim risk score of 49.7
1528147824,MEDICAL_CLAIM,2,2,100.0,0,2,2,1,0,48.89,68.88,0.0,HIGH-RISK PROVIDER,PROVIDER REQUIRING REVIEW,1 high-risk records; 100.0% flagged records (Threshold: 10%); High average claim risk score of 48.9
1346659927,MEDICAL_CLAIM,2,2,100.0,0,1,2,1,0,47.62,64.36,0.0,HIGH-RISK PROVIDER,PROVIDER REQUIRING REVIEW,1 high-risk records; 100.0% flagged records (Threshold: 10%); High average claim risk score of 47.6
1033359468,MEDICAL_CLAIM,2,2,100.0,0,1,2,1,0,47.04,64.7,0.0,HIGH-RISK PROVIDER,PROVIDER REQUIRING REVIEW,1 high-risk records; 100.0% flagged records (Threshold: 10%); High average claim risk score of 47.0
1396836029,MEDICAL_CLAIM,2,2,100.0,0,1,2,1,0,46.7,63.6,0.0,HIGH-RISK PROVIDER,PROVIDER REQUIRING REVIEW,1 high-risk records; 100.0% flagged records (Threshold: 10%); High average claim risk score of 46.7
1265817639,MEDICAL_CLAIM,2,2,100.0,0,2,1,1,0,46.61,63.77,0.0,HIGH-RISK PROVIDER,PROVIDER REQUIRING REVIEW,1 high-risk records; 100.0% flagged records (Threshold: 10%); High average claim risk score of 46.6
1720015993,MEDICAL_CLAIM,2,2,100.0,0,2,1,1,0,46.55,64.33,0.0,HIGH-RISK PROVIDER,PROVIDER REQUIRING REVIEW,1 high-risk records; 100.0% flagged records (Threshold: 10%); High average claim risk score of 46.5
1891046876,MEDICAL_CLAIM,2,2,100.0,0,2,1,1,0,46.51,64.44,0.0,HIGH-RISK PROVIDER,PROVIDER REQUIRING REVIEW,1 high-risk records; 100.0% flagged records (Threshold: 10%); High average claim risk score of 46.5
1104803444,MEDICAL_CLAIM,2,2,100.0,0,1,2,1,0,46.41,64.6,0.0,HIGH-RISK PROVIDER,PROVIDER REQUIRING REVIEW,1 high-risk records; 100.0% flagged records (Threshold: 10%); High average claim risk score of 46.4
1992923486,MEDICAL_CLAIM,2,2,100.0,0,2,1,1,0,46.33,63.27,0.0,HIGH-RISK PROVIDER,PROVIDER REQUIRING REVIEW,1 high-risk records; 100.0% flagged records (Threshold: 10%); High average claim risk score of 46.3
1578795894,MEDICAL_CLAIM,2,2,100.0,0,2,1,1,0,45.7,63.24,0.0,HIGH-RISK PROVIDER,PROVIDER REQUIRING REVIEW,1 high-risk records; 100.0% flagged records (Threshold: 10%); High average claim risk score of 45.7
1760415939,MEDICAL_CLAIM,2,2,100.0,0,2,1,1,0,45.67,63.02,0.0,HIGH-RISK PROVIDER,PROVIDER REQUIRING REVIEW,1 high-risk records; 100.0% flagged records (Threshold: 10%); High average claim risk score of 45.7
1831293406,MEDICAL_CLAIM,3,3,100.0,0,1,4,1,0,45.14,74.68,0.0,HIGH-RISK PROVIDER,PROVIDER REQUIRING REVIEW,1 high-risk records; 100.0% flagged records (Threshold: 10%); High average claim risk score of 45.1
1740708858,MEDICAL_CLAIM,2,2,100.0,0,0,4,1,0,44.28,54.39,0.0,HIGH-RISK PROVIDER,PROVIDER REQUIRING REVIEW,1 high-risk records; 100.0% flagged records (Threshold: 10%); High average claim risk score of 44.3
1801837810,MEDICAL_CLAIM,2,2,100.0,0,0,4,1,0,43.73,53.18,0.0,HIGH-RISK PROVIDER,PROVIDER REQUIRING REVIEW,1 high-risk records; 100.0% flagged records (Threshold: 10%); High average claim risk score of 43.7
1215168992,MEDICAL_CLAIM,3,3,100.0,0,1,4,1,0,42.72,73.43,0.0,HIGH-RISK PROVIDER,PROVIDER REQUIRING REVIEW,1 high-risk records; 100.0% flagged records (Threshold: 10%); High average claim risk score of 42.7
1699173245,MEDICAL_CLAIM,2,1,50.0,0,2,1,1,0,41.66,58.6,50.0,HIGH-RISK PROVIDER,PROVIDER REQUIRING REVIEW,1 high-risk records; 50.0% flagged records (Threshold: 10%); High average claim risk score of 41.7; High claim denial/rejection rate of 50.0%
1104247188,MEDICAL_CLAIM,3,3,100.0,0,3,1,1,0,40.79,64.71,0.0,HIGH-RISK PROVIDER,PROVIDER REQUIRING REVIEW,1 high-risk records; 100.0% flagged records (Threshold: 10%); High average claim risk score of 40.8
1932490109,MEDICAL_CLAIM,2,2,100.0,0,0,4,1,0,40.65,50.29,0.0,HIGH-RISK PROVIDER,PROVIDER REQUIRING REVIEW,1 high-risk records; 100.0% flagged records (Threshold: 10%); High average claim risk score of 40.6
1881639714,MEDICAL_CLAIM,3,3,100.0,0,3,1,1,0,40.33,63.9,0.0,HIGH-RISK PROVIDER,PROVIDER REQUIRING REVIEW,1 high-risk records; 100.0% flagged records (Threshold: 10%); High average claim risk score of 40.3
1962867762,MEDICAL_CLAIM,3,3,100.0,0,1,3,1,0,38.9,64.6,0.0,HIGH-RISK PROVIDER,PROVIDER REQUIRING REVIEW,1 high-risk records; 100.0% flagged records (Threshold: 10%); High average claim risk score of 38.9
1073091328,MEDICAL_CLAIM,4,4,100.0,0,3,2,1,0,38.88,64.59,0.0,HIGH-RISK PROVIDER,PROVIDER REQUIRING REVIEW,1 high-risk records; 100.0% flagged records (Threshold: 10%); High average claim risk score of 38.9
1740666767,MEDICAL_CLAIM,5,5,100.0,0,2,4,1,0,38.72,63.66,0.0,HIGH-RISK PROVIDER,PROVIDER REQUIRING REVIEW,1 high-risk records; 100.0% flagged records (Threshold: 10%); High average claim risk score of 38.7
1285836080,MEDICAL_CLAIM,2,1,50.0,0,1,2,1,0,37.83,74.26,0.0,HIGH-RISK PROVIDER,PROVIDER REQUIRING REVIEW,1 high-risk records; 50.0% flagged records (Threshold: 10%); High average claim risk score of 37.8
1346221553,MEDICAL_CLAIM,4,4,100.0,0,1,4,1,0,37.3,63.84,0.0,HIGH-RISK PROVIDER,PROVIDER REQUIRING REVIEW,1 high-risk records; 100.0% flagged records (Threshold: 10%); High average claim risk score of 37.3
1053326751,MEDICAL_CLAIM,2,1,50.0,0,1,2,1,0,37.13,73.43,0.0,HIGH-RISK PROVIDER,PROVIDER REQUIRING REVIEW,1 high-risk records; 50.0% flagged records (Threshold: 10%); High average claim risk score of 37.1
1508306861,MEDICAL_CLAIM,3,3,100.0,0,1,3,1,0,37.08,59.5,0.0,HIGH-RISK PROVIDER,PROVIDER REQUIRING REVIEW,1 high-risk records; 100.0% flagged records (Threshold: 10%); High average claim risk score of 37.1
1992113898,MEDICAL_CLAIM,4,4,100.0,0,2,3,1,0,36.88,63.5,0.0,HIGH-RISK PROVIDER,PROVIDER REQUIRING REVIEW,1 high-risk records; 100.0% flagged records (Threshold: 10%); High average claim risk score of 36.9
1164642419,MEDICAL_CLAIM,3,2,66.67,0,2,2,1,0,35.85,58.19,0.0,HIGH-RISK PROVIDER,PROVIDER REQUIRING REVIEW,1 high-risk records; 66.7% flagged records (Threshold: 10%); High average claim risk score of 35.9
1851470157,MEDICAL_CLAIM,3,3,100.0,1,3,0,1,0,35.84,54.89,0.0,HIGH-RISK PROVIDER,PROVIDER REQUIRING REVIEW,1 high-risk records; 100.0% flagged records (Threshold: 10%); High average claim risk score of 35.8
1669884854,MEDICAL_CLAIM,2,1,50.0,0,1,2,1,0,35.52,68.8,0.0,HIGH-RISK PROVIDER,PROVIDER REQUIRING REVIEW,1 high-risk records; 50.0% flagged records (Threshold: 10%); High average claim risk score of 35.5
1346228905,MEDICAL_CLAIM,6,6,100.0,0,2,5,1,0,34.05,64.43,0.0,HIGH-RISK PROVIDER,PROVIDER REQUIRING REVIEW,1 high-risk records; 100.0% flagged records (Threshold: 10%)
1669879664,MEDICAL_CLAIM,3,2,66.67,0,2,2,1,0,33.83,54.86,0.0,HIGH-RISK PROVIDER,PROVIDER REQUIRING REVIEW,1 high-risk records; 66.7% flagged records (Threshold: 10%)
1902802705,MEDICAL_CLAIM,2,1,50.0,0,1,1,1,0,33.62,64.14,0.0,HIGH-RISK PROVIDER,PROVIDER REQUIRING REVIEW,1 high-risk records; 50.0% flagged records (Threshold: 10%)
1487640207,MEDICAL_CLAIM,2,1,50.0,0,1,1,1,0,33.34,64.67,0.0,HIGH-RISK PROVIDER,PROVIDER REQUIRING REVIEW,1 high-risk records; 50.0% flagged records (Threshold: 10%)
1578573085,MEDICAL_CLAIM,2,1,50.0,0,1,1,1,0,32.98,63.81,0.0,HIGH-RISK PROVIDER,PROVIDER REQUIRING REVIEW,1 high-risk records; 50.0% flagged records (Threshold: 10%)
1891136149,MEDICAL_CLAIM,7,7,100.0,0,5,3,1,0,32.87,63.87,0.0,HIGH-RISK PROVIDER,PROVIDER REQUIRING REVIEW,1 high-risk records; 100.0% flagged records (Threshold: 10%)
1023328002,MEDICAL_CLAIM,2,1,50.0,0,1,1,1,0,32.48,63.68,0.0,HIGH-RISK PROVIDER,PROVIDER REQUIRING REVIEW,1 high-risk records; 50.0% flagged records (Threshold: 10%)
1134172489,MEDICAL_CLAIM,2,1,50.0,0,1,1,1,0,32.13,63.92,0.0,HIGH-RISK PROVIDER,PROVIDER REQUIRING REVIEW,1 high-risk records; 50.0% flagged records (Threshold: 10%)
1649260845,MEDICAL_CLAIM,3,2,66.67,0,1,2,1,0,30.83,59.56,0.0,HIGH-RISK PROVIDER,PROVIDER REQUIRING REVIEW,1 high-risk records; 66.7% flagged records (Threshold: 10%)
1326133216,MEDICAL_CLAIM,3,2,66.67,0,0,4,1,0,29.23,50.2,0.0,HIGH-RISK PROVIDER,PROVIDER REQUIRING REVIEW,1 high-risk records; 66.7% flagged records (Threshold: 10%)
1760874549,MEDICAL_CLAIM,3,2,66.67,0,1,2,1,0,29.18,59.47,0.0,HIGH-RISK PROVIDER,PROVIDER REQUIRING REVIEW,1 high-risk records; 66.7% flagged records (Threshold: 10%)
1194326132,MEDICAL_CLAIM,5,4,80.0,0,1,4,1,0,28.79,64.35,0.0,HIGH-RISK PROVIDER,PROVIDER REQUIRING REVIEW,1 high-risk records; 80.0% flagged records (Threshold: 10%)
1194282756,MEDICAL_CLAIM,4,3,75.0,0,2,2,1,0,28.72,58.19,0.0,HIGH-RISK PROVIDER,PROVIDER REQUIRING REVIEW,1 high-risk records; 75.0% flagged records (Threshold: 10%)
1043315286,MEDICAL_CLAIM,3,2,66.67,0,1,2,1,0,28.61,58.08,0.0,HIGH-RISK PROVIDER,PROVIDER REQUIRING REVIEW,1 high-risk records; 66.7% flagged records (Threshold: 10%)
1790855187,MEDICAL_CLAIM,2,1,50.0,0,1,1,1,0,28.45,55.5,0.0,HIGH-RISK PROVIDER,PROVIDER REQUIRING REVIEW,1 high-risk records; 50.0% flagged records (Threshold: 10%)
1720607377,MEDICAL_CLAIM,4,3,75.0,0,0,5,1,0,28.27,51.12,0.0,HIGH-RISK PROVIDER,PROVIDER REQUIRING REVIEW,1 high-risk records; 75.0% flagged records (Threshold: 10%)
1437547783,MEDICAL_CLAIM,4,3,75.0,0,0,5,1,0,27.48,51.72,0.0,HIGH-RISK PROVIDER,PROVIDER REQUIRING REVIEW,1 high-risk records; 75.0% flagged records (Threshold: 10%)
1649829532,MEDICAL_CLAIM,9,7,77.78,0,1,9,1,0,27.34,58.54,0.0,HIGH-RISK PROVIDER,PROVIDER REQUIRING REVIEW,1 high-risk records; 77.8% flagged records (Threshold: 10%)
1306831490,MEDICAL_CLAIM,7,5,71.43,0,0,7,1,0,25.94,54.2,0.0,HIGH-RISK PROVIDER,PROVIDER REQUIRING REVIEW,1 high-risk records; 71.4% flagged records (Threshold: 10%)
1447544010,MEDICAL_CLAIM,9,6,66.67,0,1,6,1,0,25.28,63.13,0.0,HIGH-RISK PROVIDER,PROVIDER REQUIRING REVIEW,1 high-risk records; 66.7% flagged records (Threshold: 10%)
1023671740,MEDICAL_CLAIM,7,5,71.43,0,1,5,1,0,25.28,59.62,0.0,HIGH-RISK PROVIDER,PROVIDER REQUIRING REVIEW,1 high-risk records; 71.4% flagged records (Threshold: 10%)
1285018226,MEDICAL_CLAIM,4,2,50.0,0,2,1,1,0,25.09,63.75,0.0,HIGH-RISK PROVIDER,PROVIDER REQUIRING REVIEW,1 high-risk records; 50.0% flagged records (Threshold: 10%)
1801376306,MEDICAL_CLAIM,7,5,71.43,0,1,5,1,0,24.6,58.58,0.0,HIGH-RISK PROVIDER,PROVIDER REQUIRING REVIEW,1 high-risk records; 71.4% flagged records (Threshold: 10%)
1396813861,MEDICAL_CLAIM,5,3,60.0,0,1,3,1,0,24.37,63.72,0.0,HIGH-RISK PROVIDER,PROVIDER REQUIRING REVIEW,1 high-risk records; 60.0% flagged records (Threshold: 10%)
1023191467,MEDICAL_CLAIM,3,1,33.33,0,1,1,1,0,24.35,64.19,0.0,HIGH-RISK PROVIDER,PROVIDER REQUIRING REVIEW,1 high-risk records; 33.3% flagged records (Threshold: 10%)
1154464097,MEDICAL_CLAIM,7,5,71.43,0,1,5,1,0,24.29,59.56,0.0,HIGH-RISK PROVIDER,PROVIDER REQUIRING REVIEW,1 high-risk records; 71.4% flagged records (Threshold: 10%)
1568672939,MEDICAL_CLAIM,9,6,66.67,0,1,6,1,0,24.12,63.63,0.0,HIGH-RISK PROVIDER,PROVIDER REQUIRING REVIEW,1 high-risk records; 66.7% flagged records (Threshold: 10%)
1831655380,MEDICAL_CLAIM,4,2,50.0,0,1,2,1,0,23.81,62.95,0.0,HIGH-RISK PROVIDER,PROVIDER REQUIRING REVIEW,1 high-risk records; 50.0% flagged records (Threshold: 10%)
1548788771,MEDICAL_CLAIM,15,11,73.33,0,4,8,1,0,23.58,63.99,0.0,HIGH-RISK PROVIDER,PROVIDER REQUIRING REVIEW,1 high-risk records; 73.3% flagged records (Threshold: 10%)
1265601488,MEDICAL_CLAIM,6,4,66.67,0,0,6,1,0,23.38,54.05,0.0,HIGH-RISK PROVIDER,PROVIDER REQUIRING REVIEW,1 high-risk records; 66.7% flagged records (Threshold: 10%)
1215437991,MEDICAL_CLAIM,4,2,50.0,0,0,4,1,0,23.18,53.83,0.0,HIGH-RISK PROVIDER,PROVIDER REQUIRING REVIEW,1 high-risk records; 50.0% flagged records (Threshold: 10%)
1962823211,MEDICAL_CLAIM,8,5,62.5,0,0,7,1,0,23.16,54.15,0.0,HIGH-RISK PROVIDER,PROVIDER REQUIRING REVIEW,1 high-risk records; 62.5% flagged records (Threshold: 10%)
1619019791,MEDICAL_CLAIM,5,3,60.0,0,0,5,1,0,23.16,54.09,0.0,HIGH-RISK PROVIDER,PROVIDER REQUIRING REVIEW,1 high-risk records; 60.0% flagged records (Threshold: 10%)
1114171949,MEDICAL_CLAIM,4,2,50.0,0,1,2,1,0,23.14,64.63,0.0,HIGH-RISK PROVIDER,PROVIDER REQUIRING REVIEW,1 high-risk records; 50.0% flagged records (Threshold: 10%)
1689864035,MEDICAL_CLAIM,4,2,50.0,0,1,2,1,0,23.08,64.18,0.0,HIGH-RISK PROVIDER,PROVIDER REQUIRING REVIEW,1 high-risk records; 50.0% flagged records (Threshold: 10%)
1003270430,MEDICAL_CLAIM,6,3,50.0,0,0,5,1,0,22.57,54.13,0.0,HIGH-RISK PROVIDER,PROVIDER REQUIRING REVIEW,1 high-risk records; 50.0% flagged records (Threshold: 10%)
1730121435,MEDICAL_CLAIM,6,3,50.0,0,3,2,1,0,22.42,74.53,0.0,HIGH-RISK PROVIDER,PROVIDER REQUIRING REVIEW,1 high-risk records; 50.0% flagged records (Threshold: 10%)
1053482273,MEDICAL_CLAIM,51,33,64.71,0,1,36,1,0,21.85,73.31,0.0,HIGH-RISK PROVIDER,PROVIDER REQUIRING REVIEW,1 high-risk records; 64.7% flagged records (Threshold: 10%)
1811007800,MEDICAL_CLAIM,3,1,33.33,0,1,1,1,0,21.65,59.37,0.0,HIGH-RISK PROVIDER,PROVIDER REQUIRING REVIEW,1 high-risk records; 33.3% flagged records (Threshold: 10%)
1679188437,MEDICAL_CLAIM,7,4,57.14,0,1,4,1,0,21.31,62.9,0.0,HIGH-RISK PROVIDER,PROVIDER REQUIRING REVIEW,1 high-risk records; 57.1% flagged records (Threshold: 10%)
1336255264,MEDICAL_CLAIM,5,2,40.0,0,1,2,1,0,21.28,63.89,0.0,HIGH-RISK PROVIDER,PROVIDER REQUIRING REVIEW,1 high-risk records; 40.0% flagged records (Threshold: 10%)
1235560087,MEDICAL_CLAIM,7,3,42.86,0,0,7,1,0,20.85,53.39,0.0,HIGH-RISK PROVIDER,PROVIDER REQUIRING REVIEW,1 high-risk records; 42.9% flagged records (Threshold: 10%)
1770834244,MEDICAL_CLAIM,4,1,25.0,0,1,1,1,0,20.48,63.55,0.0,HIGH-RISK PROVIDER,PROVIDER REQUIRING REVIEW,1 high-risk records; 25.0% flagged records (Threshold: 10%)
1528042561,MEDICAL_CLAIM,9,5,55.56,0,0,7,1,0,20.45,54.02,0.0,HIGH-RISK PROVIDER,PROVIDER REQUIRING REVIEW,1 high-risk records; 55.6% flagged records (Threshold: 10%)
1861817504,MEDICAL_CLAIM,6,3,50.0,0,1,3,1,0,20.24,55.11,0.0,HIGH-RISK PROVIDER,PROVIDER REQUIRING REVIEW,1 high-risk records; 50.0% flagged records (Threshold: 10%)
1174927669,MEDICAL_CLAIM,22,13,59.09,0,1,13,1,0,20.03,59.43,0.0,HIGH-RISK PROVIDER,PROVIDER REQUIRING REVIEW,1 high-risk records; 59.1% flagged records (Threshold: 10%)
1982062485,MEDICAL_CLAIM,12,7,58.33,0,1,7,1,0,19.68,63.69,0.0,HIGH-RISK PROVIDER,PROVIDER REQUIRING REVIEW,1 high-risk records; 58.3% flagged records (Threshold: 10%)
1205994761,MEDICAL_CLAIM,9,3,33.33,0,1,4,1,0,18.61,73.38,0.0,HIGH-RISK PROVIDER,PROVIDER REQUIRING REVIEW,1 high-risk records; 33.3% flagged records (Threshold: 10%)
1013355726,MEDICAL_CLAIM,10,4,40.0,0,1,4,1,0,17.34,58.98,0.0,HIGH-RISK PROVIDER,PROVIDER REQUIRING REVIEW,1 high-risk records; 40.0% flagged records (Threshold: 10%)
1340735500,PRIOR_AUTH,1,1,100.0,1,1,0,0,0,49.95,49.95,0.0,HIGH-RISK PROVIDER,PROVIDER REQUIRING REVIEW,100.0% flagged records (Threshold: 10%); High average claim risk score of 50.0
1453629251,PRIOR_AUTH,1,1,100.0,1,1,0,0,0,49.91,49.91,0.0,HIGH-RISK PROVIDER,PROVIDER REQUIRING REVIEW,100.0% flagged records (Threshold: 10%); High average claim risk score of 49.9
1488244051,PRIOR_AUTH,1,1,100.0,1,1,0,0,0,49.91,49.91,0.0,HIGH-RISK PROVIDER,PROVIDER REQUIRING REVIEW,100.0% flagged records (Threshold: 10%); High average claim risk score of 49.9
1941657524,PHARMACY_CLAIM,1,1,100.0,1,1,0,0,0,49.89,49.89,100.0,HIGH-RISK PROVIDER,PROVIDER REQUIRING REVIEW,100.0% flagged records (Threshold: 10%); High average claim risk score of 49.9; High claim denial/rejection rate of 100.0%
1749319627,PRIOR_AUTH,1,1,100.0,1,1,0,0,0,49.87,49.87,0.0,HIGH-RISK PROVIDER,PROVIDER REQUIRING REVIEW,100.0% flagged records (Threshold: 10%); High average claim risk score of 49.9
1755432583,PRIOR_AUTH,1,1,100.0,1,1,0,0,0,49.84,49.84,0.0,HIGH-RISK PROVIDER,PROVIDER REQUIRING REVIEW,100.0% flagged records (Threshold: 10%); High average claim risk score of 49.8
1088214207,PRIOR_AUTH,1,1,100.0,1,1,0,0,0,49.8,49.8,0.0,HIGH-RISK PROVIDER,PROVIDER REQUIRING REVIEW,100.0% flagged records (Threshold: 10%); High average claim risk score of 49.8
1416867635,PHARMACY_CLAIM,1,1,100.0,0,1,1,0,0,49.8,49.8,100.0,HIGH-RISK PROVIDER,PROVIDER REQUIRING REVIEW,100.0% flagged records (Threshold: 10%); High average claim risk score of 49.8; High claim denial/rejection rate of 100.0%
1524242593,PRIOR_AUTH,1,1,100.0,1,1,0,0,0,49.8,49.8,0.0,HIGH-RISK PROVIDER,PROVIDER REQUIRING REVIEW,100.0% flagged records (Threshold: 10%); High average claim risk score of 49.8
1090566058,PRIOR_AUTH,1,1,100.0,1,1,0,0,0,49.78,49.78,0.0,HIGH-RISK PROVIDER,PROVIDER REQUIRING REVIEW,100.0% flagged records (Threshold: 10%); High average claim risk score of 49.8
1701584251,PRIOR_AUTH,1,1,100.0,1,1,0,0,0,49.78,49.78,0.0,HIGH-RISK PROVIDER,PROVIDER REQUIRING REVIEW,100.0% flagged records (Threshold: 10%); High average claim risk score of 49.8
1674082157,PHARMACY_CLAIM,1,1,100.0,0,1,1,0,0,49.76,49.76,100.0,HIGH-RISK PROVIDER,PROVIDER REQUIRING REVIEW,100.0% flagged records (Threshold: 10%); High average claim risk score of 49.8; High claim denial/rejection rate of 100.0%
1936423634,PHARMACY_CLAIM,1,1,100.0,0,1,1,0,0,49.75,49.75,0.0,HIGH-RISK PROVIDER,PROVIDER REQUIRING REVIEW,100.0% flagged records (Threshold: 10%); High average claim risk score of 49.8
1216219100,PRIOR_AUTH,1,1,100.0,0,1,1,0,0,49.7,49.7,100.0,HIGH-RISK PROVIDER,PROVIDER REQUIRING REVIEW,100.0% flagged records (Threshold: 10%); High average claim risk score of 49.7; High claim denial/rejection rate of 100.0%
1662783537,PHARMACY_CLAIM,1,1,100.0,0,1,1,0,0,49.69,49.69,100.0,HIGH-RISK PROVIDER,PROVIDER REQUIRING REVIEW,100.0% flagged records (Threshold: 10%); High average claim risk score of 49.7; High claim denial/rejection rate of 100.0%
1614689811,PHARMACY_CLAIM,1,1,100.0,0,1,1,0,0,49.64,49.64,100.0,HIGH-RISK PROVIDER,PROVIDER REQUIRING REVIEW,100.0% flagged records (Threshold: 10%); High average claim risk score of 49.6; High claim denial/rejection rate of 100.0%
1866690194,PHARMACY_CLAIM,1,1,100.0,0,1,1,0,0,49.64,49.64,100.0,HIGH-RISK PROVIDER,PROVIDER REQUIRING REVIEW,100.0% flagged records (Threshold: 10%); High average claim risk score of 49.6; High claim denial/rejection rate of 100.0%
1181614512,PHARMACY_CLAIM,1,1,100.0,0,1,1,0,0,49.63,49.63,100.0,HIGH-RISK PROVIDER,PROVIDER REQUIRING REVIEW,100.0% flagged records (Threshold: 10%); High average claim risk score of 49.6; High claim denial/rejection rate of 100.0%
1448578823,PHARMACY_CLAIM,1,1,100.0,0,1,1,0,0,49.62,49.62,100.0,HIGH-RISK PROVIDER,PROVIDER REQUIRING REVIEW,100.0% flagged records (Threshold: 10%); High average claim risk score of 49.6; High claim denial/rejection rate of 100.0%
1963609306,PRIOR_AUTH,1,1,100.0,0,1,1,0,0,49.61,49.61,100.0,HIGH-RISK PROVIDER,PROVIDER REQUIRING REVIEW,100.0% flagged records (Threshold: 10%); High average claim risk score of 49.6; High claim denial/rejection rate of 100.0%
1666010476,PHARMACY_CLAIM,1,1,100.0,0,1,1,0,0,49.58,49.58,100.0,HIGH-RISK PROVIDER,PROVIDER REQUIRING REVIEW,100.0% flagged records (Threshold: 10%); High average claim risk score of 49.6; High claim denial/rejection rate of 100.0%
1297191040,PRIOR_AUTH,1,1,100.0,0,1,1,0,0,49.57,49.57,100.0,HIGH-RISK PROVIDER,PROVIDER REQUIRING REVIEW,100.0% flagged records (Threshold: 10%); High average claim risk score of 49.6; High claim denial/rejection rate of 100.0%
1456715295,PRIOR_AUTH,1,1,100.0,0,1,1,0,0,49.56,49.56,100.0,HIGH-RISK PROVIDER,PROVIDER REQUIRING REVIEW,100.0% flagged records (Threshold: 10%); High average claim risk score of 49.6; High claim denial/rejection rate of 100.0%
1777035662,PRIOR_AUTH,1,1,100.0,0,1,1,0,0,49.53,49.53,100.0,HIGH-RISK PROVIDER,PROVIDER REQUIRING REVIEW,100.0% flagged records (Threshold: 10%); High average claim risk score of 49.5; High claim denial/rejection rate of 100.0%
1335654369,PHARMACY_CLAIM,1,1,100.0,0,1,1,0,0,49.51,49.51,100.0,HIGH-RISK PROVIDER,PROVIDER REQUIRING REVIEW,100.0% flagged records (Threshold: 10%); High average claim risk score of 49.5; High claim denial/rejection rate of 100.0%
1290967371,PHARMACY_CLAIM,1,1,100.0,0,1,1,0,0,49.49,49.49,100.0,HIGH-RISK PROVIDER,PROVIDER REQUIRING REVIEW,100.0% flagged records (Threshold: 10%); High average claim risk score of 49.5; High claim denial/rejection rate of 100.0%
1389274416,PHARMACY_CLAIM,1,1,100.0,0,1,1,0,0,49.48,49.48,100.0,HIGH-RISK PROVIDER,PROVIDER REQUIRING REVIEW,100.0% flagged records (Threshold: 10%); High average claim risk score of 49.5; High claim denial/rejection rate of 100.0%
1960247261,PHARMACY_CLAIM,1,1,100.0,0,1,1,0,0,49.46,49.46,100.0,HIGH-RISK PROVIDER,PROVIDER REQUIRING REVIEW,100.0% flagged records (Threshold: 10%); High average claim risk score of 49.5; High claim denial/rejection rate of 100.0%
1041323170,PHARMACY_CLAIM,1,1,100.0,0,1,1,0,0,49.45,49.45,100.0,HIGH-RISK PROVIDER,PROVIDER REQUIRING REVIEW,100.0% flagged records (Threshold: 10%); High average claim risk score of 49.5; High claim denial/rejection rate of 100.0%
1924959347,PHARMACY_CLAIM,1,1,100.0,0,1,1,0,0,49.45,49.45,100.0,HIGH-RISK PROVIDER,PROVIDER REQUIRING REVIEW,100.0% flagged records (Threshold: 10%); High average claim risk score of 49.5; High claim denial/rejection rate of 100.0%
1925260903,PHARMACY_CLAIM,1,1,100.0,0,1,1,0,0,49.44,49.44,100.0,HIGH-RISK PROVIDER,PROVIDER REQUIRING REVIEW,100.0% flagged records (Threshold: 10%); High average claim risk score of 49.4; High claim denial/rejection rate of 100.0%
1122883642,PHARMACY_CLAIM,1,1,100.0,0,1,1,0,0,49.41,49.41,100.0,HIGH-RISK PROVIDER,PROVIDER REQUIRING REVIEW,100.0% flagged records (Threshold: 10%); High average claim risk score of 49.4; High claim denial/rejection rate of 100.0%
1643990819,PHARMACY_CLAIM,1,1,100.0,0,1,1,0,0,49.41,49.41,100.0,HIGH-RISK PROVIDER,PROVIDER REQUIRING REVIEW,100.0% flagged records (Threshold: 10%); High average claim risk score of 49.4; High claim denial/rejection rate of 100.0%
1926277033,PRIOR_AUTH,1,1,100.0,0,1,1,0,0,49.41,49.41,100.0,HIGH-RISK PROVIDER,PROVIDER REQUIRING REVIEW,100.0% flagged records (Threshold: 10%); High average claim risk score of 49.4; High claim denial/rejection rate of 100.0%
1347368280,PRIOR_AUTH,1,1,100.0,0,1,1,0,0,49.4,49.4,0.0,HIGH-RISK PROVIDER,PROVIDER REQUIRING REVIEW,100.0% flagged records (Threshold: 10%); High average claim risk score of 49.4
1071552223,PRIOR_AUTH,1,1,100.0,0,1,1,0,0,49.39,49.39,100.0,HIGH-RISK PROVIDER,PROVIDER REQUIRING REVIEW,100.0% flagged records (Threshold: 10%); High average claim risk score of 49.4; High claim denial/rejection rate of 100.0%
1463792265,PHARMACY_CLAIM,1,1,100.0,0,1,1,0,0,49.39,49.39,100.0,HIGH-RISK PROVIDER,PROVIDER REQUIRING REVIEW,100.0% flagged records (Threshold: 10%); High average claim risk score of 49.4; High claim denial/rejection rate of 100.0%
1512566821,PHARMACY_CLAIM,1,1,100.0,0,1,1,0,0,49.34,49.34,100.0,HIGH-RISK PROVIDER,PROVIDER REQUIRING REVIEW,100.0% flagged records (Threshold: 10%); High average claim risk score of 49.3; High claim denial/rejection rate of 100.0%
1867926315,PRIOR_AUTH,1,1,100.0,0,1,1,0,0,49.34,49.34,100.0,HIGH-RISK PROVIDER,PROVIDER REQUIRING REVIEW,100.0% flagged records (Threshold: 10%); High average claim risk score of 49.3; High claim denial/rejection rate of 100.0%
1648148297,PRIOR_AUTH,1,1,100.0,0,1,1,0,0,49.33,49.33,100.0,HIGH-RISK PROVIDER,PROVIDER REQUIRING REVIEW,100.0% flagged records (Threshold: 10%); High average claim risk score of 49.3; High claim denial/rejection rate of 100.0%
1802185507,PHARMACY_CLAIM,1,1,100.0,0,1,1,0,0,49.33,49.33,100.0,HIGH-RISK PROVIDER,PROVIDER REQUIRING REVIEW,100.0% flagged records (Threshold: 10%); High average claim risk score of 49.3; High claim denial/rejection rate of 100.0%
1041343484,PHARMACY_CLAIM,1,1,100.0,0,1,1,0,0,49.32,49.32,0.0,HIGH-RISK PROVIDER,PROVIDER REQUIRING REVIEW,100.0% flagged records (Threshold: 10%); High average claim risk score of 49.3
1988783281,PRIOR_AUTH,1,1,100.0,0,1,1,0,0,49.32,49.32,100.0,HIGH-RISK PROVIDER,PROVIDER REQUIRING REVIEW,100.0% flagged records (Threshold: 10%); High average claim risk score of 49.3; High claim denial/rejection rate of 100.0%
1688689482,PRIOR_AUTH,1,1,100.0,0,1,1,0,0,49.31,49.31,100.0,HIGH-RISK PROVIDER,PROVIDER REQUIRING REVIEW,100.0% flagged records (Threshold: 10%); High average claim risk score of 49.3; High claim denial/rejection rate of 100.0%
1821364167,PRIOR_AUTH,1,1,100.0,0,1,1,0,0,49.3,49.3,100.0,HIGH-RISK PROVIDER,PROVIDER REQUIRING REVIEW,100.0% flagged records (Threshold: 10%); High average claim risk score of 49.3; High claim denial/rejection rate of 100.0%
1913455177,PRIOR_AUTH,1,1,100.0,0,1,1,0,0,49.3,49.3,100.0,HIGH-RISK PROVIDER,PROVIDER REQUIRING REVIEW,100.0% flagged records (Threshold: 10%); High average claim risk score of 49.3; High claim denial/rejection rate of 100.0%
1356021603,PHARMACY_CLAIM,1,1,100.0,0,1,1,0,0,49.29,49.29,100.0,HIGH-RISK PROVIDER,PROVIDER REQUIRING REVIEW,100.0% flagged records (Threshold: 10%); High average claim risk score of 49.3; High claim denial/rejection rate of 100.0%
1634270950,PHARMACY_CLAIM,1,1,100.0,0,1,1,0,0,49.29,49.29,100.0,HIGH-RISK PROVIDER,PROVIDER REQUIRING REVIEW,100.0% flagged records (Threshold: 10%); High average claim risk score of 49.3; High claim denial/rejection rate of 100.0%
1341287943,PHARMACY_CLAIM,1,1,100.0,0,1,1,0,0,49.28,49.28,100.0,HIGH-RISK PROVIDER,PROVIDER REQUIRING REVIEW,100.0% flagged records (Threshold: 10%); High average claim risk score of 49.3; High claim denial/rejection rate of 100.0%
1654251984,PRIOR_AUTH,1,1,100.0,0,1,1,0,0,49.27,49.27,100.0,HIGH-RISK PROVIDER,PROVIDER REQUIRING REVIEW,100.0% flagged records (Threshold: 10%); High average claim risk score of 49.3; High claim denial/rejection rate of 100.0%
1041669927,PHARMACY_CLAIM,1,1,100.0,0,1,1,0,0,49.25,49.25,100.0,HIGH-RISK PROVIDER,PROVIDER REQUIRING REVIEW,100.0% flagged records (Threshold: 10%); High average claim risk score of 49.2; High claim denial/rejection rate of 100.0%
1430597313,PHARMACY_CLAIM,1,1,100.0,0,1,1,0,0,49.25,49.25,0.0,HIGH-RISK PROVIDER,PROVIDER REQUIRING REVIEW,100.0% flagged records (Threshold: 10%); High average claim risk score of 49.2
1284922515,PHARMACY_CLAIM,1,1,100.0,0,1,1,0,0,49.24,49.24,100.0,HIGH-RISK PROVIDER,PROVIDER REQUIRING REVIEW,100.0% flagged records (Threshold: 10%); High average claim risk score of 49.2; High claim denial/rejection rate of 100.0%
1485117496,PHARMACY_CLAIM,1,1,100.0,0,1,1,0,0,49.22,49.22,100.0,HIGH-RISK PROVIDER,PROVIDER REQUIRING REVIEW,100.0% flagged records (Threshold: 10%); High average claim risk score of 49.2; High claim denial/rejection rate of 100.0%
1680741437,PHARMACY_CLAIM,1,1,100.0,0,1,1,0,0,49.22,49.22,0.0,HIGH-RISK PROVIDER,PROVIDER REQUIRING REVIEW,100.0% flagged records (Threshold: 10%); High average claim risk score of 49.2
1865843901,PRIOR_AUTH,1,1,100.0,0,1,1,0,0,49.21,49.21,100.0,HIGH-RISK PROVIDER,PROVIDER REQUIRING REVIEW,100.0% flagged records (Threshold: 10%); High average claim risk score of 49.2; High claim denial/rejection rate of 100.0%
1903990979,PHARMACY_CLAIM,1,1,100.0,0,1,1,0,0,49.21,49.21,100.0,HIGH-RISK PROVIDER,PROVIDER REQUIRING REVIEW,100.0% flagged records (Threshold: 10%); High average claim risk score of 49.2; High claim denial/rejection rate of 100.0%
1972131999,PHARMACY_CLAIM,1,1,100.0,0,1,1,0,0,49.21,49.21,100.0,HIGH-RISK PROVIDER,PROVIDER REQUIRING REVIEW,100.0% flagged records (Threshold: 10%); High average claim risk score of 49.2; High claim denial/rejection rate of 100.0%
1695678294,PHARMACY_CLAIM,1,1,100.0,0,1,1,0,0,49.19,49.19,100.0,HIGH-RISK PROVIDER,PROVIDER REQUIRING REVIEW,100.0% flagged records (Threshold: 10%); High average claim risk score of 49.2; High claim denial/rejection rate of 100.0%
1226283268,PHARMACY_CLAIM,1,1,100.0,0,1,1,0,0,49.17,49.17,100.0,HIGH-RISK PROVIDER,PROVIDER REQUIRING REVIEW,100.0% flagged records (Threshold: 10%); High average claim risk score of 49.2; High claim denial/rejection rate of 100.0%
1038193456,PHARMACY_CLAIM,1,1,100.0,0,1,1,0,0,49.16,49.16,0.0,HIGH-RISK PROVIDER,PROVIDER REQUIRING REVIEW,100.0% flagged records (Threshold: 10%); High average claim risk score of 49.2
1704727055,PHARMACY_CLAIM,1,1,100.0,0,1,1,0,0,49.16,49.16,100.0,HIGH-RISK PROVIDER,PROVIDER REQUIRING REVIEW,100.0% flagged records (Threshold: 10%); High average claim risk score of 49.2; High claim denial/rejection rate of 100.0%
1272708589,PRIOR_AUTH,2,2,100.0,0,2,2,0,0,49.14,49.14,100.0,HIGH-RISK PROVIDER,PROVIDER REQUIRING REVIEW,100.0% flagged records (Threshold: 10%); High average claim risk score of 49.1; High claim denial/rejection rate of 100.0%
1954439890,PRIOR_AUTH,1,1,100.0,0,1,1,0,0,49.14,49.14,100.0,HIGH-RISK PROVIDER,PROVIDER REQUIRING REVIEW,100.0% flagged records (Threshold: 10%); High average claim risk score of 49.1; High claim denial/rejection rate of 100.0%
1869470144,PRIOR_AUTH,1,1,100.0,0,1,1,0,0,49.12,49.12,100.0,HIGH-RISK PROVIDER,PROVIDER REQUIRING REVIEW,100.0% flagged records (Threshold: 10%); High average claim risk score of 49.1; High claim denial/rejection rate of 100.0%
1964182724,PHARMACY_CLAIM,1,1,100.0,0,1,1,0,0,49.12,49.12,100.0,HIGH-RISK PROVIDER,PROVIDER REQUIRING REVIEW,100.0% flagged records (Threshold: 10%); High average claim risk score of 49.1; High claim denial/rejection rate of 100.0%
1770167389,MEDICAL_CLAIM,1,1,100.0,0,0,2,0,0,49.11,49.11,0.0,HIGH-RISK PROVIDER,PROVIDER REQUIRING REVIEW,100.0% flagged records (Threshold: 10%); High average claim risk score of 49.1
1636099721,PHARMACY_CLAIM,1,1,100.0,0,1,1,0,0,49.08,49.08,0.0,HIGH-RISK PROVIDER,PROVIDER REQUIRING REVIEW,100.0% flagged records (Threshold: 10%); High average claim risk score of 49.1
1856203176,PHARMACY_CLAIM,1,1,100.0,0,1,1,0,0,49.08,49.08,100.0,HIGH-RISK PROVIDER,PROVIDER REQUIRING REVIEW,100.0% flagged records (Threshold: 10%); High average claim risk score of 49.1; High claim denial/rejection rate of 100.0%
1507705735,PRIOR_AUTH,1,1,100.0,0,1,1,0,0,49.06,49.06,100.0,HIGH-RISK PROVIDER,PROVIDER REQUIRING REVIEW,100.0% flagged records (Threshold: 10%); High average claim risk score of 49.1; High claim denial/rejection rate of 100.0%
1666082686,PHARMACY_CLAIM,1,1,100.0,0,0,2,0,0,49.06,49.06,0.0,HIGH-RISK PROVIDER,PROVIDER REQUIRING REVIEW,100.0% flagged records (Threshold: 10%); High average claim risk score of 49.1
1811355489,PRIOR_AUTH,1,1,100.0,0,1,1,0,0,49.06,49.06,100.0,HIGH-RISK PROVIDER,PROVIDER REQUIRING REVIEW,100.0% flagged records (Threshold: 10%); High average claim risk score of 49.1; High claim denial/rejection rate of 100.0%
1107555171,PHARMACY_CLAIM,1,1,100.0,0,1,1,0,0,49.05,49.05,100.0,HIGH-RISK PROVIDER,PROVIDER REQUIRING REVIEW,100.0% flagged records (Threshold: 10%); High average claim risk score of 49.0; High claim denial/rejection rate of 100.0%
1588080030,MEDICAL_CLAIM,1,1,100.0,0,0,2,0,0,49.05,49.05,0.0,HIGH-RISK PROVIDER,PROVIDER REQUIRING REVIEW,100.0% flagged records (Threshold: 10%); High average claim risk score of 49.0
1908071383,PHARMACY_CLAIM,1,1,100.0,0,1,1,0,0,49.05,49.05,100.0,HIGH-RISK PROVIDER,PROVIDER REQUIRING REVIEW,100.0% flagged records (Threshold: 10%); High average claim risk score of 49.0; High claim denial/rejection rate of 100.0%
1135404705,PHARMACY_CLAIM,1,1,100.0,0,1,1,0,0,49.04,49.04,100.0,HIGH-RISK PROVIDER,PROVIDER REQUIRING REVIEW,100.0% flagged records (Threshold: 10%); High average claim risk score of 49.0; High claim denial/rejection rate of 100.0%
1470186290,PHARMACY_CLAIM,1,1,100.0,0,1,1,0,0,49.03,49.03,100.0,HIGH-RISK PROVIDER,PROVIDER REQUIRING REVIEW,100.0% flagged records (Threshold: 10%); High average claim risk score of 49.0; High claim denial/rejection rate of 100.0%
1137396707,PRIOR_AUTH,1,1,100.0,0,1,1,0,0,49.02,49.02,0.0,HIGH-RISK PROVIDER,PROVIDER REQUIRING REVIEW,100.0% flagged records (Threshold: 10%); High average claim risk score of 49.0
1984184124,PHARMACY_CLAIM,1,1,100.0,0,1,1,0,0,49.01,49.01,100.0,HIGH-RISK PROVIDER,PROVIDER REQUIRING REVIEW,100.0% flagged records (Threshold: 10%); High average claim risk score of 49.0; High claim denial/rejection rate of 100.0%
1673023640,PHARMACY_CLAIM,1,1,100.0,0,1,1,0,0,49.0,49.0,100.0,HIGH-RISK PROVIDER,PROVIDER REQUIRING REVIEW,100.0% flagged records (Threshold: 10%); High average claim risk score of 49.0; High claim denial/rejection rate of 100.0%
1380469104,PHARMACY_CLAIM,2,2,100.0,0,2,2,0,0,48.98,48.98,0.0,HIGH-RISK PROVIDER,PROVIDER REQUIRING REVIEW,100.0% flagged records (Threshold: 10%); High average claim risk score of 49.0
1658783128,PRIOR_AUTH,1,1,100.0,0,1,1,0,0,48.98,48.98,100.0,HIGH-RISK PROVIDER,PROVIDER REQUIRING REVIEW,100.0% flagged records (Threshold: 10%); High average claim risk score of 49.0; High claim denial/rejection rate of 100.0%
1513707607,PHARMACY_CLAIM,1,1,100.0,0,1,1,0,0,48.97,48.97,100.0,HIGH-RISK PROVIDER,PROVIDER REQUIRING REVIEW,100.0% flagged records (Threshold: 10%); High average claim risk score of 49.0; High claim denial/rejection rate of 100.0%
1018633194,PHARMACY_CLAIM,2,2,100.0,0,2,2,0,0,48.96,48.96,0.0,HIGH-RISK PROVIDER,PROVIDER REQUIRING REVIEW,100.0% flagged records (Threshold: 10%); High average claim risk score of 49.0
1377954152,PHARMACY_CLAIM,1,1,100.0,0,1,1,0,0,48.95,48.95,0.0,HIGH-RISK PROVIDER,PROVIDER REQUIRING REVIEW,100.0% flagged records (Threshold: 10%); High average claim risk score of 49.0
1868168899,PRIOR_AUTH,1,1,100.0,0,1,1,0,0,48.94,48.94,100.0,HIGH-RISK PROVIDER,PROVIDER REQUIRING REVIEW,100.0% flagged records (Threshold: 10%); High average claim risk score of 48.9; High claim denial/rejection rate of 100.0%
1475384943,PHARMACY_CLAIM,1,1,100.0,0,1,1,0,0,48.93,48.93,100.0,HIGH-RISK PROVIDER,PROVIDER REQUIRING REVIEW,100.0% flagged records (Threshold: 10%); High average claim risk score of 48.9; High claim denial/rejection rate of 100.0%
1045278947,PRIOR_AUTH,1,1,100.0,0,1,1,0,0,48.91,48.91,100.0,HIGH-RISK PROVIDER,PROVIDER REQUIRING REVIEW,100.0% flagged records (Threshold: 10%); High average claim risk score of 48.9; High claim denial/rejection rate of 100.0%
1148865076,PHARMACY_CLAIM,1,1,100.0,0,1,1,0,0,48.91,48.91,0.0,HIGH-RISK PROVIDER,PROVIDER REQUIRING REVIEW,100.0% flagged records (Threshold: 10%); High average claim risk score of 48.9
1369753568,PRIOR_AUTH,1,1,100.0,0,1,1,0,0,48.91,48.91,100.0,HIGH-RISK PROVIDER,PROVIDER REQUIRING REVIEW,100.0% flagged records (Threshold: 10%); High average claim risk score of 48.9; High claim denial/rejection rate of 100.0%
1887655335,PHARMACY_CLAIM,1,1,100.0,0,0,2,0,0,48.91,48.91,0.0,HIGH-RISK PROVIDER,PROVIDER REQUIRING REVIEW,100.0% flagged records (Threshold: 10%); High average claim risk score of 48.9
1431464509,PRIOR_AUTH,1,1,100.0,0,1,1,0,0,48.9,48.9,100.0,HIGH-RISK PROVIDER,PROVIDER REQUIRING REVIEW,100.0% flagged records (Threshold: 10%); High average claim risk score of 48.9; High claim denial/rejection rate of 100.0%
1192925105,PHARMACY_CLAIM,1,1,100.0,0,1,1,0,0,48.86,48.86,0.0,HIGH-RISK PROVIDER,PROVIDER REQUIRING REVIEW,100.0% flagged records (Threshold: 10%); High average claim risk score of 48.9
1209915599,PHARMACY_CLAIM,1,1,100.0,0,1,1,0,0,48.86,48.86,100.0,HIGH-RISK PROVIDER,PROVIDER REQUIRING REVIEW,100.0% flagged records (Threshold: 10%); High average claim risk score of 48.9; High claim denial/rejection rate of 100.0%
1756261117,PHARMACY_CLAIM,2,2,100.0,0,2,2,0,0,48.85,48.85,0.0,HIGH-RISK PROVIDER,PROVIDER REQUIRING REVIEW,100.0% flagged records (Threshold: 10%); High average claim risk score of 48.9
1430927888,PHARMACY_CLAIM,1,1,100.0,0,1,1,0,0,48.83,48.83,100.0,HIGH-RISK PROVIDER,PROVIDER REQUIRING REVIEW,100.0% flagged records (Threshold: 10%); High average claim risk score of 48.8; High claim denial/rejection rate of 100.0%
1499855450,PRIOR_AUTH,1,1,100.0,0,1,1,0,0,48.83,48.83,100.0,HIGH-RISK PROVIDER,PROVIDER REQUIRING REVIEW,100.0% flagged records (Threshold: 10%); High average claim risk score of 48.8; High claim denial/rejection rate of 100.0%
1924296762,PRIOR_AUTH,1,1,100.0,0,1,1,0,0,48.82,48.82,0.0,HIGH-RISK PROVIDER,PROVIDER REQUIRING REVIEW,100.0% flagged records (Threshold: 10%); High average claim risk score of 48.8
1800865627,PHARMACY_CLAIM,1,1,100.0,0,1,1,0,0,48.81,48.81,0.0,HIGH-RISK PROVIDER,PROVIDER REQUIRING REVIEW,100.0% flagged records (Threshold: 10%); High average claim risk score of 48.8
1066177068,PHARMACY_CLAIM,1,1,100.0,0,1,1,0,0,48.77,48.77,0.0,HIGH-RISK PROVIDER,PROVIDER REQUIRING REVIEW,100.0% flagged records (Threshold: 10%); High average claim risk score of 48.8
1217079861,PRIOR_AUTH,1,1,100.0,0,1,1,0,0,48.77,48.77,100.0,HIGH-RISK PROVIDER,PROVIDER REQUIRING REVIEW,100.0% flagged records (Threshold: 10%); High average claim risk score of 48.8; High claim denial/rejection rate of 100.0%
1294606180,PHARMACY_CLAIM,1,1,100.0,0,1,1,0,0,48.77,48.77,100.0,HIGH-RISK PROVIDER,PROVIDER REQUIRING REVIEW,100.0% flagged records (Threshold: 10%); High average claim risk score of 48.8; High claim denial/rejection rate of 100.0%
1498679738,PRIOR_AUTH,1,1,100.0,0,1,1,0,0,48.77,48.77,100.0,HIGH-RISK PROVIDER,PROVIDER REQUIRING REVIEW,100.0% flagged records (Threshold: 10%); High average claim risk score of 48.8; High claim denial/rejection rate of 100.0%
1300782254,PHARMACY_CLAIM,1,1,100.0,0,1,1,0,0,48.76,48.76,100.0,HIGH-RISK PROVIDER,PROVIDER REQUIRING REVIEW,100.0% flagged records (Threshold: 10%); High average claim risk score of 48.8; High claim denial/rejection rate of 100.0%
1400214319,PHARMACY_CLAIM,1,1,100.0,0,1,1,0,0,48.76,48.76,100.0,HIGH-RISK PROVIDER,PROVIDER REQUIRING REVIEW,100.0% flagged records (Threshold: 10%); High average claim risk score of 48.8; High claim denial/rejection rate of 100.0%
1800157876,PHARMACY_CLAIM,1,1,100.0,0,1,1,0,0,48.76,48.76,100.0,HIGH-RISK PROVIDER,PROVIDER REQUIRING REVIEW,100.0% flagged records (Threshold: 10%); High average claim risk score of 48.8; High claim denial/rejection rate of 100.0%
1815808566,PRIOR_AUTH,1,1,100.0,0,1,1,0,0,48.75,48.75,100.0,HIGH-RISK PROVIDER,PROVIDER REQUIRING REVIEW,100.0% flagged records (Threshold: 10%); High average claim risk score of 48.8; High claim denial/rejection rate of 100.0%
1096194936,PRIOR_AUTH,1,1,100.0,0,1,1,0,0,48.73,48.73,100.0,HIGH-RISK PROVIDER,PROVIDER REQUIRING REVIEW,100.0% flagged records (Threshold: 10%); High average claim risk score of 48.7; High claim denial/rejection rate of 100.0%
1198167012,PRIOR_AUTH,1,1,100.0,0,1,1,0,0,48.7,48.7,100.0,HIGH-RISK PROVIDER,PROVIDER REQUIRING REVIEW,100.0% flagged records (Threshold: 10%); High average claim risk score of 48.7; High claim denial/rejection rate of 100.0%
1377463824,PHARMACY_CLAIM,1,1,100.0,0,1,1,0,0,48.68,48.68,0.0,HIGH-RISK PROVIDER,PROVIDER REQUIRING REVIEW,100.0% flagged records (Threshold: 10%); High average claim risk score of 48.7
1834234612,PRIOR_AUTH,1,1,100.0,0,1,1,0,0,48.66,48.66,100.0,HIGH-RISK PROVIDER,PROVIDER REQUIRING REVIEW,100.0% flagged records (Threshold: 10%); High average claim risk score of 48.7; High claim denial/rejection rate of 100.0%
1029729671,PHARMACY_CLAIM,1,1,100.0,0,1,1,0,0,48.65,48.65,100.0,HIGH-RISK PROVIDER,PROVIDER REQUIRING REVIEW,100.0% flagged records (Threshold: 10%); High average claim risk score of 48.6; High claim denial/rejection rate of 100.0%
1159312312,PHARMACY_CLAIM,1,1,100.0,0,1,1,0,0,48.65,48.65,100.0,HIGH-RISK PROVIDER,PROVIDER REQUIRING REVIEW,100.0% flagged records (Threshold: 10%); High average claim risk score of 48.6; High claim denial/rejection rate of 100.0%
1427001445,MEDICAL_CLAIM,1,1,100.0,0,0,2,0,0,48.65,48.65,0.0,HIGH-RISK PROVIDER,PROVIDER REQUIRING REVIEW,100.0% flagged records (Threshold: 10%); High average claim risk score of 48.6
1644630702,PRIOR_AUTH,1,1,100.0,0,1,1,0,0,48.63,48.63,0.0,HIGH-RISK PROVIDER,PROVIDER REQUIRING REVIEW,100.0% flagged records (Threshold: 10%); High average claim risk score of 48.6
1257328295,PRIOR_AUTH,1,1,100.0,0,1,1,0,0,48.61,48.61,0.0,HIGH-RISK PROVIDER,PROVIDER REQUIRING REVIEW,100.0% flagged records (Threshold: 10%); High average claim risk score of 48.6
1856061915,PHARMACY_CLAIM,1,1,100.0,0,1,1,0,0,48.6,48.6,100.0,HIGH-RISK PROVIDER,PROVIDER REQUIRING REVIEW,100.0% flagged records (Threshold: 10%); High average claim risk score of 48.6; High claim denial/rejection rate of 100.0%
1745659061,PHARMACY_CLAIM,1,1,100.0,0,1,1,0,0,48.59,48.59,100.0,HIGH-RISK PROVIDER,PROVIDER REQUIRING REVIEW,100.0% flagged records (Threshold: 10%); High average claim risk score of 48.6; High claim denial/rejection rate of 100.0%
1881597335,PHARMACY_CLAIM,1,1,100.0,0,1,1,0,0,48.59,48.59,100.0,HIGH-RISK PROVIDER,PROVIDER REQUIRING REVIEW,100.0% flagged records (Threshold: 10%); High average claim risk score of 48.6; High claim denial/rejection rate of 100.0%
1115943771,PHARMACY_CLAIM,1,1,100.0,0,1,1,0,0,48.58,48.58,100.0,HIGH-RISK PROVIDER,PROVIDER REQUIRING REVIEW,100.0% flagged records (Threshold: 10%); High average claim risk score of 48.6; High claim denial/rejection rate of 100.0%
1220686169,PHARMACY_CLAIM,1,1,100.0,0,1,1,0,0,48.56,48.56,0.0,HIGH-RISK PROVIDER,PROVIDER REQUIRING REVIEW,100.0% flagged records (Threshold: 10%); High average claim risk score of 48.6
1819073672,PRIOR_AUTH,1,1,100.0,0,1,1,0,0,48.55,48.55,100.0,HIGH-RISK PROVIDER,PROVIDER REQUIRING REVIEW,100.0% flagged records (Threshold: 10%); High average claim risk score of 48.5; High claim denial/rejection rate of 100.0%
1977390536,PRIOR_AUTH,1,1,100.0,0,1,1,0,0,48.55,48.55,100.0,HIGH-RISK PROVIDER,PROVIDER REQUIRING REVIEW,100.0% flagged records (Threshold: 10%); High average claim risk score of 48.5; High claim denial/rejection rate of 100.0%
1193741874,PHARMACY_CLAIM,1,1,100.0,0,1,1,0,0,48.54,48.54,100.0,HIGH-RISK PROVIDER,PROVIDER REQUIRING REVIEW,100.0% flagged records (Threshold: 10%); High average claim risk score of 48.5; High claim denial/rejection rate of 100.0%
1584485910,PHARMACY_CLAIM,1,1,100.0,0,1,1,0,0,48.53,48.53,0.0,HIGH-RISK PROVIDER,PROVIDER REQUIRING REVIEW,100.0% flagged records (Threshold: 10%); High average claim risk score of 48.5
1502001873,PHARMACY_CLAIM,1,1,100.0,0,1,1,0,0,48.51,48.51,100.0,HIGH-RISK PROVIDER,PROVIDER REQUIRING REVIEW,100.0% flagged records (Threshold: 10%); High average claim risk score of 48.5; High claim denial/rejection rate of 100.0%
1299407407,PHARMACY_CLAIM,1,1,100.0,0,1,1,0,0,48.5,48.5,100.0,HIGH-RISK PROVIDER,PROVIDER REQUIRING REVIEW,100.0% flagged records (Threshold: 10%); High average claim risk score of 48.5; High claim denial/rejection rate of 100.0%
1407855627,PHARMACY_CLAIM,1,1,100.0,0,1,1,0,0,48.5,48.5,0.0,HIGH-RISK PROVIDER,PROVIDER REQUIRING REVIEW,100.0% flagged records (Threshold: 10%); High average claim risk score of 48.5
1916010071,PRIOR_AUTH,1,1,100.0,0,1,1,0,0,48.5,48.5,100.0,HIGH-RISK PROVIDER,PROVIDER REQUIRING REVIEW,100.0% flagged records (Threshold: 10%); High average claim risk score of 48.5; High claim denial/rejection rate of 100.0%
1156867571,PRIOR_AUTH,1,1,100.0,0,1,1,0,0,48.48,48.48,100.0,HIGH-RISK PROVIDER,PROVIDER REQUIRING REVIEW,100.0% flagged records (Threshold: 10%); High average claim risk score of 48.5; High claim denial/rejection rate of 100.0%
1218716340,PRIOR_AUTH,1,1,100.0,0,1,1,0,0,48.47,48.47,100.0,HIGH-RISK PROVIDER,PROVIDER REQUIRING REVIEW,100.0% flagged records (Threshold: 10%); High average claim risk score of 48.5; High claim denial/rejection rate of 100.0%
1042347362,PRIOR_AUTH,1,1,100.0,0,1,1,0,0,48.45,48.45,100.0,HIGH-RISK PROVIDER,PROVIDER REQUIRING REVIEW,100.0% flagged records (Threshold: 10%); High average claim risk score of 48.5; High claim denial/rejection rate of 100.0%
1141234798,PHARMACY_CLAIM,1,1,100.0,0,1,1,0,0,48.44,48.44,100.0,HIGH-RISK PROVIDER,PROVIDER REQUIRING REVIEW,100.0% flagged records (Threshold: 10%); High average claim risk score of 48.4; High claim denial/rejection rate of 100.0%
1804897040,PHARMACY_CLAIM,1,1,100.0,0,1,1,0,0,48.44,48.44,100.0,HIGH-RISK PROVIDER,PROVIDER REQUIRING REVIEW,100.0% flagged records (Threshold: 10%); High average claim risk score of 48.4; High claim denial/rejection rate of 100.0%
1933711543,PHARMACY_CLAIM,1,1,100.0,0,0,2,0,0,48.41,48.41,0.0,HIGH-RISK PROVIDER,PROVIDER REQUIRING REVIEW,100.0% flagged records (Threshold: 10%); High average claim risk score of 48.4
1010681916,PHARMACY_CLAIM,1,1,100.0,0,1,1,0,0,48.4,48.4,0.0,HIGH-RISK PROVIDER,PROVIDER REQUIRING REVIEW,100.0% flagged records (Threshold: 10%); High average claim risk score of 48.4
1164842152,PHARMACY_CLAIM,1,1,100.0,0,1,1,0,0,48.4,48.4,0.0,HIGH-RISK PROVIDER,PROVIDER REQUIRING REVIEW,100.0% flagged records (Threshold: 10%); High average claim risk score of 48.4
1747934834,PRIOR_AUTH,1,1,100.0,0,1,1,0,0,48.39,48.39,0.0,HIGH-RISK PROVIDER,PROVIDER REQUIRING REVIEW,100.0% flagged records (Threshold: 10%); High average claim risk score of 48.4
1978215720,PRIOR_AUTH,1,1,100.0,0,1,1,0,0,48.39,48.39,100.0,HIGH-RISK PROVIDER,PROVIDER REQUIRING REVIEW,100.0% flagged records (Threshold: 10%); High average claim risk score of 48.4; High claim denial/rejection rate of 100.0%
1051989007,PHARMACY_CLAIM,1,1,100.0,0,1,1,0,0,48.38,48.38,100.0,HIGH-RISK PROVIDER,PROVIDER REQUIRING REVIEW,100.0% flagged records (Threshold: 10%); High average claim risk score of 48.4; High claim denial/rejection rate of 100.0%
1336912259,PRIOR_AUTH,1,1,100.0,0,1,1,0,0,48.38,48.38,0.0,HIGH-RISK PROVIDER,PROVIDER REQUIRING REVIEW,100.0% flagged records (Threshold: 10%); High average claim risk score of 48.4
1000407487,PHARMACY_CLAIM,1,1,100.0,0,1,1,0,0,48.37,48.37,0.0,HIGH-RISK PROVIDER,PROVIDER REQUIRING REVIEW,100.0% flagged records (Threshold: 10%); High average claim risk score of 48.4
1565222846,PRIOR_AUTH,1,1,100.0,0,1,1,0,0,48.37,48.37,0.0,HIGH-RISK PROVIDER,PROVIDER REQUIRING REVIEW,100.0% flagged records (Threshold: 10%); High average claim risk score of 48.4
1407545843,PRIOR_AUTH,1,1,100.0,0,1,1,0,0,48.36,48.36,0.0,HIGH-RISK PROVIDER,PROVIDER REQUIRING REVIEW,100.0% flagged records (Threshold: 10%); High average claim risk score of 48.4
1079239955,PHARMACY_CLAIM,1,1,100.0,0,1,1,0,0,48.35,48.35,100.0,HIGH-RISK PROVIDER,PROVIDER REQUIRING REVIEW,100.0% flagged records (Threshold: 10%); High average claim risk score of 48.4; High claim denial/rejection rate of 100.0%
1138533057,PRIOR_AUTH,1,1,100.0,0,1,1,0,0,48.35,48.35,100.0,HIGH-RISK PROVIDER,PROVIDER REQUIRING REVIEW,100.0% flagged records (Threshold: 10%); High average claim risk score of 48.4; High claim denial/rejection rate of 100.0%
1690748195,PRIOR_AUTH,1,1,100.0,0,1,1,0,0,48.35,48.35,100.0,HIGH-RISK PROVIDER,PROVIDER REQUIRING REVIEW,100.0% flagged records (Threshold: 10%); High average claim risk score of 48.4; High claim denial/rejection rate of 100.0%
1664118640,PHARMACY_CLAIM,1,1,100.0,0,1,1,0,0,48.32,48.32,0.0,HIGH-RISK PROVIDER,PROVIDER REQUIRING REVIEW,100.0% flagged records (Threshold: 10%); High average claim risk score of 48.3
1150057335,PRIOR_AUTH,1,1,100.0,0,1,1,0,0,48.31,48.31,0.0,HIGH-RISK PROVIDER,PROVIDER REQUIRING REVIEW,100.0% flagged records (Threshold: 10%); High average claim risk score of 48.3
1655386700,PRIOR_AUTH,1,1,100.0,0,1,1,0,0,48.3,48.3,100.0,HIGH-RISK PROVIDER,PROVIDER REQUIRING REVIEW,100.0% flagged records (Threshold: 10%); High average claim risk score of 48.3; High claim denial/rejection rate of 100.0%
1489379345,PHARMACY_CLAIM,1,1,100.0,0,1,1,0,0,48.29,48.29,100.0,HIGH-RISK PROVIDER,PROVIDER REQUIRING REVIEW,100.0% flagged records (Threshold: 10%); High average claim risk score of 48.3; High claim denial/rejection rate of 100.0%
1630777189,PHARMACY_CLAIM,1,1,100.0,0,1,1,0,0,48.28,48.28,100.0,HIGH-RISK PROVIDER,PROVIDER REQUIRING REVIEW,100.0% flagged records (Threshold: 10%); High average claim risk score of 48.3; High claim denial/rejection rate of 100.0%
1751589011,PHARMACY_CLAIM,1,1,100.0,0,0,2,0,0,48.28,48.28,0.0,HIGH-RISK PROVIDER,PROVIDER REQUIRING REVIEW,100.0% flagged records (Threshold: 10%); High average claim risk score of 48.3
1025290027,PRIOR_AUTH,1,1,100.0,0,1,1,0,0,48.27,48.27,0.0,HIGH-RISK PROVIDER,PROVIDER REQUIRING REVIEW,100.0% flagged records (Threshold: 10%); High average claim risk score of 48.3
1315879987,PHARMACY_CLAIM,1,1,100.0,0,1,1,0,0,48.27,48.27,100.0,HIGH-RISK PROVIDER,PROVIDER REQUIRING REVIEW,100.0% flagged records (Threshold: 10%); High average claim risk score of 48.3; High claim denial/rejection rate of 100.0%
1758116259,PRIOR_AUTH,1,1,100.0,0,1,1,0,0,48.25,48.25,0.0,HIGH-RISK PROVIDER,PROVIDER REQUIRING REVIEW,100.0% flagged records (Threshold: 10%); High average claim risk score of 48.2
1088980013,PHARMACY_CLAIM,1,1,100.0,0,1,1,0,0,48.24,48.24,0.0,HIGH-RISK PROVIDER,PROVIDER REQUIRING REVIEW,100.0% flagged records (Threshold: 10%); High average claim risk score of 48.2
1248673474,PRIOR_AUTH,1,1,100.0,0,1,1,0,0,48.23,48.23,100.0,HIGH-RISK PROVIDER,PROVIDER REQUIRING REVIEW,100.0% flagged records (Threshold: 10%); High average claim risk score of 48.2; High claim denial/rejection rate of 100.0%
1461644137,PHARMACY_CLAIM,1,1,100.0,0,1,1,0,0,48.23,48.23,100.0,HIGH-RISK PROVIDER,PROVIDER REQUIRING REVIEW,100.0% flagged records (Threshold: 10%); High average claim risk score of 48.2; High claim denial/rejection rate of 100.0%
1209129414,PHARMACY_CLAIM,1,1,100.0,0,1,1,0,0,48.22,48.22,0.0,HIGH-RISK PROVIDER,PROVIDER REQUIRING REVIEW,100.0% flagged records (Threshold: 10%); High average claim risk score of 48.2
1954252601,PRIOR_AUTH,1,1,100.0,0,1,1,0,0,48.21,48.21,100.0,HIGH-RISK PROVIDER,PROVIDER REQUIRING REVIEW,100.0% flagged records (Threshold: 10%); High average claim risk score of 48.2; High claim denial/rejection rate of 100.0%
1012405528,PRIOR_AUTH,1,1,100.0,0,1,1,0,0,48.2,48.2,0.0,HIGH-RISK PROVIDER,PROVIDER REQUIRING REVIEW,100.0% flagged records (Threshold: 10%); High average claim risk score of 48.2
1630969279,PRIOR_AUTH,2,2,100.0,0,2,2,0,0,48.19,48.19,0.0,HIGH-RISK PROVIDER,PROVIDER REQUIRING REVIEW,100.0% flagged records (Threshold: 10%); High average claim risk score of 48.2
1390178733,PHARMACY_CLAIM,1,1,100.0,0,1,1,0,0,48.19,48.19,100.0,HIGH-RISK PROVIDER,PROVIDER REQUIRING REVIEW,100.0% flagged records (Threshold: 10%); High average claim risk score of 48.2; High claim denial/rejection rate of 100.0%
1171080042,PRIOR_AUTH,1,1,100.0,0,1,1,0,0,48.16,48.16,0.0,HIGH-RISK PROVIDER,PROVIDER REQUIRING REVIEW,100.0% flagged records (Threshold: 10%); High average claim risk score of 48.2
1371280516,PHARMACY_CLAIM,1,1,100.0,0,1,1,0,0,48.16,48.16,100.0,HIGH-RISK PROVIDER,PROVIDER REQUIRING REVIEW,100.0% flagged records (Threshold: 10%); High average claim risk score of 48.2; High claim denial/rejection rate of 100.0%
1985650051,PHARMACY_CLAIM,1,1,100.0,0,1,1,0,0,48.16,48.16,100.0,HIGH-RISK PROVIDER,PROVIDER REQUIRING REVIEW,100.0% flagged records (Threshold: 10%); High average claim risk score of 48.2; High claim denial/rejection rate of 100.0%
1571759130,PHARMACY_CLAIM,1,1,100.0,0,1,1,0,0,48.15,48.15,100.0,HIGH-RISK PROVIDER,PROVIDER REQUIRING REVIEW,100.0% flagged records (Threshold: 10%); High average claim risk score of 48.1; High claim denial/rejection rate of 100.0%
1029380757,PRIOR_AUTH,1,1,100.0,0,1,1,0,0,48.13,48.13,100.0,HIGH-RISK PROVIDER,PROVIDER REQUIRING REVIEW,100.0% flagged records (Threshold: 10%); High average claim risk score of 48.1; High claim denial/rejection rate of 100.0%
1234033406,PRIOR_AUTH,1,1,100.0,0,1,1,0,0,48.13,48.13,0.0,HIGH-RISK PROVIDER,PROVIDER REQUIRING REVIEW,100.0% flagged records (Threshold: 10%); High average claim risk score of 48.1
1647818299,PHARMACY_CLAIM,1,1,100.0,0,1,1,0,0,48.13,48.13,100.0,HIGH-RISK PROVIDER,PROVIDER REQUIRING REVIEW,100.0% flagged records (Threshold: 10%); High average claim risk score of 48.1; High claim denial/rejection rate of 100.0%
1536242253,PHARMACY_CLAIM,1,1,100.0,0,1,1,0,0,48.1,48.1,100.0,HIGH-RISK PROVIDER,PROVIDER REQUIRING REVIEW,100.0% flagged records (Threshold: 10%); High average claim risk score of 48.1; High claim denial/rejection rate of 100.0%
1612328342,PHARMACY_CLAIM,1,1,100.0,0,1,1,0,0,48.1,48.1,100.0,HIGH-RISK PROVIDER,PROVIDER REQUIRING REVIEW,100.0% flagged records (Threshold: 10%); High average claim risk score of 48.1; High claim denial/rejection rate of 100.0%
1664796302,PHARMACY_CLAIM,1,1,100.0,0,1,1,0,0,48.09,48.09,100.0,HIGH-RISK PROVIDER,PROVIDER REQUIRING REVIEW,100.0% flagged records (Threshold: 10%); High average claim risk score of 48.1; High claim denial/rejection rate of 100.0%
1825268748,PRIOR_AUTH,1,1,100.0,0,1,1,0,0,48.09,48.09,0.0,HIGH-RISK PROVIDER,PROVIDER REQUIRING REVIEW,100.0% flagged records (Threshold: 10%); High average claim risk score of 48.1
1019749474,PRIOR_AUTH,1,1,100.0,0,1,1,0,0,48.08,48.08,0.0,HIGH-RISK PROVIDER,PROVIDER REQUIRING REVIEW,100.0% flagged records (Threshold: 10%); High average claim risk score of 48.1
1171095528,PRIOR_AUTH,1,1,100.0,0,1,1,0,0,48.08,48.08,100.0,HIGH-RISK PROVIDER,PROVIDER REQUIRING REVIEW,100.0% flagged records (Threshold: 10%); High average claim risk score of 48.1; High claim denial/rejection rate of 100.0%
1847313251,PHARMACY_CLAIM,1,1,100.0,0,1,1,0,0,48.08,48.08,100.0,HIGH-RISK PROVIDER,PROVIDER REQUIRING REVIEW,100.0% flagged records (Threshold: 10%); High average claim risk score of 48.1; High claim denial/rejection rate of 100.0%
1152185703,PHARMACY_CLAIM,1,1,100.0,0,1,1,0,0,48.07,48.07,100.0,HIGH-RISK PROVIDER,PROVIDER REQUIRING REVIEW,100.0% flagged records (Threshold: 10%); High average claim risk score of 48.1; High claim denial/rejection rate of 100.0%
1810717981,PHARMACY_CLAIM,1,1,100.0,0,1,1,0,0,48.07,48.07,100.0,HIGH-RISK PROVIDER,PROVIDER REQUIRING REVIEW,100.0% flagged records (Threshold: 10%); High average claim risk score of 48.1; High claim denial/rejection rate of 100.0%
1949489132,PHARMACY_CLAIM,1,1,100.0,0,1,1,0,0,48.06,48.06,100.0,HIGH-RISK PROVIDER,PROVIDER REQUIRING REVIEW,100.0% flagged records (Threshold: 10%); High average claim risk score of 48.1; High claim denial/rejection rate of 100.0%
1651533384,PHARMACY_CLAIM,1,1,100.0,0,1,1,0,0,48.04,48.04,100.0,HIGH-RISK PROVIDER,PROVIDER REQUIRING REVIEW,100.0% flagged records (Threshold: 10%); High average claim risk score of 48.0; High claim denial/rejection rate of 100.0%
1132748971,PHARMACY_CLAIM,1,1,100.0,0,1,1,0,0,48.0,48.0,100.0,HIGH-RISK PROVIDER,PROVIDER REQUIRING REVIEW,100.0% flagged records (Threshold: 10%); High average claim risk score of 48.0; High claim denial/rejection rate of 100.0%
1292005025,PRIOR_AUTH,1,1,100.0,0,1,1,0,0,47.98,47.98,0.0,HIGH-RISK PROVIDER,PROVIDER REQUIRING REVIEW,100.0% flagged records (Threshold: 10%); High average claim risk score of 48.0
1522010778,PHARMACY_CLAIM,1,1,100.0,0,1,1,0,0,47.97,47.97,100.0,HIGH-RISK PROVIDER,PROVIDER REQUIRING REVIEW,100.0% flagged records (Threshold: 10%); High average claim risk score of 48.0; High claim denial/rejection rate of 100.0%
1835776475,PRIOR_AUTH,1,1,100.0,0,1,1,0,0,47.97,47.97,0.0,HIGH-RISK PROVIDER,PROVIDER REQUIRING REVIEW,100.0% flagged records (Threshold: 10%); High average claim risk score of 48.0
1919148731,PHARMACY_CLAIM,1,1,100.0,0,1,1,0,0,47.97,47.97,100.0,HIGH-RISK PROVIDER,PROVIDER REQUIRING REVIEW,100.0% flagged records (Threshold: 10%); High average claim risk score of 48.0; High claim denial/rejection rate of 100.0%
1343042322,PRIOR_AUTH,1,1,100.0,0,1,1,0,0,47.95,47.95,0.0,HIGH-RISK PROVIDER,PROVIDER REQUIRING REVIEW,100.0% flagged records (Threshold: 10%); High average claim risk score of 48.0
1493886188,PHARMACY_CLAIM,1,1,100.0,0,1,1,0,0,47.95,47.95,100.0,HIGH-RISK PROVIDER,PROVIDER REQUIRING REVIEW,100.0% flagged records (Threshold: 10%); High average claim risk score of 48.0; High claim denial/rejection rate of 100.0%
1977153018,PRIOR_AUTH,1,1,100.0,0,1,1,0,0,47.95,47.95,100.0,HIGH-RISK PROVIDER,PROVIDER REQUIRING REVIEW,100.0% flagged records (Threshold: 10%); High average claim risk score of 48.0; High claim denial/rejection rate of 100.0%
1100690620,PHARMACY_CLAIM,1,1,100.0,0,1,1,0,0,47.94,47.94,100.0,HIGH-RISK PROVIDER,PROVIDER REQUIRING REVIEW,100.0% flagged records (Threshold: 10%); High average claim risk score of 47.9; High claim denial/rejection rate of 100.0%
1963448858,PHARMACY_CLAIM,1,1,100.0,0,1,1,0,0,47.94,47.94,100.0,HIGH-RISK PROVIDER,PROVIDER REQUIRING REVIEW,100.0% flagged records (Threshold: 10%); High average claim risk score of 47.9; High claim denial/rejection rate of 100.0%
1152407534,PHARMACY_CLAIM,1,1,100.0,0,1,1,0,0,47.93,47.93,100.0,HIGH-RISK PROVIDER,PROVIDER REQUIRING REVIEW,100.0% flagged records (Threshold: 10%); High average claim risk score of 47.9; High claim denial/rejection rate of 100.0%
1204722257,PHARMACY_CLAIM,1,1,100.0,0,0,2,0,0,47.93,47.93,0.0,HIGH-RISK PROVIDER,PROVIDER REQUIRING REVIEW,100.0% flagged records (Threshold: 10%); High average claim risk score of 47.9
1856583163,PRIOR_AUTH,1,1,100.0,0,1,1,0,0,47.93,47.93,0.0,HIGH-RISK PROVIDER,PROVIDER REQUIRING REVIEW,100.0% flagged records (Threshold: 10%); High average claim risk score of 47.9
1366582820,PHARMACY_CLAIM,1,1,100.0,0,1,1,0,0,47.92,47.92,100.0,HIGH-RISK PROVIDER,PROVIDER REQUIRING REVIEW,100.0% flagged records (Threshold: 10%); High average claim risk score of 47.9; High claim denial/rejection rate of 100.0%
1377416408,PHARMACY_CLAIM,1,1,100.0,0,1,1,0,0,47.91,47.91,0.0,HIGH-RISK PROVIDER,PROVIDER REQUIRING REVIEW,100.0% flagged records (Threshold: 10%); High average claim risk score of 47.9
1247695364,PHARMACY_CLAIM,1,1,100.0,0,1,1,0,0,47.9,47.9,100.0,HIGH-RISK PROVIDER,PROVIDER REQUIRING REVIEW,100.0% flagged records (Threshold: 10%); High average claim risk score of 47.9; High claim denial/rejection rate of 100.0%
1195895275,PHARMACY_CLAIM,1,1,100.0,0,1,1,0,0,47.89,47.89,100.0,HIGH-RISK PROVIDER,PROVIDER REQUIRING REVIEW,100.0% flagged records (Threshold: 10%); High average claim risk score of 47.9; High claim denial/rejection rate of 100.0%
1092406703,PHARMACY_CLAIM,1,1,100.0,0,1,1,0,0,47.88,47.88,100.0,HIGH-RISK PROVIDER,PROVIDER REQUIRING REVIEW,100.0% flagged records (Threshold: 10%); High average claim risk score of 47.9; High claim denial/rejection rate of 100.0%
1679333131,PHARMACY_CLAIM,2,2,100.0,0,2,2,0,0,47.87,47.87,0.0,HIGH-RISK PROVIDER,PROVIDER REQUIRING REVIEW,100.0% flagged records (Threshold: 10%); High average claim risk score of 47.9
1674090091,PHARMACY_CLAIM,1,1,100.0,0,1,1,0,0,47.87,47.87,100.0,HIGH-RISK PROVIDER,PROVIDER REQUIRING REVIEW,100.0% flagged records (Threshold: 10%); High average claim risk score of 47.9; High claim denial/rejection rate of 100.0%
1125355062,PHARMACY_CLAIM,1,1,100.0,0,1,1,0,0,47.84,47.84,100.0,HIGH-RISK PROVIDER,PROVIDER REQUIRING REVIEW,100.0% flagged records (Threshold: 10%); High average claim risk score of 47.8; High claim denial/rejection rate of 100.0%
1742728438,PHARMACY_CLAIM,1,1,100.0,0,1,1,0,0,47.84,47.84,100.0,HIGH-RISK PROVIDER,PROVIDER REQUIRING REVIEW,100.0% flagged records (Threshold: 10%); High average claim risk score of 47.8; High claim denial/rejection rate of 100.0%
1200299438,PHARMACY_CLAIM,1,1,100.0,0,1,1,0,0,47.82,47.82,100.0,HIGH-RISK PROVIDER,PROVIDER REQUIRING REVIEW,100.0% flagged records (Threshold: 10%); High average claim risk score of 47.8; High claim denial/rejection rate of 100.0%
1973171599,PHARMACY_CLAIM,1,1,100.0,0,1,1,0,0,47.82,47.82,100.0,HIGH-RISK PROVIDER,PROVIDER REQUIRING REVIEW,100.0% flagged records (Threshold: 10%); High average claim risk score of 47.8; High claim denial/rejection rate of 100.0%
1361125567,PHARMACY_CLAIM,1,1,100.0,0,1,1,0,0,47.81,47.81,100.0,HIGH-RISK PROVIDER,PROVIDER REQUIRING REVIEW,100.0% flagged records (Threshold: 10%); High average claim risk score of 47.8; High claim denial/rejection rate of 100.0%
1245427913,PRIOR_AUTH,1,1,100.0,0,1,1,0,0,47.8,47.8,0.0,HIGH-RISK PROVIDER,PROVIDER REQUIRING REVIEW,100.0% flagged records (Threshold: 10%); High average claim risk score of 47.8
1449158966,PHARMACY_CLAIM,1,1,100.0,0,1,1,0,0,47.8,47.8,100.0,HIGH-RISK PROVIDER,PROVIDER REQUIRING REVIEW,100.0% flagged records (Threshold: 10%); High average claim risk score of 47.8; High claim denial/rejection rate of 100.0%
1700231324,PRIOR_AUTH,1,1,100.0,0,1,1,0,0,47.8,47.8,0.0,HIGH-RISK PROVIDER,PROVIDER REQUIRING REVIEW,100.0% flagged records (Threshold: 10%); High average claim risk score of 47.8
1087242277,PHARMACY_CLAIM,1,1,100.0,0,1,1,0,0,47.76,47.76,0.0,HIGH-RISK PROVIDER,PROVIDER REQUIRING REVIEW,100.0% flagged records (Threshold: 10%); High average claim risk score of 47.8
1215622372,PHARMACY_CLAIM,1,1,100.0,0,1,1,0,0,47.75,47.75,0.0,HIGH-RISK PROVIDER,PROVIDER REQUIRING REVIEW,100.0% flagged records (Threshold: 10%); High average claim risk score of 47.8
1353009317,PHARMACY_CLAIM,1,1,100.0,0,1,1,0,0,47.74,47.74,100.0,HIGH-RISK PROVIDER,PROVIDER REQUIRING REVIEW,100.0% flagged records (Threshold: 10%); High average claim risk score of 47.7; High claim denial/rejection rate of 100.0%
1288980165,PHARMACY_CLAIM,1,1,100.0,0,1,1,0,0,47.73,47.73,0.0,HIGH-RISK PROVIDER,PROVIDER REQUIRING REVIEW,100.0% flagged records (Threshold: 10%); High average claim risk score of 47.7
1517556334,PHARMACY_CLAIM,1,1,100.0,0,1,1,0,0,47.73,47.73,100.0,HIGH-RISK PROVIDER,PROVIDER REQUIRING REVIEW,100.0% flagged records (Threshold: 10%); High average claim risk score of 47.7; High claim denial/rejection rate of 100.0%
1191081458,PHARMACY_CLAIM,1,1,100.0,0,1,1,0,0,47.72,47.72,100.0,HIGH-RISK PROVIDER,PROVIDER REQUIRING REVIEW,100.0% flagged records (Threshold: 10%); High average claim risk score of 47.7; High claim denial/rejection rate of 100.0%
1989931488,PRIOR_AUTH,1,1,100.0,0,1,1,0,0,47.72,47.72,0.0,HIGH-RISK PROVIDER,PROVIDER REQUIRING REVIEW,100.0% flagged records (Threshold: 10%); High average claim risk score of 47.7
1440502123,PHARMACY_CLAIM,1,1,100.0,0,1,1,0,0,47.7,47.7,100.0,HIGH-RISK PROVIDER,PROVIDER REQUIRING REVIEW,100.0% flagged records (Threshold: 10%); High average claim risk score of 47.7; High claim denial/rejection rate of 100.0%
1784964964,PRIOR_AUTH,1,1,100.0,0,1,1,0,0,47.7,47.7,0.0,HIGH-RISK PROVIDER,PROVIDER REQUIRING REVIEW,100.0% flagged records (Threshold: 10%); High average claim risk score of 47.7
1028250461,PHARMACY_CLAIM,1,1,100.0,0,1,1,0,0,47.68,47.68,100.0,HIGH-RISK PROVIDER,PROVIDER REQUIRING REVIEW,100.0% flagged records (Threshold: 10%); High average claim risk score of 47.7; High claim denial/rejection rate of 100.0%
1327804117,PHARMACY_CLAIM,1,1,100.0,0,1,1,0,0,47.67,47.67,100.0,HIGH-RISK PROVIDER,PROVIDER REQUIRING REVIEW,100.0% flagged records (Threshold: 10%); High average claim risk score of 47.7; High claim denial/rejection rate of 100.0%
1131823801,PHARMACY_CLAIM,1,1,100.0,0,1,1,0,0,47.66,47.66,100.0,HIGH-RISK PROVIDER,PROVIDER REQUIRING REVIEW,100.0% flagged records (Threshold: 10%); High average claim risk score of 47.7; High claim denial/rejection rate of 100.0%
1839082091,PRIOR_AUTH,1,1,100.0,0,1,1,0,0,47.66,47.66,0.0,HIGH-RISK PROVIDER,PROVIDER REQUIRING REVIEW,100.0% flagged records (Threshold: 10%); High average claim risk score of 47.7
1013027877,PRIOR_AUTH,1,1,100.0,0,1,1,0,0,47.65,47.65,0.0,HIGH-RISK PROVIDER,PROVIDER REQUIRING REVIEW,100.0% flagged records (Threshold: 10%); High average claim risk score of 47.6
1862347988,PHARMACY_CLAIM,1,1,100.0,0,0,2,0,0,47.65,47.65,0.0,HIGH-RISK PROVIDER,PROVIDER REQUIRING REVIEW,100.0% flagged records (Threshold: 10%); High average claim risk score of 47.6
1392375345,PHARMACY_CLAIM,1,1,100.0,0,1,1,0,0,47.64,47.64,100.0,HIGH-RISK PROVIDER,PROVIDER REQUIRING REVIEW,100.0% flagged records (Threshold: 10%); High average claim risk score of 47.6; High claim denial/rejection rate of 100.0%
1542360686,PRIOR_AUTH,1,1,100.0,0,1,1,0,0,47.63,47.63,0.0,HIGH-RISK PROVIDER,PROVIDER REQUIRING REVIEW,100.0% flagged records (Threshold: 10%); High average claim risk score of 47.6
1604239911,PHARMACY_CLAIM,1,1,100.0,0,1,1,0,0,47.63,47.63,100.0,HIGH-RISK PROVIDER,PROVIDER REQUIRING REVIEW,100.0% flagged records (Threshold: 10%); High average claim risk score of 47.6; High claim denial/rejection rate of 100.0%
1710504001,PHARMACY_CLAIM,1,1,100.0,0,1,1,0,0,47.63,47.63,100.0,HIGH-RISK PROVIDER,PROVIDER REQUIRING REVIEW,100.0% flagged records (Threshold: 10%); High average claim risk score of 47.6; High claim denial/rejection rate of 100.0%
1458565608,PRIOR_AUTH,1,1,100.0,0,1,1,0,0,47.61,47.61,0.0,HIGH-RISK PROVIDER,PROVIDER REQUIRING REVIEW,100.0% flagged records (Threshold: 10%); High average claim risk score of 47.6
1612904517,PRIOR_AUTH,2,2,100.0,0,2,2,0,0,47.6,47.6,0.0,HIGH-RISK PROVIDER,PROVIDER REQUIRING REVIEW,100.0% flagged records (Threshold: 10%); High average claim risk score of 47.6
1432153792,PHARMACY_CLAIM,1,1,100.0,0,1,1,0,0,47.6,47.6,100.0,HIGH-RISK PROVIDER,PROVIDER REQUIRING REVIEW,100.0% flagged records (Threshold: 10%); High average claim risk score of 47.6; High claim denial/rejection rate of 100.0%
1445045647,PHARMACY_CLAIM,1,1,100.0,0,1,1,0,0,47.59,47.59,100.0,HIGH-RISK PROVIDER,PROVIDER REQUIRING REVIEW,100.0% flagged records (Threshold: 10%); High average claim risk score of 47.6; High claim denial/rejection rate of 100.0%
1264968185,PHARMACY_CLAIM,1,1,100.0,0,1,1,0,0,47.57,47.57,100.0,HIGH-RISK PROVIDER,PROVIDER REQUIRING REVIEW,100.0% flagged records (Threshold: 10%); High average claim risk score of 47.6; High claim denial/rejection rate of 100.0%
1273762016,PHARMACY_CLAIM,1,1,100.0,0,0,2,0,0,47.57,47.57,0.0,HIGH-RISK PROVIDER,PROVIDER REQUIRING REVIEW,100.0% flagged records (Threshold: 10%); High average claim risk score of 47.6
1497743226,PHARMACY_CLAIM,1,1,100.0,0,1,1,0,0,47.56,47.56,100.0,HIGH-RISK PROVIDER,PROVIDER REQUIRING REVIEW,100.0% flagged records (Threshold: 10%); High average claim risk score of 47.6; High claim denial/rejection rate of 100.0%
1055404999,PHARMACY_CLAIM,1,1,100.0,0,1,1,0,0,47.55,47.55,100.0,HIGH-RISK PROVIDER,PROVIDER REQUIRING REVIEW,100.0% flagged records (Threshold: 10%); High average claim risk score of 47.5; High claim denial/rejection rate of 100.0%
1136992310,PRIOR_AUTH,1,1,100.0,0,1,1,0,0,47.53,47.53,0.0,HIGH-RISK PROVIDER,PROVIDER REQUIRING REVIEW,100.0% flagged records (Threshold: 10%); High average claim risk score of 47.5
1243490007,PHARMACY_CLAIM,1,1,100.0,0,1,1,0,0,47.53,47.53,100.0,HIGH-RISK PROVIDER,PROVIDER REQUIRING REVIEW,100.0% flagged records (Threshold: 10%); High average claim risk score of 47.5; High claim denial/rejection rate of 100.0%
1780101204,MEDICAL_CLAIM,1,1,100.0,0,0,2,0,0,47.53,47.53,0.0,HIGH-RISK PROVIDER,PROVIDER REQUIRING REVIEW,100.0% flagged records (Threshold: 10%); High average claim risk score of 47.5
1523666311,PRIOR_AUTH,1,1,100.0,0,1,1,0,0,47.52,47.52,0.0,HIGH-RISK PROVIDER,PROVIDER REQUIRING REVIEW,100.0% flagged records (Threshold: 10%); High average claim risk score of 47.5
1610552048,PHARMACY_CLAIM,1,1,100.0,0,1,1,0,0,47.52,47.52,0.0,HIGH-RISK PROVIDER,PROVIDER REQUIRING REVIEW,100.0% flagged records (Threshold: 10%); High average claim risk score of 47.5
1662254429,PHARMACY_CLAIM,1,1,100.0,0,1,1,0,0,47.52,47.52,100.0,HIGH-RISK PROVIDER,PROVIDER REQUIRING REVIEW,100.0% flagged records (Threshold: 10%); High average claim risk score of 47.5; High claim denial/rejection rate of 100.0%
1198103412,PHARMACY_CLAIM,1,1,100.0,0,0,2,0,0,47.5,47.5,0.0,HIGH-RISK PROVIDER,PROVIDER REQUIRING REVIEW,100.0% flagged records (Threshold: 10%); High average claim risk score of 47.5
1635341446,PHARMACY_CLAIM,1,1,100.0,0,1,1,0,0,47.5,47.5,0.0,HIGH-RISK PROVIDER,PROVIDER REQUIRING REVIEW,100.0% flagged records (Threshold: 10%); High average claim risk score of 47.5
1709929294,PHARMACY_CLAIM,1,1,100.0,0,1,1,0,0,47.5,47.5,0.0,HIGH-RISK PROVIDER,PROVIDER REQUIRING REVIEW,100.0% flagged records (Threshold: 10%); High average claim risk score of 47.5
1002778443,PHARMACY_CLAIM,1,1,100.0,0,1,1,0,0,47.49,47.49,100.0,HIGH-RISK PROVIDER,PROVIDER REQUIRING REVIEW,100.0% flagged records (Threshold: 10%); High average claim risk score of 47.5; High claim denial/rejection rate of 100.0%
1615527294,PHARMACY_CLAIM,1,1,100.0,0,1,1,0,0,47.48,47.48,0.0,HIGH-RISK PROVIDER,PROVIDER REQUIRING REVIEW,100.0% flagged records (Threshold: 10%); High average claim risk score of 47.5
1595797867,PHARMACY_CLAIM,1,1,100.0,0,1,1,0,0,47.47,47.47,100.0,HIGH-RISK PROVIDER,PROVIDER REQUIRING REVIEW,100.0% flagged records (Threshold: 10%); High average claim risk score of 47.5; High claim denial/rejection rate of 100.0%
1241267668,PRIOR_AUTH,2,2,100.0,0,2,2,0,0,47.43,47.43,0.0,HIGH-RISK PROVIDER,PROVIDER REQUIRING REVIEW,100.0% flagged records (Threshold: 10%); High average claim risk score of 47.4
1441081873,PHARMACY_CLAIM,1,1,100.0,0,1,1,0,0,47.43,47.43,100.0,HIGH-RISK PROVIDER,PROVIDER REQUIRING REVIEW,100.0% flagged records (Threshold: 10%); High average claim risk score of 47.4; High claim denial/rejection rate of 100.0%
1011607474,PHARMACY_CLAIM,1,1,100.0,0,1,1,0,0,47.42,47.42,100.0,HIGH-RISK PROVIDER,PROVIDER REQUIRING REVIEW,100.0% flagged records (Threshold: 10%); High average claim risk score of 47.4; High claim denial/rejection rate of 100.0%
1149521758,PHARMACY_CLAIM,1,1,100.0,0,1,1,0,0,47.42,47.42,100.0,HIGH-RISK PROVIDER,PROVIDER REQUIRING REVIEW,100.0% flagged records (Threshold: 10%); High average claim risk score of 47.4; High claim denial/rejection rate of 100.0%
1478452724,PHARMACY_CLAIM,1,1,100.0,0,1,1,0,0,47.4,47.4,100.0,HIGH-RISK PROVIDER,PROVIDER REQUIRING REVIEW,100.0% flagged records (Threshold: 10%); High average claim risk score of 47.4; High claim denial/rejection rate of 100.0%
1411971799,PHARMACY_CLAIM,1,1,100.0,0,1,1,0,0,47.38,47.38,100.0,HIGH-RISK PROVIDER,PROVIDER REQUIRING REVIEW,100.0% flagged records (Threshold: 10%); High average claim risk score of 47.4; High claim denial/rejection rate of 100.0%
1037194784,PHARMACY_CLAIM,1,1,100.0,0,1,1,0,0,47.37,47.37,0.0,HIGH-RISK PROVIDER,PROVIDER REQUIRING REVIEW,100.0% flagged records (Threshold: 10%); High average claim risk score of 47.4
1151292624,PHARMACY_CLAIM,1,1,100.0,0,1,1,0,0,47.35,47.35,0.0,HIGH-RISK PROVIDER,PROVIDER REQUIRING REVIEW,100.0% flagged records (Threshold: 10%); High average claim risk score of 47.4
1027695878,PHARMACY_CLAIM,1,1,100.0,0,1,1,0,0,47.33,47.33,100.0,HIGH-RISK PROVIDER,PROVIDER REQUIRING REVIEW,100.0% flagged records (Threshold: 10%); High average claim risk score of 47.3; High claim denial/rejection rate of 100.0%
1139731313,PRIOR_AUTH,1,1,100.0,0,1,1,0,0,47.33,47.33,0.0,HIGH-RISK PROVIDER,PROVIDER REQUIRING REVIEW,100.0% flagged records (Threshold: 10%); High average claim risk score of 47.3
1770535432,PRIOR_AUTH,1,1,100.0,0,1,1,0,0,47.32,47.32,0.0,HIGH-RISK PROVIDER,PROVIDER REQUIRING REVIEW,100.0% flagged records (Threshold: 10%); High average claim risk score of 47.3
1948268663,PHARMACY_CLAIM,1,1,100.0,0,1,1,0,0,47.32,47.32,0.0,HIGH-RISK PROVIDER,PROVIDER REQUIRING REVIEW,100.0% flagged records (Threshold: 10%); High average claim risk score of 47.3
1047919718,PHARMACY_CLAIM,1,1,100.0,0,1,1,0,0,47.31,47.31,100.0,HIGH-RISK PROVIDER,PROVIDER REQUIRING REVIEW,100.0% flagged records (Threshold: 10%); High average claim risk score of 47.3; High claim denial/rejection rate of 100.0%
1649462031,PHARMACY_CLAIM,1,1,100.0,0,1,1,0,0,47.31,47.31,100.0,HIGH-RISK PROVIDER,PROVIDER REQUIRING REVIEW,100.0% flagged records (Threshold: 10%); High average claim risk score of 47.3; High claim denial/rejection rate of 100.0%
1277270357,PHARMACY_CLAIM,1,1,100.0,0,1,1,0,0,47.3,47.3,100.0,HIGH-RISK PROVIDER,PROVIDER REQUIRING REVIEW,100.0% flagged records (Threshold: 10%); High average claim risk score of 47.3; High claim denial/rejection rate of 100.0%
1097514934,PHARMACY_CLAIM,1,1,100.0,0,1,1,0,0,47.28,47.28,100.0,HIGH-RISK PROVIDER,PROVIDER REQUIRING REVIEW,100.0% flagged records (Threshold: 10%); High average claim risk score of 47.3; High claim denial/rejection rate of 100.0%
1585244160,PHARMACY_CLAIM,1,1,100.0,0,1,1,0,0,47.27,47.27,100.0,HIGH-RISK PROVIDER,PROVIDER REQUIRING REVIEW,100.0% flagged records (Threshold: 10%); High average claim risk score of 47.3; High claim denial/rejection rate of 100.0%
1596535606,PHARMACY_CLAIM,1,1,100.0,0,1,1,0,0,47.27,47.27,100.0,HIGH-RISK PROVIDER,PROVIDER REQUIRING REVIEW,100.0% flagged records (Threshold: 10%); High average claim risk score of 47.3; High claim denial/rejection rate of 100.0%
1740275471,PHARMACY_CLAIM,1,1,100.0,0,1,1,0,0,47.27,47.27,100.0,HIGH-RISK PROVIDER,PROVIDER REQUIRING REVIEW,100.0% flagged records (Threshold: 10%); High average claim risk score of 47.3; High claim denial/rejection rate of 100.0%
1807444345,PHARMACY_CLAIM,1,1,100.0,0,1,1,0,0,47.24,47.24,100.0,HIGH-RISK PROVIDER,PROVIDER REQUIRING REVIEW,100.0% flagged records (Threshold: 10%); High average claim risk score of 47.2; High claim denial/rejection rate of 100.0%
1096228913,PHARMACY_CLAIM,2,2,100.0,0,2,2,0,0,47.23,47.23,0.0,HIGH-RISK PROVIDER,PROVIDER REQUIRING REVIEW,100.0% flagged records (Threshold: 10%); High average claim risk score of 47.2
1531056922,PHARMACY_CLAIM,1,1,100.0,0,1,1,0,0,47.22,47.22,100.0,HIGH-RISK PROVIDER,PROVIDER REQUIRING REVIEW,100.0% flagged records (Threshold: 10%); High average claim risk score of 47.2; High claim denial/rejection rate of 100.0%
1652074488,PHARMACY_CLAIM,1,1,100.0,0,1,1,0,0,47.22,47.22,100.0,HIGH-RISK PROVIDER,PROVIDER REQUIRING REVIEW,100.0% flagged records (Threshold: 10%); High average claim risk score of 47.2; High claim denial/rejection rate of 100.0%
1719644932,PRIOR_AUTH,1,1,100.0,0,1,1,0,0,47.22,47.22,0.0,HIGH-RISK PROVIDER,PROVIDER REQUIRING REVIEW,100.0% flagged records (Threshold: 10%); High average claim risk score of 47.2
1006210294,PHARMACY_CLAIM,1,1,100.0,0,1,1,0,0,47.21,47.21,0.0,HIGH-RISK PROVIDER,PROVIDER REQUIRING REVIEW,100.0% flagged records (Threshold: 10%); High average claim risk score of 47.2
1454470387,PHARMACY_CLAIM,1,1,100.0,0,1,1,0,0,47.21,47.21,0.0,HIGH-RISK PROVIDER,PROVIDER REQUIRING REVIEW,100.0% flagged records (Threshold: 10%); High average claim risk score of 47.2
1391466833,PRIOR_AUTH,1,1,100.0,0,1,1,0,0,47.2,47.2,0.0,HIGH-RISK PROVIDER,PROVIDER REQUIRING REVIEW,100.0% flagged records (Threshold: 10%); High average claim risk score of 47.2
1414506889,PRIOR_AUTH,1,1,100.0,0,1,1,0,0,47.19,47.19,0.0,HIGH-RISK PROVIDER,PROVIDER REQUIRING REVIEW,100.0% flagged records (Threshold: 10%); High average claim risk score of 47.2
1811938636,PHARMACY_CLAIM,1,1,100.0,0,1,1,0,0,47.19,47.19,0.0,HIGH-RISK PROVIDER,PROVIDER REQUIRING REVIEW,100.0% flagged records (Threshold: 10%); High average claim risk score of 47.2
1660009345,PHARMACY_CLAIM,1,1,100.0,0,1,1,0,0,47.17,47.17,100.0,HIGH-RISK PROVIDER,PROVIDER REQUIRING REVIEW,100.0% flagged records (Threshold: 10%); High average claim risk score of 47.2; High claim denial/rejection rate of 100.0%
1522252629,PHARMACY_CLAIM,1,1,100.0,0,1,1,0,0,47.15,47.15,100.0,HIGH-RISK PROVIDER,PROVIDER REQUIRING REVIEW,100.0% flagged records (Threshold: 10%); High average claim risk score of 47.1; High claim denial/rejection rate of 100.0%
1958137846,PHARMACY_CLAIM,1,1,100.0,0,1,1,0,0,47.15,47.15,100.0,HIGH-RISK PROVIDER,PROVIDER REQUIRING REVIEW,100.0% flagged records (Threshold: 10%); High average claim risk score of 47.1; High claim denial/rejection rate of 100.0%
1178923063,PRIOR_AUTH,1,1,100.0,0,1,1,0,0,47.14,47.14,0.0,HIGH-RISK PROVIDER,PROVIDER REQUIRING REVIEW,100.0% flagged records (Threshold: 10%); High average claim risk score of 47.1
1381465568,PRIOR_AUTH,1,1,100.0,0,1,1,0,0,47.13,47.13,0.0,HIGH-RISK PROVIDER,PROVIDER REQUIRING REVIEW,100.0% flagged records (Threshold: 10%); High average claim risk score of 47.1
1441925155,PHARMACY_CLAIM,1,1,100.0,0,1,1,0,0,47.09,47.09,100.0,HIGH-RISK PROVIDER,PROVIDER REQUIRING REVIEW,100.0% flagged records (Threshold: 10%); High average claim risk score of 47.1; High claim denial/rejection rate of 100.0%
1232394045,PHARMACY_CLAIM,1,1,100.0,0,1,1,0,0,47.07,47.07,100.0,HIGH-RISK PROVIDER,PROVIDER REQUIRING REVIEW,100.0% flagged records (Threshold: 10%); High average claim risk score of 47.1; High claim denial/rejection rate of 100.0%
1685756599,PHARMACY_CLAIM,1,1,100.0,0,1,1,0,0,47.06,47.06,100.0,HIGH-RISK PROVIDER,PROVIDER REQUIRING REVIEW,100.0% flagged records (Threshold: 10%); High average claim risk score of 47.1; High claim denial/rejection rate of 100.0%
1310845713,PHARMACY_CLAIM,1,1,100.0,0,1,1,0,0,47.04,47.04,100.0,HIGH-RISK PROVIDER,PROVIDER REQUIRING REVIEW,100.0% flagged records (Threshold: 10%); High average claim risk score of 47.0; High claim denial/rejection rate of 100.0%
1341427811,PHARMACY_CLAIM,1,1,100.0,0,0,2,0,0,47.03,47.03,0.0,HIGH-RISK PROVIDER,PROVIDER REQUIRING REVIEW,100.0% flagged records (Threshold: 10%); High average claim risk score of 47.0
1078433347,PRIOR_AUTH,1,1,100.0,0,1,1,0,0,46.98,46.98,0.0,HIGH-RISK PROVIDER,PROVIDER REQUIRING REVIEW,100.0% flagged records (Threshold: 10%); High average claim risk score of 47.0
1003985625,PHARMACY_CLAIM,1,1,100.0,0,1,1,0,0,46.96,46.96,100.0,HIGH-RISK PROVIDER,PROVIDER REQUIRING REVIEW,100.0% flagged records (Threshold: 10%); High average claim risk score of 47.0; High claim denial/rejection rate of 100.0%
1644647977,PHARMACY_CLAIM,1,1,100.0,0,1,1,0,0,46.96,46.96,100.0,HIGH-RISK PROVIDER,PROVIDER REQUIRING REVIEW,100.0% flagged records (Threshold: 10%); High average claim risk score of 47.0; High claim denial/rejection rate of 100.0%
1707865465,PRIOR_AUTH,1,1,100.0,0,1,1,0,0,46.94,46.94,0.0,HIGH-RISK PROVIDER,PROVIDER REQUIRING REVIEW,100.0% flagged records (Threshold: 10%); High average claim risk score of 46.9
1923434695,PHARMACY_CLAIM,1,1,100.0,0,0,2,0,0,46.94,46.94,0.0,HIGH-RISK PROVIDER,PROVIDER REQUIRING REVIEW,100.0% flagged records (Threshold: 10%); High average claim risk score of 46.9
1320664283,PRIOR_AUTH,1,1,100.0,0,1,1,0,0,46.91,46.91,100.0,HIGH-RISK PROVIDER,PROVIDER REQUIRING REVIEW,100.0% flagged records (Threshold: 10%); High average claim risk score of 46.9; High claim denial/rejection rate of 100.0%
1361692216,PRIOR_AUTH,1,1,100.0,0,1,1,0,0,46.91,46.91,0.0,HIGH-RISK PROVIDER,PROVIDER REQUIRING REVIEW,100.0% flagged records (Threshold: 10%); High average claim risk score of 46.9
1108069300,PRIOR_AUTH,1,1,100.0,0,1,1,0,0,46.89,46.89,0.0,HIGH-RISK PROVIDER,PROVIDER REQUIRING REVIEW,100.0% flagged records (Threshold: 10%); High average claim risk score of 46.9
1092341428,PRIOR_AUTH,1,1,100.0,0,1,1,0,0,46.88,46.88,0.0,HIGH-RISK PROVIDER,PROVIDER REQUIRING REVIEW,100.0% flagged records (Threshold: 10%); High average claim risk score of 46.9
1311580687,PHARMACY_CLAIM,1,1,100.0,0,1,1,0,0,46.88,46.88,0.0,HIGH-RISK PROVIDER,PROVIDER REQUIRING REVIEW,100.0% flagged records (Threshold: 10%); High average claim risk score of 46.9
1474022947,PHARMACY_CLAIM,1,1,100.0,0,1,1,0,0,46.87,46.87,100.0,HIGH-RISK PROVIDER,PROVIDER REQUIRING REVIEW,100.0% flagged records (Threshold: 10%); High average claim risk score of 46.9; High claim denial/rejection rate of 100.0%
1672095978,PHARMACY_CLAIM,1,1,100.0,0,1,1,0,0,46.86,46.86,100.0,HIGH-RISK PROVIDER,PROVIDER REQUIRING REVIEW,100.0% flagged records (Threshold: 10%); High average claim risk score of 46.9; High claim denial/rejection rate of 100.0%
1342571993,PHARMACY_CLAIM,1,1,100.0,0,1,1,0,0,46.85,46.85,0.0,HIGH-RISK PROVIDER,PROVIDER REQUIRING REVIEW,100.0% flagged records (Threshold: 10%); High average claim risk score of 46.9
1408431672,PRIOR_AUTH,1,1,100.0,0,1,1,0,0,46.83,46.83,0.0,HIGH-RISK PROVIDER,PROVIDER REQUIRING REVIEW,100.0% flagged records (Threshold: 10%); High average claim risk score of 46.8
1072816625,PHARMACY_CLAIM,1,1,100.0,0,1,1,0,0,46.82,46.82,0.0,HIGH-RISK PROVIDER,PROVIDER REQUIRING REVIEW,100.0% flagged records (Threshold: 10%); High average claim risk score of 46.8
1060958384,PHARMACY_CLAIM,2,2,100.0,0,2,2,0,0,46.81,46.81,0.0,HIGH-RISK PROVIDER,PROVIDER REQUIRING REVIEW,100.0% flagged records (Threshold: 10%); High average claim risk score of 46.8
1603715378,PHARMACY_CLAIM,1,1,100.0,0,1,1,0,0,46.81,46.81,100.0,HIGH-RISK PROVIDER,PROVIDER REQUIRING REVIEW,100.0% flagged records (Threshold: 10%); High average claim risk score of 46.8; High claim denial/rejection rate of 100.0%
1607571255,PRIOR_AUTH,1,1,100.0,0,1,1,0,0,46.8,46.8,0.0,HIGH-RISK PROVIDER,PROVIDER REQUIRING REVIEW,100.0% flagged records (Threshold: 10%); High average claim risk score of 46.8
1950435233,PHARMACY_CLAIM,1,1,100.0,0,1,1,0,0,46.8,46.8,0.0,HIGH-RISK PROVIDER,PROVIDER REQUIRING REVIEW,100.0% flagged records (Threshold: 10%); High average claim risk score of 46.8
1948658412,PHARMACY_CLAIM,1,1,100.0,0,1,1,0,0,46.79,46.79,0.0,HIGH-RISK PROVIDER,PROVIDER REQUIRING REVIEW,100.0% flagged records (Threshold: 10%); High average claim risk score of 46.8
1018120162,PRIOR_AUTH,1,1,100.0,0,1,1,0,0,46.78,46.78,0.0,HIGH-RISK PROVIDER,PROVIDER REQUIRING REVIEW,100.0% flagged records (Threshold: 10%); High average claim risk score of 46.8
1260637550,PRIOR_AUTH,1,1,100.0,0,1,1,0,0,46.78,46.78,0.0,HIGH-RISK PROVIDER,PROVIDER REQUIRING REVIEW,100.0% flagged records (Threshold: 10%); High average claim risk score of 46.8
1276201160,PHARMACY_CLAIM,1,1,100.0,0,1,1,0,0,46.78,46.78,100.0,HIGH-RISK PROVIDER,PROVIDER REQUIRING REVIEW,100.0% flagged records (Threshold: 10%); High average claim risk score of 46.8; High claim denial/rejection rate of 100.0%
1170803427,PHARMACY_CLAIM,1,1,100.0,0,1,1,0,0,46.77,46.77,0.0,HIGH-RISK PROVIDER,PROVIDER REQUIRING REVIEW,100.0% flagged records (Threshold: 10%); High average claim risk score of 46.8
1656875334,PHARMACY_CLAIM,1,1,100.0,0,1,1,0,0,46.76,46.76,0.0,HIGH-RISK PROVIDER,PROVIDER REQUIRING REVIEW,100.0% flagged records (Threshold: 10%); High average claim risk score of 46.8
1964875845,PHARMACY_CLAIM,1,1,100.0,0,1,1,0,0,46.75,46.75,0.0,HIGH-RISK PROVIDER,PROVIDER REQUIRING REVIEW,100.0% flagged records (Threshold: 10%); High average claim risk score of 46.8
1129460526,PHARMACY_CLAIM,1,1,100.0,0,1,1,0,0,46.74,46.74,0.0,HIGH-RISK PROVIDER,PROVIDER REQUIRING REVIEW,100.0% flagged records (Threshold: 10%); High average claim risk score of 46.7
1417688258,PRIOR_AUTH,1,1,100.0,0,1,1,0,0,46.72,46.72,0.0,HIGH-RISK PROVIDER,PROVIDER REQUIRING REVIEW,100.0% flagged records (Threshold: 10%); High average claim risk score of 46.7
1137173715,PHARMACY_CLAIM,1,1,100.0,0,0,2,0,0,46.71,46.71,0.0,HIGH-RISK PROVIDER,PROVIDER REQUIRING REVIEW,100.0% flagged records (Threshold: 10%); High average claim risk score of 46.7
1262606131,PHARMACY_CLAIM,1,1,100.0,0,1,1,0,0,46.7,46.7,0.0,HIGH-RISK PROVIDER,PROVIDER REQUIRING REVIEW,100.0% flagged records (Threshold: 10%); High average claim risk score of 46.7
1421354849,PRIOR_AUTH,1,1,100.0,0,1,1,0,0,46.7,46.7,0.0,HIGH-RISK PROVIDER,PROVIDER REQUIRING REVIEW,100.0% flagged records (Threshold: 10%); High average claim risk score of 46.7
1950685586,PRIOR_AUTH,1,1,100.0,0,1,1,0,0,46.7,46.7,0.0,HIGH-RISK PROVIDER,PROVIDER REQUIRING REVIEW,100.0% flagged records (Threshold: 10%); High average claim risk score of 46.7
1510711492,PRIOR_AUTH,1,1,100.0,0,1,1,0,0,46.69,46.69,0.0,HIGH-RISK PROVIDER,PROVIDER REQUIRING REVIEW,100.0% flagged records (Threshold: 10%); High average claim risk score of 46.7
1580985885,PRIOR_AUTH,1,1,100.0,0,1,1,0,0,46.69,46.69,0.0,HIGH-RISK PROVIDER,PROVIDER REQUIRING REVIEW,100.0% flagged records (Threshold: 10%); High average claim risk score of 46.7
1729053109,PHARMACY_CLAIM,1,1,100.0,0,1,1,0,0,46.69,46.69,0.0,HIGH-RISK PROVIDER,PROVIDER REQUIRING REVIEW,100.0% flagged records (Threshold: 10%); High average claim risk score of 46.7
1679987033,PHARMACY_CLAIM,1,1,100.0,0,1,1,0,0,46.68,46.68,100.0,HIGH-RISK PROVIDER,PROVIDER REQUIRING REVIEW,100.0% flagged records (Threshold: 10%); High average claim risk score of 46.7; High claim denial/rejection rate of 100.0%
1460529400,PHARMACY_CLAIM,1,1,100.0,0,1,1,0,0,46.67,46.67,0.0,HIGH-RISK PROVIDER,PROVIDER REQUIRING REVIEW,100.0% flagged records (Threshold: 10%); High average claim risk score of 46.7
1788833886,PRIOR_AUTH,1,1,100.0,0,1,1,0,0,46.59,46.59,0.0,HIGH-RISK PROVIDER,PROVIDER REQUIRING REVIEW,100.0% flagged records (Threshold: 10%); High average claim risk score of 46.6
1122930895,PRIOR_AUTH,1,1,100.0,0,1,1,0,0,46.58,46.58,0.0,HIGH-RISK PROVIDER,PROVIDER REQUIRING REVIEW,100.0% flagged records (Threshold: 10%); High average claim risk score of 46.6
1851704461,PHARMACY_CLAIM,1,1,100.0,0,1,1,0,0,46.56,46.56,0.0,HIGH-RISK PROVIDER,PROVIDER REQUIRING REVIEW,100.0% flagged records (Threshold: 10%); High average claim risk score of 46.6
1245747654,PRIOR_AUTH,1,1,100.0,0,1,1,0,0,46.52,46.52,0.0,HIGH-RISK PROVIDER,PROVIDER REQUIRING REVIEW,100.0% flagged records (Threshold: 10%); High average claim risk score of 46.5
1556852685,PHARMACY_CLAIM,1,1,100.0,0,1,1,0,0,46.52,46.52,0.0,HIGH-RISK PROVIDER,PROVIDER REQUIRING REVIEW,100.0% flagged records (Threshold: 10%); High average claim risk score of 46.5
1925903767,PHARMACY_CLAIM,1,1,100.0,0,1,1,0,0,46.49,46.49,0.0,HIGH-RISK PROVIDER,PROVIDER REQUIRING REVIEW,100.0% flagged records (Threshold: 10%); High average claim risk score of 46.5
1934413353,PHARMACY_CLAIM,1,1,100.0,0,1,1,0,0,46.47,46.47,0.0,HIGH-RISK PROVIDER,PROVIDER REQUIRING REVIEW,100.0% flagged records (Threshold: 10%); High average claim risk score of 46.5
1611470104,PHARMACY_CLAIM,1,1,100.0,0,1,1,0,0,46.45,46.45,0.0,HIGH-RISK PROVIDER,PROVIDER REQUIRING REVIEW,100.0% flagged records (Threshold: 10%); High average claim risk score of 46.5
1523631978,PHARMACY_CLAIM,1,1,100.0,0,1,1,0,0,46.42,46.42,0.0,HIGH-RISK PROVIDER,PROVIDER REQUIRING REVIEW,100.0% flagged records (Threshold: 10%); High average claim risk score of 46.4
1653386146,PHARMACY_CLAIM,1,1,100.0,0,1,1,0,0,46.42,46.42,0.0,HIGH-RISK PROVIDER,PROVIDER REQUIRING REVIEW,100.0% flagged records (Threshold: 10%); High average claim risk score of 46.4
1806449792,PHARMACY_CLAIM,1,1,100.0,0,1,1,0,0,46.41,46.41,0.0,HIGH-RISK PROVIDER,PROVIDER REQUIRING REVIEW,100.0% flagged records (Threshold: 10%); High average claim risk score of 46.4
1165770794,PRIOR_AUTH,1,1,100.0,0,1,1,0,0,46.4,46.4,0.0,HIGH-RISK PROVIDER,PROVIDER REQUIRING REVIEW,100.0% flagged records (Threshold: 10%); High average claim risk score of 46.4
1523712120,PHARMACY_CLAIM,1,1,100.0,0,1,1,0,0,46.37,46.37,0.0,HIGH-RISK PROVIDER,PROVIDER REQUIRING REVIEW,100.0% flagged records (Threshold: 10%); High average claim risk score of 46.4
1439583593,PHARMACY_CLAIM,1,1,100.0,0,1,1,0,0,46.36,46.36,0.0,HIGH-RISK PROVIDER,PROVIDER REQUIRING REVIEW,100.0% flagged records (Threshold: 10%); High average claim risk score of 46.4
1344010699,PRIOR_AUTH,1,1,100.0,0,1,1,0,0,46.35,46.35,0.0,HIGH-RISK PROVIDER,PROVIDER REQUIRING REVIEW,100.0% flagged records (Threshold: 10%); High average claim risk score of 46.4
1590409639,PHARMACY_CLAIM,1,1,100.0,0,1,1,0,0,46.32,46.32,0.0,HIGH-RISK PROVIDER,PROVIDER REQUIRING REVIEW,100.0% flagged records (Threshold: 10%); High average claim risk score of 46.3
1343310261,PHARMACY_CLAIM,1,1,100.0,0,1,1,0,0,46.31,46.31,0.0,HIGH-RISK PROVIDER,PROVIDER REQUIRING REVIEW,100.0% flagged records (Threshold: 10%); High average claim risk score of 46.3
1830730041,PHARMACY_CLAIM,1,1,100.0,0,1,1,0,0,46.31,46.31,0.0,HIGH-RISK PROVIDER,PROVIDER REQUIRING REVIEW,100.0% flagged records (Threshold: 10%); High average claim risk score of 46.3
1091948133,PHARMACY_CLAIM,1,1,100.0,0,1,1,0,0,46.3,46.3,0.0,HIGH-RISK PROVIDER,PROVIDER REQUIRING REVIEW,100.0% flagged records (Threshold: 10%); High average claim risk score of 46.3
1188792432,PHARMACY_CLAIM,1,1,100.0,0,1,1,0,0,46.29,46.29,0.0,HIGH-RISK PROVIDER,PROVIDER REQUIRING REVIEW,100.0% flagged records (Threshold: 10%); High average claim risk score of 46.3
1328639206,PRIOR_AUTH,1,1,100.0,0,1,1,0,0,46.22,46.22,0.0,HIGH-RISK PROVIDER,PROVIDER REQUIRING REVIEW,100.0% flagged records (Threshold: 10%); High average claim risk score of 46.2
1224207246,PHARMACY_CLAIM,1,1,100.0,0,1,1,0,0,46.2,46.2,0.0,HIGH-RISK PROVIDER,PROVIDER REQUIRING REVIEW,100.0% flagged records (Threshold: 10%); High average claim risk score of 46.2
1642938040,PRIOR_AUTH,1,1,100.0,0,1,1,0,0,46.12,46.12,0.0,HIGH-RISK PROVIDER,PROVIDER REQUIRING REVIEW,100.0% flagged records (Threshold: 10%); High average claim risk score of 46.1
1310736315,PHARMACY_CLAIM,1,1,100.0,0,1,1,0,0,46.1,46.1,0.0,HIGH-RISK PROVIDER,PROVIDER REQUIRING REVIEW,100.0% flagged records (Threshold: 10%); High average claim risk score of 46.1
1478333867,PRIOR_AUTH,1,1,100.0,0,1,1,0,0,46.06,46.06,0.0,HIGH-RISK PROVIDER,PROVIDER REQUIRING REVIEW,100.0% flagged records (Threshold: 10%); High average claim risk score of 46.1
1622957558,PRIOR_AUTH,1,1,100.0,0,1,1,0,0,46.05,46.05,0.0,HIGH-RISK PROVIDER,PROVIDER REQUIRING REVIEW,100.0% flagged records (Threshold: 10%); High average claim risk score of 46.0
1784389917,PHARMACY_CLAIM,1,1,100.0,0,1,1,0,0,46.05,46.05,0.0,HIGH-RISK PROVIDER,PROVIDER REQUIRING REVIEW,100.0% flagged records (Threshold: 10%); High average claim risk score of 46.0
1840692619,PRIOR_AUTH,1,1,100.0,0,1,1,0,0,46.02,46.02,0.0,HIGH-RISK PROVIDER,PROVIDER REQUIRING REVIEW,100.0% flagged records (Threshold: 10%); High average claim risk score of 46.0
1357161429,PHARMACY_CLAIM,1,1,100.0,0,1,1,0,0,46.01,46.01,0.0,HIGH-RISK PROVIDER,PROVIDER REQUIRING REVIEW,100.0% flagged records (Threshold: 10%); High average claim risk score of 46.0
1467901049,PRIOR_AUTH,1,1,100.0,0,1,1,0,0,45.87,45.87,100.0,HIGH-RISK PROVIDER,PROVIDER REQUIRING REVIEW,100.0% flagged records (Threshold: 10%); High average claim risk score of 45.9; High claim denial/rejection rate of 100.0%
1542955841,PRIOR_AUTH,1,1,100.0,0,1,1,0,0,45.87,45.87,0.0,HIGH-RISK PROVIDER,PROVIDER REQUIRING REVIEW,100.0% flagged records (Threshold: 10%); High average claim risk score of 45.9
1781639539,PHARMACY_CLAIM,1,1,100.0,0,1,1,0,0,45.83,45.83,0.0,HIGH-RISK PROVIDER,PROVIDER REQUIRING REVIEW,100.0% flagged records (Threshold: 10%); High average claim risk score of 45.8
1369810698,PHARMACY_CLAIM,1,1,100.0,0,1,1,0,0,45.82,45.82,0.0,HIGH-RISK PROVIDER,PROVIDER REQUIRING REVIEW,100.0% flagged records (Threshold: 10%); High average claim risk score of 45.8
1020099156,PRIOR_AUTH,1,1,100.0,0,1,1,0,0,45.8,45.8,0.0,HIGH-RISK PROVIDER,PROVIDER REQUIRING REVIEW,100.0% flagged records (Threshold: 10%); High average claim risk score of 45.8
1933554134,PHARMACY_CLAIM,1,1,100.0,0,1,1,0,0,45.79,45.79,0.0,HIGH-RISK PROVIDER,PROVIDER REQUIRING REVIEW,100.0% flagged records (Threshold: 10%); High average claim risk score of 45.8
1202797364,PHARMACY_CLAIM,1,1,100.0,0,1,1,0,0,45.76,45.76,0.0,HIGH-RISK PROVIDER,PROVIDER REQUIRING REVIEW,100.0% flagged records (Threshold: 10%); High average claim risk score of 45.8
1552171736,PRIOR_AUTH,1,1,100.0,0,1,1,0,0,45.75,45.75,0.0,HIGH-RISK PROVIDER,PROVIDER REQUIRING REVIEW,100.0% flagged records (Threshold: 10%); High average claim risk score of 45.8
1864086755,PHARMACY_CLAIM,1,1,100.0,0,1,1,0,0,45.75,45.75,0.0,HIGH-RISK PROVIDER,PROVIDER REQUIRING REVIEW,100.0% flagged records (Threshold: 10%); High average claim risk score of 45.8
1699778902,MEDICAL_CLAIM,1,1,100.0,0,0,3,0,0,45.74,45.74,0.0,HIGH-RISK PROVIDER,PROVIDER REQUIRING REVIEW,100.0% flagged records (Threshold: 10%); High average claim risk score of 45.7
1797067242,PHARMACY_CLAIM,1,1,100.0,0,1,1,0,0,45.71,45.71,0.0,HIGH-RISK PROVIDER,PROVIDER REQUIRING REVIEW,100.0% flagged records (Threshold: 10%); High average claim risk score of 45.7
1523511913,PRIOR_AUTH,1,1,100.0,0,1,1,0,0,45.69,45.69,0.0,HIGH-RISK PROVIDER,PROVIDER REQUIRING REVIEW,100.0% flagged records (Threshold: 10%); High average claim risk score of 45.7
1227016217,PHARMACY_CLAIM,1,1,100.0,0,1,1,0,0,45.67,45.67,0.0,HIGH-RISK PROVIDER,PROVIDER REQUIRING REVIEW,100.0% flagged records (Threshold: 10%); High average claim risk score of 45.7
1720093927,PRIOR_AUTH,1,1,100.0,0,1,1,0,0,45.65,45.65,0.0,HIGH-RISK PROVIDER,PROVIDER REQUIRING REVIEW,100.0% flagged records (Threshold: 10%); High average claim risk score of 45.6
1583680314,PRIOR_AUTH,1,1,100.0,0,1,1,0,0,45.63,45.63,0.0,HIGH-RISK PROVIDER,PROVIDER REQUIRING REVIEW,100.0% flagged records (Threshold: 10%); High average claim risk score of 45.6
1894393263,PRIOR_AUTH,1,1,100.0,0,1,1,0,0,45.63,45.63,0.0,HIGH-RISK PROVIDER,PROVIDER REQUIRING REVIEW,100.0% flagged records (Threshold: 10%); High average claim risk score of 45.6
1303587089,PHARMACY_CLAIM,1,1,100.0,0,1,1,0,0,45.57,45.57,0.0,HIGH-RISK PROVIDER,PROVIDER REQUIRING REVIEW,100.0% flagged records (Threshold: 10%); High average claim risk score of 45.6
1389300767,PRIOR_AUTH,1,1,100.0,0,1,1,0,0,45.56,45.56,0.0,HIGH-RISK PROVIDER,PROVIDER REQUIRING REVIEW,100.0% flagged records (Threshold: 10%); High average claim risk score of 45.6
1671322114,PRIOR_AUTH,1,1,100.0,0,1,1,0,0,45.56,45.56,0.0,HIGH-RISK PROVIDER,PROVIDER REQUIRING REVIEW,100.0% flagged records (Threshold: 10%); High average claim risk score of 45.6
1904335327,PRIOR_AUTH,1,1,100.0,0,1,1,0,0,45.56,45.56,0.0,HIGH-RISK PROVIDER,PROVIDER REQUIRING REVIEW,100.0% flagged records (Threshold: 10%); High average claim risk score of 45.6
1781970684,PRIOR_AUTH,1,1,100.0,0,1,1,0,0,45.45,45.45,0.0,HIGH-RISK PROVIDER,PROVIDER REQUIRING REVIEW,100.0% flagged records (Threshold: 10%); High average claim risk score of 45.5
1815225976,PRIOR_AUTH,1,1,100.0,0,1,1,0,0,45.45,45.45,0.0,HIGH-RISK PROVIDER,PROVIDER REQUIRING REVIEW,100.0% flagged records (Threshold: 10%); High average claim risk score of 45.5
1362878346,PRIOR_AUTH,1,1,100.0,0,1,1,0,0,45.38,45.38,0.0,HIGH-RISK PROVIDER,PROVIDER REQUIRING REVIEW,100.0% flagged records (Threshold: 10%); High average claim risk score of 45.4
1681945237,PHARMACY_CLAIM,1,1,100.0,0,1,1,0,0,45.36,45.36,0.0,HIGH-RISK PROVIDER,PROVIDER REQUIRING REVIEW,100.0% flagged records (Threshold: 10%); High average claim risk score of 45.4
1345988697,PHARMACY_CLAIM,1,1,100.0,0,1,1,0,0,45.33,45.33,0.0,HIGH-RISK PROVIDER,PROVIDER REQUIRING REVIEW,100.0% flagged records (Threshold: 10%); High average claim risk score of 45.3
1547876592,PRIOR_AUTH,1,1,100.0,0,1,1,0,0,45.3,45.3,0.0,HIGH-RISK PROVIDER,PROVIDER REQUIRING REVIEW,100.0% flagged records (Threshold: 10%); High average claim risk score of 45.3
1001472778,PHARMACY_CLAIM,1,1,100.0,0,1,1,0,0,45.27,45.27,0.0,HIGH-RISK PROVIDER,PROVIDER REQUIRING REVIEW,100.0% flagged records (Threshold: 10%); High average claim risk score of 45.3
1517099521,PHARMACY_CLAIM,1,1,100.0,0,1,1,0,0,45.21,45.21,0.0,HIGH-RISK PROVIDER,PROVIDER REQUIRING REVIEW,100.0% flagged records (Threshold: 10%); High average claim risk score of 45.2
1575267809,PHARMACY_CLAIM,1,1,100.0,0,1,1,0,0,45.11,45.11,0.0,HIGH-RISK PROVIDER,PROVIDER REQUIRING REVIEW,100.0% flagged records (Threshold: 10%); High average claim risk score of 45.1
1074689855,PHARMACY_CLAIM,1,1,100.0,0,1,1,0,0,45.08,45.08,0.0,HIGH-RISK PROVIDER,PROVIDER REQUIRING REVIEW,100.0% flagged records (Threshold: 10%); High average claim risk score of 45.1
1730293791,PRIOR_AUTH,1,1,100.0,0,1,1,0,0,45.05,45.05,0.0,HIGH-RISK PROVIDER,PROVIDER REQUIRING REVIEW,100.0% flagged records (Threshold: 10%); High average claim risk score of 45.0
1766899540,PHARMACY_CLAIM,1,1,100.0,0,1,1,0,0,45.01,45.01,0.0,HIGH-RISK PROVIDER,PROVIDER REQUIRING REVIEW,100.0% flagged records (Threshold: 10%); High average claim risk score of 45.0
1025899145,PHARMACY_CLAIM,1,1,100.0,0,1,1,0,0,44.87,44.87,0.0,HIGH-RISK PROVIDER,PROVIDER REQUIRING REVIEW,100.0% flagged records (Threshold: 10%); High average claim risk score of 44.9
1066764250,PHARMACY_CLAIM,1,1,100.0,0,1,1,0,0,44.87,44.87,0.0,HIGH-RISK PROVIDER,PROVIDER REQUIRING REVIEW,100.0% flagged records (Threshold: 10%); High average claim risk score of 44.9
1988630667,PRIOR_AUTH,1,1,100.0,0,1,1,0,0,44.86,44.86,0.0,HIGH-RISK PROVIDER,PROVIDER REQUIRING REVIEW,100.0% flagged records (Threshold: 10%); High average claim risk score of 44.9
1436149747,PHARMACY_CLAIM,1,1,100.0,0,1,1,0,0,44.83,44.83,0.0,HIGH-RISK PROVIDER,PROVIDER REQUIRING REVIEW,100.0% flagged records (Threshold: 10%); High average claim risk score of 44.8
1534104983,PRIOR_AUTH,1,1,100.0,0,1,1,0,0,44.83,44.83,0.0,HIGH-RISK PROVIDER,PROVIDER REQUIRING REVIEW,100.0% flagged records (Threshold: 10%); High average claim risk score of 44.8
1705191868,PRIOR_AUTH,1,1,100.0,0,1,1,0,0,44.83,44.83,0.0,HIGH-RISK PROVIDER,PROVIDER REQUIRING REVIEW,100.0% flagged records (Threshold: 10%); High average claim risk score of 44.8
1823311153,PHARMACY_CLAIM,1,1,100.0,0,1,1,0,0,44.78,44.78,0.0,HIGH-RISK PROVIDER,PROVIDER REQUIRING REVIEW,100.0% flagged records (Threshold: 10%); High average claim risk score of 44.8
1794017755,PHARMACY_CLAIM,1,1,100.0,0,1,1,0,0,44.75,44.75,0.0,HIGH-RISK PROVIDER,PROVIDER REQUIRING REVIEW,100.0% flagged records (Threshold: 10%); High average claim risk score of 44.8
1884491728,PHARMACY_CLAIM,1,1,100.0,0,1,1,0,0,44.64,44.64,0.0,HIGH-RISK PROVIDER,PROVIDER REQUIRING REVIEW,100.0% flagged records (Threshold: 10%); High average claim risk score of 44.6
1674715270,PHARMACY_CLAIM,1,1,100.0,0,1,1,0,0,44.57,44.57,0.0,HIGH-RISK PROVIDER,PROVIDER REQUIRING REVIEW,100.0% flagged records (Threshold: 10%); High average claim risk score of 44.6
1214555602,PRIOR_AUTH,1,1,100.0,0,1,1,0,0,44.42,44.42,0.0,HIGH-RISK PROVIDER,PROVIDER REQUIRING REVIEW,100.0% flagged records (Threshold: 10%); High average claim risk score of 44.4
1364022782,PRIOR_AUTH,1,1,100.0,0,1,1,0,0,44.37,44.37,0.0,HIGH-RISK PROVIDER,PROVIDER REQUIRING REVIEW,100.0% flagged records (Threshold: 10%); High average claim risk score of 44.4
1546500071,PRIOR_AUTH,1,1,100.0,0,1,1,0,0,44.21,44.21,0.0,HIGH-RISK PROVIDER,PROVIDER REQUIRING REVIEW,100.0% flagged records (Threshold: 10%); High average claim risk score of 44.2
1211968137,PHARMACY_CLAIM,1,1,100.0,0,1,1,0,0,44.12,44.12,0.0,HIGH-RISK PROVIDER,PROVIDER REQUIRING REVIEW,100.0% flagged records (Threshold: 10%); High average claim risk score of 44.1
1857306791,PHARMACY_CLAIM,1,1,100.0,0,1,1,0,0,44.08,44.08,0.0,HIGH-RISK PROVIDER,PROVIDER REQUIRING REVIEW,100.0% flagged records (Threshold: 10%); High average claim risk score of 44.1
1462286750,PHARMACY_CLAIM,1,1,100.0,0,1,1,0,0,43.97,43.97,0.0,HIGH-RISK PROVIDER,PROVIDER REQUIRING REVIEW,100.0% flagged records (Threshold: 10%); High average claim risk score of 44.0
1409528032,PHARMACY_CLAIM,1,1,100.0,0,1,1,0,0,43.92,43.92,0.0,HIGH-RISK PROVIDER,PROVIDER REQUIRING REVIEW,100.0% flagged records (Threshold: 10%); High average claim risk score of 43.9
1066120250,PHARMACY_CLAIM,1,1,100.0,0,1,1,0,0,43.91,43.91,0.0,HIGH-RISK PROVIDER,PROVIDER REQUIRING REVIEW,100.0% flagged records (Threshold: 10%); High average claim risk score of 43.9
1410061860,PHARMACY_CLAIM,1,1,100.0,0,1,1,0,0,43.62,43.62,0.0,HIGH-RISK PROVIDER,PROVIDER REQUIRING REVIEW,100.0% flagged records (Threshold: 10%); High average claim risk score of 43.6
1399922285,PHARMACY_CLAIM,1,1,100.0,0,1,1,0,0,43.52,43.52,0.0,HIGH-RISK PROVIDER,PROVIDER REQUIRING REVIEW,100.0% flagged records (Threshold: 10%); High average claim risk score of 43.5
1694911993,PHARMACY_CLAIM,1,1,100.0,0,1,1,0,0,43.48,43.48,0.0,HIGH-RISK PROVIDER,PROVIDER REQUIRING REVIEW,100.0% flagged records (Threshold: 10%); High average claim risk score of 43.5
1647036616,PHARMACY_CLAIM,1,1,100.0,0,1,1,0,0,43.01,43.01,0.0,HIGH-RISK PROVIDER,PROVIDER REQUIRING REVIEW,100.0% flagged records (Threshold: 10%); High average claim risk score of 43.0
1388100602,PRIOR_AUTH,1,1,100.0,0,1,1,0,0,42.8,42.8,0.0,HIGH-RISK PROVIDER,PROVIDER REQUIRING REVIEW,100.0% flagged records (Threshold: 10%); High average claim risk score of 42.8
1709867281,PHARMACY_CLAIM,1,1,100.0,0,1,1,0,0,42.6,42.6,0.0,HIGH-RISK PROVIDER,PROVIDER REQUIRING REVIEW,100.0% flagged records (Threshold: 10%); High average claim risk score of 42.6
1130440772,PHARMACY_CLAIM,1,1,100.0,0,1,1,0,0,42.59,42.59,0.0,HIGH-RISK PROVIDER,PROVIDER REQUIRING REVIEW,100.0% flagged records (Threshold: 10%); High average claim risk score of 42.6
1635167885,PHARMACY_CLAIM,1,1,100.0,0,1,1,0,0,42.59,42.59,0.0,HIGH-RISK PROVIDER,PROVIDER REQUIRING REVIEW,100.0% flagged records (Threshold: 10%); High average claim risk score of 42.6
1084488906,PHARMACY_CLAIM,1,1,100.0,0,1,1,0,0,42.49,42.49,0.0,HIGH-RISK PROVIDER,PROVIDER REQUIRING REVIEW,100.0% flagged records (Threshold: 10%); High average claim risk score of 42.5
1911924541,PHARMACY_CLAIM,1,1,100.0,0,1,1,0,0,41.98,41.98,0.0,HIGH-RISK PROVIDER,PROVIDER REQUIRING REVIEW,100.0% flagged records (Threshold: 10%); High average claim risk score of 42.0
1128970394,PHARMACY_CLAIM,1,1,100.0,0,1,1,0,0,41.95,41.95,0.0,HIGH-RISK PROVIDER,PROVIDER REQUIRING REVIEW,100.0% flagged records (Threshold: 10%); High average claim risk score of 42.0
1584602285,PHARMACY_CLAIM,1,1,100.0,0,0,3,0,0,41.5,41.5,0.0,HIGH-RISK PROVIDER,PROVIDER REQUIRING REVIEW,100.0% flagged records (Threshold: 10%); High average claim risk score of 41.5
1843911066,PHARMACY_CLAIM,1,1,100.0,0,0,3,0,0,41.48,41.48,0.0,HIGH-RISK PROVIDER,PROVIDER REQUIRING REVIEW,100.0% flagged records (Threshold: 10%); High average claim risk score of 41.5
1150204023,PHARMACY_CLAIM,1,1,100.0,0,0,3,0,0,41.23,41.23,0.0,HIGH-RISK PROVIDER,PROVIDER REQUIRING REVIEW,100.0% flagged records (Threshold: 10%); High average claim risk score of 41.2
1841785968,PHARMACY_CLAIM,1,1,100.0,0,0,3,0,0,41.15,41.15,0.0,HIGH-RISK PROVIDER,PROVIDER REQUIRING REVIEW,100.0% flagged records (Threshold: 10%); High average claim risk score of 41.1
1627113217,PHARMACY_CLAIM,1,1,100.0,0,0,3,0,0,41.12,41.12,0.0,HIGH-RISK PROVIDER,PROVIDER REQUIRING REVIEW,100.0% flagged records (Threshold: 10%); High average claim risk score of 41.1
1240747202,PHARMACY_CLAIM,1,1,100.0,0,1,1,0,0,41.02,41.02,0.0,HIGH-RISK PROVIDER,PROVIDER REQUIRING REVIEW,100.0% flagged records (Threshold: 10%); High average claim risk score of 41.0
1279300679,PHARMACY_CLAIM,1,1,100.0,0,0,3,0,0,40.9,40.9,0.0,HIGH-RISK PROVIDER,PROVIDER REQUIRING REVIEW,100.0% flagged records (Threshold: 10%); High average claim risk score of 40.9
1634029372,PHARMACY_CLAIM,1,1,100.0,0,0,3,0,0,40.41,40.41,0.0,HIGH-RISK PROVIDER,PROVIDER REQUIRING REVIEW,100.0% flagged records (Threshold: 10%); High average claim risk score of 40.4
1352200296,PHARMACY_CLAIM,1,1,100.0,0,0,3,0,0,39.43,39.43,0.0,HIGH-RISK PROVIDER,PROVIDER REQUIRING REVIEW,100.0% flagged records (Threshold: 10%); High average claim risk score of 39.4
1063462976,MEDICAL_CLAIM,2,2,100.0,0,0,4,0,0,38.73,49.47,0.0,HIGH-RISK PROVIDER,PROVIDER REQUIRING REVIEW,100.0% flagged records (Threshold: 10%); High average claim risk score of 38.7
1518467174,MEDICAL_CLAIM,2,2,100.0,0,0,4,0,0,37.91,49.69,0.0,HIGH-RISK PROVIDER,PROVIDER REQUIRING REVIEW,100.0% flagged records (Threshold: 10%); High average claim risk score of 37.9
1151855698,PHARMACY_CLAIM,1,1,100.0,0,0,2,0,0,37.86,37.86,0.0,HIGH-RISK PROVIDER,PROVIDER REQUIRING REVIEW,100.0% flagged records (Threshold: 10%); High average claim risk score of 37.9
1011880226,PHARMACY_CLAIM,1,1,100.0,0,0,2,0,0,37.61,37.61,0.0,HIGH-RISK PROVIDER,PROVIDER REQUIRING REVIEW,100.0% flagged records (Threshold: 10%); High average claim risk score of 37.6
1261590276,PHARMACY_CLAIM,1,1,100.0,0,0,3,0,0,37.49,37.49,0.0,HIGH-RISK PROVIDER,PROVIDER REQUIRING REVIEW,100.0% flagged records (Threshold: 10%); High average claim risk score of 37.5
1339256429,PHARMACY_CLAIM,1,1,100.0,0,0,3,0,0,37.26,37.26,0.0,HIGH-RISK PROVIDER,PROVIDER REQUIRING REVIEW,100.0% flagged records (Threshold: 10%); High average claim risk score of 37.3
1036589260,PHARMACY_CLAIM,1,1,100.0,0,0,2,0,0,37.16,37.16,0.0,HIGH-RISK PROVIDER,PROVIDER REQUIRING REVIEW,100.0% flagged records (Threshold: 10%); High average claim risk score of 37.2
1922492471,PHARMACY_CLAIM,1,1,100.0,0,0,3,0,0,36.74,36.74,0.0,HIGH-RISK PROVIDER,PROVIDER REQUIRING REVIEW,100.0% flagged records (Threshold: 10%); High average claim risk score of 36.7
1924227096,PHARMACY_CLAIM,1,1,100.0,0,0,2,0,0,36.72,36.72,0.0,HIGH-RISK PROVIDER,PROVIDER REQUIRING REVIEW,100.0% flagged records (Threshold: 10%); High average claim risk score of 36.7
1285650937,MEDICAL_CLAIM,2,2,100.0,0,0,3,0,0,36.57,39.02,0.0,HIGH-RISK PROVIDER,PROVIDER REQUIRING REVIEW,100.0% flagged records (Threshold: 10%); High average claim risk score of 36.6
1776418550,PHARMACY_CLAIM,1,1,100.0,0,0,2,0,0,36.46,36.46,0.0,HIGH-RISK PROVIDER,PROVIDER REQUIRING REVIEW,100.0% flagged records (Threshold: 10%); High average claim risk score of 36.5
1518591809,MEDICAL_CLAIM,1,1,100.0,0,0,2,0,0,36.28,36.28,0.0,HIGH-RISK PROVIDER,PROVIDER REQUIRING REVIEW,100.0% flagged records (Threshold: 10%); High average claim risk score of 36.3
1984854953,PHARMACY_CLAIM,1,1,100.0,0,0,2,0,0,36.22,36.22,0.0,HIGH-RISK PROVIDER,PROVIDER REQUIRING REVIEW,100.0% flagged records (Threshold: 10%); High average claim risk score of 36.2
1477586679,PHARMACY_CLAIM,1,1,100.0,0,0,2,0,0,36.15,36.15,0.0,HIGH-RISK PROVIDER,PROVIDER REQUIRING REVIEW,100.0% flagged records (Threshold: 10%); High average claim risk score of 36.1
1174552293,MEDICAL_CLAIM,2,2,100.0,0,0,4,0,0,36.09,46.31,0.0,HIGH-RISK PROVIDER,PROVIDER REQUIRING REVIEW,100.0% flagged records (Threshold: 10%); High average claim risk score of 36.1
1830866897,PHARMACY_CLAIM,1,1,100.0,0,0,3,0,0,36.0,36.0,0.0,HIGH-RISK PROVIDER,PROVIDER REQUIRING REVIEW,100.0% flagged records (Threshold: 10%); High average claim risk score of 36.0
1710925250,MEDICAL_CLAIM,2,1,50.0,0,1,3,0,0,35.88,47.4,0.0,HIGH-RISK PROVIDER,PROVIDER REQUIRING REVIEW,50.0% flagged records (Threshold: 10%); High average claim risk score of 35.9
1263319538,PHARMACY_CLAIM,1,1,100.0,0,0,2,0,0,35.58,35.58,0.0,HIGH-RISK PROVIDER,PROVIDER REQUIRING REVIEW,100.0% flagged records (Threshold: 10%); High average claim risk score of 35.6
1656376328,PHARMACY_CLAIM,1,1,100.0,0,0,2,0,0,35.43,35.43,0.0,HIGH-RISK PROVIDER,PROVIDER REQUIRING REVIEW,100.0% flagged records (Threshold: 10%); High average claim risk score of 35.4
1174820898,MEDICAL_CLAIM,3,3,100.0,0,0,4,0,0,35.12,48.75,0.0,HIGH-RISK PROVIDER,PROVIDER REQUIRING REVIEW,100.0% flagged records (Threshold: 10%); High average claim risk score of 35.1
1186172136,PHARMACY_CLAIM,1,1,100.0,0,0,2,0,0,34.77,34.77,0.0,HIGH-RISK PROVIDER,PROVIDER REQUIRING REVIEW,100.0% flagged records (Threshold: 10%)
1064509236,PHARMACY_CLAIM,1,1,100.0,0,0,2,0,0,34.76,34.76,0.0,HIGH-RISK PROVIDER,PROVIDER REQUIRING REVIEW,100.0% flagged records (Threshold: 10%)
1760450910,MEDICAL_CLAIM,1,1,100.0,0,0,1,0,0,34.69,34.69,0.0,HIGH-RISK PROVIDER,PROVIDER REQUIRING REVIEW,100.0% flagged records (Threshold: 10%)
1952041915,PHARMACY_CLAIM,1,1,100.0,0,0,2,0,0,34.69,34.69,0.0,HIGH-RISK PROVIDER,PROVIDER REQUIRING REVIEW,100.0% flagged records (Threshold: 10%)
1003804725,MEDICAL_CLAIM,1,1,100.0,0,0,1,0,0,34.66,34.66,0.0,HIGH-RISK PROVIDER,PROVIDER REQUIRING REVIEW,100.0% flagged records (Threshold: 10%)
1013997691,MEDICAL_CLAIM,1,1,100.0,0,0,2,0,0,34.58,34.58,0.0,HIGH-RISK PROVIDER,PROVIDER REQUIRING REVIEW,100.0% flagged records (Threshold: 10%)
1972584795,MEDICAL_CLAIM,1,1,100.0,0,0,1,0,0,34.57,34.57,0.0,HIGH-RISK PROVIDER,PROVIDER REQUIRING REVIEW,100.0% flagged records (Threshold: 10%)
1295236503,MEDICAL_CLAIM,1,1,100.0,0,0,1,0,0,34.54,34.54,0.0,HIGH-RISK PROVIDER,PROVIDER REQUIRING REVIEW,100.0% flagged records (Threshold: 10%)
1982870259,MEDICAL_CLAIM,1,1,100.0,0,0,1,0,0,34.48,34.48,0.0,HIGH-RISK PROVIDER,PROVIDER REQUIRING REVIEW,100.0% flagged records (Threshold: 10%)
1013002765,MEDICAL_CLAIM,1,1,100.0,0,0,1,0,0,34.45,34.45,0.0,HIGH-RISK PROVIDER,PROVIDER REQUIRING REVIEW,100.0% flagged records (Threshold: 10%)
1659392819,MEDICAL_CLAIM,1,1,100.0,0,0,1,0,0,34.45,34.45,0.0,HIGH-RISK PROVIDER,PROVIDER REQUIRING REVIEW,100.0% flagged records (Threshold: 10%)
1740296508,MEDICAL_CLAIM,2,2,100.0,0,0,2,0,0,34.39,34.62,0.0,HIGH-RISK PROVIDER,PROVIDER REQUIRING REVIEW,100.0% flagged records (Threshold: 10%)
1376603837,MEDICAL_CLAIM,1,1,100.0,0,0,1,0,0,34.39,34.39,0.0,HIGH-RISK PROVIDER,PROVIDER REQUIRING REVIEW,100.0% flagged records (Threshold: 10%)
1489458815,PHARMACY_CLAIM,1,1,100.0,0,0,2,0,0,34.38,34.38,0.0,HIGH-RISK PROVIDER,PROVIDER REQUIRING REVIEW,100.0% flagged records (Threshold: 10%)
1538313861,MEDICAL_CLAIM,1,1,100.0,0,0,1,0,0,34.34,34.34,0.0,HIGH-RISK PROVIDER,PROVIDER REQUIRING REVIEW,100.0% flagged records (Threshold: 10%)
1285185173,MEDICAL_CLAIM,1,1,100.0,0,0,1,0,0,34.29,34.29,0.0,HIGH-RISK PROVIDER,PROVIDER REQUIRING REVIEW,100.0% flagged records (Threshold: 10%)
1316471162,MEDICAL_CLAIM,1,1,100.0,0,0,1,0,0,34.29,34.29,0.0,HIGH-RISK PROVIDER,PROVIDER REQUIRING REVIEW,100.0% flagged records (Threshold: 10%)
1033579412,MEDICAL_CLAIM,2,2,100.0,0,0,2,0,0,34.23,34.38,0.0,HIGH-RISK PROVIDER,PROVIDER REQUIRING REVIEW,100.0% flagged records (Threshold: 10%)
1260866900,PHARMACY_CLAIM,1,1,100.0,0,0,2,0,0,34.09,34.09,0.0,HIGH-RISK PROVIDER,PROVIDER REQUIRING REVIEW,100.0% flagged records (Threshold: 10%)
1891142238,MEDICAL_CLAIM,1,1,100.0,0,0,1,0,0,34.07,34.07,0.0,HIGH-RISK PROVIDER,PROVIDER REQUIRING REVIEW,100.0% flagged records (Threshold: 10%)
1327696767,PHARMACY_CLAIM,1,1,100.0,0,0,2,0,0,33.95,33.95,0.0,HIGH-RISK PROVIDER,PROVIDER REQUIRING REVIEW,100.0% flagged records (Threshold: 10%)
1487107447,MEDICAL_CLAIM,1,1,100.0,0,0,1,0,0,33.9,33.9,0.0,HIGH-RISK PROVIDER,PROVIDER REQUIRING REVIEW,100.0% flagged records (Threshold: 10%)
1124381793,MEDICAL_CLAIM,1,1,100.0,0,0,1,0,0,33.8,33.8,0.0,HIGH-RISK PROVIDER,PROVIDER REQUIRING REVIEW,100.0% flagged records (Threshold: 10%)
1659476356,MEDICAL_CLAIM,1,1,100.0,0,0,1,0,0,33.72,33.72,0.0,HIGH-RISK PROVIDER,PROVIDER REQUIRING REVIEW,100.0% flagged records (Threshold: 10%)
1700838034,MEDICAL_CLAIM,1,1,100.0,0,0,1,0,0,33.66,33.66,0.0,HIGH-RISK PROVIDER,PROVIDER REQUIRING REVIEW,100.0% flagged records (Threshold: 10%)
1821652793,MEDICAL_CLAIM,1,1,100.0,0,0,1,0,0,33.56,33.56,0.0,HIGH-RISK PROVIDER,PROVIDER REQUIRING REVIEW,100.0% flagged records (Threshold: 10%)
1748157157,PHARMACY_CLAIM,1,1,100.0,0,0,1,0,0,33.23,33.23,0.0,HIGH-RISK PROVIDER,PROVIDER REQUIRING REVIEW,100.0% flagged records (Threshold: 10%)
1114498540,MEDICAL_CLAIM,1,1,100.0,0,0,1,0,0,33.11,33.11,0.0,HIGH-RISK PROVIDER,PROVIDER REQUIRING REVIEW,100.0% flagged records (Threshold: 10%)
1558669826,PHARMACY_CLAIM,1,1,100.0,0,0,2,0,0,32.15,32.15,0.0,HIGH-RISK PROVIDER,PROVIDER REQUIRING REVIEW,100.0% flagged records (Threshold: 10%)
1164876546,MEDICAL_CLAIM,1,1,100.0,0,0,1,0,0,32.07,32.07,0.0,HIGH-RISK PROVIDER,PROVIDER REQUIRING REVIEW,100.0% flagged records (Threshold: 10%)
1588925804,MEDICAL_CLAIM,5,5,100.0,0,0,7,0,0,32.05,46.46,0.0,HIGH-RISK PROVIDER,PROVIDER REQUIRING REVIEW,100.0% flagged records (Threshold: 10%)
1417440264,MEDICAL_CLAIM,2,2,100.0,0,0,2,0,0,31.95,32.78,0.0,HIGH-RISK PROVIDER,PROVIDER REQUIRING REVIEW,100.0% flagged records (Threshold: 10%)
1154747590,MEDICAL_CLAIM,1,1,100.0,0,0,1,0,0,31.95,31.95,0.0,HIGH-RISK PROVIDER,PROVIDER REQUIRING REVIEW,100.0% flagged records (Threshold: 10%)
1457461477,MEDICAL_CLAIM,4,4,100.0,0,0,4,0,0,31.82,34.28,0.0,HIGH-RISK PROVIDER,PROVIDER REQUIRING REVIEW,100.0% flagged records (Threshold: 10%)
1205093591,PHARMACY_CLAIM,1,1,100.0,0,0,1,0,0,31.8,31.8,0.0,HIGH-RISK PROVIDER,PROVIDER REQUIRING REVIEW,100.0% flagged records (Threshold: 10%)
1568555498,MEDICAL_CLAIM,1,1,100.0,0,0,1,0,0,31.8,31.8,0.0,HIGH-RISK PROVIDER,PROVIDER REQUIRING REVIEW,100.0% flagged records (Threshold: 10%)
1669985032,MEDICAL_CLAIM,1,1,100.0,0,0,1,0,0,31.79,31.79,0.0,HIGH-RISK PROVIDER,PROVIDER REQUIRING REVIEW,100.0% flagged records (Threshold: 10%)
1770097123,MEDICAL_CLAIM,2,2,100.0,0,0,2,0,0,31.76,34.46,0.0,HIGH-RISK PROVIDER,PROVIDER REQUIRING REVIEW,100.0% flagged records (Threshold: 10%)
1821091083,MEDICAL_CLAIM,1,1,100.0,0,0,1,0,0,31.76,31.76,0.0,HIGH-RISK PROVIDER,PROVIDER REQUIRING REVIEW,100.0% flagged records (Threshold: 10%)
1467127613,MEDICAL_CLAIM,2,2,100.0,0,0,2,0,0,31.73,34.02,0.0,HIGH-RISK PROVIDER,PROVIDER REQUIRING REVIEW,100.0% flagged records (Threshold: 10%)
1528538808,MEDICAL_CLAIM,2,2,100.0,0,0,2,0,0,31.73,33.62,0.0,HIGH-RISK PROVIDER,PROVIDER REQUIRING REVIEW,100.0% flagged records (Threshold: 10%)
1528377454,MEDICAL_CLAIM,1,1,100.0,0,0,1,0,0,31.63,31.63,0.0,HIGH-RISK PROVIDER,PROVIDER REQUIRING REVIEW,100.0% flagged records (Threshold: 10%)
1837853160,PHARMACY_CLAIM,1,1,100.0,0,0,2,0,0,31.61,31.61,0.0,HIGH-RISK PROVIDER,PROVIDER REQUIRING REVIEW,100.0% flagged records (Threshold: 10%)
1457825192,MEDICAL_CLAIM,2,2,100.0,0,0,2,0,0,31.5,34.04,0.0,HIGH-RISK PROVIDER,PROVIDER REQUIRING REVIEW,100.0% flagged records (Threshold: 10%)
1730312745,MEDICAL_CLAIM,1,1,100.0,0,0,1,0,0,31.5,31.5,0.0,HIGH-RISK PROVIDER,PROVIDER REQUIRING REVIEW,100.0% flagged records (Threshold: 10%)
1356565170,MEDICAL_CLAIM,2,2,100.0,0,0,2,0,0,31.48,31.54,0.0,HIGH-RISK PROVIDER,PROVIDER REQUIRING REVIEW,100.0% flagged records (Threshold: 10%)
1336265982,MEDICAL_CLAIM,1,1,100.0,0,0,1,0,0,31.42,31.42,0.0,HIGH-RISK PROVIDER,PROVIDER REQUIRING REVIEW,100.0% flagged records (Threshold: 10%)
1184718512,MEDICAL_CLAIM,1,1,100.0,0,0,1,0,0,31.41,31.41,0.0,HIGH-RISK PROVIDER,PROVIDER REQUIRING REVIEW,100.0% flagged records (Threshold: 10%)
1770721508,MEDICAL_CLAIM,1,1,100.0,0,0,1,0,0,31.38,31.38,0.0,HIGH-RISK PROVIDER,PROVIDER REQUIRING REVIEW,100.0% flagged records (Threshold: 10%)
1023062098,MEDICAL_CLAIM,1,1,100.0,0,0,1,0,0,31.33,31.33,0.0,HIGH-RISK PROVIDER,PROVIDER REQUIRING REVIEW,100.0% flagged records (Threshold: 10%)
1194732438,MEDICAL_CLAIM,1,1,100.0,0,0,1,0,0,31.33,31.33,0.0,HIGH-RISK PROVIDER,PROVIDER REQUIRING REVIEW,100.0% flagged records (Threshold: 10%)
1731718796,PHARMACY_CLAIM,1,1,100.0,0,0,2,0,0,31.27,31.27,0.0,HIGH-RISK PROVIDER,PROVIDER REQUIRING REVIEW,100.0% flagged records (Threshold: 10%)
1114548930,MEDICAL_CLAIM,1,1,100.0,0,0,1,0,0,31.25,31.25,0.0,HIGH-RISK PROVIDER,PROVIDER REQUIRING REVIEW,100.0% flagged records (Threshold: 10%)
1659518553,MEDICAL_CLAIM,1,1,100.0,0,0,1,0,0,31.24,31.24,0.0,HIGH-RISK PROVIDER,PROVIDER REQUIRING REVIEW,100.0% flagged records (Threshold: 10%)
1245720168,MEDICAL_CLAIM,2,2,100.0,0,0,2,0,0,31.23,31.23,0.0,HIGH-RISK PROVIDER,PROVIDER REQUIRING REVIEW,100.0% flagged records (Threshold: 10%)
1215089602,MEDICAL_CLAIM,1,1,100.0,0,0,1,0,0,31.22,31.22,0.0,HIGH-RISK PROVIDER,PROVIDER REQUIRING REVIEW,100.0% flagged records (Threshold: 10%)
1023560331,MEDICAL_CLAIM,1,1,100.0,0,0,1,0,0,31.16,31.16,0.0,HIGH-RISK PROVIDER,PROVIDER REQUIRING REVIEW,100.0% flagged records (Threshold: 10%)
1073740098,MEDICAL_CLAIM,1,1,100.0,0,0,1,0,0,31.15,31.15,0.0,HIGH-RISK PROVIDER,PROVIDER REQUIRING REVIEW,100.0% flagged records (Threshold: 10%)
1508027848,MEDICAL_CLAIM,1,1,100.0,0,0,2,0,0,31.15,31.15,0.0,HIGH-RISK PROVIDER,PROVIDER REQUIRING REVIEW,100.0% flagged records (Threshold: 10%)
1205188448,MEDICAL_CLAIM,1,1,100.0,0,0,1,0,0,31.11,31.11,0.0,HIGH-RISK PROVIDER,PROVIDER REQUIRING REVIEW,100.0% flagged records (Threshold: 10%)
1606246767,PHARMACY_CLAIM,1,1,100.0,0,0,2,0,0,31.07,31.07,0.0,HIGH-RISK PROVIDER,PROVIDER REQUIRING REVIEW,100.0% flagged records (Threshold: 10%)
1659436996,MEDICAL_CLAIM,2,2,100.0,0,0,2,0,0,30.84,31.51,0.0,HIGH-RISK PROVIDER,PROVIDER REQUIRING REVIEW,100.0% flagged records (Threshold: 10%)
1578599775,MEDICAL_CLAIM,1,1,100.0,0,0,1,0,0,30.84,30.84,0.0,HIGH-RISK PROVIDER,PROVIDER REQUIRING REVIEW,100.0% flagged records (Threshold: 10%)
1407843576,MEDICAL_CLAIM,2,2,100.0,0,0,2,0,0,30.8,32.79,0.0,HIGH-RISK PROVIDER,PROVIDER REQUIRING REVIEW,100.0% flagged records (Threshold: 10%)
1952470411,MEDICAL_CLAIM,4,4,100.0,0,0,4,0,0,30.76,32.53,0.0,HIGH-RISK PROVIDER,PROVIDER REQUIRING REVIEW,100.0% flagged records (Threshold: 10%)
1043796733,MEDICAL_CLAIM,2,2,100.0,0,0,2,0,0,30.74,32.05,0.0,HIGH-RISK PROVIDER,PROVIDER REQUIRING REVIEW,100.0% flagged records (Threshold: 10%)
1831142389,MEDICAL_CLAIM,1,1,100.0,0,0,1,0,0,30.7,30.7,0.0,HIGH-RISK PROVIDER,PROVIDER REQUIRING REVIEW,100.0% flagged records (Threshold: 10%)
1124539648,MEDICAL_CLAIM,1,1,100.0,0,0,1,0,0,30.66,30.66,0.0,HIGH-RISK PROVIDER,PROVIDER REQUIRING REVIEW,100.0% flagged records (Threshold: 10%)
1980187163,PHARMACY_CLAIM,1,1,100.0,0,0,2,0,0,30.63,30.63,0.0,HIGH-RISK PROVIDER,PROVIDER REQUIRING REVIEW,100.0% flagged records (Threshold: 10%)
1063617744,MEDICAL_CLAIM,3,3,100.0,0,0,3,0,0,30.62,33.59,0.0,HIGH-RISK PROVIDER,PROVIDER REQUIRING REVIEW,100.0% flagged records (Threshold: 10%)
1477859254,MEDICAL_CLAIM,1,1,100.0,0,0,1,0,0,30.62,30.62,0.0,HIGH-RISK PROVIDER,PROVIDER REQUIRING REVIEW,100.0% flagged records (Threshold: 10%)
1487602918,MEDICAL_CLAIM,1,1,100.0,0,0,1,0,0,30.62,30.62,0.0,HIGH-RISK PROVIDER,PROVIDER REQUIRING REVIEW,100.0% flagged records (Threshold: 10%)
1861840795,MEDICAL_CLAIM,1,1,100.0,0,0,1,0,0,30.6,30.6,0.0,HIGH-RISK PROVIDER,PROVIDER REQUIRING REVIEW,100.0% flagged records (Threshold: 10%)
1639221302,MEDICAL_CLAIM,1,1,100.0,0,0,1,0,0,30.58,30.58,0.0,HIGH-RISK PROVIDER,PROVIDER REQUIRING REVIEW,100.0% flagged records (Threshold: 10%)
1811149586,MEDICAL_CLAIM,1,1,100.0,0,0,1,0,0,30.57,30.57,0.0,HIGH-RISK PROVIDER,PROVIDER REQUIRING REVIEW,100.0% flagged records (Threshold: 10%)
1376579557,MEDICAL_CLAIM,1,1,100.0,0,0,1,0,0,30.53,30.53,0.0,HIGH-RISK PROVIDER,PROVIDER REQUIRING REVIEW,100.0% flagged records (Threshold: 10%)
1629649751,MEDICAL_CLAIM,1,1,100.0,0,0,1,0,0,30.52,30.52,0.0,HIGH-RISK PROVIDER,PROVIDER REQUIRING REVIEW,100.0% flagged records (Threshold: 10%)
1740283977,MEDICAL_CLAIM,1,1,100.0,0,0,1,0,0,30.48,30.48,0.0,HIGH-RISK PROVIDER,PROVIDER REQUIRING REVIEW,100.0% flagged records (Threshold: 10%)
1023668183,MEDICAL_CLAIM,1,1,100.0,0,0,1,0,0,30.46,30.46,0.0,HIGH-RISK PROVIDER,PROVIDER REQUIRING REVIEW,100.0% flagged records (Threshold: 10%)
1194706655,MEDICAL_CLAIM,1,1,100.0,0,0,1,0,0,30.42,30.42,0.0,HIGH-RISK PROVIDER,PROVIDER REQUIRING REVIEW,100.0% flagged records (Threshold: 10%)
1588616742,MEDICAL_CLAIM,1,1,100.0,0,0,1,0,0,30.42,30.42,0.0,HIGH-RISK PROVIDER,PROVIDER REQUIRING REVIEW,100.0% flagged records (Threshold: 10%)
1285759464,MEDICAL_CLAIM,2,2,100.0,0,0,2,0,0,30.34,30.37,0.0,HIGH-RISK PROVIDER,PROVIDER REQUIRING REVIEW,100.0% flagged records (Threshold: 10%)
1992701825,MEDICAL_CLAIM,1,1,100.0,0,0,1,0,0,30.32,30.32,0.0,HIGH-RISK PROVIDER,PROVIDER REQUIRING REVIEW,100.0% flagged records (Threshold: 10%)
1245266337,MEDICAL_CLAIM,2,2,100.0,0,0,2,0,0,30.29,32.07,0.0,HIGH-RISK PROVIDER,PROVIDER REQUIRING REVIEW,100.0% flagged records (Threshold: 10%)
1255629747,MEDICAL_CLAIM,1,1,100.0,0,0,1,0,0,30.29,30.29,0.0,HIGH-RISK PROVIDER,PROVIDER REQUIRING REVIEW,100.0% flagged records (Threshold: 10%)
1750633855,MEDICAL_CLAIM,1,1,100.0,0,0,1,0,0,30.22,30.22,0.0,HIGH-RISK PROVIDER,PROVIDER REQUIRING REVIEW,100.0% flagged records (Threshold: 10%)
1104905702,MEDICAL_CLAIM,2,2,100.0,0,0,2,0,0,30.2,30.98,0.0,HIGH-RISK PROVIDER,PROVIDER REQUIRING REVIEW,100.0% flagged records (Threshold: 10%)
1194790055,MEDICAL_CLAIM,2,2,100.0,0,0,2,0,0,30.2,34.15,0.0,HIGH-RISK PROVIDER,PROVIDER REQUIRING REVIEW,100.0% flagged records (Threshold: 10%)
1508366030,MEDICAL_CLAIM,3,3,100.0,0,0,3,0,0,30.17,30.77,0.0,HIGH-RISK PROVIDER,PROVIDER REQUIRING REVIEW,100.0% flagged records (Threshold: 10%)
1538460878,MEDICAL_CLAIM,2,2,100.0,0,0,2,0,0,30.16,31.56,0.0,HIGH-RISK PROVIDER,PROVIDER REQUIRING REVIEW,100.0% flagged records (Threshold: 10%)
1154600344,MEDICAL_CLAIM,2,2,100.0,0,0,2,0,0,30.12,32.08,0.0,HIGH-RISK PROVIDER,PROVIDER REQUIRING REVIEW,100.0% flagged records (Threshold: 10%)
1912249590,MEDICAL_CLAIM,2,2,100.0,0,0,2,0,0,30.12,30.89,0.0,HIGH-RISK PROVIDER,PROVIDER REQUIRING REVIEW,100.0% flagged records (Threshold: 10%)
1457803769,MEDICAL_CLAIM,1,1,100.0,0,0,1,0,0,30.12,30.12,0.0,HIGH-RISK PROVIDER,PROVIDER REQUIRING REVIEW,100.0% flagged records (Threshold: 10%)
1386949998,MEDICAL_CLAIM,1,1,100.0,0,0,1,0,0,30.08,30.08,0.0,HIGH-RISK PROVIDER,PROVIDER REQUIRING REVIEW,100.0% flagged records (Threshold: 10%)
1770822496,MEDICAL_CLAIM,2,2,100.0,0,0,2,0,0,30.07,30.52,0.0,HIGH-RISK PROVIDER,PROVIDER REQUIRING REVIEW,100.0% flagged records (Threshold: 10%)
1043263221,MEDICAL_CLAIM,1,1,100.0,0,0,1,0,0,30.07,30.07,0.0,HIGH-RISK PROVIDER,PROVIDER REQUIRING REVIEW,100.0% flagged records (Threshold: 10%)
1851693832,MEDICAL_CLAIM,1,1,100.0,0,0,1,0,0,30.07,30.07,0.0,HIGH-RISK PROVIDER,PROVIDER REQUIRING REVIEW,100.0% flagged records (Threshold: 10%)
1598776742,MEDICAL_CLAIM,1,1,100.0,0,0,1,0,0,30.05,30.05,0.0,HIGH-RISK PROVIDER,PROVIDER REQUIRING REVIEW,100.0% flagged records (Threshold: 10%)
1609201060,MEDICAL_CLAIM,2,2,100.0,0,0,2,0,0,30.0,30.32,0.0,HIGH-RISK PROVIDER,PROVIDER REQUIRING REVIEW,100.0% flagged records (Threshold: 10%)
1679634257,MEDICAL_CLAIM,2,2,100.0,0,0,2,0,0,30.0,30.0,0.0,HIGH-RISK PROVIDER,PROVIDER REQUIRING REVIEW,100.0% flagged records (Threshold: 10%)
1326373861,MEDICAL_CLAIM,2,2,100.0,0,0,2,0,0,29.98,32.28,0.0,HIGH-RISK PROVIDER,PROVIDER REQUIRING REVIEW,100.0% flagged records (Threshold: 10%)
1508364241,MEDICAL_CLAIM,1,1,100.0,0,0,1,0,0,29.97,29.97,0.0,HIGH-RISK PROVIDER,PROVIDER REQUIRING REVIEW,100.0% flagged records (Threshold: 10%)
1508276940,MEDICAL_CLAIM,1,1,100.0,0,0,1,0,0,29.91,29.91,0.0,HIGH-RISK PROVIDER,PROVIDER REQUIRING REVIEW,100.0% flagged records (Threshold: 10%)
1346707254,MEDICAL_CLAIM,1,1,100.0,0,0,1,0,0,29.9,29.9,0.0,HIGH-RISK PROVIDER,PROVIDER REQUIRING REVIEW,100.0% flagged records (Threshold: 10%)
1736648221,PRIOR_AUTH,2,2,100.0,0,2,0,0,0,29.89,29.89,0.0,HIGH-RISK PROVIDER,PROVIDER REQUIRING REVIEW,100.0% flagged records (Threshold: 10%)
1467482539,MEDICAL_CLAIM,1,1,100.0,0,0,1,0,0,29.88,29.88,0.0,HIGH-RISK PROVIDER,PROVIDER REQUIRING REVIEW,100.0% flagged records (Threshold: 10%)
1114213972,MEDICAL_CLAIM,1,1,100.0,0,0,1,0,0,29.87,29.87,0.0,HIGH-RISK PROVIDER,PROVIDER REQUIRING REVIEW,100.0% flagged records (Threshold: 10%)
1700866605,MEDICAL_CLAIM,2,2,100.0,0,0,2,0,0,29.85,34.51,0.0,HIGH-RISK PROVIDER,PROVIDER REQUIRING REVIEW,100.0% flagged records (Threshold: 10%)
1697220824,PHARMACY_CLAIM,1,1,100.0,0,1,0,0,0,29.85,29.85,100.0,HIGH-RISK PROVIDER,PROVIDER REQUIRING REVIEW,100.0% flagged records (Threshold: 10%); High claim denial/rejection rate of 100.0%
1679786784,MEDICAL_CLAIM,4,4,100.0,0,1,3,0,0,29.83,31.48,0.0,HIGH-RISK PROVIDER,PROVIDER REQUIRING REVIEW,100.0% flagged records (Threshold: 10%)
1420084249,PRIOR_AUTH,2,2,100.0,0,2,0,0,0,29.83,29.83,100.0,HIGH-RISK PROVIDER,PROVIDER REQUIRING REVIEW,100.0% flagged records (Threshold: 10%); High claim denial/rejection rate of 100.0%
1144209271,MEDICAL_CLAIM,1,1,100.0,0,0,1,0,0,29.83,29.83,0.0,HIGH-RISK PROVIDER,PROVIDER REQUIRING REVIEW,100.0% flagged records (Threshold: 10%)
1026543048,PHARMACY_CLAIM,1,1,100.0,0,1,0,0,0,29.82,29.82,100.0,HIGH-RISK PROVIDER,PROVIDER REQUIRING REVIEW,100.0% flagged records (Threshold: 10%); High claim denial/rejection rate of 100.0%
1154746899,MEDICAL_CLAIM,1,1,100.0,0,0,1,0,0,29.82,29.82,0.0,HIGH-RISK PROVIDER,PROVIDER REQUIRING REVIEW,100.0% flagged records (Threshold: 10%)
1497868772,MEDICAL_CLAIM,1,1,100.0,0,1,0,0,0,29.77,29.77,0.0,HIGH-RISK PROVIDER,PROVIDER REQUIRING REVIEW,100.0% flagged records (Threshold: 10%)
1174512792,MEDICAL_CLAIM,4,4,100.0,0,0,4,0,0,29.74,30.99,0.0,HIGH-RISK PROVIDER,PROVIDER REQUIRING REVIEW,100.0% flagged records (Threshold: 10%)
1756550744,PRIOR_AUTH,2,2,100.0,0,2,0,0,0,29.73,29.73,100.0,HIGH-RISK PROVIDER,PROVIDER REQUIRING REVIEW,100.0% flagged records (Threshold: 10%); High claim denial/rejection rate of 100.0%
1628247503,PHARMACY_CLAIM,1,1,100.0,0,1,0,0,0,29.73,29.73,100.0,HIGH-RISK PROVIDER,PROVIDER REQUIRING REVIEW,100.0% flagged records (Threshold: 10%); High claim denial/rejection rate of 100.0%
1739953235,PHARMACY_CLAIM,1,1,100.0,0,1,0,0,0,29.73,29.73,100.0,HIGH-RISK PROVIDER,PROVIDER REQUIRING REVIEW,100.0% flagged records (Threshold: 10%); High claim denial/rejection rate of 100.0%
1661761727,PHARMACY_CLAIM,2,2,100.0,0,2,0,0,0,29.72,29.72,100.0,HIGH-RISK PROVIDER,PROVIDER REQUIRING REVIEW,100.0% flagged records (Threshold: 10%); High claim denial/rejection rate of 100.0%
1635902289,PHARMACY_CLAIM,1,1,100.0,0,1,0,0,0,29.71,29.71,0.0,HIGH-RISK PROVIDER,PROVIDER REQUIRING REVIEW,100.0% flagged records (Threshold: 10%)
1847730076,PHARMACY_CLAIM,1,1,100.0,0,1,0,0,0,29.71,29.71,100.0,HIGH-RISK PROVIDER,PROVIDER REQUIRING REVIEW,100.0% flagged records (Threshold: 10%); High claim denial/rejection rate of 100.0%
1394102493,PHARMACY_CLAIM,1,1,100.0,0,1,0,0,0,29.67,29.67,100.0,HIGH-RISK PROVIDER,PROVIDER REQUIRING REVIEW,100.0% flagged records (Threshold: 10%); High claim denial/rejection rate of 100.0%
1092542754,PHARMACY_CLAIM,1,1,100.0,0,1,0,0,0,29.65,29.65,100.0,HIGH-RISK PROVIDER,PROVIDER REQUIRING REVIEW,100.0% flagged records (Threshold: 10%); High claim denial/rejection rate of 100.0%
1826971475,PHARMACY_CLAIM,1,1,100.0,0,1,0,0,0,29.65,29.65,0.0,HIGH-RISK PROVIDER,PROVIDER REQUIRING REVIEW,100.0% flagged records (Threshold: 10%)
1160892587,PHARMACY_CLAIM,1,1,100.0,0,1,0,0,0,29.64,29.64,0.0,HIGH-RISK PROVIDER,PROVIDER REQUIRING REVIEW,100.0% flagged records (Threshold: 10%)
1726181679,PRIOR_AUTH,2,2,100.0,0,2,0,0,0,29.63,29.63,0.0,HIGH-RISK PROVIDER,PROVIDER REQUIRING REVIEW,100.0% flagged records (Threshold: 10%)
1720696578,MEDICAL_CLAIM,1,1,100.0,0,0,1,0,0,29.63,29.63,0.0,HIGH-RISK PROVIDER,PROVIDER REQUIRING REVIEW,100.0% flagged records (Threshold: 10%)
1336602838,MEDICAL_CLAIM,2,2,100.0,0,0,2,0,0,29.62,30.27,0.0,HIGH-RISK PROVIDER,PROVIDER REQUIRING REVIEW,100.0% flagged records (Threshold: 10%)
1790821023,MEDICAL_CLAIM,2,2,100.0,0,0,2,0,0,29.62,33.32,0.0,HIGH-RISK PROVIDER,PROVIDER REQUIRING REVIEW,100.0% flagged records (Threshold: 10%)
1891856134,MEDICAL_CLAIM,2,2,100.0,0,1,1,0,0,29.61,29.99,0.0,HIGH-RISK PROVIDER,PROVIDER REQUIRING REVIEW,100.0% flagged records (Threshold: 10%)
1194176834,MEDICAL_CLAIM,1,1,100.0,0,0,1,0,0,29.61,29.61,0.0,HIGH-RISK PROVIDER,PROVIDER REQUIRING REVIEW,100.0% flagged records (Threshold: 10%)
1540165390,PRIOR_AUTH,1,1,100.0,0,1,0,0,0,29.61,29.61,0.0,HIGH-RISK PROVIDER,PROVIDER REQUIRING REVIEW,100.0% flagged records (Threshold: 10%)
1727348347,PHARMACY_CLAIM,1,1,100.0,0,1,0,0,0,29.61,29.61,100.0,HIGH-RISK PROVIDER,PROVIDER REQUIRING REVIEW,100.0% flagged records (Threshold: 10%); High claim denial/rejection rate of 100.0%
1466210138,PHARMACY_CLAIM,2,2,100.0,0,2,0,0,0,29.6,29.6,100.0,HIGH-RISK PROVIDER,PROVIDER REQUIRING REVIEW,100.0% flagged records (Threshold: 10%); High claim denial/rejection rate of 100.0%
1077058714,PRIOR_AUTH,1,1,100.0,0,1,0,0,0,29.59,29.59,0.0,HIGH-RISK PROVIDER,PROVIDER REQUIRING REVIEW,100.0% flagged records (Threshold: 10%)
1180865389,PHARMACY_CLAIM,1,1,100.0,0,1,0,0,0,29.59,29.59,0.0,HIGH-RISK PROVIDER,PROVIDER REQUIRING REVIEW,100.0% flagged records (Threshold: 10%)
1368293615,PRIOR_AUTH,1,1,100.0,0,1,0,0,0,29.59,29.59,100.0,HIGH-RISK PROVIDER,PROVIDER REQUIRING REVIEW,100.0% flagged records (Threshold: 10%); High claim denial/rejection rate of 100.0%
1576069068,PHARMACY_CLAIM,1,1,100.0,0,1,0,0,0,29.59,29.59,100.0,HIGH-RISK PROVIDER,PROVIDER REQUIRING REVIEW,100.0% flagged records (Threshold: 10%); High claim denial/rejection rate of 100.0%
1875598348,PHARMACY_CLAIM,1,1,100.0,0,1,0,0,0,29.59,29.59,0.0,HIGH-RISK PROVIDER,PROVIDER REQUIRING REVIEW,100.0% flagged records (Threshold: 10%)
1605039700,PRIOR_AUTH,2,2,100.0,0,2,0,0,0,29.58,29.58,0.0,HIGH-RISK PROVIDER,PROVIDER REQUIRING REVIEW,100.0% flagged records (Threshold: 10%)
1750393682,MEDICAL_CLAIM,1,1,100.0,0,0,1,0,0,29.58,29.58,0.0,HIGH-RISK PROVIDER,PROVIDER REQUIRING REVIEW,100.0% flagged records (Threshold: 10%)
1136527549,PHARMACY_CLAIM,2,2,100.0,0,2,0,0,0,29.57,29.57,0.0,HIGH-RISK PROVIDER,PROVIDER REQUIRING REVIEW,100.0% flagged records (Threshold: 10%)
1810230089,PHARMACY_CLAIM,1,1,100.0,0,1,0,0,0,29.57,29.57,100.0,HIGH-RISK PROVIDER,PROVIDER REQUIRING REVIEW,100.0% flagged records (Threshold: 10%); High claim denial/rejection rate of 100.0%
1184256679,MEDICAL_CLAIM,2,2,100.0,0,0,2,0,0,29.56,31.62,0.0,HIGH-RISK PROVIDER,PROVIDER REQUIRING REVIEW,100.0% flagged records (Threshold: 10%)
1115553398,PHARMACY_CLAIM,1,1,100.0,0,1,0,0,0,29.56,29.56,0.0,HIGH-RISK PROVIDER,PROVIDER REQUIRING REVIEW,100.0% flagged records (Threshold: 10%)
1633537757,PHARMACY_CLAIM,1,1,100.0,0,1,0,0,0,29.56,29.56,100.0,HIGH-RISK PROVIDER,PROVIDER REQUIRING REVIEW,100.0% flagged records (Threshold: 10%); High claim denial/rejection rate of 100.0%
1564635047,PRIOR_AUTH,2,2,100.0,0,2,0,0,0,29.55,29.55,0.0,HIGH-RISK PROVIDER,PROVIDER REQUIRING REVIEW,100.0% flagged records (Threshold: 10%)
1074055412,PHARMACY_CLAIM,1,1,100.0,0,1,0,0,0,29.55,29.55,0.0,HIGH-RISK PROVIDER,PROVIDER REQUIRING REVIEW,100.0% flagged records (Threshold: 10%)
1719233497,PHARMACY_CLAIM,1,1,100.0,0,1,0,0,0,29.55,29.55,0.0,HIGH-RISK PROVIDER,PROVIDER REQUIRING REVIEW,100.0% flagged records (Threshold: 10%)
1864975599,PHARMACY_CLAIM,2,2,100.0,0,2,0,0,0,29.54,29.54,0.0,HIGH-RISK PROVIDER,PROVIDER REQUIRING REVIEW,100.0% flagged records (Threshold: 10%)
1013436260,MEDICAL_CLAIM,1,1,100.0,0,0,1,0,0,29.54,29.54,0.0,HIGH-RISK PROVIDER,PROVIDER REQUIRING REVIEW,100.0% flagged records (Threshold: 10%)
1282826724,PHARMACY_CLAIM,1,1,100.0,0,1,0,0,0,29.53,29.53,0.0,HIGH-RISK PROVIDER,PROVIDER REQUIRING REVIEW,100.0% flagged records (Threshold: 10%)
1689692246,MEDICAL_CLAIM,2,2,100.0,0,0,2,0,0,29.52,30.26,0.0,HIGH-RISK PROVIDER,PROVIDER REQUIRING REVIEW,100.0% flagged records (Threshold: 10%)
1014258290,PRIOR_AUTH,1,1,100.0,0,1,0,0,0,29.52,29.52,100.0,HIGH-RISK PROVIDER,PROVIDER REQUIRING REVIEW,100.0% flagged records (Threshold: 10%); High claim denial/rejection rate of 100.0%
1021611596,PHARMACY_CLAIM,1,1,100.0,0,1,0,0,0,29.52,29.52,100.0,HIGH-RISK PROVIDER,PROVIDER REQUIRING REVIEW,100.0% flagged records (Threshold: 10%); High claim denial/rejection rate of 100.0%
1694422847,PHARMACY_CLAIM,1,1,100.0,0,1,0,0,0,29.52,29.52,100.0,HIGH-RISK PROVIDER,PROVIDER REQUIRING REVIEW,100.0% flagged records (Threshold: 10%); High claim denial/rejection rate of 100.0%
1982635169,PHARMACY_CLAIM,1,1,100.0,0,1,0,0,0,29.51,29.51,100.0,HIGH-RISK PROVIDER,PROVIDER REQUIRING REVIEW,100.0% flagged records (Threshold: 10%); High claim denial/rejection rate of 100.0%
1455857239,PHARMACY_CLAIM,1,1,100.0,0,1,0,0,0,29.5,29.5,100.0,HIGH-RISK PROVIDER,PROVIDER REQUIRING REVIEW,100.0% flagged records (Threshold: 10%); High claim denial/rejection rate of 100.0%
1665601239,PRIOR_AUTH,1,1,100.0,0,1,0,0,0,29.5,29.5,100.0,HIGH-RISK PROVIDER,PROVIDER REQUIRING REVIEW,100.0% flagged records (Threshold: 10%); High claim denial/rejection rate of 100.0%
1703733981,PHARMACY_CLAIM,1,1,100.0,0,1,0,0,0,29.5,29.5,0.0,HIGH-RISK PROVIDER,PROVIDER REQUIRING REVIEW,100.0% flagged records (Threshold: 10%)
1982083564,MEDICAL_CLAIM,1,1,100.0,0,0,1,0,0,29.5,29.5,0.0,HIGH-RISK PROVIDER,PROVIDER REQUIRING REVIEW,100.0% flagged records (Threshold: 10%)
1723608062,PHARMACY_CLAIM,1,1,100.0,0,1,0,0,0,29.49,29.49,100.0,HIGH-RISK PROVIDER,PROVIDER REQUIRING REVIEW,100.0% flagged records (Threshold: 10%); High claim denial/rejection rate of 100.0%
1927104690,PHARMACY_CLAIM,1,1,100.0,0,1,0,0,0,29.49,29.49,100.0,HIGH-RISK PROVIDER,PROVIDER REQUIRING REVIEW,100.0% flagged records (Threshold: 10%); High claim denial/rejection rate of 100.0%
1967265298,PHARMACY_CLAIM,1,1,100.0,0,1,0,0,0,29.48,29.48,100.0,HIGH-RISK PROVIDER,PROVIDER REQUIRING REVIEW,100.0% flagged records (Threshold: 10%); High claim denial/rejection rate of 100.0%
1689141376,MEDICAL_CLAIM,2,2,100.0,0,0,2,0,0,29.47,33.51,0.0,HIGH-RISK PROVIDER,PROVIDER REQUIRING REVIEW,100.0% flagged records (Threshold: 10%)
1866525840,PHARMACY_CLAIM,2,2,100.0,0,2,0,0,0,29.47,29.47,100.0,HIGH-RISK PROVIDER,PROVIDER REQUIRING REVIEW,100.0% flagged records (Threshold: 10%); High claim denial/rejection rate of 100.0%
1205163540,MEDICAL_CLAIM,1,1,100.0,0,1,0,0,0,29.47,29.47,0.0,HIGH-RISK PROVIDER,PROVIDER REQUIRING REVIEW,100.0% flagged records (Threshold: 10%)
1857767521,PHARMACY_CLAIM,1,1,100.0,0,1,0,0,0,29.47,29.47,100.0,HIGH-RISK PROVIDER,PROVIDER REQUIRING REVIEW,100.0% flagged records (Threshold: 10%); High claim denial/rejection rate of 100.0%
1376701300,MEDICAL_CLAIM,1,1,100.0,0,0,1,0,0,29.46,29.46,0.0,HIGH-RISK PROVIDER,PROVIDER REQUIRING REVIEW,100.0% flagged records (Threshold: 10%)
1681870057,PHARMACY_CLAIM,1,1,100.0,0,1,0,0,0,29.44,29.44,0.0,HIGH-RISK PROVIDER,PROVIDER REQUIRING REVIEW,100.0% flagged records (Threshold: 10%)
1083860845,MEDICAL_CLAIM,3,3,100.0,0,0,3,0,0,29.43,34.28,0.0,HIGH-RISK PROVIDER,PROVIDER REQUIRING REVIEW,100.0% flagged records (Threshold: 10%)
1790896611,MEDICAL_CLAIM,1,1,100.0,0,0,1,0,0,29.43,29.43,0.0,HIGH-RISK PROVIDER,PROVIDER REQUIRING REVIEW,100.0% flagged records (Threshold: 10%)
1336637438,MEDICAL_CLAIM,3,3,100.0,0,0,3,0,0,29.42,32.02,0.0,HIGH-RISK PROVIDER,PROVIDER REQUIRING REVIEW,100.0% flagged records (Threshold: 10%)
1277925817,PHARMACY_CLAIM,1,1,100.0,0,1,0,0,0,29.42,29.42,0.0,HIGH-RISK PROVIDER,PROVIDER REQUIRING REVIEW,100.0% flagged records (Threshold: 10%)
1405264320,PHARMACY_CLAIM,1,1,100.0,0,1,0,0,0,29.42,29.42,0.0,HIGH-RISK PROVIDER,PROVIDER REQUIRING REVIEW,100.0% flagged records (Threshold: 10%)
1464756589,PRIOR_AUTH,1,1,100.0,0,1,0,0,0,29.41,29.41,100.0,HIGH-RISK PROVIDER,PROVIDER REQUIRING REVIEW,100.0% flagged records (Threshold: 10%); High claim denial/rejection rate of 100.0%
1385191122,PHARMACY_CLAIM,1,1,100.0,0,1,0,0,0,29.39,29.39,0.0,HIGH-RISK PROVIDER,PROVIDER REQUIRING REVIEW,100.0% flagged records (Threshold: 10%)
1411726312,PRIOR_AUTH,1,1,100.0,0,1,0,0,0,29.38,29.38,0.0,HIGH-RISK PROVIDER,PROVIDER REQUIRING REVIEW,100.0% flagged records (Threshold: 10%)
1669915864,MEDICAL_CLAIM,1,1,100.0,0,0,1,0,0,29.37,29.37,0.0,HIGH-RISK PROVIDER,PROVIDER REQUIRING REVIEW,100.0% flagged records (Threshold: 10%)
1484070951,PHARMACY_CLAIM,1,1,100.0,0,1,0,0,0,29.36,29.36,0.0,HIGH-RISK PROVIDER,PROVIDER REQUIRING REVIEW,100.0% flagged records (Threshold: 10%)
1245399468,MEDICAL_CLAIM,3,3,100.0,0,3,0,0,0,29.33,29.54,0.0,HIGH-RISK PROVIDER,PROVIDER REQUIRING REVIEW,100.0% flagged records (Threshold: 10%)
1366514887,MEDICAL_CLAIM,1,1,100.0,0,0,1,0,0,29.33,29.33,0.0,HIGH-RISK PROVIDER,PROVIDER REQUIRING REVIEW,100.0% flagged records (Threshold: 10%)
1197025987,PHARMACY_CLAIM,1,1,100.0,0,1,0,0,0,29.32,29.32,0.0,HIGH-RISK PROVIDER,PROVIDER REQUIRING REVIEW,100.0% flagged records (Threshold: 10%)
1154807584,MEDICAL_CLAIM,2,2,100.0,0,0,2,0,0,29.3,29.49,0.0,HIGH-RISK PROVIDER,PROVIDER REQUIRING REVIEW,100.0% flagged records (Threshold: 10%)
1951902403,PHARMACY_CLAIM,1,1,100.0,0,1,0,0,0,29.3,29.3,0.0,HIGH-RISK PROVIDER,PROVIDER REQUIRING REVIEW,100.0% flagged records (Threshold: 10%)
1780051136,MEDICAL_CLAIM,4,4,100.0,0,0,4,0,0,29.28,31.63,0.0,HIGH-RISK PROVIDER,PROVIDER REQUIRING REVIEW,100.0% flagged records (Threshold: 10%)
1694604085,PHARMACY_CLAIM,1,1,100.0,0,1,0,0,0,29.26,29.26,0.0,HIGH-RISK PROVIDER,PROVIDER REQUIRING REVIEW,100.0% flagged records (Threshold: 10%)
1427545375,MEDICAL_CLAIM,2,2,100.0,0,2,0,0,0,29.25,29.25,0.0,HIGH-RISK PROVIDER,PROVIDER REQUIRING REVIEW,100.0% flagged records (Threshold: 10%)
1538247762,MEDICAL_CLAIM,1,1,100.0,0,0,1,0,0,29.25,29.25,0.0,HIGH-RISK PROVIDER,PROVIDER REQUIRING REVIEW,100.0% flagged records (Threshold: 10%)
1129083403,PHARMACY_CLAIM,1,1,100.0,0,1,0,0,0,29.24,29.24,100.0,HIGH-RISK PROVIDER,PROVIDER REQUIRING REVIEW,100.0% flagged records (Threshold: 10%); High claim denial/rejection rate of 100.0%
1778687151,PHARMACY_CLAIM,1,1,100.0,0,1,0,0,0,29.24,29.24,0.0,HIGH-RISK PROVIDER,PROVIDER REQUIRING REVIEW,100.0% flagged records (Threshold: 10%)
1952332298,MEDICAL_CLAIM,1,1,100.0,0,0,1,0,0,29.24,29.24,0.0,HIGH-RISK PROVIDER,PROVIDER REQUIRING REVIEW,100.0% flagged records (Threshold: 10%)
1710136999,MEDICAL_CLAIM,3,3,100.0,0,0,3,0,0,29.23,29.86,0.0,HIGH-RISK PROVIDER,PROVIDER REQUIRING REVIEW,100.0% flagged records (Threshold: 10%)
1409569063,PHARMACY_CLAIM,1,1,100.0,0,1,0,0,0,29.23,29.23,0.0,HIGH-RISK PROVIDER,PROVIDER REQUIRING REVIEW,100.0% flagged records (Threshold: 10%)
1982658035,MEDICAL_CLAIM,1,1,100.0,0,0,1,0,0,29.23,29.23,0.0,HIGH-RISK PROVIDER,PROVIDER REQUIRING REVIEW,100.0% flagged records (Threshold: 10%)
1841200664,MEDICAL_CLAIM,3,3,100.0,0,3,0,0,0,29.22,29.58,0.0,HIGH-RISK PROVIDER,PROVIDER REQUIRING REVIEW,100.0% flagged records (Threshold: 10%)
1689628232,MEDICAL_CLAIM,2,2,100.0,0,0,2,0,0,29.21,29.24,0.0,HIGH-RISK PROVIDER,PROVIDER REQUIRING REVIEW,100.0% flagged records (Threshold: 10%)
1475393115,PRIOR_AUTH,1,1,100.0,0,1,0,0,0,29.2,29.2,0.0,HIGH-RISK PROVIDER,PROVIDER REQUIRING REVIEW,100.0% flagged records (Threshold: 10%)
1568748242,MEDICAL_CLAIM,1,1,100.0,0,0,1,0,0,29.2,29.2,0.0,HIGH-RISK PROVIDER,PROVIDER REQUIRING REVIEW,100.0% flagged records (Threshold: 10%)
1065235219,PHARMACY_CLAIM,1,1,100.0,0,1,0,0,0,29.18,29.18,0.0,HIGH-RISK PROVIDER,PROVIDER REQUIRING REVIEW,100.0% flagged records (Threshold: 10%)
1141773820,PHARMACY_CLAIM,1,1,100.0,0,1,0,0,0,29.18,29.18,0.0,HIGH-RISK PROVIDER,PROVIDER REQUIRING REVIEW,100.0% flagged records (Threshold: 10%)
1116215940,PHARMACY_CLAIM,1,1,100.0,0,1,0,0,0,29.17,29.17,0.0,HIGH-RISK PROVIDER,PROVIDER REQUIRING REVIEW,100.0% flagged records (Threshold: 10%)
1142011927,PRIOR_AUTH,1,1,100.0,0,1,0,0,0,29.16,29.16,100.0,HIGH-RISK PROVIDER,PROVIDER REQUIRING REVIEW,100.0% flagged records (Threshold: 10%); High claim denial/rejection rate of 100.0%
1342104018,PHARMACY_CLAIM,1,1,100.0,0,1,0,0,0,29.15,29.15,0.0,HIGH-RISK PROVIDER,PROVIDER REQUIRING REVIEW,100.0% flagged records (Threshold: 10%)
1588964399,MEDICAL_CLAIM,1,1,100.0,0,1,0,0,0,29.15,29.15,0.0,HIGH-RISK PROVIDER,PROVIDER REQUIRING REVIEW,100.0% flagged records (Threshold: 10%)
1871713495,MEDICAL_CLAIM,1,1,100.0,0,0,1,0,0,29.14,29.14,0.0,HIGH-RISK PROVIDER,PROVIDER REQUIRING REVIEW,100.0% flagged records (Threshold: 10%)
1922578202,MEDICAL_CLAIM,2,2,100.0,0,0,2,0,0,29.13,29.66,0.0,HIGH-RISK PROVIDER,PROVIDER REQUIRING REVIEW,100.0% flagged records (Threshold: 10%)
1336268234,MEDICAL_CLAIM,1,1,100.0,0,1,0,0,0,29.12,29.12,0.0,HIGH-RISK PROVIDER,PROVIDER REQUIRING REVIEW,100.0% flagged records (Threshold: 10%)
1072089632,PHARMACY_CLAIM,1,1,100.0,0,1,0,0,0,29.11,29.11,100.0,HIGH-RISK PROVIDER,PROVIDER REQUIRING REVIEW,100.0% flagged records (Threshold: 10%); High claim denial/rejection rate of 100.0%
1467785782,MEDICAL_CLAIM,4,4,100.0,0,1,3,0,0,29.1,31.62,0.0,HIGH-RISK PROVIDER,PROVIDER REQUIRING REVIEW,100.0% flagged records (Threshold: 10%)
1477119105,MEDICAL_CLAIM,3,3,100.0,0,0,3,0,0,29.1,30.81,0.0,HIGH-RISK PROVIDER,PROVIDER REQUIRING REVIEW,100.0% flagged records (Threshold: 10%)
1264493053,PHARMACY_CLAIM,1,1,100.0,0,1,0,0,0,29.09,29.09,0.0,HIGH-RISK PROVIDER,PROVIDER REQUIRING REVIEW,100.0% flagged records (Threshold: 10%)
1982662557,MEDICAL_CLAIM,6,6,100.0,0,0,6,0,0,29.07,31.0,0.0,HIGH-RISK PROVIDER,PROVIDER REQUIRING REVIEW,100.0% flagged records (Threshold: 10%)
1318609838,PHARMACY_CLAIM,1,1,100.0,0,1,0,0,0,29.07,29.07,0.0,HIGH-RISK PROVIDER,PROVIDER REQUIRING REVIEW,100.0% flagged records (Threshold: 10%)
1107029798,PHARMACY_CLAIM,1,1,100.0,0,1,0,0,0,29.06,29.06,0.0,HIGH-RISK PROVIDER,PROVIDER REQUIRING REVIEW,100.0% flagged records (Threshold: 10%)
1669644068,MEDICAL_CLAIM,2,2,100.0,0,0,2,0,0,29.04,31.19,0.0,HIGH-RISK PROVIDER,PROVIDER REQUIRING REVIEW,100.0% flagged records (Threshold: 10%)
1865440149,PHARMACY_CLAIM,1,1,100.0,0,1,0,0,0,29.04,29.04,0.0,HIGH-RISK PROVIDER,PROVIDER REQUIRING REVIEW,100.0% flagged records (Threshold: 10%)
1134532062,MEDICAL_CLAIM,2,2,100.0,0,0,2,0,0,29.03,29.33,0.0,HIGH-RISK PROVIDER,PROVIDER REQUIRING REVIEW,100.0% flagged records (Threshold: 10%)
1548393937,MEDICAL_CLAIM,1,1,100.0,0,0,1,0,0,29.03,29.03,0.0,HIGH-RISK PROVIDER,PROVIDER REQUIRING REVIEW,100.0% flagged records (Threshold: 10%)
1483479259,PHARMACY_CLAIM,1,1,100.0,0,1,0,0,0,29.02,29.02,0.0,HIGH-RISK PROVIDER,PROVIDER REQUIRING REVIEW,100.0% flagged records (Threshold: 10%)
1688068022,PHARMACY_CLAIM,1,1,100.0,0,1,0,0,0,29.0,29.0,0.0,HIGH-RISK PROVIDER,PROVIDER REQUIRING REVIEW,100.0% flagged records (Threshold: 10%)
1750838686,MEDICAL_CLAIM,6,6,100.0,0,0,6,0,0,28.99,30.73,0.0,HIGH-RISK PROVIDER,PROVIDER REQUIRING REVIEW,100.0% flagged records (Threshold: 10%)
1985678374,PHARMACY_CLAIM,1,1,100.0,0,1,0,0,0,28.98,28.98,0.0,HIGH-RISK PROVIDER,PROVIDER REQUIRING REVIEW,100.0% flagged records (Threshold: 10%)
1196123918,PHARMACY_CLAIM,2,2,100.0,0,2,0,0,0,28.97,28.97,0.0,HIGH-RISK PROVIDER,PROVIDER REQUIRING REVIEW,100.0% flagged records (Threshold: 10%)
1487124707,MEDICAL_CLAIM,1,1,100.0,0,0,1,0,0,28.97,28.97,0.0,HIGH-RISK PROVIDER,PROVIDER REQUIRING REVIEW,100.0% flagged records (Threshold: 10%)
1555747162,PRIOR_AUTH,1,1,100.0,0,1,0,0,0,28.96,28.96,0.0,HIGH-RISK PROVIDER,PROVIDER REQUIRING REVIEW,100.0% flagged records (Threshold: 10%)
1094162996,PHARMACY_CLAIM,1,1,100.0,0,1,0,0,0,28.94,28.94,0.0,HIGH-RISK PROVIDER,PROVIDER REQUIRING REVIEW,100.0% flagged records (Threshold: 10%)
1346895638,MEDICAL_CLAIM,1,1,100.0,0,0,1,0,0,28.93,28.93,0.0,HIGH-RISK PROVIDER,PROVIDER REQUIRING REVIEW,100.0% flagged records (Threshold: 10%)
1989107479,PHARMACY_CLAIM,1,1,100.0,0,1,0,0,0,28.92,28.92,0.0,HIGH-RISK PROVIDER,PROVIDER REQUIRING REVIEW,100.0% flagged records (Threshold: 10%)
1376546143,MEDICAL_CLAIM,1,1,100.0,0,0,1,0,0,28.91,28.91,0.0,HIGH-RISK PROVIDER,PROVIDER REQUIRING REVIEW,100.0% flagged records (Threshold: 10%)
1295148065,PHARMACY_CLAIM,1,1,100.0,0,1,0,0,0,28.9,28.9,0.0,HIGH-RISK PROVIDER,PROVIDER REQUIRING REVIEW,100.0% flagged records (Threshold: 10%)
1760220382,PHARMACY_CLAIM,1,1,100.0,0,1,0,0,0,28.9,28.9,0.0,HIGH-RISK PROVIDER,PROVIDER REQUIRING REVIEW,100.0% flagged records (Threshold: 10%)
1891709192,MEDICAL_CLAIM,1,1,100.0,0,0,1,0,0,28.9,28.9,0.0,HIGH-RISK PROVIDER,PROVIDER REQUIRING REVIEW,100.0% flagged records (Threshold: 10%)
1032051449,PHARMACY_CLAIM,1,1,100.0,0,1,0,0,0,28.89,28.89,0.0,HIGH-RISK PROVIDER,PROVIDER REQUIRING REVIEW,100.0% flagged records (Threshold: 10%)
1812151855,PHARMACY_CLAIM,1,1,100.0,0,1,0,0,0,28.89,28.89,100.0,HIGH-RISK PROVIDER,PROVIDER REQUIRING REVIEW,100.0% flagged records (Threshold: 10%); High claim denial/rejection rate of 100.0%
1862397240,PHARMACY_CLAIM,2,2,100.0,0,2,0,0,0,28.87,28.87,0.0,HIGH-RISK PROVIDER,PROVIDER REQUIRING REVIEW,100.0% flagged records (Threshold: 10%)
1679535637,MEDICAL_CLAIM,1,1,100.0,0,0,1,0,0,28.87,28.87,0.0,HIGH-RISK PROVIDER,PROVIDER REQUIRING REVIEW,100.0% flagged records (Threshold: 10%)
1789897148,PRIOR_AUTH,1,1,100.0,0,1,0,0,0,28.87,28.87,0.0,HIGH-RISK PROVIDER,PROVIDER REQUIRING REVIEW,100.0% flagged records (Threshold: 10%)
1311382571,PRIOR_AUTH,1,1,100.0,0,1,0,0,0,28.86,28.86,0.0,HIGH-RISK PROVIDER,PROVIDER REQUIRING REVIEW,100.0% flagged records (Threshold: 10%)
1388281026,PHARMACY_CLAIM,1,1,100.0,0,1,0,0,0,28.84,28.84,100.0,HIGH-RISK PROVIDER,PROVIDER REQUIRING REVIEW,100.0% flagged records (Threshold: 10%); High claim denial/rejection rate of 100.0%
1487280384,MEDICAL_CLAIM,1,1,100.0,0,1,0,0,0,28.84,28.84,0.0,HIGH-RISK PROVIDER,PROVIDER REQUIRING REVIEW,100.0% flagged records (Threshold: 10%)
1477509859,MEDICAL_CLAIM,2,2,100.0,0,0,2,0,0,28.82,31.51,0.0,HIGH-RISK PROVIDER,PROVIDER REQUIRING REVIEW,100.0% flagged records (Threshold: 10%)
1484571542,PHARMACY_CLAIM,1,1,100.0,0,1,0,0,0,28.82,28.82,100.0,HIGH-RISK PROVIDER,PROVIDER REQUIRING REVIEW,100.0% flagged records (Threshold: 10%); High claim denial/rejection rate of 100.0%
1165916769,PHARMACY_CLAIM,1,1,100.0,0,1,0,0,0,28.8,28.8,0.0,HIGH-RISK PROVIDER,PROVIDER REQUIRING REVIEW,100.0% flagged records (Threshold: 10%)
1023663879,MEDICAL_CLAIM,2,2,100.0,0,0,2,0,0,28.79,30.87,0.0,HIGH-RISK PROVIDER,PROVIDER REQUIRING REVIEW,100.0% flagged records (Threshold: 10%)
1769192778,PRIOR_AUTH,1,1,100.0,0,1,0,0,0,28.79,28.79,0.0,HIGH-RISK PROVIDER,PROVIDER REQUIRING REVIEW,100.0% flagged records (Threshold: 10%)
1730488818,MEDICAL_CLAIM,1,1,100.0,0,0,1,0,0,28.76,28.76,0.0,HIGH-RISK PROVIDER,PROVIDER REQUIRING REVIEW,100.0% flagged records (Threshold: 10%)
1912460619,PRIOR_AUTH,2,2,100.0,0,2,0,0,0,28.75,28.75,0.0,HIGH-RISK PROVIDER,PROVIDER REQUIRING REVIEW,100.0% flagged records (Threshold: 10%)
1260148909,PHARMACY_CLAIM,1,1,100.0,0,1,0,0,0,28.74,28.74,0.0,HIGH-RISK PROVIDER,PROVIDER REQUIRING REVIEW,100.0% flagged records (Threshold: 10%)
1760836977,MEDICAL_CLAIM,1,1,100.0,0,0,1,0,0,28.73,28.73,0.0,HIGH-RISK PROVIDER,PROVIDER REQUIRING REVIEW,100.0% flagged records (Threshold: 10%)
1902812563,MEDICAL_CLAIM,1,1,100.0,0,0,1,0,0,28.73,28.73,0.0,HIGH-RISK PROVIDER,PROVIDER REQUIRING REVIEW,100.0% flagged records (Threshold: 10%)
1503313631,PHARMACY_CLAIM,1,1,100.0,0,1,0,0,0,28.72,28.72,100.0,HIGH-RISK PROVIDER,PROVIDER REQUIRING REVIEW,100.0% flagged records (Threshold: 10%); High claim denial/rejection rate of 100.0%
1792918329,PHARMACY_CLAIM,1,1,100.0,0,1,0,0,0,28.72,28.72,100.0,HIGH-RISK PROVIDER,PROVIDER REQUIRING REVIEW,100.0% flagged records (Threshold: 10%); High claim denial/rejection rate of 100.0%
1457772402,MEDICAL_CLAIM,2,2,100.0,0,2,0,0,0,28.71,28.89,0.0,HIGH-RISK PROVIDER,PROVIDER REQUIRING REVIEW,100.0% flagged records (Threshold: 10%)
1615432747,PHARMACY_CLAIM,1,1,100.0,0,1,0,0,0,28.71,28.71,0.0,HIGH-RISK PROVIDER,PROVIDER REQUIRING REVIEW,100.0% flagged records (Threshold: 10%)
1225282056,MEDICAL_CLAIM,4,4,100.0,0,0,4,0,0,28.7,30.05,0.0,HIGH-RISK PROVIDER,PROVIDER REQUIRING REVIEW,100.0% flagged records (Threshold: 10%)
1699288449,MEDICAL_CLAIM,2,2,100.0,0,0,3,0,0,28.7,30.75,0.0,HIGH-RISK PROVIDER,PROVIDER REQUIRING REVIEW,100.0% flagged records (Threshold: 10%)
1538110556,MEDICAL_CLAIM,1,1,100.0,0,0,1,0,0,28.7,28.7,0.0,HIGH-RISK PROVIDER,PROVIDER REQUIRING REVIEW,100.0% flagged records (Threshold: 10%)
1104917780,MEDICAL_CLAIM,2,2,100.0,0,0,2,0,0,28.69,29.56,0.0,HIGH-RISK PROVIDER,PROVIDER REQUIRING REVIEW,100.0% flagged records (Threshold: 10%)
1366531618,MEDICAL_CLAIM,1,1,100.0,0,1,0,0,0,28.69,28.69,0.0,HIGH-RISK PROVIDER,PROVIDER REQUIRING REVIEW,100.0% flagged records (Threshold: 10%)
1892739444,PRIOR_AUTH,1,1,100.0,0,1,0,0,0,28.69,28.69,0.0,HIGH-RISK PROVIDER,PROVIDER REQUIRING REVIEW,100.0% flagged records (Threshold: 10%)
1147978924,PRIOR_AUTH,1,1,100.0,0,1,0,0,0,28.68,28.68,0.0,HIGH-RISK PROVIDER,PROVIDER REQUIRING REVIEW,100.0% flagged records (Threshold: 10%)
1531846324,PHARMACY_CLAIM,1,1,100.0,0,1,0,0,0,28.68,28.68,100.0,HIGH-RISK PROVIDER,PROVIDER REQUIRING REVIEW,100.0% flagged records (Threshold: 10%); High claim denial/rejection rate of 100.0%
1277503574,PHARMACY_CLAIM,1,1,100.0,0,1,0,0,0,28.67,28.67,0.0,HIGH-RISK PROVIDER,PROVIDER REQUIRING REVIEW,100.0% flagged records (Threshold: 10%)
1770865644,MEDICAL_CLAIM,1,1,100.0,0,0,1,0,0,28.65,28.65,0.0,HIGH-RISK PROVIDER,PROVIDER REQUIRING REVIEW,100.0% flagged records (Threshold: 10%)
1596100110,PHARMACY_CLAIM,1,1,100.0,0,1,0,0,0,28.64,28.64,100.0,HIGH-RISK PROVIDER,PROVIDER REQUIRING REVIEW,100.0% flagged records (Threshold: 10%); High claim denial/rejection rate of 100.0%
1815381641,PRIOR_AUTH,1,1,100.0,0,1,0,0,0,28.61,28.61,0.0,HIGH-RISK PROVIDER,PROVIDER REQUIRING REVIEW,100.0% flagged records (Threshold: 10%)
1871868703,MEDICAL_CLAIM,2,2,100.0,0,0,2,0,0,28.59,29.95,0.0,HIGH-RISK PROVIDER,PROVIDER REQUIRING REVIEW,100.0% flagged records (Threshold: 10%)
1205444049,MEDICAL_CLAIM,1,1,100.0,0,0,1,0,0,28.59,28.59,0.0,HIGH-RISK PROVIDER,PROVIDER REQUIRING REVIEW,100.0% flagged records (Threshold: 10%)
1481202774,PHARMACY_CLAIM,1,1,100.0,0,1,0,0,0,28.58,28.58,0.0,HIGH-RISK PROVIDER,PROVIDER REQUIRING REVIEW,100.0% flagged records (Threshold: 10%)
1881641629,MEDICAL_CLAIM,8,8,100.0,0,0,8,0,0,28.57,29.52,0.0,HIGH-RISK PROVIDER,PROVIDER REQUIRING REVIEW,100.0% flagged records (Threshold: 10%)
1224754028,PHARMACY_CLAIM,1,1,100.0,0,1,0,0,0,28.57,28.57,0.0,HIGH-RISK PROVIDER,PROVIDER REQUIRING REVIEW,100.0% flagged records (Threshold: 10%)
1182344133,PHARMACY_CLAIM,1,1,100.0,0,1,0,0,0,28.56,28.56,0.0,HIGH-RISK PROVIDER,PROVIDER REQUIRING REVIEW,100.0% flagged records (Threshold: 10%)
1275715286,MEDICAL_CLAIM,2,2,100.0,0,0,2,0,0,28.55,28.55,0.0,HIGH-RISK PROVIDER,PROVIDER REQUIRING REVIEW,100.0% flagged records (Threshold: 10%)
1508375510,MEDICAL_CLAIM,1,1,100.0,0,0,1,0,0,28.55,28.55,0.0,HIGH-RISK PROVIDER,PROVIDER REQUIRING REVIEW,100.0% flagged records (Threshold: 10%)
1912923285,MEDICAL_CLAIM,1,1,100.0,0,0,1,0,0,28.54,28.54,0.0,HIGH-RISK PROVIDER,PROVIDER REQUIRING REVIEW,100.0% flagged records (Threshold: 10%)
1659371870,MEDICAL_CLAIM,13,13,100.0,0,0,14,0,0,28.53,31.44,0.0,HIGH-RISK PROVIDER,PROVIDER REQUIRING REVIEW,100.0% flagged records (Threshold: 10%)
1813375333,PHARMACY_CLAIM,1,1,100.0,0,1,0,0,0,28.52,28.52,0.0,HIGH-RISK PROVIDER,PROVIDER REQUIRING REVIEW,100.0% flagged records (Threshold: 10%)
1970786776,PHARMACY_CLAIM,1,1,100.0,0,1,0,0,0,28.52,28.52,0.0,HIGH-RISK PROVIDER,PROVIDER REQUIRING REVIEW,100.0% flagged records (Threshold: 10%)
1962882191,MEDICAL_CLAIM,1,1,100.0,0,1,0,0,0,28.51,28.51,0.0,HIGH-RISK PROVIDER,PROVIDER REQUIRING REVIEW,100.0% flagged records (Threshold: 10%)
1386777266,MEDICAL_CLAIM,2,2,100.0,0,0,2,0,0,28.5,30.81,0.0,HIGH-RISK PROVIDER,PROVIDER REQUIRING REVIEW,100.0% flagged records (Threshold: 10%)
1120939662,PHARMACY_CLAIM,1,1,100.0,0,1,0,0,0,28.49,28.49,0.0,HIGH-RISK PROVIDER,PROVIDER REQUIRING REVIEW,100.0% flagged records (Threshold: 10%)
1635759623,PHARMACY_CLAIM,1,1,100.0,0,1,0,0,0,28.49,28.49,0.0,HIGH-RISK PROVIDER,PROVIDER REQUIRING REVIEW,100.0% flagged records (Threshold: 10%)
1592227338,PHARMACY_CLAIM,1,1,100.0,0,1,0,0,0,28.48,28.48,0.0,HIGH-RISK PROVIDER,PROVIDER REQUIRING REVIEW,100.0% flagged records (Threshold: 10%)
1982783692,MEDICAL_CLAIM,1,1,100.0,0,0,1,0,0,28.45,28.45,0.0,HIGH-RISK PROVIDER,PROVIDER REQUIRING REVIEW,100.0% flagged records (Threshold: 10%)
1658976844,PHARMACY_CLAIM,2,2,100.0,0,2,0,0,0,28.44,28.44,100.0,HIGH-RISK PROVIDER,PROVIDER REQUIRING REVIEW,100.0% flagged records (Threshold: 10%); High claim denial/rejection rate of 100.0%
1270666360,PHARMACY_CLAIM,1,1,100.0,0,1,0,0,0,28.43,28.43,0.0,HIGH-RISK PROVIDER,PROVIDER REQUIRING REVIEW,100.0% flagged records (Threshold: 10%)
1861711301,MEDICAL_CLAIM,1,1,100.0,0,0,1,0,0,28.43,28.43,0.0,HIGH-RISK PROVIDER,PROVIDER REQUIRING REVIEW,100.0% flagged records (Threshold: 10%)
1115180225,PHARMACY_CLAIM,1,1,100.0,0,1,0,0,0,28.42,28.42,0.0,HIGH-RISK PROVIDER,PROVIDER REQUIRING REVIEW,100.0% flagged records (Threshold: 10%)
1173623631,PHARMACY_CLAIM,1,1,100.0,0,1,0,0,0,28.41,28.41,0.0,HIGH-RISK PROVIDER,PROVIDER REQUIRING REVIEW,100.0% flagged records (Threshold: 10%)
1805391323,PHARMACY_CLAIM,1,1,100.0,0,1,0,0,0,28.4,28.4,0.0,HIGH-RISK PROVIDER,PROVIDER REQUIRING REVIEW,100.0% flagged records (Threshold: 10%)
1535352206,PHARMACY_CLAIM,1,1,100.0,0,1,0,0,0,28.38,28.38,0.0,HIGH-RISK PROVIDER,PROVIDER REQUIRING REVIEW,100.0% flagged records (Threshold: 10%)
1217277992,PHARMACY_CLAIM,1,1,100.0,0,1,0,0,0,28.37,28.37,0.0,HIGH-RISK PROVIDER,PROVIDER REQUIRING REVIEW,100.0% flagged records (Threshold: 10%)
1437122843,MEDICAL_CLAIM,1,1,100.0,0,0,1,0,0,28.36,28.36,0.0,HIGH-RISK PROVIDER,PROVIDER REQUIRING REVIEW,100.0% flagged records (Threshold: 10%)
1511121021,PHARMACY_CLAIM,1,1,100.0,0,1,0,0,0,28.36,28.36,0.0,HIGH-RISK PROVIDER,PROVIDER REQUIRING REVIEW,100.0% flagged records (Threshold: 10%)
1710465190,MEDICAL_CLAIM,4,4,100.0,0,0,4,0,0,28.35,30.91,0.0,HIGH-RISK PROVIDER,PROVIDER REQUIRING REVIEW,100.0% flagged records (Threshold: 10%)
1780155200,MEDICAL_CLAIM,1,1,100.0,0,0,1,0,0,28.35,28.35,0.0,HIGH-RISK PROVIDER,PROVIDER REQUIRING REVIEW,100.0% flagged records (Threshold: 10%)
1834091109,PHARMACY_CLAIM,1,1,100.0,0,1,0,0,0,28.35,28.35,100.0,HIGH-RISK PROVIDER,PROVIDER REQUIRING REVIEW,100.0% flagged records (Threshold: 10%); High claim denial/rejection rate of 100.0%
1891835351,MEDICAL_CLAIM,1,1,100.0,0,1,0,0,0,28.35,28.35,0.0,HIGH-RISK PROVIDER,PROVIDER REQUIRING REVIEW,100.0% flagged records (Threshold: 10%)
1093387524,MEDICAL_CLAIM,1,1,100.0,0,1,0,0,0,28.34,28.34,0.0,HIGH-RISK PROVIDER,PROVIDER REQUIRING REVIEW,100.0% flagged records (Threshold: 10%)
1509925509,PHARMACY_CLAIM,1,1,100.0,0,1,0,0,0,28.33,28.33,100.0,HIGH-RISK PROVIDER,PROVIDER REQUIRING REVIEW,100.0% flagged records (Threshold: 10%); High claim denial/rejection rate of 100.0%
1831555358,MEDICAL_CLAIM,2,2,100.0,0,0,2,0,0,28.31,30.88,0.0,HIGH-RISK PROVIDER,PROVIDER REQUIRING REVIEW,100.0% flagged records (Threshold: 10%)
1891395620,MEDICAL_CLAIM,2,2,100.0,0,2,0,0,0,28.3,28.7,0.0,HIGH-RISK PROVIDER,PROVIDER REQUIRING REVIEW,100.0% flagged records (Threshold: 10%)
1154368553,MEDICAL_CLAIM,1,1,100.0,0,0,1,0,0,28.3,28.3,0.0,HIGH-RISK PROVIDER,PROVIDER REQUIRING REVIEW,100.0% flagged records (Threshold: 10%)
1850859725,PHARMACY_CLAIM,1,1,100.0,0,1,0,0,0,28.3,28.3,0.0,HIGH-RISK PROVIDER,PROVIDER REQUIRING REVIEW,100.0% flagged records (Threshold: 10%)
1396037230,MEDICAL_CLAIM,3,3,100.0,0,0,3,0,0,28.29,29.07,0.0,HIGH-RISK PROVIDER,PROVIDER REQUIRING REVIEW,100.0% flagged records (Threshold: 10%)
1048069975,PHARMACY_CLAIM,2,2,100.0,0,2,0,0,0,28.29,28.29,0.0,HIGH-RISK PROVIDER,PROVIDER REQUIRING REVIEW,100.0% flagged records (Threshold: 10%)
1891227179,MEDICAL_CLAIM,3,3,100.0,0,0,3,0,0,28.28,33.86,0.0,HIGH-RISK PROVIDER,PROVIDER REQUIRING REVIEW,100.0% flagged records (Threshold: 10%)
1306377643,MEDICAL_CLAIM,1,1,100.0,0,1,0,0,0,28.28,28.28,0.0,HIGH-RISK PROVIDER,PROVIDER REQUIRING REVIEW,100.0% flagged records (Threshold: 10%)
1770696643,MEDICAL_CLAIM,1,1,100.0,0,0,1,0,0,28.26,28.26,0.0,HIGH-RISK PROVIDER,PROVIDER REQUIRING REVIEW,100.0% flagged records (Threshold: 10%)
1962997569,MEDICAL_CLAIM,1,1,100.0,0,0,1,0,0,28.26,28.26,0.0,HIGH-RISK PROVIDER,PROVIDER REQUIRING REVIEW,100.0% flagged records (Threshold: 10%)
1063411874,MEDICAL_CLAIM,1,1,100.0,0,0,1,0,0,28.24,28.24,0.0,HIGH-RISK PROVIDER,PROVIDER REQUIRING REVIEW,100.0% flagged records (Threshold: 10%)
1548538010,MEDICAL_CLAIM,2,2,100.0,0,0,2,0,0,28.23,28.29,0.0,HIGH-RISK PROVIDER,PROVIDER REQUIRING REVIEW,100.0% flagged records (Threshold: 10%)
1700936440,MEDICAL_CLAIM,1,1,100.0,0,0,1,0,0,28.23,28.23,0.0,HIGH-RISK PROVIDER,PROVIDER REQUIRING REVIEW,100.0% flagged records (Threshold: 10%)
1760499545,MEDICAL_CLAIM,1,1,100.0,0,0,1,0,0,28.22,28.22,0.0,HIGH-RISK PROVIDER,PROVIDER REQUIRING REVIEW,100.0% flagged records (Threshold: 10%)
1962473306,MEDICAL_CLAIM,2,2,100.0,0,0,2,0,0,28.21,29.38,0.0,HIGH-RISK PROVIDER,PROVIDER REQUIRING REVIEW,100.0% flagged records (Threshold: 10%)
1083953442,MEDICAL_CLAIM,5,5,100.0,0,2,3,0,0,28.2,29.13,0.0,HIGH-RISK PROVIDER,PROVIDER REQUIRING REVIEW,100.0% flagged records (Threshold: 10%)
1324764136,PHARMACY_CLAIM,1,1,100.0,0,1,0,0,0,28.17,28.17,0.0,HIGH-RISK PROVIDER,PROVIDER REQUIRING REVIEW,100.0% flagged records (Threshold: 10%)
1516576338,PHARMACY_CLAIM,1,1,100.0,0,1,0,0,0,28.17,28.17,0.0,HIGH-RISK PROVIDER,PROVIDER REQUIRING REVIEW,100.0% flagged records (Threshold: 10%)
1517070400,PHARMACY_CLAIM,1,1,100.0,0,1,0,0,0,28.17,28.17,0.0,HIGH-RISK PROVIDER,PROVIDER REQUIRING REVIEW,100.0% flagged records (Threshold: 10%)
1043307580,MEDICAL_CLAIM,2,2,100.0,0,0,2,0,0,28.16,29.33,0.0,HIGH-RISK PROVIDER,PROVIDER REQUIRING REVIEW,100.0% flagged records (Threshold: 10%)
1906295304,PRIOR_AUTH,1,1,100.0,0,1,0,0,0,28.16,28.16,0.0,HIGH-RISK PROVIDER,PROVIDER REQUIRING REVIEW,100.0% flagged records (Threshold: 10%)
1194919993,MEDICAL_CLAIM,2,2,100.0,0,0,3,0,0,28.14,30.75,0.0,HIGH-RISK PROVIDER,PROVIDER REQUIRING REVIEW,100.0% flagged records (Threshold: 10%)
1174031256,MEDICAL_CLAIM,1,1,100.0,0,1,0,0,0,28.12,28.12,0.0,HIGH-RISK PROVIDER,PROVIDER REQUIRING REVIEW,100.0% flagged records (Threshold: 10%)
1205896719,MEDICAL_CLAIM,3,3,100.0,0,0,3,0,0,28.11,29.56,0.0,HIGH-RISK PROVIDER,PROVIDER REQUIRING REVIEW,100.0% flagged records (Threshold: 10%)
1167285725,PHARMACY_CLAIM,1,1,100.0,0,1,0,0,0,28.11,28.11,0.0,HIGH-RISK PROVIDER,PROVIDER REQUIRING REVIEW,100.0% flagged records (Threshold: 10%)
1053311373,MEDICAL_CLAIM,1,1,100.0,0,0,1,0,0,28.1,28.1,0.0,HIGH-RISK PROVIDER,PROVIDER REQUIRING REVIEW,100.0% flagged records (Threshold: 10%)
1235123993,MEDICAL_CLAIM,1,1,100.0,0,0,1,0,0,28.09,28.09,0.0,HIGH-RISK PROVIDER,PROVIDER REQUIRING REVIEW,100.0% flagged records (Threshold: 10%)
1366882573,MEDICAL_CLAIM,1,1,100.0,0,0,1,0,0,28.09,28.09,0.0,HIGH-RISK PROVIDER,PROVIDER REQUIRING REVIEW,100.0% flagged records (Threshold: 10%)
1640394562,PHARMACY_CLAIM,1,1,100.0,0,1,0,0,0,28.09,28.09,0.0,HIGH-RISK PROVIDER,PROVIDER REQUIRING REVIEW,100.0% flagged records (Threshold: 10%)
1944976748,PHARMACY_CLAIM,1,1,100.0,0,1,0,0,0,28.08,28.08,0.0,HIGH-RISK PROVIDER,PROVIDER REQUIRING REVIEW,100.0% flagged records (Threshold: 10%)
1932416195,MEDICAL_CLAIM,2,2,100.0,0,0,2,0,0,28.07,28.07,0.0,HIGH-RISK PROVIDER,PROVIDER REQUIRING REVIEW,100.0% flagged records (Threshold: 10%)
1586727082,PRIOR_AUTH,1,1,100.0,0,1,0,0,0,28.07,28.07,0.0,HIGH-RISK PROVIDER,PROVIDER REQUIRING REVIEW,100.0% flagged records (Threshold: 10%)
1417519000,MEDICAL_CLAIM,1,1,100.0,0,0,1,0,0,28.06,28.06,0.0,HIGH-RISK PROVIDER,PROVIDER REQUIRING REVIEW,100.0% flagged records (Threshold: 10%)
1518528579,MEDICAL_CLAIM,2,2,100.0,0,0,2,0,0,28.05,28.76,0.0,HIGH-RISK PROVIDER,PROVIDER REQUIRING REVIEW,100.0% flagged records (Threshold: 10%)
1006791202,PRIOR_AUTH,1,1,100.0,0,1,0,0,0,28.05,28.05,0.0,HIGH-RISK PROVIDER,PROVIDER REQUIRING REVIEW,100.0% flagged records (Threshold: 10%)
1135439941,PHARMACY_CLAIM,1,1,100.0,0,1,0,0,0,28.05,28.05,100.0,HIGH-RISK PROVIDER,PROVIDER REQUIRING REVIEW,100.0% flagged records (Threshold: 10%); High claim denial/rejection rate of 100.0%
1508360413,MEDICAL_CLAIM,1,1,100.0,0,0,1,0,0,28.04,28.04,0.0,HIGH-RISK PROVIDER,PROVIDER REQUIRING REVIEW,100.0% flagged records (Threshold: 10%)
1347424171,PHARMACY_CLAIM,1,1,100.0,0,1,0,0,0,28.03,28.03,100.0,HIGH-RISK PROVIDER,PROVIDER REQUIRING REVIEW,100.0% flagged records (Threshold: 10%); High claim denial/rejection rate of 100.0%
1710443890,MEDICAL_CLAIM,1,1,100.0,0,0,1,0,0,28.03,28.03,0.0,HIGH-RISK PROVIDER,PROVIDER REQUIRING REVIEW,100.0% flagged records (Threshold: 10%)
1316902414,MEDICAL_CLAIM,1,1,100.0,0,0,1,0,0,28.01,28.01,0.0,HIGH-RISK PROVIDER,PROVIDER REQUIRING REVIEW,100.0% flagged records (Threshold: 10%)
1538108725,MEDICAL_CLAIM,1,1,100.0,0,0,1,0,0,28.01,28.01,0.0,HIGH-RISK PROVIDER,PROVIDER REQUIRING REVIEW,100.0% flagged records (Threshold: 10%)
1235588625,MEDICAL_CLAIM,4,4,100.0,0,0,4,0,0,28.0,30.42,0.0,HIGH-RISK PROVIDER,PROVIDER REQUIRING REVIEW,100.0% flagged records (Threshold: 10%)
1336382944,MEDICAL_CLAIM,4,4,100.0,0,0,4,0,0,28.0,29.34,0.0,HIGH-RISK PROVIDER,PROVIDER REQUIRING REVIEW,100.0% flagged records (Threshold: 10%)
1174630693,MEDICAL_CLAIM,1,1,100.0,0,0,1,0,0,28.0,28.0,0.0,HIGH-RISK PROVIDER,PROVIDER REQUIRING REVIEW,100.0% flagged records (Threshold: 10%)
1328232583,PRIOR_AUTH,1,1,100.0,0,1,0,0,0,28.0,28.0,0.0,HIGH-RISK PROVIDER,PROVIDER REQUIRING REVIEW,100.0% flagged records (Threshold: 10%)
1629499751,MEDICAL_CLAIM,3,3,100.0,0,0,3,0,0,27.99,28.28,0.0,HIGH-RISK PROVIDER,PROVIDER REQUIRING REVIEW,100.0% flagged records (Threshold: 10%)
1994109156,PHARMACY_CLAIM,1,1,100.0,0,1,0,0,0,27.98,27.98,0.0,HIGH-RISK PROVIDER,PROVIDER REQUIRING REVIEW,100.0% flagged records (Threshold: 10%)
1750992459,MEDICAL_CLAIM,1,1,100.0,0,0,1,0,0,27.97,27.97,0.0,HIGH-RISK PROVIDER,PROVIDER REQUIRING REVIEW,100.0% flagged records (Threshold: 10%)
1327310500,PHARMACY_CLAIM,1,1,100.0,0,1,0,0,0,27.96,27.96,100.0,HIGH-RISK PROVIDER,PROVIDER REQUIRING REVIEW,100.0% flagged records (Threshold: 10%); High claim denial/rejection rate of 100.0%
1679822993,MEDICAL_CLAIM,1,1,100.0,0,0,1,0,0,27.96,27.96,0.0,HIGH-RISK PROVIDER,PROVIDER REQUIRING REVIEW,100.0% flagged records (Threshold: 10%)
1841298999,MEDICAL_CLAIM,1,1,100.0,0,0,1,0,0,27.96,27.96,0.0,HIGH-RISK PROVIDER,PROVIDER REQUIRING REVIEW,100.0% flagged records (Threshold: 10%)
1477188217,MEDICAL_CLAIM,2,2,100.0,0,0,2,0,0,27.91,28.4,0.0,HIGH-RISK PROVIDER,PROVIDER REQUIRING REVIEW,100.0% flagged records (Threshold: 10%)
1821309089,MEDICAL_CLAIM,1,1,100.0,0,0,1,0,0,27.9,27.9,0.0,HIGH-RISK PROVIDER,PROVIDER REQUIRING REVIEW,100.0% flagged records (Threshold: 10%)
1629556527,MEDICAL_CLAIM,2,2,100.0,0,0,2,0,0,27.89,28.52,0.0,HIGH-RISK PROVIDER,PROVIDER REQUIRING REVIEW,100.0% flagged records (Threshold: 10%)
1982961439,MEDICAL_CLAIM,2,2,100.0,0,0,2,0,0,27.87,28.11,0.0,HIGH-RISK PROVIDER,PROVIDER REQUIRING REVIEW,100.0% flagged records (Threshold: 10%)
1376586578,MEDICAL_CLAIM,1,1,100.0,0,0,1,0,0,27.86,27.86,0.0,HIGH-RISK PROVIDER,PROVIDER REQUIRING REVIEW,100.0% flagged records (Threshold: 10%)
1609928134,MEDICAL_CLAIM,2,2,100.0,0,0,2,0,0,27.84,29.86,0.0,HIGH-RISK PROVIDER,PROVIDER REQUIRING REVIEW,100.0% flagged records (Threshold: 10%)
1170545426,PHARMACY_CLAIM,1,1,100.0,0,1,0,0,0,27.81,27.81,0.0,HIGH-RISK PROVIDER,PROVIDER REQUIRING REVIEW,100.0% flagged records (Threshold: 10%)
1770531600,MEDICAL_CLAIM,1,1,100.0,0,0,1,0,0,27.81,27.81,0.0,HIGH-RISK PROVIDER,PROVIDER REQUIRING REVIEW,100.0% flagged records (Threshold: 10%)
1265897532,MEDICAL_CLAIM,1,1,100.0,0,0,1,0,0,27.79,27.79,0.0,HIGH-RISK PROVIDER,PROVIDER REQUIRING REVIEW,100.0% flagged records (Threshold: 10%)
1568440287,MEDICAL_CLAIM,2,2,100.0,0,0,2,0,0,27.78,28.69,0.0,HIGH-RISK PROVIDER,PROVIDER REQUIRING REVIEW,100.0% flagged records (Threshold: 10%)
1083959472,MEDICAL_CLAIM,1,1,100.0,0,0,1,0,0,27.78,27.78,0.0,HIGH-RISK PROVIDER,PROVIDER REQUIRING REVIEW,100.0% flagged records (Threshold: 10%)
1520031287,PRIOR_AUTH,1,1,100.0,0,1,0,0,0,27.77,27.77,0.0,HIGH-RISK PROVIDER,PROVIDER REQUIRING REVIEW,100.0% flagged records (Threshold: 10%)
1414045231,PRIOR_AUTH,2,2,100.0,0,2,0,0,0,27.76,27.76,0.0,HIGH-RISK PROVIDER,PROVIDER REQUIRING REVIEW,100.0% flagged records (Threshold: 10%)
1861402869,MEDICAL_CLAIM,2,2,100.0,0,0,2,0,0,27.76,28.18,0.0,HIGH-RISK PROVIDER,PROVIDER REQUIRING REVIEW,100.0% flagged records (Threshold: 10%)
1275574931,MEDICAL_CLAIM,8,8,100.0,0,0,8,0,0,27.75,29.74,0.0,HIGH-RISK PROVIDER,PROVIDER REQUIRING REVIEW,100.0% flagged records (Threshold: 10%)
1164485363,MEDICAL_CLAIM,3,3,100.0,0,0,3,0,0,27.75,28.34,0.0,HIGH-RISK PROVIDER,PROVIDER REQUIRING REVIEW,100.0% flagged records (Threshold: 10%)
1062135472,PHARMACY_CLAIM,1,1,100.0,0,1,0,0,0,27.75,27.75,0.0,HIGH-RISK PROVIDER,PROVIDER REQUIRING REVIEW,100.0% flagged records (Threshold: 10%)
1950969875,PHARMACY_CLAIM,1,1,100.0,0,1,0,0,0,27.75,27.75,0.0,HIGH-RISK PROVIDER,PROVIDER REQUIRING REVIEW,100.0% flagged records (Threshold: 10%)
1427765700,PHARMACY_CLAIM,1,1,100.0,0,1,0,0,0,27.71,27.71,0.0,HIGH-RISK PROVIDER,PROVIDER REQUIRING REVIEW,100.0% flagged records (Threshold: 10%)
1891102224,MEDICAL_CLAIM,1,1,100.0,0,0,1,0,0,27.71,27.71,0.0,HIGH-RISK PROVIDER,PROVIDER REQUIRING REVIEW,100.0% flagged records (Threshold: 10%)
1025337145,PHARMACY_CLAIM,1,1,100.0,0,1,0,0,0,27.69,27.69,0.0,HIGH-RISK PROVIDER,PROVIDER REQUIRING REVIEW,100.0% flagged records (Threshold: 10%)
1801063268,MEDICAL_CLAIM,1,1,100.0,0,0,1,0,0,27.68,27.68,0.0,HIGH-RISK PROVIDER,PROVIDER REQUIRING REVIEW,100.0% flagged records (Threshold: 10%)
1013088756,MEDICAL_CLAIM,2,2,100.0,0,0,2,0,0,27.66,28.54,0.0,HIGH-RISK PROVIDER,PROVIDER REQUIRING REVIEW,100.0% flagged records (Threshold: 10%)
1093288797,MEDICAL_CLAIM,1,1,100.0,0,0,1,0,0,27.66,27.66,0.0,HIGH-RISK PROVIDER,PROVIDER REQUIRING REVIEW,100.0% flagged records (Threshold: 10%)
1360955033,PHARMACY_CLAIM,1,1,100.0,0,1,0,0,0,27.63,27.63,0.0,HIGH-RISK PROVIDER,PROVIDER REQUIRING REVIEW,100.0% flagged records (Threshold: 10%)
1396314118,MEDICAL_CLAIM,1,1,100.0,0,0,1,0,0,27.63,27.63,0.0,HIGH-RISK PROVIDER,PROVIDER REQUIRING REVIEW,100.0% flagged records (Threshold: 10%)
1083183180,MEDICAL_CLAIM,2,2,100.0,0,0,2,0,0,27.62,28.06,0.0,HIGH-RISK PROVIDER,PROVIDER REQUIRING REVIEW,100.0% flagged records (Threshold: 10%)
1063433720,MEDICAL_CLAIM,1,1,100.0,0,0,1,0,0,27.62,27.62,0.0,HIGH-RISK PROVIDER,PROVIDER REQUIRING REVIEW,100.0% flagged records (Threshold: 10%)
1437216132,MEDICAL_CLAIM,2,2,100.0,0,0,2,0,0,27.61,29.44,0.0,HIGH-RISK PROVIDER,PROVIDER REQUIRING REVIEW,100.0% flagged records (Threshold: 10%)
1386012359,MEDICAL_CLAIM,1,1,100.0,0,0,1,0,0,27.61,27.61,0.0,HIGH-RISK PROVIDER,PROVIDER REQUIRING REVIEW,100.0% flagged records (Threshold: 10%)
1048821556,PHARMACY_CLAIM,1,1,100.0,0,1,0,0,0,27.6,27.6,0.0,HIGH-RISK PROVIDER,PROVIDER REQUIRING REVIEW,100.0% flagged records (Threshold: 10%)
1427438043,MEDICAL_CLAIM,3,3,100.0,0,0,3,0,0,27.59,30.65,0.0,HIGH-RISK PROVIDER,PROVIDER REQUIRING REVIEW,100.0% flagged records (Threshold: 10%)
1104056209,MEDICAL_CLAIM,8,8,100.0,0,2,6,0,0,27.58,29.35,0.0,HIGH-RISK PROVIDER,PROVIDER REQUIRING REVIEW,100.0% flagged records (Threshold: 10%)
1896879428,PHARMACY_CLAIM,1,1,100.0,0,1,0,0,0,27.58,27.58,0.0,HIGH-RISK PROVIDER,PROVIDER REQUIRING REVIEW,100.0% flagged records (Threshold: 10%)
1302229292,PHARMACY_CLAIM,1,1,100.0,0,1,0,0,0,27.53,27.53,100.0,HIGH-RISK PROVIDER,PROVIDER REQUIRING REVIEW,100.0% flagged records (Threshold: 10%); High claim denial/rejection rate of 100.0%
1518930619,MEDICAL_CLAIM,1,1,100.0,0,0,1,0,0,27.52,27.52,0.0,HIGH-RISK PROVIDER,PROVIDER REQUIRING REVIEW,100.0% flagged records (Threshold: 10%)
1778487893,PHARMACY_CLAIM,1,1,100.0,0,1,0,0,0,27.52,27.52,0.0,HIGH-RISK PROVIDER,PROVIDER REQUIRING REVIEW,100.0% flagged records (Threshold: 10%)
1275017915,MEDICAL_CLAIM,1,1,100.0,0,0,1,0,0,27.5,27.5,0.0,HIGH-RISK PROVIDER,PROVIDER REQUIRING REVIEW,100.0% flagged records (Threshold: 10%)
1975833473,PRIOR_AUTH,1,1,100.0,0,1,0,0,0,27.5,27.5,0.0,HIGH-RISK PROVIDER,PROVIDER REQUIRING REVIEW,100.0% flagged records (Threshold: 10%)
1750381281,MEDICAL_CLAIM,2,2,100.0,0,0,2,0,0,27.48,28.21,0.0,HIGH-RISK PROVIDER,PROVIDER REQUIRING REVIEW,100.0% flagged records (Threshold: 10%)
1515752855,PHARMACY_CLAIM,1,1,100.0,0,1,0,0,0,27.48,27.48,0.0,HIGH-RISK PROVIDER,PROVIDER REQUIRING REVIEW,100.0% flagged records (Threshold: 10%)
1760951356,PHARMACY_CLAIM,1,1,100.0,0,1,0,0,0,27.47,27.47,0.0,HIGH-RISK PROVIDER,PROVIDER REQUIRING REVIEW,100.0% flagged records (Threshold: 10%)
1851552186,MEDICAL_CLAIM,2,2,100.0,0,0,2,0,0,27.46,29.3,0.0,HIGH-RISK PROVIDER,PROVIDER REQUIRING REVIEW,100.0% flagged records (Threshold: 10%)
1647781013,PHARMACY_CLAIM,1,1,100.0,0,1,0,0,0,27.46,27.46,0.0,HIGH-RISK PROVIDER,PROVIDER REQUIRING REVIEW,100.0% flagged records (Threshold: 10%)
1215901970,MEDICAL_CLAIM,3,3,100.0,0,0,3,0,0,27.45,29.09,0.0,HIGH-RISK PROVIDER,PROVIDER REQUIRING REVIEW,100.0% flagged records (Threshold: 10%)
1718815441,PRIOR_AUTH,1,1,100.0,0,1,0,0,0,27.44,27.44,0.0,HIGH-RISK PROVIDER,PROVIDER REQUIRING REVIEW,100.0% flagged records (Threshold: 10%)
1969666441,PHARMACY_CLAIM,1,1,100.0,0,1,0,0,0,27.44,27.44,0.0,HIGH-RISK PROVIDER,PROVIDER REQUIRING REVIEW,100.0% flagged records (Threshold: 10%)
1336378892,MEDICAL_CLAIM,1,1,100.0,0,0,1,0,0,27.39,27.39,0.0,HIGH-RISK PROVIDER,PROVIDER REQUIRING REVIEW,100.0% flagged records (Threshold: 10%)
1457403503,MEDICAL_CLAIM,1,1,100.0,0,0,1,0,0,27.36,27.36,0.0,HIGH-RISK PROVIDER,PROVIDER REQUIRING REVIEW,100.0% flagged records (Threshold: 10%)
1033321989,MEDICAL_CLAIM,3,3,100.0,0,0,3,0,0,27.35,27.47,0.0,HIGH-RISK PROVIDER,PROVIDER REQUIRING REVIEW,100.0% flagged records (Threshold: 10%)
1194274720,MEDICAL_CLAIM,2,2,100.0,0,0,2,0,0,27.34,27.98,0.0,HIGH-RISK PROVIDER,PROVIDER REQUIRING REVIEW,100.0% flagged records (Threshold: 10%)
1831634989,MEDICAL_CLAIM,14,12,85.71,0,0,12,0,0,27.33,32.49,0.0,HIGH-RISK PROVIDER,PROVIDER REQUIRING REVIEW,85.7% flagged records (Threshold: 10%)
1724249431,PHARMACY_CLAIM,1,1,100.0,0,1,0,0,0,27.33,27.33,0.0,HIGH-RISK PROVIDER,PROVIDER REQUIRING REVIEW,100.0% flagged records (Threshold: 10%)
1053980110,MEDICAL_CLAIM,1,1,100.0,0,0,1,0,0,27.32,27.32,0.0,HIGH-RISK PROVIDER,PROVIDER REQUIRING REVIEW,100.0% flagged records (Threshold: 10%)
1044625520,PHARMACY_CLAIM,1,1,100.0,0,1,0,0,0,27.3,27.3,0.0,HIGH-RISK PROVIDER,PROVIDER REQUIRING REVIEW,100.0% flagged records (Threshold: 10%)
1558355305,MEDICAL_CLAIM,4,4,100.0,0,0,4,0,0,27.29,28.53,0.0,HIGH-RISK PROVIDER,PROVIDER REQUIRING REVIEW,100.0% flagged records (Threshold: 10%)
1520271679,PHARMACY_CLAIM,1,1,100.0,0,1,0,0,0,27.28,27.28,0.0,HIGH-RISK PROVIDER,PROVIDER REQUIRING REVIEW,100.0% flagged records (Threshold: 10%)
1821068818,MEDICAL_CLAIM,4,3,75.0,0,0,5,0,0,27.27,49.13,0.0,HIGH-RISK PROVIDER,PROVIDER REQUIRING REVIEW,75.0% flagged records (Threshold: 10%)
1336326248,MEDICAL_CLAIM,1,1,100.0,0,0,1,0,0,27.27,27.27,0.0,HIGH-RISK PROVIDER,PROVIDER REQUIRING REVIEW,100.0% flagged records (Threshold: 10%)
1194087593,MEDICAL_CLAIM,1,1,100.0,0,0,1,0,0,27.24,27.24,0.0,HIGH-RISK PROVIDER,PROVIDER REQUIRING REVIEW,100.0% flagged records (Threshold: 10%)
1679761027,MEDICAL_CLAIM,1,1,100.0,0,0,1,0,0,27.24,27.24,0.0,HIGH-RISK PROVIDER,PROVIDER REQUIRING REVIEW,100.0% flagged records (Threshold: 10%)
1295237992,PHARMACY_CLAIM,1,1,100.0,0,1,0,0,0,27.23,27.23,0.0,HIGH-RISK PROVIDER,PROVIDER REQUIRING REVIEW,100.0% flagged records (Threshold: 10%)
1568602472,MEDICAL_CLAIM,1,1,100.0,0,0,1,0,0,27.21,27.21,0.0,HIGH-RISK PROVIDER,PROVIDER REQUIRING REVIEW,100.0% flagged records (Threshold: 10%)
1084257936,PHARMACY_CLAIM,1,1,100.0,0,1,0,0,0,27.2,27.2,100.0,HIGH-RISK PROVIDER,PROVIDER REQUIRING REVIEW,100.0% flagged records (Threshold: 10%); High claim denial/rejection rate of 100.0%
1518444009,MEDICAL_CLAIM,7,6,85.71,0,0,6,0,0,27.17,34.33,0.0,HIGH-RISK PROVIDER,PROVIDER REQUIRING REVIEW,85.7% flagged records (Threshold: 10%)
1638922003,PHARMACY_CLAIM,1,1,100.0,0,1,0,0,0,27.16,27.16,0.0,HIGH-RISK PROVIDER,PROVIDER REQUIRING REVIEW,100.0% flagged records (Threshold: 10%)
1992809305,MEDICAL_CLAIM,1,1,100.0,0,0,1,0,0,27.15,27.15,0.0,HIGH-RISK PROVIDER,PROVIDER REQUIRING REVIEW,100.0% flagged records (Threshold: 10%)
1851389605,MEDICAL_CLAIM,1,1,100.0,0,0,1,0,0,27.14,27.14,0.0,HIGH-RISK PROVIDER,PROVIDER REQUIRING REVIEW,100.0% flagged records (Threshold: 10%)
1982783338,MEDICAL_CLAIM,2,2,100.0,0,0,2,0,0,27.12,28.48,0.0,HIGH-RISK PROVIDER,PROVIDER REQUIRING REVIEW,100.0% flagged records (Threshold: 10%)
1043299001,MEDICAL_CLAIM,1,1,100.0,0,0,1,0,0,27.1,27.1,0.0,HIGH-RISK PROVIDER,PROVIDER REQUIRING REVIEW,100.0% flagged records (Threshold: 10%)
1205013539,MEDICAL_CLAIM,1,1,100.0,0,0,1,0,0,27.1,27.1,0.0,HIGH-RISK PROVIDER,PROVIDER REQUIRING REVIEW,100.0% flagged records (Threshold: 10%)
1432335427,PHARMACY_CLAIM,1,1,100.0,0,1,0,0,0,27.1,27.1,0.0,HIGH-RISK PROVIDER,PROVIDER REQUIRING REVIEW,100.0% flagged records (Threshold: 10%)
1982151635,MEDICAL_CLAIM,3,3,100.0,0,0,3,0,0,27.08,28.8,0.0,HIGH-RISK PROVIDER,PROVIDER REQUIRING REVIEW,100.0% flagged records (Threshold: 10%)
1164472478,MEDICAL_CLAIM,2,2,100.0,0,0,2,0,0,27.07,27.86,0.0,HIGH-RISK PROVIDER,PROVIDER REQUIRING REVIEW,100.0% flagged records (Threshold: 10%)
1518441260,MEDICAL_CLAIM,1,1,100.0,0,0,1,0,0,27.05,27.05,0.0,HIGH-RISK PROVIDER,PROVIDER REQUIRING REVIEW,100.0% flagged records (Threshold: 10%)
1679810469,MEDICAL_CLAIM,1,1,100.0,0,0,1,0,0,27.05,27.05,0.0,HIGH-RISK PROVIDER,PROVIDER REQUIRING REVIEW,100.0% flagged records (Threshold: 10%)
1598898389,MEDICAL_CLAIM,2,2,100.0,0,0,2,0,0,27.04,28.51,0.0,HIGH-RISK PROVIDER,PROVIDER REQUIRING REVIEW,100.0% flagged records (Threshold: 10%)
1184979437,MEDICAL_CLAIM,1,1,100.0,0,0,1,0,0,27.03,27.03,0.0,HIGH-RISK PROVIDER,PROVIDER REQUIRING REVIEW,100.0% flagged records (Threshold: 10%)
1952967234,MEDICAL_CLAIM,1,1,100.0,0,0,1,0,0,27.0,27.0,0.0,HIGH-RISK PROVIDER,PROVIDER REQUIRING REVIEW,100.0% flagged records (Threshold: 10%)
1700135522,MEDICAL_CLAIM,2,2,100.0,0,0,2,0,0,26.99,28.29,0.0,HIGH-RISK PROVIDER,PROVIDER REQUIRING REVIEW,100.0% flagged records (Threshold: 10%)
1538526207,MEDICAL_CLAIM,1,1,100.0,0,0,1,0,0,26.99,26.99,0.0,HIGH-RISK PROVIDER,PROVIDER REQUIRING REVIEW,100.0% flagged records (Threshold: 10%)
1639699309,MEDICAL_CLAIM,2,2,100.0,0,0,2,0,0,26.95,28.65,0.0,HIGH-RISK PROVIDER,PROVIDER REQUIRING REVIEW,100.0% flagged records (Threshold: 10%)
1723410885,PRIOR_AUTH,1,1,100.0,0,1,0,0,0,26.95,26.95,0.0,HIGH-RISK PROVIDER,PROVIDER REQUIRING REVIEW,100.0% flagged records (Threshold: 10%)
1568856045,MEDICAL_CLAIM,2,2,100.0,0,0,2,0,0,26.94,27.3,0.0,HIGH-RISK PROVIDER,PROVIDER REQUIRING REVIEW,100.0% flagged records (Threshold: 10%)
1376640656,MEDICAL_CLAIM,3,3,100.0,0,0,3,0,0,26.92,28.23,0.0,HIGH-RISK PROVIDER,PROVIDER REQUIRING REVIEW,100.0% flagged records (Threshold: 10%)
1720454507,MEDICAL_CLAIM,1,1,100.0,0,0,1,0,0,26.92,26.92,0.0,HIGH-RISK PROVIDER,PROVIDER REQUIRING REVIEW,100.0% flagged records (Threshold: 10%)
1346772373,MEDICAL_CLAIM,2,2,100.0,0,0,2,0,0,26.89,27.81,0.0,HIGH-RISK PROVIDER,PROVIDER REQUIRING REVIEW,100.0% flagged records (Threshold: 10%)
1386880433,MEDICAL_CLAIM,1,1,100.0,0,0,1,0,0,26.87,26.87,0.0,HIGH-RISK PROVIDER,PROVIDER REQUIRING REVIEW,100.0% flagged records (Threshold: 10%)
1780635078,MEDICAL_CLAIM,2,2,100.0,0,0,2,0,0,26.86,26.87,0.0,HIGH-RISK PROVIDER,PROVIDER REQUIRING REVIEW,100.0% flagged records (Threshold: 10%)
1710051354,MEDICAL_CLAIM,4,4,100.0,0,0,4,0,0,26.85,30.27,0.0,HIGH-RISK PROVIDER,PROVIDER REQUIRING REVIEW,100.0% flagged records (Threshold: 10%)
1740536036,MEDICAL_CLAIM,1,1,100.0,0,0,1,0,0,26.85,26.85,0.0,HIGH-RISK PROVIDER,PROVIDER REQUIRING REVIEW,100.0% flagged records (Threshold: 10%)
1003866732,MEDICAL_CLAIM,2,2,100.0,0,0,2,0,0,26.8,27.48,0.0,HIGH-RISK PROVIDER,PROVIDER REQUIRING REVIEW,100.0% flagged records (Threshold: 10%)
1174525943,MEDICAL_CLAIM,3,3,100.0,0,0,3,0,0,26.79,28.5,0.0,HIGH-RISK PROVIDER,PROVIDER REQUIRING REVIEW,100.0% flagged records (Threshold: 10%)
1194767269,MEDICAL_CLAIM,2,2,100.0,0,0,2,0,0,26.77,27.91,0.0,HIGH-RISK PROVIDER,PROVIDER REQUIRING REVIEW,100.0% flagged records (Threshold: 10%)
1212891290,PHARMACY_CLAIM,1,1,100.0,0,1,0,0,0,26.77,26.77,0.0,HIGH-RISK PROVIDER,PROVIDER REQUIRING REVIEW,100.0% flagged records (Threshold: 10%)
1336101302,MEDICAL_CLAIM,6,6,100.0,0,0,6,0,0,26.76,28.14,0.0,HIGH-RISK PROVIDER,PROVIDER REQUIRING REVIEW,100.0% flagged records (Threshold: 10%)
1073192985,MEDICAL_CLAIM,3,3,100.0,0,0,3,0,0,26.76,28.63,0.0,HIGH-RISK PROVIDER,PROVIDER REQUIRING REVIEW,100.0% flagged records (Threshold: 10%)
1609231927,MEDICAL_CLAIM,1,1,100.0,0,0,1,0,0,26.75,26.75,0.0,HIGH-RISK PROVIDER,PROVIDER REQUIRING REVIEW,100.0% flagged records (Threshold: 10%)
1275647752,MEDICAL_CLAIM,1,1,100.0,0,0,1,0,0,26.73,26.73,0.0,HIGH-RISK PROVIDER,PROVIDER REQUIRING REVIEW,100.0% flagged records (Threshold: 10%)
1926207350,PHARMACY_CLAIM,1,1,100.0,0,1,0,0,0,26.73,26.73,0.0,HIGH-RISK PROVIDER,PROVIDER REQUIRING REVIEW,100.0% flagged records (Threshold: 10%)
1477131878,MEDICAL_CLAIM,1,1,100.0,0,0,1,0,0,26.72,26.72,0.0,HIGH-RISK PROVIDER,PROVIDER REQUIRING REVIEW,100.0% flagged records (Threshold: 10%)
1083984587,MEDICAL_CLAIM,1,1,100.0,0,0,1,0,0,26.69,26.69,0.0,HIGH-RISK PROVIDER,PROVIDER REQUIRING REVIEW,100.0% flagged records (Threshold: 10%)
1518398049,MEDICAL_CLAIM,1,1,100.0,0,0,1,0,0,26.69,26.69,0.0,HIGH-RISK PROVIDER,PROVIDER REQUIRING REVIEW,100.0% flagged records (Threshold: 10%)
1215963335,MEDICAL_CLAIM,2,2,100.0,0,0,2,0,0,26.67,27.54,0.0,HIGH-RISK PROVIDER,PROVIDER REQUIRING REVIEW,100.0% flagged records (Threshold: 10%)
1912960758,MEDICAL_CLAIM,2,2,100.0,0,0,2,0,0,26.65,27.2,0.0,HIGH-RISK PROVIDER,PROVIDER REQUIRING REVIEW,100.0% flagged records (Threshold: 10%)
1548745383,MEDICAL_CLAIM,1,1,100.0,0,0,1,0,0,26.64,26.64,0.0,HIGH-RISK PROVIDER,PROVIDER REQUIRING REVIEW,100.0% flagged records (Threshold: 10%)
1760695878,MEDICAL_CLAIM,1,1,100.0,0,0,1,0,0,26.63,26.63,0.0,HIGH-RISK PROVIDER,PROVIDER REQUIRING REVIEW,100.0% flagged records (Threshold: 10%)
1669802419,MEDICAL_CLAIM,3,3,100.0,0,0,3,0,0,26.62,28.51,0.0,HIGH-RISK PROVIDER,PROVIDER REQUIRING REVIEW,100.0% flagged records (Threshold: 10%)
1477819886,MEDICAL_CLAIM,2,2,100.0,0,0,2,0,0,26.62,27.98,0.0,HIGH-RISK PROVIDER,PROVIDER REQUIRING REVIEW,100.0% flagged records (Threshold: 10%)
1839877790,PHARMACY_CLAIM,1,1,100.0,0,1,0,0,0,26.62,26.62,0.0,HIGH-RISK PROVIDER,PROVIDER REQUIRING REVIEW,100.0% flagged records (Threshold: 10%)
1962531004,MEDICAL_CLAIM,1,1,100.0,0,0,1,0,0,26.62,26.62,0.0,HIGH-RISK PROVIDER,PROVIDER REQUIRING REVIEW,100.0% flagged records (Threshold: 10%)
1883740088,PHARMACY_CLAIM,1,1,100.0,0,1,0,0,0,26.61,26.61,0.0,HIGH-RISK PROVIDER,PROVIDER REQUIRING REVIEW,100.0% flagged records (Threshold: 10%)
1902214133,MEDICAL_CLAIM,1,1,100.0,0,0,1,0,0,26.61,26.61,0.0,HIGH-RISK PROVIDER,PROVIDER REQUIRING REVIEW,100.0% flagged records (Threshold: 10%)
1588088025,MEDICAL_CLAIM,2,2,100.0,0,0,2,0,0,26.59,27.72,0.0,HIGH-RISK PROVIDER,PROVIDER REQUIRING REVIEW,100.0% flagged records (Threshold: 10%)
1194283382,MEDICAL_CLAIM,1,1,100.0,0,0,1,0,0,26.58,26.58,0.0,HIGH-RISK PROVIDER,PROVIDER REQUIRING REVIEW,100.0% flagged records (Threshold: 10%)
1529496471,PHARMACY_CLAIM,1,1,100.0,0,1,0,0,0,26.58,26.58,0.0,HIGH-RISK PROVIDER,PROVIDER REQUIRING REVIEW,100.0% flagged records (Threshold: 10%)
1881982510,MEDICAL_CLAIM,1,1,100.0,0,0,1,0,0,26.55,26.55,0.0,HIGH-RISK PROVIDER,PROVIDER REQUIRING REVIEW,100.0% flagged records (Threshold: 10%)
1598756686,MEDICAL_CLAIM,1,1,100.0,0,0,1,0,0,26.54,26.54,0.0,HIGH-RISK PROVIDER,PROVIDER REQUIRING REVIEW,100.0% flagged records (Threshold: 10%)
1144890013,MEDICAL_CLAIM,1,1,100.0,0,0,1,0,0,26.53,26.53,0.0,HIGH-RISK PROVIDER,PROVIDER REQUIRING REVIEW,100.0% flagged records (Threshold: 10%)
1760823397,MEDICAL_CLAIM,1,1,100.0,0,0,1,0,0,26.53,26.53,0.0,HIGH-RISK PROVIDER,PROVIDER REQUIRING REVIEW,100.0% flagged records (Threshold: 10%)
1194003657,MEDICAL_CLAIM,4,4,100.0,0,1,3,0,0,26.52,28.03,0.0,HIGH-RISK PROVIDER,PROVIDER REQUIRING REVIEW,100.0% flagged records (Threshold: 10%)
1750314183,MEDICAL_CLAIM,3,3,100.0,0,0,3,0,0,26.52,28.78,0.0,HIGH-RISK PROVIDER,PROVIDER REQUIRING REVIEW,100.0% flagged records (Threshold: 10%)
1356391635,MEDICAL_CLAIM,2,2,100.0,0,0,2,0,0,26.52,27.26,0.0,HIGH-RISK PROVIDER,PROVIDER REQUIRING REVIEW,100.0% flagged records (Threshold: 10%)
1740271022,MEDICAL_CLAIM,1,1,100.0,0,0,1,0,0,26.52,26.52,0.0,HIGH-RISK PROVIDER,PROVIDER REQUIRING REVIEW,100.0% flagged records (Threshold: 10%)
1679646509,MEDICAL_CLAIM,3,3,100.0,0,0,3,0,0,26.51,27.45,0.0,HIGH-RISK PROVIDER,PROVIDER REQUIRING REVIEW,100.0% flagged records (Threshold: 10%)
1346228061,MEDICAL_CLAIM,2,1,50.0,0,0,2,0,0,26.51,48.33,0.0,HIGH-RISK PROVIDER,PROVIDER REQUIRING REVIEW,50.0% flagged records (Threshold: 10%)
1609120682,MEDICAL_CLAIM,2,2,100.0,0,0,2,0,0,26.51,26.91,0.0,HIGH-RISK PROVIDER,PROVIDER REQUIRING REVIEW,100.0% flagged records (Threshold: 10%)
1609057223,MEDICAL_CLAIM,1,1,100.0,0,0,1,0,0,26.49,26.49,0.0,HIGH-RISK PROVIDER,PROVIDER REQUIRING REVIEW,100.0% flagged records (Threshold: 10%)
1124224928,MEDICAL_CLAIM,1,1,100.0,0,0,1,0,0,26.48,26.48,0.0,HIGH-RISK PROVIDER,PROVIDER REQUIRING REVIEW,100.0% flagged records (Threshold: 10%)
1533130503,PHARMACY_CLAIM,1,1,100.0,0,1,0,0,0,26.47,26.47,0.0,HIGH-RISK PROVIDER,PROVIDER REQUIRING REVIEW,100.0% flagged records (Threshold: 10%)
1881261832,MEDICAL_CLAIM,1,1,100.0,0,0,1,0,0,26.47,26.47,0.0,HIGH-RISK PROVIDER,PROVIDER REQUIRING REVIEW,100.0% flagged records (Threshold: 10%)
1720059389,MEDICAL_CLAIM,1,1,100.0,0,0,1,0,0,26.43,26.43,0.0,HIGH-RISK PROVIDER,PROVIDER REQUIRING REVIEW,100.0% flagged records (Threshold: 10%)
1235372707,MEDICAL_CLAIM,1,1,100.0,0,0,1,0,0,26.42,26.42,0.0,HIGH-RISK PROVIDER,PROVIDER REQUIRING REVIEW,100.0% flagged records (Threshold: 10%)
1134512650,MEDICAL_CLAIM,1,1,100.0,0,0,1,0,0,26.38,26.38,0.0,HIGH-RISK PROVIDER,PROVIDER REQUIRING REVIEW,100.0% flagged records (Threshold: 10%)
1134422470,MEDICAL_CLAIM,1,1,100.0,0,0,1,0,0,26.37,26.37,0.0,HIGH-RISK PROVIDER,PROVIDER REQUIRING REVIEW,100.0% flagged records (Threshold: 10%)
1225113442,MEDICAL_CLAIM,2,2,100.0,0,0,2,0,0,26.36,27.16,0.0,HIGH-RISK PROVIDER,PROVIDER REQUIRING REVIEW,100.0% flagged records (Threshold: 10%)
1035184086,PHARMACY_CLAIM,1,1,100.0,0,1,0,0,0,26.35,26.35,0.0,HIGH-RISK PROVIDER,PROVIDER REQUIRING REVIEW,100.0% flagged records (Threshold: 10%)
1447221247,MEDICAL_CLAIM,2,2,100.0,0,0,2,0,0,26.34,27.11,0.0,HIGH-RISK PROVIDER,PROVIDER REQUIRING REVIEW,100.0% flagged records (Threshold: 10%)
1104200492,MEDICAL_CLAIM,1,1,100.0,0,0,1,0,0,26.34,26.34,0.0,HIGH-RISK PROVIDER,PROVIDER REQUIRING REVIEW,100.0% flagged records (Threshold: 10%)
1497175160,MEDICAL_CLAIM,1,1,100.0,0,0,1,0,0,26.34,26.34,0.0,HIGH-RISK PROVIDER,PROVIDER REQUIRING REVIEW,100.0% flagged records (Threshold: 10%)
1669634903,MEDICAL_CLAIM,2,2,100.0,0,0,2,0,0,26.29,26.51,0.0,HIGH-RISK PROVIDER,PROVIDER REQUIRING REVIEW,100.0% flagged records (Threshold: 10%)
1528082336,MEDICAL_CLAIM,5,4,80.0,0,1,3,0,0,26.26,34.69,0.0,HIGH-RISK PROVIDER,PROVIDER REQUIRING REVIEW,80.0% flagged records (Threshold: 10%)
1700900867,MEDICAL_CLAIM,1,1,100.0,0,0,1,0,0,26.23,26.23,0.0,HIGH-RISK PROVIDER,PROVIDER REQUIRING REVIEW,100.0% flagged records (Threshold: 10%)
1144419813,MEDICAL_CLAIM,1,1,100.0,0,0,1,0,0,26.22,26.22,0.0,HIGH-RISK PROVIDER,PROVIDER REQUIRING REVIEW,100.0% flagged records (Threshold: 10%)
1922423359,MEDICAL_CLAIM,2,2,100.0,0,0,2,0,0,26.2,27.08,0.0,HIGH-RISK PROVIDER,PROVIDER REQUIRING REVIEW,100.0% flagged records (Threshold: 10%)
1407889652,MEDICAL_CLAIM,3,3,100.0,0,0,3,0,0,26.17,27.47,0.0,HIGH-RISK PROVIDER,PROVIDER REQUIRING REVIEW,100.0% flagged records (Threshold: 10%)
1992867006,MEDICAL_CLAIM,1,1,100.0,0,0,1,0,0,26.17,26.17,0.0,HIGH-RISK PROVIDER,PROVIDER REQUIRING REVIEW,100.0% flagged records (Threshold: 10%)
1982103511,MEDICAL_CLAIM,3,3,100.0,0,0,3,0,0,26.15,26.83,0.0,HIGH-RISK PROVIDER,PROVIDER REQUIRING REVIEW,100.0% flagged records (Threshold: 10%)
1083145981,MEDICAL_CLAIM,7,7,100.0,0,0,7,0,0,26.12,27.38,0.0,HIGH-RISK PROVIDER,PROVIDER REQUIRING REVIEW,100.0% flagged records (Threshold: 10%)
1609298751,MEDICAL_CLAIM,1,1,100.0,0,0,1,0,0,26.12,26.12,0.0,HIGH-RISK PROVIDER,PROVIDER REQUIRING REVIEW,100.0% flagged records (Threshold: 10%)
1194174482,MEDICAL_CLAIM,3,3,100.0,0,0,3,0,0,26.08,26.89,0.0,HIGH-RISK PROVIDER,PROVIDER REQUIRING REVIEW,100.0% flagged records (Threshold: 10%)
1305289000,PHARMACY_CLAIM,1,1,100.0,0,1,0,0,0,26.08,26.08,0.0,HIGH-RISK PROVIDER,PROVIDER REQUIRING REVIEW,100.0% flagged records (Threshold: 10%)
1346619244,MEDICAL_CLAIM,1,1,100.0,0,0,1,0,0,26.06,26.06,0.0,HIGH-RISK PROVIDER,PROVIDER REQUIRING REVIEW,100.0% flagged records (Threshold: 10%)
1891964789,MEDICAL_CLAIM,3,3,100.0,0,0,3,0,0,26.05,26.23,0.0,HIGH-RISK PROVIDER,PROVIDER REQUIRING REVIEW,100.0% flagged records (Threshold: 10%)
1497842777,MEDICAL_CLAIM,2,2,100.0,0,0,2,0,0,26.01,26.93,0.0,HIGH-RISK PROVIDER,PROVIDER REQUIRING REVIEW,100.0% flagged records (Threshold: 10%)
1063438133,MEDICAL_CLAIM,1,1,100.0,0,0,1,0,0,26.01,26.01,0.0,HIGH-RISK PROVIDER,PROVIDER REQUIRING REVIEW,100.0% flagged records (Threshold: 10%)
1770699621,MEDICAL_CLAIM,1,1,100.0,0,0,1,0,0,26.01,26.01,0.0,HIGH-RISK PROVIDER,PROVIDER REQUIRING REVIEW,100.0% flagged records (Threshold: 10%)
1124177407,MEDICAL_CLAIM,3,3,100.0,0,0,3,0,0,25.99,26.67,0.0,HIGH-RISK PROVIDER,PROVIDER REQUIRING REVIEW,100.0% flagged records (Threshold: 10%)
1932630282,MEDICAL_CLAIM,5,5,100.0,0,0,5,0,0,25.98,26.39,0.0,HIGH-RISK PROVIDER,PROVIDER REQUIRING REVIEW,100.0% flagged records (Threshold: 10%)
1548266547,MEDICAL_CLAIM,5,4,80.0,0,0,4,0,0,25.96,32.37,0.0,HIGH-RISK PROVIDER,PROVIDER REQUIRING REVIEW,80.0% flagged records (Threshold: 10%)
1124059753,MEDICAL_CLAIM,2,2,100.0,0,0,2,0,0,25.96,26.86,0.0,HIGH-RISK PROVIDER,PROVIDER REQUIRING REVIEW,100.0% flagged records (Threshold: 10%)
1760958813,MEDICAL_CLAIM,1,1,100.0,0,0,1,0,0,25.95,25.95,0.0,HIGH-RISK PROVIDER,PROVIDER REQUIRING REVIEW,100.0% flagged records (Threshold: 10%)
1457586620,MEDICAL_CLAIM,1,1,100.0,0,0,1,0,0,25.94,25.94,0.0,HIGH-RISK PROVIDER,PROVIDER REQUIRING REVIEW,100.0% flagged records (Threshold: 10%)
1073576740,MEDICAL_CLAIM,1,1,100.0,0,0,1,0,0,25.92,25.92,0.0,HIGH-RISK PROVIDER,PROVIDER REQUIRING REVIEW,100.0% flagged records (Threshold: 10%)
1821324948,MEDICAL_CLAIM,1,1,100.0,0,0,1,0,0,25.9,25.9,0.0,HIGH-RISK PROVIDER,PROVIDER REQUIRING REVIEW,100.0% flagged records (Threshold: 10%)
1821251612,MEDICAL_CLAIM,5,4,80.0,0,0,6,0,0,25.89,48.57,0.0,HIGH-RISK PROVIDER,PROVIDER REQUIRING REVIEW,80.0% flagged records (Threshold: 10%)
1548472475,MEDICAL_CLAIM,2,1,50.0,0,1,1,0,0,25.89,28.0,0.0,HIGH-RISK PROVIDER,PROVIDER REQUIRING REVIEW,50.0% flagged records (Threshold: 10%)
1841255437,MEDICAL_CLAIM,3,2,66.67,0,0,2,0,0,25.88,34.25,0.0,HIGH-RISK PROVIDER,PROVIDER REQUIRING REVIEW,66.7% flagged records (Threshold: 10%)
1710590880,MEDICAL_CLAIM,2,2,100.0,0,0,2,0,0,25.86,25.98,0.0,HIGH-RISK PROVIDER,PROVIDER REQUIRING REVIEW,100.0% flagged records (Threshold: 10%)
1952598468,MEDICAL_CLAIM,2,2,100.0,0,0,2,0,0,25.84,26.19,0.0,HIGH-RISK PROVIDER,PROVIDER REQUIRING REVIEW,100.0% flagged records (Threshold: 10%)
1619274388,MEDICAL_CLAIM,2,2,100.0,0,0,2,0,0,25.83,26.58,0.0,HIGH-RISK PROVIDER,PROVIDER REQUIRING REVIEW,100.0% flagged records (Threshold: 10%)
1588636351,MEDICAL_CLAIM,1,1,100.0,0,0,1,0,0,25.83,25.83,0.0,HIGH-RISK PROVIDER,PROVIDER REQUIRING REVIEW,100.0% flagged records (Threshold: 10%)
1851712053,MEDICAL_CLAIM,2,2,100.0,0,0,2,0,0,25.8,26.45,0.0,HIGH-RISK PROVIDER,PROVIDER REQUIRING REVIEW,100.0% flagged records (Threshold: 10%)
1407166671,MEDICAL_CLAIM,1,1,100.0,0,0,1,0,0,25.79,25.79,0.0,HIGH-RISK PROVIDER,PROVIDER REQUIRING REVIEW,100.0% flagged records (Threshold: 10%)
1023351913,MEDICAL_CLAIM,2,2,100.0,0,0,2,0,0,25.76,26.1,0.0,HIGH-RISK PROVIDER,PROVIDER REQUIRING REVIEW,100.0% flagged records (Threshold: 10%)
1528115458,MEDICAL_CLAIM,1,1,100.0,0,0,1,0,0,25.76,25.76,0.0,HIGH-RISK PROVIDER,PROVIDER REQUIRING REVIEW,100.0% flagged records (Threshold: 10%)
1316945066,MEDICAL_CLAIM,1,1,100.0,0,0,1,0,0,25.72,25.72,0.0,HIGH-RISK PROVIDER,PROVIDER REQUIRING REVIEW,100.0% flagged records (Threshold: 10%)
1336493311,MEDICAL_CLAIM,1,1,100.0,0,0,1,0,0,25.68,25.68,0.0,HIGH-RISK PROVIDER,PROVIDER REQUIRING REVIEW,100.0% flagged records (Threshold: 10%)
1205236072,MEDICAL_CLAIM,6,5,83.33,0,0,5,0,0,25.66,32.7,0.0,HIGH-RISK PROVIDER,PROVIDER REQUIRING REVIEW,83.3% flagged records (Threshold: 10%)
1184645434,MEDICAL_CLAIM,1,1,100.0,0,0,1,0,0,25.64,25.64,0.0,HIGH-RISK PROVIDER,PROVIDER REQUIRING REVIEW,100.0% flagged records (Threshold: 10%)
1316927445,MEDICAL_CLAIM,1,1,100.0,0,0,1,0,0,25.6,25.6,0.0,HIGH-RISK PROVIDER,PROVIDER REQUIRING REVIEW,100.0% flagged records (Threshold: 10%)
1396338703,MEDICAL_CLAIM,1,1,100.0,0,0,1,0,0,25.6,25.6,0.0,HIGH-RISK PROVIDER,PROVIDER REQUIRING REVIEW,100.0% flagged records (Threshold: 10%)
1104998624,MEDICAL_CLAIM,2,2,100.0,0,0,2,0,0,25.59,25.63,0.0,HIGH-RISK PROVIDER,PROVIDER REQUIRING REVIEW,100.0% flagged records (Threshold: 10%)
1245214477,MEDICAL_CLAIM,2,2,100.0,0,0,2,0,0,25.54,25.84,0.0,HIGH-RISK PROVIDER,PROVIDER REQUIRING REVIEW,100.0% flagged records (Threshold: 10%)
1982865796,MEDICAL_CLAIM,1,1,100.0,0,0,1,0,0,25.54,25.54,0.0,HIGH-RISK PROVIDER,PROVIDER REQUIRING REVIEW,100.0% flagged records (Threshold: 10%)
1992176283,MEDICAL_CLAIM,1,1,100.0,0,0,1,0,0,25.54,25.54,0.0,HIGH-RISK PROVIDER,PROVIDER REQUIRING REVIEW,100.0% flagged records (Threshold: 10%)
1578574521,MEDICAL_CLAIM,4,4,100.0,0,0,4,0,0,25.5,25.61,0.0,HIGH-RISK PROVIDER,PROVIDER REQUIRING REVIEW,100.0% flagged records (Threshold: 10%)
1750392304,MEDICAL_CLAIM,2,1,50.0,0,1,1,0,0,25.49,30.11,0.0,HIGH-RISK PROVIDER,PROVIDER REQUIRING REVIEW,50.0% flagged records (Threshold: 10%)
1427651041,MEDICAL_CLAIM,3,2,66.67,0,0,4,0,0,25.48,46.17,0.0,HIGH-RISK PROVIDER,PROVIDER REQUIRING REVIEW,66.7% flagged records (Threshold: 10%)
1861480709,MEDICAL_CLAIM,1,1,100.0,0,0,1,0,0,25.42,25.42,0.0,HIGH-RISK PROVIDER,PROVIDER REQUIRING REVIEW,100.0% flagged records (Threshold: 10%)
1184094534,MEDICAL_CLAIM,1,1,100.0,0,0,1,0,0,25.41,25.41,0.0,HIGH-RISK PROVIDER,PROVIDER REQUIRING REVIEW,100.0% flagged records (Threshold: 10%)
1194713404,MEDICAL_CLAIM,1,1,100.0,0,0,1,0,0,25.39,25.39,0.0,HIGH-RISK PROVIDER,PROVIDER REQUIRING REVIEW,100.0% flagged records (Threshold: 10%)
1255646857,MEDICAL_CLAIM,2,2,100.0,0,0,2,0,0,25.38,25.5,0.0,HIGH-RISK PROVIDER,PROVIDER REQUIRING REVIEW,100.0% flagged records (Threshold: 10%)
1144230640,MEDICAL_CLAIM,2,2,100.0,0,0,2,0,0,25.37,25.55,0.0,HIGH-RISK PROVIDER,PROVIDER REQUIRING REVIEW,100.0% flagged records (Threshold: 10%)
1245256189,MEDICAL_CLAIM,1,1,100.0,0,0,1,0,0,25.37,25.37,0.0,HIGH-RISK PROVIDER,PROVIDER REQUIRING REVIEW,100.0% flagged records (Threshold: 10%)
1932440146,MEDICAL_CLAIM,1,1,100.0,0,0,1,0,0,25.35,25.35,0.0,HIGH-RISK PROVIDER,PROVIDER REQUIRING REVIEW,100.0% flagged records (Threshold: 10%)
1427175090,MEDICAL_CLAIM,1,1,100.0,0,0,1,0,0,25.33,25.33,0.0,HIGH-RISK PROVIDER,PROVIDER REQUIRING REVIEW,100.0% flagged records (Threshold: 10%)
1588952618,MEDICAL_CLAIM,1,1,100.0,0,0,1,0,0,25.31,25.31,0.0,HIGH-RISK PROVIDER,PROVIDER REQUIRING REVIEW,100.0% flagged records (Threshold: 10%)
1568818151,MEDICAL_CLAIM,4,4,100.0,0,0,4,0,0,25.3,25.65,0.0,HIGH-RISK PROVIDER,PROVIDER REQUIRING REVIEW,100.0% flagged records (Threshold: 10%)
1356972533,MEDICAL_CLAIM,1,1,100.0,0,0,1,0,0,25.3,25.3,0.0,HIGH-RISK PROVIDER,PROVIDER REQUIRING REVIEW,100.0% flagged records (Threshold: 10%)
1295732188,MEDICAL_CLAIM,1,1,100.0,0,0,1,0,0,25.28,25.28,0.0,HIGH-RISK PROVIDER,PROVIDER REQUIRING REVIEW,100.0% flagged records (Threshold: 10%)
1396109500,MEDICAL_CLAIM,1,1,100.0,0,0,1,0,0,25.28,25.28,0.0,HIGH-RISK PROVIDER,PROVIDER REQUIRING REVIEW,100.0% flagged records (Threshold: 10%)
1669010369,MEDICAL_CLAIM,1,1,100.0,0,0,1,0,0,25.23,25.23,0.0,HIGH-RISK PROVIDER,PROVIDER REQUIRING REVIEW,100.0% flagged records (Threshold: 10%)
1578235735,MEDICAL_CLAIM,2,2,100.0,0,0,2,0,0,25.18,25.22,0.0,HIGH-RISK PROVIDER,PROVIDER REQUIRING REVIEW,100.0% flagged records (Threshold: 10%)
1710288766,MEDICAL_CLAIM,5,4,80.0,0,0,4,0,0,25.17,34.1,0.0,HIGH-RISK PROVIDER,PROVIDER REQUIRING REVIEW,80.0% flagged records (Threshold: 10%)
1053789511,MEDICAL_CLAIM,1,1,100.0,0,0,1,0,0,25.12,25.12,0.0,HIGH-RISK PROVIDER,PROVIDER REQUIRING REVIEW,100.0% flagged records (Threshold: 10%)
1033284666,MEDICAL_CLAIM,1,1,100.0,0,0,1,0,0,25.1,25.1,0.0,HIGH-RISK PROVIDER,PROVIDER REQUIRING REVIEW,100.0% flagged records (Threshold: 10%)
1053637249,MEDICAL_CLAIM,1,1,100.0,0,0,1,0,0,25.07,25.07,0.0,HIGH-RISK PROVIDER,PROVIDER REQUIRING REVIEW,100.0% flagged records (Threshold: 10%)
1205362837,MEDICAL_CLAIM,4,3,75.0,0,0,3,0,0,25.06,34.52,0.0,HIGH-RISK PROVIDER,PROVIDER REQUIRING REVIEW,75.0% flagged records (Threshold: 10%)
1013933944,MEDICAL_CLAIM,1,1,100.0,0,0,1,0,0,25.05,25.05,0.0,HIGH-RISK PROVIDER,PROVIDER REQUIRING REVIEW,100.0% flagged records (Threshold: 10%)
1548320435,MEDICAL_CLAIM,1,0,0.0,0,1,0,0,0,24.92,24.92,100.0,LOW-RISK PROVIDER,NORMAL,High claim denial/rejection rate of 100.0%
1568061059,MEDICAL_CLAIM,1,0,0.0,0,1,0,0,0,24.86,24.86,100.0,LOW-RISK PROVIDER,NORMAL,High claim denial/rejection rate of 100.0%
1860733566,PRIOR_AUTH,1,0,0.0,1,0,0,0,0,24.85,24.85,0.0,LOW-RISK PROVIDER,NORMAL,Normal claim patterns
1770125932,MEDICAL_CLAIM,1,0,0.0,0,1,0,0,0,24.84,24.84,100.0,LOW-RISK PROVIDER,NORMAL,High claim denial/rejection rate of 100.0%
1971731181,PRIOR_AUTH,1,0,0.0,0,1,0,0,0,24.8,24.8,0.0,LOW-RISK PROVIDER,NORMAL,Normal claim patterns
1262884572,PHARMACY_CLAIM,1,0,0.0,0,1,0,0,0,24.78,24.78,0.0,LOW-RISK PROVIDER,NORMAL,Normal claim patterns
1396282208,MEDICAL_CLAIM,1,0,0.0,0,1,0,0,0,24.78,24.78,0.0,LOW-RISK PROVIDER,NORMAL,Normal claim patterns
1691423071,PHARMACY_CLAIM,1,0,0.0,0,1,0,0,0,24.78,24.78,100.0,LOW-RISK PROVIDER,NORMAL,High claim denial/rejection rate of 100.0%
1298505658,PRIOR_AUTH,1,0,0.0,0,1,0,0,0,24.77,24.77,0.0,LOW-RISK PROVIDER,NORMAL,Normal claim patterns
1361619609,PRIOR_AUTH,1,0,0.0,0,1,0,0,0,24.77,24.77,0.0,LOW-RISK PROVIDER,NORMAL,Normal claim patterns
1599885200,PHARMACY_CLAIM,1,0,0.0,0,1,0,0,0,24.77,24.77,100.0,LOW-RISK PROVIDER,NORMAL,High claim denial/rejection rate of 100.0%
1773352304,PHARMACY_CLAIM,1,0,0.0,0,1,0,0,0,24.77,24.77,100.0,LOW-RISK PROVIDER,NORMAL,High claim denial/rejection rate of 100.0%
1983754496,PRIOR_AUTH,1,0,0.0,0,1,0,0,0,24.77,24.77,0.0,LOW-RISK PROVIDER,NORMAL,Normal claim patterns
1122021563,PRIOR_AUTH,1,0,0.0,0,1,0,0,0,24.75,24.75,0.0,LOW-RISK PROVIDER,NORMAL,Normal claim patterns
1330392987,PRIOR_AUTH,1,0,0.0,0,1,0,0,0,24.75,24.75,0.0,LOW-RISK PROVIDER,NORMAL,Normal claim patterns
1625936922,PRIOR_AUTH,1,0,0.0,0,1,0,0,0,24.75,24.75,0.0,LOW-RISK PROVIDER,NORMAL,Normal claim patterns
1983120731,PRIOR_AUTH,1,0,0.0,0,1,0,0,0,24.75,24.75,0.0,LOW-RISK PROVIDER,NORMAL,Normal claim patterns
1481732527,PRIOR_AUTH,1,0,0.0,0,1,0,0,0,24.74,24.74,0.0,LOW-RISK PROVIDER,NORMAL,Normal claim patterns
1935853889,PHARMACY_CLAIM,1,0,0.0,0,1,0,0,0,24.74,24.74,100.0,LOW-RISK PROVIDER,NORMAL,High claim denial/rejection rate of 100.0%
1310975650,PRIOR_AUTH,2,0,0.0,0,2,0,0,0,24.71,24.71,100.0,LOW-RISK PROVIDER,NORMAL,High claim denial/rejection rate of 100.0%
1778543564,PHARMACY_CLAIM,1,0,0.0,0,1,0,0,0,24.71,24.71,100.0,LOW-RISK PROVIDER,NORMAL,High claim denial/rejection rate of 100.0%
1503566775,PRIOR_AUTH,1,0,0.0,0,1,0,0,0,24.7,24.7,0.0,LOW-RISK PROVIDER,NORMAL,Normal claim patterns
1613736678,PRIOR_AUTH,1,0,0.0,0,1,0,0,0,24.7,24.7,0.0,LOW-RISK PROVIDER,NORMAL,Normal claim patterns
1117556642,PHARMACY_CLAIM,2,0,0.0,0,2,0,0,0,24.69,24.69,0.0,LOW-RISK PROVIDER,NORMAL,Normal claim patterns
1883320741,PRIOR_AUTH,1,0,0.0,0,1,0,0,0,24.69,24.69,100.0,LOW-RISK PROVIDER,NORMAL,High claim denial/rejection rate of 100.0%
1138841418,PRIOR_AUTH,1,0,0.0,0,0,1,0,0,24.68,24.68,0.0,LOW-RISK PROVIDER,NORMAL,Normal claim patterns
1657531109,PRIOR_AUTH,1,0,0.0,0,1,0,0,0,24.68,24.68,0.0,LOW-RISK PROVIDER,NORMAL,Normal claim patterns
1117555372,PRIOR_AUTH,1,0,0.0,0,1,0,0,0,24.66,24.66,100.0,LOW-RISK PROVIDER,NORMAL,High claim denial/rejection rate of 100.0%
1172105444,PRIOR_AUTH,1,0,0.0,0,1,0,0,0,24.66,24.66,0.0,LOW-RISK PROVIDER,NORMAL,Normal claim patterns
1077786657,PHARMACY_CLAIM,1,0,0.0,0,1,0,0,0,24.65,24.65,100.0,LOW-RISK PROVIDER,NORMAL,High claim denial/rejection rate of 100.0%
1175603104,PRIOR_AUTH,1,0,0.0,0,1,0,0,0,24.65,24.65,0.0,LOW-RISK PROVIDER,NORMAL,Normal claim patterns
1634306346,PRIOR_AUTH,1,0,0.0,0,1,0,0,0,24.65,24.65,0.0,LOW-RISK PROVIDER,NORMAL,Normal claim patterns
1210397421,PRIOR_AUTH,1,0,0.0,0,1,0,0,0,24.63,24.63,0.0,LOW-RISK PROVIDER,NORMAL,Normal claim patterns
1538643036,MEDICAL_CLAIM,5,4,80.0,0,0,4,0,0,24.62,31.2,0.0,HIGH-RISK PROVIDER,PROVIDER REQUIRING REVIEW,80.0% flagged records (Threshold: 10%)
1109389179,PRIOR_AUTH,1,0,0.0,0,1,0,0,0,24.62,24.62,0.0,LOW-RISK PROVIDER,NORMAL,Normal claim patterns
1447438502,PRIOR_AUTH,1,0,0.0,0,1,0,0,0,24.62,24.62,0.0,LOW-RISK PROVIDER,NORMAL,Normal claim patterns
1881773232,MEDICAL_CLAIM,5,4,80.0,0,0,4,0,0,24.61,33.62,0.0,HIGH-RISK PROVIDER,PROVIDER REQUIRING REVIEW,80.0% flagged records (Threshold: 10%)
1012804955,PHARMACY_CLAIM,1,0,0.0,0,0,1,0,0,24.6,24.6,0.0,LOW-RISK PROVIDER,NORMAL,Normal claim patterns
1023675392,PRIOR_AUTH,1,0,0.0,0,1,0,0,0,24.6,24.6,0.0,LOW-RISK PROVIDER,NORMAL,Normal claim patterns
1953180273,PRIOR_AUTH,1,0,0.0,0,1,0,0,0,24.59,24.59,100.0,LOW-RISK PROVIDER,NORMAL,High claim denial/rejection rate of 100.0%
1558528356,MEDICAL_CLAIM,5,3,60.0,0,0,4,0,0,24.58,48.48,0.0,HIGH-RISK PROVIDER,PROVIDER REQUIRING REVIEW,60.0% flagged records (Threshold: 10%)
1892441040,PRIOR_AUTH,1,0,0.0,0,1,0,0,0,24.56,24.56,0.0,LOW-RISK PROVIDER,NORMAL,Normal claim patterns
1952613416,MEDICAL_CLAIM,1,0,0.0,0,1,0,0,0,24.56,24.56,100.0,LOW-RISK PROVIDER,NORMAL,High claim denial/rejection rate of 100.0%
1568647519,MEDICAL_CLAIM,1,0,0.0,0,1,0,0,0,24.54,24.54,0.0,LOW-RISK PROVIDER,NORMAL,Normal claim patterns
1700044857,PRIOR_AUTH,1,0,0.0,0,1,0,0,0,24.54,24.54,0.0,LOW-RISK PROVIDER,NORMAL,Normal claim patterns
1004159542,PHARMACY_CLAIM,1,0,0.0,0,1,0,0,0,24.53,24.53,0.0,LOW-RISK PROVIDER,NORMAL,Normal claim patterns
1357892833,PHARMACY_CLAIM,1,0,0.0,0,0,1,0,0,24.52,24.52,0.0,LOW-RISK PROVIDER,NORMAL,Normal claim patterns
1280604517,PRIOR_AUTH,1,0,0.0,0,1,0,0,0,24.51,24.51,0.0,LOW-RISK PROVIDER,NORMAL,Normal claim patterns
1615611036,PRIOR_AUTH,1,0,0.0,0,1,0,0,0,24.51,24.51,0.0,LOW-RISK PROVIDER,NORMAL,Normal claim patterns
1553462362,PRIOR_AUTH,1,0,0.0,0,1,0,0,0,24.49,24.49,100.0,LOW-RISK PROVIDER,NORMAL,High claim denial/rejection rate of 100.0%
1593241872,PRIOR_AUTH,1,0,0.0,0,1,0,0,0,24.48,24.48,100.0,LOW-RISK PROVIDER,NORMAL,High claim denial/rejection rate of 100.0%
1922704563,PHARMACY_CLAIM,1,0,0.0,0,0,1,0,0,24.48,24.48,0.0,LOW-RISK PROVIDER,NORMAL,Normal claim patterns
1136393027,PRIOR_AUTH,1,0,0.0,0,0,1,0,0,24.47,24.47,0.0,LOW-RISK PROVIDER,NORMAL,Normal claim patterns
1000215586,PHARMACY_CLAIM,1,0,0.0,0,1,0,0,0,24.46,24.46,100.0,LOW-RISK PROVIDER,NORMAL,High claim denial/rejection rate of 100.0%
1254395898,PRIOR_AUTH,1,0,0.0,0,1,0,0,0,24.46,24.46,0.0,LOW-RISK PROVIDER,NORMAL,Normal claim patterns
1280747548,PRIOR_AUTH,1,0,0.0,0,1,0,0,0,24.46,24.46,0.0,LOW-RISK PROVIDER,NORMAL,Normal claim patterns
1651020575,PRIOR_AUTH,1,0,0.0,0,1,0,0,0,24.45,24.45,100.0,LOW-RISK PROVIDER,NORMAL,High claim denial/rejection rate of 100.0%
1984167371,PRIOR_AUTH,1,0,0.0,0,1,0,0,0,24.45,24.45,100.0,LOW-RISK PROVIDER,NORMAL,High claim denial/rejection rate of 100.0%
1465431152,PRIOR_AUTH,1,0,0.0,0,1,0,0,0,24.44,24.44,0.0,LOW-RISK PROVIDER,NORMAL,Normal claim patterns
1631317667,PRIOR_AUTH,1,0,0.0,0,1,0,0,0,24.44,24.44,0.0,LOW-RISK PROVIDER,NORMAL,Normal claim patterns
1326361866,PRIOR_AUTH,1,0,0.0,0,1,0,0,0,24.43,24.43,0.0,LOW-RISK PROVIDER,NORMAL,Normal claim patterns
1213860050,PRIOR_AUTH,2,0,0.0,0,2,0,0,0,24.42,24.42,0.0,LOW-RISK PROVIDER,NORMAL,Normal claim patterns
1656093881,PHARMACY_CLAIM,1,0,0.0,0,1,0,0,0,24.4,24.4,0.0,LOW-RISK PROVIDER,NORMAL,Normal claim patterns
1872229714,PHARMACY_CLAIM,1,0,0.0,0,1,0,0,0,24.4,24.4,100.0,LOW-RISK PROVIDER,NORMAL,High claim denial/rejection rate of 100.0%
1471423594,PRIOR_AUTH,1,0,0.0,0,1,0,0,0,24.38,24.38,0.0,LOW-RISK PROVIDER,NORMAL,Normal claim patterns
1735659481,PHARMACY_CLAIM,1,0,0.0,0,1,0,0,0,24.38,24.38,0.0,LOW-RISK PROVIDER,NORMAL,Normal claim patterns
1786839338,PRIOR_AUTH,2,0,0.0,0,2,0,0,0,24.37,24.37,100.0,LOW-RISK PROVIDER,NORMAL,High claim denial/rejection rate of 100.0%
1336411662,PRIOR_AUTH,1,0,0.0,0,1,0,0,0,24.37,24.37,100.0,LOW-RISK PROVIDER,NORMAL,High claim denial/rejection rate of 100.0%
1559140202,PHARMACY_CLAIM,1,0,0.0,0,1,0,0,0,24.37,24.37,100.0,LOW-RISK PROVIDER,NORMAL,High claim denial/rejection rate of 100.0%
1878751327,PHARMACY_CLAIM,2,0,0.0,0,2,0,0,0,24.36,24.36,0.0,LOW-RISK PROVIDER,NORMAL,Normal claim patterns
1356183623,PHARMACY_CLAIM,1,0,0.0,0,1,0,0,0,24.36,24.36,100.0,LOW-RISK PROVIDER,NORMAL,High claim denial/rejection rate of 100.0%
1369264524,PRIOR_AUTH,1,0,0.0,0,1,0,0,0,24.36,24.36,100.0,LOW-RISK PROVIDER,NORMAL,High claim denial/rejection rate of 100.0%
1556277149,PRIOR_AUTH,1,0,0.0,0,1,0,0,0,24.36,24.36,100.0,LOW-RISK PROVIDER,NORMAL,High claim denial/rejection rate of 100.0%
1076587226,PHARMACY_CLAIM,1,0,0.0,0,1,0,0,0,24.34,24.34,100.0,LOW-RISK PROVIDER,NORMAL,High claim denial/rejection rate of 100.0%
1854184495,PRIOR_AUTH,1,0,0.0,0,1,0,0,0,24.34,24.34,0.0,LOW-RISK PROVIDER,NORMAL,Normal claim patterns
1889966798,PRIOR_AUTH,1,0,0.0,0,1,0,0,0,24.34,24.34,0.0,LOW-RISK PROVIDER,NORMAL,Normal claim patterns
1140819346,PHARMACY_CLAIM,1,0,0.0,0,1,0,0,0,24.33,24.33,100.0,LOW-RISK PROVIDER,NORMAL,High claim denial/rejection rate of 100.0%
1545510039,PHARMACY_CLAIM,1,0,0.0,0,1,0,0,0,24.33,24.33,100.0,LOW-RISK PROVIDER,NORMAL,High claim denial/rejection rate of 100.0%
1187857977,PRIOR_AUTH,1,0,0.0,0,1,0,0,0,24.32,24.32,100.0,LOW-RISK PROVIDER,NORMAL,High claim denial/rejection rate of 100.0%
1339652657,PRIOR_AUTH,1,0,0.0,0,1,0,0,0,24.32,24.32,0.0,LOW-RISK PROVIDER,NORMAL,Normal claim patterns
1721289607,PHARMACY_CLAIM,1,0,0.0,0,1,0,0,0,24.32,24.32,100.0,LOW-RISK PROVIDER,NORMAL,High claim denial/rejection rate of 100.0%
1102074661,PHARMACY_CLAIM,1,0,0.0,0,1,0,0,0,24.3,24.3,100.0,LOW-RISK PROVIDER,NORMAL,High claim denial/rejection rate of 100.0%
1934132472,PHARMACY_CLAIM,1,0,0.0,0,1,0,0,0,24.3,24.3,100.0,LOW-RISK PROVIDER,NORMAL,High claim denial/rejection rate of 100.0%
1989136089,PRIOR_AUTH,1,0,0.0,0,1,0,0,0,24.3,24.3,100.0,LOW-RISK PROVIDER,NORMAL,High claim denial/rejection rate of 100.0%
1192267023,PHARMACY_CLAIM,1,0,0.0,0,1,0,0,0,24.28,24.28,100.0,LOW-RISK PROVIDER,NORMAL,High claim denial/rejection rate of 100.0%
1162596675,PRIOR_AUTH,1,0,0.0,0,1,0,0,0,24.27,24.27,100.0,LOW-RISK PROVIDER,NORMAL,High claim denial/rejection rate of 100.0%
1204666032,PHARMACY_CLAIM,1,0,0.0,0,1,0,0,0,24.27,24.27,100.0,LOW-RISK PROVIDER,NORMAL,High claim denial/rejection rate of 100.0%
1979737108,PRIOR_AUTH,1,0,0.0,0,1,0,0,0,24.27,24.27,100.0,LOW-RISK PROVIDER,NORMAL,High claim denial/rejection rate of 100.0%
1268909636,PHARMACY_CLAIM,1,0,0.0,0,1,0,0,0,24.26,24.26,100.0,LOW-RISK PROVIDER,NORMAL,High claim denial/rejection rate of 100.0%
1299115961,PHARMACY_CLAIM,1,0,0.0,0,1,0,0,0,24.26,24.26,100.0,LOW-RISK PROVIDER,NORMAL,High claim denial/rejection rate of 100.0%
1864781705,PRIOR_AUTH,1,0,0.0,0,1,0,0,0,24.25,24.25,100.0,LOW-RISK PROVIDER,NORMAL,High claim denial/rejection rate of 100.0%
1906831683,PHARMACY_CLAIM,1,0,0.0,0,1,0,0,0,24.25,24.25,100.0,LOW-RISK PROVIDER,NORMAL,High claim denial/rejection rate of 100.0%
1225215452,MEDICAL_CLAIM,4,3,75.0,0,0,3,0,0,24.24,30.66,0.0,HIGH-RISK PROVIDER,PROVIDER REQUIRING REVIEW,75.0% flagged records (Threshold: 10%)
1065504569,PRIOR_AUTH,1,0,0.0,0,1,0,0,0,24.23,24.23,0.0,LOW-RISK PROVIDER,NORMAL,Normal claim patterns
1097563296,PRIOR_AUTH,1,0,0.0,0,1,0,0,0,24.23,24.23,0.0,LOW-RISK PROVIDER,NORMAL,Normal claim patterns
1301594950,PRIOR_AUTH,1,0,0.0,0,1,0,0,0,24.23,24.23,0.0,LOW-RISK PROVIDER,NORMAL,Normal claim patterns
1539267944,PRIOR_AUTH,1,0,0.0,0,1,0,0,0,24.23,24.23,0.0,LOW-RISK PROVIDER,NORMAL,Normal claim patterns
1685665853,PRIOR_AUTH,1,0,0.0,0,1,0,0,0,24.23,24.23,0.0,LOW-RISK PROVIDER,NORMAL,Normal claim patterns
1390498990,PHARMACY_CLAIM,1,0,0.0,0,1,0,0,0,24.22,24.22,100.0,LOW-RISK PROVIDER,NORMAL,High claim denial/rejection rate of 100.0%
1426268529,PRIOR_AUTH,1,0,0.0,0,1,0,0,0,24.22,24.22,100.0,LOW-RISK PROVIDER,NORMAL,High claim denial/rejection rate of 100.0%
1641189067,PRIOR_AUTH,1,0,0.0,0,1,0,0,0,24.22,24.22,100.0,LOW-RISK PROVIDER,NORMAL,High claim denial/rejection rate of 100.0%
1405298507,PRIOR_AUTH,1,0,0.0,0,1,0,0,0,24.2,24.2,100.0,LOW-RISK PROVIDER,NORMAL,High claim denial/rejection rate of 100.0%
1514763040,PHARMACY_CLAIM,1,0,0.0,0,1,0,0,0,24.2,24.2,100.0,LOW-RISK PROVIDER,NORMAL,High claim denial/rejection rate of 100.0%
1681502859,PRIOR_AUTH,1,0,0.0,0,1,0,0,0,24.2,24.2,100.0,LOW-RISK PROVIDER,NORMAL,High claim denial/rejection rate of 100.0%
1043100946,PHARMACY_CLAIM,1,0,0.0,0,1,0,0,0,24.19,24.19,100.0,LOW-RISK PROVIDER,NORMAL,High claim denial/rejection rate of 100.0%
1387298232,PHARMACY_CLAIM,1,0,0.0,0,1,0,0,0,24.18,24.18,100.0,LOW-RISK PROVIDER,NORMAL,High claim denial/rejection rate of 100.0%
1332501228,PRIOR_AUTH,2,0,0.0,0,2,0,0,0,24.16,24.16,100.0,LOW-RISK PROVIDER,NORMAL,High claim denial/rejection rate of 100.0%
1525766369,PHARMACY_CLAIM,1,0,0.0,0,1,0,0,0,24.16,24.16,100.0,LOW-RISK PROVIDER,NORMAL,High claim denial/rejection rate of 100.0%
1626012383,PHARMACY_CLAIM,1,0,0.0,0,1,0,0,0,24.15,24.15,100.0,LOW-RISK PROVIDER,NORMAL,High claim denial/rejection rate of 100.0%
1091827532,PHARMACY_CLAIM,2,0,0.0,0,2,0,0,0,24.14,24.14,0.0,LOW-RISK PROVIDER,NORMAL,Normal claim patterns
1365651101,PHARMACY_CLAIM,1,0,0.0,0,1,0,0,0,24.14,24.14,0.0,LOW-RISK PROVIDER,NORMAL,Normal claim patterns
1012103352,PRIOR_AUTH,1,0,0.0,0,1,0,0,0,24.13,24.13,100.0,LOW-RISK PROVIDER,NORMAL,High claim denial/rejection rate of 100.0%
1166946343,PHARMACY_CLAIM,1,0,0.0,0,1,0,0,0,24.13,24.13,100.0,LOW-RISK PROVIDER,NORMAL,High claim denial/rejection rate of 100.0%
1434954320,PHARMACY_CLAIM,1,0,0.0,0,1,0,0,0,24.13,24.13,100.0,LOW-RISK PROVIDER,NORMAL,High claim denial/rejection rate of 100.0%
1573024903,PHARMACY_CLAIM,1,0,0.0,0,1,0,0,0,24.12,24.12,100.0,LOW-RISK PROVIDER,NORMAL,High claim denial/rejection rate of 100.0%
1619188692,PHARMACY_CLAIM,1,0,0.0,0,1,0,0,0,24.12,24.12,100.0,LOW-RISK PROVIDER,NORMAL,High claim denial/rejection rate of 100.0%
1436648492,PRIOR_AUTH,2,0,0.0,0,2,0,0,0,24.11,24.11,100.0,LOW-RISK PROVIDER,NORMAL,High claim denial/rejection rate of 100.0%
1150668795,PHARMACY_CLAIM,1,0,0.0,0,1,0,0,0,24.1,24.1,0.0,LOW-RISK PROVIDER,NORMAL,Normal claim patterns
1200895389,PRIOR_AUTH,1,0,0.0,0,1,0,0,0,24.1,24.1,0.0,LOW-RISK PROVIDER,NORMAL,Normal claim patterns
1097182308,PRIOR_AUTH,1,0,0.0,0,1,0,0,0,24.09,24.09,0.0,LOW-RISK PROVIDER,NORMAL,Normal claim patterns
1869065859,PHARMACY_CLAIM,1,0,0.0,0,1,0,0,0,24.09,24.09,100.0,LOW-RISK PROVIDER,NORMAL,High claim denial/rejection rate of 100.0%
1878326090,PRIOR_AUTH,1,0,0.0,0,1,0,0,0,24.08,24.08,100.0,LOW-RISK PROVIDER,NORMAL,High claim denial/rejection rate of 100.0%
1785517224,PHARMACY_CLAIM,1,0,0.0,0,1,0,0,0,24.07,24.07,100.0,LOW-RISK PROVIDER,NORMAL,High claim denial/rejection rate of 100.0%
1826753726,PRIOR_AUTH,1,0,0.0,0,1,0,0,0,24.07,24.07,0.0,LOW-RISK PROVIDER,NORMAL,Normal claim patterns
1894320841,PRIOR_AUTH,1,0,0.0,0,1,0,0,0,24.07,24.07,100.0,LOW-RISK PROVIDER,NORMAL,High claim denial/rejection rate of 100.0%
1092354812,PRIOR_AUTH,2,0,0.0,0,2,0,0,0,24.05,24.05,100.0,LOW-RISK PROVIDER,NORMAL,High claim denial/rejection rate of 100.0%
1370507544,PRIOR_AUTH,1,0,0.0,0,1,0,0,0,24.05,24.05,100.0,LOW-RISK PROVIDER,NORMAL,High claim denial/rejection rate of 100.0%
1454226693,PHARMACY_CLAIM,1,0,0.0,0,0,1,0,0,24.04,24.04,0.0,LOW-RISK PROVIDER,NORMAL,Normal claim patterns
1133445594,PRIOR_AUTH,1,0,0.0,0,1,0,0,0,24.03,24.03,100.0,LOW-RISK PROVIDER,NORMAL,High claim denial/rejection rate of 100.0%
1516475349,PHARMACY_CLAIM,1,0,0.0,0,1,0,0,0,24.03,24.03,100.0,LOW-RISK PROVIDER,NORMAL,High claim denial/rejection rate of 100.0%
1759735508,PRIOR_AUTH,2,0,0.0,0,2,0,0,0,24.02,24.02,0.0,LOW-RISK PROVIDER,NORMAL,Normal claim patterns
1397143419,PHARMACY_CLAIM,1,0,0.0,0,1,0,0,0,24.02,24.02,100.0,LOW-RISK PROVIDER,NORMAL,High claim denial/rejection rate of 100.0%
1441873961,PRIOR_AUTH,2,0,0.0,0,2,0,0,0,24.01,24.01,100.0,LOW-RISK PROVIDER,NORMAL,High claim denial/rejection rate of 100.0%
1662280766,PHARMACY_CLAIM,1,0,0.0,0,1,0,0,0,24.01,24.01,100.0,LOW-RISK PROVIDER,NORMAL,High claim denial/rejection rate of 100.0%
1283688651,PRIOR_AUTH,1,0,0.0,0,0,1,0,0,24.0,24.0,0.0,LOW-RISK PROVIDER,NORMAL,Normal claim patterns
1539678345,PRIOR_AUTH,1,0,0.0,0,1,0,0,0,24.0,24.0,100.0,LOW-RISK PROVIDER,NORMAL,High claim denial/rejection rate of 100.0%
1794760707,PHARMACY_CLAIM,1,0,0.0,0,1,0,0,0,24.0,24.0,100.0,LOW-RISK PROVIDER,NORMAL,High claim denial/rejection rate of 100.0%
1853256914,PHARMACY_CLAIM,1,0,0.0,0,1,0,0,0,23.99,23.99,100.0,LOW-RISK PROVIDER,NORMAL,High claim denial/rejection rate of 100.0%
1396891016,MEDICAL_CLAIM,2,0,0.0,0,2,0,0,0,23.97,24.56,50.0,LOW-RISK PROVIDER,NORMAL,High claim denial/rejection rate of 50.0%
1572217302,PHARMACY_CLAIM,1,0,0.0,0,1,0,0,0,23.96,23.96,100.0,LOW-RISK PROVIDER,NORMAL,High claim denial/rejection rate of 100.0%
1233154329,PHARMACY_CLAIM,1,0,0.0,0,1,0,0,0,23.95,23.95,100.0,LOW-RISK PROVIDER,NORMAL,High claim denial/rejection rate of 100.0%
1557458092,PRIOR_AUTH,1,0,0.0,0,1,0,0,0,23.95,23.95,100.0,LOW-RISK PROVIDER,NORMAL,High claim denial/rejection rate of 100.0%
1753655289,PRIOR_AUTH,1,0,0.0,0,1,0,0,0,23.95,23.95,100.0,LOW-RISK PROVIDER,NORMAL,High claim denial/rejection rate of 100.0%
1669986998,MEDICAL_CLAIM,11,9,81.82,0,0,9,0,0,23.94,31.25,0.0,HIGH-RISK PROVIDER,PROVIDER REQUIRING REVIEW,81.8% flagged records (Threshold: 10%)
1338030564,PRIOR_AUTH,1,0,0.0,0,1,0,0,0,23.94,23.94,100.0,LOW-RISK PROVIDER,NORMAL,High claim denial/rejection rate of 100.0%
1564245292,PRIOR_AUTH,1,0,0.0,0,1,0,0,0,23.94,23.94,100.0,LOW-RISK PROVIDER,NORMAL,High claim denial/rejection rate of 100.0%
1917832025,PHARMACY_CLAIM,2,0,0.0,0,2,0,0,0,23.93,23.93,0.0,LOW-RISK PROVIDER,NORMAL,Normal claim patterns
1442897306,PRIOR_AUTH,1,0,0.0,0,1,0,0,0,23.93,23.93,100.0,LOW-RISK PROVIDER,NORMAL,High claim denial/rejection rate of 100.0%
1172870078,PRIOR_AUTH,1,0,0.0,0,0,1,0,0,23.92,23.92,0.0,LOW-RISK PROVIDER,NORMAL,Normal claim patterns
1288661580,PRIOR_AUTH,1,0,0.0,0,1,0,0,0,23.92,23.92,100.0,LOW-RISK PROVIDER,NORMAL,High claim denial/rejection rate of 100.0%
1586915329,PHARMACY_CLAIM,1,0,0.0,0,1,0,0,0,23.92,23.92,100.0,LOW-RISK PROVIDER,NORMAL,High claim denial/rejection rate of 100.0%
1362964353,PHARMACY_CLAIM,1,0,0.0,0,1,0,0,0,23.9,23.9,100.0,LOW-RISK PROVIDER,NORMAL,High claim denial/rejection rate of 100.0%
1060035140,PHARMACY_CLAIM,1,0,0.0,0,1,0,0,0,23.89,23.89,100.0,LOW-RISK PROVIDER,NORMAL,High claim denial/rejection rate of 100.0%
1360571193,PRIOR_AUTH,1,0,0.0,0,1,0,0,0,23.89,23.89,100.0,LOW-RISK PROVIDER,NORMAL,High claim denial/rejection rate of 100.0%
1055969464,PRIOR_AUTH,1,0,0.0,0,1,0,0,0,23.88,23.88,100.0,LOW-RISK PROVIDER,NORMAL,High claim denial/rejection rate of 100.0%
1150535516,PRIOR_AUTH,1,0,0.0,0,1,0,0,0,23.88,23.88,100.0,LOW-RISK PROVIDER,NORMAL,High claim denial/rejection rate of 100.0%
1290061675,PHARMACY_CLAIM,1,0,0.0,0,1,0,0,0,23.88,23.88,100.0,LOW-RISK PROVIDER,NORMAL,High claim denial/rejection rate of 100.0%
1615438511,PHARMACY_CLAIM,1,0,0.0,0,1,0,0,0,23.88,23.88,0.0,LOW-RISK PROVIDER,NORMAL,Normal claim patterns
1827259214,PRIOR_AUTH,1,0,0.0,0,1,0,0,0,23.88,23.88,100.0,LOW-RISK PROVIDER,NORMAL,High claim denial/rejection rate of 100.0%
1411380052,PRIOR_AUTH,1,0,0.0,0,1,0,0,0,23.87,23.87,100.0,LOW-RISK PROVIDER,NORMAL,High claim denial/rejection rate of 100.0%
1341515850,PHARMACY_CLAIM,1,0,0.0,0,1,0,0,0,23.86,23.86,100.0,LOW-RISK PROVIDER,NORMAL,High claim denial/rejection rate of 100.0%
1404406793,PRIOR_AUTH,1,0,0.0,0,1,0,0,0,23.86,23.86,100.0,LOW-RISK PROVIDER,NORMAL,High claim denial/rejection rate of 100.0%
1387519190,PHARMACY_CLAIM,1,0,0.0,0,1,0,0,0,23.85,23.85,100.0,LOW-RISK PROVIDER,NORMAL,High claim denial/rejection rate of 100.0%
1996003497,PRIOR_AUTH,1,0,0.0,0,1,0,0,0,23.85,23.85,0.0,LOW-RISK PROVIDER,NORMAL,Normal claim patterns
1431517056,PRIOR_AUTH,1,0,0.0,0,1,0,0,0,23.84,23.84,100.0,LOW-RISK PROVIDER,NORMAL,High claim denial/rejection rate of 100.0%
1673607988,PHARMACY_CLAIM,1,0,0.0,0,1,0,0,0,23.84,23.84,100.0,LOW-RISK PROVIDER,NORMAL,High claim denial/rejection rate of 100.0%
1185295832,PHARMACY_CLAIM,1,0,0.0,0,1,0,0,0,23.83,23.83,100.0,LOW-RISK PROVIDER,NORMAL,High claim denial/rejection rate of 100.0%
1227416655,PHARMACY_CLAIM,1,0,0.0,0,1,0,0,0,23.83,23.83,100.0,LOW-RISK PROVIDER,NORMAL,High claim denial/rejection rate of 100.0%
1640704078,PRIOR_AUTH,1,0,0.0,0,1,0,0,0,23.83,23.83,0.0,LOW-RISK PROVIDER,NORMAL,Normal claim patterns
1334843594,PHARMACY_CLAIM,1,0,0.0,0,0,1,0,0,23.82,23.82,0.0,LOW-RISK PROVIDER,NORMAL,Normal claim patterns
1201754295,PRIOR_AUTH,1,0,0.0,0,1,0,0,0,23.81,23.81,100.0,LOW-RISK PROVIDER,NORMAL,High claim denial/rejection rate of 100.0%
1425791269,PHARMACY_CLAIM,1,0,0.0,0,1,0,0,0,23.81,23.81,100.0,LOW-RISK PROVIDER,NORMAL,High claim denial/rejection rate of 100.0%
1445204519,PHARMACY_CLAIM,1,0,0.0,0,0,1,0,0,23.81,23.81,0.0,LOW-RISK PROVIDER,NORMAL,Normal claim patterns
1540041431,PRIOR_AUTH,1,0,0.0,0,1,0,0,0,23.81,23.81,100.0,LOW-RISK PROVIDER,NORMAL,High claim denial/rejection rate of 100.0%
1311241550,PRIOR_AUTH,1,0,0.0,0,1,0,0,0,23.8,23.8,100.0,LOW-RISK PROVIDER,NORMAL,High claim denial/rejection rate of 100.0%
1348553850,PHARMACY_CLAIM,1,0,0.0,0,1,0,0,0,23.8,23.8,100.0,LOW-RISK PROVIDER,NORMAL,High claim denial/rejection rate of 100.0%
1567086887,PHARMACY_CLAIM,1,0,0.0,0,1,0,0,0,23.8,23.8,100.0,LOW-RISK PROVIDER,NORMAL,High claim denial/rejection rate of 100.0%
1572850903,PRIOR_AUTH,1,0,0.0,0,1,0,0,0,23.8,23.8,0.0,LOW-RISK PROVIDER,NORMAL,Normal claim patterns
1064379504,PHARMACY_CLAIM,1,0,0.0,0,1,0,0,0,23.79,23.79,100.0,LOW-RISK PROVIDER,NORMAL,High claim denial/rejection rate of 100.0%
1737558849,PRIOR_AUTH,1,0,0.0,0,1,0,0,0,23.79,23.79,100.0,LOW-RISK PROVIDER,NORMAL,High claim denial/rejection rate of 100.0%
1810479223,PHARMACY_CLAIM,1,0,0.0,0,1,0,0,0,23.79,23.79,0.0,LOW-RISK PROVIDER,NORMAL,Normal claim patterns
1174650824,MEDICAL_CLAIM,4,3,75.0,0,0,3,0,0,23.78,28.97,0.0,HIGH-RISK PROVIDER,PROVIDER REQUIRING REVIEW,75.0% flagged records (Threshold: 10%)
1246552895,PHARMACY_CLAIM,1,0,0.0,0,1,0,0,0,23.78,23.78,100.0,LOW-RISK PROVIDER,NORMAL,High claim denial/rejection rate of 100.0%
1265954534,PRIOR_AUTH,1,0,0.0,0,1,0,0,0,23.78,23.78,100.0,LOW-RISK PROVIDER,NORMAL,High claim denial/rejection rate of 100.0%
1063415556,PRIOR_AUTH,1,0,0.0,0,1,0,0,0,23.77,23.77,100.0,LOW-RISK PROVIDER,NORMAL,High claim denial/rejection rate of 100.0%
1750314020,PHARMACY_CLAIM,1,0,0.0,0,1,0,0,0,23.77,23.77,100.0,LOW-RISK PROVIDER,NORMAL,High claim denial/rejection rate of 100.0%
1877535593,PRIOR_AUTH,1,0,0.0,0,1,0,0,0,23.76,23.76,0.0,LOW-RISK PROVIDER,NORMAL,Normal claim patterns
1191494619,PHARMACY_CLAIM,1,0,0.0,0,1,0,0,0,23.75,23.75,0.0,LOW-RISK PROVIDER,NORMAL,Normal claim patterns
1120853237,PRIOR_AUTH,1,0,0.0,0,1,0,0,0,23.74,23.74,100.0,LOW-RISK PROVIDER,NORMAL,High claim denial/rejection rate of 100.0%
1089740957,PRIOR_AUTH,1,0,0.0,0,1,0,0,0,23.73,23.73,0.0,LOW-RISK PROVIDER,NORMAL,Normal claim patterns
1314362185,PHARMACY_CLAIM,1,0,0.0,0,1,0,0,0,23.73,23.73,100.0,LOW-RISK PROVIDER,NORMAL,High claim denial/rejection rate of 100.0%
1750908044,PHARMACY_CLAIM,1,0,0.0,0,0,1,0,0,23.73,23.73,0.0,LOW-RISK PROVIDER,NORMAL,Normal claim patterns
1407891336,MEDICAL_CLAIM,4,3,75.0,0,0,3,0,0,23.72,30.27,0.0,HIGH-RISK PROVIDER,PROVIDER REQUIRING REVIEW,75.0% flagged records (Threshold: 10%)
1716246105,PHARMACY_CLAIM,1,0,0.0,0,1,0,0,0,23.72,23.72,100.0,LOW-RISK PROVIDER,NORMAL,High claim denial/rejection rate of 100.0%
1885081846,PRIOR_AUTH,1,0,0.0,0,1,0,0,0,23.72,23.72,100.0,LOW-RISK PROVIDER,NORMAL,High claim denial/rejection rate of 100.0%
1156585529,PHARMACY_CLAIM,1,0,0.0,0,1,0,0,0,23.71,23.71,100.0,LOW-RISK PROVIDER,NORMAL,High claim denial/rejection rate of 100.0%
1445157892,PRIOR_AUTH,1,0,0.0,0,1,0,0,0,23.71,23.71,100.0,LOW-RISK PROVIDER,NORMAL,High claim denial/rejection rate of 100.0%
1627391584,PHARMACY_CLAIM,1,0,0.0,0,1,0,0,0,23.71,23.71,100.0,LOW-RISK PROVIDER,NORMAL,High claim denial/rejection rate of 100.0%
1834651349,PRIOR_AUTH,1,0,0.0,0,1,0,0,0,23.71,23.71,100.0,LOW-RISK PROVIDER,NORMAL,High claim denial/rejection rate of 100.0%
1352390726,PHARMACY_CLAIM,1,0,0.0,0,1,0,0,0,23.7,23.7,100.0,LOW-RISK PROVIDER,NORMAL,High claim denial/rejection rate of 100.0%
1495490513,PHARMACY_CLAIM,1,0,0.0,0,1,0,0,0,23.7,23.7,100.0,LOW-RISK PROVIDER,NORMAL,High claim denial/rejection rate of 100.0%
1605516002,PHARMACY_CLAIM,1,0,0.0,0,1,0,0,0,23.7,23.7,100.0,LOW-RISK PROVIDER,NORMAL,High claim denial/rejection rate of 100.0%
1137445191,PRIOR_AUTH,1,0,0.0,0,1,0,0,0,23.69,23.69,0.0,LOW-RISK PROVIDER,NORMAL,Normal claim patterns
1288303763,PRIOR_AUTH,1,0,0.0,0,1,0,0,0,23.69,23.69,0.0,LOW-RISK PROVIDER,NORMAL,Normal claim patterns
1396161651,PHARMACY_CLAIM,1,0,0.0,0,1,0,0,0,23.69,23.69,100.0,LOW-RISK PROVIDER,NORMAL,High claim denial/rejection rate of 100.0%
1775267049,PHARMACY_CLAIM,1,0,0.0,0,1,0,0,0,23.69,23.69,100.0,LOW-RISK PROVIDER,NORMAL,High claim denial/rejection rate of 100.0%
1285046735,PHARMACY_CLAIM,1,0,0.0,0,0,1,0,0,23.68,23.68,0.0,LOW-RISK PROVIDER,NORMAL,Normal claim patterns
1344684596,PRIOR_AUTH,1,0,0.0,0,1,0,0,0,23.68,23.68,100.0,LOW-RISK PROVIDER,NORMAL,High claim denial/rejection rate of 100.0%
1478147581,PRIOR_AUTH,1,0,0.0,0,1,0,0,0,23.67,23.67,100.0,LOW-RISK PROVIDER,NORMAL,High claim denial/rejection rate of 100.0%
1117454709,PRIOR_AUTH,1,0,0.0,0,1,0,0,0,23.66,23.66,0.0,LOW-RISK PROVIDER,NORMAL,Normal claim patterns
1601226405,PRIOR_AUTH,1,0,0.0,0,1,0,0,0,23.66,23.66,100.0,LOW-RISK PROVIDER,NORMAL,High claim denial/rejection rate of 100.0%
1657852058,PHARMACY_CLAIM,1,0,0.0,0,1,0,0,0,23.65,23.65,0.0,LOW-RISK PROVIDER,NORMAL,Normal claim patterns
1688084657,PRIOR_AUTH,1,0,0.0,0,1,0,0,0,23.65,23.65,0.0,LOW-RISK PROVIDER,NORMAL,Normal claim patterns
1126858076,PHARMACY_CLAIM,1,0,0.0,0,1,0,0,0,23.64,23.64,100.0,LOW-RISK PROVIDER,NORMAL,High claim denial/rejection rate of 100.0%
1923564652,PHARMACY_CLAIM,1,0,0.0,0,1,0,0,0,23.63,23.63,100.0,LOW-RISK PROVIDER,NORMAL,High claim denial/rejection rate of 100.0%
1667016829,PRIOR_AUTH,1,0,0.0,0,0,1,0,0,23.62,23.62,100.0,LOW-RISK PROVIDER,NORMAL,High claim denial/rejection rate of 100.0%
1949522307,PHARMACY_CLAIM,1,0,0.0,0,1,0,0,0,23.62,23.62,100.0,LOW-RISK PROVIDER,NORMAL,High claim denial/rejection rate of 100.0%
1982893254,PHARMACY_CLAIM,1,0,0.0,0,0,1,0,0,23.62,23.62,0.0,LOW-RISK PROVIDER,NORMAL,Normal claim patterns
1264088337,PHARMACY_CLAIM,1,0,0.0,0,0,1,0,0,23.61,23.61,0.0,LOW-RISK PROVIDER,NORMAL,Normal claim patterns
1428341477,PHARMACY_CLAIM,1,0,0.0,0,0,1,0,0,23.61,23.61,0.0,LOW-RISK PROVIDER,NORMAL,Normal claim patterns
1784861045,PHARMACY_CLAIM,1,0,0.0,0,1,0,0,0,23.61,23.61,100.0,LOW-RISK PROVIDER,NORMAL,High claim denial/rejection rate of 100.0%
1073653952,PHARMACY_CLAIM,1,0,0.0,0,1,0,0,0,23.6,23.6,100.0,LOW-RISK PROVIDER,NORMAL,High claim denial/rejection rate of 100.0%
1806408805,PRIOR_AUTH,1,0,0.0,0,1,0,0,0,23.6,23.6,100.0,LOW-RISK PROVIDER,NORMAL,High claim denial/rejection rate of 100.0%
1137720221,PHARMACY_CLAIM,1,0,0.0,0,1,0,0,0,23.59,23.59,100.0,LOW-RISK PROVIDER,NORMAL,High claim denial/rejection rate of 100.0%
1328113563,PRIOR_AUTH,1,0,0.0,0,1,0,0,0,23.59,23.59,100.0,LOW-RISK PROVIDER,NORMAL,High claim denial/rejection rate of 100.0%
1442894613,PRIOR_AUTH,1,0,0.0,0,1,0,0,0,23.59,23.59,0.0,LOW-RISK PROVIDER,NORMAL,Normal claim patterns
1467607922,PRIOR_AUTH,1,0,0.0,0,1,0,0,0,23.59,23.59,0.0,LOW-RISK PROVIDER,NORMAL,Normal claim patterns
1196513623,PHARMACY_CLAIM,1,0,0.0,0,1,0,0,0,23.58,23.58,100.0,LOW-RISK PROVIDER,NORMAL,High claim denial/rejection rate of 100.0%
1244706283,PRIOR_AUTH,1,0,0.0,0,0,1,0,0,23.58,23.58,0.0,LOW-RISK PROVIDER,NORMAL,Normal claim patterns
1623781655,PRIOR_AUTH,1,0,0.0,0,1,0,0,0,23.58,23.58,0.0,LOW-RISK PROVIDER,NORMAL,Normal claim patterns
1046572942,PHARMACY_CLAIM,1,0,0.0,0,1,0,0,0,23.57,23.57,100.0,LOW-RISK PROVIDER,NORMAL,High claim denial/rejection rate of 100.0%
1126294016,PRIOR_AUTH,1,0,0.0,0,1,0,0,0,23.57,23.57,100.0,LOW-RISK PROVIDER,NORMAL,High claim denial/rejection rate of 100.0%
1687874214,PRIOR_AUTH,1,0,0.0,0,1,0,0,0,23.57,23.57,100.0,LOW-RISK PROVIDER,NORMAL,High claim denial/rejection rate of 100.0%
1728638547,PHARMACY_CLAIM,1,0,0.0,0,1,0,0,0,23.57,23.57,100.0,LOW-RISK PROVIDER,NORMAL,High claim denial/rejection rate of 100.0%
1956761245,PRIOR_AUTH,1,0,0.0,0,1,0,0,0,23.57,23.57,100.0,LOW-RISK PROVIDER,NORMAL,High claim denial/rejection rate of 100.0%
1834777285,PHARMACY_CLAIM,1,0,0.0,0,1,0,0,0,23.56,23.56,100.0,LOW-RISK PROVIDER,NORMAL,High claim denial/rejection rate of 100.0%
1449889628,PHARMACY_CLAIM,1,0,0.0,0,1,0,0,0,23.55,23.55,100.0,LOW-RISK PROVIDER,NORMAL,High claim denial/rejection rate of 100.0%
1569490113,PHARMACY_CLAIM,1,0,0.0,0,0,1,0,0,23.55,23.55,0.0,LOW-RISK PROVIDER,NORMAL,Normal claim patterns
1626021403,PHARMACY_CLAIM,1,0,0.0,0,1,0,0,0,23.55,23.55,100.0,LOW-RISK PROVIDER,NORMAL,High claim denial/rejection rate of 100.0%
1210459479,PHARMACY_CLAIM,1,0,0.0,0,0,1,0,0,23.54,23.54,0.0,LOW-RISK PROVIDER,NORMAL,Normal claim patterns
1284481598,PHARMACY_CLAIM,1,0,0.0,0,1,0,0,0,23.54,23.54,100.0,LOW-RISK PROVIDER,NORMAL,High claim denial/rejection rate of 100.0%
1593120356,PRIOR_AUTH,1,0,0.0,0,1,0,0,0,23.54,23.54,100.0,LOW-RISK PROVIDER,NORMAL,High claim denial/rejection rate of 100.0%
1982812729,PRIOR_AUTH,1,0,0.0,0,1,0,0,0,23.54,23.54,100.0,LOW-RISK PROVIDER,NORMAL,High claim denial/rejection rate of 100.0%
1317946861,PHARMACY_CLAIM,1,0,0.0,0,1,0,0,0,23.53,23.53,100.0,LOW-RISK PROVIDER,NORMAL,High claim denial/rejection rate of 100.0%
1419120595,PHARMACY_CLAIM,1,0,0.0,0,0,1,0,0,23.53,23.53,0.0,LOW-RISK PROVIDER,NORMAL,Normal claim patterns
1599904365,PRIOR_AUTH,1,0,0.0,0,1,0,0,0,23.53,23.53,100.0,LOW-RISK PROVIDER,NORMAL,High claim denial/rejection rate of 100.0%
1865998878,PRIOR_AUTH,2,0,0.0,0,2,0,0,0,23.52,23.52,0.0,LOW-RISK PROVIDER,NORMAL,Normal claim patterns
1130025369,PRIOR_AUTH,1,0,0.0,0,1,0,0,0,23.52,23.52,0.0,LOW-RISK PROVIDER,NORMAL,Normal claim patterns
1582184354,PHARMACY_CLAIM,1,0,0.0,0,1,0,0,0,23.52,23.52,100.0,LOW-RISK PROVIDER,NORMAL,High claim denial/rejection rate of 100.0%
1261934648,PHARMACY_CLAIM,1,0,0.0,0,1,0,0,0,23.51,23.51,100.0,LOW-RISK PROVIDER,NORMAL,High claim denial/rejection rate of 100.0%
1361014996,PRIOR_AUTH,1,0,0.0,0,1,0,0,0,23.51,23.51,0.0,LOW-RISK PROVIDER,NORMAL,Normal claim patterns
1665814023,PHARMACY_CLAIM,1,0,0.0,0,1,0,0,0,23.51,23.51,100.0,LOW-RISK PROVIDER,NORMAL,High claim denial/rejection rate of 100.0%
1551502280,PRIOR_AUTH,1,0,0.0,0,1,0,0,0,23.5,23.5,100.0,LOW-RISK PROVIDER,NORMAL,High claim denial/rejection rate of 100.0%
1895136374,PHARMACY_CLAIM,1,0,0.0,0,1,0,0,0,23.5,23.5,0.0,LOW-RISK PROVIDER,NORMAL,Normal claim patterns
1909080806,PRIOR_AUTH,1,0,0.0,0,1,0,0,0,23.5,23.5,0.0,LOW-RISK PROVIDER,NORMAL,Normal claim patterns
1250442727,PRIOR_AUTH,1,0,0.0,0,1,0,0,0,23.48,23.48,100.0,LOW-RISK PROVIDER,NORMAL,High claim denial/rejection rate of 100.0%
1688460770,PHARMACY_CLAIM,1,0,0.0,0,1,0,0,0,23.47,23.47,0.0,LOW-RISK PROVIDER,NORMAL,Normal claim patterns
1067184931,PHARMACY_CLAIM,1,0,0.0,0,1,0,0,0,23.46,23.46,100.0,LOW-RISK PROVIDER,NORMAL,High claim denial/rejection rate of 100.0%
1491954698,PRIOR_AUTH,1,0,0.0,0,1,0,0,0,23.46,23.46,100.0,LOW-RISK PROVIDER,NORMAL,High claim denial/rejection rate of 100.0%
1498168318,PHARMACY_CLAIM,1,0,0.0,0,1,0,0,0,23.46,23.46,100.0,LOW-RISK PROVIDER,NORMAL,High claim denial/rejection rate of 100.0%
1567202012,PRIOR_AUTH,1,0,0.0,0,1,0,0,0,23.46,23.46,100.0,LOW-RISK PROVIDER,NORMAL,High claim denial/rejection rate of 100.0%
1758643767,PRIOR_AUTH,1,0,0.0,0,1,0,0,0,23.46,23.46,100.0,LOW-RISK PROVIDER,NORMAL,High claim denial/rejection rate of 100.0%
1804935888,PHARMACY_CLAIM,1,0,0.0,0,0,1,0,0,23.46,23.46,0.0,LOW-RISK PROVIDER,NORMAL,Normal claim patterns
1219569116,PHARMACY_CLAIM,1,0,0.0,0,1,0,0,0,23.45,23.45,100.0,LOW-RISK PROVIDER,NORMAL,High claim denial/rejection rate of 100.0%
1689724303,PRIOR_AUTH,1,0,0.0,0,0,1,0,0,23.45,23.45,0.0,LOW-RISK PROVIDER,NORMAL,Normal claim patterns
1744847326,PRIOR_AUTH,2,0,0.0,0,2,0,0,0,23.44,23.44,0.0,LOW-RISK PROVIDER,NORMAL,Normal claim patterns
1141535298,PHARMACY_CLAIM,1,0,0.0,0,1,0,0,0,23.43,23.43,100.0,LOW-RISK PROVIDER,NORMAL,High claim denial/rejection rate of 100.0%
1261376274,PHARMACY_CLAIM,1,0,0.0,0,1,0,0,0,23.43,23.43,100.0,LOW-RISK PROVIDER,NORMAL,High claim denial/rejection rate of 100.0%
1017759558,PHARMACY_CLAIM,1,0,0.0,0,1,0,0,0,23.42,23.42,100.0,LOW-RISK PROVIDER,NORMAL,High claim denial/rejection rate of 100.0%
1025231652,PRIOR_AUTH,1,0,0.0,0,1,0,0,0,23.41,23.41,100.0,LOW-RISK PROVIDER,NORMAL,High claim denial/rejection rate of 100.0%
1157147296,PRIOR_AUTH,1,0,0.0,0,1,0,0,0,23.41,23.41,0.0,LOW-RISK PROVIDER,NORMAL,Normal claim patterns
1611620934,PHARMACY_CLAIM,1,0,0.0,0,1,0,0,0,23.41,23.41,100.0,LOW-RISK PROVIDER,NORMAL,High claim denial/rejection rate of 100.0%
1575865359,PRIOR_AUTH,1,0,0.0,0,1,0,0,0,23.4,23.4,100.0,LOW-RISK PROVIDER,NORMAL,High claim denial/rejection rate of 100.0%
1608384412,PHARMACY_CLAIM,1,0,0.0,0,1,0,0,0,23.39,23.39,100.0,LOW-RISK PROVIDER,NORMAL,High claim denial/rejection rate of 100.0%
1718964843,PRIOR_AUTH,1,0,0.0,0,1,0,0,0,23.39,23.39,100.0,LOW-RISK PROVIDER,NORMAL,High claim denial/rejection rate of 100.0%
1776991409,PHARMACY_CLAIM,1,0,0.0,0,1,0,0,0,23.38,23.38,100.0,LOW-RISK PROVIDER,NORMAL,High claim denial/rejection rate of 100.0%
1395395612,PRIOR_AUTH,1,0,0.0,0,1,0,0,0,23.37,23.37,0.0,LOW-RISK PROVIDER,NORMAL,Normal claim patterns
1594854147,PHARMACY_CLAIM,1,0,0.0,0,1,0,0,0,23.37,23.37,100.0,LOW-RISK PROVIDER,NORMAL,High claim denial/rejection rate of 100.0%
1682911850,PHARMACY_CLAIM,1,0,0.0,0,1,0,0,0,23.36,23.36,0.0,LOW-RISK PROVIDER,NORMAL,Normal claim patterns
1053469190,PRIOR_AUTH,1,0,0.0,0,1,0,0,0,23.34,23.34,0.0,LOW-RISK PROVIDER,NORMAL,Normal claim patterns
1091958165,PRIOR_AUTH,1,0,0.0,0,1,0,0,0,23.34,23.34,100.0,LOW-RISK PROVIDER,NORMAL,High claim denial/rejection rate of 100.0%
1118553907,PHARMACY_CLAIM,1,0,0.0,0,0,1,0,0,23.34,23.34,0.0,LOW-RISK PROVIDER,NORMAL,Normal claim patterns
1494904981,PHARMACY_CLAIM,1,0,0.0,0,1,0,0,0,23.34,23.34,100.0,LOW-RISK PROVIDER,NORMAL,High claim denial/rejection rate of 100.0%
1574095085,PRIOR_AUTH,1,0,0.0,0,1,0,0,0,23.34,23.34,100.0,LOW-RISK PROVIDER,NORMAL,High claim denial/rejection rate of 100.0%
1265785232,MEDICAL_CLAIM,4,3,75.0,0,1,2,0,0,23.33,32.2,0.0,HIGH-RISK PROVIDER,PROVIDER REQUIRING REVIEW,75.0% flagged records (Threshold: 10%)
1142757553,PHARMACY_CLAIM,1,0,0.0,0,0,1,0,0,23.33,23.33,0.0,LOW-RISK PROVIDER,NORMAL,Normal claim patterns
1777141817,PRIOR_AUTH,1,0,0.0,0,1,0,0,0,23.33,23.33,100.0,LOW-RISK PROVIDER,NORMAL,High claim denial/rejection rate of 100.0%
1614582267,PHARMACY_CLAIM,1,0,0.0,0,1,0,0,0,23.32,23.32,100.0,LOW-RISK PROVIDER,NORMAL,High claim denial/rejection rate of 100.0%
1769173898,PHARMACY_CLAIM,1,0,0.0,0,1,0,0,0,23.32,23.32,0.0,LOW-RISK PROVIDER,NORMAL,Normal claim patterns
1116298541,PRIOR_AUTH,1,0,0.0,0,0,1,0,0,23.31,23.31,100.0,LOW-RISK PROVIDER,NORMAL,High claim denial/rejection rate of 100.0%
1195186595,PHARMACY_CLAIM,1,0,0.0,0,1,0,0,0,23.3,23.3,100.0,LOW-RISK PROVIDER,NORMAL,High claim denial/rejection rate of 100.0%
1649363580,PHARMACY_CLAIM,1,0,0.0,0,1,0,0,0,23.3,23.3,100.0,LOW-RISK PROVIDER,NORMAL,High claim denial/rejection rate of 100.0%
1518239219,MEDICAL_CLAIM,5,4,80.0,0,0,4,0,0,23.29,30.55,0.0,HIGH-RISK PROVIDER,PROVIDER REQUIRING REVIEW,80.0% flagged records (Threshold: 10%)
1325920677,PRIOR_AUTH,1,0,0.0,0,0,1,0,0,23.28,23.28,100.0,LOW-RISK PROVIDER,NORMAL,High claim denial/rejection rate of 100.0%
1240520080,PRIOR_AUTH,2,0,0.0,0,2,0,0,0,23.27,23.27,0.0,LOW-RISK PROVIDER,NORMAL,Normal claim patterns
1878655203,PHARMACY_CLAIM,1,0,0.0,0,0,1,0,0,23.27,23.27,0.0,LOW-RISK PROVIDER,NORMAL,Normal claim patterns
1993077143,PHARMACY_CLAIM,1,0,0.0,0,1,0,0,0,23.27,23.27,100.0,LOW-RISK PROVIDER,NORMAL,High claim denial/rejection rate of 100.0%
1340636094,PHARMACY_CLAIM,1,0,0.0,0,1,0,0,0,23.26,23.26,100.0,LOW-RISK PROVIDER,NORMAL,High claim denial/rejection rate of 100.0%
1502299589,PHARMACY_CLAIM,1,0,0.0,0,0,1,0,0,23.26,23.26,0.0,LOW-RISK PROVIDER,NORMAL,Normal claim patterns
1505752029,PRIOR_AUTH,1,0,0.0,0,1,0,0,0,23.26,23.26,0.0,LOW-RISK PROVIDER,NORMAL,Normal claim patterns
1539959174,PRIOR_AUTH,1,0,0.0,0,1,0,0,0,23.26,23.26,100.0,LOW-RISK PROVIDER,NORMAL,High claim denial/rejection rate of 100.0%
1672480193,PHARMACY_CLAIM,1,0,0.0,0,1,0,0,0,23.26,23.26,100.0,LOW-RISK PROVIDER,NORMAL,High claim denial/rejection rate of 100.0%
1020459715,PHARMACY_CLAIM,2,0,0.0,0,2,0,0,0,23.25,23.25,0.0,LOW-RISK PROVIDER,NORMAL,Normal claim patterns
1100241274,PHARMACY_CLAIM,1,0,0.0,0,1,0,0,0,23.25,23.25,100.0,LOW-RISK PROVIDER,NORMAL,High claim denial/rejection rate of 100.0%
1889707957,PRIOR_AUTH,1,0,0.0,0,1,0,0,0,23.25,23.25,100.0,LOW-RISK PROVIDER,NORMAL,High claim denial/rejection rate of 100.0%
1798565695,PRIOR_AUTH,1,0,0.0,0,1,0,0,0,23.24,23.24,0.0,LOW-RISK PROVIDER,NORMAL,Normal claim patterns
1043862347,PHARMACY_CLAIM,1,0,0.0,0,1,0,0,0,23.22,23.22,100.0,LOW-RISK PROVIDER,NORMAL,High claim denial/rejection rate of 100.0%
1879250454,PHARMACY_CLAIM,2,0,0.0,0,2,0,0,0,23.21,23.21,0.0,LOW-RISK PROVIDER,NORMAL,Normal claim patterns
1244408100,PHARMACY_CLAIM,1,0,0.0,0,1,0,0,0,23.21,23.21,100.0,LOW-RISK PROVIDER,NORMAL,High claim denial/rejection rate of 100.0%
1464458163,PRIOR_AUTH,1,0,0.0,0,1,0,0,0,23.2,23.2,0.0,LOW-RISK PROVIDER,NORMAL,Normal claim patterns
1571088480,PRIOR_AUTH,1,0,0.0,0,1,0,0,0,23.2,23.2,0.0,LOW-RISK PROVIDER,NORMAL,Normal claim patterns
1862278576,PHARMACY_CLAIM,1,0,0.0,0,0,1,0,0,23.2,23.2,0.0,LOW-RISK PROVIDER,NORMAL,Normal claim patterns
1295014116,MEDICAL_CLAIM,6,4,66.67,0,2,3,0,0,23.19,47.81,0.0,HIGH-RISK PROVIDER,PROVIDER REQUIRING REVIEW,66.7% flagged records (Threshold: 10%)
1138450333,PHARMACY_CLAIM,1,0,0.0,0,1,0,0,0,23.19,23.19,100.0,LOW-RISK PROVIDER,NORMAL,High claim denial/rejection rate of 100.0%
1076438337,PHARMACY_CLAIM,1,0,0.0,0,0,1,0,0,23.18,23.18,0.0,LOW-RISK PROVIDER,NORMAL,Normal claim patterns
1171917810,PHARMACY_CLAIM,1,0,0.0,0,0,1,0,0,23.18,23.18,0.0,LOW-RISK PROVIDER,NORMAL,Normal claim patterns
1844771448,PRIOR_AUTH,1,0,0.0,0,1,0,0,0,23.18,23.18,0.0,LOW-RISK PROVIDER,NORMAL,Normal claim patterns
1901903079,PHARMACY_CLAIM,1,0,0.0,0,1,0,0,0,23.18,23.18,100.0,LOW-RISK PROVIDER,NORMAL,High claim denial/rejection rate of 100.0%
1427184654,MEDICAL_CLAIM,4,3,75.0,0,2,1,0,0,23.17,29.33,0.0,HIGH-RISK PROVIDER,PROVIDER REQUIRING REVIEW,75.0% flagged records (Threshold: 10%)
1314984009,PRIOR_AUTH,2,0,0.0,0,2,0,0,0,23.17,23.17,0.0,LOW-RISK PROVIDER,NORMAL,Normal claim patterns
1178794331,PHARMACY_CLAIM,1,0,0.0,0,0,1,0,0,23.16,23.16,0.0,LOW-RISK PROVIDER,NORMAL,Normal claim patterns
1803644959,PRIOR_AUTH,1,0,0.0,0,1,0,0,0,23.16,23.16,0.0,LOW-RISK PROVIDER,NORMAL,Normal claim patterns
1510216849,PHARMACY_CLAIM,1,0,0.0,0,1,0,0,0,23.15,23.15,100.0,LOW-RISK PROVIDER,NORMAL,High claim denial/rejection rate of 100.0%
1096925643,PRIOR_AUTH,1,0,0.0,0,1,0,0,0,23.14,23.14,100.0,LOW-RISK PROVIDER,NORMAL,High claim denial/rejection rate of 100.0%
1100670387,PRIOR_AUTH,1,0,0.0,0,1,0,0,0,23.14,23.14,100.0,LOW-RISK PROVIDER,NORMAL,High claim denial/rejection rate of 100.0%
1458138585,PHARMACY_CLAIM,1,0,0.0,0,0,1,0,0,23.14,23.14,0.0,LOW-RISK PROVIDER,NORMAL,Normal claim patterns
1656526621,PHARMACY_CLAIM,1,0,0.0,0,1,0,0,0,23.14,23.14,100.0,LOW-RISK PROVIDER,NORMAL,High claim denial/rejection rate of 100.0%
1695419265,PRIOR_AUTH,1,0,0.0,0,1,0,0,0,23.14,23.14,100.0,LOW-RISK PROVIDER,NORMAL,High claim denial/rejection rate of 100.0%
1678395791,PHARMACY_CLAIM,1,0,0.0,0,1,0,0,0,23.13,23.13,100.0,LOW-RISK PROVIDER,NORMAL,High claim denial/rejection rate of 100.0%
1295388239,MEDICAL_CLAIM,6,4,66.67,0,0,5,0,0,23.12,48.34,0.0,HIGH-RISK PROVIDER,PROVIDER REQUIRING REVIEW,66.7% flagged records (Threshold: 10%)
1396181590,MEDICAL_CLAIM,4,3,75.0,0,0,3,0,0,23.12,29.76,0.0,HIGH-RISK PROVIDER,PROVIDER REQUIRING REVIEW,75.0% flagged records (Threshold: 10%)
1054413648,PHARMACY_CLAIM,1,0,0.0,0,1,0,0,0,23.12,23.12,100.0,LOW-RISK PROVIDER,NORMAL,High claim denial/rejection rate of 100.0%
1174550384,PRIOR_AUTH,1,0,0.0,0,1,0,0,0,23.12,23.12,100.0,LOW-RISK PROVIDER,NORMAL,High claim denial/rejection rate of 100.0%
1420482140,PRIOR_AUTH,1,0,0.0,0,1,0,0,0,23.12,23.12,100.0,LOW-RISK PROVIDER,NORMAL,High claim denial/rejection rate of 100.0%
1436908626,PRIOR_AUTH,1,0,0.0,0,1,0,0,0,23.12,23.12,0.0,LOW-RISK PROVIDER,NORMAL,Normal claim patterns
1275914521,PRIOR_AUTH,1,0,0.0,0,1,0,0,0,23.11,23.11,0.0,LOW-RISK PROVIDER,NORMAL,Normal claim patterns
1904750506,PHARMACY_CLAIM,1,0,0.0,0,1,0,0,0,23.11,23.11,100.0,LOW-RISK PROVIDER,NORMAL,High claim denial/rejection rate of 100.0%
1214806504,PHARMACY_CLAIM,1,0,0.0,0,1,0,0,0,23.1,23.1,100.0,LOW-RISK PROVIDER,NORMAL,High claim denial/rejection rate of 100.0%
1222433905,PRIOR_AUTH,1,0,0.0,0,1,0,0,0,23.09,23.09,0.0,LOW-RISK PROVIDER,NORMAL,Normal claim patterns
1368240929,PRIOR_AUTH,1,0,0.0,0,0,1,0,0,23.09,23.09,100.0,LOW-RISK PROVIDER,NORMAL,High claim denial/rejection rate of 100.0%
1356318091,MEDICAL_CLAIM,5,4,80.0,0,0,4,0,0,23.08,31.1,0.0,HIGH-RISK PROVIDER,PROVIDER REQUIRING REVIEW,80.0% flagged records (Threshold: 10%)
1451461979,PHARMACY_CLAIM,1,0,0.0,0,1,0,0,0,23.08,23.08,0.0,LOW-RISK PROVIDER,NORMAL,Normal claim patterns
1016496881,PRIOR_AUTH,1,0,0.0,0,1,0,0,0,23.07,23.07,0.0,LOW-RISK PROVIDER,NORMAL,Normal claim patterns
1386936180,PHARMACY_CLAIM,1,0,0.0,0,1,0,0,0,23.06,23.06,100.0,LOW-RISK PROVIDER,NORMAL,High claim denial/rejection rate of 100.0%
1714655874,PRIOR_AUTH,1,0,0.0,0,0,1,0,0,23.06,23.06,100.0,LOW-RISK PROVIDER,NORMAL,High claim denial/rejection rate of 100.0%
1417025917,MEDICAL_CLAIM,4,3,75.0,0,0,3,0,0,23.05,31.49,0.0,HIGH-RISK PROVIDER,PROVIDER REQUIRING REVIEW,75.0% flagged records (Threshold: 10%)
1557519274,PRIOR_AUTH,1,0,0.0,0,1,0,0,0,23.05,23.05,0.0,LOW-RISK PROVIDER,NORMAL,Normal claim patterns
1910780118,PHARMACY_CLAIM,1,0,0.0,0,1,0,0,0,23.05,23.05,100.0,LOW-RISK PROVIDER,NORMAL,High claim denial/rejection rate of 100.0%
1884637718,PHARMACY_CLAIM,2,0,0.0,0,2,0,0,0,23.04,23.04,0.0,LOW-RISK PROVIDER,NORMAL,Normal claim patterns
1003861311,PRIOR_AUTH,1,0,0.0,0,1,0,0,0,23.04,23.04,0.0,LOW-RISK PROVIDER,NORMAL,Normal claim patterns
1202992557,PHARMACY_CLAIM,1,0,0.0,0,0,1,0,0,23.04,23.04,0.0,LOW-RISK PROVIDER,NORMAL,Normal claim patterns
1845079562,PRIOR_AUTH,1,0,0.0,0,1,0,0,0,23.04,23.04,0.0,LOW-RISK PROVIDER,NORMAL,Normal claim patterns
1120032353,PRIOR_AUTH,1,0,0.0,0,1,0,0,0,23.03,23.03,0.0,LOW-RISK PROVIDER,NORMAL,Normal claim patterns
1270131279,PHARMACY_CLAIM,1,0,0.0,0,1,0,0,0,23.03,23.03,0.0,LOW-RISK PROVIDER,NORMAL,Normal claim patterns
1731624821,PRIOR_AUTH,2,0,0.0,0,2,0,0,0,23.02,23.02,0.0,LOW-RISK PROVIDER,NORMAL,Normal claim patterns
1247591882,PRIOR_AUTH,1,0,0.0,0,0,1,0,0,23.02,23.02,100.0,LOW-RISK PROVIDER,NORMAL,High claim denial/rejection rate of 100.0%
1351454881,PHARMACY_CLAIM,1,0,0.0,0,1,0,0,0,23.02,23.02,100.0,LOW-RISK PROVIDER,NORMAL,High claim denial/rejection rate of 100.0%
1460957268,PHARMACY_CLAIM,1,0,0.0,0,1,0,0,0,23.02,23.02,100.0,LOW-RISK PROVIDER,NORMAL,High claim denial/rejection rate of 100.0%
1275050720,PHARMACY_CLAIM,1,0,0.0,0,1,0,0,0,23.01,23.01,100.0,LOW-RISK PROVIDER,NORMAL,High claim denial/rejection rate of 100.0%
1821957738,PHARMACY_CLAIM,1,0,0.0,0,1,0,0,0,23.0,23.0,100.0,LOW-RISK PROVIDER,NORMAL,High claim denial/rejection rate of 100.0%
1041494158,PHARMACY_CLAIM,1,0,0.0,0,1,0,0,0,22.99,22.99,100.0,LOW-RISK PROVIDER,NORMAL,High claim denial/rejection rate of 100.0%
1407740559,PHARMACY_CLAIM,1,0,0.0,0,1,0,0,0,22.99,22.99,100.0,LOW-RISK PROVIDER,NORMAL,High claim denial/rejection rate of 100.0%
1496738293,PHARMACY_CLAIM,1,0,0.0,0,1,0,0,0,22.99,22.99,100.0,LOW-RISK PROVIDER,NORMAL,High claim denial/rejection rate of 100.0%
1248216434,PHARMACY_CLAIM,1,0,0.0,0,1,0,0,0,22.98,22.98,100.0,LOW-RISK PROVIDER,NORMAL,High claim denial/rejection rate of 100.0%
1637411902,PRIOR_AUTH,1,0,0.0,0,1,0,0,0,22.98,22.98,0.0,LOW-RISK PROVIDER,NORMAL,Normal claim patterns
1679447597,PHARMACY_CLAIM,1,0,0.0,0,1,0,0,0,22.98,22.98,0.0,LOW-RISK PROVIDER,NORMAL,Normal claim patterns
1635379023,PHARMACY_CLAIM,2,0,0.0,0,2,0,0,0,22.97,22.97,0.0,LOW-RISK PROVIDER,NORMAL,Normal claim patterns
1120302287,PHARMACY_CLAIM,1,0,0.0,0,1,0,0,0,22.96,22.96,100.0,LOW-RISK PROVIDER,NORMAL,High claim denial/rejection rate of 100.0%
1331587450,PRIOR_AUTH,1,0,0.0,0,1,0,0,0,22.96,22.96,100.0,LOW-RISK PROVIDER,NORMAL,High claim denial/rejection rate of 100.0%
1519742830,PHARMACY_CLAIM,2,0,0.0,0,2,0,0,0,22.95,22.95,0.0,LOW-RISK PROVIDER,NORMAL,Normal claim patterns
1876414528,PHARMACY_CLAIM,1,0,0.0,0,1,0,0,0,22.95,22.95,100.0,LOW-RISK PROVIDER,NORMAL,High claim denial/rejection rate of 100.0%
1225573694,MEDICAL_CLAIM,11,7,63.64,0,2,7,0,0,22.94,48.42,0.0,HIGH-RISK PROVIDER,PROVIDER REQUIRING REVIEW,63.6% flagged records (Threshold: 10%)
1881719763,MEDICAL_CLAIM,3,2,66.67,0,0,2,0,0,22.94,31.54,0.0,HIGH-RISK PROVIDER,PROVIDER REQUIRING REVIEW,66.7% flagged records (Threshold: 10%)
1236740490,PHARMACY_CLAIM,1,0,0.0,0,1,0,0,0,22.93,22.93,100.0,LOW-RISK PROVIDER,NORMAL,High claim denial/rejection rate of 100.0%
1413295063,PRIOR_AUTH,1,0,0.0,0,1,0,0,0,22.93,22.93,0.0,LOW-RISK PROVIDER,NORMAL,Normal claim patterns
1441623368,PHARMACY_CLAIM,1,0,0.0,0,1,0,0,0,22.92,22.92,0.0,LOW-RISK PROVIDER,NORMAL,Normal claim patterns
1760426969,MEDICAL_CLAIM,4,3,75.0,0,0,3,0,0,22.91,30.02,0.0,HIGH-RISK PROVIDER,PROVIDER REQUIRING REVIEW,75.0% flagged records (Threshold: 10%)
1413341384,PRIOR_AUTH,1,0,0.0,0,1,0,0,0,22.91,22.91,0.0,LOW-RISK PROVIDER,NORMAL,Normal claim patterns
1794914666,PRIOR_AUTH,1,0,0.0,0,0,1,0,0,22.91,22.91,100.0,LOW-RISK PROVIDER,NORMAL,High claim denial/rejection rate of 100.0%
1851294742,PHARMACY_CLAIM,1,0,0.0,0,1,0,0,0,22.91,22.91,100.0,LOW-RISK PROVIDER,NORMAL,High claim denial/rejection rate of 100.0%
1003697645,PHARMACY_CLAIM,1,0,0.0,0,0,1,0,0,22.89,22.89,0.0,LOW-RISK PROVIDER,NORMAL,Normal claim patterns
1740985698,PHARMACY_CLAIM,1,0,0.0,0,1,0,0,0,22.89,22.89,100.0,LOW-RISK PROVIDER,NORMAL,High claim denial/rejection rate of 100.0%
1058154637,PRIOR_AUTH,1,0,0.0,0,1,0,0,0,22.88,22.88,0.0,LOW-RISK PROVIDER,NORMAL,Normal claim patterns
1246921025,PHARMACY_CLAIM,1,0,0.0,0,1,0,0,0,22.88,22.88,0.0,LOW-RISK PROVIDER,NORMAL,Normal claim patterns
1320662421,PRIOR_AUTH,1,0,0.0,0,1,0,0,0,22.88,22.88,100.0,LOW-RISK PROVIDER,NORMAL,High claim denial/rejection rate of 100.0%
1436024995,PHARMACY_CLAIM,1,0,0.0,0,0,1,0,0,22.88,22.88,0.0,LOW-RISK PROVIDER,NORMAL,Normal claim patterns
1905666756,PHARMACY_CLAIM,1,0,0.0,0,1,0,0,0,22.87,22.87,100.0,LOW-RISK PROVIDER,NORMAL,High claim denial/rejection rate of 100.0%
1276323973,PRIOR_AUTH,1,0,0.0,0,1,0,0,0,22.86,22.86,0.0,LOW-RISK PROVIDER,NORMAL,Normal claim patterns
1421672840,PHARMACY_CLAIM,1,0,0.0,0,1,0,0,0,22.86,22.86,0.0,LOW-RISK PROVIDER,NORMAL,Normal claim patterns
1232403673,PHARMACY_CLAIM,2,0,0.0,0,2,0,0,0,22.85,22.85,0.0,LOW-RISK PROVIDER,NORMAL,Normal claim patterns
1575651968,PRIOR_AUTH,1,0,0.0,0,1,0,0,0,22.85,22.85,100.0,LOW-RISK PROVIDER,NORMAL,High claim denial/rejection rate of 100.0%
1864816274,PHARMACY_CLAIM,1,0,0.0,0,1,0,0,0,22.85,22.85,100.0,LOW-RISK PROVIDER,NORMAL,High claim denial/rejection rate of 100.0%
1154386431,MEDICAL_CLAIM,4,3,75.0,0,0,3,0,0,22.84,31.06,0.0,HIGH-RISK PROVIDER,PROVIDER REQUIRING REVIEW,75.0% flagged records (Threshold: 10%)
1432143406,PRIOR_AUTH,1,0,0.0,0,1,0,0,0,22.84,22.84,0.0,LOW-RISK PROVIDER,NORMAL,Normal claim patterns
1216408944,PHARMACY_CLAIM,1,0,0.0,0,1,0,0,0,22.83,22.83,100.0,LOW-RISK PROVIDER,NORMAL,High claim denial/rejection rate of 100.0%
1424289004,PHARMACY_CLAIM,1,0,0.0,0,1,0,0,0,22.83,22.83,100.0,LOW-RISK PROVIDER,NORMAL,High claim denial/rejection rate of 100.0%
1193641354,PHARMACY_CLAIM,1,0,0.0,0,1,0,0,0,22.82,22.82,0.0,LOW-RISK PROVIDER,NORMAL,Normal claim patterns
1096381705,PHARMACY_CLAIM,1,0,0.0,0,1,0,0,0,22.81,22.81,100.0,LOW-RISK PROVIDER,NORMAL,High claim denial/rejection rate of 100.0%
1161988211,PRIOR_AUTH,1,0,0.0,0,0,1,0,0,22.81,22.81,100.0,LOW-RISK PROVIDER,NORMAL,High claim denial/rejection rate of 100.0%
1790921429,PHARMACY_CLAIM,1,0,0.0,0,1,0,0,0,22.8,22.8,100.0,LOW-RISK PROVIDER,NORMAL,High claim denial/rejection rate of 100.0%
1806266049,PRIOR_AUTH,2,0,0.0,0,2,0,0,0,22.79,22.79,0.0,LOW-RISK PROVIDER,NORMAL,Normal claim patterns
1162667799,PHARMACY_CLAIM,1,0,0.0,0,1,0,0,0,22.79,22.79,0.0,LOW-RISK PROVIDER,NORMAL,Normal claim patterns
1174260151,PRIOR_AUTH,1,0,0.0,0,1,0,0,0,22.79,22.79,100.0,LOW-RISK PROVIDER,NORMAL,High claim denial/rejection rate of 100.0%
1763562462,PHARMACY_CLAIM,1,0,0.0,0,0,1,0,0,22.79,22.79,0.0,LOW-RISK PROVIDER,NORMAL,Normal claim patterns
1965445089,PHARMACY_CLAIM,1,0,0.0,0,1,0,0,0,22.79,22.79,100.0,LOW-RISK PROVIDER,NORMAL,High claim denial/rejection rate of 100.0%
1107213023,PHARMACY_CLAIM,1,0,0.0,0,0,1,0,0,22.78,22.78,0.0,LOW-RISK PROVIDER,NORMAL,Normal claim patterns
1325914638,PHARMACY_CLAIM,1,0,0.0,0,1,0,0,0,22.78,22.78,100.0,LOW-RISK PROVIDER,NORMAL,High claim denial/rejection rate of 100.0%
1500246735,PHARMACY_CLAIM,1,0,0.0,0,1,0,0,0,22.78,22.78,100.0,LOW-RISK PROVIDER,NORMAL,High claim denial/rejection rate of 100.0%
1030791650,PHARMACY_CLAIM,1,0,0.0,0,1,0,0,0,22.77,22.77,100.0,LOW-RISK PROVIDER,NORMAL,High claim denial/rejection rate of 100.0%
1394062251,PRIOR_AUTH,1,0,0.0,0,1,0,0,0,22.77,22.77,0.0,LOW-RISK PROVIDER,NORMAL,Normal claim patterns
1841339354,PHARMACY_CLAIM,1,0,0.0,0,1,0,0,0,22.77,22.77,0.0,LOW-RISK PROVIDER,NORMAL,Normal claim patterns
1820010272,PHARMACY_CLAIM,1,0,0.0,0,1,0,0,0,22.76,22.76,100.0,LOW-RISK PROVIDER,NORMAL,High claim denial/rejection rate of 100.0%
1830913989,PHARMACY_CLAIM,1,0,0.0,0,1,0,0,0,22.76,22.76,100.0,LOW-RISK PROVIDER,NORMAL,High claim denial/rejection rate of 100.0%
1988830030,PRIOR_AUTH,1,0,0.0,0,1,0,0,0,22.75,22.75,100.0,LOW-RISK PROVIDER,NORMAL,High claim denial/rejection rate of 100.0%
1134068474,PHARMACY_CLAIM,1,0,0.0,0,0,1,0,0,22.74,22.74,0.0,LOW-RISK PROVIDER,NORMAL,Normal claim patterns
1699473102,PHARMACY_CLAIM,1,0,0.0,0,1,0,0,0,22.72,22.72,100.0,LOW-RISK PROVIDER,NORMAL,High claim denial/rejection rate of 100.0%
1793986798,PHARMACY_CLAIM,1,0,0.0,0,1,0,0,0,22.72,22.72,100.0,LOW-RISK PROVIDER,NORMAL,High claim denial/rejection rate of 100.0%
1356795271,PHARMACY_CLAIM,1,0,0.0,0,1,0,0,0,22.71,22.71,100.0,LOW-RISK PROVIDER,NORMAL,High claim denial/rejection rate of 100.0%
1711578573,PRIOR_AUTH,1,0,0.0,0,1,0,0,0,22.71,22.71,0.0,LOW-RISK PROVIDER,NORMAL,Normal claim patterns
1031069947,PHARMACY_CLAIM,1,0,0.0,0,1,0,0,0,22.7,22.7,100.0,LOW-RISK PROVIDER,NORMAL,High claim denial/rejection rate of 100.0%
1014987830,PHARMACY_CLAIM,1,0,0.0,0,1,0,0,0,22.69,22.69,100.0,LOW-RISK PROVIDER,NORMAL,High claim denial/rejection rate of 100.0%
1616144947,PHARMACY_CLAIM,1,0,0.0,0,1,0,0,0,22.69,22.69,0.0,LOW-RISK PROVIDER,NORMAL,Normal claim patterns
1655323109,PHARMACY_CLAIM,1,0,0.0,0,1,0,0,0,22.68,22.68,100.0,LOW-RISK PROVIDER,NORMAL,High claim denial/rejection rate of 100.0%
1736097729,PHARMACY_CLAIM,1,0,0.0,0,1,0,0,0,22.68,22.68,100.0,LOW-RISK PROVIDER,NORMAL,High claim denial/rejection rate of 100.0%
1780606608,MEDICAL_CLAIM,8,5,62.5,0,0,6,0,0,22.67,48.12,0.0,HIGH-RISK PROVIDER,PROVIDER REQUIRING REVIEW,62.5% flagged records (Threshold: 10%)
1041360638,PRIOR_AUTH,1,0,0.0,0,1,0,0,0,22.67,22.67,0.0,LOW-RISK PROVIDER,NORMAL,Normal claim patterns
1408841949,PHARMACY_CLAIM,1,0,0.0,0,1,0,0,0,22.67,22.67,100.0,LOW-RISK PROVIDER,NORMAL,High claim denial/rejection rate of 100.0%
1442508603,PHARMACY_CLAIM,1,0,0.0,0,0,1,0,0,22.67,22.67,0.0,LOW-RISK PROVIDER,NORMAL,Normal claim patterns
1001071453,PRIOR_AUTH,1,0,0.0,0,1,0,0,0,22.66,22.66,0.0,LOW-RISK PROVIDER,NORMAL,Normal claim patterns
1335715064,PHARMACY_CLAIM,1,0,0.0,0,1,0,0,0,22.66,22.66,100.0,LOW-RISK PROVIDER,NORMAL,High claim denial/rejection rate of 100.0%
1350370839,PHARMACY_CLAIM,1,0,0.0,0,0,1,0,0,22.66,22.66,0.0,LOW-RISK PROVIDER,NORMAL,Normal claim patterns
1123580813,PHARMACY_CLAIM,1,0,0.0,0,1,0,0,0,22.65,22.65,100.0,LOW-RISK PROVIDER,NORMAL,High claim denial/rejection rate of 100.0%
1700470580,MEDICAL_CLAIM,3,2,66.67,0,0,3,0,0,22.64,33.13,0.0,HIGH-RISK PROVIDER,PROVIDER REQUIRING REVIEW,66.7% flagged records (Threshold: 10%)
1138444431,PRIOR_AUTH,2,0,0.0,0,2,0,0,0,22.64,22.64,0.0,LOW-RISK PROVIDER,NORMAL,Normal claim patterns
1993870900,PHARMACY_CLAIM,1,0,0.0,0,1,0,0,0,22.64,22.64,100.0,LOW-RISK PROVIDER,NORMAL,High claim denial/rejection rate of 100.0%
1174173437,PRIOR_AUTH,1,0,0.0,0,0,1,0,0,22.63,22.63,100.0,LOW-RISK PROVIDER,NORMAL,High claim denial/rejection rate of 100.0%
1942506837,MEDICAL_CLAIM,2,1,50.0,0,1,1,0,0,22.62,25.16,0.0,HIGH-RISK PROVIDER,PROVIDER REQUIRING REVIEW,50.0% flagged records (Threshold: 10%)
1712727944,PRIOR_AUTH,1,0,0.0,0,0,1,0,0,22.62,22.62,100.0,LOW-RISK PROVIDER,NORMAL,High claim denial/rejection rate of 100.0%
1935589351,PRIOR_AUTH,1,0,0.0,0,1,0,0,0,22.62,22.62,0.0,LOW-RISK PROVIDER,NORMAL,Normal claim patterns
1960477764,PHARMACY_CLAIM,1,0,0.0,0,1,0,0,0,22.62,22.62,100.0,LOW-RISK PROVIDER,NORMAL,High claim denial/rejection rate of 100.0%
1144419284,MEDICAL_CLAIM,5,4,80.0,0,0,4,0,0,22.61,28.83,0.0,HIGH-RISK PROVIDER,PROVIDER REQUIRING REVIEW,80.0% flagged records (Threshold: 10%)
1221945793,PHARMACY_CLAIM,1,0,0.0,0,1,0,0,0,22.61,22.61,100.0,LOW-RISK PROVIDER,NORMAL,High claim denial/rejection rate of 100.0%
1423019407,PHARMACY_CLAIM,1,0,0.0,0,0,1,0,0,22.61,22.61,0.0,LOW-RISK PROVIDER,NORMAL,Normal claim patterns
1770744013,MEDICAL_CLAIM,5,4,80.0,0,0,4,0,0,22.6,27.68,0.0,HIGH-RISK PROVIDER,PROVIDER REQUIRING REVIEW,80.0% flagged records (Threshold: 10%)
1009819951,PHARMACY_CLAIM,1,0,0.0,0,1,0,0,0,22.6,22.6,100.0,LOW-RISK PROVIDER,NORMAL,High claim denial/rejection rate of 100.0%
1155642915,PHARMACY_CLAIM,1,0,0.0,0,1,0,0,0,22.59,22.59,100.0,LOW-RISK PROVIDER,NORMAL,High claim denial/rejection rate of 100.0%
1167460952,PRIOR_AUTH,1,0,0.0,0,0,1,0,0,22.59,22.59,100.0,LOW-RISK PROVIDER,NORMAL,High claim denial/rejection rate of 100.0%
1530384749,PRIOR_AUTH,1,0,0.0,0,1,0,0,0,22.59,22.59,0.0,LOW-RISK PROVIDER,NORMAL,Normal claim patterns
1817907861,PRIOR_AUTH,1,0,0.0,0,1,0,0,0,22.59,22.59,100.0,LOW-RISK PROVIDER,NORMAL,High claim denial/rejection rate of 100.0%
1619904009,PHARMACY_CLAIM,1,0,0.0,0,0,1,0,0,22.58,22.58,0.0,LOW-RISK PROVIDER,NORMAL,Normal claim patterns
1023603024,MEDICAL_CLAIM,4,3,75.0,0,0,3,0,0,22.57,29.7,0.0,HIGH-RISK PROVIDER,PROVIDER REQUIRING REVIEW,75.0% flagged records (Threshold: 10%)
1060796167,PRIOR_AUTH,1,0,0.0,0,1,0,0,0,22.57,22.57,0.0,LOW-RISK PROVIDER,NORMAL,Normal claim patterns
1083698211,PRIOR_AUTH,1,0,0.0,0,1,0,0,0,22.57,22.57,0.0,LOW-RISK PROVIDER,NORMAL,Normal claim patterns
1791096756,PHARMACY_CLAIM,1,0,0.0,0,1,0,0,0,22.56,22.56,0.0,LOW-RISK PROVIDER,NORMAL,Normal claim patterns
1889004364,PHARMACY_CLAIM,1,0,0.0,0,1,0,0,0,22.56,22.56,100.0,LOW-RISK PROVIDER,NORMAL,High claim denial/rejection rate of 100.0%
1215136627,PHARMACY_CLAIM,1,0,0.0,0,1,0,0,0,22.55,22.55,100.0,LOW-RISK PROVIDER,NORMAL,High claim denial/rejection rate of 100.0%
1258000222,PHARMACY_CLAIM,1,0,0.0,0,1,0,0,0,22.55,22.55,100.0,LOW-RISK PROVIDER,NORMAL,High claim denial/rejection rate of 100.0%
1068564363,PRIOR_AUTH,1,0,0.0,0,1,0,0,0,22.54,22.54,0.0,LOW-RISK PROVIDER,NORMAL,Normal claim patterns
1531902955,PHARMACY_CLAIM,1,0,0.0,0,1,0,0,0,22.54,22.54,100.0,LOW-RISK PROVIDER,NORMAL,High claim denial/rejection rate of 100.0%
1595407861,PHARMACY_CLAIM,1,0,0.0,0,1,0,0,0,22.54,22.54,100.0,LOW-RISK PROVIDER,NORMAL,High claim denial/rejection rate of 100.0%
1681428024,PHARMACY_CLAIM,1,0,0.0,0,1,0,0,0,22.54,22.54,100.0,LOW-RISK PROVIDER,NORMAL,High claim denial/rejection rate of 100.0%
1447226584,MEDICAL_CLAIM,3,2,66.67,0,0,2,0,0,22.53,30.6,0.0,HIGH-RISK PROVIDER,PROVIDER REQUIRING REVIEW,66.7% flagged records (Threshold: 10%)
1501623576,PHARMACY_CLAIM,1,0,0.0,0,1,0,0,0,22.53,22.53,100.0,LOW-RISK PROVIDER,NORMAL,High claim denial/rejection rate of 100.0%
1977085507,PRIOR_AUTH,1,0,0.0,0,1,0,0,0,22.52,22.52,0.0,LOW-RISK PROVIDER,NORMAL,Normal claim patterns
1239771588,PHARMACY_CLAIM,1,0,0.0,0,1,0,0,0,22.51,22.51,0.0,LOW-RISK PROVIDER,NORMAL,Normal claim patterns
1677183262,PHARMACY_CLAIM,1,0,0.0,0,1,0,0,0,22.51,22.51,100.0,LOW-RISK PROVIDER,NORMAL,High claim denial/rejection rate of 100.0%
1813147825,PHARMACY_CLAIM,1,0,0.0,0,1,0,0,0,22.51,22.51,100.0,LOW-RISK PROVIDER,NORMAL,High claim denial/rejection rate of 100.0%
1227657587,PRIOR_AUTH,1,0,0.0,0,1,0,0,0,22.5,22.5,0.0,LOW-RISK PROVIDER,NORMAL,Normal claim patterns
1248084694,PRIOR_AUTH,1,0,0.0,0,1,0,0,0,22.48,22.48,0.0,LOW-RISK PROVIDER,NORMAL,Normal claim patterns
1376641884,PRIOR_AUTH,1,0,0.0,0,1,0,0,0,22.48,22.48,0.0,LOW-RISK PROVIDER,NORMAL,Normal claim patterns
1631777604,PRIOR_AUTH,1,0,0.0,0,1,0,0,0,22.48,22.48,0.0,LOW-RISK PROVIDER,NORMAL,Normal claim patterns
1778994088,PHARMACY_CLAIM,1,0,0.0,0,1,0,0,0,22.48,22.48,100.0,LOW-RISK PROVIDER,NORMAL,High claim denial/rejection rate of 100.0%
1699796519,PHARMACY_CLAIM,1,0,0.0,0,0,1,0,0,22.47,22.47,0.0,LOW-RISK PROVIDER,NORMAL,Normal claim patterns
1524909737,PRIOR_AUTH,2,0,0.0,0,2,0,0,0,22.46,22.46,0.0,LOW-RISK PROVIDER,NORMAL,Normal claim patterns
1488449599,PHARMACY_CLAIM,1,0,0.0,0,0,1,0,0,22.46,22.46,0.0,LOW-RISK PROVIDER,NORMAL,Normal claim patterns
1586808383,PHARMACY_CLAIM,1,0,0.0,0,0,1,0,0,22.46,22.46,0.0,LOW-RISK PROVIDER,NORMAL,Normal claim patterns
1601363864,PRIOR_AUTH,1,0,0.0,0,1,0,0,0,22.46,22.46,0.0,LOW-RISK PROVIDER,NORMAL,Normal claim patterns
1278526293,PRIOR_AUTH,2,0,0.0,0,2,0,0,0,22.45,22.45,0.0,LOW-RISK PROVIDER,NORMAL,Normal claim patterns
1746999223,PHARMACY_CLAIM,1,0,0.0,0,1,0,0,0,22.45,22.45,0.0,LOW-RISK PROVIDER,NORMAL,Normal claim patterns
1804831922,PHARMACY_CLAIM,1,0,0.0,0,0,1,0,0,22.44,22.44,0.0,LOW-RISK PROVIDER,NORMAL,Normal claim patterns
1967228010,PHARMACY_CLAIM,1,0,0.0,0,1,0,0,0,22.44,22.44,0.0,LOW-RISK PROVIDER,NORMAL,Normal claim patterns
1343995806,PHARMACY_CLAIM,1,0,0.0,0,0,1,0,0,22.43,22.43,0.0,LOW-RISK PROVIDER,NORMAL,Normal claim patterns
1829378606,PHARMACY_CLAIM,1,0,0.0,0,1,0,0,0,22.43,22.43,0.0,LOW-RISK PROVIDER,NORMAL,Normal claim patterns
1457304966,MEDICAL_CLAIM,4,3,75.0,0,0,3,0,0,22.42,28.76,0.0,HIGH-RISK PROVIDER,PROVIDER REQUIRING REVIEW,75.0% flagged records (Threshold: 10%)
1586162762,PRIOR_AUTH,1,0,0.0,0,1,0,0,0,22.42,22.42,100.0,LOW-RISK PROVIDER,NORMAL,High claim denial/rejection rate of 100.0%
1323493972,PHARMACY_CLAIM,2,0,0.0,0,2,0,0,0,22.41,22.41,0.0,LOW-RISK PROVIDER,NORMAL,Normal claim patterns
1825389676,PHARMACY_CLAIM,1,0,0.0,0,1,0,0,0,22.41,22.41,0.0,LOW-RISK PROVIDER,NORMAL,Normal claim patterns
1474764803,PHARMACY_CLAIM,1,0,0.0,0,0,1,0,0,22.4,22.4,0.0,LOW-RISK PROVIDER,NORMAL,Normal claim patterns
1542123286,PHARMACY_CLAIM,1,0,0.0,0,1,0,0,0,22.4,22.4,100.0,LOW-RISK PROVIDER,NORMAL,High claim denial/rejection rate of 100.0%
1155948228,PHARMACY_CLAIM,1,0,0.0,0,1,0,0,0,22.39,22.39,0.0,LOW-RISK PROVIDER,NORMAL,Normal claim patterns
1190857190,PHARMACY_CLAIM,1,0,0.0,0,1,0,0,0,22.39,22.39,100.0,LOW-RISK PROVIDER,NORMAL,High claim denial/rejection rate of 100.0%
1221080022,PHARMACY_CLAIM,1,0,0.0,0,1,0,0,0,22.39,22.39,100.0,LOW-RISK PROVIDER,NORMAL,High claim denial/rejection rate of 100.0%
1632021257,PRIOR_AUTH,1,0,0.0,0,0,1,0,0,22.39,22.39,100.0,LOW-RISK PROVIDER,NORMAL,High claim denial/rejection rate of 100.0%
1546272694,PHARMACY_CLAIM,1,0,0.0,0,1,0,0,0,22.38,22.38,100.0,LOW-RISK PROVIDER,NORMAL,High claim denial/rejection rate of 100.0%
1587079473,PRIOR_AUTH,1,0,0.0,0,1,0,0,0,22.38,22.38,0.0,LOW-RISK PROVIDER,NORMAL,Normal claim patterns
1606212116,PHARMACY_CLAIM,1,0,0.0,0,1,0,0,0,22.38,22.38,0.0,LOW-RISK PROVIDER,NORMAL,Normal claim patterns
1703496238,PRIOR_AUTH,1,0,0.0,0,1,0,0,0,22.37,22.37,0.0,LOW-RISK PROVIDER,NORMAL,Normal claim patterns
1811969787,PHARMACY_CLAIM,1,0,0.0,0,0,1,0,0,22.37,22.37,0.0,LOW-RISK PROVIDER,NORMAL,Normal claim patterns
1974372377,PRIOR_AUTH,1,0,0.0,0,0,1,0,0,22.37,22.37,100.0,LOW-RISK PROVIDER,NORMAL,High claim denial/rejection rate of 100.0%
1942606454,MEDICAL_CLAIM,6,5,83.33,0,0,5,0,0,22.36,27.04,0.0,HIGH-RISK PROVIDER,PROVIDER REQUIRING REVIEW,83.3% flagged records (Threshold: 10%)
1288857013,PHARMACY_CLAIM,1,0,0.0,0,0,1,0,0,22.36,22.36,0.0,LOW-RISK PROVIDER,NORMAL,Normal claim patterns
1375781721,PHARMACY_CLAIM,1,0,0.0,0,1,0,0,0,22.36,22.36,100.0,LOW-RISK PROVIDER,NORMAL,High claim denial/rejection rate of 100.0%
1574035449,PRIOR_AUTH,1,0,0.0,0,1,0,0,0,22.36,22.36,0.0,LOW-RISK PROVIDER,NORMAL,Normal claim patterns
1497161483,MEDICAL_CLAIM,4,3,75.0,0,0,3,0,0,22.35,29.9,0.0,HIGH-RISK PROVIDER,PROVIDER REQUIRING REVIEW,75.0% flagged records (Threshold: 10%)
1214182548,PHARMACY_CLAIM,1,0,0.0,0,1,0,0,0,22.35,22.35,0.0,LOW-RISK PROVIDER,NORMAL,Normal claim patterns
1646794742,PRIOR_AUTH,1,0,0.0,0,0,1,0,0,22.35,22.35,100.0,LOW-RISK PROVIDER,NORMAL,High claim denial/rejection rate of 100.0%
1987017109,PRIOR_AUTH,1,0,0.0,0,0,1,0,0,22.35,22.35,100.0,LOW-RISK PROVIDER,NORMAL,High claim denial/rejection rate of 100.0%
1748003566,PRIOR_AUTH,2,0,0.0,0,2,0,0,0,22.34,22.34,0.0,LOW-RISK PROVIDER,NORMAL,Normal claim patterns
1002102734,PRIOR_AUTH,1,0,0.0,0,1,0,0,0,22.34,22.34,0.0,LOW-RISK PROVIDER,NORMAL,Normal claim patterns
1623957712,PHARMACY_CLAIM,1,0,0.0,0,0,1,0,0,22.34,22.34,0.0,LOW-RISK PROVIDER,NORMAL,Normal claim patterns
1852978129,PHARMACY_CLAIM,1,0,0.0,0,1,0,0,0,22.34,22.34,100.0,LOW-RISK PROVIDER,NORMAL,High claim denial/rejection rate of 100.0%
1392027229,PRIOR_AUTH,1,0,0.0,0,1,0,0,0,22.33,22.33,0.0,LOW-RISK PROVIDER,NORMAL,Normal claim patterns
1315207675,PHARMACY_CLAIM,1,0,0.0,0,1,0,0,0,22.32,22.32,100.0,LOW-RISK PROVIDER,NORMAL,High claim denial/rejection rate of 100.0%
1629592008,PRIOR_AUTH,1,0,0.0,0,0,1,0,0,22.32,22.32,100.0,LOW-RISK PROVIDER,NORMAL,High claim denial/rejection rate of 100.0%
1242809231,PRIOR_AUTH,1,0,0.0,0,1,0,0,0,22.31,22.31,0.0,LOW-RISK PROVIDER,NORMAL,Normal claim patterns
1782125198,PRIOR_AUTH,1,0,0.0,0,1,0,0,0,22.31,22.31,0.0,LOW-RISK PROVIDER,NORMAL,Normal claim patterns
1496717042,PHARMACY_CLAIM,1,0,0.0,0,1,0,0,0,22.3,22.3,100.0,LOW-RISK PROVIDER,NORMAL,High claim denial/rejection rate of 100.0%
1780061231,PRIOR_AUTH,1,0,0.0,0,1,0,0,0,22.3,22.3,0.0,LOW-RISK PROVIDER,NORMAL,Normal claim patterns
1757072862,PRIOR_AUTH,2,0,0.0,0,2,0,0,0,22.29,22.29,0.0,LOW-RISK PROVIDER,NORMAL,Normal claim patterns
1560236450,PHARMACY_CLAIM,1,0,0.0,0,1,0,0,0,22.29,22.29,100.0,LOW-RISK PROVIDER,NORMAL,High claim denial/rejection rate of 100.0%
1211012174,PRIOR_AUTH,2,0,0.0,0,2,0,0,0,22.28,22.28,0.0,LOW-RISK PROVIDER,NORMAL,Normal claim patterns
1563296515,PRIOR_AUTH,2,0,0.0,0,2,0,0,0,22.28,22.28,0.0,LOW-RISK PROVIDER,NORMAL,Normal claim patterns
1292143628,PHARMACY_CLAIM,1,0,0.0,0,1,0,0,0,22.28,22.28,100.0,LOW-RISK PROVIDER,NORMAL,High claim denial/rejection rate of 100.0%
1529207673,PRIOR_AUTH,1,0,0.0,0,1,0,0,0,22.27,22.27,0.0,LOW-RISK PROVIDER,NORMAL,Normal claim patterns
1104250786,MEDICAL_CLAIM,5,4,80.0,0,0,4,0,0,22.26,33.86,0.0,HIGH-RISK PROVIDER,PROVIDER REQUIRING REVIEW,80.0% flagged records (Threshold: 10%)
1108076678,PHARMACY_CLAIM,1,0,0.0,0,0,1,0,0,22.26,22.26,0.0,LOW-RISK PROVIDER,NORMAL,Normal claim patterns
1297745692,PHARMACY_CLAIM,1,0,0.0,0,1,0,0,0,22.26,22.26,100.0,LOW-RISK PROVIDER,NORMAL,High claim denial/rejection rate of 100.0%
1721698034,PHARMACY_CLAIM,1,0,0.0,0,1,0,0,0,22.26,22.26,0.0,LOW-RISK PROVIDER,NORMAL,Normal claim patterns
1719343560,PHARMACY_CLAIM,2,0,0.0,0,2,0,0,0,22.25,22.25,0.0,LOW-RISK PROVIDER,NORMAL,Normal claim patterns
1742438193,PHARMACY_CLAIM,1,0,0.0,0,0,1,0,0,22.25,22.25,0.0,LOW-RISK PROVIDER,NORMAL,Normal claim patterns
1187969150,PHARMACY_CLAIM,1,0,0.0,0,0,1,0,0,22.24,22.24,0.0,LOW-RISK PROVIDER,NORMAL,Normal claim patterns
1584744339,PRIOR_AUTH,1,0,0.0,0,1,0,0,0,22.24,22.24,0.0,LOW-RISK PROVIDER,NORMAL,Normal claim patterns
1394228108,PRIOR_AUTH,1,0,0.0,0,1,0,0,0,22.23,22.23,0.0,LOW-RISK PROVIDER,NORMAL,Normal claim patterns
1750054655,PRIOR_AUTH,1,0,0.0,0,0,1,0,0,22.23,22.23,100.0,LOW-RISK PROVIDER,NORMAL,High claim denial/rejection rate of 100.0%
1337063701,PHARMACY_CLAIM,1,0,0.0,0,0,1,0,0,22.22,22.22,0.0,LOW-RISK PROVIDER,NORMAL,Normal claim patterns
1188924235,PRIOR_AUTH,2,0,0.0,0,2,0,0,0,22.21,22.21,0.0,LOW-RISK PROVIDER,NORMAL,Normal claim patterns
1390059464,PRIOR_AUTH,1,0,0.0,0,1,0,0,0,22.21,22.21,0.0,LOW-RISK PROVIDER,NORMAL,Normal claim patterns
1586865874,PHARMACY_CLAIM,1,0,0.0,0,0,1,0,0,22.21,22.21,0.0,LOW-RISK PROVIDER,NORMAL,Normal claim patterns
1976921263,PRIOR_AUTH,1,0,0.0,0,1,0,0,0,22.2,22.2,0.0,LOW-RISK PROVIDER,NORMAL,Normal claim patterns
1467669218,MEDICAL_CLAIM,3,2,66.67,0,0,2,0,0,22.19,30.69,0.0,HIGH-RISK PROVIDER,PROVIDER REQUIRING REVIEW,66.7% flagged records (Threshold: 10%)
1926950648,PRIOR_AUTH,1,0,0.0,0,1,0,0,0,22.19,22.19,0.0,LOW-RISK PROVIDER,NORMAL,Normal claim patterns
1815912030,PHARMACY_CLAIM,2,0,0.0,0,2,0,0,0,22.18,22.18,0.0,LOW-RISK PROVIDER,NORMAL,Normal claim patterns
1111991513,PRIOR_AUTH,1,0,0.0,0,1,0,0,0,22.18,22.18,0.0,LOW-RISK PROVIDER,NORMAL,Normal claim patterns
1115562902,PHARMACY_CLAIM,1,0,0.0,0,1,0,0,0,22.18,22.18,0.0,LOW-RISK PROVIDER,NORMAL,Normal claim patterns
1826794827,PRIOR_AUTH,1,0,0.0,0,1,0,0,0,22.18,22.18,0.0,LOW-RISK PROVIDER,NORMAL,Normal claim patterns
1447254205,PRIOR_AUTH,2,0,0.0,0,2,0,0,0,22.17,22.17,0.0,LOW-RISK PROVIDER,NORMAL,Normal claim patterns
1365532080,PHARMACY_CLAIM,1,0,0.0,0,1,0,0,0,22.17,22.17,100.0,LOW-RISK PROVIDER,NORMAL,High claim denial/rejection rate of 100.0%
1623034072,PHARMACY_CLAIM,1,0,0.0,0,1,0,0,0,22.17,22.17,0.0,LOW-RISK PROVIDER,NORMAL,Normal claim patterns
1183310101,PRIOR_AUTH,1,0,0.0,0,0,1,0,0,22.16,22.16,100.0,LOW-RISK PROVIDER,NORMAL,High claim denial/rejection rate of 100.0%
1601770522,PRIOR_AUTH,1,0,0.0,0,1,0,0,0,22.16,22.16,0.0,LOW-RISK PROVIDER,NORMAL,Normal claim patterns
1771342552,PRIOR_AUTH,1,0,0.0,0,1,0,0,0,22.15,22.15,0.0,LOW-RISK PROVIDER,NORMAL,Normal claim patterns
1901666950,PHARMACY_CLAIM,1,0,0.0,0,0,1,0,0,22.15,22.15,0.0,LOW-RISK PROVIDER,NORMAL,Normal claim patterns
1122010285,PRIOR_AUTH,1,0,0.0,0,1,0,0,0,22.14,22.14,0.0,LOW-RISK PROVIDER,NORMAL,Normal claim patterns
1746373427,PRIOR_AUTH,1,0,0.0,0,0,1,0,0,22.14,22.14,100.0,LOW-RISK PROVIDER,NORMAL,High claim denial/rejection rate of 100.0%
1770547804,MEDICAL_CLAIM,3,2,66.67,0,0,2,0,0,22.13,32.19,0.0,HIGH-RISK PROVIDER,PROVIDER REQUIRING REVIEW,66.7% flagged records (Threshold: 10%)
1904114708,PHARMACY_CLAIM,2,0,0.0,0,2,0,0,0,22.13,22.13,0.0,LOW-RISK PROVIDER,NORMAL,Normal claim patterns
1842575437,PHARMACY_CLAIM,1,0,0.0,0,1,0,0,0,22.13,22.13,0.0,LOW-RISK PROVIDER,NORMAL,Normal claim patterns
1886122872,PHARMACY_CLAIM,1,0,0.0,0,1,0,0,0,22.13,22.13,100.0,LOW-RISK PROVIDER,NORMAL,High claim denial/rejection rate of 100.0%
1188660413,PRIOR_AUTH,1,0,0.0,0,1,0,0,0,22.12,22.12,0.0,LOW-RISK PROVIDER,NORMAL,Normal claim patterns
1382257456,PRIOR_AUTH,1,0,0.0,0,1,0,0,0,22.12,22.12,0.0,LOW-RISK PROVIDER,NORMAL,Normal claim patterns
1422956328,PHARMACY_CLAIM,1,0,0.0,0,0,1,0,0,22.12,22.12,0.0,LOW-RISK PROVIDER,NORMAL,Normal claim patterns
1503277988,PHARMACY_CLAIM,1,0,0.0,0,0,1,0,0,22.12,22.12,0.0,LOW-RISK PROVIDER,NORMAL,Normal claim patterns
1593298731,PRIOR_AUTH,1,0,0.0,0,0,1,0,0,22.12,22.12,100.0,LOW-RISK PROVIDER,NORMAL,High claim denial/rejection rate of 100.0%
1858766883,PHARMACY_CLAIM,1,0,0.0,0,0,1,0,0,22.12,22.12,0.0,LOW-RISK PROVIDER,NORMAL,Normal claim patterns
1177237015,PHARMACY_CLAIM,2,0,0.0,0,2,0,0,0,22.11,22.11,0.0,LOW-RISK PROVIDER,NORMAL,Normal claim patterns
1678169191,PHARMACY_CLAIM,1,0,0.0,0,1,0,0,0,22.11,22.11,100.0,LOW-RISK PROVIDER,NORMAL,High claim denial/rejection rate of 100.0%
1553905204,PHARMACY_CLAIM,1,0,0.0,0,1,0,0,0,22.1,22.1,100.0,LOW-RISK PROVIDER,NORMAL,High claim denial/rejection rate of 100.0%
1580533405,PHARMACY_CLAIM,1,0,0.0,0,1,0,0,0,22.1,22.1,0.0,LOW-RISK PROVIDER,NORMAL,Normal claim patterns
1161894334,PHARMACY_CLAIM,1,0,0.0,0,0,1,0,0,22.09,22.09,0.0,LOW-RISK PROVIDER,NORMAL,Normal claim patterns
1849211547,PHARMACY_CLAIM,1,0,0.0,0,1,0,0,0,22.09,22.09,100.0,LOW-RISK PROVIDER,NORMAL,High claim denial/rejection rate of 100.0%
1472857244,PHARMACY_CLAIM,1,0,0.0,0,1,0,0,0,22.07,22.07,0.0,LOW-RISK PROVIDER,NORMAL,Normal claim patterns
1919791177,PHARMACY_CLAIM,1,0,0.0,0,1,0,0,0,22.07,22.07,100.0,LOW-RISK PROVIDER,NORMAL,High claim denial/rejection rate of 100.0%
1765746766,PHARMACY_CLAIM,1,0,0.0,0,1,0,0,0,22.06,22.06,100.0,LOW-RISK PROVIDER,NORMAL,High claim denial/rejection rate of 100.0%
1053412795,PHARMACY_CLAIM,1,0,0.0,0,0,1,0,0,22.05,22.05,0.0,LOW-RISK PROVIDER,NORMAL,Normal claim patterns
1194307654,PRIOR_AUTH,1,0,0.0,0,1,0,0,0,22.05,22.05,0.0,LOW-RISK PROVIDER,NORMAL,Normal claim patterns
1931753919,PHARMACY_CLAIM,1,0,0.0,0,0,1,0,0,22.05,22.05,0.0,LOW-RISK PROVIDER,NORMAL,Normal claim patterns
1990503192,PHARMACY_CLAIM,1,0,0.0,0,1,0,0,0,22.05,22.05,100.0,LOW-RISK PROVIDER,NORMAL,High claim denial/rejection rate of 100.0%
1782007317,PHARMACY_CLAIM,1,0,0.0,0,1,0,0,0,22.04,22.04,100.0,LOW-RISK PROVIDER,NORMAL,High claim denial/rejection rate of 100.0%
1887994345,PHARMACY_CLAIM,1,0,0.0,0,1,0,0,0,22.04,22.04,0.0,LOW-RISK PROVIDER,NORMAL,Normal claim patterns
1296763717,PHARMACY_CLAIM,1,0,0.0,0,0,1,0,0,22.03,22.03,0.0,LOW-RISK PROVIDER,NORMAL,Normal claim patterns
1452542010,PHARMACY_CLAIM,1,0,0.0,0,1,0,0,0,22.03,22.03,100.0,LOW-RISK PROVIDER,NORMAL,High claim denial/rejection rate of 100.0%
1781183257,PRIOR_AUTH,1,0,0.0,0,1,0,0,0,22.03,22.03,100.0,LOW-RISK PROVIDER,NORMAL,High claim denial/rejection rate of 100.0%
1978539216,PRIOR_AUTH,2,0,0.0,0,2,0,0,0,22.02,22.02,0.0,LOW-RISK PROVIDER,NORMAL,Normal claim patterns
1754058577,PHARMACY_CLAIM,1,0,0.0,0,0,1,0,0,22.02,22.02,0.0,LOW-RISK PROVIDER,NORMAL,Normal claim patterns
1946791760,PHARMACY_CLAIM,1,0,0.0,0,1,0,0,0,22.02,22.02,100.0,LOW-RISK PROVIDER,NORMAL,High claim denial/rejection rate of 100.0%
1126623554,PRIOR_AUTH,1,0,0.0,0,1,0,0,0,22.0,22.0,0.0,LOW-RISK PROVIDER,NORMAL,Normal claim patterns
1319233850,PHARMACY_CLAIM,1,0,0.0,0,0,1,0,0,22.0,22.0,0.0,LOW-RISK PROVIDER,NORMAL,Normal claim patterns
1589563933,PRIOR_AUTH,1,0,0.0,0,1,0,0,0,22.0,22.0,100.0,LOW-RISK PROVIDER,NORMAL,High claim denial/rejection rate of 100.0%
1877791094,PHARMACY_CLAIM,1,0,0.0,0,1,0,0,0,22.0,22.0,100.0,LOW-RISK PROVIDER,NORMAL,High claim denial/rejection rate of 100.0%
1672145483,PHARMACY_CLAIM,1,0,0.0,0,1,0,0,0,21.99,21.99,100.0,LOW-RISK PROVIDER,NORMAL,High claim denial/rejection rate of 100.0%
1678065907,PRIOR_AUTH,1,0,0.0,0,1,0,0,0,21.99,21.99,0.0,LOW-RISK PROVIDER,NORMAL,Normal claim patterns
1824285414,PHARMACY_CLAIM,1,0,0.0,0,1,0,0,0,21.99,21.99,100.0,LOW-RISK PROVIDER,NORMAL,High claim denial/rejection rate of 100.0%
1528311958,MEDICAL_CLAIM,4,3,75.0,0,0,3,0,0,21.98,29.4,0.0,HIGH-RISK PROVIDER,PROVIDER REQUIRING REVIEW,75.0% flagged records (Threshold: 10%)
1280126764,PHARMACY_CLAIM,2,0,0.0,0,2,0,0,0,21.98,21.98,0.0,LOW-RISK PROVIDER,NORMAL,Normal claim patterns
1838361406,PRIOR_AUTH,1,0,0.0,0,0,1,0,0,21.98,21.98,100.0,LOW-RISK PROVIDER,NORMAL,High claim denial/rejection rate of 100.0%
1957638687,PRIOR_AUTH,1,0,0.0,0,1,0,0,0,21.98,21.98,0.0,LOW-RISK PROVIDER,NORMAL,Normal claim patterns
1967504455,PHARMACY_CLAIM,2,0,0.0,0,2,0,0,0,21.97,21.97,0.0,LOW-RISK PROVIDER,NORMAL,Normal claim patterns
1514209819,PHARMACY_CLAIM,1,0,0.0,0,1,0,0,0,21.97,21.97,0.0,LOW-RISK PROVIDER,NORMAL,Normal claim patterns
1818612781,PRIOR_AUTH,1,0,0.0,0,0,1,0,0,21.97,21.97,100.0,LOW-RISK PROVIDER,NORMAL,High claim denial/rejection rate of 100.0%
1631224819,PRIOR_AUTH,1,0,0.0,0,1,0,0,0,21.96,21.96,0.0,LOW-RISK PROVIDER,NORMAL,Normal claim patterns
1641515468,PRIOR_AUTH,1,0,0.0,0,1,0,0,0,21.96,21.96,0.0,LOW-RISK PROVIDER,NORMAL,Normal claim patterns
1873338660,PHARMACY_CLAIM,1,0,0.0,0,1,0,0,0,21.96,21.96,0.0,LOW-RISK PROVIDER,NORMAL,Normal claim patterns
1235256637,MEDICAL_CLAIM,3,2,66.67,0,0,2,0,0,21.95,30.82,0.0,HIGH-RISK PROVIDER,PROVIDER REQUIRING REVIEW,66.7% flagged records (Threshold: 10%)
1392177513,PRIOR_AUTH,1,0,0.0,0,1,0,0,0,21.95,21.95,0.0,LOW-RISK PROVIDER,NORMAL,Normal claim patterns
1572274391,PHARMACY_CLAIM,1,0,0.0,0,1,0,0,0,21.95,21.95,100.0,LOW-RISK PROVIDER,NORMAL,High claim denial/rejection rate of 100.0%
1700895367,PRIOR_AUTH,1,0,0.0,0,1,0,0,0,21.95,21.95,0.0,LOW-RISK PROVIDER,NORMAL,Normal claim patterns
1845359947,PHARMACY_CLAIM,1,0,0.0,0,1,0,0,0,21.95,21.95,100.0,LOW-RISK PROVIDER,NORMAL,High claim denial/rejection rate of 100.0%
1163176662,PHARMACY_CLAIM,1,0,0.0,0,1,0,0,0,21.94,21.94,100.0,LOW-RISK PROVIDER,NORMAL,High claim denial/rejection rate of 100.0%
1286510734,PHARMACY_CLAIM,1,0,0.0,0,1,0,0,0,21.94,21.94,0.0,LOW-RISK PROVIDER,NORMAL,Normal claim patterns
1429561276,PHARMACY_CLAIM,1,0,0.0,0,0,1,0,0,21.93,21.93,0.0,LOW-RISK PROVIDER,NORMAL,Normal claim patterns
1119639604,PHARMACY_CLAIM,1,0,0.0,0,1,0,0,0,21.92,21.92,100.0,LOW-RISK PROVIDER,NORMAL,High claim denial/rejection rate of 100.0%
1655663646,PHARMACY_CLAIM,1,0,0.0,0,1,0,0,0,21.92,21.92,100.0,LOW-RISK PROVIDER,NORMAL,High claim denial/rejection rate of 100.0%
1878997904,PHARMACY_CLAIM,1,0,0.0,0,1,0,0,0,21.92,21.92,100.0,LOW-RISK PROVIDER,NORMAL,High claim denial/rejection rate of 100.0%
1026896719,PHARMACY_CLAIM,1,0,0.0,0,0,1,0,0,21.91,21.91,0.0,LOW-RISK PROVIDER,NORMAL,Normal claim patterns
1964091325,PHARMACY_CLAIM,1,0,0.0,0,1,0,0,0,21.91,21.91,0.0,LOW-RISK PROVIDER,NORMAL,Normal claim patterns
1113716678,PRIOR_AUTH,1,0,0.0,0,0,1,0,0,21.9,21.9,100.0,LOW-RISK PROVIDER,NORMAL,High claim denial/rejection rate of 100.0%
1126835390,PHARMACY_CLAIM,1,0,0.0,0,1,0,0,0,21.9,21.9,100.0,LOW-RISK PROVIDER,NORMAL,High claim denial/rejection rate of 100.0%
1227476656,PHARMACY_CLAIM,1,0,0.0,0,0,1,0,0,21.9,21.9,0.0,LOW-RISK PROVIDER,NORMAL,Normal claim patterns
1351667190,PHARMACY_CLAIM,1,0,0.0,0,1,0,0,0,21.9,21.9,0.0,LOW-RISK PROVIDER,NORMAL,Normal claim patterns
1674932797,PHARMACY_CLAIM,1,0,0.0,0,1,0,0,0,21.89,21.89,100.0,LOW-RISK PROVIDER,NORMAL,High claim denial/rejection rate of 100.0%
1092079811,PHARMACY_CLAIM,1,0,0.0,0,1,0,0,0,21.88,21.88,0.0,LOW-RISK PROVIDER,NORMAL,Normal claim patterns
1422383448,PRIOR_AUTH,1,0,0.0,0,1,0,0,0,21.88,21.88,0.0,LOW-RISK PROVIDER,NORMAL,Normal claim patterns
1603252460,PRIOR_AUTH,1,0,0.0,0,1,0,0,0,21.88,21.88,0.0,LOW-RISK PROVIDER,NORMAL,Normal claim patterns
1155887216,PRIOR_AUTH,1,0,0.0,0,1,0,0,0,21.87,21.87,0.0,LOW-RISK PROVIDER,NORMAL,Normal claim patterns
1201596640,PRIOR_AUTH,1,0,0.0,0,1,0,0,0,21.87,21.87,0.0,LOW-RISK PROVIDER,NORMAL,Normal claim patterns
1470348290,PRIOR_AUTH,1,0,0.0,0,1,0,0,0,21.87,21.87,0.0,LOW-RISK PROVIDER,NORMAL,Normal claim patterns
1699703686,MEDICAL_CLAIM,17,13,76.47,0,0,13,0,0,21.86,31.94,0.0,HIGH-RISK PROVIDER,PROVIDER REQUIRING REVIEW,76.5% flagged records (Threshold: 10%)
1599454311,PHARMACY_CLAIM,1,0,0.0,0,1,0,0,0,21.86,21.86,0.0,LOW-RISK PROVIDER,NORMAL,Normal claim patterns
1733004905,PRIOR_AUTH,1,0,0.0,0,1,0,0,0,21.86,21.86,100.0,LOW-RISK PROVIDER,NORMAL,High claim denial/rejection rate of 100.0%
1194064543,MEDICAL_CLAIM,4,3,75.0,0,0,3,0,0,21.85,29.89,0.0,HIGH-RISK PROVIDER,PROVIDER REQUIRING REVIEW,75.0% flagged records (Threshold: 10%)
1553143832,PHARMACY_CLAIM,1,0,0.0,0,1,0,0,0,21.85,21.85,100.0,LOW-RISK PROVIDER,NORMAL,High claim denial/rejection rate of 100.0%
1797537146,PRIOR_AUTH,1,0,0.0,0,1,0,0,0,21.85,21.85,0.0,LOW-RISK PROVIDER,NORMAL,Normal claim patterns
1071076813,PRIOR_AUTH,1,0,0.0,0,0,1,0,0,21.84,21.84,100.0,LOW-RISK PROVIDER,NORMAL,High claim denial/rejection rate of 100.0%
1078067795,PHARMACY_CLAIM,1,0,0.0,0,0,1,0,0,21.84,21.84,0.0,LOW-RISK PROVIDER,NORMAL,Normal claim patterns
1377220696,PRIOR_AUTH,1,0,0.0,0,0,1,0,0,21.84,21.84,100.0,LOW-RISK PROVIDER,NORMAL,High claim denial/rejection rate of 100.0%
1550618457,PHARMACY_CLAIM,1,0,0.0,0,0,1,0,0,21.84,21.84,0.0,LOW-RISK PROVIDER,NORMAL,Normal claim patterns
1442087937,PHARMACY_CLAIM,1,0,0.0,0,0,1,0,0,21.82,21.82,0.0,LOW-RISK PROVIDER,NORMAL,Normal claim patterns
1500211152,PHARMACY_CLAIM,1,0,0.0,0,0,1,0,0,21.82,21.82,0.0,LOW-RISK PROVIDER,NORMAL,Normal claim patterns
1643449811,PRIOR_AUTH,1,0,0.0,0,1,0,0,0,21.82,21.82,0.0,LOW-RISK PROVIDER,NORMAL,Normal claim patterns
1830267095,PRIOR_AUTH,1,0,0.0,0,0,1,0,0,21.82,21.82,0.0,LOW-RISK PROVIDER,NORMAL,Normal claim patterns
1881935884,PRIOR_AUTH,1,0,0.0,0,1,0,0,0,21.81,21.81,0.0,LOW-RISK PROVIDER,NORMAL,Normal claim patterns
1564126862,PHARMACY_CLAIM,1,0,0.0,0,1,0,0,0,21.8,21.8,100.0,LOW-RISK PROVIDER,NORMAL,High claim denial/rejection rate of 100.0%
1800932874,PRIOR_AUTH,1,0,0.0,0,1,0,0,0,21.8,21.8,0.0,LOW-RISK PROVIDER,NORMAL,Normal claim patterns
1182547694,PRIOR_AUTH,1,0,0.0,0,1,0,0,0,21.79,21.79,0.0,LOW-RISK PROVIDER,NORMAL,Normal claim patterns
1220734975,PRIOR_AUTH,1,0,0.0,0,1,0,0,0,21.79,21.79,0.0,LOW-RISK PROVIDER,NORMAL,Normal claim patterns
1356970391,PHARMACY_CLAIM,1,0,0.0,0,1,0,0,0,21.79,21.79,100.0,LOW-RISK PROVIDER,NORMAL,High claim denial/rejection rate of 100.0%
1612782851,PRIOR_AUTH,1,0,0.0,0,1,0,0,0,21.79,21.79,0.0,LOW-RISK PROVIDER,NORMAL,Normal claim patterns
1124373113,MEDICAL_CLAIM,4,3,75.0,0,0,3,0,0,21.77,34.03,0.0,HIGH-RISK PROVIDER,PROVIDER REQUIRING REVIEW,75.0% flagged records (Threshold: 10%)
1518945278,MEDICAL_CLAIM,3,2,66.67,0,0,2,0,0,21.77,31.11,0.0,HIGH-RISK PROVIDER,PROVIDER REQUIRING REVIEW,66.7% flagged records (Threshold: 10%)
1134243771,PHARMACY_CLAIM,1,0,0.0,0,1,0,0,0,21.77,21.77,100.0,LOW-RISK PROVIDER,NORMAL,High claim denial/rejection rate of 100.0%
1235116470,PRIOR_AUTH,1,0,0.0,0,1,0,0,0,21.77,21.77,0.0,LOW-RISK PROVIDER,NORMAL,Normal claim patterns
1543986046,PHARMACY_CLAIM,1,0,0.0,0,1,0,0,0,21.76,21.76,0.0,LOW-RISK PROVIDER,NORMAL,Normal claim patterns
1394310966,PRIOR_AUTH,1,0,0.0,0,1,0,0,0,21.75,21.75,0.0,LOW-RISK PROVIDER,NORMAL,Normal claim patterns
1693022719,PRIOR_AUTH,1,0,0.0,0,1,0,0,0,21.75,21.75,0.0,LOW-RISK PROVIDER,NORMAL,Normal claim patterns
1772438173,PRIOR_AUTH,1,0,0.0,0,1,0,0,0,21.75,21.75,0.0,LOW-RISK PROVIDER,NORMAL,Normal claim patterns
1937079654,PRIOR_AUTH,1,0,0.0,0,1,0,0,0,21.75,21.75,0.0,LOW-RISK PROVIDER,NORMAL,Normal claim patterns
1993541553,PRIOR_AUTH,1,0,0.0,0,1,0,0,0,21.75,21.75,0.0,LOW-RISK PROVIDER,NORMAL,Normal claim patterns
1284337993,PHARMACY_CLAIM,1,0,0.0,0,0,1,0,0,21.74,21.74,0.0,LOW-RISK PROVIDER,NORMAL,Normal claim patterns
1596537383,PHARMACY_CLAIM,1,0,0.0,0,1,0,0,0,21.74,21.74,100.0,LOW-RISK PROVIDER,NORMAL,High claim denial/rejection rate of 100.0%
1437569837,MEDICAL_CLAIM,3,2,66.67,0,0,2,0,0,21.73,29.63,0.0,HIGH-RISK PROVIDER,PROVIDER REQUIRING REVIEW,66.7% flagged records (Threshold: 10%)
1388702399,PHARMACY_CLAIM,1,0,0.0,0,0,1,0,0,21.73,21.73,0.0,LOW-RISK PROVIDER,NORMAL,Normal claim patterns
1582307248,PHARMACY_CLAIM,1,0,0.0,0,1,0,0,0,21.73,21.73,100.0,LOW-RISK PROVIDER,NORMAL,High claim denial/rejection rate of 100.0%
1045433105,PHARMACY_CLAIM,1,0,0.0,0,1,0,0,0,21.72,21.72,100.0,LOW-RISK PROVIDER,NORMAL,High claim denial/rejection rate of 100.0%
1406568303,PHARMACY_CLAIM,2,0,0.0,0,2,0,0,0,21.71,21.71,0.0,LOW-RISK PROVIDER,NORMAL,Normal claim patterns
1928219486,PRIOR_AUTH,1,0,0.0,0,0,1,0,0,21.71,21.71,100.0,LOW-RISK PROVIDER,NORMAL,High claim denial/rejection rate of 100.0%
1286435537,PRIOR_AUTH,1,0,0.0,0,1,0,0,0,21.7,21.7,100.0,LOW-RISK PROVIDER,NORMAL,High claim denial/rejection rate of 100.0%
1386651297,MEDICAL_CLAIM,2,1,50.0,0,0,1,0,0,21.69,34.17,0.0,HIGH-RISK PROVIDER,PROVIDER REQUIRING REVIEW,50.0% flagged records (Threshold: 10%)
1135367739,PHARMACY_CLAIM,1,0,0.0,0,0,1,0,0,21.69,21.69,0.0,LOW-RISK PROVIDER,NORMAL,Normal claim patterns
1724344419,PHARMACY_CLAIM,1,0,0.0,0,0,1,0,0,21.69,21.69,0.0,LOW-RISK PROVIDER,NORMAL,Normal claim patterns
1252244227,PRIOR_AUTH,1,0,0.0,0,0,1,0,0,21.68,21.68,100.0,LOW-RISK PROVIDER,NORMAL,High claim denial/rejection rate of 100.0%
1495830592,PHARMACY_CLAIM,1,0,0.0,0,1,0,0,0,21.68,21.68,0.0,LOW-RISK PROVIDER,NORMAL,Normal claim patterns
1708846150,PRIOR_AUTH,1,0,0.0,0,1,0,0,0,21.68,21.68,0.0,LOW-RISK PROVIDER,NORMAL,Normal claim patterns
1549878406,PRIOR_AUTH,1,0,0.0,0,1,0,0,0,21.67,21.67,0.0,LOW-RISK PROVIDER,NORMAL,Normal claim patterns
1572233118,PHARMACY_CLAIM,1,0,0.0,0,0,1,0,0,21.67,21.67,0.0,LOW-RISK PROVIDER,NORMAL,Normal claim patterns
1255006862,MEDICAL_CLAIM,5,4,80.0,0,0,4,0,0,21.66,30.65,0.0,HIGH-RISK PROVIDER,PROVIDER REQUIRING REVIEW,80.0% flagged records (Threshold: 10%)
1033298757,MEDICAL_CLAIM,3,2,66.67,0,0,2,0,0,21.66,30.45,0.0,HIGH-RISK PROVIDER,PROVIDER REQUIRING REVIEW,66.7% flagged records (Threshold: 10%)
1851767461,MEDICAL_CLAIM,3,2,66.67,0,0,2,0,0,21.66,29.79,0.0,HIGH-RISK PROVIDER,PROVIDER REQUIRING REVIEW,66.7% flagged records (Threshold: 10%)
1398225454,PHARMACY_CLAIM,1,0,0.0,0,1,0,0,0,21.65,21.65,0.0,LOW-RISK PROVIDER,NORMAL,Normal claim patterns
1941817363,PRIOR_AUTH,1,0,0.0,0,1,0,0,0,21.65,21.65,0.0,LOW-RISK PROVIDER,NORMAL,Normal claim patterns
1459057694,PHARMACY_CLAIM,1,0,0.0,0,0,1,0,0,21.64,21.64,0.0,LOW-RISK PROVIDER,NORMAL,Normal claim patterns
1432758346,PRIOR_AUTH,1,0,0.0,0,1,0,0,0,21.63,21.63,0.0,LOW-RISK PROVIDER,NORMAL,Normal claim patterns
1512873417,PHARMACY_CLAIM,1,0,0.0,0,1,0,0,0,21.63,21.63,0.0,LOW-RISK PROVIDER,NORMAL,Normal claim patterns
1897840817,PHARMACY_CLAIM,1,0,0.0,0,0,1,0,0,21.63,21.63,0.0,LOW-RISK PROVIDER,NORMAL,Normal claim patterns
1980083999,PRIOR_AUTH,1,0,0.0,0,0,1,0,0,21.63,21.63,100.0,LOW-RISK PROVIDER,NORMAL,High claim denial/rejection rate of 100.0%
1106699704,PHARMACY_CLAIM,1,0,0.0,0,0,1,0,0,21.62,21.62,0.0,LOW-RISK PROVIDER,NORMAL,Normal claim patterns
1250967804,PHARMACY_CLAIM,1,0,0.0,0,0,1,0,0,21.62,21.62,0.0,LOW-RISK PROVIDER,NORMAL,Normal claim patterns
1289892590,PRIOR_AUTH,1,0,0.0,0,0,1,0,0,21.62,21.62,0.0,LOW-RISK PROVIDER,NORMAL,Normal claim patterns
1592073340,PRIOR_AUTH,1,0,0.0,0,0,1,0,0,21.62,21.62,0.0,LOW-RISK PROVIDER,NORMAL,Normal claim patterns
1678128832,PRIOR_AUTH,1,0,0.0,0,0,1,0,0,21.62,21.62,0.0,LOW-RISK PROVIDER,NORMAL,Normal claim patterns
1084637848,PRIOR_AUTH,1,0,0.0,0,1,0,0,0,21.61,21.61,0.0,LOW-RISK PROVIDER,NORMAL,Normal claim patterns
1307407603,PRIOR_AUTH,1,0,0.0,0,1,0,0,0,21.59,21.59,0.0,LOW-RISK PROVIDER,NORMAL,Normal claim patterns
1785481085,PHARMACY_CLAIM,1,0,0.0,0,1,0,0,0,21.59,21.59,100.0,LOW-RISK PROVIDER,NORMAL,High claim denial/rejection rate of 100.0%
1292098378,PRIOR_AUTH,1,0,0.0,0,1,0,0,0,21.58,21.58,100.0,LOW-RISK PROVIDER,NORMAL,High claim denial/rejection rate of 100.0%
1748743366,PHARMACY_CLAIM,1,0,0.0,0,0,1,0,0,21.58,21.58,0.0,LOW-RISK PROVIDER,NORMAL,Normal claim patterns
1031384539,PHARMACY_CLAIM,1,0,0.0,0,0,1,0,0,21.57,21.57,0.0,LOW-RISK PROVIDER,NORMAL,Normal claim patterns
1555379188,PHARMACY_CLAIM,1,0,0.0,0,1,0,0,0,21.57,21.57,0.0,LOW-RISK PROVIDER,NORMAL,Normal claim patterns
1621615236,PHARMACY_CLAIM,1,0,0.0,0,0,1,0,0,21.57,21.57,0.0,LOW-RISK PROVIDER,NORMAL,Normal claim patterns
1137963059,PHARMACY_CLAIM,1,0,0.0,0,0,1,0,0,21.56,21.56,0.0,LOW-RISK PROVIDER,NORMAL,Normal claim patterns
1260058090,PHARMACY_CLAIM,1,0,0.0,0,1,0,0,0,21.56,21.56,0.0,LOW-RISK PROVIDER,NORMAL,Normal claim patterns
1238777621,PHARMACY_CLAIM,1,0,0.0,0,1,0,0,0,21.55,21.55,0.0,LOW-RISK PROVIDER,NORMAL,Normal claim patterns
1786060367,PHARMACY_CLAIM,1,0,0.0,0,0,1,0,0,21.55,21.55,0.0,LOW-RISK PROVIDER,NORMAL,Normal claim patterns
1478001919,PHARMACY_CLAIM,1,0,0.0,0,0,1,0,0,21.54,21.54,0.0,LOW-RISK PROVIDER,NORMAL,Normal claim patterns
1557123624,PHARMACY_CLAIM,1,0,0.0,0,0,1,0,0,21.54,21.54,0.0,LOW-RISK PROVIDER,NORMAL,Normal claim patterns
1011412524,PHARMACY_CLAIM,1,0,0.0,0,0,1,0,0,21.53,21.53,0.0,LOW-RISK PROVIDER,NORMAL,Normal claim patterns
1763505632,PHARMACY_CLAIM,1,0,0.0,0,0,1,0,0,21.53,21.53,0.0,LOW-RISK PROVIDER,NORMAL,Normal claim patterns
1013277060,MEDICAL_CLAIM,5,4,80.0,0,0,4,0,0,21.52,29.38,0.0,HIGH-RISK PROVIDER,PROVIDER REQUIRING REVIEW,80.0% flagged records (Threshold: 10%)
1482687857,PRIOR_AUTH,1,0,0.0,0,1,0,0,0,21.52,21.52,0.0,LOW-RISK PROVIDER,NORMAL,Normal claim patterns
1898731447,PHARMACY_CLAIM,1,0,0.0,0,0,1,0,0,21.52,21.52,0.0,LOW-RISK PROVIDER,NORMAL,Normal claim patterns
1209866282,PHARMACY_CLAIM,1,0,0.0,0,1,0,0,0,21.51,21.51,0.0,LOW-RISK PROVIDER,NORMAL,Normal claim patterns
1222656478,PHARMACY_CLAIM,1,0,0.0,0,1,0,0,0,21.51,21.51,0.0,LOW-RISK PROVIDER,NORMAL,Normal claim patterns
1564441983,PRIOR_AUTH,1,0,0.0,0,1,0,0,0,21.51,21.51,100.0,LOW-RISK PROVIDER,NORMAL,High claim denial/rejection rate of 100.0%
1597550489,PHARMACY_CLAIM,1,0,0.0,0,1,0,0,0,21.51,21.51,0.0,LOW-RISK PROVIDER,NORMAL,Normal claim patterns
1083040744,PHARMACY_CLAIM,1,0,0.0,0,0,1,0,0,21.5,21.5,0.0,LOW-RISK PROVIDER,NORMAL,Normal claim patterns
1699739213,PHARMACY_CLAIM,1,0,0.0,0,0,1,0,0,21.5,21.5,0.0,LOW-RISK PROVIDER,NORMAL,Normal claim patterns
1281035449,PHARMACY_CLAIM,1,0,0.0,0,0,1,0,0,21.49,21.49,0.0,LOW-RISK PROVIDER,NORMAL,Normal claim patterns
1891181848,MEDICAL_CLAIM,3,2,66.67,0,0,2,0,0,21.48,32.66,0.0,HIGH-RISK PROVIDER,PROVIDER REQUIRING REVIEW,66.7% flagged records (Threshold: 10%)
1386942597,MEDICAL_CLAIM,2,0,0.0,0,2,0,0,0,21.48,22.14,0.0,LOW-RISK PROVIDER,NORMAL,Normal claim patterns
1167327532,PRIOR_AUTH,1,0,0.0,0,1,0,0,0,21.48,21.48,0.0,LOW-RISK PROVIDER,NORMAL,Normal claim patterns
1564552248,PHARMACY_CLAIM,1,0,0.0,0,0,1,0,0,21.48,21.48,0.0,LOW-RISK PROVIDER,NORMAL,Normal claim patterns
1818625088,PHARMACY_CLAIM,1,0,0.0,0,1,0,0,0,21.48,21.48,100.0,LOW-RISK PROVIDER,NORMAL,High claim denial/rejection rate of 100.0%
1836772054,PRIOR_AUTH,1,0,0.0,0,1,0,0,0,21.48,21.48,0.0,LOW-RISK PROVIDER,NORMAL,Normal claim patterns
1679678197,MEDICAL_CLAIM,5,4,80.0,0,0,4,0,0,21.47,28.9,0.0,HIGH-RISK PROVIDER,PROVIDER REQUIRING REVIEW,80.0% flagged records (Threshold: 10%)
1109398153,PRIOR_AUTH,1,0,0.0,0,1,0,0,0,21.47,21.47,0.0,LOW-RISK PROVIDER,NORMAL,Normal claim patterns
1846114284,PRIOR_AUTH,1,0,0.0,0,1,0,0,0,21.47,21.47,0.0,LOW-RISK PROVIDER,NORMAL,Normal claim patterns
1846205764,PRIOR_AUTH,1,0,0.0,0,1,0,0,0,21.47,21.47,0.0,LOW-RISK PROVIDER,NORMAL,Normal claim patterns
1812184037,PHARMACY_CLAIM,1,0,0.0,0,0,1,0,0,21.46,21.46,0.0,LOW-RISK PROVIDER,NORMAL,Normal claim patterns
1821622311,PRIOR_AUTH,1,0,0.0,0,1,0,0,0,21.46,21.46,100.0,LOW-RISK PROVIDER,NORMAL,High claim denial/rejection rate of 100.0%
1110410568,PHARMACY_CLAIM,1,0,0.0,0,0,1,0,0,21.45,21.45,0.0,LOW-RISK PROVIDER,NORMAL,Normal claim patterns
1576496283,PHARMACY_CLAIM,1,0,0.0,0,0,1,0,0,21.45,21.45,0.0,LOW-RISK PROVIDER,NORMAL,Normal claim patterns
1739923358,PRIOR_AUTH,1,0,0.0,0,1,0,0,0,21.45,21.45,0.0,LOW-RISK PROVIDER,NORMAL,Normal claim patterns
1295824001,MEDICAL_CLAIM,4,3,75.0,0,2,1,0,0,21.44,28.83,0.0,HIGH-RISK PROVIDER,PROVIDER REQUIRING REVIEW,75.0% flagged records (Threshold: 10%)
1433522033,PHARMACY_CLAIM,1,0,0.0,0,0,1,0,0,21.44,21.44,0.0,LOW-RISK PROVIDER,NORMAL,Normal claim patterns
1134306368,MEDICAL_CLAIM,5,3,60.0,0,1,2,0,0,21.43,32.09,0.0,HIGH-RISK PROVIDER,PROVIDER REQUIRING REVIEW,60.0% flagged records (Threshold: 10%)
1071457048,PHARMACY_CLAIM,1,0,0.0,0,0,1,0,0,21.43,21.43,0.0,LOW-RISK PROVIDER,NORMAL,Normal claim patterns
1267512834,PHARMACY_CLAIM,1,0,0.0,0,1,0,0,0,21.43,21.43,0.0,LOW-RISK PROVIDER,NORMAL,Normal claim patterns
1750657722,MEDICAL_CLAIM,3,2,66.67,0,0,2,0,0,21.42,30.92,0.0,HIGH-RISK PROVIDER,PROVIDER REQUIRING REVIEW,66.7% flagged records (Threshold: 10%)
1233098950,PHARMACY_CLAIM,1,0,0.0,0,0,1,0,0,21.42,21.42,0.0,LOW-RISK PROVIDER,NORMAL,Normal claim patterns
1339801691,PRIOR_AUTH,1,0,0.0,0,1,0,0,0,21.42,21.42,0.0,LOW-RISK PROVIDER,NORMAL,Normal claim patterns
1042700627,PRIOR_AUTH,1,0,0.0,0,1,0,0,0,21.41,21.41,0.0,LOW-RISK PROVIDER,NORMAL,Normal claim patterns
1565234760,PRIOR_AUTH,1,0,0.0,0,0,1,0,0,21.41,21.41,100.0,LOW-RISK PROVIDER,NORMAL,High claim denial/rejection rate of 100.0%
1591688697,PHARMACY_CLAIM,1,0,0.0,0,0,1,0,0,21.41,21.41,0.0,LOW-RISK PROVIDER,NORMAL,Normal claim patterns
1936275531,PRIOR_AUTH,1,0,0.0,0,0,1,0,0,21.41,21.41,0.0,LOW-RISK PROVIDER,NORMAL,Normal claim patterns
1727887444,PHARMACY_CLAIM,1,0,0.0,0,1,0,0,0,21.4,21.4,100.0,LOW-RISK PROVIDER,NORMAL,High claim denial/rejection rate of 100.0%
1195784886,PHARMACY_CLAIM,1,0,0.0,0,1,0,0,0,21.39,21.39,0.0,LOW-RISK PROVIDER,NORMAL,Normal claim patterns
1566738933,PRIOR_AUTH,1,0,0.0,0,0,1,0,0,21.39,21.39,0.0,LOW-RISK PROVIDER,NORMAL,Normal claim patterns
1229017147,PRIOR_AUTH,1,0,0.0,0,1,0,0,0,21.38,21.38,0.0,LOW-RISK PROVIDER,NORMAL,Normal claim patterns
1317065263,PRIOR_AUTH,1,0,0.0,0,1,0,0,0,21.38,21.38,0.0,LOW-RISK PROVIDER,NORMAL,Normal claim patterns
1802106263,PRIOR_AUTH,1,0,0.0,0,1,0,0,0,21.38,21.38,0.0,LOW-RISK PROVIDER,NORMAL,Normal claim patterns
1084414368,PHARMACY_CLAIM,1,0,0.0,0,0,1,0,0,21.37,21.37,0.0,LOW-RISK PROVIDER,NORMAL,Normal claim patterns
1713728052,PHARMACY_CLAIM,1,0,0.0,0,0,1,0,0,21.37,21.37,0.0,LOW-RISK PROVIDER,NORMAL,Normal claim patterns
1266507735,PRIOR_AUTH,1,0,0.0,0,1,0,0,0,21.36,21.36,0.0,LOW-RISK PROVIDER,NORMAL,Normal claim patterns
1951748441,PHARMACY_CLAIM,1,0,0.0,0,1,0,0,0,21.36,21.36,0.0,LOW-RISK PROVIDER,NORMAL,Normal claim patterns
1953310811,PRIOR_AUTH,1,0,0.0,0,1,0,0,0,21.36,21.36,0.0,LOW-RISK PROVIDER,NORMAL,Normal claim patterns
1997972201,PRIOR_AUTH,1,0,0.0,0,1,0,0,0,21.36,21.36,0.0,LOW-RISK PROVIDER,NORMAL,Normal claim patterns
1093114753,PHARMACY_CLAIM,1,0,0.0,0,1,0,0,0,21.34,21.34,0.0,LOW-RISK PROVIDER,NORMAL,Normal claim patterns
1064913883,PHARMACY_CLAIM,1,0,0.0,0,1,0,0,0,21.33,21.33,100.0,LOW-RISK PROVIDER,NORMAL,High claim denial/rejection rate of 100.0%
1376369160,PRIOR_AUTH,1,0,0.0,0,1,0,0,0,21.33,21.33,100.0,LOW-RISK PROVIDER,NORMAL,High claim denial/rejection rate of 100.0%
1713308088,PHARMACY_CLAIM,1,0,0.0,0,0,1,0,0,21.33,21.33,0.0,LOW-RISK PROVIDER,NORMAL,Normal claim patterns
1595900412,PHARMACY_CLAIM,1,0,0.0,0,0,1,0,0,21.31,21.31,0.0,LOW-RISK PROVIDER,NORMAL,Normal claim patterns
1952599623,MEDICAL_CLAIM,4,3,75.0,0,0,3,0,0,21.3,31.41,0.0,HIGH-RISK PROVIDER,PROVIDER REQUIRING REVIEW,75.0% flagged records (Threshold: 10%)
1269772884,PRIOR_AUTH,1,0,0.0,0,1,0,0,0,21.3,21.3,0.0,LOW-RISK PROVIDER,NORMAL,Normal claim patterns
1441314104,PRIOR_AUTH,1,0,0.0,0,1,0,0,0,21.3,21.3,0.0,LOW-RISK PROVIDER,NORMAL,Normal claim patterns
1647971530,PRIOR_AUTH,1,0,0.0,0,1,0,0,0,21.3,21.3,0.0,LOW-RISK PROVIDER,NORMAL,Normal claim patterns
1671282364,PHARMACY_CLAIM,1,0,0.0,0,0,1,0,0,21.3,21.3,0.0,LOW-RISK PROVIDER,NORMAL,Normal claim patterns
1858171801,PRIOR_AUTH,1,0,0.0,0,1,0,0,0,21.3,21.3,0.0,LOW-RISK PROVIDER,NORMAL,Normal claim patterns
1508262916,MEDICAL_CLAIM,7,5,71.43,0,0,5,0,0,21.29,31.55,0.0,HIGH-RISK PROVIDER,PROVIDER REQUIRING REVIEW,71.4% flagged records (Threshold: 10%)
1237931741,PRIOR_AUTH,1,0,0.0,0,0,1,0,0,21.29,21.29,100.0,LOW-RISK PROVIDER,NORMAL,High claim denial/rejection rate of 100.0%
1419652036,PRIOR_AUTH,1,0,0.0,0,1,0,0,0,21.29,21.29,0.0,LOW-RISK PROVIDER,NORMAL,Normal claim patterns
1438389090,PHARMACY_CLAIM,1,0,0.0,0,0,1,0,0,21.28,21.28,0.0,LOW-RISK PROVIDER,NORMAL,Normal claim patterns
1599366200,PHARMACY_CLAIM,1,0,0.0,0,0,1,0,0,21.28,21.28,0.0,LOW-RISK PROVIDER,NORMAL,Normal claim patterns
1266929307,PRIOR_AUTH,1,0,0.0,0,1,0,0,0,21.27,21.27,0.0,LOW-RISK PROVIDER,NORMAL,Normal claim patterns
1765855555,PRIOR_AUTH,1,0,0.0,0,1,0,0,0,21.27,21.27,0.0,LOW-RISK PROVIDER,NORMAL,Normal claim patterns
1156648400,PHARMACY_CLAIM,1,0,0.0,0,1,0,0,0,21.26,21.26,0.0,LOW-RISK PROVIDER,NORMAL,Normal claim patterns
1164846283,MEDICAL_CLAIM,11,7,63.64,0,0,7,0,0,21.25,33.71,0.0,HIGH-RISK PROVIDER,PROVIDER REQUIRING REVIEW,63.6% flagged records (Threshold: 10%)
1647873765,PHARMACY_CLAIM,1,0,0.0,0,1,0,0,0,21.25,21.25,0.0,LOW-RISK PROVIDER,NORMAL,Normal claim patterns
1793710276,PHARMACY_CLAIM,1,0,0.0,0,0,1,0,0,21.25,21.25,0.0,LOW-RISK PROVIDER,NORMAL,Normal claim patterns
1730132515,MEDICAL_CLAIM,7,5,71.43,0,0,5,0,0,21.24,29.8,0.0,HIGH-RISK PROVIDER,PROVIDER REQUIRING REVIEW,71.4% flagged records (Threshold: 10%)
1477336336,PHARMACY_CLAIM,1,0,0.0,0,0,1,0,0,21.24,21.24,0.0,LOW-RISK PROVIDER,NORMAL,Normal claim patterns
1637101744,PRIOR_AUTH,1,0,0.0,0,0,1,0,0,21.24,21.24,100.0,LOW-RISK PROVIDER,NORMAL,High claim denial/rejection rate of 100.0%
1809917537,PHARMACY_CLAIM,1,0,0.0,0,0,1,0,0,21.24,21.24,0.0,LOW-RISK PROVIDER,NORMAL,Normal claim patterns
1426599216,PHARMACY_CLAIM,1,0,0.0,0,0,1,0,0,21.23,21.23,0.0,LOW-RISK PROVIDER,NORMAL,Normal claim patterns
1675552340,PRIOR_AUTH,1,0,0.0,0,1,0,0,0,21.23,21.23,0.0,LOW-RISK PROVIDER,NORMAL,Normal claim patterns
1690734076,PRIOR_AUTH,1,0,0.0,0,1,0,0,0,21.23,21.23,0.0,LOW-RISK PROVIDER,NORMAL,Normal claim patterns
1342441932,PHARMACY_CLAIM,1,0,0.0,0,1,0,0,0,21.22,21.22,0.0,LOW-RISK PROVIDER,NORMAL,Normal claim patterns
1293046714,PHARMACY_CLAIM,1,0,0.0,0,1,0,0,0,21.21,21.21,0.0,LOW-RISK PROVIDER,NORMAL,Normal claim patterns
1526469769,PHARMACY_CLAIM,1,0,0.0,0,1,0,0,0,21.2,21.2,0.0,LOW-RISK PROVIDER,NORMAL,Normal claim patterns
1943597159,PRIOR_AUTH,1,0,0.0,0,0,1,0,0,21.2,21.2,0.0,LOW-RISK PROVIDER,NORMAL,Normal claim patterns
1390940743,PHARMACY_CLAIM,1,0,0.0,0,0,1,0,0,21.19,21.19,0.0,LOW-RISK PROVIDER,NORMAL,Normal claim patterns
1437602185,PRIOR_AUTH,1,0,0.0,0,0,1,0,0,21.18,21.18,100.0,LOW-RISK PROVIDER,NORMAL,High claim denial/rejection rate of 100.0%
1854797368,PHARMACY_CLAIM,1,0,0.0,0,0,1,0,0,21.18,21.18,0.0,LOW-RISK PROVIDER,NORMAL,Normal claim patterns
1034051336,PHARMACY_CLAIM,1,0,0.0,0,0,1,0,0,21.17,21.17,0.0,LOW-RISK PROVIDER,NORMAL,Normal claim patterns
1064014034,PHARMACY_CLAIM,1,0,0.0,0,0,1,0,0,21.17,21.17,0.0,LOW-RISK PROVIDER,NORMAL,Normal claim patterns
1793894873,PHARMACY_CLAIM,1,0,0.0,0,0,1,0,0,21.17,21.17,0.0,LOW-RISK PROVIDER,NORMAL,Normal claim patterns
1627153828,PHARMACY_CLAIM,1,0,0.0,0,0,1,0,0,21.15,21.15,0.0,LOW-RISK PROVIDER,NORMAL,Normal claim patterns
1869969626,PHARMACY_CLAIM,1,0,0.0,0,0,1,0,0,21.14,21.14,0.0,LOW-RISK PROVIDER,NORMAL,Normal claim patterns
1964384035,PRIOR_AUTH,1,0,0.0,0,1,0,0,0,21.14,21.14,0.0,LOW-RISK PROVIDER,NORMAL,Normal claim patterns
1026044787,PHARMACY_CLAIM,1,0,0.0,0,0,1,0,0,21.13,21.13,0.0,LOW-RISK PROVIDER,NORMAL,Normal claim patterns
1309397132,PHARMACY_CLAIM,1,0,0.0,0,1,0,0,0,21.13,21.13,0.0,LOW-RISK PROVIDER,NORMAL,Normal claim patterns
1497801153,MEDICAL_CLAIM,3,2,66.67,0,0,2,0,0,21.12,30.33,0.0,HIGH-RISK PROVIDER,PROVIDER REQUIRING REVIEW,66.7% flagged records (Threshold: 10%)
1138985000,PRIOR_AUTH,1,0,0.0,0,1,0,0,0,21.12,21.12,0.0,LOW-RISK PROVIDER,NORMAL,Normal claim patterns
1203999153,PHARMACY_CLAIM,1,0,0.0,0,0,1,0,0,21.12,21.12,0.0,LOW-RISK PROVIDER,NORMAL,Normal claim patterns
1759465872,PRIOR_AUTH,1,0,0.0,0,0,1,0,0,21.12,21.12,0.0,LOW-RISK PROVIDER,NORMAL,Normal claim patterns
1874004377,PHARMACY_CLAIM,1,0,0.0,0,0,1,0,0,21.11,21.11,0.0,LOW-RISK PROVIDER,NORMAL,Normal claim patterns
1637777704,PHARMACY_CLAIM,1,0,0.0,0,0,1,0,0,21.1,21.1,0.0,LOW-RISK PROVIDER,NORMAL,Normal claim patterns
1830778990,PHARMACY_CLAIM,1,0,0.0,0,0,1,0,0,21.09,21.09,0.0,LOW-RISK PROVIDER,NORMAL,Normal claim patterns
1039332792,PHARMACY_CLAIM,1,0,0.0,0,0,1,0,0,21.07,21.07,0.0,LOW-RISK PROVIDER,NORMAL,Normal claim patterns
1177608268,PRIOR_AUTH,1,0,0.0,0,0,1,0,0,21.07,21.07,100.0,LOW-RISK PROVIDER,NORMAL,High claim denial/rejection rate of 100.0%
1823908290,PHARMACY_CLAIM,1,0,0.0,0,0,1,0,0,21.07,21.07,0.0,LOW-RISK PROVIDER,NORMAL,Normal claim patterns
1580241349,PHARMACY_CLAIM,1,0,0.0,0,0,1,0,0,21.06,21.06,0.0,LOW-RISK PROVIDER,NORMAL,Normal claim patterns
1178199189,PHARMACY_CLAIM,1,0,0.0,0,0,1,0,0,21.05,21.05,0.0,LOW-RISK PROVIDER,NORMAL,Normal claim patterns
1836622500,PRIOR_AUTH,1,0,0.0,0,0,1,0,0,21.05,21.05,0.0,LOW-RISK PROVIDER,NORMAL,Normal claim patterns
1989477385,PRIOR_AUTH,1,0,0.0,0,0,1,0,0,21.05,21.05,100.0,LOW-RISK PROVIDER,NORMAL,High claim denial/rejection rate of 100.0%
1456524806,PRIOR_AUTH,1,0,0.0,0,1,0,0,0,21.04,21.04,0.0,LOW-RISK PROVIDER,NORMAL,Normal claim patterns
1560474110,PRIOR_AUTH,1,0,0.0,0,1,0,0,0,21.04,21.04,0.0,LOW-RISK PROVIDER,NORMAL,Normal claim patterns
1513223101,PHARMACY_CLAIM,1,0,0.0,0,0,1,0,0,21.03,21.03,0.0,LOW-RISK PROVIDER,NORMAL,Normal claim patterns
1015169781,PRIOR_AUTH,1,0,0.0,0,1,0,0,0,21.02,21.02,0.0,LOW-RISK PROVIDER,NORMAL,Normal claim patterns
1720338729,PHARMACY_CLAIM,1,0,0.0,0,1,0,0,0,21.02,21.02,0.0,LOW-RISK PROVIDER,NORMAL,Normal claim patterns
1942422806,PHARMACY_CLAIM,1,0,0.0,0,1,0,0,0,21.02,21.02,0.0,LOW-RISK PROVIDER,NORMAL,Normal claim patterns
1457365774,PRIOR_AUTH,1,0,0.0,0,1,0,0,0,21.01,21.01,0.0,LOW-RISK PROVIDER,NORMAL,Normal claim patterns
1114362462,PRIOR_AUTH,1,0,0.0,0,1,0,0,0,21.0,21.0,0.0,LOW-RISK PROVIDER,NORMAL,Normal claim patterns
1535310560,PRIOR_AUTH,1,0,0.0,0,1,0,0,0,21.0,21.0,0.0,LOW-RISK PROVIDER,NORMAL,Normal claim patterns
1680785409,PHARMACY_CLAIM,1,0,0.0,0,1,0,0,0,21.0,21.0,0.0,LOW-RISK PROVIDER,NORMAL,Normal claim patterns
1131205150,PRIOR_AUTH,1,0,0.0,0,0,1,0,0,20.99,20.99,100.0,LOW-RISK PROVIDER,NORMAL,High claim denial/rejection rate of 100.0%
1526289619,PHARMACY_CLAIM,1,0,0.0,0,0,1,0,0,20.99,20.99,0.0,LOW-RISK PROVIDER,NORMAL,Normal claim patterns
1396105300,MEDICAL_CLAIM,3,2,66.67,0,0,2,0,0,20.98,27.37,0.0,HIGH-RISK PROVIDER,PROVIDER REQUIRING REVIEW,66.7% flagged records (Threshold: 10%)
1396036719,PHARMACY_CLAIM,1,0,0.0,0,0,1,0,0,20.98,20.98,0.0,LOW-RISK PROVIDER,NORMAL,Normal claim patterns
1797016944,PHARMACY_CLAIM,1,0,0.0,0,0,1,0,0,20.98,20.98,0.0,LOW-RISK PROVIDER,NORMAL,Normal claim patterns
1886669884,PHARMACY_CLAIM,1,0,0.0,0,0,1,0,0,20.98,20.98,0.0,LOW-RISK PROVIDER,NORMAL,Normal claim patterns
1395277490,PHARMACY_CLAIM,1,0,0.0,0,1,0,0,0,20.97,20.97,0.0,LOW-RISK PROVIDER,NORMAL,Normal claim patterns
1501257251,PHARMACY_CLAIM,1,0,0.0,0,1,0,0,0,20.97,20.97,0.0,LOW-RISK PROVIDER,NORMAL,Normal claim patterns
1221956224,PRIOR_AUTH,1,0,0.0,0,0,1,0,0,20.96,20.96,100.0,LOW-RISK PROVIDER,NORMAL,High claim denial/rejection rate of 100.0%
1647634849,PHARMACY_CLAIM,1,0,0.0,0,1,0,0,0,20.96,20.96,0.0,LOW-RISK PROVIDER,NORMAL,Normal claim patterns
1114839622,PRIOR_AUTH,1,0,0.0,0,1,0,0,0,20.95,20.95,0.0,LOW-RISK PROVIDER,NORMAL,Normal claim patterns
1276157480,PHARMACY_CLAIM,1,0,0.0,0,1,0,0,0,20.95,20.95,0.0,LOW-RISK PROVIDER,NORMAL,Normal claim patterns
1433329969,PRIOR_AUTH,1,0,0.0,0,1,0,0,0,20.95,20.95,100.0,LOW-RISK PROVIDER,NORMAL,High claim denial/rejection rate of 100.0%
1870571749,PHARMACY_CLAIM,1,0,0.0,0,0,1,0,0,20.95,20.95,0.0,LOW-RISK PROVIDER,NORMAL,Normal claim patterns
1501634185,PRIOR_AUTH,1,0,0.0,0,1,0,0,0,20.94,20.94,0.0,LOW-RISK PROVIDER,NORMAL,Normal claim patterns
1668642081,PHARMACY_CLAIM,1,0,0.0,0,1,0,0,0,20.94,20.94,0.0,LOW-RISK PROVIDER,NORMAL,Normal claim patterns
1729212672,PRIOR_AUTH,1,0,0.0,0,1,0,0,0,20.94,20.94,0.0,LOW-RISK PROVIDER,NORMAL,Normal claim patterns
1978920572,PHARMACY_CLAIM,1,0,0.0,0,0,1,0,0,20.94,20.94,0.0,LOW-RISK PROVIDER,NORMAL,Normal claim patterns
1548750573,MEDICAL_CLAIM,4,3,75.0,0,0,3,0,0,20.93,28.39,0.0,HIGH-RISK PROVIDER,PROVIDER REQUIRING REVIEW,75.0% flagged records (Threshold: 10%)
1033453662,PRIOR_AUTH,1,0,0.0,0,1,0,0,0,20.93,20.93,0.0,LOW-RISK PROVIDER,NORMAL,Normal claim patterns
1454622872,PRIOR_AUTH,1,0,0.0,0,1,0,0,0,20.93,20.93,0.0,LOW-RISK PROVIDER,NORMAL,Normal claim patterns
1812254873,PRIOR_AUTH,1,0,0.0,0,1,0,0,0,20.93,20.93,0.0,LOW-RISK PROVIDER,NORMAL,Normal claim patterns
1649814138,MEDICAL_CLAIM,3,2,66.67,0,0,2,0,0,20.92,29.75,0.0,HIGH-RISK PROVIDER,PROVIDER REQUIRING REVIEW,66.7% flagged records (Threshold: 10%)
1252829119,PHARMACY_CLAIM,1,0,0.0,0,0,1,0,0,20.92,20.92,0.0,LOW-RISK PROVIDER,NORMAL,Normal claim patterns
1001678292,PRIOR_AUTH,1,0,0.0,0,1,0,0,0,20.91,20.91,0.0,LOW-RISK PROVIDER,NORMAL,Normal claim patterns
1130615122,PHARMACY_CLAIM,1,0,0.0,0,0,1,0,0,20.91,20.91,0.0,LOW-RISK PROVIDER,NORMAL,Normal claim patterns
1325506793,PHARMACY_CLAIM,1,0,0.0,0,0,1,0,0,20.91,20.91,0.0,LOW-RISK PROVIDER,NORMAL,Normal claim patterns
1532792177,PRIOR_AUTH,1,0,0.0,0,1,0,0,0,20.91,20.91,0.0,LOW-RISK PROVIDER,NORMAL,Normal claim patterns
1419678660,PRIOR_AUTH,1,0,0.0,0,1,0,0,0,20.9,20.9,0.0,LOW-RISK PROVIDER,NORMAL,Normal claim patterns
1639227428,PHARMACY_CLAIM,1,0,0.0,0,0,1,0,0,20.9,20.9,0.0,LOW-RISK PROVIDER,NORMAL,Normal claim patterns
1703450668,PHARMACY_CLAIM,1,0,0.0,0,1,0,0,0,20.9,20.9,0.0,LOW-RISK PROVIDER,NORMAL,Normal claim patterns
1948264488,PRIOR_AUTH,1,0,0.0,0,1,0,0,0,20.9,20.9,0.0,LOW-RISK PROVIDER,NORMAL,Normal claim patterns
1201856973,PHARMACY_CLAIM,1,0,0.0,0,0,1,0,0,20.89,20.89,0.0,LOW-RISK PROVIDER,NORMAL,Normal claim patterns
1600956430,PHARMACY_CLAIM,1,0,0.0,0,0,1,0,0,20.89,20.89,0.0,LOW-RISK PROVIDER,NORMAL,Normal claim patterns
1701649693,PHARMACY_CLAIM,1,0,0.0,0,0,1,0,0,20.89,20.89,0.0,LOW-RISK PROVIDER,NORMAL,Normal claim patterns
1244895286,PHARMACY_CLAIM,1,0,0.0,0,1,0,0,0,20.88,20.88,0.0,LOW-RISK PROVIDER,NORMAL,Normal claim patterns
1298931379,PRIOR_AUTH,1,0,0.0,0,1,0,0,0,20.88,20.88,100.0,LOW-RISK PROVIDER,NORMAL,High claim denial/rejection rate of 100.0%
1326920692,PHARMACY_CLAIM,1,0,0.0,0,0,1,0,0,20.88,20.88,0.0,LOW-RISK PROVIDER,NORMAL,Normal claim patterns
1753085273,PHARMACY_CLAIM,1,0,0.0,0,0,1,0,0,20.88,20.88,0.0,LOW-RISK PROVIDER,NORMAL,Normal claim patterns
1754858698,PRIOR_AUTH,1,0,0.0,0,1,0,0,0,20.88,20.88,0.0,LOW-RISK PROVIDER,NORMAL,Normal claim patterns
1214971075,PHARMACY_CLAIM,1,0,0.0,0,0,1,0,0,20.87,20.87,0.0,LOW-RISK PROVIDER,NORMAL,Normal claim patterns
1740529668,MEDICAL_CLAIM,5,3,60.0,0,0,5,0,0,20.86,49.88,0.0,HIGH-RISK PROVIDER,PROVIDER REQUIRING REVIEW,60.0% flagged records (Threshold: 10%)
1231646023,PHARMACY_CLAIM,1,0,0.0,0,0,1,0,0,20.86,20.86,0.0,LOW-RISK PROVIDER,NORMAL,Normal claim patterns
1236877446,PHARMACY_CLAIM,1,0,0.0,0,0,1,0,0,20.86,20.86,0.0,LOW-RISK PROVIDER,NORMAL,Normal claim patterns
1243882198,PRIOR_AUTH,1,0,0.0,0,0,1,0,0,20.86,20.86,0.0,LOW-RISK PROVIDER,NORMAL,Normal claim patterns
1487550778,PHARMACY_CLAIM,1,0,0.0,0,0,1,0,0,20.86,20.86,0.0,LOW-RISK PROVIDER,NORMAL,Normal claim patterns
1691385301,PRIOR_AUTH,1,0,0.0,0,0,1,0,0,20.86,20.86,100.0,LOW-RISK PROVIDER,NORMAL,High claim denial/rejection rate of 100.0%
1134527708,MEDICAL_CLAIM,3,2,66.67,0,0,2,0,0,20.85,30.8,0.0,HIGH-RISK PROVIDER,PROVIDER REQUIRING REVIEW,66.7% flagged records (Threshold: 10%)
1022554316,PRIOR_AUTH,1,0,0.0,0,1,0,0,0,20.85,20.85,0.0,LOW-RISK PROVIDER,NORMAL,Normal claim patterns
1827173843,PHARMACY_CLAIM,1,0,0.0,0,0,1,0,0,20.85,20.85,0.0,LOW-RISK PROVIDER,NORMAL,Normal claim patterns
1188077634,PHARMACY_CLAIM,1,0,0.0,0,0,1,0,0,20.84,20.84,0.0,LOW-RISK PROVIDER,NORMAL,Normal claim patterns
1664034856,PHARMACY_CLAIM,1,0,0.0,0,0,1,0,0,20.84,20.84,0.0,LOW-RISK PROVIDER,NORMAL,Normal claim patterns
1838313953,PRIOR_AUTH,1,0,0.0,0,1,0,0,0,20.84,20.84,0.0,LOW-RISK PROVIDER,NORMAL,Normal claim patterns
1842328458,PHARMACY_CLAIM,1,0,0.0,0,1,0,0,0,20.84,20.84,0.0,LOW-RISK PROVIDER,NORMAL,Normal claim patterns
1901106980,PRIOR_AUTH,1,0,0.0,0,1,0,0,0,20.84,20.84,0.0,LOW-RISK PROVIDER,NORMAL,Normal claim patterns
1098763909,PHARMACY_CLAIM,1,0,0.0,0,1,0,0,0,20.83,20.83,0.0,LOW-RISK PROVIDER,NORMAL,Normal claim patterns
1869566364,PRIOR_AUTH,1,0,0.0,0,1,0,0,0,20.83,20.83,0.0,LOW-RISK PROVIDER,NORMAL,Normal claim patterns
1899542412,PRIOR_AUTH,1,0,0.0,0,1,0,0,0,20.83,20.83,0.0,LOW-RISK PROVIDER,NORMAL,Normal claim patterns
1432264247,PHARMACY_CLAIM,1,0,0.0,0,0,1,0,0,20.82,20.82,0.0,LOW-RISK PROVIDER,NORMAL,Normal claim patterns
1537265123,PRIOR_AUTH,1,0,0.0,0,0,1,0,0,20.82,20.82,0.0,LOW-RISK PROVIDER,NORMAL,Normal claim patterns
1945418612,PRIOR_AUTH,1,0,0.0,0,1,0,0,0,20.82,20.82,0.0,LOW-RISK PROVIDER,NORMAL,Normal claim patterns
1645339864,PHARMACY_CLAIM,1,0,0.0,0,0,1,0,0,20.8,20.8,0.0,LOW-RISK PROVIDER,NORMAL,Normal claim patterns
1697489570,PRIOR_AUTH,1,0,0.0,0,0,1,0,0,20.8,20.8,100.0,LOW-RISK PROVIDER,NORMAL,High claim denial/rejection rate of 100.0%
1263200597,PRIOR_AUTH,1,0,0.0,0,0,1,0,0,20.79,20.79,0.0,LOW-RISK PROVIDER,NORMAL,Normal claim patterns
1472054762,PHARMACY_CLAIM,1,0,0.0,0,0,1,0,0,20.79,20.79,0.0,LOW-RISK PROVIDER,NORMAL,Normal claim patterns
1211352307,PHARMACY_CLAIM,1,0,0.0,0,0,1,0,0,20.78,20.78,0.0,LOW-RISK PROVIDER,NORMAL,Normal claim patterns
1439843518,PHARMACY_CLAIM,1,0,0.0,0,0,1,0,0,20.78,20.78,0.0,LOW-RISK PROVIDER,NORMAL,Normal claim patterns
1038631193,PHARMACY_CLAIM,1,0,0.0,0,0,1,0,0,20.77,20.77,0.0,LOW-RISK PROVIDER,NORMAL,Normal claim patterns
1553885483,PHARMACY_CLAIM,1,0,0.0,0,0,1,0,0,20.77,20.77,0.0,LOW-RISK PROVIDER,NORMAL,Normal claim patterns
1392746013,PHARMACY_CLAIM,1,0,0.0,0,0,1,0,0,20.75,20.75,0.0,LOW-RISK PROVIDER,NORMAL,Normal claim patterns
1430956378,PHARMACY_CLAIM,1,0,0.0,0,0,1,0,0,20.75,20.75,0.0,LOW-RISK PROVIDER,NORMAL,Normal claim patterns
1886760798,PRIOR_AUTH,1,0,0.0,0,1,0,0,0,20.75,20.75,0.0,LOW-RISK PROVIDER,NORMAL,Normal claim patterns
1909674346,PRIOR_AUTH,1,0,0.0,0,0,1,0,0,20.75,20.75,100.0,LOW-RISK PROVIDER,NORMAL,High claim denial/rejection rate of 100.0%
1104128487,MEDICAL_CLAIM,3,2,66.67,0,0,2,0,0,20.74,31.8,0.0,HIGH-RISK PROVIDER,PROVIDER REQUIRING REVIEW,66.7% flagged records (Threshold: 10%)
1305985416,PHARMACY_CLAIM,1,0,0.0,0,0,1,0,0,20.74,20.74,0.0,LOW-RISK PROVIDER,NORMAL,Normal claim patterns
1091154457,PRIOR_AUTH,1,0,0.0,0,1,0,0,0,20.73,20.73,0.0,LOW-RISK PROVIDER,NORMAL,Normal claim patterns
1208026935,PHARMACY_CLAIM,1,0,0.0,0,0,1,0,0,20.73,20.73,0.0,LOW-RISK PROVIDER,NORMAL,Normal claim patterns
1634716773,PRIOR_AUTH,1,0,0.0,0,1,0,0,0,20.73,20.73,0.0,LOW-RISK PROVIDER,NORMAL,Normal claim patterns
1804927930,PRIOR_AUTH,1,0,0.0,0,0,1,0,0,20.73,20.73,0.0,LOW-RISK PROVIDER,NORMAL,Normal claim patterns
1811419607,PRIOR_AUTH,1,0,0.0,0,1,0,0,0,20.73,20.73,0.0,LOW-RISK PROVIDER,NORMAL,Normal claim patterns
1594867654,PRIOR_AUTH,1,0,0.0,0,0,1,0,0,20.72,20.72,0.0,LOW-RISK PROVIDER,NORMAL,Normal claim patterns
1955717909,PHARMACY_CLAIM,1,0,0.0,0,0,1,0,0,20.72,20.72,0.0,LOW-RISK PROVIDER,NORMAL,Normal claim patterns
1396275459,MEDICAL_CLAIM,7,5,71.43,0,0,5,0,0,20.71,30.0,0.0,HIGH-RISK PROVIDER,PROVIDER REQUIRING REVIEW,71.4% flagged records (Threshold: 10%)
1035053821,PHARMACY_CLAIM,1,0,0.0,0,0,1,0,0,20.71,20.71,0.0,LOW-RISK PROVIDER,NORMAL,Normal claim patterns
1982055409,PRIOR_AUTH,1,0,0.0,0,0,1,0,0,20.71,20.71,100.0,LOW-RISK PROVIDER,NORMAL,High claim denial/rejection rate of 100.0%
1987287089,PRIOR_AUTH,1,0,0.0,0,1,0,0,0,20.71,20.71,0.0,LOW-RISK PROVIDER,NORMAL,Normal claim patterns
1009211352,PHARMACY_CLAIM,1,0,0.0,0,1,0,0,0,20.7,20.7,0.0,LOW-RISK PROVIDER,NORMAL,Normal claim patterns
1020734327,PRIOR_AUTH,1,0,0.0,0,0,1,0,0,20.7,20.7,0.0,LOW-RISK PROVIDER,NORMAL,Normal claim patterns
1134528235,PRIOR_AUTH,1,0,0.0,0,1,0,0,0,20.7,20.7,0.0,LOW-RISK PROVIDER,NORMAL,Normal claim patterns
1635513237,PHARMACY_CLAIM,1,0,0.0,0,0,1,0,0,20.7,20.7,0.0,LOW-RISK PROVIDER,NORMAL,Normal claim patterns
1762962807,PHARMACY_CLAIM,1,0,0.0,0,0,1,0,0,20.69,20.69,0.0,LOW-RISK PROVIDER,NORMAL,Normal claim patterns
1938591615,PHARMACY_CLAIM,1,0,0.0,0,1,0,0,0,20.69,20.69,0.0,LOW-RISK PROVIDER,NORMAL,Normal claim patterns
1174641658,MEDICAL_CLAIM,4,3,75.0,0,2,1,0,0,20.68,28.83,0.0,HIGH-RISK PROVIDER,PROVIDER REQUIRING REVIEW,75.0% flagged records (Threshold: 10%)
1025554459,PRIOR_AUTH,1,0,0.0,0,0,1,0,0,20.68,20.68,100.0,LOW-RISK PROVIDER,NORMAL,High claim denial/rejection rate of 100.0%
1146623717,PHARMACY_CLAIM,1,0,0.0,0,0,1,0,0,20.68,20.68,0.0,LOW-RISK PROVIDER,NORMAL,Normal claim patterns
1801057690,MEDICAL_CLAIM,3,2,66.67,0,0,2,0,0,20.67,29.71,0.0,HIGH-RISK PROVIDER,PROVIDER REQUIRING REVIEW,66.7% flagged records (Threshold: 10%)
1168730562,PRIOR_AUTH,1,0,0.0,0,1,0,0,0,20.67,20.67,100.0,LOW-RISK PROVIDER,NORMAL,High claim denial/rejection rate of 100.0%
1614162374,PHARMACY_CLAIM,1,0,0.0,0,0,1,0,0,20.67,20.67,0.0,LOW-RISK PROVIDER,NORMAL,Normal claim patterns
1526224047,PHARMACY_CLAIM,1,0,0.0,0,0,1,0,0,20.66,20.66,0.0,LOW-RISK PROVIDER,NORMAL,Normal claim patterns
1684116540,PRIOR_AUTH,1,0,0.0,0,0,1,0,0,20.66,20.66,100.0,LOW-RISK PROVIDER,NORMAL,High claim denial/rejection rate of 100.0%
1927136234,PHARMACY_CLAIM,1,0,0.0,0,1,0,0,0,20.65,20.65,0.0,LOW-RISK PROVIDER,NORMAL,Normal claim patterns
1999579440,PHARMACY_CLAIM,1,0,0.0,0,0,1,0,0,20.65,20.65,0.0,LOW-RISK PROVIDER,NORMAL,Normal claim patterns
1170228880,PHARMACY_CLAIM,1,0,0.0,0,1,0,0,0,20.64,20.64,0.0,LOW-RISK PROVIDER,NORMAL,Normal claim patterns
1799426313,PHARMACY_CLAIM,1,0,0.0,0,0,1,0,0,20.64,20.64,0.0,LOW-RISK PROVIDER,NORMAL,Normal claim patterns
1927223474,PRIOR_AUTH,1,0,0.0,0,0,1,0,0,20.64,20.64,0.0,LOW-RISK PROVIDER,NORMAL,Normal claim patterns
1041998066,PRIOR_AUTH,1,0,0.0,0,1,0,0,0,20.63,20.63,0.0,LOW-RISK PROVIDER,NORMAL,Normal claim patterns
1949532923,PHARMACY_CLAIM,1,0,0.0,0,0,1,0,0,20.63,20.63,0.0,LOW-RISK PROVIDER,NORMAL,Normal claim patterns
1539341628,PRIOR_AUTH,1,0,0.0,0,1,0,0,0,20.62,20.62,0.0,LOW-RISK PROVIDER,NORMAL,Normal claim patterns
1548760119,MEDICAL_CLAIM,4,3,75.0,0,0,3,0,0,20.61,29.33,0.0,HIGH-RISK PROVIDER,PROVIDER REQUIRING REVIEW,75.0% flagged records (Threshold: 10%)
1617260217,PHARMACY_CLAIM,1,0,0.0,0,0,1,0,0,20.61,20.61,0.0,LOW-RISK PROVIDER,NORMAL,Normal claim patterns
1649384196,PHARMACY_CLAIM,1,0,0.0,0,0,1,0,0,20.61,20.61,0.0,LOW-RISK PROVIDER,NORMAL,Normal claim patterns
1801652647,PRIOR_AUTH,1,0,0.0,0,0,1,0,0,20.61,20.61,100.0,LOW-RISK PROVIDER,NORMAL,High claim denial/rejection rate of 100.0%
1827320632,PRIOR_AUTH,1,0,0.0,0,0,1,0,0,20.61,20.61,100.0,LOW-RISK PROVIDER,NORMAL,High claim denial/rejection rate of 100.0%
1172922417,PHARMACY_CLAIM,1,0,0.0,0,1,0,0,0,20.6,20.6,0.0,LOW-RISK PROVIDER,NORMAL,Normal claim patterns
1620913168,PHARMACY_CLAIM,1,0,0.0,0,0,1,0,0,20.6,20.6,0.0,LOW-RISK PROVIDER,NORMAL,Normal claim patterns
1824516133,PRIOR_AUTH,1,0,0.0,0,1,0,0,0,20.6,20.6,0.0,LOW-RISK PROVIDER,NORMAL,Normal claim patterns
1120519937,PHARMACY_CLAIM,1,0,0.0,0,0,1,0,0,20.59,20.59,0.0,LOW-RISK PROVIDER,NORMAL,Normal claim patterns
1297306329,PHARMACY_CLAIM,1,0,0.0,0,0,1,0,0,20.59,20.59,0.0,LOW-RISK PROVIDER,NORMAL,Normal claim patterns
1455225473,PRIOR_AUTH,1,0,0.0,0,1,0,0,0,20.59,20.59,0.0,LOW-RISK PROVIDER,NORMAL,Normal claim patterns
1841458882,MEDICAL_CLAIM,1,0,0.0,0,1,0,0,0,20.59,20.59,0.0,LOW-RISK PROVIDER,NORMAL,Normal claim patterns
1070374173,PHARMACY_CLAIM,1,0,0.0,0,1,0,0,0,20.58,20.58,0.0,LOW-RISK PROVIDER,NORMAL,Normal claim patterns
1821599397,PRIOR_AUTH,1,0,0.0,0,1,0,0,0,20.58,20.58,0.0,LOW-RISK PROVIDER,NORMAL,Normal claim patterns
1955105617,PHARMACY_CLAIM,1,0,0.0,0,1,0,0,0,20.58,20.58,0.0,LOW-RISK PROVIDER,NORMAL,Normal claim patterns
1257366193,PHARMACY_CLAIM,1,0,0.0,0,0,1,0,0,20.57,20.57,0.0,LOW-RISK PROVIDER,NORMAL,Normal claim patterns
1504627559,PHARMACY_CLAIM,1,0,0.0,0,0,1,0,0,20.57,20.57,0.0,LOW-RISK PROVIDER,NORMAL,Normal claim patterns
1376551429,PHARMACY_CLAIM,1,0,0.0,0,1,0,0,0,20.56,20.56,0.0,LOW-RISK PROVIDER,NORMAL,Normal claim patterns
1111431746,PRIOR_AUTH,1,0,0.0,0,1,0,0,0,20.55,20.55,0.0,LOW-RISK PROVIDER,NORMAL,Normal claim patterns
1244580265,PHARMACY_CLAIM,1,0,0.0,0,0,1,0,0,20.55,20.55,0.0,LOW-RISK PROVIDER,NORMAL,Normal claim patterns
1357100947,PRIOR_AUTH,1,0,0.0,0,0,1,0,0,20.55,20.55,100.0,LOW-RISK PROVIDER,NORMAL,High claim denial/rejection rate of 100.0%
1465448393,PHARMACY_CLAIM,1,0,0.0,0,0,1,0,0,20.55,20.55,0.0,LOW-RISK PROVIDER,NORMAL,Normal claim patterns
1700952426,PRIOR_AUTH,1,0,0.0,0,0,1,0,0,20.55,20.55,100.0,LOW-RISK PROVIDER,NORMAL,High claim denial/rejection rate of 100.0%
1000369697,PHARMACY_CLAIM,1,0,0.0,0,0,1,0,0,20.54,20.54,0.0,LOW-RISK PROVIDER,NORMAL,Normal claim patterns
1620418075,PHARMACY_CLAIM,1,0,0.0,0,0,1,0,0,20.54,20.54,0.0,LOW-RISK PROVIDER,NORMAL,Normal claim patterns
1089926184,PHARMACY_CLAIM,1,0,0.0,0,0,1,0,0,20.53,20.53,0.0,LOW-RISK PROVIDER,NORMAL,Normal claim patterns
1542079348,PHARMACY_CLAIM,1,0,0.0,0,0,1,0,0,20.53,20.53,0.0,LOW-RISK PROVIDER,NORMAL,Normal claim patterns
1412413437,PHARMACY_CLAIM,1,0,0.0,0,0,1,0,0,20.52,20.52,0.0,LOW-RISK PROVIDER,NORMAL,Normal claim patterns
1612058561,PRIOR_AUTH,1,0,0.0,0,1,0,0,0,20.52,20.52,0.0,LOW-RISK PROVIDER,NORMAL,Normal claim patterns
1889219873,PHARMACY_CLAIM,1,0,0.0,0,0,1,0,0,20.52,20.52,0.0,LOW-RISK PROVIDER,NORMAL,Normal claim patterns
1881047338,PHARMACY_CLAIM,1,0,0.0,0,1,0,0,0,20.51,20.51,0.0,LOW-RISK PROVIDER,NORMAL,Normal claim patterns
1013138001,PHARMACY_CLAIM,1,0,0.0,0,1,0,0,0,20.5,20.5,0.0,LOW-RISK PROVIDER,NORMAL,Normal claim patterns
1337691237,PHARMACY_CLAIM,1,0,0.0,0,0,1,0,0,20.5,20.5,0.0,LOW-RISK PROVIDER,NORMAL,Normal claim patterns
1574382862,PHARMACY_CLAIM,1,0,0.0,0,0,1,0,0,20.5,20.5,0.0,LOW-RISK PROVIDER,NORMAL,Normal claim patterns
1882818888,PRIOR_AUTH,1,0,0.0,0,1,0,0,0,20.5,20.5,0.0,LOW-RISK PROVIDER,NORMAL,Normal claim patterns
1934188338,PRIOR_AUTH,1,0,0.0,0,1,0,0,0,20.5,20.5,0.0,LOW-RISK PROVIDER,NORMAL,Normal claim patterns
1770991291,MEDICAL_CLAIM,14,9,64.29,0,0,9,0,0,20.49,31.02,0.0,HIGH-RISK PROVIDER,PROVIDER REQUIRING REVIEW,64.3% flagged records (Threshold: 10%)
1739670843,PHARMACY_CLAIM,1,0,0.0,0,1,0,0,0,20.49,20.49,0.0,LOW-RISK PROVIDER,NORMAL,Normal claim patterns
1099666116,PRIOR_AUTH,1,0,0.0,0,1,0,0,0,20.48,20.48,0.0,LOW-RISK PROVIDER,NORMAL,Normal claim patterns
1868915616,PRIOR_AUTH,1,0,0.0,0,1,0,0,0,20.48,20.48,0.0,LOW-RISK PROVIDER,NORMAL,Normal claim patterns
1196245155,PRIOR_AUTH,1,0,0.0,0,0,1,0,0,20.47,20.47,100.0,LOW-RISK PROVIDER,NORMAL,High claim denial/rejection rate of 100.0%
1514707198,PHARMACY_CLAIM,1,0,0.0,0,0,1,0,0,20.47,20.47,0.0,LOW-RISK PROVIDER,NORMAL,Normal claim patterns
1608604261,PHARMACY_CLAIM,1,0,0.0,0,0,1,0,0,20.47,20.47,0.0,LOW-RISK PROVIDER,NORMAL,Normal claim patterns
1322330113,PHARMACY_CLAIM,1,0,0.0,0,0,1,0,0,20.46,20.46,0.0,LOW-RISK PROVIDER,NORMAL,Normal claim patterns
1509156548,PHARMACY_CLAIM,1,0,0.0,0,0,1,0,0,20.46,20.46,0.0,LOW-RISK PROVIDER,NORMAL,Normal claim patterns
1430638222,PHARMACY_CLAIM,1,0,0.0,0,1,0,0,0,20.45,20.45,0.0,LOW-RISK PROVIDER,NORMAL,Normal claim patterns
1926005596,PHARMACY_CLAIM,1,0,0.0,0,0,1,0,0,20.44,20.44,0.0,LOW-RISK PROVIDER,NORMAL,Normal claim patterns
1940312331,PRIOR_AUTH,1,0,0.0,0,1,0,0,0,20.44,20.44,0.0,LOW-RISK PROVIDER,NORMAL,Normal claim patterns
1306145289,MEDICAL_CLAIM,3,2,66.67,0,0,2,0,0,20.43,29.91,0.0,HIGH-RISK PROVIDER,PROVIDER REQUIRING REVIEW,66.7% flagged records (Threshold: 10%)
1286550281,PRIOR_AUTH,1,0,0.0,0,1,0,0,0,20.42,20.42,0.0,LOW-RISK PROVIDER,NORMAL,Normal claim patterns
1657499083,PRIOR_AUTH,1,0,0.0,0,1,0,0,0,20.42,20.42,0.0,LOW-RISK PROVIDER,NORMAL,Normal claim patterns
1773542100,PRIOR_AUTH,1,0,0.0,0,1,0,0,0,20.42,20.42,0.0,LOW-RISK PROVIDER,NORMAL,Normal claim patterns
1916184040,PHARMACY_CLAIM,1,0,0.0,0,0,1,0,0,20.41,20.41,0.0,LOW-RISK PROVIDER,NORMAL,Normal claim patterns
1922350968,PHARMACY_CLAIM,1,0,0.0,0,0,1,0,0,20.41,20.41,0.0,LOW-RISK PROVIDER,NORMAL,Normal claim patterns
1258716619,PRIOR_AUTH,1,0,0.0,0,1,0,0,0,20.4,20.4,0.0,LOW-RISK PROVIDER,NORMAL,Normal claim patterns
1464128298,PHARMACY_CLAIM,1,0,0.0,0,0,1,0,0,20.4,20.4,0.0,LOW-RISK PROVIDER,NORMAL,Normal claim patterns
1598429937,PHARMACY_CLAIM,1,0,0.0,0,0,1,0,0,20.4,20.4,0.0,LOW-RISK PROVIDER,NORMAL,Normal claim patterns
1480974939,PRIOR_AUTH,1,0,0.0,0,0,1,0,0,20.39,20.39,0.0,LOW-RISK PROVIDER,NORMAL,Normal claim patterns
1569708414,PRIOR_AUTH,1,0,0.0,0,1,0,0,0,20.39,20.39,0.0,LOW-RISK PROVIDER,NORMAL,Normal claim patterns
1841585498,PRIOR_AUTH,1,0,0.0,0,1,0,0,0,20.39,20.39,0.0,LOW-RISK PROVIDER,NORMAL,Normal claim patterns
1917382814,PHARMACY_CLAIM,1,0,0.0,0,0,1,0,0,20.39,20.39,0.0,LOW-RISK PROVIDER,NORMAL,Normal claim patterns
1870871353,PHARMACY_CLAIM,1,0,0.0,0,0,1,0,0,20.38,20.38,0.0,LOW-RISK PROVIDER,NORMAL,Normal claim patterns
1897758910,PHARMACY_CLAIM,1,0,0.0,0,1,0,0,0,20.38,20.38,0.0,LOW-RISK PROVIDER,NORMAL,Normal claim patterns
1346755154,MEDICAL_CLAIM,2,1,50.0,0,0,1,0,0,20.37,31.44,0.0,HIGH-RISK PROVIDER,PROVIDER REQUIRING REVIEW,50.0% flagged records (Threshold: 10%)
1540971130,PRIOR_AUTH,1,0,0.0,0,1,0,0,0,20.37,20.37,100.0,LOW-RISK PROVIDER,NORMAL,High claim denial/rejection rate of 100.0%
1713961099,PHARMACY_CLAIM,1,0,0.0,0,0,1,0,0,20.37,20.37,0.0,LOW-RISK PROVIDER,NORMAL,Normal claim patterns
1739726065,PHARMACY_CLAIM,1,0,0.0,0,0,1,0,0,20.37,20.37,0.0,LOW-RISK PROVIDER,NORMAL,Normal claim patterns
1853255822,PRIOR_AUTH,1,0,0.0,0,1,0,0,0,20.37,20.37,100.0,LOW-RISK PROVIDER,NORMAL,High claim denial/rejection rate of 100.0%
1546040571,PRIOR_AUTH,1,0,0.0,0,0,1,0,0,20.36,20.36,100.0,LOW-RISK PROVIDER,NORMAL,High claim denial/rejection rate of 100.0%
1909509049,PHARMACY_CLAIM,1,0,0.0,0,0,1,0,0,20.36,20.36,0.0,LOW-RISK PROVIDER,NORMAL,Normal claim patterns
1508979683,MEDICAL_CLAIM,13,8,61.54,0,1,8,0,0,20.35,30.39,0.0,HIGH-RISK PROVIDER,PROVIDER REQUIRING REVIEW,61.5% flagged records (Threshold: 10%)
1336152347,MEDICAL_CLAIM,4,3,75.0,0,0,3,0,0,20.35,28.07,0.0,HIGH-RISK PROVIDER,PROVIDER REQUIRING REVIEW,75.0% flagged records (Threshold: 10%)
1669063277,MEDICAL_CLAIM,3,2,66.67,0,0,2,0,0,20.35,31.32,0.0,HIGH-RISK PROVIDER,PROVIDER REQUIRING REVIEW,66.7% flagged records (Threshold: 10%)
1031915489,PHARMACY_CLAIM,1,0,0.0,0,0,1,0,0,20.33,20.33,0.0,LOW-RISK PROVIDER,NORMAL,Normal claim patterns
1247808890,PRIOR_AUTH,1,0,0.0,0,0,1,0,0,20.33,20.33,0.0,LOW-RISK PROVIDER,NORMAL,Normal claim patterns
1248311324,PHARMACY_CLAIM,1,0,0.0,0,1,0,0,0,20.32,20.32,0.0,LOW-RISK PROVIDER,NORMAL,Normal claim patterns
1550193910,PHARMACY_CLAIM,1,0,0.0,0,0,1,0,0,20.32,20.32,0.0,LOW-RISK PROVIDER,NORMAL,Normal claim patterns
1174718050,MEDICAL_CLAIM,3,2,66.67,0,0,2,0,0,20.31,33.36,0.0,HIGH-RISK PROVIDER,PROVIDER REQUIRING REVIEW,66.7% flagged records (Threshold: 10%)
1812862829,PHARMACY_CLAIM,1,0,0.0,0,0,1,0,0,20.31,20.31,0.0,LOW-RISK PROVIDER,NORMAL,Normal claim patterns
1034931755,PHARMACY_CLAIM,1,0,0.0,0,0,1,0,0,20.3,20.3,0.0,LOW-RISK PROVIDER,NORMAL,Normal claim patterns
1253593889,PHARMACY_CLAIM,1,0,0.0,0,0,1,0,0,20.3,20.3,0.0,LOW-RISK PROVIDER,NORMAL,Normal claim patterns
1022700441,PRIOR_AUTH,1,0,0.0,0,0,1,0,0,20.29,20.29,100.0,LOW-RISK PROVIDER,NORMAL,High claim denial/rejection rate of 100.0%
1190681153,PHARMACY_CLAIM,1,0,0.0,0,0,1,0,0,20.29,20.29,0.0,LOW-RISK PROVIDER,NORMAL,Normal claim patterns
1444174541,PRIOR_AUTH,1,0,0.0,0,0,1,0,0,20.29,20.29,100.0,LOW-RISK PROVIDER,NORMAL,High claim denial/rejection rate of 100.0%
1083179399,PHARMACY_CLAIM,1,0,0.0,0,1,0,0,0,20.28,20.28,0.0,LOW-RISK PROVIDER,NORMAL,Normal claim patterns
1649728198,PHARMACY_CLAIM,1,0,0.0,0,0,1,0,0,20.28,20.28,0.0,LOW-RISK PROVIDER,NORMAL,Normal claim patterns
1895563326,PRIOR_AUTH,1,0,0.0,0,1,0,0,0,20.28,20.28,0.0,LOW-RISK PROVIDER,NORMAL,Normal claim patterns
1676293489,PRIOR_AUTH,1,0,0.0,0,0,1,0,0,20.27,20.27,0.0,LOW-RISK PROVIDER,NORMAL,Normal claim patterns
1833975282,PHARMACY_CLAIM,1,0,0.0,0,0,1,0,0,20.27,20.27,0.0,LOW-RISK PROVIDER,NORMAL,Normal claim patterns
1457619299,PHARMACY_CLAIM,1,0,0.0,0,0,1,0,0,20.26,20.26,0.0,LOW-RISK PROVIDER,NORMAL,Normal claim patterns
1689612164,PRIOR_AUTH,1,0,0.0,0,1,0,0,0,20.26,20.26,0.0,LOW-RISK PROVIDER,NORMAL,Normal claim patterns
1887439353,PRIOR_AUTH,1,0,0.0,0,1,0,0,0,20.26,20.26,0.0,LOW-RISK PROVIDER,NORMAL,Normal claim patterns
1943746761,PRIOR_AUTH,1,0,0.0,0,1,0,0,0,20.26,20.26,0.0,LOW-RISK PROVIDER,NORMAL,Normal claim patterns
1210043456,PRIOR_AUTH,1,0,0.0,0,1,0,0,0,20.25,20.25,0.0,LOW-RISK PROVIDER,NORMAL,Normal claim patterns
1318989439,PHARMACY_CLAIM,1,0,0.0,0,0,1,0,0,20.25,20.25,0.0,LOW-RISK PROVIDER,NORMAL,Normal claim patterns
1627296270,PRIOR_AUTH,1,0,0.0,0,1,0,0,0,20.25,20.25,0.0,LOW-RISK PROVIDER,NORMAL,Normal claim patterns
1013331110,PRIOR_AUTH,1,0,0.0,0,1,0,0,0,20.24,20.24,0.0,LOW-RISK PROVIDER,NORMAL,Normal claim patterns
1272303219,PHARMACY_CLAIM,1,0,0.0,0,0,1,0,0,20.24,20.24,0.0,LOW-RISK PROVIDER,NORMAL,Normal claim patterns
1526163443,PHARMACY_CLAIM,1,0,0.0,0,0,1,0,0,20.24,20.24,0.0,LOW-RISK PROVIDER,NORMAL,Normal claim patterns
1690228073,PHARMACY_CLAIM,1,0,0.0,0,0,1,0,0,20.24,20.24,0.0,LOW-RISK PROVIDER,NORMAL,Normal claim patterns
1770770273,MEDICAL_CLAIM,1,0,0.0,0,1,0,0,0,20.24,20.24,0.0,LOW-RISK PROVIDER,NORMAL,Normal claim patterns
1531462488,PHARMACY_CLAIM,1,0,0.0,0,1,0,0,0,20.23,20.23,0.0,LOW-RISK PROVIDER,NORMAL,Normal claim patterns
1771669828,PHARMACY_CLAIM,1,0,0.0,0,0,1,0,0,20.22,20.22,0.0,LOW-RISK PROVIDER,NORMAL,Normal claim patterns
1265651122,PHARMACY_CLAIM,1,0,0.0,0,0,1,0,0,20.21,20.21,0.0,LOW-RISK PROVIDER,NORMAL,Normal claim patterns
1878943227,PRIOR_AUTH,1,0,0.0,0,1,0,0,0,20.21,20.21,0.0,LOW-RISK PROVIDER,NORMAL,Normal claim patterns
1116381384,PRIOR_AUTH,1,0,0.0,0,1,0,0,0,20.2,20.2,0.0,LOW-RISK PROVIDER,NORMAL,Normal claim patterns
1768196427,PHARMACY_CLAIM,1,0,0.0,0,0,1,0,0,20.2,20.2,0.0,LOW-RISK PROVIDER,NORMAL,Normal claim patterns
1246996458,PHARMACY_CLAIM,1,0,0.0,0,0,1,0,0,20.19,20.19,0.0,LOW-RISK PROVIDER,NORMAL,Normal claim patterns
1851015693,PHARMACY_CLAIM,1,0,0.0,0,0,1,0,0,20.19,20.19,0.0,LOW-RISK PROVIDER,NORMAL,Normal claim patterns
1029538249,PHARMACY_CLAIM,1,0,0.0,0,0,1,0,0,20.18,20.18,0.0,LOW-RISK PROVIDER,NORMAL,Normal claim patterns
1019297389,PHARMACY_CLAIM,1,0,0.0,0,0,1,0,0,20.17,20.17,0.0,LOW-RISK PROVIDER,NORMAL,Normal claim patterns
1548359163,PRIOR_AUTH,1,0,0.0,0,0,1,0,0,20.17,20.17,0.0,LOW-RISK PROVIDER,NORMAL,Normal claim patterns
1231434441,PHARMACY_CLAIM,1,0,0.0,0,0,1,0,0,20.16,20.16,0.0,LOW-RISK PROVIDER,NORMAL,Normal claim patterns
1386788203,PRIOR_AUTH,1,0,0.0,0,0,1,0,0,20.16,20.16,100.0,LOW-RISK PROVIDER,NORMAL,High claim denial/rejection rate of 100.0%
1786075221,PHARMACY_CLAIM,1,0,0.0,0,0,1,0,0,20.16,20.16,0.0,LOW-RISK PROVIDER,NORMAL,Normal claim patterns
1787055563,PHARMACY_CLAIM,1,0,0.0,0,1,0,0,0,20.16,20.16,0.0,LOW-RISK PROVIDER,NORMAL,Normal claim patterns
1685425380,PRIOR_AUTH,1,0,0.0,0,1,0,0,0,20.15,20.15,0.0,LOW-RISK PROVIDER,NORMAL,Normal claim patterns
1734426361,PHARMACY_CLAIM,1,0,0.0,0,1,0,0,0,20.15,20.15,0.0,LOW-RISK PROVIDER,NORMAL,Normal claim patterns
1497201347,MEDICAL_CLAIM,3,2,66.67,0,1,1,0,0,20.14,31.04,0.0,HIGH-RISK PROVIDER,PROVIDER REQUIRING REVIEW,66.7% flagged records (Threshold: 10%)
1194891950,PRIOR_AUTH,1,0,0.0,0,0,1,0,0,20.14,20.14,100.0,LOW-RISK PROVIDER,NORMAL,High claim denial/rejection rate of 100.0%
1608756510,PRIOR_AUTH,1,0,0.0,0,0,1,0,0,20.14,20.14,100.0,LOW-RISK PROVIDER,NORMAL,High claim denial/rejection rate of 100.0%
1734837275,PHARMACY_CLAIM,1,0,0.0,0,0,1,0,0,20.14,20.14,0.0,LOW-RISK PROVIDER,NORMAL,Normal claim patterns
1980240956,PRIOR_AUTH,1,0,0.0,0,0,1,0,0,20.14,20.14,100.0,LOW-RISK PROVIDER,NORMAL,High claim denial/rejection rate of 100.0%
1927095224,PRIOR_AUTH,1,0,0.0,0,0,1,0,0,20.13,20.13,0.0,LOW-RISK PROVIDER,NORMAL,Normal claim patterns
1740364009,MEDICAL_CLAIM,7,4,57.14,0,0,4,0,0,20.11,34.64,0.0,HIGH-RISK PROVIDER,PROVIDER REQUIRING REVIEW,57.1% flagged records (Threshold: 10%)
1164501896,MEDICAL_CLAIM,3,2,66.67,0,0,2,0,0,20.11,29.46,0.0,HIGH-RISK PROVIDER,PROVIDER REQUIRING REVIEW,66.7% flagged records (Threshold: 10%)
1166509310,PHARMACY_CLAIM,1,0,0.0,0,1,0,0,0,20.11,20.11,0.0,LOW-RISK PROVIDER,NORMAL,Normal claim patterns
1872239442,PRIOR_AUTH,1,0,0.0,0,1,0,0,0,20.11,20.11,0.0,LOW-RISK PROVIDER,NORMAL,Normal claim patterns
1263598224,PRIOR_AUTH,1,0,0.0,0,1,0,0,0,20.1,20.1,0.0,LOW-RISK PROVIDER,NORMAL,Normal claim patterns
1850267166,PRIOR_AUTH,1,0,0.0,0,1,0,0,0,20.1,20.1,0.0,LOW-RISK PROVIDER,NORMAL,Normal claim patterns
1048095381,PHARMACY_CLAIM,1,0,0.0,0,0,1,0,0,20.09,20.09,0.0,LOW-RISK PROVIDER,NORMAL,Normal claim patterns
1367356583,PRIOR_AUTH,1,0,0.0,0,0,1,0,0,20.09,20.09,0.0,LOW-RISK PROVIDER,NORMAL,Normal claim patterns
1654219628,PHARMACY_CLAIM,1,0,0.0,0,1,0,0,0,20.09,20.09,0.0,LOW-RISK PROVIDER,NORMAL,Normal claim patterns
1831868493,PHARMACY_CLAIM,1,0,0.0,0,0,1,0,0,20.08,20.08,0.0,LOW-RISK PROVIDER,NORMAL,Normal claim patterns
1461450687,PHARMACY_CLAIM,1,0,0.0,0,0,1,0,0,20.06,20.06,0.0,LOW-RISK PROVIDER,NORMAL,Normal claim patterns
1753049435,PHARMACY_CLAIM,1,0,0.0,0,0,1,0,0,20.06,20.06,0.0,LOW-RISK PROVIDER,NORMAL,Normal claim patterns
1933441621,PRIOR_AUTH,1,0,0.0,0,1,0,0,0,20.06,20.06,100.0,LOW-RISK PROVIDER,NORMAL,High claim denial/rejection rate of 100.0%
1467543892,MEDICAL_CLAIM,2,1,50.0,0,0,1,0,0,20.05,33.96,0.0,HIGH-RISK PROVIDER,PROVIDER REQUIRING REVIEW,50.0% flagged records (Threshold: 10%)
1037855356,PRIOR_AUTH,1,0,0.0,0,1,0,0,0,20.05,20.05,0.0,LOW-RISK PROVIDER,NORMAL,Normal claim patterns
1633636583,PHARMACY_CLAIM,1,0,0.0,0,0,1,0,0,20.05,20.05,0.0,LOW-RISK PROVIDER,NORMAL,Normal claim patterns
1689921306,MEDICAL_CLAIM,3,2,66.67,0,0,2,0,0,20.04,30.67,0.0,HIGH-RISK PROVIDER,PROVIDER REQUIRING REVIEW,66.7% flagged records (Threshold: 10%)
1097916765,PHARMACY_CLAIM,1,0,0.0,0,1,0,0,0,20.04,20.04,0.0,LOW-RISK PROVIDER,NORMAL,Normal claim patterns
1251587287,PHARMACY_CLAIM,1,0,0.0,0,0,1,0,0,20.04,20.04,0.0,LOW-RISK PROVIDER,NORMAL,Normal claim patterns
1398971457,PRIOR_AUTH,1,0,0.0,0,1,0,0,0,20.04,20.04,0.0,LOW-RISK PROVIDER,NORMAL,Normal claim patterns
1511474421,PRIOR_AUTH,1,0,0.0,0,1,0,0,0,20.04,20.04,0.0,LOW-RISK PROVIDER,NORMAL,Normal claim patterns
1658863689,PRIOR_AUTH,1,0,0.0,0,1,0,0,0,20.04,20.04,0.0,LOW-RISK PROVIDER,NORMAL,Normal claim patterns
1894398148,PRIOR_AUTH,1,0,0.0,0,1,0,0,0,20.04,20.04,0.0,LOW-RISK PROVIDER,NORMAL,Normal claim patterns
1905044132,PRIOR_AUTH,1,0,0.0,0,1,0,0,0,20.04,20.04,0.0,LOW-RISK PROVIDER,NORMAL,Normal claim patterns
1547960547,PHARMACY_CLAIM,1,0,0.0,0,0,1,0,0,20.03,20.03,0.0,LOW-RISK PROVIDER,NORMAL,Normal claim patterns
1773904570,PHARMACY_CLAIM,1,0,0.0,0,1,0,0,0,20.03,20.03,0.0,LOW-RISK PROVIDER,NORMAL,Normal claim patterns
1797275027,PHARMACY_CLAIM,1,0,0.0,0,1,0,0,0,20.03,20.03,0.0,LOW-RISK PROVIDER,NORMAL,Normal claim patterns
1438860507,PRIOR_AUTH,1,0,0.0,0,0,1,0,0,20.02,20.02,100.0,LOW-RISK PROVIDER,NORMAL,High claim denial/rejection rate of 100.0%
1447018123,PRIOR_AUTH,1,0,0.0,0,0,1,0,0,20.01,20.01,0.0,LOW-RISK PROVIDER,NORMAL,Normal claim patterns
1526757445,PHARMACY_CLAIM,1,0,0.0,0,0,1,0,0,20.01,20.01,0.0,LOW-RISK PROVIDER,NORMAL,Normal claim patterns
1428276387,PHARMACY_CLAIM,1,0,0.0,0,1,0,0,0,20.0,20.0,0.0,LOW-RISK PROVIDER,NORMAL,Normal claim patterns
1388525483,PHARMACY_CLAIM,1,0,0.0,0,1,0,0,0,19.99,19.99,0.0,LOW-RISK PROVIDER,NORMAL,Normal claim patterns
1762149484,PRIOR_AUTH,1,0,0.0,0,0,1,0,0,19.99,19.99,0.0,LOW-RISK PROVIDER,NORMAL,Normal claim patterns
1862603410,PHARMACY_CLAIM,1,0,0.0,0,0,1,0,0,19.99,19.99,0.0,LOW-RISK PROVIDER,NORMAL,Normal claim patterns
1155518572,PHARMACY_CLAIM,1,0,0.0,0,0,1,0,0,19.98,19.98,0.0,LOW-RISK PROVIDER,NORMAL,Normal claim patterns
1526855697,PRIOR_AUTH,1,0,0.0,0,0,1,0,0,19.98,19.98,0.0,LOW-RISK PROVIDER,NORMAL,Normal claim patterns
1649544490,PRIOR_AUTH,1,0,0.0,0,1,0,0,0,19.98,19.98,100.0,LOW-RISK PROVIDER,NORMAL,High claim denial/rejection rate of 100.0%
1772990639,PHARMACY_CLAIM,1,0,0.0,0,0,1,0,0,19.96,19.96,0.0,LOW-RISK PROVIDER,NORMAL,Normal claim patterns
1589802746,PHARMACY_CLAIM,1,0,0.0,0,1,0,0,0,19.95,19.95,0.0,LOW-RISK PROVIDER,NORMAL,Normal claim patterns
1952523095,PHARMACY_CLAIM,1,0,0.0,0,1,0,0,0,19.95,19.95,0.0,LOW-RISK PROVIDER,NORMAL,Normal claim patterns
1307296144,PHARMACY_CLAIM,1,0,0.0,0,0,1,0,0,19.94,19.94,0.0,LOW-RISK PROVIDER,NORMAL,Normal claim patterns
1544504046,PRIOR_AUTH,1,0,0.0,0,1,0,0,0,19.94,19.94,0.0,LOW-RISK PROVIDER,NORMAL,Normal claim patterns
1625074545,PRIOR_AUTH,1,0,0.0,0,1,0,0,0,19.94,19.94,0.0,LOW-RISK PROVIDER,NORMAL,Normal claim patterns
1689473226,PRIOR_AUTH,1,0,0.0,0,1,0,0,0,19.94,19.94,0.0,LOW-RISK PROVIDER,NORMAL,Normal claim patterns
1033605613,MEDICAL_CLAIM,2,1,50.0,0,0,1,0,0,19.93,30.1,0.0,HIGH-RISK PROVIDER,PROVIDER REQUIRING REVIEW,50.0% flagged records (Threshold: 10%)
1135035991,PRIOR_AUTH,1,0,0.0,0,1,0,0,0,19.93,19.93,0.0,LOW-RISK PROVIDER,NORMAL,Normal claim patterns
1841756749,MEDICAL_CLAIM,2,1,50.0,0,0,1,0,0,19.92,31.02,0.0,HIGH-RISK PROVIDER,PROVIDER REQUIRING REVIEW,50.0% flagged records (Threshold: 10%)
1680122967,PHARMACY_CLAIM,1,0,0.0,0,0,1,0,0,19.92,19.92,0.0,LOW-RISK PROVIDER,NORMAL,Normal claim patterns
1002252861,PHARMACY_CLAIM,1,0,0.0,0,0,1,0,0,19.91,19.91,0.0,LOW-RISK PROVIDER,NORMAL,Normal claim patterns
1670727739,PRIOR_AUTH,1,0,0.0,0,0,1,0,0,19.91,19.91,100.0,LOW-RISK PROVIDER,NORMAL,High claim denial/rejection rate of 100.0%
1143230474,PHARMACY_CLAIM,1,0,0.0,0,1,0,0,0,19.9,19.9,0.0,LOW-RISK PROVIDER,NORMAL,Normal claim patterns
1702699839,PRIOR_AUTH,1,0,0.0,0,0,1,0,0,19.9,19.9,0.0,LOW-RISK PROVIDER,NORMAL,Normal claim patterns
1740641591,PHARMACY_CLAIM,1,0,0.0,0,0,1,0,0,19.9,19.9,0.0,LOW-RISK PROVIDER,NORMAL,Normal claim patterns
1213433345,PHARMACY_CLAIM,1,0,0.0,0,1,0,0,0,19.89,19.89,0.0,LOW-RISK PROVIDER,NORMAL,Normal claim patterns
1380787559,PRIOR_AUTH,1,0,0.0,0,1,0,0,0,19.89,19.89,0.0,LOW-RISK PROVIDER,NORMAL,Normal claim patterns
1436823347,PRIOR_AUTH,1,0,0.0,0,1,0,0,0,19.89,19.89,0.0,LOW-RISK PROVIDER,NORMAL,Normal claim patterns
1467116916,PRIOR_AUTH,1,0,0.0,0,1,0,0,0,19.89,19.89,0.0,LOW-RISK PROVIDER,NORMAL,Normal claim patterns
1591564716,PRIOR_AUTH,1,0,0.0,0,1,0,0,0,19.89,19.89,0.0,LOW-RISK PROVIDER,NORMAL,Normal claim patterns
1785800583,PHARMACY_CLAIM,1,0,0.0,0,0,1,0,0,19.89,19.89,0.0,LOW-RISK PROVIDER,NORMAL,Normal claim patterns
1417473851,MEDICAL_CLAIM,3,2,66.67,0,1,1,0,0,19.88,29.44,0.0,HIGH-RISK PROVIDER,PROVIDER REQUIRING REVIEW,66.7% flagged records (Threshold: 10%)
1091748952,PHARMACY_CLAIM,1,0,0.0,0,0,1,0,0,19.88,19.88,0.0,LOW-RISK PROVIDER,NORMAL,Normal claim patterns
1225664525,PHARMACY_CLAIM,1,0,0.0,0,0,1,0,0,19.88,19.88,0.0,LOW-RISK PROVIDER,NORMAL,Normal claim patterns
1529589640,PHARMACY_CLAIM,1,0,0.0,0,0,1,0,0,19.88,19.88,0.0,LOW-RISK PROVIDER,NORMAL,Normal claim patterns
1389197013,PRIOR_AUTH,1,0,0.0,0,0,1,0,0,19.87,19.87,0.0,LOW-RISK PROVIDER,NORMAL,Normal claim patterns
1379555608,PHARMACY_CLAIM,1,0,0.0,0,0,1,0,0,19.86,19.86,0.0,LOW-RISK PROVIDER,NORMAL,Normal claim patterns
1436363701,PRIOR_AUTH,1,0,0.0,0,0,1,0,0,19.86,19.86,0.0,LOW-RISK PROVIDER,NORMAL,Normal claim patterns
1509309356,PHARMACY_CLAIM,1,0,0.0,0,0,1,0,0,19.86,19.86,0.0,LOW-RISK PROVIDER,NORMAL,Normal claim patterns
1680162152,PHARMACY_CLAIM,1,0,0.0,0,0,1,0,0,19.86,19.86,0.0,LOW-RISK PROVIDER,NORMAL,Normal claim patterns
1636672090,PHARMACY_CLAIM,1,0,0.0,0,0,1,0,0,19.85,19.85,0.0,LOW-RISK PROVIDER,NORMAL,Normal claim patterns
1638808757,PHARMACY_CLAIM,1,0,0.0,0,0,1,0,0,19.85,19.85,0.0,LOW-RISK PROVIDER,NORMAL,Normal claim patterns
1497842553,MEDICAL_CLAIM,5,3,60.0,0,0,3,0,0,19.84,31.77,0.0,HIGH-RISK PROVIDER,PROVIDER REQUIRING REVIEW,60.0% flagged records (Threshold: 10%)
1788450095,PRIOR_AUTH,1,0,0.0,0,1,0,0,0,19.84,19.84,100.0,LOW-RISK PROVIDER,NORMAL,High claim denial/rejection rate of 100.0%
1097408682,PHARMACY_CLAIM,1,0,0.0,0,0,1,0,0,19.83,19.83,0.0,LOW-RISK PROVIDER,NORMAL,Normal claim patterns
1079553188,PHARMACY_CLAIM,1,0,0.0,0,0,1,0,0,19.82,19.82,0.0,LOW-RISK PROVIDER,NORMAL,Normal claim patterns
1138946714,PRIOR_AUTH,1,0,0.0,0,0,1,0,0,19.82,19.82,0.0,LOW-RISK PROVIDER,NORMAL,Normal claim patterns
1638777914,PHARMACY_CLAIM,1,0,0.0,0,0,1,0,0,19.82,19.82,0.0,LOW-RISK PROVIDER,NORMAL,Normal claim patterns
1659694145,PRIOR_AUTH,1,0,0.0,0,0,1,0,0,19.82,19.82,0.0,LOW-RISK PROVIDER,NORMAL,Normal claim patterns
1270355006,PHARMACY_CLAIM,1,0,0.0,0,0,1,0,0,19.81,19.81,0.0,LOW-RISK PROVIDER,NORMAL,Normal claim patterns
1750486106,MEDICAL_CLAIM,6,4,66.67,0,0,4,0,0,19.8,29.47,0.0,HIGH-RISK PROVIDER,PROVIDER REQUIRING REVIEW,66.7% flagged records (Threshold: 10%)
1570833230,PRIOR_AUTH,1,0,0.0,0,0,1,0,0,19.8,19.8,0.0,LOW-RISK PROVIDER,NORMAL,Normal claim patterns
1969421769,PHARMACY_CLAIM,1,0,0.0,0,0,1,0,0,19.8,19.8,0.0,LOW-RISK PROVIDER,NORMAL,Normal claim patterns
1701566407,PHARMACY_CLAIM,1,0,0.0,0,0,1,0,0,19.79,19.79,0.0,LOW-RISK PROVIDER,NORMAL,Normal claim patterns
1985540083,PRIOR_AUTH,1,0,0.0,0,0,1,0,0,19.79,19.79,100.0,LOW-RISK PROVIDER,NORMAL,High claim denial/rejection rate of 100.0%
1390062213,PRIOR_AUTH,1,0,0.0,0,0,1,0,0,19.77,19.77,0.0,LOW-RISK PROVIDER,NORMAL,Normal claim patterns
1688082780,PHARMACY_CLAIM,1,0,0.0,0,1,0,0,0,19.77,19.77,0.0,LOW-RISK PROVIDER,NORMAL,Normal claim patterns
1078300319,PRIOR_AUTH,1,0,0.0,0,0,1,0,0,19.76,19.76,100.0,LOW-RISK PROVIDER,NORMAL,High claim denial/rejection rate of 100.0%
1618152578,PHARMACY_CLAIM,1,0,0.0,0,0,1,0,0,19.76,19.76,0.0,LOW-RISK PROVIDER,NORMAL,Normal claim patterns
1905457496,PHARMACY_CLAIM,1,0,0.0,0,1,0,0,0,19.76,19.76,0.0,LOW-RISK PROVIDER,NORMAL,Normal claim patterns
1044490775,PRIOR_AUTH,1,0,0.0,0,0,1,0,0,19.75,19.75,0.0,LOW-RISK PROVIDER,NORMAL,Normal claim patterns
1358357628,PHARMACY_CLAIM,1,0,0.0,0,0,1,0,0,19.75,19.75,0.0,LOW-RISK PROVIDER,NORMAL,Normal claim patterns
1356482970,MEDICAL_CLAIM,9,6,66.67,0,0,6,0,0,19.74,31.7,0.0,HIGH-RISK PROVIDER,PROVIDER REQUIRING REVIEW,66.7% flagged records (Threshold: 10%)
1357090204,PRIOR_AUTH,1,0,0.0,0,0,1,0,0,19.74,19.74,0.0,LOW-RISK PROVIDER,NORMAL,Normal claim patterns
1799796391,PRIOR_AUTH,1,0,0.0,0,0,1,0,0,19.74,19.74,0.0,LOW-RISK PROVIDER,NORMAL,Normal claim patterns
1998297056,PHARMACY_CLAIM,1,0,0.0,0,0,1,0,0,19.74,19.74,0.0,LOW-RISK PROVIDER,NORMAL,Normal claim patterns
1640842964,PRIOR_AUTH,1,0,0.0,0,1,0,0,0,19.73,19.73,0.0,LOW-RISK PROVIDER,NORMAL,Normal claim patterns
1698900339,PHARMACY_CLAIM,1,0,0.0,0,1,0,0,0,19.73,19.73,0.0,LOW-RISK PROVIDER,NORMAL,Normal claim patterns
1245398904,PHARMACY_CLAIM,1,0,0.0,0,0,1,0,0,19.72,19.72,0.0,LOW-RISK PROVIDER,NORMAL,Normal claim patterns
1933790350,PRIOR_AUTH,1,0,0.0,0,0,1,0,0,19.72,19.72,0.0,LOW-RISK PROVIDER,NORMAL,Normal claim patterns
1121718252,PHARMACY_CLAIM,1,0,0.0,0,0,1,0,0,19.71,19.71,0.0,LOW-RISK PROVIDER,NORMAL,Normal claim patterns
1639662385,PRIOR_AUTH,1,0,0.0,0,0,1,0,0,19.7,19.7,0.0,LOW-RISK PROVIDER,NORMAL,Normal claim patterns
1356676514,MEDICAL_CLAIM,3,2,66.67,0,0,2,0,0,19.69,30.83,0.0,HIGH-RISK PROVIDER,PROVIDER REQUIRING REVIEW,66.7% flagged records (Threshold: 10%)
1699849181,PRIOR_AUTH,1,0,0.0,0,0,1,0,0,19.69,19.69,100.0,LOW-RISK PROVIDER,NORMAL,High claim denial/rejection rate of 100.0%
1258905637,PRIOR_AUTH,1,0,0.0,0,0,1,0,0,19.68,19.68,100.0,LOW-RISK PROVIDER,NORMAL,High claim denial/rejection rate of 100.0%
1529130806,PHARMACY_CLAIM,1,0,0.0,0,0,1,0,0,19.68,19.68,0.0,LOW-RISK PROVIDER,NORMAL,Normal claim patterns
1567574123,PHARMACY_CLAIM,1,0,0.0,0,0,1,0,0,19.68,19.68,0.0,LOW-RISK PROVIDER,NORMAL,Normal claim patterns
1696750907,PRIOR_AUTH,1,0,0.0,0,0,1,0,0,19.68,19.68,0.0,LOW-RISK PROVIDER,NORMAL,Normal claim patterns
1167645088,PHARMACY_CLAIM,1,0,0.0,0,0,1,0,0,19.67,19.67,0.0,LOW-RISK PROVIDER,NORMAL,Normal claim patterns
1809115526,PHARMACY_CLAIM,1,0,0.0,0,0,1,0,0,19.67,19.67,0.0,LOW-RISK PROVIDER,NORMAL,Normal claim patterns
1048127883,PHARMACY_CLAIM,1,0,0.0,0,0,1,0,0,19.66,19.66,0.0,LOW-RISK PROVIDER,NORMAL,Normal claim patterns
1267493157,PHARMACY_CLAIM,1,0,0.0,0,0,1,0,0,19.66,19.66,0.0,LOW-RISK PROVIDER,NORMAL,Normal claim patterns
1621419980,PHARMACY_CLAIM,1,0,0.0,0,0,1,0,0,19.66,19.66,0.0,LOW-RISK PROVIDER,NORMAL,Normal claim patterns
1553868061,PHARMACY_CLAIM,1,0,0.0,0,0,1,0,0,19.65,19.65,0.0,LOW-RISK PROVIDER,NORMAL,Normal claim patterns
1603437587,PHARMACY_CLAIM,1,0,0.0,0,0,1,0,0,19.65,19.65,0.0,LOW-RISK PROVIDER,NORMAL,Normal claim patterns
1114050903,MEDICAL_CLAIM,5,3,60.0,0,0,3,0,0,19.64,31.54,0.0,HIGH-RISK PROVIDER,PROVIDER REQUIRING REVIEW,60.0% flagged records (Threshold: 10%)
1009166079,PHARMACY_CLAIM,1,0,0.0,0,0,1,0,0,19.64,19.64,0.0,LOW-RISK PROVIDER,NORMAL,Normal claim patterns
1651044663,PHARMACY_CLAIM,1,0,0.0,0,0,1,0,0,19.64,19.64,0.0,LOW-RISK PROVIDER,NORMAL,Normal claim patterns
1967303842,PRIOR_AUTH,1,0,0.0,0,0,1,0,0,19.63,19.63,0.0,LOW-RISK PROVIDER,NORMAL,Normal claim patterns
1965355888,PHARMACY_CLAIM,1,0,0.0,0,0,1,0,0,19.62,19.62,0.0,LOW-RISK PROVIDER,NORMAL,Normal claim patterns
1543982640,PHARMACY_CLAIM,1,0,0.0,0,0,1,0,0,19.61,19.61,0.0,LOW-RISK PROVIDER,NORMAL,Normal claim patterns
1708313466,PRIOR_AUTH,1,0,0.0,0,0,1,0,0,19.61,19.61,0.0,LOW-RISK PROVIDER,NORMAL,Normal claim patterns
1323704720,PHARMACY_CLAIM,1,0,0.0,0,0,1,0,0,19.6,19.6,0.0,LOW-RISK PROVIDER,NORMAL,Normal claim patterns
1476790226,PHARMACY_CLAIM,1,0,0.0,0,0,1,0,0,19.6,19.6,0.0,LOW-RISK PROVIDER,NORMAL,Normal claim patterns
1495891468,PHARMACY_CLAIM,1,0,0.0,0,0,1,0,0,19.6,19.6,0.0,LOW-RISK PROVIDER,NORMAL,Normal claim patterns
1897132707,PRIOR_AUTH,1,0,0.0,0,0,1,0,0,19.59,19.59,100.0,LOW-RISK PROVIDER,NORMAL,High claim denial/rejection rate of 100.0%
1945994351,PRIOR_AUTH,1,0,0.0,0,1,0,0,0,19.58,19.58,0.0,LOW-RISK PROVIDER,NORMAL,Normal claim patterns
1215176315,PRIOR_AUTH,1,0,0.0,0,1,0,0,0,19.57,19.57,0.0,LOW-RISK PROVIDER,NORMAL,Normal claim patterns
1001708385,PRIOR_AUTH,1,0,0.0,0,0,1,0,0,19.56,19.56,0.0,LOW-RISK PROVIDER,NORMAL,Normal claim patterns
1570776453,PHARMACY_CLAIM,1,0,0.0,0,0,1,0,0,19.56,19.56,0.0,LOW-RISK PROVIDER,NORMAL,Normal claim patterns
1805384600,PHARMACY_CLAIM,1,0,0.0,0,0,1,0,0,19.55,19.55,0.0,LOW-RISK PROVIDER,NORMAL,Normal claim patterns
1958929286,PHARMACY_CLAIM,1,0,0.0,0,0,1,0,0,19.55,19.55,0.0,LOW-RISK PROVIDER,NORMAL,Normal claim patterns
1013541077,PHARMACY_CLAIM,1,0,0.0,0,0,1,0,0,19.54,19.54,0.0,LOW-RISK PROVIDER,NORMAL,Normal claim patterns
1024854260,PRIOR_AUTH,1,0,0.0,0,0,1,0,0,19.54,19.54,0.0,LOW-RISK PROVIDER,NORMAL,Normal claim patterns
1456668576,PHARMACY_CLAIM,1,0,0.0,0,0,1,0,0,19.53,19.53,0.0,LOW-RISK PROVIDER,NORMAL,Normal claim patterns
1057152467,PRIOR_AUTH,1,0,0.0,0,1,0,0,0,19.52,19.52,0.0,LOW-RISK PROVIDER,NORMAL,Normal claim patterns
1343539223,PHARMACY_CLAIM,1,0,0.0,0,0,1,0,0,19.52,19.52,0.0,LOW-RISK PROVIDER,NORMAL,Normal claim patterns
1377626079,PRIOR_AUTH,1,0,0.0,0,0,1,0,0,19.52,19.52,0.0,LOW-RISK PROVIDER,NORMAL,Normal claim patterns
1690585178,PRIOR_AUTH,1,0,0.0,0,0,1,0,0,19.52,19.52,0.0,LOW-RISK PROVIDER,NORMAL,Normal claim patterns
1587984422,PHARMACY_CLAIM,1,0,0.0,0,0,1,0,0,19.51,19.51,0.0,LOW-RISK PROVIDER,NORMAL,Normal claim patterns
1983560161,PHARMACY_CLAIM,1,0,0.0,0,0,1,0,0,19.51,19.51,0.0,LOW-RISK PROVIDER,NORMAL,Normal claim patterns
1126080802,PRIOR_AUTH,1,0,0.0,0,0,1,0,0,19.5,19.5,0.0,LOW-RISK PROVIDER,NORMAL,Normal claim patterns
1284368476,PRIOR_AUTH,1,0,0.0,0,0,1,0,0,19.5,19.5,0.0,LOW-RISK PROVIDER,NORMAL,Normal claim patterns
1746215446,PHARMACY_CLAIM,1,0,0.0,0,0,1,0,0,19.49,19.49,0.0,LOW-RISK PROVIDER,NORMAL,Normal claim patterns
1622438171,PRIOR_AUTH,1,0,0.0,0,0,1,0,0,19.48,19.48,0.0,LOW-RISK PROVIDER,NORMAL,Normal claim patterns
1824097504,PRIOR_AUTH,1,0,0.0,0,0,1,0,0,19.48,19.48,0.0,LOW-RISK PROVIDER,NORMAL,Normal claim patterns
1922636594,PHARMACY_CLAIM,1,0,0.0,0,0,1,0,0,19.48,19.48,0.0,LOW-RISK PROVIDER,NORMAL,Normal claim patterns
1114553948,MEDICAL_CLAIM,3,2,66.67,0,0,2,0,0,19.47,30.77,0.0,HIGH-RISK PROVIDER,PROVIDER REQUIRING REVIEW,66.7% flagged records (Threshold: 10%)
1461523380,PHARMACY_CLAIM,1,0,0.0,0,1,0,0,0,19.47,19.47,0.0,LOW-RISK PROVIDER,NORMAL,Normal claim patterns
1915230505,PHARMACY_CLAIM,1,0,0.0,0,0,1,0,0,19.47,19.47,0.0,LOW-RISK PROVIDER,NORMAL,Normal claim patterns
1376725952,MEDICAL_CLAIM,3,2,66.67,0,0,2,0,0,19.46,28.6,0.0,HIGH-RISK PROVIDER,PROVIDER REQUIRING REVIEW,66.7% flagged records (Threshold: 10%)
1131330746,PHARMACY_CLAIM,1,0,0.0,0,0,1,0,0,19.46,19.46,0.0,LOW-RISK PROVIDER,NORMAL,Normal claim patterns
1952127596,PHARMACY_CLAIM,1,0,0.0,0,0,1,0,0,19.46,19.46,0.0,LOW-RISK PROVIDER,NORMAL,Normal claim patterns
1790851675,PHARMACY_CLAIM,1,0,0.0,0,0,1,0,0,19.45,19.45,0.0,LOW-RISK PROVIDER,NORMAL,Normal claim patterns
1310056432,PHARMACY_CLAIM,1,0,0.0,0,0,1,0,0,19.44,19.44,0.0,LOW-RISK PROVIDER,NORMAL,Normal claim patterns
1721195275,PRIOR_AUTH,1,0,0.0,0,1,0,0,0,19.44,19.44,0.0,LOW-RISK PROVIDER,NORMAL,Normal claim patterns
1205531644,PHARMACY_CLAIM,1,0,0.0,0,0,1,0,0,19.43,19.43,0.0,LOW-RISK PROVIDER,NORMAL,Normal claim patterns
1287905718,PRIOR_AUTH,1,0,0.0,0,1,0,0,0,19.43,19.43,0.0,LOW-RISK PROVIDER,NORMAL,Normal claim patterns
1645142962,PRIOR_AUTH,1,0,0.0,0,0,1,0,0,19.43,19.43,0.0,LOW-RISK PROVIDER,NORMAL,Normal claim patterns
1565362397,PRIOR_AUTH,1,0,0.0,0,1,0,0,0,19.41,19.41,0.0,LOW-RISK PROVIDER,NORMAL,Normal claim patterns
1687200880,PRIOR_AUTH,1,0,0.0,0,0,1,0,0,19.41,19.41,0.0,LOW-RISK PROVIDER,NORMAL,Normal claim patterns
1283821009,PHARMACY_CLAIM,1,0,0.0,0,1,0,0,0,19.4,19.4,0.0,LOW-RISK PROVIDER,NORMAL,Normal claim patterns
1887243889,PRIOR_AUTH,1,0,0.0,0,0,1,0,0,19.4,19.4,0.0,LOW-RISK PROVIDER,NORMAL,Normal claim patterns
1498168378,PRIOR_AUTH,1,0,0.0,0,0,1,0,0,19.38,19.38,0.0,LOW-RISK PROVIDER,NORMAL,Normal claim patterns
1088286259,PHARMACY_CLAIM,1,0,0.0,0,0,1,0,0,19.37,19.37,0.0,LOW-RISK PROVIDER,NORMAL,Normal claim patterns
1568977063,PRIOR_AUTH,1,0,0.0,0,0,1,0,0,19.36,19.36,0.0,LOW-RISK PROVIDER,NORMAL,Normal claim patterns
1811975535,MEDICAL_CLAIM,9,6,66.67,0,4,2,0,0,19.35,29.53,0.0,HIGH-RISK PROVIDER,PROVIDER REQUIRING REVIEW,66.7% flagged records (Threshold: 10%)
1124078019,MEDICAL_CLAIM,5,3,60.0,0,0,3,0,0,19.35,30.54,0.0,HIGH-RISK PROVIDER,PROVIDER REQUIRING REVIEW,60.0% flagged records (Threshold: 10%)
1405950597,PHARMACY_CLAIM,1,0,0.0,0,0,1,0,0,19.35,19.35,0.0,LOW-RISK PROVIDER,NORMAL,Normal claim patterns
1720057810,PHARMACY_CLAIM,1,0,0.0,0,0,1,0,0,19.35,19.35,0.0,LOW-RISK PROVIDER,NORMAL,Normal claim patterns
1340409458,PRIOR_AUTH,1,0,0.0,0,0,1,0,0,19.34,19.34,100.0,LOW-RISK PROVIDER,NORMAL,High claim denial/rejection rate of 100.0%
1387905702,PRIOR_AUTH,1,0,0.0,0,0,1,0,0,19.34,19.34,100.0,LOW-RISK PROVIDER,NORMAL,High claim denial/rejection rate of 100.0%
1602744356,PHARMACY_CLAIM,1,0,0.0,0,0,1,0,0,19.34,19.34,0.0,LOW-RISK PROVIDER,NORMAL,Normal claim patterns
1708221013,PHARMACY_CLAIM,1,0,0.0,0,0,1,0,0,19.34,19.34,0.0,LOW-RISK PROVIDER,NORMAL,Normal claim patterns
1909758504,PRIOR_AUTH,1,0,0.0,0,0,1,0,0,19.33,19.33,0.0,LOW-RISK PROVIDER,NORMAL,Normal claim patterns
1243003908,PHARMACY_CLAIM,1,0,0.0,0,0,1,0,0,19.32,19.32,0.0,LOW-RISK PROVIDER,NORMAL,Normal claim patterns
1928647916,PHARMACY_CLAIM,1,0,0.0,0,0,1,0,0,19.32,19.32,0.0,LOW-RISK PROVIDER,NORMAL,Normal claim patterns
1063723617,MEDICAL_CLAIM,3,2,66.67,0,0,2,0,0,19.31,29.39,0.0,HIGH-RISK PROVIDER,PROVIDER REQUIRING REVIEW,66.7% flagged records (Threshold: 10%)
1229166526,PRIOR_AUTH,1,0,0.0,0,0,1,0,0,19.31,19.31,100.0,LOW-RISK PROVIDER,NORMAL,High claim denial/rejection rate of 100.0%
1447540315,MEDICAL_CLAIM,11,7,63.64,0,0,7,0,0,19.3,34.19,0.0,HIGH-RISK PROVIDER,PROVIDER REQUIRING REVIEW,63.6% flagged records (Threshold: 10%)
1057269622,PHARMACY_CLAIM,1,0,0.0,0,1,0,0,0,19.3,19.3,0.0,LOW-RISK PROVIDER,NORMAL,Normal claim patterns
1223350881,PRIOR_AUTH,1,0,0.0,0,0,1,0,0,19.27,19.27,0.0,LOW-RISK PROVIDER,NORMAL,Normal claim patterns
1234474244,PHARMACY_CLAIM,1,0,0.0,0,0,1,0,0,19.27,19.27,0.0,LOW-RISK PROVIDER,NORMAL,Normal claim patterns
1463076030,PRIOR_AUTH,1,0,0.0,0,1,0,0,0,19.27,19.27,0.0,LOW-RISK PROVIDER,NORMAL,Normal claim patterns
1541600630,PHARMACY_CLAIM,1,0,0.0,0,0,1,0,0,19.27,19.27,0.0,LOW-RISK PROVIDER,NORMAL,Normal claim patterns
1496692413,PHARMACY_CLAIM,1,0,0.0,0,0,1,0,0,19.26,19.26,0.0,LOW-RISK PROVIDER,NORMAL,Normal claim patterns
1762354620,PHARMACY_CLAIM,1,0,0.0,0,0,1,0,0,19.26,19.26,0.0,LOW-RISK PROVIDER,NORMAL,Normal claim patterns
1339184576,PRIOR_AUTH,1,0,0.0,0,0,1,0,0,19.25,19.25,100.0,LOW-RISK PROVIDER,NORMAL,High claim denial/rejection rate of 100.0%
1646671073,PHARMACY_CLAIM,1,0,0.0,0,0,1,0,0,19.25,19.25,0.0,LOW-RISK PROVIDER,NORMAL,Normal claim patterns
1845693945,PHARMACY_CLAIM,1,0,0.0,0,0,1,0,0,19.25,19.25,0.0,LOW-RISK PROVIDER,NORMAL,Normal claim patterns
1897281754,PHARMACY_CLAIM,1,0,0.0,0,1,0,0,0,19.25,19.25,0.0,LOW-RISK PROVIDER,NORMAL,Normal claim patterns
1051626409,PHARMACY_CLAIM,1,0,0.0,0,1,0,0,0,19.24,19.24,0.0,LOW-RISK PROVIDER,NORMAL,Normal claim patterns
1140243136,PRIOR_AUTH,1,0,0.0,0,0,1,0,0,19.23,19.23,100.0,LOW-RISK PROVIDER,NORMAL,High claim denial/rejection rate of 100.0%
1281456372,PRIOR_AUTH,1,0,0.0,0,1,0,0,0,19.23,19.23,0.0,LOW-RISK PROVIDER,NORMAL,Normal claim patterns
1668181860,PHARMACY_CLAIM,1,0,0.0,0,0,1,0,0,19.23,19.23,0.0,LOW-RISK PROVIDER,NORMAL,Normal claim patterns
1860605020,PHARMACY_CLAIM,1,0,0.0,0,0,1,0,0,19.23,19.23,0.0,LOW-RISK PROVIDER,NORMAL,Normal claim patterns
1740387018,MEDICAL_CLAIM,5,3,60.0,0,0,3,0,0,19.22,30.56,0.0,HIGH-RISK PROVIDER,PROVIDER REQUIRING REVIEW,60.0% flagged records (Threshold: 10%)
1226141785,PHARMACY_CLAIM,1,0,0.0,0,0,1,0,0,19.22,19.22,0.0,LOW-RISK PROVIDER,NORMAL,Normal claim patterns
1933084112,PHARMACY_CLAIM,1,0,0.0,0,0,1,0,0,19.22,19.22,0.0,LOW-RISK PROVIDER,NORMAL,Normal claim patterns
1079434917,PHARMACY_CLAIM,1,0,0.0,0,1,0,0,0,19.21,19.21,0.0,LOW-RISK PROVIDER,NORMAL,Normal claim patterns
1750530424,MEDICAL_CLAIM,3,2,66.67,0,0,2,0,0,19.2,28.8,0.0,HIGH-RISK PROVIDER,PROVIDER REQUIRING REVIEW,66.7% flagged records (Threshold: 10%)
1478028557,PHARMACY_CLAIM,1,0,0.0,0,0,1,0,0,19.2,19.2,0.0,LOW-RISK PROVIDER,NORMAL,Normal claim patterns
1609164391,PHARMACY_CLAIM,1,0,0.0,0,1,0,0,0,19.19,19.19,0.0,LOW-RISK PROVIDER,NORMAL,Normal claim patterns
1558916890,MEDICAL_CLAIM,2,1,50.0,0,0,1,0,0,19.18,30.04,0.0,HIGH-RISK PROVIDER,PROVIDER REQUIRING REVIEW,50.0% flagged records (Threshold: 10%)
1192561727,PHARMACY_CLAIM,1,0,0.0,0,0,1,0,0,19.18,19.18,0.0,LOW-RISK PROVIDER,NORMAL,Normal claim patterns
1891162962,MEDICAL_CLAIM,9,5,55.56,0,1,4,0,0,19.17,30.19,0.0,HIGH-RISK PROVIDER,PROVIDER REQUIRING REVIEW,55.6% flagged records (Threshold: 10%)
1770076544,PHARMACY_CLAIM,1,0,0.0,0,1,0,0,0,19.17,19.17,0.0,LOW-RISK PROVIDER,NORMAL,Normal claim patterns
1697897685,PHARMACY_CLAIM,1,0,0.0,0,0,1,0,0,19.15,19.15,0.0,LOW-RISK PROVIDER,NORMAL,Normal claim patterns
1704577748,PHARMACY_CLAIM,1,0,0.0,0,0,1,0,0,19.15,19.15,0.0,LOW-RISK PROVIDER,NORMAL,Normal claim patterns
1236459608,PRIOR_AUTH,1,0,0.0,0,1,0,0,0,19.14,19.14,0.0,LOW-RISK PROVIDER,NORMAL,Normal claim patterns
1250473210,PHARMACY_CLAIM,1,0,0.0,0,0,1,0,0,19.14,19.14,0.0,LOW-RISK PROVIDER,NORMAL,Normal claim patterns
1481754943,PHARMACY_CLAIM,1,0,0.0,0,0,1,0,0,19.14,19.14,0.0,LOW-RISK PROVIDER,NORMAL,Normal claim patterns
1747552062,PHARMACY_CLAIM,1,0,0.0,0,0,1,0,0,19.14,19.14,0.0,LOW-RISK PROVIDER,NORMAL,Normal claim patterns
1716512806,PHARMACY_CLAIM,1,0,0.0,0,1,0,0,0,19.13,19.13,0.0,LOW-RISK PROVIDER,NORMAL,Normal claim patterns
1785279217,PHARMACY_CLAIM,1,0,0.0,0,1,0,0,0,19.13,19.13,0.0,LOW-RISK PROVIDER,NORMAL,Normal claim patterns
1998406064,PHARMACY_CLAIM,1,0,0.0,0,0,1,0,0,19.13,19.13,0.0,LOW-RISK PROVIDER,NORMAL,Normal claim patterns
1280943592,PHARMACY_CLAIM,1,0,0.0,0,0,1,0,0,19.12,19.12,0.0,LOW-RISK PROVIDER,NORMAL,Normal claim patterns
1709501688,PHARMACY_CLAIM,1,0,0.0,0,0,1,0,0,19.12,19.12,0.0,LOW-RISK PROVIDER,NORMAL,Normal claim patterns
1768301479,PRIOR_AUTH,1,0,0.0,0,0,1,0,0,19.12,19.12,0.0,LOW-RISK PROVIDER,NORMAL,Normal claim patterns
1728865384,PHARMACY_CLAIM,1,0,0.0,0,0,1,0,0,19.11,19.11,0.0,LOW-RISK PROVIDER,NORMAL,Normal claim patterns
1959466149,PHARMACY_CLAIM,1,0,0.0,0,0,1,0,0,19.11,19.11,0.0,LOW-RISK PROVIDER,NORMAL,Normal claim patterns
1093855736,MEDICAL_CLAIM,3,2,66.67,0,1,1,0,0,19.1,28.8,0.0,HIGH-RISK PROVIDER,PROVIDER REQUIRING REVIEW,66.7% flagged records (Threshold: 10%)
1538284401,MEDICAL_CLAIM,3,2,66.67,0,0,2,0,0,19.09,28.41,0.0,HIGH-RISK PROVIDER,PROVIDER REQUIRING REVIEW,66.7% flagged records (Threshold: 10%)
1318008037,PRIOR_AUTH,1,0,0.0,0,0,1,0,0,19.09,19.09,0.0,LOW-RISK PROVIDER,NORMAL,Normal claim patterns
1540163453,PRIOR_AUTH,1,0,0.0,0,1,0,0,0,19.09,19.09,0.0,LOW-RISK PROVIDER,NORMAL,Normal claim patterns
1064701413,PRIOR_AUTH,1,0,0.0,0,0,1,0,0,19.08,19.08,100.0,LOW-RISK PROVIDER,NORMAL,High claim denial/rejection rate of 100.0%
1708327449,PHARMACY_CLAIM,1,0,0.0,0,1,0,0,0,19.08,19.08,0.0,LOW-RISK PROVIDER,NORMAL,Normal claim patterns
1271950297,PHARMACY_CLAIM,1,0,0.0,0,0,1,0,0,19.07,19.07,0.0,LOW-RISK PROVIDER,NORMAL,Normal claim patterns
1440236993,PRIOR_AUTH,1,0,0.0,0,0,1,0,0,19.07,19.07,0.0,LOW-RISK PROVIDER,NORMAL,Normal claim patterns
1890721128,PHARMACY_CLAIM,1,0,0.0,0,0,1,0,0,19.07,19.07,0.0,LOW-RISK PROVIDER,NORMAL,Normal claim patterns
1984737558,PRIOR_AUTH,1,0,0.0,0,0,1,0,0,19.07,19.07,0.0,LOW-RISK PROVIDER,NORMAL,Normal claim patterns
1337724082,PHARMACY_CLAIM,1,0,0.0,0,1,0,0,0,19.06,19.06,0.0,LOW-RISK PROVIDER,NORMAL,Normal claim patterns
1714106787,PHARMACY_CLAIM,1,0,0.0,0,0,1,0,0,19.06,19.06,0.0,LOW-RISK PROVIDER,NORMAL,Normal claim patterns
1765029199,PRIOR_AUTH,1,0,0.0,0,0,1,0,0,19.06,19.06,0.0,LOW-RISK PROVIDER,NORMAL,Normal claim patterns
1336579572,MEDICAL_CLAIM,3,2,66.67,0,0,2,0,0,19.05,29.68,0.0,HIGH-RISK PROVIDER,PROVIDER REQUIRING REVIEW,66.7% flagged records (Threshold: 10%)
1457410164,PRIOR_AUTH,1,0,0.0,0,0,1,0,0,19.05,19.05,0.0,LOW-RISK PROVIDER,NORMAL,Normal claim patterns
1673376711,PRIOR_AUTH,1,0,0.0,0,0,1,0,0,19.05,19.05,0.0,LOW-RISK PROVIDER,NORMAL,Normal claim patterns
1864136357,PHARMACY_CLAIM,1,0,0.0,0,0,1,0,0,19.05,19.05,0.0,LOW-RISK PROVIDER,NORMAL,Normal claim patterns
1871403917,PRIOR_AUTH,1,0,0.0,0,1,0,0,0,19.05,19.05,0.0,LOW-RISK PROVIDER,NORMAL,Normal claim patterns
1193596769,PRIOR_AUTH,1,0,0.0,0,1,0,0,0,19.04,19.04,0.0,LOW-RISK PROVIDER,NORMAL,Normal claim patterns
1423632597,PHARMACY_CLAIM,1,0,0.0,0,0,1,0,0,19.04,19.04,0.0,LOW-RISK PROVIDER,NORMAL,Normal claim patterns
1452454478,PHARMACY_CLAIM,1,0,0.0,0,0,1,0,0,19.04,19.04,0.0,LOW-RISK PROVIDER,NORMAL,Normal claim patterns
1855766080,PRIOR_AUTH,1,0,0.0,0,0,1,0,0,19.03,19.03,0.0,LOW-RISK PROVIDER,NORMAL,Normal claim patterns
1330254548,PRIOR_AUTH,1,0,0.0,0,1,0,0,0,19.02,19.02,0.0,LOW-RISK PROVIDER,NORMAL,Normal claim patterns
1388515462,PHARMACY_CLAIM,1,0,0.0,0,1,0,0,0,19.02,19.02,0.0,LOW-RISK PROVIDER,NORMAL,Normal claim patterns
1997114690,PHARMACY_CLAIM,1,0,0.0,0,0,1,0,0,19.02,19.02,0.0,LOW-RISK PROVIDER,NORMAL,Normal claim patterns
1956706173,PRIOR_AUTH,1,0,0.0,0,0,1,0,0,19.01,19.01,0.0,LOW-RISK PROVIDER,NORMAL,Normal claim patterns
1548581929,PHARMACY_CLAIM,1,0,0.0,0,0,1,0,0,19.0,19.0,0.0,LOW-RISK PROVIDER,NORMAL,Normal claim patterns
1051289881,PHARMACY_CLAIM,1,0,0.0,0,0,1,0,0,18.99,18.99,0.0,LOW-RISK PROVIDER,NORMAL,Normal claim patterns
1353078012,PRIOR_AUTH,1,0,0.0,0,0,1,0,0,18.98,18.98,0.0,LOW-RISK PROVIDER,NORMAL,Normal claim patterns
1487844860,PHARMACY_CLAIM,1,0,0.0,0,0,1,0,0,18.98,18.98,0.0,LOW-RISK PROVIDER,NORMAL,Normal claim patterns
1879522173,PRIOR_AUTH,1,0,0.0,0,0,1,0,0,18.98,18.98,100.0,LOW-RISK PROVIDER,NORMAL,High claim denial/rejection rate of 100.0%
1597349709,PRIOR_AUTH,1,0,0.0,0,0,1,0,0,18.96,18.96,0.0,LOW-RISK PROVIDER,NORMAL,Normal claim patterns
1912272899,MEDICAL_CLAIM,4,2,50.0,0,0,2,0,0,18.95,30.57,0.0,HIGH-RISK PROVIDER,PROVIDER REQUIRING REVIEW,50.0% flagged records (Threshold: 10%)
1992161780,MEDICAL_CLAIM,3,2,66.67,0,0,2,0,0,18.95,27.1,0.0,HIGH-RISK PROVIDER,PROVIDER REQUIRING REVIEW,66.7% flagged records (Threshold: 10%)
1311759655,PRIOR_AUTH,1,0,0.0,0,0,1,0,0,18.95,18.95,100.0,LOW-RISK PROVIDER,NORMAL,High claim denial/rejection rate of 100.0%
1749447344,PHARMACY_CLAIM,1,0,0.0,0,0,1,0,0,18.95,18.95,0.0,LOW-RISK PROVIDER,NORMAL,Normal claim patterns
1071095582,PHARMACY_CLAIM,1,0,0.0,0,0,1,0,0,18.93,18.93,0.0,LOW-RISK PROVIDER,NORMAL,Normal claim patterns
1389204091,PHARMACY_CLAIM,1,0,0.0,0,0,1,0,0,18.91,18.91,0.0,LOW-RISK PROVIDER,NORMAL,Normal claim patterns
1538399118,MEDICAL_CLAIM,6,4,66.67,0,0,4,0,0,18.9,27.28,0.0,HIGH-RISK PROVIDER,PROVIDER REQUIRING REVIEW,66.7% flagged records (Threshold: 10%)
1482755120,PHARMACY_CLAIM,1,0,0.0,0,0,1,0,0,18.9,18.9,0.0,LOW-RISK PROVIDER,NORMAL,Normal claim patterns
1376591432,PHARMACY_CLAIM,1,0,0.0,0,0,1,0,0,18.89,18.89,0.0,LOW-RISK PROVIDER,NORMAL,Normal claim patterns
1702241557,PHARMACY_CLAIM,1,0,0.0,0,0,1,0,0,18.89,18.89,0.0,LOW-RISK PROVIDER,NORMAL,Normal claim patterns
1366803032,PHARMACY_CLAIM,1,0,0.0,0,0,1,0,0,18.87,18.87,0.0,LOW-RISK PROVIDER,NORMAL,Normal claim patterns
1998147261,PHARMACY_CLAIM,1,0,0.0,0,0,1,0,0,18.86,18.86,0.0,LOW-RISK PROVIDER,NORMAL,Normal claim patterns
1396746988,MEDICAL_CLAIM,6,4,66.67,0,0,4,0,0,18.85,29.42,0.0,HIGH-RISK PROVIDER,PROVIDER REQUIRING REVIEW,66.7% flagged records (Threshold: 10%)
1476946248,PHARMACY_CLAIM,1,0,0.0,0,0,1,0,0,18.84,18.84,0.0,LOW-RISK PROVIDER,NORMAL,Normal claim patterns
1110705511,PHARMACY_CLAIM,1,0,0.0,0,0,1,0,0,18.83,18.83,0.0,LOW-RISK PROVIDER,NORMAL,Normal claim patterns
1990754586,PRIOR_AUTH,1,0,0.0,0,0,1,0,0,18.83,18.83,0.0,LOW-RISK PROVIDER,NORMAL,Normal claim patterns
1275605792,MEDICAL_CLAIM,3,2,66.67,0,0,2,0,0,18.82,27.63,0.0,HIGH-RISK PROVIDER,PROVIDER REQUIRING REVIEW,66.7% flagged records (Threshold: 10%)
1048208898,PHARMACY_CLAIM,1,0,0.0,0,0,1,0,0,18.82,18.82,0.0,LOW-RISK PROVIDER,NORMAL,Normal claim patterns
1610938170,PHARMACY_CLAIM,1,0,0.0,0,0,1,0,0,18.82,18.82,0.0,LOW-RISK PROVIDER,NORMAL,Normal claim patterns
1770821670,MEDICAL_CLAIM,2,1,50.0,0,0,1,0,0,18.81,28.36,0.0,HIGH-RISK PROVIDER,PROVIDER REQUIRING REVIEW,50.0% flagged records (Threshold: 10%)
1056448593,PHARMACY_CLAIM,1,0,0.0,0,0,1,0,0,18.81,18.81,0.0,LOW-RISK PROVIDER,NORMAL,Normal claim patterns
1052347143,PHARMACY_CLAIM,1,0,0.0,0,0,1,0,0,18.8,18.8,0.0,LOW-RISK PROVIDER,NORMAL,Normal claim patterns
1118275836,PHARMACY_CLAIM,1,0,0.0,0,0,1,0,0,18.79,18.79,0.0,LOW-RISK PROVIDER,NORMAL,Normal claim patterns
1765397792,PHARMACY_CLAIM,1,0,0.0,0,0,1,0,0,18.79,18.79,0.0,LOW-RISK PROVIDER,NORMAL,Normal claim patterns
1255591780,MEDICAL_CLAIM,3,2,66.67,0,0,2,0,0,18.78,29.4,0.0,HIGH-RISK PROVIDER,PROVIDER REQUIRING REVIEW,66.7% flagged records (Threshold: 10%)
1006391819,PRIOR_AUTH,1,0,0.0,0,1,0,0,0,18.77,18.77,0.0,LOW-RISK PROVIDER,NORMAL,Normal claim patterns
1536968464,PHARMACY_CLAIM,1,0,0.0,0,0,1,0,0,18.77,18.77,0.0,LOW-RISK PROVIDER,NORMAL,Normal claim patterns
1679171810,PRIOR_AUTH,1,0,0.0,0,0,1,0,0,18.77,18.77,0.0,LOW-RISK PROVIDER,NORMAL,Normal claim patterns
1960599560,PHARMACY_CLAIM,1,0,0.0,0,1,0,0,0,18.77,18.77,0.0,LOW-RISK PROVIDER,NORMAL,Normal claim patterns
1346613370,PHARMACY_CLAIM,1,0,0.0,0,1,0,0,0,18.76,18.76,0.0,LOW-RISK PROVIDER,NORMAL,Normal claim patterns
1350314271,PHARMACY_CLAIM,1,0,0.0,0,0,1,0,0,18.75,18.75,0.0,LOW-RISK PROVIDER,NORMAL,Normal claim patterns
1863463925,PHARMACY_CLAIM,1,0,0.0,0,0,1,0,0,18.75,18.75,0.0,LOW-RISK PROVIDER,NORMAL,Normal claim patterns
1518301694,PHARMACY_CLAIM,1,0,0.0,0,0,1,0,0,18.73,18.73,0.0,LOW-RISK PROVIDER,NORMAL,Normal claim patterns
1704602240,PHARMACY_CLAIM,1,0,0.0,0,0,1,0,0,18.73,18.73,0.0,LOW-RISK PROVIDER,NORMAL,Normal claim patterns
1710276597,PHARMACY_CLAIM,1,0,0.0,0,0,1,0,0,18.73,18.73,0.0,LOW-RISK PROVIDER,NORMAL,Normal claim patterns
1892521768,PRIOR_AUTH,1,0,0.0,0,1,0,0,0,18.73,18.73,0.0,LOW-RISK PROVIDER,NORMAL,Normal claim patterns
1073583472,MEDICAL_CLAIM,17,10,58.82,0,0,10,0,0,18.72,33.73,0.0,HIGH-RISK PROVIDER,PROVIDER REQUIRING REVIEW,58.8% flagged records (Threshold: 10%)
1136753635,PHARMACY_CLAIM,1,0,0.0,0,0,1,0,0,18.72,18.72,0.0,LOW-RISK PROVIDER,NORMAL,Normal claim patterns
1305116196,PHARMACY_CLAIM,1,0,0.0,0,0,1,0,0,18.72,18.72,0.0,LOW-RISK PROVIDER,NORMAL,Normal claim patterns
1504318338,PHARMACY_CLAIM,1,0,0.0,0,0,1,0,0,18.71,18.71,0.0,LOW-RISK PROVIDER,NORMAL,Normal claim patterns
1639514094,MEDICAL_CLAIM,3,2,66.67,0,0,2,0,0,18.7,25.84,0.0,HIGH-RISK PROVIDER,PROVIDER REQUIRING REVIEW,66.7% flagged records (Threshold: 10%)
1607940650,PHARMACY_CLAIM,1,0,0.0,0,0,1,0,0,18.7,18.7,0.0,LOW-RISK PROVIDER,NORMAL,Normal claim patterns
1975658703,PRIOR_AUTH,1,0,0.0,0,1,0,0,0,18.7,18.7,0.0,LOW-RISK PROVIDER,NORMAL,Normal claim patterns
1480470651,PHARMACY_CLAIM,1,0,0.0,0,0,1,0,0,18.69,18.69,0.0,LOW-RISK PROVIDER,NORMAL,Normal claim patterns
1503166170,PHARMACY_CLAIM,1,0,0.0,0,0,1,0,0,18.69,18.69,0.0,LOW-RISK PROVIDER,NORMAL,Normal claim patterns
1326214571,PHARMACY_CLAIM,1,0,0.0,0,0,1,0,0,18.68,18.68,0.0,LOW-RISK PROVIDER,NORMAL,Normal claim patterns
1184613234,MEDICAL_CLAIM,3,2,66.67,0,0,2,0,0,18.67,27.09,0.0,HIGH-RISK PROVIDER,PROVIDER REQUIRING REVIEW,66.7% flagged records (Threshold: 10%)
1386763654,MEDICAL_CLAIM,3,2,66.67,0,0,2,0,0,18.67,28.67,0.0,HIGH-RISK PROVIDER,PROVIDER REQUIRING REVIEW,66.7% flagged records (Threshold: 10%)
1700827896,MEDICAL_CLAIM,3,2,66.67,0,0,2,0,0,18.67,26.56,0.0,HIGH-RISK PROVIDER,PROVIDER REQUIRING REVIEW,66.7% flagged records (Threshold: 10%)
1152011881,PHARMACY_CLAIM,1,0,0.0,0,0,1,0,0,18.67,18.67,0.0,LOW-RISK PROVIDER,NORMAL,Normal claim patterns
1273313382,PHARMACY_CLAIM,1,0,0.0,0,0,1,0,0,18.67,18.67,0.0,LOW-RISK PROVIDER,NORMAL,Normal claim patterns
1676405539,PHARMACY_CLAIM,1,0,0.0,0,0,1,0,0,18.67,18.67,0.0,LOW-RISK PROVIDER,NORMAL,Normal claim patterns
1839972247,PHARMACY_CLAIM,1,0,0.0,0,1,0,0,0,18.66,18.66,0.0,LOW-RISK PROVIDER,NORMAL,Normal claim patterns
1264856854,PHARMACY_CLAIM,1,0,0.0,0,0,1,0,0,18.65,18.65,0.0,LOW-RISK PROVIDER,NORMAL,Normal claim patterns
1517979394,PHARMACY_CLAIM,1,0,0.0,0,0,1,0,0,18.65,18.65,0.0,LOW-RISK PROVIDER,NORMAL,Normal claim patterns
1070045534,PHARMACY_CLAIM,1,0,0.0,0,1,0,0,0,18.64,18.64,0.0,LOW-RISK PROVIDER,NORMAL,Normal claim patterns
1169801169,PRIOR_AUTH,1,0,0.0,0,0,1,0,0,18.63,18.63,0.0,LOW-RISK PROVIDER,NORMAL,Normal claim patterns
1875745879,PHARMACY_CLAIM,1,0,0.0,0,0,1,0,0,18.63,18.63,0.0,LOW-RISK PROVIDER,NORMAL,Normal claim patterns
1814991069,PHARMACY_CLAIM,1,0,0.0,0,0,1,0,0,18.62,18.62,0.0,LOW-RISK PROVIDER,NORMAL,Normal claim patterns
1269968138,PHARMACY_CLAIM,1,0,0.0,0,0,1,0,0,18.61,18.61,0.0,LOW-RISK PROVIDER,NORMAL,Normal claim patterns
1402177217,PHARMACY_CLAIM,1,0,0.0,0,0,1,0,0,18.61,18.61,0.0,LOW-RISK PROVIDER,NORMAL,Normal claim patterns
1510234373,PHARMACY_CLAIM,1,0,0.0,0,0,1,0,0,18.6,18.6,0.0,LOW-RISK PROVIDER,NORMAL,Normal claim patterns
1451142606,PHARMACY_CLAIM,1,0,0.0,0,0,1,0,0,18.59,18.59,0.0,LOW-RISK PROVIDER,NORMAL,Normal claim patterns
1478000348,PRIOR_AUTH,1,0,0.0,0,1,0,0,0,18.59,18.59,0.0,LOW-RISK PROVIDER,NORMAL,Normal claim patterns
1713842218,PRIOR_AUTH,1,0,0.0,0,0,1,0,0,18.59,18.59,0.0,LOW-RISK PROVIDER,NORMAL,Normal claim patterns
1015480675,PRIOR_AUTH,1,0,0.0,0,0,1,0,0,18.58,18.58,0.0,LOW-RISK PROVIDER,NORMAL,Normal claim patterns
1680783945,PHARMACY_CLAIM,1,0,0.0,0,0,1,0,0,18.58,18.58,0.0,LOW-RISK PROVIDER,NORMAL,Normal claim patterns
1850788495,PHARMACY_CLAIM,1,0,0.0,0,0,1,0,0,18.58,18.58,0.0,LOW-RISK PROVIDER,NORMAL,Normal claim patterns
1023009339,MEDICAL_CLAIM,2,1,50.0,0,0,1,0,0,18.57,31.6,0.0,HIGH-RISK PROVIDER,PROVIDER REQUIRING REVIEW,50.0% flagged records (Threshold: 10%)
1417426701,MEDICAL_CLAIM,2,1,50.0,0,0,1,0,0,18.57,32.17,0.0,HIGH-RISK PROVIDER,PROVIDER REQUIRING REVIEW,50.0% flagged records (Threshold: 10%)
1248527750,PHARMACY_CLAIM,1,0,0.0,0,0,1,0,0,18.57,18.57,0.0,LOW-RISK PROVIDER,NORMAL,Normal claim patterns
1667567554,PRIOR_AUTH,1,0,0.0,0,0,1,0,0,18.55,18.55,0.0,LOW-RISK PROVIDER,NORMAL,Normal claim patterns
1911428525,PHARMACY_CLAIM,1,0,0.0,0,0,1,0,0,18.55,18.55,0.0,LOW-RISK PROVIDER,NORMAL,Normal claim patterns
1071028037,PHARMACY_CLAIM,1,0,0.0,0,0,1,0,0,18.54,18.54,0.0,LOW-RISK PROVIDER,NORMAL,Normal claim patterns
1462684380,PRIOR_AUTH,1,0,0.0,0,0,1,0,0,18.54,18.54,0.0,LOW-RISK PROVIDER,NORMAL,Normal claim patterns
1475014988,PRIOR_AUTH,1,0,0.0,0,0,1,0,0,18.54,18.54,0.0,LOW-RISK PROVIDER,NORMAL,Normal claim patterns
1623533175,PHARMACY_CLAIM,1,0,0.0,0,0,1,0,0,18.54,18.54,0.0,LOW-RISK PROVIDER,NORMAL,Normal claim patterns
1597574444,PHARMACY_CLAIM,1,0,0.0,0,0,1,0,0,18.53,18.53,0.0,LOW-RISK PROVIDER,NORMAL,Normal claim patterns
1962709980,MEDICAL_CLAIM,2,1,50.0,0,0,1,0,0,18.52,33.55,0.0,HIGH-RISK PROVIDER,PROVIDER REQUIRING REVIEW,50.0% flagged records (Threshold: 10%)
1197533099,PHARMACY_CLAIM,1,0,0.0,0,0,1,0,0,18.52,18.52,0.0,LOW-RISK PROVIDER,NORMAL,Normal claim patterns
1335324978,PHARMACY_CLAIM,1,0,0.0,0,1,0,0,0,18.52,18.52,0.0,LOW-RISK PROVIDER,NORMAL,Normal claim patterns
1386758043,MEDICAL_CLAIM,2,1,50.0,0,0,1,0,0,18.5,31.73,0.0,HIGH-RISK PROVIDER,PROVIDER REQUIRING REVIEW,50.0% flagged records (Threshold: 10%)
1097687830,PHARMACY_CLAIM,1,0,0.0,0,0,1,0,0,18.5,18.5,0.0,LOW-RISK PROVIDER,NORMAL,Normal claim patterns
1590574181,PHARMACY_CLAIM,1,0,0.0,0,0,1,0,0,18.5,18.5,0.0,LOW-RISK PROVIDER,NORMAL,Normal claim patterns
1239214387,PHARMACY_CLAIM,1,0,0.0,0,1,0,0,0,18.49,18.49,0.0,LOW-RISK PROVIDER,NORMAL,Normal claim patterns
1639313302,PRIOR_AUTH,1,0,0.0,0,0,1,0,0,18.49,18.49,0.0,LOW-RISK PROVIDER,NORMAL,Normal claim patterns
1992882245,MEDICAL_CLAIM,5,3,60.0,0,0,3,0,0,18.48,32.35,0.0,HIGH-RISK PROVIDER,PROVIDER REQUIRING REVIEW,60.0% flagged records (Threshold: 10%)
1819506621,PHARMACY_CLAIM,1,0,0.0,0,1,0,0,0,18.48,18.48,0.0,LOW-RISK PROVIDER,NORMAL,Normal claim patterns
1600595048,PHARMACY_CLAIM,1,0,0.0,0,0,1,0,0,18.47,18.47,0.0,LOW-RISK PROVIDER,NORMAL,Normal claim patterns
1841921916,PHARMACY_CLAIM,1,0,0.0,0,0,1,0,0,18.47,18.47,0.0,LOW-RISK PROVIDER,NORMAL,Normal claim patterns
1160159999,PHARMACY_CLAIM,1,0,0.0,0,0,1,0,0,18.46,18.46,0.0,LOW-RISK PROVIDER,NORMAL,Normal claim patterns
1275079654,PHARMACY_CLAIM,1,0,0.0,0,0,1,0,0,18.46,18.46,0.0,LOW-RISK PROVIDER,NORMAL,Normal claim patterns
1804228546,PHARMACY_CLAIM,1,0,0.0,0,0,1,0,0,18.46,18.46,0.0,LOW-RISK PROVIDER,NORMAL,Normal claim patterns
1394166084,PHARMACY_CLAIM,1,0,0.0,0,1,0,0,0,18.45,18.45,0.0,LOW-RISK PROVIDER,NORMAL,Normal claim patterns
1404359253,PRIOR_AUTH,1,0,0.0,0,0,1,0,0,18.45,18.45,0.0,LOW-RISK PROVIDER,NORMAL,Normal claim patterns
1588611925,PHARMACY_CLAIM,1,0,0.0,0,0,1,0,0,18.45,18.45,0.0,LOW-RISK PROVIDER,NORMAL,Normal claim patterns
1118170182,PHARMACY_CLAIM,1,0,0.0,0,0,1,0,0,18.44,18.44,0.0,LOW-RISK PROVIDER,NORMAL,Normal claim patterns
1194252700,MEDICAL_CLAIM,7,4,57.14,0,1,3,0,0,18.43,30.59,0.0,HIGH-RISK PROVIDER,PROVIDER REQUIRING REVIEW,57.1% flagged records (Threshold: 10%)
1952307530,MEDICAL_CLAIM,4,2,50.0,0,0,2,0,0,18.43,33.72,0.0,HIGH-RISK PROVIDER,PROVIDER REQUIRING REVIEW,50.0% flagged records (Threshold: 10%)
1684842710,PHARMACY_CLAIM,1,0,0.0,0,0,1,0,0,18.43,18.43,0.0,LOW-RISK PROVIDER,NORMAL,Normal claim patterns
1912557923,PHARMACY_CLAIM,1,0,0.0,0,0,1,0,0,18.43,18.43,0.0,LOW-RISK PROVIDER,NORMAL,Normal claim patterns
1072651343,PHARMACY_CLAIM,1,0,0.0,0,0,1,0,0,18.42,18.42,0.0,LOW-RISK PROVIDER,NORMAL,Normal claim patterns
1932539608,MEDICAL_CLAIM,3,2,66.67,0,0,2,0,0,18.41,29.27,0.0,HIGH-RISK PROVIDER,PROVIDER REQUIRING REVIEW,66.7% flagged records (Threshold: 10%)
1806280379,PHARMACY_CLAIM,1,0,0.0,0,0,1,0,0,18.41,18.41,0.0,LOW-RISK PROVIDER,NORMAL,Normal claim patterns
1328502025,PHARMACY_CLAIM,1,0,0.0,0,0,1,0,0,18.4,18.4,0.0,LOW-RISK PROVIDER,NORMAL,Normal claim patterns
1556003845,PHARMACY_CLAIM,1,0,0.0,0,0,1,0,0,18.4,18.4,0.0,LOW-RISK PROVIDER,NORMAL,Normal claim patterns
1639576812,MEDICAL_CLAIM,3,2,66.67,0,0,2,0,0,18.39,27.96,0.0,HIGH-RISK PROVIDER,PROVIDER REQUIRING REVIEW,66.7% flagged records (Threshold: 10%)
1296366768,PHARMACY_CLAIM,1,0,0.0,0,1,0,0,0,18.39,18.39,0.0,LOW-RISK PROVIDER,NORMAL,Normal claim patterns
1071864539,PRIOR_AUTH,1,0,0.0,0,1,0,0,0,18.38,18.38,0.0,LOW-RISK PROVIDER,NORMAL,Normal claim patterns
1897305398,PHARMACY_CLAIM,1,0,0.0,0,1,0,0,0,18.38,18.38,0.0,LOW-RISK PROVIDER,NORMAL,Normal claim patterns
1356369078,MEDICAL_CLAIM,4,2,50.0,0,0,2,0,0,18.37,34.51,0.0,HIGH-RISK PROVIDER,PROVIDER REQUIRING REVIEW,50.0% flagged records (Threshold: 10%)
1259624849,PHARMACY_CLAIM,1,0,0.0,0,0,1,0,0,18.37,18.37,0.0,LOW-RISK PROVIDER,NORMAL,Normal claim patterns
1962145139,PHARMACY_CLAIM,1,0,0.0,0,0,1,0,0,18.37,18.37,0.0,LOW-RISK PROVIDER,NORMAL,Normal claim patterns
1568806297,MEDICAL_CLAIM,3,2,66.67,0,0,2,0,0,18.36,28.01,0.0,HIGH-RISK PROVIDER,PROVIDER REQUIRING REVIEW,66.7% flagged records (Threshold: 10%)
1405090164,PRIOR_AUTH,1,0,0.0,0,0,1,0,0,18.36,18.36,0.0,LOW-RISK PROVIDER,NORMAL,Normal claim patterns
1413313904,PHARMACY_CLAIM,1,0,0.0,0,0,1,0,0,18.36,18.36,0.0,LOW-RISK PROVIDER,NORMAL,Normal claim patterns
1729252436,PHARMACY_CLAIM,1,0,0.0,0,0,1,0,0,18.36,18.36,0.0,LOW-RISK PROVIDER,NORMAL,Normal claim patterns
1953785760,PRIOR_AUTH,1,0,0.0,0,0,1,0,0,18.36,18.36,0.0,LOW-RISK PROVIDER,NORMAL,Normal claim patterns
1103829453,PHARMACY_CLAIM,1,0,0.0,0,0,1,0,0,18.35,18.35,0.0,LOW-RISK PROVIDER,NORMAL,Normal claim patterns
1669302978,PHARMACY_CLAIM,1,0,0.0,0,0,1,0,0,18.35,18.35,0.0,LOW-RISK PROVIDER,NORMAL,Normal claim patterns
1838996618,PHARMACY_CLAIM,1,0,0.0,0,0,1,0,0,18.35,18.35,0.0,LOW-RISK PROVIDER,NORMAL,Normal claim patterns
1622559226,PHARMACY_CLAIM,1,0,0.0,0,0,1,0,0,18.34,18.34,0.0,LOW-RISK PROVIDER,NORMAL,Normal claim patterns
1767425280,PHARMACY_CLAIM,1,0,0.0,0,0,1,0,0,18.34,18.34,0.0,LOW-RISK PROVIDER,NORMAL,Normal claim patterns
1976108219,PHARMACY_CLAIM,1,0,0.0,0,0,1,0,0,18.33,18.33,0.0,LOW-RISK PROVIDER,NORMAL,Normal claim patterns
1368628954,PHARMACY_CLAIM,1,0,0.0,0,0,1,0,0,18.32,18.32,0.0,LOW-RISK PROVIDER,NORMAL,Normal claim patterns
1648357430,PHARMACY_CLAIM,1,0,0.0,0,0,1,0,0,18.32,18.32,0.0,LOW-RISK PROVIDER,NORMAL,Normal claim patterns
1607027465,PRIOR_AUTH,1,0,0.0,0,0,1,0,0,18.31,18.31,0.0,LOW-RISK PROVIDER,NORMAL,Normal claim patterns
1671533297,PRIOR_AUTH,1,0,0.0,0,0,1,0,0,18.31,18.31,0.0,LOW-RISK PROVIDER,NORMAL,Normal claim patterns
1708026067,PHARMACY_CLAIM,1,0,0.0,0,0,1,0,0,18.31,18.31,0.0,LOW-RISK PROVIDER,NORMAL,Normal claim patterns
1043166158,PHARMACY_CLAIM,1,0,0.0,0,0,1,0,0,18.3,18.3,0.0,LOW-RISK PROVIDER,NORMAL,Normal claim patterns
1162489757,PHARMACY_CLAIM,1,0,0.0,0,0,1,0,0,18.3,18.3,0.0,LOW-RISK PROVIDER,NORMAL,Normal claim patterns
1867447214,PHARMACY_CLAIM,1,0,0.0,0,0,1,0,0,18.3,18.3,0.0,LOW-RISK PROVIDER,NORMAL,Normal claim patterns
1012224267,PHARMACY_CLAIM,1,0,0.0,0,0,1,0,0,18.29,18.29,0.0,LOW-RISK PROVIDER,NORMAL,Normal claim patterns
1102910237,PHARMACY_CLAIM,1,0,0.0,0,0,1,0,0,18.27,18.27,0.0,LOW-RISK PROVIDER,NORMAL,Normal claim patterns
1520389456,PRIOR_AUTH,1,0,0.0,0,0,1,0,0,18.27,18.27,0.0,LOW-RISK PROVIDER,NORMAL,Normal claim patterns
1560598953,PHARMACY_CLAIM,1,0,0.0,0,0,1,0,0,18.27,18.27,0.0,LOW-RISK PROVIDER,NORMAL,Normal claim patterns
1427363597,MEDICAL_CLAIM,3,2,66.67,0,0,2,0,0,18.26,26.11,0.0,HIGH-RISK PROVIDER,PROVIDER REQUIRING REVIEW,66.7% flagged records (Threshold: 10%)
1449532037,PHARMACY_CLAIM,1,0,0.0,0,0,1,0,0,18.26,18.26,0.0,LOW-RISK PROVIDER,NORMAL,Normal claim patterns
1961138812,PHARMACY_CLAIM,1,0,0.0,0,0,1,0,0,18.25,18.25,0.0,LOW-RISK PROVIDER,NORMAL,Normal claim patterns
1311862609,PHARMACY_CLAIM,1,0,0.0,0,0,1,0,0,18.24,18.24,0.0,LOW-RISK PROVIDER,NORMAL,Normal claim patterns
1101619020,PHARMACY_CLAIM,1,0,0.0,0,0,1,0,0,18.23,18.23,0.0,LOW-RISK PROVIDER,NORMAL,Normal claim patterns
1662986205,PHARMACY_CLAIM,1,0,0.0,0,0,1,0,0,18.23,18.23,0.0,LOW-RISK PROVIDER,NORMAL,Normal claim patterns
1808572086,PRIOR_AUTH,1,0,0.0,0,0,1,0,0,18.23,18.23,0.0,LOW-RISK PROVIDER,NORMAL,Normal claim patterns
1256867768,PRIOR_AUTH,1,0,0.0,0,0,1,0,0,18.22,18.22,0.0,LOW-RISK PROVIDER,NORMAL,Normal claim patterns
1482540192,PHARMACY_CLAIM,1,0,0.0,0,0,1,0,0,18.21,18.21,0.0,LOW-RISK PROVIDER,NORMAL,Normal claim patterns
1544611454,PHARMACY_CLAIM,1,0,0.0,0,0,1,0,0,18.21,18.21,0.0,LOW-RISK PROVIDER,NORMAL,Normal claim patterns
1923682036,PHARMACY_CLAIM,1,0,0.0,0,0,1,0,0,18.2,18.2,0.0,LOW-RISK PROVIDER,NORMAL,Normal claim patterns
1161463098,PHARMACY_CLAIM,1,0,0.0,0,0,1,0,0,18.19,18.19,0.0,LOW-RISK PROVIDER,NORMAL,Normal claim patterns
1424844104,PHARMACY_CLAIM,1,0,0.0,0,0,1,0,0,18.19,18.19,0.0,LOW-RISK PROVIDER,NORMAL,Normal claim patterns
1788506343,PHARMACY_CLAIM,1,0,0.0,0,0,1,0,0,18.19,18.19,0.0,LOW-RISK PROVIDER,NORMAL,Normal claim patterns
1177839789,PRIOR_AUTH,1,0,0.0,0,0,1,0,0,18.18,18.18,0.0,LOW-RISK PROVIDER,NORMAL,Normal claim patterns
1577213619,PHARMACY_CLAIM,1,0,0.0,0,0,1,0,0,18.18,18.18,0.0,LOW-RISK PROVIDER,NORMAL,Normal claim patterns
1675116879,PRIOR_AUTH,1,0,0.0,0,0,1,0,0,18.18,18.18,0.0,LOW-RISK PROVIDER,NORMAL,Normal claim patterns
1103169822,PHARMACY_CLAIM,1,0,0.0,0,0,1,0,0,18.17,18.17,0.0,LOW-RISK PROVIDER,NORMAL,Normal claim patterns
1381360444,PHARMACY_CLAIM,1,0,0.0,0,0,1,0,0,18.17,18.17,0.0,LOW-RISK PROVIDER,NORMAL,Normal claim patterns
1617837804,PHARMACY_CLAIM,1,0,0.0,0,0,1,0,0,18.17,18.17,0.0,LOW-RISK PROVIDER,NORMAL,Normal claim patterns
1335734317,PRIOR_AUTH,1,0,0.0,0,0,1,0,0,18.16,18.16,0.0,LOW-RISK PROVIDER,NORMAL,Normal claim patterns
1345541037,PRIOR_AUTH,1,0,0.0,0,1,0,0,0,18.16,18.16,0.0,LOW-RISK PROVIDER,NORMAL,Normal claim patterns
1363891118,PHARMACY_CLAIM,1,0,0.0,0,0,1,0,0,18.16,18.16,0.0,LOW-RISK PROVIDER,NORMAL,Normal claim patterns
1046019618,PHARMACY_CLAIM,1,0,0.0,0,0,1,0,0,18.15,18.15,0.0,LOW-RISK PROVIDER,NORMAL,Normal claim patterns
1854362492,PHARMACY_CLAIM,1,0,0.0,0,0,1,0,0,18.15,18.15,0.0,LOW-RISK PROVIDER,NORMAL,Normal claim patterns
1118909502,PHARMACY_CLAIM,1,0,0.0,0,1,0,0,0,18.14,18.14,0.0,LOW-RISK PROVIDER,NORMAL,Normal claim patterns
1542759940,PHARMACY_CLAIM,1,0,0.0,0,0,1,0,0,18.14,18.14,0.0,LOW-RISK PROVIDER,NORMAL,Normal claim patterns
1881705994,MEDICAL_CLAIM,2,1,50.0,0,0,1,0,0,18.13,30.43,0.0,HIGH-RISK PROVIDER,PROVIDER REQUIRING REVIEW,50.0% flagged records (Threshold: 10%)
1196477876,PHARMACY_CLAIM,1,0,0.0,0,0,1,0,0,18.13,18.13,0.0,LOW-RISK PROVIDER,NORMAL,Normal claim patterns
1455071527,PHARMACY_CLAIM,1,0,0.0,0,1,0,0,0,18.12,18.12,0.0,LOW-RISK PROVIDER,NORMAL,Normal claim patterns
1565550719,PRIOR_AUTH,1,0,0.0,0,0,1,0,0,18.12,18.12,0.0,LOW-RISK PROVIDER,NORMAL,Normal claim patterns
1712032475,PHARMACY_CLAIM,1,0,0.0,0,0,1,0,0,18.12,18.12,0.0,LOW-RISK PROVIDER,NORMAL,Normal claim patterns
1721675986,PHARMACY_CLAIM,1,0,0.0,0,0,1,0,0,18.12,18.12,0.0,LOW-RISK PROVIDER,NORMAL,Normal claim patterns
1013908201,MEDICAL_CLAIM,3,2,66.67,0,0,2,0,0,18.11,26.15,0.0,HIGH-RISK PROVIDER,PROVIDER REQUIRING REVIEW,66.7% flagged records (Threshold: 10%)
1147937079,PHARMACY_CLAIM,1,0,0.0,0,0,1,0,0,18.11,18.11,0.0,LOW-RISK PROVIDER,NORMAL,Normal claim patterns
1261739179,PRIOR_AUTH,1,0,0.0,0,0,1,0,0,18.1,18.1,0.0,LOW-RISK PROVIDER,NORMAL,Normal claim patterns
1541179930,PHARMACY_CLAIM,1,0,0.0,0,0,1,0,0,18.1,18.1,0.0,LOW-RISK PROVIDER,NORMAL,Normal claim patterns
1658706664,PRIOR_AUTH,1,0,0.0,0,0,1,0,0,18.1,18.1,0.0,LOW-RISK PROVIDER,NORMAL,Normal claim patterns
1704563776,PHARMACY_CLAIM,1,0,0.0,0,0,1,0,0,18.1,18.1,0.0,LOW-RISK PROVIDER,NORMAL,Normal claim patterns
1375766515,PRIOR_AUTH,1,0,0.0,0,0,1,0,0,18.09,18.09,0.0,LOW-RISK PROVIDER,NORMAL,Normal claim patterns
1759165745,PHARMACY_CLAIM,1,0,0.0,0,0,1,0,0,18.09,18.09,0.0,LOW-RISK PROVIDER,NORMAL,Normal claim patterns
1806662655,PHARMACY_CLAIM,1,0,0.0,0,0,1,0,0,18.09,18.09,0.0,LOW-RISK PROVIDER,NORMAL,Normal claim patterns
1996708061,PRIOR_AUTH,1,0,0.0,0,0,1,0,0,18.09,18.09,0.0,LOW-RISK PROVIDER,NORMAL,Normal claim patterns
1040597457,PHARMACY_CLAIM,1,0,0.0,0,0,1,0,0,18.08,18.08,0.0,LOW-RISK PROVIDER,NORMAL,Normal claim patterns
1245695774,MEDICAL_CLAIM,7,4,57.14,0,0,4,0,0,18.06,30.04,0.0,HIGH-RISK PROVIDER,PROVIDER REQUIRING REVIEW,57.1% flagged records (Threshold: 10%)
1453281965,PHARMACY_CLAIM,1,0,0.0,0,0,1,0,0,18.06,18.06,0.0,LOW-RISK PROVIDER,NORMAL,Normal claim patterns
1574095929,PHARMACY_CLAIM,1,0,0.0,0,0,1,0,0,18.06,18.06,0.0,LOW-RISK PROVIDER,NORMAL,Normal claim patterns
1912285370,PHARMACY_CLAIM,1,0,0.0,0,0,1,0,0,18.05,18.05,0.0,LOW-RISK PROVIDER,NORMAL,Normal claim patterns
1144733031,MEDICAL_CLAIM,6,4,66.67,0,0,4,0,0,18.04,27.66,0.0,HIGH-RISK PROVIDER,PROVIDER REQUIRING REVIEW,66.7% flagged records (Threshold: 10%)
1871070417,MEDICAL_CLAIM,2,1,50.0,0,0,1,0,0,18.04,33.97,0.0,HIGH-RISK PROVIDER,PROVIDER REQUIRING REVIEW,50.0% flagged records (Threshold: 10%)
1278766780,PRIOR_AUTH,1,0,0.0,0,0,1,0,0,18.04,18.04,0.0,LOW-RISK PROVIDER,NORMAL,Normal claim patterns
1281890162,PHARMACY_CLAIM,1,0,0.0,0,0,1,0,0,18.04,18.04,0.0,LOW-RISK PROVIDER,NORMAL,Normal claim patterns
1339375605,PHARMACY_CLAIM,1,0,0.0,0,0,1,0,0,18.04,18.04,0.0,LOW-RISK PROVIDER,NORMAL,Normal claim patterns
1184004590,MEDICAL_CLAIM,11,7,63.64,0,0,7,0,0,18.02,31.35,0.0,HIGH-RISK PROVIDER,PROVIDER REQUIRING REVIEW,63.6% flagged records (Threshold: 10%)
1851806079,MEDICAL_CLAIM,2,1,50.0,0,0,1,0,0,18.02,34.19,0.0,HIGH-RISK PROVIDER,PROVIDER REQUIRING REVIEW,50.0% flagged records (Threshold: 10%)
1869480555,PHARMACY_CLAIM,1,0,0.0,0,0,1,0,0,18.02,18.02,0.0,LOW-RISK PROVIDER,NORMAL,Normal claim patterns
1285727396,MEDICAL_CLAIM,3,2,66.67,0,0,2,0,0,18.0,28.15,0.0,HIGH-RISK PROVIDER,PROVIDER REQUIRING REVIEW,66.7% flagged records (Threshold: 10%)
1228335177,PRIOR_AUTH,1,0,0.0,0,0,1,0,0,18.0,18.0,0.0,LOW-RISK PROVIDER,NORMAL,Normal claim patterns
1928230034,PRIOR_AUTH,1,0,0.0,0,1,0,0,0,18.0,18.0,0.0,LOW-RISK PROVIDER,NORMAL,Normal claim patterns
1963294435,PHARMACY_CLAIM,1,0,0.0,0,1,0,0,0,18.0,18.0,0.0,LOW-RISK PROVIDER,NORMAL,Normal claim patterns
1279377718,PHARMACY_CLAIM,1,0,0.0,0,0,1,0,0,17.99,17.99,0.0,LOW-RISK PROVIDER,NORMAL,Normal claim patterns
1874600321,PHARMACY_CLAIM,1,0,0.0,0,0,1,0,0,17.99,17.99,0.0,LOW-RISK PROVIDER,NORMAL,Normal claim patterns
1159245460,PHARMACY_CLAIM,1,0,0.0,0,0,1,0,0,17.98,17.98,0.0,LOW-RISK PROVIDER,NORMAL,Normal claim patterns
1519613429,PHARMACY_CLAIM,1,0,0.0,0,0,1,0,0,17.98,17.98,0.0,LOW-RISK PROVIDER,NORMAL,Normal claim patterns
1695002592,PHARMACY_CLAIM,1,0,0.0,0,1,0,0,0,17.98,17.98,0.0,LOW-RISK PROVIDER,NORMAL,Normal claim patterns
1041072611,PHARMACY_CLAIM,1,0,0.0,0,0,1,0,0,17.97,17.97,0.0,LOW-RISK PROVIDER,NORMAL,Normal claim patterns
1165746000,PHARMACY_CLAIM,1,0,0.0,0,0,1,0,0,17.97,17.97,0.0,LOW-RISK PROVIDER,NORMAL,Normal claim patterns
1607271171,PRIOR_AUTH,1,0,0.0,0,0,1,0,0,17.97,17.97,0.0,LOW-RISK PROVIDER,NORMAL,Normal claim patterns
1009497475,PRIOR_AUTH,1,0,0.0,0,0,1,0,0,17.96,17.96,0.0,LOW-RISK PROVIDER,NORMAL,Normal claim patterns
1497807868,PHARMACY_CLAIM,1,0,0.0,0,0,1,0,0,17.96,17.96,0.0,LOW-RISK PROVIDER,NORMAL,Normal claim patterns
1231295133,PRIOR_AUTH,1,0,0.0,0,1,0,0,0,17.95,17.95,0.0,LOW-RISK PROVIDER,NORMAL,Normal claim patterns
1752764825,PHARMACY_CLAIM,1,0,0.0,0,0,1,0,0,17.95,17.95,0.0,LOW-RISK PROVIDER,NORMAL,Normal claim patterns
1760932248,MEDICAL_CLAIM,2,1,50.0,0,0,1,0,0,17.94,26.71,0.0,HIGH-RISK PROVIDER,PROVIDER REQUIRING REVIEW,50.0% flagged records (Threshold: 10%)
1664703147,PRIOR_AUTH,1,0,0.0,0,0,1,0,0,17.94,17.94,0.0,LOW-RISK PROVIDER,NORMAL,Normal claim patterns
1192531302,PHARMACY_CLAIM,1,0,0.0,0,0,1,0,0,17.93,17.93,0.0,LOW-RISK PROVIDER,NORMAL,Normal claim patterns
1630975771,PRIOR_AUTH,1,0,0.0,0,0,1,0,0,17.93,17.93,0.0,LOW-RISK PROVIDER,NORMAL,Normal claim patterns
1770233561,PHARMACY_CLAIM,1,0,0.0,0,0,1,0,0,17.93,17.93,0.0,LOW-RISK PROVIDER,NORMAL,Normal claim patterns
1018308835,PHARMACY_CLAIM,1,0,0.0,0,0,1,0,0,17.92,17.92,0.0,LOW-RISK PROVIDER,NORMAL,Normal claim patterns
1334236055,PRIOR_AUTH,1,0,0.0,0,0,1,0,0,17.92,17.92,0.0,LOW-RISK PROVIDER,NORMAL,Normal claim patterns
1739313686,PRIOR_AUTH,1,0,0.0,0,0,1,0,0,17.92,17.92,0.0,LOW-RISK PROVIDER,NORMAL,Normal claim patterns
1989461293,PRIOR_AUTH,1,0,0.0,0,0,1,0,0,17.92,17.92,0.0,LOW-RISK PROVIDER,NORMAL,Normal claim patterns
1285187037,PHARMACY_CLAIM,1,0,0.0,0,0,1,0,0,17.91,17.91,0.0,LOW-RISK PROVIDER,NORMAL,Normal claim patterns
1478933760,PHARMACY_CLAIM,1,0,0.0,0,0,1,0,0,17.91,17.91,0.0,LOW-RISK PROVIDER,NORMAL,Normal claim patterns
1203800050,PHARMACY_CLAIM,1,0,0.0,0,0,1,0,0,17.9,17.9,0.0,LOW-RISK PROVIDER,NORMAL,Normal claim patterns
1183435109,PHARMACY_CLAIM,1,0,0.0,0,0,1,0,0,17.89,17.89,0.0,LOW-RISK PROVIDER,NORMAL,Normal claim patterns
1406292784,PRIOR_AUTH,1,0,0.0,0,1,0,0,0,17.89,17.89,0.0,LOW-RISK PROVIDER,NORMAL,Normal claim patterns
1418412150,PRIOR_AUTH,1,0,0.0,0,0,1,0,0,17.89,17.89,0.0,LOW-RISK PROVIDER,NORMAL,Normal claim patterns
1452193252,PHARMACY_CLAIM,1,0,0.0,0,0,1,0,0,17.88,17.88,0.0,LOW-RISK PROVIDER,NORMAL,Normal claim patterns
1299164392,PRIOR_AUTH,1,0,0.0,0,0,1,0,0,17.87,17.87,0.0,LOW-RISK PROVIDER,NORMAL,Normal claim patterns
1669311349,PHARMACY_CLAIM,1,0,0.0,0,0,1,0,0,17.87,17.87,0.0,LOW-RISK PROVIDER,NORMAL,Normal claim patterns
1054226087,PHARMACY_CLAIM,1,0,0.0,0,0,1,0,0,17.86,17.86,0.0,LOW-RISK PROVIDER,NORMAL,Normal claim patterns
1581858840,PRIOR_AUTH,1,0,0.0,0,0,1,0,0,17.86,17.86,0.0,LOW-RISK PROVIDER,NORMAL,Normal claim patterns
1525711196,PHARMACY_CLAIM,1,0,0.0,0,0,1,0,0,17.85,17.85,0.0,LOW-RISK PROVIDER,NORMAL,Normal claim patterns
1538676404,PHARMACY_CLAIM,1,0,0.0,0,0,1,0,0,17.85,17.85,0.0,LOW-RISK PROVIDER,NORMAL,Normal claim patterns
1502469450,PRIOR_AUTH,1,0,0.0,0,0,1,0,0,17.83,17.83,0.0,LOW-RISK PROVIDER,NORMAL,Normal claim patterns
1353648643,PHARMACY_CLAIM,1,0,0.0,0,0,1,0,0,17.82,17.82,0.0,LOW-RISK PROVIDER,NORMAL,Normal claim patterns
1623536325,PHARMACY_CLAIM,1,0,0.0,0,0,1,0,0,17.82,17.82,0.0,LOW-RISK PROVIDER,NORMAL,Normal claim patterns
1693909696,PRIOR_AUTH,1,0,0.0,0,0,1,0,0,17.82,17.82,0.0,LOW-RISK PROVIDER,NORMAL,Normal claim patterns
1568904480,MEDICAL_CLAIM,2,1,50.0,0,0,1,0,0,17.81,33.62,0.0,HIGH-RISK PROVIDER,PROVIDER REQUIRING REVIEW,50.0% flagged records (Threshold: 10%)
1700238508,MEDICAL_CLAIM,2,1,50.0,0,0,1,0,0,17.81,29.45,0.0,HIGH-RISK PROVIDER,PROVIDER REQUIRING REVIEW,50.0% flagged records (Threshold: 10%)
1373804567,PHARMACY_CLAIM,1,0,0.0,0,0,1,0,0,17.81,17.81,0.0,LOW-RISK PROVIDER,NORMAL,Normal claim patterns
1992755292,MEDICAL_CLAIM,2,1,50.0,0,0,1,0,0,17.8,28.34,0.0,HIGH-RISK PROVIDER,PROVIDER REQUIRING REVIEW,50.0% flagged records (Threshold: 10%)
1204232916,PHARMACY_CLAIM,1,0,0.0,0,0,1,0,0,17.8,17.8,0.0,LOW-RISK PROVIDER,NORMAL,Normal claim patterns
1778994093,PHARMACY_CLAIM,1,0,0.0,0,0,1,0,0,17.8,17.8,0.0,LOW-RISK PROVIDER,NORMAL,Normal claim patterns
1679933055,MEDICAL_CLAIM,7,4,57.14,0,0,4,0,0,17.79,34.05,0.0,HIGH-RISK PROVIDER,PROVIDER REQUIRING REVIEW,57.1% flagged records (Threshold: 10%)
1634664956,PRIOR_AUTH,1,0,0.0,0,0,1,0,0,17.79,17.79,0.0,LOW-RISK PROVIDER,NORMAL,Normal claim patterns
1790236010,PRIOR_AUTH,1,0,0.0,0,0,1,0,0,17.79,17.79,0.0,LOW-RISK PROVIDER,NORMAL,Normal claim patterns
1957219699,PHARMACY_CLAIM,1,0,0.0,0,1,0,0,0,17.79,17.79,0.0,LOW-RISK PROVIDER,NORMAL,Normal claim patterns
1554625245,PRIOR_AUTH,1,0,0.0,0,1,0,0,0,17.78,17.78,0.0,LOW-RISK PROVIDER,NORMAL,Normal claim patterns
1518948595,MEDICAL_CLAIM,7,4,57.14,0,0,4,0,0,17.77,30.19,0.0,HIGH-RISK PROVIDER,PROVIDER REQUIRING REVIEW,57.1% flagged records (Threshold: 10%)
1596742438,PRIOR_AUTH,1,0,0.0,0,0,1,0,0,17.77,17.77,0.0,LOW-RISK PROVIDER,NORMAL,Normal claim patterns
1715556836,PHARMACY_CLAIM,1,0,0.0,0,0,1,0,0,17.77,17.77,0.0,LOW-RISK PROVIDER,NORMAL,Normal claim patterns
1033214416,MEDICAL_CLAIM,13,7,53.85,0,0,7,0,0,17.76,30.88,0.0,HIGH-RISK PROVIDER,PROVIDER REQUIRING REVIEW,53.8% flagged records (Threshold: 10%)
1228920373,PRIOR_AUTH,1,0,0.0,0,0,1,0,0,17.76,17.76,0.0,LOW-RISK PROVIDER,NORMAL,Normal claim patterns
1562058233,PHARMACY_CLAIM,1,0,0.0,0,1,0,0,0,17.76,17.76,0.0,LOW-RISK PROVIDER,NORMAL,Normal claim patterns
1229815130,PHARMACY_CLAIM,1,0,0.0,0,0,1,0,0,17.75,17.75,0.0,LOW-RISK PROVIDER,NORMAL,Normal claim patterns
1124626404,PRIOR_AUTH,1,0,0.0,0,0,1,0,0,17.73,17.73,0.0,LOW-RISK PROVIDER,NORMAL,Normal claim patterns
1273637488,PHARMACY_CLAIM,1,0,0.0,0,0,1,0,0,17.73,17.73,0.0,LOW-RISK PROVIDER,NORMAL,Normal claim patterns
1505334263,PRIOR_AUTH,1,0,0.0,0,0,1,0,0,17.73,17.73,0.0,LOW-RISK PROVIDER,NORMAL,Normal claim patterns
1935162987,PHARMACY_CLAIM,1,0,0.0,0,0,1,0,0,17.73,17.73,0.0,LOW-RISK PROVIDER,NORMAL,Normal claim patterns
1011613722,PHARMACY_CLAIM,1,0,0.0,0,0,1,0,0,17.72,17.72,0.0,LOW-RISK PROVIDER,NORMAL,Normal claim patterns
1769293828,PRIOR_AUTH,1,0,0.0,0,1,0,0,0,17.72,17.72,0.0,LOW-RISK PROVIDER,NORMAL,Normal claim patterns
1195920405,PHARMACY_CLAIM,1,0,0.0,0,0,1,0,0,17.71,17.71,0.0,LOW-RISK PROVIDER,NORMAL,Normal claim patterns
1461084103,PHARMACY_CLAIM,1,0,0.0,0,0,1,0,0,17.71,17.71,0.0,LOW-RISK PROVIDER,NORMAL,Normal claim patterns
1720029333,MEDICAL_CLAIM,3,1,33.33,0,0,1,0,0,17.7,34.51,0.0,HIGH-RISK PROVIDER,PROVIDER REQUIRING REVIEW,33.3% flagged records (Threshold: 10%)
1297833748,PHARMACY_CLAIM,1,0,0.0,0,0,1,0,0,17.7,17.7,0.0,LOW-RISK PROVIDER,NORMAL,Normal claim patterns
1695899951,PHARMACY_CLAIM,1,0,0.0,0,0,1,0,0,17.7,17.7,0.0,LOW-RISK PROVIDER,NORMAL,Normal claim patterns
1868654520,PRIOR_AUTH,1,0,0.0,0,1,0,0,0,17.7,17.7,0.0,LOW-RISK PROVIDER,NORMAL,Normal claim patterns
1068668303,PHARMACY_CLAIM,1,0,0.0,0,0,1,0,0,17.69,17.69,0.0,LOW-RISK PROVIDER,NORMAL,Normal claim patterns
1513221148,PHARMACY_CLAIM,1,0,0.0,0,0,1,0,0,17.69,17.69,0.0,LOW-RISK PROVIDER,NORMAL,Normal claim patterns
1922323658,PRIOR_AUTH,1,0,0.0,0,0,1,0,0,17.69,17.69,0.0,LOW-RISK PROVIDER,NORMAL,Normal claim patterns
1341582088,PRIOR_AUTH,1,0,0.0,0,0,1,0,0,17.68,17.68,0.0,LOW-RISK PROVIDER,NORMAL,Normal claim patterns
1245340264,MEDICAL_CLAIM,2,1,50.0,0,0,1,0,0,17.67,34.25,0.0,HIGH-RISK PROVIDER,PROVIDER REQUIRING REVIEW,50.0% flagged records (Threshold: 10%)
1143304766,PHARMACY_CLAIM,1,0,0.0,0,0,1,0,0,17.66,17.66,0.0,LOW-RISK PROVIDER,NORMAL,Normal claim patterns
1645075010,PRIOR_AUTH,1,0,0.0,0,0,1,0,0,17.66,17.66,0.0,LOW-RISK PROVIDER,NORMAL,Normal claim patterns
1558782888,MEDICAL_CLAIM,2,1,50.0,0,0,1,0,0,17.65,33.75,0.0,HIGH-RISK PROVIDER,PROVIDER REQUIRING REVIEW,50.0% flagged records (Threshold: 10%)
1662379058,PHARMACY_CLAIM,1,0,0.0,0,1,0,0,0,17.65,17.65,0.0,LOW-RISK PROVIDER,NORMAL,Normal claim patterns
1897358325,PRIOR_AUTH,1,0,0.0,0,0,1,0,0,17.65,17.65,0.0,LOW-RISK PROVIDER,NORMAL,Normal claim patterns
1920497872,PRIOR_AUTH,1,0,0.0,0,0,1,0,0,17.65,17.65,0.0,LOW-RISK PROVIDER,NORMAL,Normal claim patterns
1560073605,PHARMACY_CLAIM,1,0,0.0,0,0,1,0,0,17.64,17.64,0.0,LOW-RISK PROVIDER,NORMAL,Normal claim patterns
1902186490,PHARMACY_CLAIM,1,0,0.0,0,0,1,0,0,17.64,17.64,0.0,LOW-RISK PROVIDER,NORMAL,Normal claim patterns
1005515157,PHARMACY_CLAIM,1,0,0.0,0,0,1,0,0,17.63,17.63,0.0,LOW-RISK PROVIDER,NORMAL,Normal claim patterns
1633191060,PHARMACY_CLAIM,1,0,0.0,0,0,1,0,0,17.63,17.63,0.0,LOW-RISK PROVIDER,NORMAL,Normal claim patterns
1358090744,PHARMACY_CLAIM,1,0,0.0,0,1,0,0,0,17.62,17.62,0.0,LOW-RISK PROVIDER,NORMAL,Normal claim patterns
1534163059,PRIOR_AUTH,1,0,0.0,0,0,1,0,0,17.62,17.62,0.0,LOW-RISK PROVIDER,NORMAL,Normal claim patterns
1636992530,PRIOR_AUTH,1,0,0.0,0,0,1,0,0,17.62,17.62,0.0,LOW-RISK PROVIDER,NORMAL,Normal claim patterns
1437138841,PRIOR_AUTH,1,0,0.0,0,0,1,0,0,17.61,17.61,0.0,LOW-RISK PROVIDER,NORMAL,Normal claim patterns
1517939970,PHARMACY_CLAIM,1,0,0.0,0,0,1,0,0,17.61,17.61,0.0,LOW-RISK PROVIDER,NORMAL,Normal claim patterns
1758162886,PHARMACY_CLAIM,1,0,0.0,0,0,1,0,0,17.6,17.6,0.0,LOW-RISK PROVIDER,NORMAL,Normal claim patterns
1474479679,PRIOR_AUTH,1,0,0.0,0,0,1,0,0,17.59,17.59,0.0,LOW-RISK PROVIDER,NORMAL,Normal claim patterns
1437697273,MEDICAL_CLAIM,6,3,50.0,0,0,3,0,0,17.58,32.0,0.0,HIGH-RISK PROVIDER,PROVIDER REQUIRING REVIEW,50.0% flagged records (Threshold: 10%)
1286342491,PRIOR_AUTH,1,0,0.0,0,0,1,0,0,17.58,17.58,0.0,LOW-RISK PROVIDER,NORMAL,Normal claim patterns
1411671339,PHARMACY_CLAIM,1,0,0.0,0,0,1,0,0,17.58,17.58,0.0,LOW-RISK PROVIDER,NORMAL,Normal claim patterns
1196035522,PHARMACY_CLAIM,1,0,0.0,0,0,1,0,0,17.56,17.56,0.0,LOW-RISK PROVIDER,NORMAL,Normal claim patterns
1302246276,PRIOR_AUTH,1,0,0.0,0,0,1,0,0,17.56,17.56,0.0,LOW-RISK PROVIDER,NORMAL,Normal claim patterns
1544058910,PHARMACY_CLAIM,1,0,0.0,0,0,1,0,0,17.56,17.56,0.0,LOW-RISK PROVIDER,NORMAL,Normal claim patterns
1279034397,PRIOR_AUTH,1,0,0.0,0,0,1,0,0,17.55,17.55,0.0,LOW-RISK PROVIDER,NORMAL,Normal claim patterns
1477758203,PRIOR_AUTH,1,0,0.0,0,0,1,0,0,17.55,17.55,0.0,LOW-RISK PROVIDER,NORMAL,Normal claim patterns
1124084488,MEDICAL_CLAIM,2,1,50.0,0,0,1,0,0,17.54,31.99,0.0,HIGH-RISK PROVIDER,PROVIDER REQUIRING REVIEW,50.0% flagged records (Threshold: 10%)
1770678260,MEDICAL_CLAIM,2,1,50.0,0,0,1,0,0,17.54,34.79,0.0,HIGH-RISK PROVIDER,PROVIDER REQUIRING REVIEW,50.0% flagged records (Threshold: 10%)
1220900152,PHARMACY_CLAIM,1,0,0.0,0,0,1,0,0,17.54,17.54,0.0,LOW-RISK PROVIDER,NORMAL,Normal claim patterns
1384897444,PHARMACY_CLAIM,1,0,0.0,0,0,1,0,0,17.54,17.54,0.0,LOW-RISK PROVIDER,NORMAL,Normal claim patterns
1586533559,PHARMACY_CLAIM,1,0,0.0,0,0,1,0,0,17.52,17.52,0.0,LOW-RISK PROVIDER,NORMAL,Normal claim patterns
1396784880,MEDICAL_CLAIM,2,1,50.0,0,0,1,0,0,17.51,28.58,0.0,HIGH-RISK PROVIDER,PROVIDER REQUIRING REVIEW,50.0% flagged records (Threshold: 10%)
1104260917,PRIOR_AUTH,1,0,0.0,0,0,1,0,0,17.5,17.5,0.0,LOW-RISK PROVIDER,NORMAL,Normal claim patterns
1631129513,PHARMACY_CLAIM,1,0,0.0,0,0,1,0,0,17.5,17.5,0.0,LOW-RISK PROVIDER,NORMAL,Normal claim patterns
1934107775,PRIOR_AUTH,1,0,0.0,0,0,1,0,0,17.5,17.5,0.0,LOW-RISK PROVIDER,NORMAL,Normal claim patterns
1021883407,PHARMACY_CLAIM,1,0,0.0,0,0,1,0,0,17.49,17.49,0.0,LOW-RISK PROVIDER,NORMAL,Normal claim patterns
1860463429,PRIOR_AUTH,1,0,0.0,0,0,1,0,0,17.47,17.47,0.0,LOW-RISK PROVIDER,NORMAL,Normal claim patterns
1130032471,PHARMACY_CLAIM,1,0,0.0,0,0,1,0,0,17.46,17.46,0.0,LOW-RISK PROVIDER,NORMAL,Normal claim patterns
1523966000,PHARMACY_CLAIM,1,0,0.0,0,0,1,0,0,17.46,17.46,0.0,LOW-RISK PROVIDER,NORMAL,Normal claim patterns
1742480263,PHARMACY_CLAIM,1,0,0.0,0,0,1,0,0,17.46,17.46,0.0,LOW-RISK PROVIDER,NORMAL,Normal claim patterns
1399411961,PRIOR_AUTH,1,0,0.0,0,0,1,0,0,17.45,17.45,0.0,LOW-RISK PROVIDER,NORMAL,Normal claim patterns
1580113446,PHARMACY_CLAIM,1,0,0.0,0,0,1,0,0,17.45,17.45,0.0,LOW-RISK PROVIDER,NORMAL,Normal claim patterns
1633126209,PHARMACY_CLAIM,1,0,0.0,0,0,1,0,0,17.45,17.45,0.0,LOW-RISK PROVIDER,NORMAL,Normal claim patterns
1921954269,PRIOR_AUTH,1,0,0.0,0,0,1,0,0,17.45,17.45,0.0,LOW-RISK PROVIDER,NORMAL,Normal claim patterns
1720004450,MEDICAL_CLAIM,2,1,50.0,0,0,1,0,0,17.44,29.54,0.0,HIGH-RISK PROVIDER,PROVIDER REQUIRING REVIEW,50.0% flagged records (Threshold: 10%)
1209021984,PHARMACY_CLAIM,1,0,0.0,0,0,1,0,0,17.44,17.44,0.0,LOW-RISK PROVIDER,NORMAL,Normal claim patterns
1134404653,PHARMACY_CLAIM,1,0,0.0,0,0,1,0,0,17.43,17.43,0.0,LOW-RISK PROVIDER,NORMAL,Normal claim patterns
1171727900,PRIOR_AUTH,1,0,0.0,0,0,1,0,0,17.43,17.43,0.0,LOW-RISK PROVIDER,NORMAL,Normal claim patterns
1403488012,PRIOR_AUTH,1,0,0.0,0,0,1,0,0,17.43,17.43,0.0,LOW-RISK PROVIDER,NORMAL,Normal claim patterns
1442949768,PRIOR_AUTH,1,0,0.0,0,0,1,0,0,17.43,17.43,0.0,LOW-RISK PROVIDER,NORMAL,Normal claim patterns
1048255476,PRIOR_AUTH,1,0,0.0,0,0,1,0,0,17.42,17.42,0.0,LOW-RISK PROVIDER,NORMAL,Normal claim patterns
1210059605,PHARMACY_CLAIM,1,0,0.0,0,0,1,0,0,17.41,17.41,0.0,LOW-RISK PROVIDER,NORMAL,Normal claim patterns
1291093224,PHARMACY_CLAIM,1,0,0.0,0,0,1,0,0,17.41,17.41,0.0,LOW-RISK PROVIDER,NORMAL,Normal claim patterns
1655013580,PHARMACY_CLAIM,1,0,0.0,0,0,1,0,0,17.4,17.4,0.0,LOW-RISK PROVIDER,NORMAL,Normal claim patterns
1774555289,PHARMACY_CLAIM,1,0,0.0,0,0,1,0,0,17.4,17.4,0.0,LOW-RISK PROVIDER,NORMAL,Normal claim patterns
1550282381,PHARMACY_CLAIM,1,0,0.0,0,0,1,0,0,17.39,17.39,0.0,LOW-RISK PROVIDER,NORMAL,Normal claim patterns
1891257390,MEDICAL_CLAIM,2,1,50.0,0,0,1,0,0,17.38,29.23,0.0,HIGH-RISK PROVIDER,PROVIDER REQUIRING REVIEW,50.0% flagged records (Threshold: 10%)
1228537665,PRIOR_AUTH,1,0,0.0,0,0,1,0,0,17.38,17.38,0.0,LOW-RISK PROVIDER,NORMAL,Normal claim patterns
1458185012,PRIOR_AUTH,1,0,0.0,0,0,1,0,0,17.38,17.38,0.0,LOW-RISK PROVIDER,NORMAL,Normal claim patterns
1680693973,PRIOR_AUTH,1,0,0.0,0,0,1,0,0,17.38,17.38,0.0,LOW-RISK PROVIDER,NORMAL,Normal claim patterns
1990396770,PHARMACY_CLAIM,1,0,0.0,0,0,1,0,0,17.38,17.38,0.0,LOW-RISK PROVIDER,NORMAL,Normal claim patterns
1090840270,PHARMACY_CLAIM,1,0,0.0,0,0,1,0,0,17.37,17.37,0.0,LOW-RISK PROVIDER,NORMAL,Normal claim patterns
1298216494,PRIOR_AUTH,1,0,0.0,0,0,1,0,0,17.36,17.36,0.0,LOW-RISK PROVIDER,NORMAL,Normal claim patterns
1472555609,PHARMACY_CLAIM,1,0,0.0,0,0,1,0,0,17.36,17.36,0.0,LOW-RISK PROVIDER,NORMAL,Normal claim patterns
1716774291,PRIOR_AUTH,1,0,0.0,0,0,1,0,0,17.36,17.36,0.0,LOW-RISK PROVIDER,NORMAL,Normal claim patterns
1971110536,PHARMACY_CLAIM,1,0,0.0,0,0,1,0,0,17.36,17.36,0.0,LOW-RISK PROVIDER,NORMAL,Normal claim patterns
1258337013,PHARMACY_CLAIM,1,0,0.0,0,0,1,0,0,17.35,17.35,0.0,LOW-RISK PROVIDER,NORMAL,Normal claim patterns
1659312072,MEDICAL_CLAIM,2,1,50.0,0,0,1,0,0,17.34,32.08,0.0,HIGH-RISK PROVIDER,PROVIDER REQUIRING REVIEW,50.0% flagged records (Threshold: 10%)
1189901866,PRIOR_AUTH,1,0,0.0,0,0,1,0,0,17.34,17.34,0.0,LOW-RISK PROVIDER,NORMAL,Normal claim patterns
1317082530,PRIOR_AUTH,1,0,0.0,0,0,1,0,0,17.34,17.34,0.0,LOW-RISK PROVIDER,NORMAL,Normal claim patterns
1928180551,PHARMACY_CLAIM,1,0,0.0,0,0,1,0,0,17.33,17.33,0.0,LOW-RISK PROVIDER,NORMAL,Normal claim patterns
1005211521,PHARMACY_CLAIM,1,0,0.0,0,0,1,0,0,17.32,17.32,0.0,LOW-RISK PROVIDER,NORMAL,Normal claim patterns
1577635119,PRIOR_AUTH,1,0,0.0,0,1,0,0,0,17.32,17.32,0.0,LOW-RISK PROVIDER,NORMAL,Normal claim patterns
1952756884,MEDICAL_CLAIM,2,1,50.0,0,0,1,0,0,17.31,28.35,0.0,HIGH-RISK PROVIDER,PROVIDER REQUIRING REVIEW,50.0% flagged records (Threshold: 10%)
1010044016,PHARMACY_CLAIM,1,0,0.0,0,0,1,0,0,17.31,17.31,0.0,LOW-RISK PROVIDER,NORMAL,Normal claim patterns
1424593618,PHARMACY_CLAIM,1,0,0.0,0,0,1,0,0,17.31,17.31,0.0,LOW-RISK PROVIDER,NORMAL,Normal claim patterns
1680712482,PRIOR_AUTH,1,0,0.0,0,0,1,0,0,17.31,17.31,0.0,LOW-RISK PROVIDER,NORMAL,Normal claim patterns
1154244872,PHARMACY_CLAIM,1,0,0.0,0,0,1,0,0,17.29,17.29,0.0,LOW-RISK PROVIDER,NORMAL,Normal claim patterns
1413711136,PHARMACY_CLAIM,1,0,0.0,0,0,1,0,0,17.29,17.29,0.0,LOW-RISK PROVIDER,NORMAL,Normal claim patterns
1547469238,PRIOR_AUTH,1,0,0.0,0,0,1,0,0,17.29,17.29,0.0,LOW-RISK PROVIDER,NORMAL,Normal claim patterns
1205219003,MEDICAL_CLAIM,2,1,50.0,0,0,2,0,0,17.28,32.04,0.0,HIGH-RISK PROVIDER,PROVIDER REQUIRING REVIEW,50.0% flagged records (Threshold: 10%)
1003563577,PRIOR_AUTH,1,0,0.0,0,0,1,0,0,17.28,17.28,0.0,LOW-RISK PROVIDER,NORMAL,Normal claim patterns
1198681490,PRIOR_AUTH,1,0,0.0,0,0,1,0,0,17.28,17.28,0.0,LOW-RISK PROVIDER,NORMAL,Normal claim patterns
1301750119,PHARMACY_CLAIM,1,0,0.0,0,0,1,0,0,17.28,17.28,0.0,LOW-RISK PROVIDER,NORMAL,Normal claim patterns
1018593635,PHARMACY_CLAIM,1,0,0.0,0,0,1,0,0,17.27,17.27,0.0,LOW-RISK PROVIDER,NORMAL,Normal claim patterns
1351651760,PRIOR_AUTH,1,0,0.0,0,0,1,0,0,17.27,17.27,0.0,LOW-RISK PROVIDER,NORMAL,Normal claim patterns
1400132659,PHARMACY_CLAIM,1,0,0.0,0,0,1,0,0,17.27,17.27,0.0,LOW-RISK PROVIDER,NORMAL,Normal claim patterns
1386653802,PHARMACY_CLAIM,1,0,0.0,0,0,1,0,0,17.26,17.26,0.0,LOW-RISK PROVIDER,NORMAL,Normal claim patterns
1341102744,PHARMACY_CLAIM,1,0,0.0,0,0,1,0,0,17.25,17.25,0.0,LOW-RISK PROVIDER,NORMAL,Normal claim patterns
1154251177,PHARMACY_CLAIM,1,0,0.0,0,0,1,0,0,17.24,17.24,0.0,LOW-RISK PROVIDER,NORMAL,Normal claim patterns
1541163314,PRIOR_AUTH,1,0,0.0,0,1,0,0,0,17.24,17.24,0.0,LOW-RISK PROVIDER,NORMAL,Normal claim patterns
1457418659,MEDICAL_CLAIM,2,1,50.0,0,0,1,0,0,17.23,29.41,0.0,HIGH-RISK PROVIDER,PROVIDER REQUIRING REVIEW,50.0% flagged records (Threshold: 10%)
1770042434,PHARMACY_CLAIM,1,0,0.0,0,0,1,0,0,17.22,17.22,0.0,LOW-RISK PROVIDER,NORMAL,Normal claim patterns
1956042087,PHARMACY_CLAIM,1,0,0.0,0,0,1,0,0,17.22,17.22,0.0,LOW-RISK PROVIDER,NORMAL,Normal claim patterns
1950485205,PHARMACY_CLAIM,1,0,0.0,0,0,1,0,0,17.21,17.21,0.0,LOW-RISK PROVIDER,NORMAL,Normal claim patterns
1569913135,PHARMACY_CLAIM,1,0,0.0,0,0,1,0,0,17.2,17.2,0.0,LOW-RISK PROVIDER,NORMAL,Normal claim patterns
1025476201,PHARMACY_CLAIM,1,0,0.0,0,1,0,0,0,17.19,17.19,0.0,LOW-RISK PROVIDER,NORMAL,Normal claim patterns
1492725733,PHARMACY_CLAIM,1,0,0.0,0,0,1,0,0,17.19,17.19,0.0,LOW-RISK PROVIDER,NORMAL,Normal claim patterns
1060885109,PHARMACY_CLAIM,1,0,0.0,0,0,1,0,0,17.18,17.18,0.0,LOW-RISK PROVIDER,NORMAL,Normal claim patterns
1082012091,PHARMACY_CLAIM,1,0,0.0,0,0,1,0,0,17.18,17.18,0.0,LOW-RISK PROVIDER,NORMAL,Normal claim patterns
1184612764,MEDICAL_CLAIM,3,2,66.67,0,0,2,0,0,17.17,26.27,0.0,HIGH-RISK PROVIDER,PROVIDER REQUIRING REVIEW,66.7% flagged records (Threshold: 10%)
1036642495,PHARMACY_CLAIM,1,0,0.0,0,0,1,0,0,17.17,17.17,0.0,LOW-RISK PROVIDER,NORMAL,Normal claim patterns
1179528836,PHARMACY_CLAIM,1,0,0.0,0,0,1,0,0,17.17,17.17,0.0,LOW-RISK PROVIDER,NORMAL,Normal claim patterns
1801298070,MEDICAL_CLAIM,2,1,50.0,0,0,1,0,0,17.16,29.21,0.0,HIGH-RISK PROVIDER,PROVIDER REQUIRING REVIEW,50.0% flagged records (Threshold: 10%)
1120482984,PRIOR_AUTH,1,0,0.0,0,0,1,0,0,17.16,17.16,0.0,LOW-RISK PROVIDER,NORMAL,Normal claim patterns
1396926994,MEDICAL_CLAIM,6,3,50.0,0,0,3,0,0,17.14,34.06,0.0,HIGH-RISK PROVIDER,PROVIDER REQUIRING REVIEW,50.0% flagged records (Threshold: 10%)
1482826601,PHARMACY_CLAIM,1,0,0.0,0,0,1,0,0,17.14,17.14,0.0,LOW-RISK PROVIDER,NORMAL,Normal claim patterns
1003042508,PHARMACY_CLAIM,1,0,0.0,0,0,1,0,0,17.13,17.13,0.0,LOW-RISK PROVIDER,NORMAL,Normal claim patterns
1504554442,PRIOR_AUTH,1,0,0.0,0,0,1,0,0,17.13,17.13,0.0,LOW-RISK PROVIDER,NORMAL,Normal claim patterns
1838114329,PHARMACY_CLAIM,1,0,0.0,0,0,1,0,0,17.12,17.12,0.0,LOW-RISK PROVIDER,NORMAL,Normal claim patterns
1952137910,PHARMACY_CLAIM,1,0,0.0,0,0,1,0,0,17.12,17.12,0.0,LOW-RISK PROVIDER,NORMAL,Normal claim patterns
1104249473,MEDICAL_CLAIM,2,1,50.0,0,0,1,0,0,17.11,29.25,0.0,HIGH-RISK PROVIDER,PROVIDER REQUIRING REVIEW,50.0% flagged records (Threshold: 10%)
1261130975,PHARMACY_CLAIM,1,0,0.0,0,0,1,0,0,17.11,17.11,0.0,LOW-RISK PROVIDER,NORMAL,Normal claim patterns
1278588041,PHARMACY_CLAIM,1,0,0.0,0,0,1,0,0,17.11,17.11,0.0,LOW-RISK PROVIDER,NORMAL,Normal claim patterns
1490169153,PRIOR_AUTH,1,0,0.0,0,0,1,0,0,17.11,17.11,0.0,LOW-RISK PROVIDER,NORMAL,Normal claim patterns
1278071361,PHARMACY_CLAIM,1,0,0.0,0,0,1,0,0,17.1,17.1,0.0,LOW-RISK PROVIDER,NORMAL,Normal claim patterns
1062206069,PRIOR_AUTH,1,0,0.0,0,1,0,0,0,17.09,17.09,0.0,LOW-RISK PROVIDER,NORMAL,Normal claim patterns
1340092858,PHARMACY_CLAIM,1,0,0.0,0,0,1,0,0,17.09,17.09,0.0,LOW-RISK PROVIDER,NORMAL,Normal claim patterns
1780759900,PHARMACY_CLAIM,1,0,0.0,0,0,1,0,0,17.09,17.09,0.0,LOW-RISK PROVIDER,NORMAL,Normal claim patterns
1139603127,PHARMACY_CLAIM,1,0,0.0,0,0,1,0,0,17.08,17.08,0.0,LOW-RISK PROVIDER,NORMAL,Normal claim patterns
1470975576,PHARMACY_CLAIM,1,0,0.0,0,0,1,0,0,17.08,17.08,0.0,LOW-RISK PROVIDER,NORMAL,Normal claim patterns
1514681740,PRIOR_AUTH,1,0,0.0,0,0,1,0,0,17.07,17.07,0.0,LOW-RISK PROVIDER,NORMAL,Normal claim patterns
1482794398,PHARMACY_CLAIM,1,0,0.0,0,0,1,0,0,17.06,17.06,0.0,LOW-RISK PROVIDER,NORMAL,Normal claim patterns
1882846813,PHARMACY_CLAIM,1,0,0.0,0,0,1,0,0,17.05,17.05,0.0,LOW-RISK PROVIDER,NORMAL,Normal claim patterns
1885698140,PHARMACY_CLAIM,1,0,0.0,0,0,1,0,0,17.05,17.05,0.0,LOW-RISK PROVIDER,NORMAL,Normal claim patterns
1639518798,MEDICAL_CLAIM,5,3,60.0,0,1,2,0,0,17.04,28.98,0.0,HIGH-RISK PROVIDER,PROVIDER REQUIRING REVIEW,60.0% flagged records (Threshold: 10%)
1811429806,MEDICAL_CLAIM,2,1,50.0,0,0,1,0,0,17.04,33.47,0.0,HIGH-RISK PROVIDER,PROVIDER REQUIRING REVIEW,50.0% flagged records (Threshold: 10%)
1367935895,PHARMACY_CLAIM,1,0,0.0,0,0,1,0,0,17.04,17.04,0.0,LOW-RISK PROVIDER,NORMAL,Normal claim patterns
1377845914,PHARMACY_CLAIM,1,0,0.0,0,0,1,0,0,17.03,17.03,0.0,LOW-RISK PROVIDER,NORMAL,Normal claim patterns
1441691701,PHARMACY_CLAIM,1,0,0.0,0,1,0,0,0,17.03,17.03,0.0,LOW-RISK PROVIDER,NORMAL,Normal claim patterns
1646978418,PHARMACY_CLAIM,1,0,0.0,0,0,1,0,0,17.03,17.03,0.0,LOW-RISK PROVIDER,NORMAL,Normal claim patterns
1809763077,PHARMACY_CLAIM,1,0,0.0,0,1,0,0,0,17.02,17.02,0.0,LOW-RISK PROVIDER,NORMAL,Normal claim patterns
1976735111,PRIOR_AUTH,1,0,0.0,0,0,1,0,0,17.02,17.02,0.0,LOW-RISK PROVIDER,NORMAL,Normal claim patterns
1257213896,PHARMACY_CLAIM,1,0,0.0,0,1,0,0,0,17.01,17.01,0.0,LOW-RISK PROVIDER,NORMAL,Normal claim patterns
1352321555,PHARMACY_CLAIM,1,0,0.0,0,0,1,0,0,17.01,17.01,0.0,LOW-RISK PROVIDER,NORMAL,Normal claim patterns
1205886223,MEDICAL_CLAIM,3,2,66.67,0,0,2,0,0,17.0,25.45,0.0,HIGH-RISK PROVIDER,PROVIDER REQUIRING REVIEW,66.7% flagged records (Threshold: 10%)
1398866824,PRIOR_AUTH,1,0,0.0,0,0,1,0,0,17.0,17.0,0.0,LOW-RISK PROVIDER,NORMAL,Normal claim patterns
1474234951,PHARMACY_CLAIM,1,0,0.0,0,0,1,0,0,17.0,17.0,0.0,LOW-RISK PROVIDER,NORMAL,Normal claim patterns
1620773854,PHARMACY_CLAIM,1,0,0.0,0,0,1,0,0,17.0,17.0,0.0,LOW-RISK PROVIDER,NORMAL,Normal claim patterns
1787137051,PHARMACY_CLAIM,1,0,0.0,0,0,1,0,0,17.0,17.0,0.0,LOW-RISK PROVIDER,NORMAL,Normal claim patterns
1861173289,PRIOR_AUTH,1,0,0.0,0,0,1,0,0,17.0,17.0,0.0,LOW-RISK PROVIDER,NORMAL,Normal claim patterns
1250852979,PHARMACY_CLAIM,1,0,0.0,0,0,1,0,0,16.99,16.99,0.0,LOW-RISK PROVIDER,NORMAL,Normal claim patterns
1669417101,PHARMACY_CLAIM,1,0,0.0,0,0,1,0,0,16.99,16.99,0.0,LOW-RISK PROVIDER,NORMAL,Normal claim patterns
1166917134,PHARMACY_CLAIM,1,0,0.0,0,0,1,0,0,16.97,16.97,0.0,LOW-RISK PROVIDER,NORMAL,Normal claim patterns
1370871715,PHARMACY_CLAIM,1,0,0.0,0,0,1,0,0,16.97,16.97,0.0,LOW-RISK PROVIDER,NORMAL,Normal claim patterns
1275920001,MEDICAL_CLAIM,5,3,60.0,0,0,3,0,0,16.96,27.58,0.0,HIGH-RISK PROVIDER,PROVIDER REQUIRING REVIEW,60.0% flagged records (Threshold: 10%)
1785201838,PHARMACY_CLAIM,1,0,0.0,0,0,1,0,0,16.96,16.96,0.0,LOW-RISK PROVIDER,NORMAL,Normal claim patterns
1335214439,PHARMACY_CLAIM,1,0,0.0,0,0,1,0,0,16.95,16.95,0.0,LOW-RISK PROVIDER,NORMAL,Normal claim patterns
1414810856,PHARMACY_CLAIM,1,0,0.0,0,0,1,0,0,16.94,16.94,0.0,LOW-RISK PROVIDER,NORMAL,Normal claim patterns
1969274484,PHARMACY_CLAIM,1,0,0.0,0,0,1,0,0,16.94,16.94,0.0,LOW-RISK PROVIDER,NORMAL,Normal claim patterns
1598765398,MEDICAL_CLAIM,7,4,57.14,0,0,4,0,0,16.93,29.24,0.0,HIGH-RISK PROVIDER,PROVIDER REQUIRING REVIEW,57.1% flagged records (Threshold: 10%)
1932146461,MEDICAL_CLAIM,7,4,57.14,0,0,4,0,0,16.93,30.34,0.0,HIGH-RISK PROVIDER,PROVIDER REQUIRING REVIEW,57.1% flagged records (Threshold: 10%)
1404091423,PHARMACY_CLAIM,1,0,0.0,0,0,1,0,0,16.93,16.93,0.0,LOW-RISK PROVIDER,NORMAL,Normal claim patterns
1446864012,PHARMACY_CLAIM,1,0,0.0,0,0,1,0,0,16.93,16.93,0.0,LOW-RISK PROVIDER,NORMAL,Normal claim patterns
1871671990,MEDICAL_CLAIM,5,3,60.0,0,2,1,0,0,16.92,28.99,0.0,HIGH-RISK PROVIDER,PROVIDER REQUIRING REVIEW,60.0% flagged records (Threshold: 10%)
1812353938,PHARMACY_CLAIM,1,0,0.0,0,0,1,0,0,16.91,16.91,0.0,LOW-RISK PROVIDER,NORMAL,Normal claim patterns
1290663476,PHARMACY_CLAIM,1,0,0.0,0,0,1,0,0,16.9,16.9,0.0,LOW-RISK PROVIDER,NORMAL,Normal claim patterns
1467606681,MEDICAL_CLAIM,2,1,50.0,0,0,1,0,0,16.89,27.85,0.0,HIGH-RISK PROVIDER,PROVIDER REQUIRING REVIEW,50.0% flagged records (Threshold: 10%)
1794548709,PHARMACY_CLAIM,1,0,0.0,0,0,1,0,0,16.89,16.89,0.0,LOW-RISK PROVIDER,NORMAL,Normal claim patterns
1953438176,PHARMACY_CLAIM,1,0,0.0,0,0,1,0,0,16.89,16.89,0.0,LOW-RISK PROVIDER,NORMAL,Normal claim patterns
1497773055,MEDICAL_CLAIM,5,3,60.0,0,0,3,0,0,16.87,28.57,0.0,HIGH-RISK PROVIDER,PROVIDER REQUIRING REVIEW,60.0% flagged records (Threshold: 10%)
1070486223,PHARMACY_CLAIM,1,0,0.0,0,0,1,0,0,16.87,16.87,0.0,LOW-RISK PROVIDER,NORMAL,Normal claim patterns
1172205139,PRIOR_AUTH,1,0,0.0,0,1,0,0,0,16.86,16.86,0.0,LOW-RISK PROVIDER,NORMAL,Normal claim patterns
1851890107,MEDICAL_CLAIM,2,1,50.0,0,0,1,0,0,16.85,29.93,0.0,HIGH-RISK PROVIDER,PROVIDER REQUIRING REVIEW,50.0% flagged records (Threshold: 10%)
1730668419,MEDICAL_CLAIM,2,1,50.0,0,0,1,0,0,16.84,30.23,0.0,HIGH-RISK PROVIDER,PROVIDER REQUIRING REVIEW,50.0% flagged records (Threshold: 10%)
1801261029,MEDICAL_CLAIM,4,2,50.0,0,0,2,0,0,16.83,29.55,0.0,HIGH-RISK PROVIDER,PROVIDER REQUIRING REVIEW,50.0% flagged records (Threshold: 10%)
1704539888,PHARMACY_CLAIM,1,0,0.0,0,0,1,0,0,16.83,16.83,0.0,LOW-RISK PROVIDER,NORMAL,Normal claim patterns
1984282723,PHARMACY_CLAIM,1,0,0.0,0,0,1,0,0,16.83,16.83,0.0,LOW-RISK PROVIDER,NORMAL,Normal claim patterns
1775292633,PHARMACY_CLAIM,1,0,0.0,0,0,1,0,0,16.82,16.82,0.0,LOW-RISK PROVIDER,NORMAL,Normal claim patterns
1093703639,MEDICAL_CLAIM,4,2,50.0,0,0,2,0,0,16.81,28.83,0.0,HIGH-RISK PROVIDER,PROVIDER REQUIRING REVIEW,50.0% flagged records (Threshold: 10%)
1142317023,PHARMACY_CLAIM,1,0,0.0,0,0,1,0,0,16.81,16.81,0.0,LOW-RISK PROVIDER,NORMAL,Normal claim patterns
1783857892,PHARMACY_CLAIM,1,0,0.0,0,0,1,0,0,16.81,16.81,0.0,LOW-RISK PROVIDER,NORMAL,Normal claim patterns
1175023109,PHARMACY_CLAIM,1,0,0.0,0,0,1,0,0,16.8,16.8,0.0,LOW-RISK PROVIDER,NORMAL,Normal claim patterns
1009377939,PHARMACY_CLAIM,1,0,0.0,0,0,1,0,0,16.79,16.79,0.0,LOW-RISK PROVIDER,NORMAL,Normal claim patterns
1187799258,PRIOR_AUTH,1,0,0.0,0,0,1,0,0,16.79,16.79,0.0,LOW-RISK PROVIDER,NORMAL,Normal claim patterns
1505430721,PHARMACY_CLAIM,1,0,0.0,0,0,1,0,0,16.78,16.78,0.0,LOW-RISK PROVIDER,NORMAL,Normal claim patterns
1755815417,PHARMACY_CLAIM,1,0,0.0,0,0,1,0,0,16.78,16.78,0.0,LOW-RISK PROVIDER,NORMAL,Normal claim patterns
1916147655,PHARMACY_CLAIM,1,0,0.0,0,0,1,0,0,16.78,16.78,0.0,LOW-RISK PROVIDER,NORMAL,Normal claim patterns
1770048217,MEDICAL_CLAIM,2,1,50.0,0,0,1,0,0,16.77,29.11,0.0,HIGH-RISK PROVIDER,PROVIDER REQUIRING REVIEW,50.0% flagged records (Threshold: 10%)
1250936731,PRIOR_AUTH,1,0,0.0,0,0,1,0,0,16.77,16.77,0.0,LOW-RISK PROVIDER,NORMAL,Normal claim patterns
1989194282,PHARMACY_CLAIM,1,0,0.0,0,0,1,0,0,16.77,16.77,0.0,LOW-RISK PROVIDER,NORMAL,Normal claim patterns
1542357102,PHARMACY_CLAIM,1,0,0.0,0,0,1,0,0,16.76,16.76,0.0,LOW-RISK PROVIDER,NORMAL,Normal claim patterns
1557614308,PHARMACY_CLAIM,1,0,0.0,0,0,1,0,0,16.75,16.75,0.0,LOW-RISK PROVIDER,NORMAL,Normal claim patterns
1407794668,PRIOR_AUTH,1,0,0.0,0,0,1,0,0,16.74,16.74,0.0,LOW-RISK PROVIDER,NORMAL,Normal claim patterns
1751692178,PHARMACY_CLAIM,1,0,0.0,0,0,1,0,0,16.74,16.74,0.0,LOW-RISK PROVIDER,NORMAL,Normal claim patterns
1124270715,MEDICAL_CLAIM,26,13,50.0,0,1,12,0,0,16.73,34.07,0.0,HIGH-RISK PROVIDER,PROVIDER REQUIRING REVIEW,50.0% flagged records (Threshold: 10%)
1013334002,MEDICAL_CLAIM,5,3,60.0,0,0,3,0,0,16.73,27.82,0.0,HIGH-RISK PROVIDER,PROVIDER REQUIRING REVIEW,60.0% flagged records (Threshold: 10%)
1881087336,MEDICAL_CLAIM,5,2,40.0,0,0,3,0,0,16.73,33.76,0.0,HIGH-RISK PROVIDER,PROVIDER REQUIRING REVIEW,40.0% flagged records (Threshold: 10%)
1526522266,PHARMACY_CLAIM,1,0,0.0,0,0,1,0,0,16.73,16.73,0.0,LOW-RISK PROVIDER,NORMAL,Normal claim patterns
1451240032,PHARMACY_CLAIM,1,0,0.0,0,1,0,0,0,16.72,16.72,0.0,LOW-RISK PROVIDER,NORMAL,Normal claim patterns
1528573037,MEDICAL_CLAIM,2,1,50.0,0,0,1,0,0,16.71,29.37,0.0,HIGH-RISK PROVIDER,PROVIDER REQUIRING REVIEW,50.0% flagged records (Threshold: 10%)
1375473413,PHARMACY_CLAIM,1,0,0.0,0,0,1,0,0,16.71,16.71,0.0,LOW-RISK PROVIDER,NORMAL,Normal claim patterns
1619676083,PHARMACY_CLAIM,1,0,0.0,0,0,1,0,0,16.69,16.69,0.0,LOW-RISK PROVIDER,NORMAL,Normal claim patterns
1255319976,MEDICAL_CLAIM,3,1,33.33,0,1,1,0,0,16.67,25.01,0.0,HIGH-RISK PROVIDER,PROVIDER REQUIRING REVIEW,33.3% flagged records (Threshold: 10%)
1795857783,PHARMACY_CLAIM,1,0,0.0,0,0,1,0,0,16.67,16.67,0.0,LOW-RISK PROVIDER,NORMAL,Normal claim patterns
1508826983,MEDICAL_CLAIM,5,3,60.0,0,0,3,0,0,16.65,27.39,0.0,HIGH-RISK PROVIDER,PROVIDER REQUIRING REVIEW,60.0% flagged records (Threshold: 10%)
1932920399,PHARMACY_CLAIM,1,0,0.0,0,0,1,0,0,16.65,16.65,0.0,LOW-RISK PROVIDER,NORMAL,Normal claim patterns
1304426244,PHARMACY_CLAIM,1,0,0.0,0,0,1,0,0,16.63,16.63,0.0,LOW-RISK PROVIDER,NORMAL,Normal claim patterns
1445494446,PHARMACY_CLAIM,1,0,0.0,0,0,1,0,0,16.62,16.62,0.0,LOW-RISK PROVIDER,NORMAL,Normal claim patterns
1626346659,PHARMACY_CLAIM,1,0,0.0,0,1,0,0,0,16.62,16.62,0.0,LOW-RISK PROVIDER,NORMAL,Normal claim patterns
1853719926,PHARMACY_CLAIM,1,0,0.0,0,0,1,0,0,16.61,16.61,0.0,LOW-RISK PROVIDER,NORMAL,Normal claim patterns
1280879745,PHARMACY_CLAIM,1,0,0.0,0,0,1,0,0,16.6,16.6,0.0,LOW-RISK PROVIDER,NORMAL,Normal claim patterns
1245226190,MEDICAL_CLAIM,11,5,45.45,0,2,5,0,0,16.59,28.82,0.0,HIGH-RISK PROVIDER,PROVIDER REQUIRING REVIEW,45.5% flagged records (Threshold: 10%)
1740301345,PHARMACY_CLAIM,1,0,0.0,0,0,1,0,0,16.59,16.59,0.0,LOW-RISK PROVIDER,NORMAL,Normal claim patterns
1878815207,PHARMACY_CLAIM,1,0,0.0,0,0,1,0,0,16.59,16.59,0.0,LOW-RISK PROVIDER,NORMAL,Normal claim patterns
1665044371,PHARMACY_CLAIM,1,0,0.0,0,0,1,0,0,16.58,16.58,0.0,LOW-RISK PROVIDER,NORMAL,Normal claim patterns
1154945483,MEDICAL_CLAIM,6,3,50.0,0,0,3,0,0,16.57,31.86,0.0,HIGH-RISK PROVIDER,PROVIDER REQUIRING REVIEW,50.0% flagged records (Threshold: 10%)
1246338379,PRIOR_AUTH,1,0,0.0,0,0,1,0,0,16.57,16.57,0.0,LOW-RISK PROVIDER,NORMAL,Normal claim patterns
1454226382,PRIOR_AUTH,1,0,0.0,0,0,1,0,0,16.57,16.57,0.0,LOW-RISK PROVIDER,NORMAL,Normal claim patterns
1789344893,PRIOR_AUTH,1,0,0.0,0,0,1,0,0,16.57,16.57,0.0,LOW-RISK PROVIDER,NORMAL,Normal claim patterns
1225073034,MEDICAL_CLAIM,2,1,50.0,0,0,1,0,0,16.56,25.08,0.0,HIGH-RISK PROVIDER,PROVIDER REQUIRING REVIEW,50.0% flagged records (Threshold: 10%)
1733163463,PHARMACY_CLAIM,1,0,0.0,0,0,1,0,0,16.56,16.56,0.0,LOW-RISK PROVIDER,NORMAL,Normal claim patterns
1902897820,MEDICAL_CLAIM,2,1,50.0,0,0,1,0,0,16.55,25.81,0.0,HIGH-RISK PROVIDER,PROVIDER REQUIRING REVIEW,50.0% flagged records (Threshold: 10%)
1164690689,PHARMACY_CLAIM,1,0,0.0,0,0,1,0,0,16.55,16.55,0.0,LOW-RISK PROVIDER,NORMAL,Normal claim patterns
1815601762,PRIOR_AUTH,1,0,0.0,0,0,1,0,0,16.55,16.55,0.0,LOW-RISK PROVIDER,NORMAL,Normal claim patterns
1049169114,PHARMACY_CLAIM,1,0,0.0,0,0,1,0,0,16.54,16.54,0.0,LOW-RISK PROVIDER,NORMAL,Normal claim patterns
1991898039,PHARMACY_CLAIM,1,0,0.0,0,0,1,0,0,16.54,16.54,0.0,LOW-RISK PROVIDER,NORMAL,Normal claim patterns
1156793954,PRIOR_AUTH,1,0,0.0,0,0,1,0,0,16.53,16.53,0.0,LOW-RISK PROVIDER,NORMAL,Normal claim patterns
1908846489,PHARMACY_CLAIM,1,0,0.0,0,0,1,0,0,16.53,16.53,0.0,LOW-RISK PROVIDER,NORMAL,Normal claim patterns
1956900262,PRIOR_AUTH,1,0,0.0,0,0,1,0,0,16.53,16.53,0.0,LOW-RISK PROVIDER,NORMAL,Normal claim patterns
1891098513,MEDICAL_CLAIM,2,1,50.0,0,0,1,0,0,16.52,30.73,0.0,HIGH-RISK PROVIDER,PROVIDER REQUIRING REVIEW,50.0% flagged records (Threshold: 10%)
1171423756,PRIOR_AUTH,1,0,0.0,0,0,1,0,0,16.52,16.52,0.0,LOW-RISK PROVIDER,NORMAL,Normal claim patterns
1693852781,PHARMACY_CLAIM,1,0,0.0,0,0,1,0,0,16.52,16.52,0.0,LOW-RISK PROVIDER,NORMAL,Normal claim patterns
1910040847,PRIOR_AUTH,1,0,0.0,0,0,1,0,0,16.52,16.52,0.0,LOW-RISK PROVIDER,NORMAL,Normal claim patterns
1706506374,PHARMACY_CLAIM,1,0,0.0,0,0,1,0,0,16.51,16.51,0.0,LOW-RISK PROVIDER,NORMAL,Normal claim patterns
1441166611,PHARMACY_CLAIM,1,0,0.0,0,0,1,0,0,16.5,16.5,0.0,LOW-RISK PROVIDER,NORMAL,Normal claim patterns
1298881812,PHARMACY_CLAIM,1,0,0.0,0,0,1,0,0,16.49,16.49,0.0,LOW-RISK PROVIDER,NORMAL,Normal claim patterns
1565879477,PHARMACY_CLAIM,1,0,0.0,0,0,1,0,0,16.49,16.49,0.0,LOW-RISK PROVIDER,NORMAL,Normal claim patterns
1498992378,PHARMACY_CLAIM,1,0,0.0,0,0,1,0,0,16.47,16.47,0.0,LOW-RISK PROVIDER,NORMAL,Normal claim patterns
1664150376,PHARMACY_CLAIM,1,0,0.0,0,0,1,0,0,16.47,16.47,0.0,LOW-RISK PROVIDER,NORMAL,Normal claim patterns
1605756582,PRIOR_AUTH,1,0,0.0,0,0,1,0,0,16.46,16.46,0.0,LOW-RISK PROVIDER,NORMAL,Normal claim patterns
1806698973,PRIOR_AUTH,1,0,0.0,0,0,1,0,0,16.45,16.45,0.0,LOW-RISK PROVIDER,NORMAL,Normal claim patterns
1266923033,PHARMACY_CLAIM,1,0,0.0,0,0,1,0,0,16.44,16.44,0.0,LOW-RISK PROVIDER,NORMAL,Normal claim patterns
1573375741,PHARMACY_CLAIM,1,0,0.0,0,0,1,0,0,16.44,16.44,0.0,LOW-RISK PROVIDER,NORMAL,Normal claim patterns
1396395075,MEDICAL_CLAIM,2,1,50.0,0,0,1,0,0,16.43,30.1,0.0,HIGH-RISK PROVIDER,PROVIDER REQUIRING REVIEW,50.0% flagged records (Threshold: 10%)
1256664643,PHARMACY_CLAIM,1,0,0.0,0,0,1,0,0,16.43,16.43,0.0,LOW-RISK PROVIDER,NORMAL,Normal claim patterns
1581443617,PHARMACY_CLAIM,1,0,0.0,0,0,1,0,0,16.43,16.43,0.0,LOW-RISK PROVIDER,NORMAL,Normal claim patterns
1088517308,PRIOR_AUTH,1,0,0.0,0,0,1,0,0,16.42,16.42,0.0,LOW-RISK PROVIDER,NORMAL,Normal claim patterns
1353411804,PHARMACY_CLAIM,1,0,0.0,0,0,1,0,0,16.42,16.42,0.0,LOW-RISK PROVIDER,NORMAL,Normal claim patterns
1763761758,PRIOR_AUTH,1,0,0.0,0,0,1,0,0,16.42,16.42,0.0,LOW-RISK PROVIDER,NORMAL,Normal claim patterns
1644032336,PRIOR_AUTH,1,0,0.0,0,0,1,0,0,16.41,16.41,0.0,LOW-RISK PROVIDER,NORMAL,Normal claim patterns
1720525584,PHARMACY_CLAIM,1,0,0.0,0,0,1,0,0,16.41,16.41,0.0,LOW-RISK PROVIDER,NORMAL,Normal claim patterns
1137177440,PRIOR_AUTH,1,0,0.0,0,0,1,0,0,16.4,16.4,0.0,LOW-RISK PROVIDER,NORMAL,Normal claim patterns
1823042887,PRIOR_AUTH,1,0,0.0,0,0,1,0,0,16.4,16.4,0.0,LOW-RISK PROVIDER,NORMAL,Normal claim patterns
1165338455,PHARMACY_CLAIM,1,0,0.0,0,0,1,0,0,16.39,16.39,0.0,LOW-RISK PROVIDER,NORMAL,Normal claim patterns
1660296906,PHARMACY_CLAIM,1,0,0.0,0,0,1,0,0,16.39,16.39,0.0,LOW-RISK PROVIDER,NORMAL,Normal claim patterns
1979277469,PHARMACY_CLAIM,1,0,0.0,0,0,1,0,0,16.39,16.39,0.0,LOW-RISK PROVIDER,NORMAL,Normal claim patterns
1417731675,PHARMACY_CLAIM,1,0,0.0,0,0,1,0,0,16.38,16.38,0.0,LOW-RISK PROVIDER,NORMAL,Normal claim patterns
1770529950,MEDICAL_CLAIM,6,3,50.0,0,0,3,0,0,16.36,31.32,0.0,HIGH-RISK PROVIDER,PROVIDER REQUIRING REVIEW,50.0% flagged records (Threshold: 10%)
1463429137,PHARMACY_CLAIM,1,0,0.0,0,0,1,0,0,16.36,16.36,0.0,LOW-RISK PROVIDER,NORMAL,Normal claim patterns
1953293647,PHARMACY_CLAIM,1,0,0.0,0,0,1,0,0,16.36,16.36,0.0,LOW-RISK PROVIDER,NORMAL,Normal claim patterns
1183542450,PHARMACY_CLAIM,1,0,0.0,0,0,1,0,0,16.35,16.35,0.0,LOW-RISK PROVIDER,NORMAL,Normal claim patterns
1669369866,PHARMACY_CLAIM,1,0,0.0,0,0,1,0,0,16.33,16.33,0.0,LOW-RISK PROVIDER,NORMAL,Normal claim patterns
1587165725,PRIOR_AUTH,1,0,0.0,0,0,1,0,0,16.32,16.32,0.0,LOW-RISK PROVIDER,NORMAL,Normal claim patterns
1663965519,PHARMACY_CLAIM,1,0,0.0,0,0,1,0,0,16.32,16.32,0.0,LOW-RISK PROVIDER,NORMAL,Normal claim patterns
1722042887,PHARMACY_CLAIM,1,0,0.0,0,0,1,0,0,16.31,16.31,0.0,LOW-RISK PROVIDER,NORMAL,Normal claim patterns
1240783267,PRIOR_AUTH,1,0,0.0,0,0,1,0,0,16.3,16.3,0.0,LOW-RISK PROVIDER,NORMAL,Normal claim patterns
1547155376,PRIOR_AUTH,1,0,0.0,0,0,1,0,0,16.3,16.3,0.0,LOW-RISK PROVIDER,NORMAL,Normal claim patterns
1668438528,PHARMACY_CLAIM,1,0,0.0,0,0,1,0,0,16.3,16.3,0.0,LOW-RISK PROVIDER,NORMAL,Normal claim patterns
1598095325,MEDICAL_CLAIM,2,1,50.0,0,0,1,0,0,16.29,28.72,0.0,HIGH-RISK PROVIDER,PROVIDER REQUIRING REVIEW,50.0% flagged records (Threshold: 10%)
1841308020,MEDICAL_CLAIM,2,1,50.0,0,0,1,0,0,16.29,27.19,0.0,HIGH-RISK PROVIDER,PROVIDER REQUIRING REVIEW,50.0% flagged records (Threshold: 10%)
1871169193,MEDICAL_CLAIM,2,1,50.0,0,0,1,0,0,16.29,28.07,0.0,HIGH-RISK PROVIDER,PROVIDER REQUIRING REVIEW,50.0% flagged records (Threshold: 10%)
1123756656,PHARMACY_CLAIM,1,0,0.0,0,0,1,0,0,16.29,16.29,0.0,LOW-RISK PROVIDER,NORMAL,Normal claim patterns
1124387482,PRIOR_AUTH,1,0,0.0,0,0,1,0,0,16.29,16.29,0.0,LOW-RISK PROVIDER,NORMAL,Normal claim patterns
1376453815,PRIOR_AUTH,1,0,0.0,0,0,1,0,0,16.29,16.29,0.0,LOW-RISK PROVIDER,NORMAL,Normal claim patterns
1645833044,PHARMACY_CLAIM,1,0,0.0,0,0,1,0,0,16.29,16.29,0.0,LOW-RISK PROVIDER,NORMAL,Normal claim patterns
1324297638,PHARMACY_CLAIM,1,0,0.0,0,0,1,0,0,16.28,16.28,0.0,LOW-RISK PROVIDER,NORMAL,Normal claim patterns
1699774646,MEDICAL_CLAIM,2,1,50.0,0,0,1,0,0,16.27,29.54,0.0,HIGH-RISK PROVIDER,PROVIDER REQUIRING REVIEW,50.0% flagged records (Threshold: 10%)
1265026249,MEDICAL_CLAIM,2,1,50.0,0,0,1,0,0,16.25,27.99,0.0,HIGH-RISK PROVIDER,PROVIDER REQUIRING REVIEW,50.0% flagged records (Threshold: 10%)
1140231093,PHARMACY_CLAIM,1,0,0.0,0,1,0,0,0,16.25,16.25,0.0,LOW-RISK PROVIDER,NORMAL,Normal claim patterns
1968103292,PHARMACY_CLAIM,1,0,0.0,0,0,1,0,0,16.23,16.23,0.0,LOW-RISK PROVIDER,NORMAL,Normal claim patterns
1434511829,PHARMACY_CLAIM,1,0,0.0,0,0,1,0,0,16.22,16.22,0.0,LOW-RISK PROVIDER,NORMAL,Normal claim patterns
1174878813,MEDICAL_CLAIM,4,2,50.0,0,0,3,0,0,16.21,32.96,0.0,HIGH-RISK PROVIDER,PROVIDER REQUIRING REVIEW,50.0% flagged records (Threshold: 10%)
1007821687,PHARMACY_CLAIM,1,0,0.0,0,0,1,0,0,16.21,16.21,0.0,LOW-RISK PROVIDER,NORMAL,Normal claim patterns
1199450824,PRIOR_AUTH,1,0,0.0,0,0,1,0,0,16.21,16.21,0.0,LOW-RISK PROVIDER,NORMAL,Normal claim patterns
1404002391,PHARMACY_CLAIM,1,0,0.0,0,0,1,0,0,16.21,16.21,0.0,LOW-RISK PROVIDER,NORMAL,Normal claim patterns
1416419119,PRIOR_AUTH,1,0,0.0,0,0,1,0,0,16.21,16.21,0.0,LOW-RISK PROVIDER,NORMAL,Normal claim patterns
1154342335,MEDICAL_CLAIM,2,1,50.0,0,0,1,0,0,16.2,29.27,0.0,HIGH-RISK PROVIDER,PROVIDER REQUIRING REVIEW,50.0% flagged records (Threshold: 10%)
1205931479,PHARMACY_CLAIM,1,0,0.0,0,0,1,0,0,16.2,16.2,0.0,LOW-RISK PROVIDER,NORMAL,Normal claim patterns
1074457819,PHARMACY_CLAIM,1,0,0.0,0,0,1,0,0,16.19,16.19,0.0,LOW-RISK PROVIDER,NORMAL,Normal claim patterns
1100623397,PHARMACY_CLAIM,1,0,0.0,0,0,1,0,0,16.19,16.19,0.0,LOW-RISK PROVIDER,NORMAL,Normal claim patterns
1115511038,PHARMACY_CLAIM,1,0,0.0,0,0,1,0,0,16.18,16.18,0.0,LOW-RISK PROVIDER,NORMAL,Normal claim patterns
1265955518,PHARMACY_CLAIM,1,0,0.0,0,0,1,0,0,16.17,16.17,0.0,LOW-RISK PROVIDER,NORMAL,Normal claim patterns
1965812075,PHARMACY_CLAIM,1,0,0.0,0,0,1,0,0,16.16,16.16,0.0,LOW-RISK PROVIDER,NORMAL,Normal claim patterns
1340302778,PHARMACY_CLAIM,1,0,0.0,0,0,1,0,0,16.15,16.15,0.0,LOW-RISK PROVIDER,NORMAL,Normal claim patterns
1080555309,PRIOR_AUTH,1,0,0.0,0,0,1,0,0,16.14,16.14,0.0,LOW-RISK PROVIDER,NORMAL,Normal claim patterns
1206480450,PHARMACY_CLAIM,1,0,0.0,0,0,1,0,0,16.14,16.14,0.0,LOW-RISK PROVIDER,NORMAL,Normal claim patterns
1222738194,PRIOR_AUTH,1,0,0.0,0,0,1,0,0,16.14,16.14,0.0,LOW-RISK PROVIDER,NORMAL,Normal claim patterns
1528377687,PRIOR_AUTH,1,0,0.0,0,0,1,0,0,16.14,16.14,0.0,LOW-RISK PROVIDER,NORMAL,Normal claim patterns
1690479087,PHARMACY_CLAIM,1,0,0.0,0,0,1,0,0,16.14,16.14,0.0,LOW-RISK PROVIDER,NORMAL,Normal claim patterns
1118755574,PHARMACY_CLAIM,1,0,0.0,0,0,1,0,0,16.13,16.13,0.0,LOW-RISK PROVIDER,NORMAL,Normal claim patterns
1505687611,PHARMACY_CLAIM,1,0,0.0,0,1,0,0,0,16.13,16.13,0.0,LOW-RISK PROVIDER,NORMAL,Normal claim patterns
1377864384,PHARMACY_CLAIM,1,0,0.0,0,0,1,0,0,16.12,16.12,0.0,LOW-RISK PROVIDER,NORMAL,Normal claim patterns
1422061538,PHARMACY_CLAIM,1,0,0.0,0,0,1,0,0,16.12,16.12,0.0,LOW-RISK PROVIDER,NORMAL,Normal claim patterns
1014244996,PHARMACY_CLAIM,1,0,0.0,0,0,1,0,0,16.1,16.1,0.0,LOW-RISK PROVIDER,NORMAL,Normal claim patterns
1599484187,PHARMACY_CLAIM,1,0,0.0,0,0,1,0,0,16.1,16.1,0.0,LOW-RISK PROVIDER,NORMAL,Normal claim patterns
1609384700,MEDICAL_CLAIM,10,5,50.0,0,0,5,0,0,16.09,34.06,0.0,HIGH-RISK PROVIDER,PROVIDER REQUIRING REVIEW,50.0% flagged records (Threshold: 10%)
1754738074,PRIOR_AUTH,1,0,0.0,0,0,1,0,0,16.09,16.09,0.0,LOW-RISK PROVIDER,NORMAL,Normal claim patterns
1851320147,MEDICAL_CLAIM,7,3,42.86,0,0,3,0,0,16.07,31.55,0.0,HIGH-RISK PROVIDER,PROVIDER REQUIRING REVIEW,42.9% flagged records (Threshold: 10%)
1133989938,PRIOR_AUTH,1,0,0.0,0,0,1,0,0,16.07,16.07,0.0,LOW-RISK PROVIDER,NORMAL,Normal claim patterns
1475065908,PRIOR_AUTH,1,0,0.0,0,0,1,0,0,16.07,16.07,0.0,LOW-RISK PROVIDER,NORMAL,Normal claim patterns
1394866000,PHARMACY_CLAIM,1,0,0.0,0,0,1,0,0,16.05,16.05,0.0,LOW-RISK PROVIDER,NORMAL,Normal claim patterns
1507021693,PHARMACY_CLAIM,1,0,0.0,0,0,1,0,0,16.05,16.05,0.0,LOW-RISK PROVIDER,NORMAL,Normal claim patterns
1790584436,PHARMACY_CLAIM,1,0,0.0,0,0,1,0,0,16.05,16.05,0.0,LOW-RISK PROVIDER,NORMAL,Normal claim patterns
1972788537,MEDICAL_CLAIM,2,1,50.0,0,0,1,0,0,16.04,26.32,0.0,HIGH-RISK PROVIDER,PROVIDER REQUIRING REVIEW,50.0% flagged records (Threshold: 10%)
1958871398,PRIOR_AUTH,1,0,0.0,0,0,1,0,0,16.02,16.02,0.0,LOW-RISK PROVIDER,NORMAL,Normal claim patterns
1891082194,MEDICAL_CLAIM,2,1,50.0,0,0,1,0,0,16.01,29.12,0.0,HIGH-RISK PROVIDER,PROVIDER REQUIRING REVIEW,50.0% flagged records (Threshold: 10%)
1120134969,PRIOR_AUTH,1,0,0.0,0,0,1,0,0,16.0,16.0,0.0,LOW-RISK PROVIDER,NORMAL,Normal claim patterns
1344881885,PRIOR_AUTH,1,0,0.0,0,0,1,0,0,16.0,16.0,0.0,LOW-RISK PROVIDER,NORMAL,Normal claim patterns
1697296549,PHARMACY_CLAIM,1,0,0.0,0,0,1,0,0,16.0,16.0,0.0,LOW-RISK PROVIDER,NORMAL,Normal claim patterns
1960655499,PRIOR_AUTH,1,0,0.0,0,0,1,0,0,16.0,16.0,0.0,LOW-RISK PROVIDER,NORMAL,Normal claim patterns
1384049598,PHARMACY_CLAIM,1,0,0.0,0,0,1,0,0,15.99,15.99,0.0,LOW-RISK PROVIDER,NORMAL,Normal claim patterns
1574357812,PHARMACY_CLAIM,1,0,0.0,0,0,1,0,0,15.99,15.99,0.0,LOW-RISK PROVIDER,NORMAL,Normal claim patterns
1941003661,PHARMACY_CLAIM,1,0,0.0,0,0,1,0,0,15.99,15.99,0.0,LOW-RISK PROVIDER,NORMAL,Normal claim patterns
1809864944,PHARMACY_CLAIM,1,0,0.0,0,0,1,0,0,15.98,15.98,0.0,LOW-RISK PROVIDER,NORMAL,Normal claim patterns
1558657312,MEDICAL_CLAIM,2,1,50.0,0,0,1,0,0,15.97,26.59,0.0,HIGH-RISK PROVIDER,PROVIDER REQUIRING REVIEW,50.0% flagged records (Threshold: 10%)
1291738952,PHARMACY_CLAIM,1,0,0.0,0,0,1,0,0,15.97,15.97,0.0,LOW-RISK PROVIDER,NORMAL,Normal claim patterns
1675121899,PHARMACY_CLAIM,1,0,0.0,0,0,1,0,0,15.97,15.97,0.0,LOW-RISK PROVIDER,NORMAL,Normal claim patterns
1092129424,PRIOR_AUTH,1,0,0.0,0,0,1,0,0,15.96,15.96,0.0,LOW-RISK PROVIDER,NORMAL,Normal claim patterns
1009952131,PHARMACY_CLAIM,1,0,0.0,0,0,1,0,0,15.95,15.95,0.0,LOW-RISK PROVIDER,NORMAL,Normal claim patterns
1912801297,PHARMACY_CLAIM,1,0,0.0,0,0,1,0,0,15.95,15.95,0.0,LOW-RISK PROVIDER,NORMAL,Normal claim patterns
1249474062,PHARMACY_CLAIM,1,0,0.0,0,0,1,0,0,15.94,15.94,0.0,LOW-RISK PROVIDER,NORMAL,Normal claim patterns
1906550763,PHARMACY_CLAIM,1,0,0.0,0,0,1,0,0,15.94,15.94,0.0,LOW-RISK PROVIDER,NORMAL,Normal claim patterns
1524975943,PHARMACY_CLAIM,1,0,0.0,0,0,1,0,0,15.93,15.93,0.0,LOW-RISK PROVIDER,NORMAL,Normal claim patterns
1316930602,PHARMACY_CLAIM,1,0,0.0,0,0,1,0,0,15.92,15.92,0.0,LOW-RISK PROVIDER,NORMAL,Normal claim patterns
1996168773,PHARMACY_CLAIM,1,0,0.0,0,0,1,0,0,15.91,15.91,0.0,LOW-RISK PROVIDER,NORMAL,Normal claim patterns
1127590957,PHARMACY_CLAIM,1,0,0.0,0,0,1,0,0,15.9,15.9,0.0,LOW-RISK PROVIDER,NORMAL,Normal claim patterns
1542956794,PHARMACY_CLAIM,1,0,0.0,0,0,1,0,0,15.9,15.9,0.0,LOW-RISK PROVIDER,NORMAL,Normal claim patterns
1174549786,MEDICAL_CLAIM,6,3,50.0,0,0,3,0,0,15.89,28.55,0.0,HIGH-RISK PROVIDER,PROVIDER REQUIRING REVIEW,50.0% flagged records (Threshold: 10%)
1499160807,PHARMACY_CLAIM,1,0,0.0,0,0,1,0,0,15.89,15.89,0.0,LOW-RISK PROVIDER,NORMAL,Normal claim patterns
1723817137,PHARMACY_CLAIM,1,0,0.0,0,0,1,0,0,15.89,15.89,0.0,LOW-RISK PROVIDER,NORMAL,Normal claim patterns
1325547239,PHARMACY_CLAIM,1,0,0.0,0,0,1,0,0,15.88,15.88,0.0,LOW-RISK PROVIDER,NORMAL,Normal claim patterns
1899311568,PHARMACY_CLAIM,1,0,0.0,0,0,1,0,0,15.88,15.88,0.0,LOW-RISK PROVIDER,NORMAL,Normal claim patterns
1289946978,PRIOR_AUTH,1,0,0.0,0,0,1,0,0,15.87,15.87,0.0,LOW-RISK PROVIDER,NORMAL,Normal claim patterns
1439432127,PHARMACY_CLAIM,1,0,0.0,0,0,1,0,0,15.87,15.87,0.0,LOW-RISK PROVIDER,NORMAL,Normal claim patterns
1403364824,PHARMACY_CLAIM,1,0,0.0,0,1,0,0,0,15.86,15.86,0.0,LOW-RISK PROVIDER,NORMAL,Normal claim patterns
1780698506,MEDICAL_CLAIM,8,4,50.0,0,0,4,0,0,15.85,30.86,0.0,HIGH-RISK PROVIDER,PROVIDER REQUIRING REVIEW,50.0% flagged records (Threshold: 10%)
1117813573,PHARMACY_CLAIM,1,0,0.0,0,0,1,0,0,15.84,15.84,0.0,LOW-RISK PROVIDER,NORMAL,Normal claim patterns
1503193375,PRIOR_AUTH,1,0,0.0,0,0,1,0,0,15.84,15.84,0.0,LOW-RISK PROVIDER,NORMAL,Normal claim patterns
1504956196,PRIOR_AUTH,1,0,0.0,0,0,1,0,0,15.84,15.84,0.0,LOW-RISK PROVIDER,NORMAL,Normal claim patterns
1144695081,MEDICAL_CLAIM,2,1,50.0,0,0,1,0,0,15.83,28.72,0.0,HIGH-RISK PROVIDER,PROVIDER REQUIRING REVIEW,50.0% flagged records (Threshold: 10%)
1702434742,PHARMACY_CLAIM,1,0,0.0,0,0,1,0,0,15.83,15.83,0.0,LOW-RISK PROVIDER,NORMAL,Normal claim patterns
1926679707,PHARMACY_CLAIM,1,0,0.0,0,0,1,0,0,15.83,15.83,0.0,LOW-RISK PROVIDER,NORMAL,Normal claim patterns
1981203898,PHARMACY_CLAIM,1,0,0.0,0,0,1,0,0,15.81,15.81,0.0,LOW-RISK PROVIDER,NORMAL,Normal claim patterns
1094889640,PHARMACY_CLAIM,1,0,0.0,0,0,1,0,0,15.8,15.8,0.0,LOW-RISK PROVIDER,NORMAL,Normal claim patterns
1762807854,PHARMACY_CLAIM,1,0,0.0,0,0,1,0,0,15.79,15.79,0.0,LOW-RISK PROVIDER,NORMAL,Normal claim patterns
1463142373,PHARMACY_CLAIM,1,0,0.0,0,0,1,0,0,15.78,15.78,0.0,LOW-RISK PROVIDER,NORMAL,Normal claim patterns
1904646107,PHARMACY_CLAIM,1,0,0.0,0,0,1,0,0,15.78,15.78,0.0,LOW-RISK PROVIDER,NORMAL,Normal claim patterns
1993296497,PHARMACY_CLAIM,1,0,0.0,0,0,1,0,0,15.78,15.78,0.0,LOW-RISK PROVIDER,NORMAL,Normal claim patterns
1319088201,PHARMACY_CLAIM,1,0,0.0,0,0,1,0,0,15.77,15.77,0.0,LOW-RISK PROVIDER,NORMAL,Normal claim patterns
1757397794,PHARMACY_CLAIM,1,0,0.0,0,1,0,0,0,15.77,15.77,0.0,LOW-RISK PROVIDER,NORMAL,Normal claim patterns
1405730364,PHARMACY_CLAIM,1,0,0.0,0,0,1,0,0,15.76,15.76,0.0,LOW-RISK PROVIDER,NORMAL,Normal claim patterns
1028834868,PHARMACY_CLAIM,1,0,0.0,0,0,1,0,0,15.75,15.75,0.0,LOW-RISK PROVIDER,NORMAL,Normal claim patterns
1706153462,PHARMACY_CLAIM,1,0,0.0,0,0,1,0,0,15.75,15.75,0.0,LOW-RISK PROVIDER,NORMAL,Normal claim patterns
1084171617,PHARMACY_CLAIM,1,0,0.0,0,0,1,0,0,15.74,15.74,0.0,LOW-RISK PROVIDER,NORMAL,Normal claim patterns
1773254593,PHARMACY_CLAIM,1,0,0.0,0,0,1,0,0,15.74,15.74,0.0,LOW-RISK PROVIDER,NORMAL,Normal claim patterns
1185367067,PHARMACY_CLAIM,1,0,0.0,0,0,1,0,0,15.73,15.73,0.0,LOW-RISK PROVIDER,NORMAL,Normal claim patterns
1391323572,PHARMACY_CLAIM,1,0,0.0,0,0,1,0,0,15.72,15.72,0.0,LOW-RISK PROVIDER,NORMAL,Normal claim patterns
1134227689,MEDICAL_CLAIM,2,1,50.0,0,0,1,0,0,15.71,28.37,0.0,HIGH-RISK PROVIDER,PROVIDER REQUIRING REVIEW,50.0% flagged records (Threshold: 10%)
1612187211,PHARMACY_CLAIM,1,0,0.0,0,0,1,0,0,15.71,15.71,0.0,LOW-RISK PROVIDER,NORMAL,Normal claim patterns
1890755702,PHARMACY_CLAIM,1,0,0.0,0,0,1,0,0,15.71,15.71,0.0,LOW-RISK PROVIDER,NORMAL,Normal claim patterns
1255401519,MEDICAL_CLAIM,4,2,50.0,0,0,2,0,0,15.7,30.54,0.0,HIGH-RISK PROVIDER,PROVIDER REQUIRING REVIEW,50.0% flagged records (Threshold: 10%)
1228932995,PHARMACY_CLAIM,1,0,0.0,0,0,1,0,0,15.7,15.7,0.0,LOW-RISK PROVIDER,NORMAL,Normal claim patterns
1033166095,MEDICAL_CLAIM,2,1,50.0,0,0,1,0,0,15.69,29.77,0.0,HIGH-RISK PROVIDER,PROVIDER REQUIRING REVIEW,50.0% flagged records (Threshold: 10%)
1542894089,PHARMACY_CLAIM,1,0,0.0,0,0,1,0,0,15.69,15.69,0.0,LOW-RISK PROVIDER,NORMAL,Normal claim patterns
1540114489,PHARMACY_CLAIM,1,0,0.0,0,0,1,0,0,15.68,15.68,0.0,LOW-RISK PROVIDER,NORMAL,Normal claim patterns
1119832998,PHARMACY_CLAIM,1,0,0.0,0,0,1,0,0,15.67,15.67,0.0,LOW-RISK PROVIDER,NORMAL,Normal claim patterns
1227223980,PHARMACY_CLAIM,1,0,0.0,0,0,1,0,0,15.66,15.66,0.0,LOW-RISK PROVIDER,NORMAL,Normal claim patterns
1015948960,PHARMACY_CLAIM,1,0,0.0,0,0,1,0,0,15.65,15.65,0.0,LOW-RISK PROVIDER,NORMAL,Normal claim patterns
1064402619,PRIOR_AUTH,1,0,0.0,0,0,1,0,0,15.65,15.65,0.0,LOW-RISK PROVIDER,NORMAL,Normal claim patterns
1902885676,PRIOR_AUTH,1,0,0.0,0,0,1,0,0,15.65,15.65,0.0,LOW-RISK PROVIDER,NORMAL,Normal claim patterns
1401562924,PHARMACY_CLAIM,1,0,0.0,0,0,1,0,0,15.64,15.64,0.0,LOW-RISK PROVIDER,NORMAL,Normal claim patterns
1520370764,PHARMACY_CLAIM,1,0,0.0,0,0,1,0,0,15.64,15.64,0.0,LOW-RISK PROVIDER,NORMAL,Normal claim patterns
1369828974,PHARMACY_CLAIM,1,0,0.0,0,0,1,0,0,15.62,15.62,0.0,LOW-RISK PROVIDER,NORMAL,Normal claim patterns
1154308518,MEDICAL_CLAIM,2,1,50.0,0,0,1,0,0,15.61,30.75,0.0,HIGH-RISK PROVIDER,PROVIDER REQUIRING REVIEW,50.0% flagged records (Threshold: 10%)
1962777136,MEDICAL_CLAIM,2,1,50.0,0,0,1,0,0,15.61,26.39,0.0,HIGH-RISK PROVIDER,PROVIDER REQUIRING REVIEW,50.0% flagged records (Threshold: 10%)
1644343698,PHARMACY_CLAIM,1,0,0.0,0,0,1,0,0,15.6,15.6,0.0,LOW-RISK PROVIDER,NORMAL,Normal claim patterns
1783020773,PHARMACY_CLAIM,1,0,0.0,0,0,1,0,0,15.59,15.59,0.0,LOW-RISK PROVIDER,NORMAL,Normal claim patterns
1579251048,PHARMACY_CLAIM,1,0,0.0,0,0,1,0,0,15.57,15.57,0.0,LOW-RISK PROVIDER,NORMAL,Normal claim patterns
1306240502,MEDICAL_CLAIM,6,3,50.0,0,0,3,0,0,15.56,28.36,0.0,HIGH-RISK PROVIDER,PROVIDER REQUIRING REVIEW,50.0% flagged records (Threshold: 10%)
1497181697,MEDICAL_CLAIM,2,1,50.0,0,0,1,0,0,15.56,29.31,0.0,HIGH-RISK PROVIDER,PROVIDER REQUIRING REVIEW,50.0% flagged records (Threshold: 10%)
1483518428,PHARMACY_CLAIM,1,0,0.0,0,0,1,0,0,15.56,15.56,0.0,LOW-RISK PROVIDER,NORMAL,Normal claim patterns
1773047001,PHARMACY_CLAIM,1,0,0.0,0,0,1,0,0,15.55,15.55,0.0,LOW-RISK PROVIDER,NORMAL,Normal claim patterns
1948305842,PHARMACY_CLAIM,1,0,0.0,0,0,1,0,0,15.55,15.55,0.0,LOW-RISK PROVIDER,NORMAL,Normal claim patterns
1949365062,PRIOR_AUTH,1,0,0.0,0,0,1,0,0,15.55,15.55,0.0,LOW-RISK PROVIDER,NORMAL,Normal claim patterns
1982607537,MEDICAL_CLAIM,5,2,40.0,0,0,2,0,0,15.53,29.92,0.0,HIGH-RISK PROVIDER,PROVIDER REQUIRING REVIEW,40.0% flagged records (Threshold: 10%)
1462841457,PHARMACY_CLAIM,1,0,0.0,0,0,1,0,0,15.53,15.53,0.0,LOW-RISK PROVIDER,NORMAL,Normal claim patterns
1625870717,PHARMACY_CLAIM,1,0,0.0,0,0,1,0,0,15.53,15.53,0.0,LOW-RISK PROVIDER,NORMAL,Normal claim patterns
1633238599,PHARMACY_CLAIM,1,0,0.0,0,0,1,0,0,15.53,15.53,0.0,LOW-RISK PROVIDER,NORMAL,Normal claim patterns
1517219639,PHARMACY_CLAIM,1,0,0.0,0,0,1,0,0,15.51,15.51,0.0,LOW-RISK PROVIDER,NORMAL,Normal claim patterns
1970382155,PHARMACY_CLAIM,1,0,0.0,0,0,1,0,0,15.5,15.5,0.0,LOW-RISK PROVIDER,NORMAL,Normal claim patterns
1659966398,MEDICAL_CLAIM,4,2,50.0,0,0,2,0,0,15.49,31.87,0.0,HIGH-RISK PROVIDER,PROVIDER REQUIRING REVIEW,50.0% flagged records (Threshold: 10%)
1099909680,PHARMACY_CLAIM,1,0,0.0,0,0,1,0,0,15.47,15.47,0.0,LOW-RISK PROVIDER,NORMAL,Normal claim patterns
1779383795,PHARMACY_CLAIM,1,0,0.0,0,0,1,0,0,15.46,15.46,0.0,LOW-RISK PROVIDER,NORMAL,Normal claim patterns
1075927714,PHARMACY_CLAIM,1,0,0.0,0,0,1,0,0,15.45,15.45,0.0,LOW-RISK PROVIDER,NORMAL,Normal claim patterns
1602750102,PHARMACY_CLAIM,1,0,0.0,0,0,1,0,0,15.44,15.44,0.0,LOW-RISK PROVIDER,NORMAL,Normal claim patterns
1784659052,PHARMACY_CLAIM,1,0,0.0,0,0,1,0,0,15.43,15.43,0.0,LOW-RISK PROVIDER,NORMAL,Normal claim patterns
1723145219,PHARMACY_CLAIM,1,0,0.0,0,0,1,0,0,15.42,15.42,0.0,LOW-RISK PROVIDER,NORMAL,Normal claim patterns
1331375725,PHARMACY_CLAIM,1,0,0.0,0,0,1,0,0,15.41,15.41,0.0,LOW-RISK PROVIDER,NORMAL,Normal claim patterns
1994199793,PHARMACY_CLAIM,1,0,0.0,0,0,1,0,0,15.41,15.41,0.0,LOW-RISK PROVIDER,NORMAL,Normal claim patterns
1417244989,MEDICAL_CLAIM,2,1,50.0,0,0,1,0,0,15.4,28.84,0.0,HIGH-RISK PROVIDER,PROVIDER REQUIRING REVIEW,50.0% flagged records (Threshold: 10%)
1563857002,PHARMACY_CLAIM,1,0,0.0,0,0,1,0,0,15.4,15.4,0.0,LOW-RISK PROVIDER,NORMAL,Normal claim patterns
1772649150,PHARMACY_CLAIM,1,0,0.0,0,0,1,0,0,15.39,15.39,0.0,LOW-RISK PROVIDER,NORMAL,Normal claim patterns
1941913455,PHARMACY_CLAIM,1,0,0.0,0,0,1,0,0,15.39,15.39,0.0,LOW-RISK PROVIDER,NORMAL,Normal claim patterns
1679900229,MEDICAL_CLAIM,2,1,50.0,0,0,1,0,0,15.38,28.88,0.0,HIGH-RISK PROVIDER,PROVIDER REQUIRING REVIEW,50.0% flagged records (Threshold: 10%)
1813953174,PHARMACY_CLAIM,1,0,0.0,0,0,1,0,0,15.37,15.37,0.0,LOW-RISK PROVIDER,NORMAL,Normal claim patterns
1424657658,PHARMACY_CLAIM,1,0,0.0,0,0,1,0,0,15.36,15.36,0.0,LOW-RISK PROVIDER,NORMAL,Normal claim patterns
1870737834,PHARMACY_CLAIM,1,0,0.0,0,0,1,0,0,15.36,15.36,0.0,LOW-RISK PROVIDER,NORMAL,Normal claim patterns
1184006447,MEDICAL_CLAIM,7,3,42.86,0,1,2,0,0,15.34,31.28,0.0,HIGH-RISK PROVIDER,PROVIDER REQUIRING REVIEW,42.9% flagged records (Threshold: 10%)
1816264140,PHARMACY_CLAIM,1,0,0.0,0,0,1,0,0,15.34,15.34,0.0,LOW-RISK PROVIDER,NORMAL,Normal claim patterns
1427009026,MEDICAL_CLAIM,6,3,50.0,0,0,3,0,0,15.33,28.3,0.0,HIGH-RISK PROVIDER,PROVIDER REQUIRING REVIEW,50.0% flagged records (Threshold: 10%)
1629329735,MEDICAL_CLAIM,4,2,50.0,0,0,2,0,0,15.33,28.86,0.0,HIGH-RISK PROVIDER,PROVIDER REQUIRING REVIEW,50.0% flagged records (Threshold: 10%)
1332700572,PHARMACY_CLAIM,1,0,0.0,0,0,1,0,0,15.33,15.33,0.0,LOW-RISK PROVIDER,NORMAL,Normal claim patterns
1567124873,PHARMACY_CLAIM,1,0,0.0,0,0,1,0,0,15.33,15.33,0.0,LOW-RISK PROVIDER,NORMAL,Normal claim patterns
1435863970,PHARMACY_CLAIM,1,0,0.0,0,0,1,0,0,15.32,15.32,0.0,LOW-RISK PROVIDER,NORMAL,Normal claim patterns
1881131423,MEDICAL_CLAIM,4,2,50.0,0,0,2,0,0,15.31,25.11,0.0,HIGH-RISK PROVIDER,PROVIDER REQUIRING REVIEW,50.0% flagged records (Threshold: 10%)
1718181987,PHARMACY_CLAIM,1,0,0.0,0,0,1,0,0,15.31,15.31,0.0,LOW-RISK PROVIDER,NORMAL,Normal claim patterns
1206488249,PHARMACY_CLAIM,1,0,0.0,0,0,1,0,0,15.3,15.3,0.0,LOW-RISK PROVIDER,NORMAL,Normal claim patterns
1126416457,PHARMACY_CLAIM,1,0,0.0,0,0,1,0,0,15.29,15.29,0.0,LOW-RISK PROVIDER,NORMAL,Normal claim patterns
1093932683,MEDICAL_CLAIM,3,1,33.33,0,0,1,0,0,15.28,27.75,0.0,HIGH-RISK PROVIDER,PROVIDER REQUIRING REVIEW,33.3% flagged records (Threshold: 10%)
1184372730,PHARMACY_CLAIM,1,0,0.0,0,0,1,0,0,15.28,15.28,0.0,LOW-RISK PROVIDER,NORMAL,Normal claim patterns
1098220355,PHARMACY_CLAIM,1,0,0.0,0,0,1,0,0,15.27,15.27,0.0,LOW-RISK PROVIDER,NORMAL,Normal claim patterns
1151021081,PHARMACY_CLAIM,1,0,0.0,0,0,1,0,0,15.26,15.26,0.0,LOW-RISK PROVIDER,NORMAL,Normal claim patterns
1357088679,PHARMACY_CLAIM,1,0,0.0,0,0,1,0,0,15.26,15.26,0.0,LOW-RISK PROVIDER,NORMAL,Normal claim patterns
1632806934,PHARMACY_CLAIM,1,0,0.0,0,0,1,0,0,15.26,15.26,0.0,LOW-RISK PROVIDER,NORMAL,Normal claim patterns
1649628009,MEDICAL_CLAIM,6,3,50.0,0,0,3,0,0,15.25,28.24,0.0,HIGH-RISK PROVIDER,PROVIDER REQUIRING REVIEW,50.0% flagged records (Threshold: 10%)
1493037665,PHARMACY_CLAIM,1,0,0.0,0,0,1,0,0,15.24,15.24,0.0,LOW-RISK PROVIDER,NORMAL,Normal claim patterns
1781201371,PHARMACY_CLAIM,1,0,0.0,0,0,1,0,0,15.23,15.23,0.0,LOW-RISK PROVIDER,NORMAL,Normal claim patterns
1552425901,PHARMACY_CLAIM,1,0,0.0,0,0,1,0,0,15.21,15.21,0.0,LOW-RISK PROVIDER,NORMAL,Normal claim patterns
1567703918,PHARMACY_CLAIM,1,0,0.0,0,0,1,0,0,15.21,15.21,0.0,LOW-RISK PROVIDER,NORMAL,Normal claim patterns
1659319135,MEDICAL_CLAIM,3,1,33.33,0,0,1,0,0,15.2,30.49,0.0,HIGH-RISK PROVIDER,PROVIDER REQUIRING REVIEW,33.3% flagged records (Threshold: 10%)
1770785644,MEDICAL_CLAIM,2,1,50.0,0,0,1,0,0,15.2,29.98,0.0,HIGH-RISK PROVIDER,PROVIDER REQUIRING REVIEW,50.0% flagged records (Threshold: 10%)
1154794096,PHARMACY_CLAIM,1,0,0.0,0,0,1,0,0,15.2,15.2,0.0,LOW-RISK PROVIDER,NORMAL,Normal claim patterns
1063668473,MEDICAL_CLAIM,4,1,25.0,0,1,1,0,0,15.19,27.94,0.0,HIGH-RISK PROVIDER,PROVIDER REQUIRING REVIEW,25.0% flagged records (Threshold: 10%)
1285171934,MEDICAL_CLAIM,2,1,50.0,0,0,1,0,0,15.19,26.04,0.0,HIGH-RISK PROVIDER,PROVIDER REQUIRING REVIEW,50.0% flagged records (Threshold: 10%)
1558898882,MEDICAL_CLAIM,2,1,50.0,0,0,1,0,0,15.19,26.97,0.0,HIGH-RISK PROVIDER,PROVIDER REQUIRING REVIEW,50.0% flagged records (Threshold: 10%)
1730248972,MEDICAL_CLAIM,2,1,50.0,0,0,1,0,0,15.19,28.22,0.0,HIGH-RISK PROVIDER,PROVIDER REQUIRING REVIEW,50.0% flagged records (Threshold: 10%)
1184644174,PHARMACY_CLAIM,1,0,0.0,0,0,1,0,0,15.19,15.19,0.0,LOW-RISK PROVIDER,NORMAL,Normal claim patterns
1885819844,PHARMACY_CLAIM,1,0,0.0,0,0,1,0,0,15.16,15.16,0.0,LOW-RISK PROVIDER,NORMAL,Normal claim patterns
1922230962,PHARMACY_CLAIM,1,0,0.0,0,0,1,0,0,15.16,15.16,0.0,LOW-RISK PROVIDER,NORMAL,Normal claim patterns
1535148912,PHARMACY_CLAIM,1,0,0.0,0,0,1,0,0,15.14,15.14,0.0,LOW-RISK PROVIDER,NORMAL,Normal claim patterns
1619795141,PHARMACY_CLAIM,1,0,0.0,0,0,1,0,0,15.13,15.13,0.0,LOW-RISK PROVIDER,NORMAL,Normal claim patterns
1929535799,PHARMACY_CLAIM,1,0,0.0,0,0,1,0,0,15.12,15.12,0.0,LOW-RISK PROVIDER,NORMAL,Normal claim patterns
1081193639,PHARMACY_CLAIM,1,0,0.0,0,0,1,0,0,15.11,15.11,0.0,LOW-RISK PROVIDER,NORMAL,Normal claim patterns
1205230844,MEDICAL_CLAIM,2,1,50.0,0,0,1,0,0,15.1,29.23,0.0,HIGH-RISK PROVIDER,PROVIDER REQUIRING REVIEW,50.0% flagged records (Threshold: 10%)
1627016576,PHARMACY_CLAIM,1,0,0.0,0,0,1,0,0,15.1,15.1,0.0,LOW-RISK PROVIDER,NORMAL,Normal claim patterns
1679455386,PHARMACY_CLAIM,1,0,0.0,0,0,1,0,0,15.1,15.1,0.0,LOW-RISK PROVIDER,NORMAL,Normal claim patterns
1443806592,PHARMACY_CLAIM,1,0,0.0,0,0,1,0,0,15.09,15.09,0.0,LOW-RISK PROVIDER,NORMAL,Normal claim patterns
1009044527,PHARMACY_CLAIM,1,0,0.0,0,0,1,0,0,15.08,15.08,0.0,LOW-RISK PROVIDER,NORMAL,Normal claim patterns
1962287834,PHARMACY_CLAIM,1,0,0.0,0,0,1,0,0,15.07,15.07,0.0,LOW-RISK PROVIDER,NORMAL,Normal claim patterns
1251882214,PHARMACY_CLAIM,1,0,0.0,0,0,1,0,0,15.06,15.06,0.0,LOW-RISK PROVIDER,NORMAL,Normal claim patterns
1325587788,PHARMACY_CLAIM,1,0,0.0,0,0,1,0,0,15.06,15.06,0.0,LOW-RISK PROVIDER,NORMAL,Normal claim patterns
1671098558,PHARMACY_CLAIM,1,0,0.0,0,0,1,0,0,15.06,15.06,0.0,LOW-RISK PROVIDER,NORMAL,Normal claim patterns
1595536167,PHARMACY_CLAIM,1,0,0.0,0,0,1,0,0,15.05,15.05,0.0,LOW-RISK PROVIDER,NORMAL,Normal claim patterns
1932171629,PHARMACY_CLAIM,1,0,0.0,0,0,1,0,0,15.03,15.03,0.0,LOW-RISK PROVIDER,NORMAL,Normal claim patterns
1744657561,PHARMACY_CLAIM,1,0,0.0,0,0,1,0,0,15.02,15.02,0.0,LOW-RISK PROVIDER,NORMAL,Normal claim patterns
1427097716,MEDICAL_CLAIM,11,5,45.45,0,0,5,0,0,15.01,30.88,0.0,HIGH-RISK PROVIDER,PROVIDER REQUIRING REVIEW,45.5% flagged records (Threshold: 10%)
1174139158,MEDICAL_CLAIM,2,1,50.0,0,0,1,0,0,15.0,25.03,0.0,HIGH-RISK PROVIDER,PROVIDER REQUIRING REVIEW,50.0% flagged records (Threshold: 10%)
1655294724,PHARMACY_CLAIM,1,0,0.0,0,0,1,0,0,15.0,15.0,0.0,LOW-RISK PROVIDER,NORMAL,Normal claim patterns
1134351760,MEDICAL_CLAIM,6,3,50.0,0,0,3,0,0,14.97,28.44,0.0,HIGH-RISK PROVIDER,PROVIDER REQUIRING REVIEW,50.0% flagged records (Threshold: 10%)
1033514302,MEDICAL_CLAIM,2,1,50.0,0,0,1,0,0,14.93,27.74,0.0,HIGH-RISK PROVIDER,PROVIDER REQUIRING REVIEW,50.0% flagged records (Threshold: 10%)
1396279907,MEDICAL_CLAIM,2,1,50.0,0,0,1,0,0,14.92,28.1,0.0,HIGH-RISK PROVIDER,PROVIDER REQUIRING REVIEW,50.0% flagged records (Threshold: 10%)
1164463840,MEDICAL_CLAIM,6,3,50.0,0,0,3,0,0,14.82,30.55,0.0,HIGH-RISK PROVIDER,PROVIDER REQUIRING REVIEW,50.0% flagged records (Threshold: 10%)
1215923131,MEDICAL_CLAIM,4,2,50.0,0,0,2,0,0,14.82,28.77,0.0,HIGH-RISK PROVIDER,PROVIDER REQUIRING REVIEW,50.0% flagged records (Threshold: 10%)
1740251883,MEDICAL_CLAIM,6,3,50.0,0,0,3,0,0,14.8,27.08,0.0,HIGH-RISK PROVIDER,PROVIDER REQUIRING REVIEW,50.0% flagged records (Threshold: 10%)
1114462272,MEDICAL_CLAIM,2,1,50.0,0,0,1,0,0,14.8,26.2,0.0,HIGH-RISK PROVIDER,PROVIDER REQUIRING REVIEW,50.0% flagged records (Threshold: 10%)
1780183145,MEDICAL_CLAIM,2,1,50.0,0,0,1,0,0,14.79,26.16,0.0,HIGH-RISK PROVIDER,PROVIDER REQUIRING REVIEW,50.0% flagged records (Threshold: 10%)
1780064808,MEDICAL_CLAIM,6,3,50.0,0,0,3,0,0,14.78,29.58,0.0,HIGH-RISK PROVIDER,PROVIDER REQUIRING REVIEW,50.0% flagged records (Threshold: 10%)
1902490394,MEDICAL_CLAIM,2,1,50.0,0,0,1,0,0,14.77,26.41,0.0,HIGH-RISK PROVIDER,PROVIDER REQUIRING REVIEW,50.0% flagged records (Threshold: 10%)
1871065516,MEDICAL_CLAIM,2,1,50.0,0,0,1,0,0,14.76,26.8,0.0,HIGH-RISK PROVIDER,PROVIDER REQUIRING REVIEW,50.0% flagged records (Threshold: 10%)
1952351306,MEDICAL_CLAIM,2,0,0.0,0,1,0,0,0,14.74,24.67,0.0,LOW-RISK PROVIDER,NORMAL,Normal claim patterns
1538422977,MEDICAL_CLAIM,3,1,33.33,0,0,1,0,0,14.64,34.48,0.0,HIGH-RISK PROVIDER,PROVIDER REQUIRING REVIEW,33.3% flagged records (Threshold: 10%)
1992170112,MEDICAL_CLAIM,3,1,33.33,0,0,1,0,0,14.62,30.71,0.0,HIGH-RISK PROVIDER,PROVIDER REQUIRING REVIEW,33.3% flagged records (Threshold: 10%)
1629071758,MEDICAL_CLAIM,4,2,50.0,0,0,2,0,0,14.61,25.86,0.0,HIGH-RISK PROVIDER,PROVIDER REQUIRING REVIEW,50.0% flagged records (Threshold: 10%)
1902921380,MEDICAL_CLAIM,2,1,50.0,0,1,0,0,0,14.61,27.35,0.0,HIGH-RISK PROVIDER,PROVIDER REQUIRING REVIEW,50.0% flagged records (Threshold: 10%)
1104879469,MEDICAL_CLAIM,2,1,50.0,0,0,1,0,0,14.59,27.59,0.0,HIGH-RISK PROVIDER,PROVIDER REQUIRING REVIEW,50.0% flagged records (Threshold: 10%)
1457860173,MEDICAL_CLAIM,2,1,50.0,0,0,1,0,0,14.59,25.11,0.0,HIGH-RISK PROVIDER,PROVIDER REQUIRING REVIEW,50.0% flagged records (Threshold: 10%)
1063654341,MEDICAL_CLAIM,2,1,50.0,0,0,1,0,0,14.53,27.21,0.0,HIGH-RISK PROVIDER,PROVIDER REQUIRING REVIEW,50.0% flagged records (Threshold: 10%)
1447578125,MEDICAL_CLAIM,2,1,50.0,0,0,1,0,0,14.52,25.8,0.0,HIGH-RISK PROVIDER,PROVIDER REQUIRING REVIEW,50.0% flagged records (Threshold: 10%)
1811947245,MEDICAL_CLAIM,6,3,50.0,0,0,3,0,0,14.5,28.12,0.0,HIGH-RISK PROVIDER,PROVIDER REQUIRING REVIEW,50.0% flagged records (Threshold: 10%)
1609817220,MEDICAL_CLAIM,4,1,25.0,0,0,2,0,0,14.48,48.36,0.0,HIGH-RISK PROVIDER,PROVIDER REQUIRING REVIEW,25.0% flagged records (Threshold: 10%)
1154776532,MEDICAL_CLAIM,2,1,50.0,0,0,1,0,0,14.43,26.19,0.0,HIGH-RISK PROVIDER,PROVIDER REQUIRING REVIEW,50.0% flagged records (Threshold: 10%)
1588912703,MEDICAL_CLAIM,2,1,50.0,0,0,1,0,0,14.42,28.66,0.0,HIGH-RISK PROVIDER,PROVIDER REQUIRING REVIEW,50.0% flagged records (Threshold: 10%)
1891953048,MEDICAL_CLAIM,2,1,50.0,0,0,1,0,0,14.38,27.22,0.0,HIGH-RISK PROVIDER,PROVIDER REQUIRING REVIEW,50.0% flagged records (Threshold: 10%)
1518388354,MEDICAL_CLAIM,2,1,50.0,0,0,1,0,0,14.35,28.37,0.0,HIGH-RISK PROVIDER,PROVIDER REQUIRING REVIEW,50.0% flagged records (Threshold: 10%)
1366456287,MEDICAL_CLAIM,10,3,30.0,0,1,3,0,0,14.34,34.52,0.0,HIGH-RISK PROVIDER,PROVIDER REQUIRING REVIEW,30.0% flagged records (Threshold: 10%)
1982002945,MEDICAL_CLAIM,2,1,50.0,0,0,1,0,0,14.34,25.25,0.0,HIGH-RISK PROVIDER,PROVIDER REQUIRING REVIEW,50.0% flagged records (Threshold: 10%)
1487665733,MEDICAL_CLAIM,2,1,50.0,0,0,1,0,0,14.29,28.29,0.0,HIGH-RISK PROVIDER,PROVIDER REQUIRING REVIEW,50.0% flagged records (Threshold: 10%)
1609854439,MEDICAL_CLAIM,2,1,50.0,0,0,1,0,0,14.29,25.4,0.0,HIGH-RISK PROVIDER,PROVIDER REQUIRING REVIEW,50.0% flagged records (Threshold: 10%)
1649947797,MEDICAL_CLAIM,2,1,50.0,0,0,1,0,0,14.27,27.07,0.0,HIGH-RISK PROVIDER,PROVIDER REQUIRING REVIEW,50.0% flagged records (Threshold: 10%)
1528499969,MEDICAL_CLAIM,5,2,40.0,0,0,2,0,0,14.25,31.23,0.0,HIGH-RISK PROVIDER,PROVIDER REQUIRING REVIEW,40.0% flagged records (Threshold: 10%)
1912939703,MEDICAL_CLAIM,2,1,50.0,0,0,1,0,0,14.23,25.92,0.0,HIGH-RISK PROVIDER,PROVIDER REQUIRING REVIEW,50.0% flagged records (Threshold: 10%)
1548569924,MEDICAL_CLAIM,2,1,50.0,0,0,1,0,0,14.18,26.55,0.0,HIGH-RISK PROVIDER,PROVIDER REQUIRING REVIEW,50.0% flagged records (Threshold: 10%)
1730284605,MEDICAL_CLAIM,2,1,50.0,0,0,1,0,0,14.18,26.62,0.0,HIGH-RISK PROVIDER,PROVIDER REQUIRING REVIEW,50.0% flagged records (Threshold: 10%)
1548291222,MEDICAL_CLAIM,9,4,44.44,0,0,4,0,0,14.15,28.13,0.0,HIGH-RISK PROVIDER,PROVIDER REQUIRING REVIEW,44.4% flagged records (Threshold: 10%)
1003397878,MEDICAL_CLAIM,2,1,50.0,0,0,1,0,0,14.13,25.66,0.0,HIGH-RISK PROVIDER,PROVIDER REQUIRING REVIEW,50.0% flagged records (Threshold: 10%)
1801219258,MEDICAL_CLAIM,2,1,50.0,0,0,1,0,0,14.1,27.97,0.0,HIGH-RISK PROVIDER,PROVIDER REQUIRING REVIEW,50.0% flagged records (Threshold: 10%)
1336583004,MEDICAL_CLAIM,2,1,50.0,0,0,1,0,0,13.97,26.02,0.0,HIGH-RISK PROVIDER,PROVIDER REQUIRING REVIEW,50.0% flagged records (Threshold: 10%)
1104150754,MEDICAL_CLAIM,7,3,42.86,0,0,3,0,0,13.96,29.77,0.0,HIGH-RISK PROVIDER,PROVIDER REQUIRING REVIEW,42.9% flagged records (Threshold: 10%)
1740513928,MEDICAL_CLAIM,6,3,50.0,0,0,3,0,0,13.96,26.87,0.0,HIGH-RISK PROVIDER,PROVIDER REQUIRING REVIEW,50.0% flagged records (Threshold: 10%)
1013345149,MEDICAL_CLAIM,11,5,45.45,0,0,5,0,0,13.95,28.47,0.0,HIGH-RISK PROVIDER,PROVIDER REQUIRING REVIEW,45.5% flagged records (Threshold: 10%)
1215182712,MEDICAL_CLAIM,2,1,50.0,0,0,1,0,0,13.89,27.46,0.0,HIGH-RISK PROVIDER,PROVIDER REQUIRING REVIEW,50.0% flagged records (Threshold: 10%)
1013995133,MEDICAL_CLAIM,13,5,38.46,0,0,5,0,0,13.81,29.34,0.0,HIGH-RISK PROVIDER,PROVIDER REQUIRING REVIEW,38.5% flagged records (Threshold: 10%)
1396188801,MEDICAL_CLAIM,3,1,33.33,0,0,1,0,0,13.8,29.6,0.0,HIGH-RISK PROVIDER,PROVIDER REQUIRING REVIEW,33.3% flagged records (Threshold: 10%)
1376159236,MEDICAL_CLAIM,2,1,50.0,0,0,1,0,0,13.8,25.47,0.0,HIGH-RISK PROVIDER,PROVIDER REQUIRING REVIEW,50.0% flagged records (Threshold: 10%)
1518935220,MEDICAL_CLAIM,2,1,50.0,0,0,1,0,0,13.75,26.36,0.0,HIGH-RISK PROVIDER,PROVIDER REQUIRING REVIEW,50.0% flagged records (Threshold: 10%)
1871626267,MEDICAL_CLAIM,3,1,33.33,0,0,1,0,0,13.71,34.27,0.0,HIGH-RISK PROVIDER,PROVIDER REQUIRING REVIEW,33.3% flagged records (Threshold: 10%)
1861652604,MEDICAL_CLAIM,10,2,20.0,0,1,2,0,0,13.68,31.37,0.0,HIGH-RISK PROVIDER,PROVIDER REQUIRING REVIEW,20.0% flagged records (Threshold: 10%)
1043510241,MEDICAL_CLAIM,4,2,50.0,0,0,2,0,0,13.66,26.28,0.0,HIGH-RISK PROVIDER,PROVIDER REQUIRING REVIEW,50.0% flagged records (Threshold: 10%)
1265858773,MEDICAL_CLAIM,6,2,33.33,0,0,2,0,0,13.65,28.85,0.0,HIGH-RISK PROVIDER,PROVIDER REQUIRING REVIEW,33.3% flagged records (Threshold: 10%)
1336231091,MEDICAL_CLAIM,2,1,50.0,0,0,1,0,0,13.62,25.53,0.0,HIGH-RISK PROVIDER,PROVIDER REQUIRING REVIEW,50.0% flagged records (Threshold: 10%)
1104316272,MEDICAL_CLAIM,5,2,40.0,0,0,2,0,0,13.61,29.29,0.0,HIGH-RISK PROVIDER,PROVIDER REQUIRING REVIEW,40.0% flagged records (Threshold: 10%)
1588081681,MEDICAL_CLAIM,20,8,40.0,0,0,8,0,0,13.6,30.9,0.0,HIGH-RISK PROVIDER,PROVIDER REQUIRING REVIEW,40.0% flagged records (Threshold: 10%)
1780757856,MEDICAL_CLAIM,7,3,42.86,0,0,3,0,0,13.6,32.51,0.0,HIGH-RISK PROVIDER,PROVIDER REQUIRING REVIEW,42.9% flagged records (Threshold: 10%)
1417336264,MEDICAL_CLAIM,3,1,33.33,0,1,0,0,0,13.59,28.74,0.0,HIGH-RISK PROVIDER,PROVIDER REQUIRING REVIEW,33.3% flagged records (Threshold: 10%)
1225085319,MEDICAL_CLAIM,6,2,33.33,0,0,2,0,0,13.51,30.21,0.0,HIGH-RISK PROVIDER,PROVIDER REQUIRING REVIEW,33.3% flagged records (Threshold: 10%)
1689781346,MEDICAL_CLAIM,6,2,33.33,0,1,1,0,0,13.5,29.4,0.0,HIGH-RISK PROVIDER,PROVIDER REQUIRING REVIEW,33.3% flagged records (Threshold: 10%)
1194908954,MEDICAL_CLAIM,3,1,33.33,0,0,1,0,0,13.46,30.42,0.0,HIGH-RISK PROVIDER,PROVIDER REQUIRING REVIEW,33.3% flagged records (Threshold: 10%)
1245344316,MEDICAL_CLAIM,5,2,40.0,0,0,2,0,0,13.42,28.5,0.0,HIGH-RISK PROVIDER,PROVIDER REQUIRING REVIEW,40.0% flagged records (Threshold: 10%)
1871132365,MEDICAL_CLAIM,3,1,33.33,0,0,1,0,0,13.39,31.58,0.0,HIGH-RISK PROVIDER,PROVIDER REQUIRING REVIEW,33.3% flagged records (Threshold: 10%)
1093271579,MEDICAL_CLAIM,7,3,42.86,0,0,3,0,0,13.34,28.31,0.0,HIGH-RISK PROVIDER,PROVIDER REQUIRING REVIEW,42.9% flagged records (Threshold: 10%)
1346248986,MEDICAL_CLAIM,5,2,40.0,0,0,2,0,0,13.29,26.62,0.0,HIGH-RISK PROVIDER,PROVIDER REQUIRING REVIEW,40.0% flagged records (Threshold: 10%)
1447423900,MEDICAL_CLAIM,5,2,40.0,0,1,1,0,0,13.27,27.94,0.0,HIGH-RISK PROVIDER,PROVIDER REQUIRING REVIEW,40.0% flagged records (Threshold: 10%)
1548293343,MEDICAL_CLAIM,9,3,33.33,0,0,4,0,0,13.23,32.57,0.0,HIGH-RISK PROVIDER,PROVIDER REQUIRING REVIEW,33.3% flagged records (Threshold: 10%)
1255880647,MEDICAL_CLAIM,2,1,50.0,0,0,1,0,0,13.13,25.36,0.0,HIGH-RISK PROVIDER,PROVIDER REQUIRING REVIEW,50.0% flagged records (Threshold: 10%)
1477890267,MEDICAL_CLAIM,2,1,50.0,0,0,1,0,0,13.12,25.08,0.0,HIGH-RISK PROVIDER,PROVIDER REQUIRING REVIEW,50.0% flagged records (Threshold: 10%)
1972158475,MEDICAL_CLAIM,5,2,40.0,0,0,2,0,0,13.1,30.92,0.0,HIGH-RISK PROVIDER,PROVIDER REQUIRING REVIEW,40.0% flagged records (Threshold: 10%)
1629328836,MEDICAL_CLAIM,5,2,40.0,0,1,1,0,0,13.08,28.71,0.0,HIGH-RISK PROVIDER,PROVIDER REQUIRING REVIEW,40.0% flagged records (Threshold: 10%)
1891294518,MEDICAL_CLAIM,3,1,33.33,0,0,1,0,0,13.06,31.6,0.0,HIGH-RISK PROVIDER,PROVIDER REQUIRING REVIEW,33.3% flagged records (Threshold: 10%)
1730587072,MEDICAL_CLAIM,5,2,40.0,0,0,2,0,0,12.83,30.71,0.0,HIGH-RISK PROVIDER,PROVIDER REQUIRING REVIEW,40.0% flagged records (Threshold: 10%)
1588294045,MEDICAL_CLAIM,2,1,50.0,0,0,1,0,0,12.79,25.44,0.0,HIGH-RISK PROVIDER,PROVIDER REQUIRING REVIEW,50.0% flagged records (Threshold: 10%)
1033756861,MEDICAL_CLAIM,3,1,33.33,0,0,1,0,0,12.77,27.94,0.0,HIGH-RISK PROVIDER,PROVIDER REQUIRING REVIEW,33.3% flagged records (Threshold: 10%)
1467873315,MEDICAL_CLAIM,2,1,50.0,0,0,1,0,0,12.65,25.12,0.0,HIGH-RISK PROVIDER,PROVIDER REQUIRING REVIEW,50.0% flagged records (Threshold: 10%)
1366942831,MEDICAL_CLAIM,12,5,41.67,0,0,5,0,0,12.57,28.84,0.0,HIGH-RISK PROVIDER,PROVIDER REQUIRING REVIEW,41.7% flagged records (Threshold: 10%)
1124016696,MEDICAL_CLAIM,3,1,33.33,0,0,1,0,0,12.39,27.74,0.0,HIGH-RISK PROVIDER,PROVIDER REQUIRING REVIEW,33.3% flagged records (Threshold: 10%)
1255433736,MEDICAL_CLAIM,3,1,33.33,0,1,0,0,0,12.29,28.53,0.0,HIGH-RISK PROVIDER,PROVIDER REQUIRING REVIEW,33.3% flagged records (Threshold: 10%)
1467967588,MEDICAL_CLAIM,5,1,20.0,0,0,1,0,0,12.23,30.69,0.0,HIGH-RISK PROVIDER,PROVIDER REQUIRING REVIEW,20.0% flagged records (Threshold: 10%)
1578774477,MEDICAL_CLAIM,3,1,33.33,0,0,1,0,0,12.14,29.67,0.0,HIGH-RISK PROVIDER,PROVIDER REQUIRING REVIEW,33.3% flagged records (Threshold: 10%)
1699322164,MEDICAL_CLAIM,3,1,33.33,0,0,1,0,0,12.03,27.78,0.0,HIGH-RISK PROVIDER,PROVIDER REQUIRING REVIEW,33.3% flagged records (Threshold: 10%)
1841703253,MEDICAL_CLAIM,6,2,33.33,0,0,2,0,0,11.84,29.73,0.0,HIGH-RISK PROVIDER,PROVIDER REQUIRING REVIEW,33.3% flagged records (Threshold: 10%)
1689857385,MEDICAL_CLAIM,9,3,33.33,0,0,3,0,0,11.8,27.99,0.0,HIGH-RISK PROVIDER,PROVIDER REQUIRING REVIEW,33.3% flagged records (Threshold: 10%)
1316374283,MEDICAL_CLAIM,3,1,33.33,0,0,1,0,0,11.66,29.04,0.0,HIGH-RISK PROVIDER,PROVIDER REQUIRING REVIEW,33.3% flagged records (Threshold: 10%)
1700842887,MEDICAL_CLAIM,8,2,25.0,0,0,2,0,0,11.63,30.4,0.0,HIGH-RISK PROVIDER,PROVIDER REQUIRING REVIEW,25.0% flagged records (Threshold: 10%)
1699817775,MEDICAL_CLAIM,14,4,28.57,0,0,4,0,0,11.51,31.6,0.0,HIGH-RISK PROVIDER,PROVIDER REQUIRING REVIEW,28.6% flagged records (Threshold: 10%)
1144589425,MEDICAL_CLAIM,3,1,33.33,0,0,1,0,0,11.48,25.75,0.0,HIGH-RISK PROVIDER,PROVIDER REQUIRING REVIEW,33.3% flagged records (Threshold: 10%)
1962896548,MEDICAL_CLAIM,7,2,28.57,0,0,2,0,0,11.43,29.97,0.0,HIGH-RISK PROVIDER,PROVIDER REQUIRING REVIEW,28.6% flagged records (Threshold: 10%)
1881923126,MEDICAL_CLAIM,6,2,33.33,0,0,2,0,0,11.33,26.37,0.0,HIGH-RISK PROVIDER,PROVIDER REQUIRING REVIEW,33.3% flagged records (Threshold: 10%)
1639760804,MEDICAL_CLAIM,3,1,33.33,0,0,1,0,0,11.27,29.65,0.0,HIGH-RISK PROVIDER,PROVIDER REQUIRING REVIEW,33.3% flagged records (Threshold: 10%)
1871083725,MEDICAL_CLAIM,3,1,33.33,0,0,1,0,0,11.22,25.23,0.0,HIGH-RISK PROVIDER,PROVIDER REQUIRING REVIEW,33.3% flagged records (Threshold: 10%)
1427605534,MEDICAL_CLAIM,3,1,33.33,0,0,1,0,0,11.11,26.95,0.0,HIGH-RISK PROVIDER,PROVIDER REQUIRING REVIEW,33.3% flagged records (Threshold: 10%)
1578677456,MEDICAL_CLAIM,7,1,14.29,0,0,1,0,0,11.02,32.11,0.0,HIGH-RISK PROVIDER,PROVIDER REQUIRING REVIEW,14.3% flagged records (Threshold: 10%)
1003293465,MEDICAL_CLAIM,4,1,25.0,0,0,1,0,0,11.0,28.32,0.0,HIGH-RISK PROVIDER,PROVIDER REQUIRING REVIEW,25.0% flagged records (Threshold: 10%)
1215364682,MEDICAL_CLAIM,3,1,33.33,0,0,1,0,0,10.9,26.94,0.0,HIGH-RISK PROVIDER,PROVIDER REQUIRING REVIEW,33.3% flagged records (Threshold: 10%)
1356682959,MEDICAL_CLAIM,5,2,40.0,0,0,2,0,0,10.87,25.2,0.0,HIGH-RISK PROVIDER,PROVIDER REQUIRING REVIEW,40.0% flagged records (Threshold: 10%)
1013944479,MEDICAL_CLAIM,3,1,33.33,0,0,1,0,0,10.77,28.8,0.0,HIGH-RISK PROVIDER,PROVIDER REQUIRING REVIEW,33.3% flagged records (Threshold: 10%)
1497723407,MEDICAL_CLAIM,4,1,25.0,0,0,1,0,0,10.68,27.35,0.0,HIGH-RISK PROVIDER,PROVIDER REQUIRING REVIEW,25.0% flagged records (Threshold: 10%)
1023271855,MEDICAL_CLAIM,3,1,33.33,0,0,1,0,0,10.49,26.92,0.0,HIGH-RISK PROVIDER,PROVIDER REQUIRING REVIEW,33.3% flagged records (Threshold: 10%)
1477519908,MEDICAL_CLAIM,3,1,33.33,0,0,1,0,0,10.41,25.31,0.0,HIGH-RISK PROVIDER,PROVIDER REQUIRING REVIEW,33.3% flagged records (Threshold: 10%)
1730253626,MEDICAL_CLAIM,3,1,33.33,0,0,1,0,0,10.38,30.23,0.0,HIGH-RISK PROVIDER,PROVIDER REQUIRING REVIEW,33.3% flagged records (Threshold: 10%)
1972531945,MEDICAL_CLAIM,3,1,33.33,0,1,0,0,0,10.33,29.54,0.0,HIGH-RISK PROVIDER,PROVIDER REQUIRING REVIEW,33.3% flagged records (Threshold: 10%)
1053582098,MEDICAL_CLAIM,3,1,33.33,0,0,1,0,0,10.23,25.7,0.0,HIGH-RISK PROVIDER,PROVIDER REQUIRING REVIEW,33.3% flagged records (Threshold: 10%)
1225573025,MEDICAL_CLAIM,3,1,33.33,0,0,1,0,0,10.17,27.81,0.0,HIGH-RISK PROVIDER,PROVIDER REQUIRING REVIEW,33.3% flagged records (Threshold: 10%)
1295286045,MEDICAL_CLAIM,3,1,33.33,0,0,1,0,0,10.14,26.12,0.0,HIGH-RISK PROVIDER,PROVIDER REQUIRING REVIEW,33.3% flagged records (Threshold: 10%)
1790723633,MEDICAL_CLAIM,3,1,33.33,0,0,1,0,0,10.02,25.89,0.0,HIGH-RISK PROVIDER,PROVIDER REQUIRING REVIEW,33.3% flagged records (Threshold: 10%)
1558797266,MEDICAL_CLAIM,3,1,33.33,0,0,1,0,0,10.0,25.59,0.0,HIGH-RISK PROVIDER,PROVIDER REQUIRING REVIEW,33.3% flagged records (Threshold: 10%)
1285648055,MEDICAL_CLAIM,4,1,25.0,0,0,1,0,0,9.97,25.39,0.0,HIGH-RISK PROVIDER,PROVIDER REQUIRING REVIEW,25.0% flagged records (Threshold: 10%)
1679948319,MEDICAL_CLAIM,6,2,33.33,0,0,2,0,0,9.8,25.58,0.0,HIGH-RISK PROVIDER,PROVIDER REQUIRING REVIEW,33.3% flagged records (Threshold: 10%)
1740373679,MEDICAL_CLAIM,4,1,25.0,0,0,1,0,0,9.73,29.23,0.0,HIGH-RISK PROVIDER,PROVIDER REQUIRING REVIEW,25.0% flagged records (Threshold: 10%)
1841444973,MEDICAL_CLAIM,3,1,33.33,0,0,1,0,0,9.73,25.71,0.0,HIGH-RISK PROVIDER,PROVIDER REQUIRING REVIEW,33.3% flagged records (Threshold: 10%)
1619061769,MEDICAL_CLAIM,1,0,0.0,0,0,0,0,0,9.71,9.71,0.0,LOW-RISK PROVIDER,NORMAL,Normal claim patterns
1962594622,MEDICAL_CLAIM,3,1,33.33,0,0,1,0,0,9.69,25.13,0.0,HIGH-RISK PROVIDER,PROVIDER REQUIRING REVIEW,33.3% flagged records (Threshold: 10%)
1558529206,MEDICAL_CLAIM,3,1,33.33,0,0,1,0,0,9.68,25.19,0.0,HIGH-RISK PROVIDER,PROVIDER REQUIRING REVIEW,33.3% flagged records (Threshold: 10%)
1164403622,MEDICAL_CLAIM,3,1,33.33,0,0,1,0,0,9.64,27.05,0.0,HIGH-RISK PROVIDER,PROVIDER REQUIRING REVIEW,33.3% flagged records (Threshold: 10%)
1698101444,PRIOR_AUTH,1,0,0.0,0,0,0,0,0,9.64,9.64,0.0,LOW-RISK PROVIDER,NORMAL,Normal claim patterns
1053481630,MEDICAL_CLAIM,1,0,0.0,0,0,0,0,0,9.62,9.62,0.0,LOW-RISK PROVIDER,NORMAL,Normal claim patterns
1720014186,MEDICAL_CLAIM,1,0,0.0,0,0,0,0,0,9.62,9.62,0.0,LOW-RISK PROVIDER,NORMAL,Normal claim patterns
1992137426,MEDICAL_CLAIM,5,1,20.0,0,0,1,0,0,9.5,27.63,0.0,HIGH-RISK PROVIDER,PROVIDER REQUIRING REVIEW,20.0% flagged records (Threshold: 10%)
1047649902,PRIOR_AUTH,1,0,0.0,0,0,0,0,0,9.5,9.5,100.0,LOW-RISK PROVIDER,NORMAL,High claim denial/rejection rate of 100.0%
1654556395,PRIOR_AUTH,1,0,0.0,0,0,0,0,0,9.47,9.47,100.0,LOW-RISK PROVIDER,NORMAL,High claim denial/rejection rate of 100.0%
1065884665,PRIOR_AUTH,1,0,0.0,0,0,0,0,0,9.43,9.43,0.0,LOW-RISK PROVIDER,NORMAL,Normal claim patterns
1412261876,PHARMACY_CLAIM,1,0,0.0,0,0,0,0,0,9.41,9.41,0.0,LOW-RISK PROVIDER,NORMAL,Normal claim patterns
1860919368,PRIOR_AUTH,1,0,0.0,0,0,0,0,0,9.39,9.39,0.0,LOW-RISK PROVIDER,NORMAL,Normal claim patterns
1617515707,PRIOR_AUTH,1,0,0.0,0,0,0,0,0,9.35,9.35,100.0,LOW-RISK PROVIDER,NORMAL,High claim denial/rejection rate of 100.0%
1013162148,MEDICAL_CLAIM,1,0,0.0,0,0,0,0,0,9.31,9.31,0.0,LOW-RISK PROVIDER,NORMAL,Normal claim patterns
1366465866,MEDICAL_CLAIM,1,0,0.0,0,0,0,0,0,9.27,9.27,0.0,LOW-RISK PROVIDER,NORMAL,Normal claim patterns
1608634425,PHARMACY_CLAIM,1,0,0.0,0,0,0,0,0,9.27,9.27,0.0,LOW-RISK PROVIDER,NORMAL,Normal claim patterns
1120235773,PRIOR_AUTH,1,0,0.0,0,0,0,0,0,9.26,9.26,0.0,LOW-RISK PROVIDER,NORMAL,Normal claim patterns
1306048632,MEDICAL_CLAIM,1,0,0.0,0,0,0,0,0,9.26,9.26,0.0,LOW-RISK PROVIDER,NORMAL,Normal claim patterns
1185460641,PRIOR_AUTH,1,0,0.0,0,0,0,0,0,9.25,9.25,0.0,LOW-RISK PROVIDER,NORMAL,Normal claim patterns
1750830600,MEDICAL_CLAIM,1,0,0.0,0,0,0,0,0,9.23,9.23,0.0,LOW-RISK PROVIDER,NORMAL,Normal claim patterns
1912170457,MEDICAL_CLAIM,4,1,25.0,0,0,1,0,0,9.2,25.23,0.0,HIGH-RISK PROVIDER,PROVIDER REQUIRING REVIEW,25.0% flagged records (Threshold: 10%)
1306832845,MEDICAL_CLAIM,1,0,0.0,0,0,0,0,0,9.2,9.2,0.0,LOW-RISK PROVIDER,NORMAL,Normal claim patterns
1170483658,PRIOR_AUTH,1,0,0.0,0,0,0,0,0,9.19,9.19,0.0,LOW-RISK PROVIDER,NORMAL,Normal claim patterns
1741881760,PRIOR_AUTH,1,0,0.0,0,0,0,0,0,9.19,9.19,100.0,LOW-RISK PROVIDER,NORMAL,High claim denial/rejection rate of 100.0%
1251546246,PRIOR_AUTH,1,0,0.0,0,0,0,0,0,9.18,9.18,0.0,LOW-RISK PROVIDER,NORMAL,Normal claim patterns
1924119684,PRIOR_AUTH,1,0,0.0,0,0,0,0,0,9.18,9.18,0.0,LOW-RISK PROVIDER,NORMAL,Normal claim patterns
1989954483,PRIOR_AUTH,1,0,0.0,0,0,0,0,0,9.18,9.18,0.0,LOW-RISK PROVIDER,NORMAL,Normal claim patterns
1306844519,MEDICAL_CLAIM,5,1,20.0,0,0,1,0,0,9.17,28.27,0.0,HIGH-RISK PROVIDER,PROVIDER REQUIRING REVIEW,20.0% flagged records (Threshold: 10%)
1750605706,PHARMACY_CLAIM,1,0,0.0,0,0,0,0,0,9.15,9.15,0.0,LOW-RISK PROVIDER,NORMAL,Normal claim patterns
1464812580,PRIOR_AUTH,1,0,0.0,0,0,0,0,0,9.09,9.09,100.0,LOW-RISK PROVIDER,NORMAL,High claim denial/rejection rate of 100.0%
1486025718,PRIOR_AUTH,1,0,0.0,0,0,0,0,0,9.08,9.08,0.0,LOW-RISK PROVIDER,NORMAL,Normal claim patterns
1077174003,PRIOR_AUTH,1,0,0.0,0,0,0,0,0,9.04,9.04,0.0,LOW-RISK PROVIDER,NORMAL,Normal claim patterns
1400309710,PRIOR_AUTH,1,0,0.0,0,0,0,0,0,9.04,9.04,100.0,LOW-RISK PROVIDER,NORMAL,High claim denial/rejection rate of 100.0%
1018784354,PRIOR_AUTH,1,0,0.0,0,0,0,0,0,8.99,8.99,0.0,LOW-RISK PROVIDER,NORMAL,Normal claim patterns
1309385984,PRIOR_AUTH,1,0,0.0,0,0,0,0,0,8.99,8.99,0.0,LOW-RISK PROVIDER,NORMAL,Normal claim patterns
1788079877,PRIOR_AUTH,1,0,0.0,0,0,0,0,0,8.98,8.98,0.0,LOW-RISK PROVIDER,NORMAL,Normal claim patterns
1174580831,MEDICAL_CLAIM,4,1,25.0,0,0,1,0,0,8.97,27.22,0.0,HIGH-RISK PROVIDER,PROVIDER REQUIRING REVIEW,25.0% flagged records (Threshold: 10%)
1846647945,PRIOR_AUTH,1,0,0.0,0,0,0,0,0,8.97,8.97,0.0,LOW-RISK PROVIDER,NORMAL,Normal claim patterns
1543386155,PRIOR_AUTH,1,0,0.0,0,0,0,0,0,8.91,8.91,0.0,LOW-RISK PROVIDER,NORMAL,Normal claim patterns
1060021778,PRIOR_AUTH,1,0,0.0,0,0,0,0,0,8.89,8.89,0.0,LOW-RISK PROVIDER,NORMAL,Normal claim patterns
1300190817,PRIOR_AUTH,1,0,0.0,0,0,0,0,0,8.84,8.84,0.0,LOW-RISK PROVIDER,NORMAL,Normal claim patterns
1462552563,PRIOR_AUTH,1,0,0.0,0,0,0,0,0,8.83,8.83,0.0,LOW-RISK PROVIDER,NORMAL,Normal claim patterns
1811571417,MEDICAL_CLAIM,10,2,20.0,0,0,2,0,0,8.82,29.57,0.0,HIGH-RISK PROVIDER,PROVIDER REQUIRING REVIEW,20.0% flagged records (Threshold: 10%)
1007445083,PRIOR_AUTH,1,0,0.0,0,0,0,0,0,8.79,8.79,0.0,LOW-RISK PROVIDER,NORMAL,Normal claim patterns
1428291404,PHARMACY_CLAIM,1,0,0.0,0,0,0,0,0,8.79,8.79,0.0,LOW-RISK PROVIDER,NORMAL,Normal claim patterns
1871523795,MEDICAL_CLAIM,3,1,33.33,0,0,1,0,0,8.77,25.04,0.0,HIGH-RISK PROVIDER,PROVIDER REQUIRING REVIEW,33.3% flagged records (Threshold: 10%)
1326312315,MEDICAL_CLAIM,6,1,16.67,0,0,1,0,0,8.76,29.27,0.0,HIGH-RISK PROVIDER,PROVIDER REQUIRING REVIEW,16.7% flagged records (Threshold: 10%)
1786471075,PHARMACY_CLAIM,1,0,0.0,0,0,0,0,0,8.75,8.75,0.0,LOW-RISK PROVIDER,NORMAL,Normal claim patterns
1227466083,PHARMACY_CLAIM,1,0,0.0,0,0,0,0,0,8.74,8.74,0.0,LOW-RISK PROVIDER,NORMAL,Normal claim patterns
1499745622,PHARMACY_CLAIM,1,0,0.0,0,0,0,0,0,8.74,8.74,0.0,LOW-RISK PROVIDER,NORMAL,Normal claim patterns
1529055708,PRIOR_AUTH,1,0,0.0,0,0,0,0,0,8.74,8.74,0.0,LOW-RISK PROVIDER,NORMAL,Normal claim patterns
1790247476,MEDICAL_CLAIM,4,0,0.0,0,1,0,0,0,8.73,24.43,0.0,LOW-RISK PROVIDER,NORMAL,Normal claim patterns
1627830273,PRIOR_AUTH,1,0,0.0,0,0,0,0,0,8.71,8.71,0.0,LOW-RISK PROVIDER,NORMAL,Normal claim patterns
1704160846,PHARMACY_CLAIM,1,0,0.0,0,0,0,0,0,8.69,8.69,0.0,LOW-RISK PROVIDER,NORMAL,Normal claim patterns
1111508140,PRIOR_AUTH,1,0,0.0,0,0,0,0,0,8.64,8.64,0.0,LOW-RISK PROVIDER,NORMAL,Normal claim patterns
1216789716,PRIOR_AUTH,1,0,0.0,0,0,0,0,0,8.64,8.64,0.0,LOW-RISK PROVIDER,NORMAL,Normal claim patterns
1671674660,PRIOR_AUTH,1,0,0.0,0,0,0,0,0,8.64,8.64,0.0,LOW-RISK PROVIDER,NORMAL,Normal claim patterns
1591685190,PRIOR_AUTH,1,0,0.0,0,0,0,0,0,8.62,8.62,0.0,LOW-RISK PROVIDER,NORMAL,Normal claim patterns
1641804672,PRIOR_AUTH,1,0,0.0,0,0,0,0,0,8.62,8.62,0.0,LOW-RISK PROVIDER,NORMAL,Normal claim patterns
1518901107,MEDICAL_CLAIM,1,0,0.0,0,0,0,0,0,8.6,8.6,0.0,LOW-RISK PROVIDER,NORMAL,Normal claim patterns
1609906565,PRIOR_AUTH,1,0,0.0,0,0,0,0,0,8.55,8.55,0.0,LOW-RISK PROVIDER,NORMAL,Normal claim patterns
1329480432,PRIOR_AUTH,1,0,0.0,0,0,0,0,0,8.49,8.49,100.0,LOW-RISK PROVIDER,NORMAL,High claim denial/rejection rate of 100.0%
1641944891,PRIOR_AUTH,1,0,0.0,0,0,0,0,0,8.48,8.48,0.0,LOW-RISK PROVIDER,NORMAL,Normal claim patterns
1790376424,MEDICAL_CLAIM,1,0,0.0,0,0,0,0,0,8.48,8.48,0.0,LOW-RISK PROVIDER,NORMAL,Normal claim patterns
1054895866,PHARMACY_CLAIM,1,0,0.0,0,0,0,0,0,8.45,8.45,0.0,LOW-RISK PROVIDER,NORMAL,Normal claim patterns
1167746150,PRIOR_AUTH,1,0,0.0,0,0,0,0,0,8.43,8.43,0.0,LOW-RISK PROVIDER,NORMAL,Normal claim patterns
1592500137,PRIOR_AUTH,1,0,0.0,0,0,0,0,0,8.43,8.43,0.0,LOW-RISK PROVIDER,NORMAL,Normal claim patterns
1711019122,PRIOR_AUTH,1,0,0.0,0,0,0,0,0,8.43,8.43,0.0,LOW-RISK PROVIDER,NORMAL,Normal claim patterns
1516479329,PRIOR_AUTH,1,0,0.0,0,0,0,0,0,8.42,8.42,100.0,LOW-RISK PROVIDER,NORMAL,High claim denial/rejection rate of 100.0%
1928233239,PHARMACY_CLAIM,1,0,0.0,0,0,0,0,0,8.42,8.42,0.0,LOW-RISK PROVIDER,NORMAL,Normal claim patterns
1911801891,PRIOR_AUTH,1,0,0.0,0,0,0,0,0,8.38,8.38,0.0,LOW-RISK PROVIDER,NORMAL,Normal claim patterns
1261905076,PHARMACY_CLAIM,1,0,0.0,0,0,0,0,0,8.34,8.34,0.0,LOW-RISK PROVIDER,NORMAL,Normal claim patterns
1402067919,PRIOR_AUTH,1,0,0.0,0,0,0,0,0,8.32,8.32,0.0,LOW-RISK PROVIDER,NORMAL,Normal claim patterns
1946395327,PRIOR_AUTH,1,0,0.0,0,0,0,0,0,8.32,8.32,0.0,LOW-RISK PROVIDER,NORMAL,Normal claim patterns
1990569473,PHARMACY_CLAIM,1,0,0.0,0,0,0,0,0,8.31,8.31,0.0,LOW-RISK PROVIDER,NORMAL,Normal claim patterns
1004414098,PRIOR_AUTH,1,0,0.0,0,0,0,0,0,8.29,8.29,0.0,LOW-RISK PROVIDER,NORMAL,Normal claim patterns
1376492553,PRIOR_AUTH,1,0,0.0,0,0,0,0,0,8.29,8.29,0.0,LOW-RISK PROVIDER,NORMAL,Normal claim patterns
1893093738,PRIOR_AUTH,1,0,0.0,0,0,0,0,0,8.29,8.29,0.0,LOW-RISK PROVIDER,NORMAL,Normal claim patterns
1809887091,PRIOR_AUTH,1,0,0.0,0,0,0,0,0,8.28,8.28,0.0,LOW-RISK PROVIDER,NORMAL,Normal claim patterns
1877674590,PRIOR_AUTH,1,0,0.0,0,0,0,0,0,8.23,8.23,0.0,LOW-RISK PROVIDER,NORMAL,Normal claim patterns
1370709567,PRIOR_AUTH,1,0,0.0,0,0,0,0,0,8.22,8.22,0.0,LOW-RISK PROVIDER,NORMAL,Normal claim patterns
1555593560,PRIOR_AUTH,1,0,0.0,0,0,0,0,0,8.22,8.22,0.0,LOW-RISK PROVIDER,NORMAL,Normal claim patterns
1881157263,PHARMACY_CLAIM,1,0,0.0,0,0,0,0,0,8.22,8.22,0.0,LOW-RISK PROVIDER,NORMAL,Normal claim patterns
1893427826,PRIOR_AUTH,1,0,0.0,0,0,0,0,0,8.21,8.21,0.0,LOW-RISK PROVIDER,NORMAL,Normal claim patterns
1497955678,MEDICAL_CLAIM,1,0,0.0,0,0,0,0,0,8.2,8.2,0.0,LOW-RISK PROVIDER,NORMAL,Normal claim patterns
1850177782,PHARMACY_CLAIM,1,0,0.0,0,0,0,0,0,8.2,8.2,0.0,LOW-RISK PROVIDER,NORMAL,Normal claim patterns
1442685563,PHARMACY_CLAIM,1,0,0.0,0,0,0,0,0,8.19,8.19,0.0,LOW-RISK PROVIDER,NORMAL,Normal claim patterns
1255701942,MEDICAL_CLAIM,4,1,25.0,0,0,1,0,0,8.17,27.48,0.0,HIGH-RISK PROVIDER,PROVIDER REQUIRING REVIEW,25.0% flagged records (Threshold: 10%)
1241138227,PHARMACY_CLAIM,1,0,0.0,0,0,0,0,0,8.12,8.12,0.0,LOW-RISK PROVIDER,NORMAL,Normal claim patterns
1391521726,PHARMACY_CLAIM,1,0,0.0,0,0,0,0,0,8.12,8.12,0.0,LOW-RISK PROVIDER,NORMAL,Normal claim patterns
1052346934,PHARMACY_CLAIM,1,0,0.0,0,0,0,0,0,8.11,8.11,0.0,LOW-RISK PROVIDER,NORMAL,Normal claim patterns
1884045461,PRIOR_AUTH,1,0,0.0,0,0,0,0,0,8.11,8.11,0.0,LOW-RISK PROVIDER,NORMAL,Normal claim patterns
1767279698,PRIOR_AUTH,1,0,0.0,0,0,0,0,0,8.1,8.1,100.0,LOW-RISK PROVIDER,NORMAL,High claim denial/rejection rate of 100.0%
1934605581,PHARMACY_CLAIM,1,0,0.0,0,0,0,0,0,8.09,8.09,0.0,LOW-RISK PROVIDER,NORMAL,Normal claim patterns
1215099007,MEDICAL_CLAIM,1,0,0.0,0,0,0,0,0,8.08,8.08,0.0,LOW-RISK PROVIDER,NORMAL,Normal claim patterns
1273414560,PHARMACY_CLAIM,1,0,0.0,0,0,0,0,0,8.07,8.07,0.0,LOW-RISK PROVIDER,NORMAL,Normal claim patterns
1543583217,PHARMACY_CLAIM,1,0,0.0,0,0,0,0,0,8.05,8.05,0.0,LOW-RISK PROVIDER,NORMAL,Normal claim patterns
1538390284,PRIOR_AUTH,1,0,0.0,0,0,0,0,0,8.04,8.04,0.0,LOW-RISK PROVIDER,NORMAL,Normal claim patterns
1024726626,PHARMACY_CLAIM,1,0,0.0,0,0,0,0,0,8.02,8.02,0.0,LOW-RISK PROVIDER,NORMAL,Normal claim patterns
1426934684,PRIOR_AUTH,1,0,0.0,0,0,0,0,0,8.01,8.01,0.0,LOW-RISK PROVIDER,NORMAL,Normal claim patterns
1907089133,PHARMACY_CLAIM,1,0,0.0,0,0,0,0,0,8.01,8.01,0.0,LOW-RISK PROVIDER,NORMAL,Normal claim patterns
1889206999,PHARMACY_CLAIM,1,0,0.0,0,0,0,0,0,8.0,8.0,0.0,LOW-RISK PROVIDER,NORMAL,Normal claim patterns
1164483603,PRIOR_AUTH,1,0,0.0,0,0,0,0,0,7.99,7.99,0.0,LOW-RISK PROVIDER,NORMAL,Normal claim patterns
1352713312,PRIOR_AUTH,1,0,0.0,0,0,0,0,0,7.99,7.99,0.0,LOW-RISK PROVIDER,NORMAL,Normal claim patterns
1557565511,PRIOR_AUTH,1,0,0.0,0,0,0,0,0,7.99,7.99,0.0,LOW-RISK PROVIDER,NORMAL,Normal claim patterns
1681886270,PRIOR_AUTH,1,0,0.0,0,0,0,0,0,7.99,7.99,0.0,LOW-RISK PROVIDER,NORMAL,Normal claim patterns
1396270831,MEDICAL_CLAIM,4,1,25.0,0,0,1,0,0,7.98,26.67,0.0,HIGH-RISK PROVIDER,PROVIDER REQUIRING REVIEW,25.0% flagged records (Threshold: 10%)
1506017098,PRIOR_AUTH,1,0,0.0,0,0,0,0,0,7.97,7.97,0.0,LOW-RISK PROVIDER,NORMAL,Normal claim patterns
1898821842,PRIOR_AUTH,1,0,0.0,0,0,0,0,0,7.95,7.95,0.0,LOW-RISK PROVIDER,NORMAL,Normal claim patterns
1282590211,PRIOR_AUTH,1,0,0.0,0,0,0,0,0,7.94,7.94,0.0,LOW-RISK PROVIDER,NORMAL,Normal claim patterns
1350478056,PRIOR_AUTH,1,0,0.0,0,0,0,0,0,7.94,7.94,0.0,LOW-RISK PROVIDER,NORMAL,Normal claim patterns
1552182763,PRIOR_AUTH,1,0,0.0,0,0,0,0,0,7.92,7.92,0.0,LOW-RISK PROVIDER,NORMAL,Normal claim patterns
1730316579,PHARMACY_CLAIM,1,0,0.0,0,0,0,0,0,7.92,7.92,0.0,LOW-RISK PROVIDER,NORMAL,Normal claim patterns
1477749804,PHARMACY_CLAIM,1,0,0.0,0,0,0,0,0,7.91,7.91,0.0,LOW-RISK PROVIDER,NORMAL,Normal claim patterns
1687730020,PRIOR_AUTH,1,0,0.0,0,0,0,0,0,7.91,7.91,0.0,LOW-RISK PROVIDER,NORMAL,Normal claim patterns
1202383870,PRIOR_AUTH,1,0,0.0,0,0,0,0,0,7.9,7.9,0.0,LOW-RISK PROVIDER,NORMAL,Normal claim patterns
1737655685,PRIOR_AUTH,1,0,0.0,0,0,0,0,0,7.9,7.9,0.0,LOW-RISK PROVIDER,NORMAL,Normal claim patterns
1241377663,PRIOR_AUTH,1,0,0.0,0,0,0,0,0,7.89,7.89,0.0,LOW-RISK PROVIDER,NORMAL,Normal claim patterns
1076196594,PRIOR_AUTH,1,0,0.0,0,0,0,0,0,7.88,7.88,100.0,LOW-RISK PROVIDER,NORMAL,High claim denial/rejection rate of 100.0%
1585025443,PRIOR_AUTH,1,0,0.0,0,0,0,0,0,7.87,7.87,0.0,LOW-RISK PROVIDER,NORMAL,Normal claim patterns
1664536923,PRIOR_AUTH,1,0,0.0,0,0,0,0,0,7.87,7.87,0.0,LOW-RISK PROVIDER,NORMAL,Normal claim patterns
1316299493,PRIOR_AUTH,1,0,0.0,0,0,0,0,0,7.86,7.86,0.0,LOW-RISK PROVIDER,NORMAL,Normal claim patterns
1005351646,PHARMACY_CLAIM,1,0,0.0,0,0,0,0,0,7.84,7.84,0.0,LOW-RISK PROVIDER,NORMAL,Normal claim patterns
1222069881,PRIOR_AUTH,1,0,0.0,0,0,0,0,0,7.84,7.84,0.0,LOW-RISK PROVIDER,NORMAL,Normal claim patterns
1633866115,PRIOR_AUTH,1,0,0.0,0,0,0,0,0,7.84,7.84,0.0,LOW-RISK PROVIDER,NORMAL,Normal claim patterns
1015670325,PRIOR_AUTH,1,0,0.0,0,0,0,0,0,7.82,7.82,0.0,LOW-RISK PROVIDER,NORMAL,Normal claim patterns
1359015500,PRIOR_AUTH,1,0,0.0,0,0,0,0,0,7.82,7.82,0.0,LOW-RISK PROVIDER,NORMAL,Normal claim patterns
1753655371,PRIOR_AUTH,1,0,0.0,0,0,0,0,0,7.82,7.82,0.0,LOW-RISK PROVIDER,NORMAL,Normal claim patterns
1828477965,PRIOR_AUTH,1,0,0.0,0,0,0,0,0,7.82,7.82,0.0,LOW-RISK PROVIDER,NORMAL,Normal claim patterns
1505702448,PRIOR_AUTH,1,0,0.0,0,0,0,0,0,7.78,7.78,100.0,LOW-RISK PROVIDER,NORMAL,High claim denial/rejection rate of 100.0%
1294924731,PRIOR_AUTH,1,0,0.0,0,0,0,0,0,7.77,7.77,100.0,LOW-RISK PROVIDER,NORMAL,High claim denial/rejection rate of 100.0%
1830907326,PHARMACY_CLAIM,1,0,0.0,0,0,0,0,0,7.77,7.77,0.0,LOW-RISK PROVIDER,NORMAL,Normal claim patterns
1168113128,PHARMACY_CLAIM,1,0,0.0,0,0,0,0,0,7.74,7.74,0.0,LOW-RISK PROVIDER,NORMAL,Normal claim patterns
1097362434,PRIOR_AUTH,1,0,0.0,0,0,0,0,0,7.73,7.73,0.0,LOW-RISK PROVIDER,NORMAL,Normal claim patterns
1098046578,PRIOR_AUTH,1,0,0.0,0,0,0,0,0,7.73,7.73,0.0,LOW-RISK PROVIDER,NORMAL,Normal claim patterns
1508892129,PRIOR_AUTH,1,0,0.0,0,0,0,0,0,7.73,7.73,0.0,LOW-RISK PROVIDER,NORMAL,Normal claim patterns
1928267616,PRIOR_AUTH,1,0,0.0,0,0,0,0,0,7.73,7.73,0.0,LOW-RISK PROVIDER,NORMAL,Normal claim patterns
1993853409,PRIOR_AUTH,1,0,0.0,0,0,0,0,0,7.73,7.73,0.0,LOW-RISK PROVIDER,NORMAL,Normal claim patterns
1113040458,PRIOR_AUTH,1,0,0.0,0,0,0,0,0,7.71,7.71,100.0,LOW-RISK PROVIDER,NORMAL,High claim denial/rejection rate of 100.0%
1780842104,MEDICAL_CLAIM,3,0,0.0,0,0,0,0,0,7.69,8.15,0.0,LOW-RISK PROVIDER,NORMAL,Normal claim patterns
1155552451,PRIOR_AUTH,1,0,0.0,0,0,0,0,0,7.69,7.69,0.0,LOW-RISK PROVIDER,NORMAL,Normal claim patterns
1195264272,PRIOR_AUTH,1,0,0.0,0,0,0,0,0,7.69,7.69,0.0,LOW-RISK PROVIDER,NORMAL,Normal claim patterns
1314637009,PRIOR_AUTH,1,0,0.0,0,0,0,0,0,7.69,7.69,0.0,LOW-RISK PROVIDER,NORMAL,Normal claim patterns
1337323468,PRIOR_AUTH,1,0,0.0,0,0,0,0,0,7.69,7.69,0.0,LOW-RISK PROVIDER,NORMAL,Normal claim patterns
1432488161,PRIOR_AUTH,1,0,0.0,0,0,0,0,0,7.69,7.69,0.0,LOW-RISK PROVIDER,NORMAL,Normal claim patterns
1988373243,PRIOR_AUTH,1,0,0.0,0,0,0,0,0,7.69,7.69,0.0,LOW-RISK PROVIDER,NORMAL,Normal claim patterns
1272213755,PRIOR_AUTH,1,0,0.0,0,0,0,0,0,7.65,7.65,100.0,LOW-RISK PROVIDER,NORMAL,High claim denial/rejection rate of 100.0%
1929812369,PHARMACY_CLAIM,1,0,0.0,0,0,0,0,0,7.65,7.65,0.0,LOW-RISK PROVIDER,NORMAL,Normal claim patterns
1701740720,PHARMACY_CLAIM,1,0,0.0,0,0,0,0,0,7.64,7.64,0.0,LOW-RISK PROVIDER,NORMAL,Normal claim patterns
1912896723,PHARMACY_CLAIM,1,0,0.0,0,0,0,0,0,7.62,7.62,0.0,LOW-RISK PROVIDER,NORMAL,Normal claim patterns
1447747110,PRIOR_AUTH,1,0,0.0,0,0,0,0,0,7.61,7.61,0.0,LOW-RISK PROVIDER,NORMAL,Normal claim patterns
1358385549,PHARMACY_CLAIM,1,0,0.0,0,0,0,0,0,7.59,7.59,0.0,LOW-RISK PROVIDER,NORMAL,Normal claim patterns
1383530587,PHARMACY_CLAIM,1,0,0.0,0,0,0,0,0,7.58,7.58,0.0,LOW-RISK PROVIDER,NORMAL,Normal claim patterns
1895271927,PRIOR_AUTH,1,0,0.0,0,0,0,0,0,7.58,7.58,100.0,LOW-RISK PROVIDER,NORMAL,High claim denial/rejection rate of 100.0%
1533766473,PHARMACY_CLAIM,1,0,0.0,0,0,0,0,0,7.57,7.57,0.0,LOW-RISK PROVIDER,NORMAL,Normal claim patterns
1049166039,PRIOR_AUTH,1,0,0.0,0,0,0,0,0,7.56,7.56,0.0,LOW-RISK PROVIDER,NORMAL,Normal claim patterns
1090351559,PRIOR_AUTH,1,0,0.0,0,0,0,0,0,7.56,7.56,0.0,LOW-RISK PROVIDER,NORMAL,Normal claim patterns
1494236674,PRIOR_AUTH,1,0,0.0,0,0,0,0,0,7.56,7.56,0.0,LOW-RISK PROVIDER,NORMAL,Normal claim patterns
1991452065,PRIOR_AUTH,1,0,0.0,0,0,0,0,0,7.56,7.56,0.0,LOW-RISK PROVIDER,NORMAL,Normal claim patterns
1989448784,PRIOR_AUTH,1,0,0.0,0,0,0,0,0,7.54,7.54,100.0,LOW-RISK PROVIDER,NORMAL,High claim denial/rejection rate of 100.0%
1628127655,PRIOR_AUTH,1,0,0.0,0,0,0,0,0,7.53,7.53,0.0,LOW-RISK PROVIDER,NORMAL,Normal claim patterns
1037055476,PRIOR_AUTH,1,0,0.0,0,0,0,0,0,7.52,7.52,100.0,LOW-RISK PROVIDER,NORMAL,High claim denial/rejection rate of 100.0%
1055901728,PRIOR_AUTH,1,0,0.0,0,0,0,0,0,7.51,7.51,0.0,LOW-RISK PROVIDER,NORMAL,Normal claim patterns
1005061108,PRIOR_AUTH,1,0,0.0,0,0,0,0,0,7.49,7.49,0.0,LOW-RISK PROVIDER,NORMAL,Normal claim patterns
1189680436,PRIOR_AUTH,1,0,0.0,0,0,0,0,0,7.49,7.49,0.0,LOW-RISK PROVIDER,NORMAL,Normal claim patterns
1421841901,PHARMACY_CLAIM,1,0,0.0,0,0,0,0,0,7.49,7.49,0.0,LOW-RISK PROVIDER,NORMAL,Normal claim patterns
1693346637,PHARMACY_CLAIM,1,0,0.0,0,0,0,0,0,7.49,7.49,0.0,LOW-RISK PROVIDER,NORMAL,Normal claim patterns
1761534761,PRIOR_AUTH,1,0,0.0,0,0,0,0,0,7.49,7.49,0.0,LOW-RISK PROVIDER,NORMAL,Normal claim patterns
1098196833,PRIOR_AUTH,1,0,0.0,0,0,0,0,0,7.44,7.44,0.0,LOW-RISK PROVIDER,NORMAL,Normal claim patterns
1432529703,PRIOR_AUTH,1,0,0.0,0,0,0,0,0,7.42,7.42,100.0,LOW-RISK PROVIDER,NORMAL,High claim denial/rejection rate of 100.0%
1015508106,PRIOR_AUTH,1,0,0.0,0,0,0,0,0,7.41,7.41,0.0,LOW-RISK PROVIDER,NORMAL,Normal claim patterns
1461474642,PRIOR_AUTH,1,0,0.0,0,0,0,0,0,7.41,7.41,0.0,LOW-RISK PROVIDER,NORMAL,Normal claim patterns
1854588630,PHARMACY_CLAIM,1,0,0.0,0,0,0,0,0,7.41,7.41,0.0,LOW-RISK PROVIDER,NORMAL,Normal claim patterns
1860035581,PRIOR_AUTH,1,0,0.0,0,0,0,0,0,7.41,7.41,0.0,LOW-RISK PROVIDER,NORMAL,Normal claim patterns
1136096803,PRIOR_AUTH,1,0,0.0,0,0,0,0,0,7.39,7.39,0.0,LOW-RISK PROVIDER,NORMAL,Normal claim patterns
1877484500,PRIOR_AUTH,1,0,0.0,0,0,0,0,0,7.39,7.39,0.0,LOW-RISK PROVIDER,NORMAL,Normal claim patterns
1244521992,PRIOR_AUTH,1,0,0.0,0,0,0,0,0,7.38,7.38,100.0,LOW-RISK PROVIDER,NORMAL,High claim denial/rejection rate of 100.0%
1271130755,PHARMACY_CLAIM,1,0,0.0,0,0,0,0,0,7.36,7.36,0.0,LOW-RISK PROVIDER,NORMAL,Normal claim patterns
1375139179,PHARMACY_CLAIM,1,0,0.0,0,0,0,0,0,7.35,7.35,0.0,LOW-RISK PROVIDER,NORMAL,Normal claim patterns
1325167600,PHARMACY_CLAIM,1,0,0.0,0,0,0,0,0,7.34,7.34,0.0,LOW-RISK PROVIDER,NORMAL,Normal claim patterns
1086038819,PHARMACY_CLAIM,1,0,0.0,0,0,0,0,0,7.33,7.33,0.0,LOW-RISK PROVIDER,NORMAL,Normal claim patterns
1376889055,MEDICAL_CLAIM,1,0,0.0,0,0,0,0,0,7.32,7.32,0.0,LOW-RISK PROVIDER,NORMAL,Normal claim patterns
1696750013,PHARMACY_CLAIM,1,0,0.0,0,0,0,0,0,7.32,7.32,0.0,LOW-RISK PROVIDER,NORMAL,Normal claim patterns
1643320494,PHARMACY_CLAIM,1,0,0.0,0,0,0,0,0,7.31,7.31,0.0,LOW-RISK PROVIDER,NORMAL,Normal claim patterns
1750546313,MEDICAL_CLAIM,4,1,25.0,0,1,0,0,0,7.3,27.68,0.0,HIGH-RISK PROVIDER,PROVIDER REQUIRING REVIEW,25.0% flagged records (Threshold: 10%)
1336329788,MEDICAL_CLAIM,1,0,0.0,0,0,0,0,0,7.3,7.3,0.0,LOW-RISK PROVIDER,NORMAL,Normal claim patterns
1939620540,PHARMACY_CLAIM,1,0,0.0,0,0,0,0,0,7.29,7.29,0.0,LOW-RISK PROVIDER,NORMAL,Normal claim patterns
1396062394,MEDICAL_CLAIM,1,0,0.0,0,0,0,0,0,7.28,7.28,0.0,LOW-RISK PROVIDER,NORMAL,Normal claim patterns
1586533847,PRIOR_AUTH,1,0,0.0,0,0,0,0,0,7.25,7.25,0.0,LOW-RISK PROVIDER,NORMAL,Normal claim patterns
1652636895,PRIOR_AUTH,1,0,0.0,0,0,0,0,0,7.25,7.25,0.0,LOW-RISK PROVIDER,NORMAL,Normal claim patterns
1697397206,PRIOR_AUTH,1,0,0.0,0,0,0,0,0,7.25,7.25,100.0,LOW-RISK PROVIDER,NORMAL,High claim denial/rejection rate of 100.0%
1999313622,PRIOR_AUTH,1,0,0.0,0,0,0,0,0,7.25,7.25,0.0,LOW-RISK PROVIDER,NORMAL,Normal claim patterns
1579337495,PHARMACY_CLAIM,1,0,0.0,0,0,0,0,0,7.24,7.24,0.0,LOW-RISK PROVIDER,NORMAL,Normal claim patterns
1585644929,PRIOR_AUTH,1,0,0.0,0,0,0,0,0,7.23,7.23,0.0,LOW-RISK PROVIDER,NORMAL,Normal claim patterns
1295032803,MEDICAL_CLAIM,6,1,16.67,0,0,1,0,0,7.21,25.22,0.0,HIGH-RISK PROVIDER,PROVIDER REQUIRING REVIEW,16.7% flagged records (Threshold: 10%)
1386708154,MEDICAL_CLAIM,6,1,16.67,0,0,1,0,0,7.21,28.29,0.0,HIGH-RISK PROVIDER,PROVIDER REQUIRING REVIEW,16.7% flagged records (Threshold: 10%)
1763507150,PHARMACY_CLAIM,1,0,0.0,0,0,0,0,0,7.2,7.2,0.0,LOW-RISK PROVIDER,NORMAL,Normal claim patterns
1548634991,MEDICAL_CLAIM,5,1,20.0,0,0,1,0,0,7.19,28.05,0.0,HIGH-RISK PROVIDER,PROVIDER REQUIRING REVIEW,20.0% flagged records (Threshold: 10%)
1336146141,MEDICAL_CLAIM,2,0,0.0,0,0,0,0,0,7.19,8.06,0.0,LOW-RISK PROVIDER,NORMAL,Normal claim patterns
1499916459,PHARMACY_CLAIM,1,0,0.0,0,0,0,0,0,7.19,7.19,0.0,LOW-RISK PROVIDER,NORMAL,Normal claim patterns
1548244171,MEDICAL_CLAIM,2,0,0.0,0,0,0,0,0,7.18,7.69,0.0,LOW-RISK PROVIDER,NORMAL,Normal claim patterns
1182341919,PHARMACY_CLAIM,1,0,0.0,0,0,0,0,0,7.18,7.18,0.0,LOW-RISK PROVIDER,NORMAL,Normal claim patterns
1976891180,PHARMACY_CLAIM,1,0,0.0,0,0,0,0,0,7.16,7.16,0.0,LOW-RISK PROVIDER,NORMAL,Normal claim patterns
1525168533,PHARMACY_CLAIM,1,0,0.0,0,0,0,0,0,7.14,7.14,0.0,LOW-RISK PROVIDER,NORMAL,Normal claim patterns
1986357472,PHARMACY_CLAIM,1,0,0.0,0,0,0,0,0,7.14,7.14,0.0,LOW-RISK PROVIDER,NORMAL,Normal claim patterns
1757165503,PRIOR_AUTH,1,0,0.0,0,0,0,0,0,7.11,7.11,100.0,LOW-RISK PROVIDER,NORMAL,High claim denial/rejection rate of 100.0%
1074936265,PRIOR_AUTH,1,0,0.0,0,0,0,0,0,7.09,7.09,0.0,LOW-RISK PROVIDER,NORMAL,Normal claim patterns
1156788876,PRIOR_AUTH,1,0,0.0,0,0,0,0,0,7.09,7.09,0.0,LOW-RISK PROVIDER,NORMAL,Normal claim patterns
1393099429,PRIOR_AUTH,1,0,0.0,0,0,0,0,0,7.09,7.09,0.0,LOW-RISK PROVIDER,NORMAL,Normal claim patterns
1748015567,PRIOR_AUTH,1,0,0.0,0,0,0,0,0,7.09,7.09,0.0,LOW-RISK PROVIDER,NORMAL,Normal claim patterns
1767675128,PRIOR_AUTH,1,0,0.0,0,0,0,0,0,7.09,7.09,0.0,LOW-RISK PROVIDER,NORMAL,Normal claim patterns
1988320053,PRIOR_AUTH,1,0,0.0,0,0,0,0,0,7.09,7.09,0.0,LOW-RISK PROVIDER,NORMAL,Normal claim patterns
1388773133,PHARMACY_CLAIM,1,0,0.0,0,0,0,0,0,7.08,7.08,0.0,LOW-RISK PROVIDER,NORMAL,Normal claim patterns
1491453676,PHARMACY_CLAIM,1,0,0.0,0,0,0,0,0,7.08,7.08,0.0,LOW-RISK PROVIDER,NORMAL,Normal claim patterns
1617025482,PHARMACY_CLAIM,1,0,0.0,0,0,0,0,0,7.08,7.08,0.0,LOW-RISK PROVIDER,NORMAL,Normal claim patterns
1070723830,PRIOR_AUTH,1,0,0.0,0,0,0,0,0,7.06,7.06,0.0,LOW-RISK PROVIDER,NORMAL,Normal claim patterns
1106778227,PRIOR_AUTH,1,0,0.0,0,0,0,0,0,7.06,7.06,0.0,LOW-RISK PROVIDER,NORMAL,Normal claim patterns
1110369009,PRIOR_AUTH,1,0,0.0,0,0,0,0,0,7.06,7.06,0.0,LOW-RISK PROVIDER,NORMAL,Normal claim patterns
1114218385,MEDICAL_CLAIM,1,0,0.0,0,0,0,0,0,7.06,7.06,0.0,LOW-RISK PROVIDER,NORMAL,Normal claim patterns
1191473714,PHARMACY_CLAIM,1,0,0.0,0,0,0,0,0,7.06,7.06,0.0,LOW-RISK PROVIDER,NORMAL,Normal claim patterns
1369096762,PRIOR_AUTH,1,0,0.0,0,0,0,0,0,7.06,7.06,0.0,LOW-RISK PROVIDER,NORMAL,Normal claim patterns
1997471461,PRIOR_AUTH,1,0,0.0,0,0,0,0,0,7.06,7.06,0.0,LOW-RISK PROVIDER,NORMAL,Normal claim patterns
1166867085,PRIOR_AUTH,1,0,0.0,0,0,0,0,0,7.04,7.04,100.0,LOW-RISK PROVIDER,NORMAL,High claim denial/rejection rate of 100.0%
1485023862,PRIOR_AUTH,1,0,0.0,0,0,0,0,0,7.03,7.03,100.0,LOW-RISK PROVIDER,NORMAL,High claim denial/rejection rate of 100.0%
1144692674,MEDICAL_CLAIM,7,1,14.29,0,0,1,0,0,7.02,29.06,0.0,HIGH-RISK PROVIDER,PROVIDER REQUIRING REVIEW,14.3% flagged records (Threshold: 10%)
1337340106,PRIOR_AUTH,1,0,0.0,0,0,0,0,0,7.02,7.02,100.0,LOW-RISK PROVIDER,NORMAL,High claim denial/rejection rate of 100.0%
1707457297,PHARMACY_CLAIM,1,0,0.0,0,0,0,0,0,7.02,7.02,0.0,LOW-RISK PROVIDER,NORMAL,Normal claim patterns
1063612675,PHARMACY_CLAIM,1,0,0.0,0,0,0,0,0,7.01,7.01,0.0,LOW-RISK PROVIDER,NORMAL,Normal claim patterns
1364722092,PRIOR_AUTH,1,0,0.0,0,0,0,0,0,7.01,7.01,100.0,LOW-RISK PROVIDER,NORMAL,High claim denial/rejection rate of 100.0%
1405970042,PHARMACY_CLAIM,1,0,0.0,0,0,0,0,0,7.01,7.01,0.0,LOW-RISK PROVIDER,NORMAL,Normal claim patterns
1503207219,PHARMACY_CLAIM,1,0,0.0,0,0,0,0,0,7.01,7.01,0.0,LOW-RISK PROVIDER,NORMAL,Normal claim patterns
1107888939,PRIOR_AUTH,1,0,0.0,0,0,0,0,0,7.0,7.0,100.0,LOW-RISK PROVIDER,NORMAL,High claim denial/rejection rate of 100.0%
1174044697,MEDICAL_CLAIM,3,0,0.0,0,0,0,0,0,6.99,7.16,0.0,LOW-RISK PROVIDER,NORMAL,Normal claim patterns
1478817547,PHARMACY_CLAIM,1,0,0.0,0,0,0,0,0,6.98,6.98,0.0,LOW-RISK PROVIDER,NORMAL,Normal claim patterns
1407306418,MEDICAL_CLAIM,1,0,0.0,0,0,0,0,0,6.97,6.97,0.0,LOW-RISK PROVIDER,NORMAL,Normal claim patterns
1710559836,MEDICAL_CLAIM,5,1,20.0,0,0,1,0,0,6.96,26.48,0.0,HIGH-RISK PROVIDER,PROVIDER REQUIRING REVIEW,20.0% flagged records (Threshold: 10%)
1154510808,MEDICAL_CLAIM,1,0,0.0,0,0,0,0,0,6.95,6.95,0.0,LOW-RISK PROVIDER,NORMAL,Normal claim patterns
1870934929,PHARMACY_CLAIM,1,0,0.0,0,0,0,0,0,6.95,6.95,0.0,LOW-RISK PROVIDER,NORMAL,Normal claim patterns
1267386584,PRIOR_AUTH,1,0,0.0,0,0,0,0,0,6.93,6.93,0.0,LOW-RISK PROVIDER,NORMAL,Normal claim patterns
1311804429,PRIOR_AUTH,1,0,0.0,0,0,0,0,0,6.93,6.93,0.0,LOW-RISK PROVIDER,NORMAL,Normal claim patterns
1427677723,MEDICAL_CLAIM,1,0,0.0,0,0,0,0,0,6.93,6.93,0.0,LOW-RISK PROVIDER,NORMAL,Normal claim patterns
1463674817,PRIOR_AUTH,1,0,0.0,0,0,0,0,0,6.93,6.93,0.0,LOW-RISK PROVIDER,NORMAL,Normal claim patterns
1538645613,PHARMACY_CLAIM,1,0,0.0,0,0,0,0,0,6.93,6.93,0.0,LOW-RISK PROVIDER,NORMAL,Normal claim patterns
1552454390,PHARMACY_CLAIM,1,0,0.0,0,0,0,0,0,6.93,6.93,0.0,LOW-RISK PROVIDER,NORMAL,Normal claim patterns
1788171623,PRIOR_AUTH,1,0,0.0,0,0,0,0,0,6.93,6.93,0.0,LOW-RISK PROVIDER,NORMAL,Normal claim patterns
1068103730,PRIOR_AUTH,1,0,0.0,0,0,0,0,0,6.91,6.91,100.0,LOW-RISK PROVIDER,NORMAL,High claim denial/rejection rate of 100.0%
1523826895,PHARMACY_CLAIM,1,0,0.0,0,0,0,0,0,6.91,6.91,0.0,LOW-RISK PROVIDER,NORMAL,Normal claim patterns
1205255304,MEDICAL_CLAIM,1,0,0.0,0,0,0,0,0,6.9,6.9,0.0,LOW-RISK PROVIDER,NORMAL,Normal claim patterns
1367860022,PHARMACY_CLAIM,1,0,0.0,0,0,0,0,0,6.89,6.89,0.0,LOW-RISK PROVIDER,NORMAL,Normal claim patterns
1806205380,PHARMACY_CLAIM,1,0,0.0,0,0,0,0,0,6.89,6.89,0.0,LOW-RISK PROVIDER,NORMAL,Normal claim patterns
1919920427,PRIOR_AUTH,1,0,0.0,0,0,0,0,0,6.89,6.89,100.0,LOW-RISK PROVIDER,NORMAL,High claim denial/rejection rate of 100.0%
1839206113,PHARMACY_CLAIM,1,0,0.0,0,0,0,0,0,6.88,6.88,0.0,LOW-RISK PROVIDER,NORMAL,Normal claim patterns
1207742120,PHARMACY_CLAIM,1,0,0.0,0,0,0,0,0,6.87,6.87,0.0,LOW-RISK PROVIDER,NORMAL,Normal claim patterns
1665287041,PHARMACY_CLAIM,1,0,0.0,0,0,0,0,0,6.86,6.86,0.0,LOW-RISK PROVIDER,NORMAL,Normal claim patterns
1204276437,PHARMACY_CLAIM,1,0,0.0,0,0,0,0,0,6.85,6.85,0.0,LOW-RISK PROVIDER,NORMAL,Normal claim patterns
1670990872,PHARMACY_CLAIM,1,0,0.0,0,0,0,0,0,6.84,6.84,0.0,LOW-RISK PROVIDER,NORMAL,Normal claim patterns
1992253735,PRIOR_AUTH,1,0,0.0,0,0,0,0,0,6.84,6.84,100.0,LOW-RISK PROVIDER,NORMAL,High claim denial/rejection rate of 100.0%
1184725210,MEDICAL_CLAIM,1,0,0.0,0,0,0,0,0,6.83,6.83,0.0,LOW-RISK PROVIDER,NORMAL,Normal claim patterns
1357741130,PHARMACY_CLAIM,1,0,0.0,0,0,0,0,0,6.83,6.83,0.0,LOW-RISK PROVIDER,NORMAL,Normal claim patterns
1600632437,PHARMACY_CLAIM,1,0,0.0,0,0,0,0,0,6.83,6.83,0.0,LOW-RISK PROVIDER,NORMAL,Normal claim patterns
1827623243,PHARMACY_CLAIM,1,0,0.0,0,0,0,0,0,6.83,6.83,0.0,LOW-RISK PROVIDER,NORMAL,Normal claim patterns
1942256508,MEDICAL_CLAIM,1,0,0.0,0,0,0,0,0,6.83,6.83,0.0,LOW-RISK PROVIDER,NORMAL,Normal claim patterns
1920945054,PRIOR_AUTH,1,0,0.0,0,0,0,0,0,6.82,6.82,100.0,LOW-RISK PROVIDER,NORMAL,High claim denial/rejection rate of 100.0%
1467850727,MEDICAL_CLAIM,1,0,0.0,0,0,0,0,0,6.81,6.81,0.0,LOW-RISK PROVIDER,NORMAL,Normal claim patterns
1682875648,PHARMACY_CLAIM,1,0,0.0,0,0,0,0,0,6.79,6.79,0.0,LOW-RISK PROVIDER,NORMAL,Normal claim patterns
1097385919,PHARMACY_CLAIM,1,0,0.0,0,0,0,0,0,6.78,6.78,0.0,LOW-RISK PROVIDER,NORMAL,Normal claim patterns
1904331691,PHARMACY_CLAIM,1,0,0.0,0,0,0,0,0,6.78,6.78,0.0,LOW-RISK PROVIDER,NORMAL,Normal claim patterns
1412499701,PHARMACY_CLAIM,1,0,0.0,0,0,0,0,0,6.75,6.75,0.0,LOW-RISK PROVIDER,NORMAL,Normal claim patterns
1927350858,PHARMACY_CLAIM,1,0,0.0,0,0,0,0,0,6.75,6.75,0.0,LOW-RISK PROVIDER,NORMAL,Normal claim patterns
1361217878,PRIOR_AUTH,1,0,0.0,0,0,0,0,0,6.73,6.73,0.0,LOW-RISK PROVIDER,NORMAL,Normal claim patterns
1449941133,PRIOR_AUTH,1,0,0.0,0,0,0,0,0,6.73,6.73,0.0,LOW-RISK PROVIDER,NORMAL,Normal claim patterns
1735853015,PRIOR_AUTH,1,0,0.0,0,0,0,0,0,6.73,6.73,0.0,LOW-RISK PROVIDER,NORMAL,Normal claim patterns
1758642961,PRIOR_AUTH,1,0,0.0,0,0,0,0,0,6.73,6.73,0.0,LOW-RISK PROVIDER,NORMAL,Normal claim patterns
1008601853,PHARMACY_CLAIM,1,0,0.0,0,0,0,0,0,6.72,6.72,0.0,LOW-RISK PROVIDER,NORMAL,Normal claim patterns
1719137415,PRIOR_AUTH,1,0,0.0,0,0,0,0,0,6.72,6.72,100.0,LOW-RISK PROVIDER,NORMAL,High claim denial/rejection rate of 100.0%
1420566139,PHARMACY_CLAIM,1,0,0.0,0,0,0,0,0,6.7,6.7,0.0,LOW-RISK PROVIDER,NORMAL,Normal claim patterns
1492259420,PHARMACY_CLAIM,1,0,0.0,0,0,0,0,0,6.7,6.7,0.0,LOW-RISK PROVIDER,NORMAL,Normal claim patterns
1700944981,PHARMACY_CLAIM,1,0,0.0,0,0,0,0,0,6.68,6.68,0.0,LOW-RISK PROVIDER,NORMAL,Normal claim patterns
1457802332,MEDICAL_CLAIM,1,0,0.0,0,0,0,0,0,6.67,6.67,0.0,LOW-RISK PROVIDER,NORMAL,Normal claim patterns
1176077987,PHARMACY_CLAIM,1,0,0.0,0,0,0,0,0,6.66,6.66,0.0,LOW-RISK PROVIDER,NORMAL,Normal claim patterns
1257589247,PHARMACY_CLAIM,1,0,0.0,0,0,0,0,0,6.66,6.66,0.0,LOW-RISK PROVIDER,NORMAL,Normal claim patterns
1281765406,PRIOR_AUTH,1,0,0.0,0,0,0,0,0,6.66,6.66,100.0,LOW-RISK PROVIDER,NORMAL,High claim denial/rejection rate of 100.0%
1560024990,PRIOR_AUTH,1,0,0.0,0,0,0,0,0,6.66,6.66,100.0,LOW-RISK PROVIDER,NORMAL,High claim denial/rejection rate of 100.0%
1649368523,MEDICAL_CLAIM,1,0,0.0,0,0,0,0,0,6.66,6.66,0.0,LOW-RISK PROVIDER,NORMAL,Normal claim patterns
1018291100,PRIOR_AUTH,1,0,0.0,0,0,0,0,0,6.65,6.65,0.0,LOW-RISK PROVIDER,NORMAL,Normal claim patterns
1226971813,PHARMACY_CLAIM,1,0,0.0,0,0,0,0,0,6.65,6.65,0.0,LOW-RISK PROVIDER,NORMAL,Normal claim patterns
1664911213,PHARMACY_CLAIM,1,0,0.0,0,0,0,0,0,6.65,6.65,0.0,LOW-RISK PROVIDER,NORMAL,Normal claim patterns
1249121481,PRIOR_AUTH,1,0,0.0,0,0,0,0,0,6.64,6.64,100.0,LOW-RISK PROVIDER,NORMAL,High claim denial/rejection rate of 100.0%
1841232755,PRIOR_AUTH,1,0,0.0,0,0,0,0,0,6.64,6.64,100.0,LOW-RISK PROVIDER,NORMAL,High claim denial/rejection rate of 100.0%
1842039958,PHARMACY_CLAIM,1,0,0.0,0,0,0,0,0,6.64,6.64,0.0,LOW-RISK PROVIDER,NORMAL,Normal claim patterns
1902042852,PHARMACY_CLAIM,1,0,0.0,0,0,0,0,0,6.64,6.64,0.0,LOW-RISK PROVIDER,NORMAL,Normal claim patterns
1421158511,PHARMACY_CLAIM,1,0,0.0,0,0,0,0,0,6.63,6.63,0.0,LOW-RISK PROVIDER,NORMAL,Normal claim patterns
1166757664,PHARMACY_CLAIM,1,0,0.0,0,0,0,0,0,6.61,6.61,0.0,LOW-RISK PROVIDER,NORMAL,Normal claim patterns
1644355523,PHARMACY_CLAIM,1,0,0.0,0,0,0,0,0,6.61,6.61,0.0,LOW-RISK PROVIDER,NORMAL,Normal claim patterns
1039218639,PHARMACY_CLAIM,1,0,0.0,0,0,0,0,0,6.6,6.6,0.0,LOW-RISK PROVIDER,NORMAL,Normal claim patterns
1193678226,PHARMACY_CLAIM,1,0,0.0,0,0,0,0,0,6.6,6.6,0.0,LOW-RISK PROVIDER,NORMAL,Normal claim patterns
1380594270,PRIOR_AUTH,1,0,0.0,0,0,0,0,0,6.6,6.6,100.0,LOW-RISK PROVIDER,NORMAL,High claim denial/rejection rate of 100.0%
1407443727,PRIOR_AUTH,1,0,0.0,0,0,0,0,0,6.6,6.6,100.0,LOW-RISK PROVIDER,NORMAL,High claim denial/rejection rate of 100.0%
1442277309,PHARMACY_CLAIM,1,0,0.0,0,0,0,0,0,6.6,6.6,0.0,LOW-RISK PROVIDER,NORMAL,Normal claim patterns
1016890230,PHARMACY_CLAIM,1,0,0.0,0,0,0,0,0,6.59,6.59,0.0,LOW-RISK PROVIDER,NORMAL,Normal claim patterns
1411464440,PHARMACY_CLAIM,1,0,0.0,0,0,0,0,0,6.59,6.59,0.0,LOW-RISK PROVIDER,NORMAL,Normal claim patterns
1546480583,PRIOR_AUTH,1,0,0.0,0,0,0,0,0,6.59,6.59,0.0,LOW-RISK PROVIDER,NORMAL,Normal claim patterns
1831361344,MEDICAL_CLAIM,2,0,0.0,0,0,0,0,0,6.57,8.8,0.0,LOW-RISK PROVIDER,NORMAL,Normal claim patterns
1067537691,PRIOR_AUTH,1,0,0.0,0,0,0,0,0,6.55,6.55,0.0,LOW-RISK PROVIDER,NORMAL,Normal claim patterns
1143950814,PRIOR_AUTH,1,0,0.0,0,0,0,0,0,6.55,6.55,0.0,LOW-RISK PROVIDER,NORMAL,Normal claim patterns
1150227191,PRIOR_AUTH,1,0,0.0,0,0,0,0,0,6.55,6.55,0.0,LOW-RISK PROVIDER,NORMAL,Normal claim patterns
1162302028,PRIOR_AUTH,1,0,0.0,0,0,0,0,0,6.55,6.55,0.0,LOW-RISK PROVIDER,NORMAL,Normal claim patterns
1290944366,PRIOR_AUTH,1,0,0.0,0,0,0,0,0,6.55,6.55,0.0,LOW-RISK PROVIDER,NORMAL,Normal claim patterns
1452730054,PRIOR_AUTH,1,0,0.0,0,0,0,0,0,6.55,6.55,0.0,LOW-RISK PROVIDER,NORMAL,Normal claim patterns
1635126913,PRIOR_AUTH,1,0,0.0,0,0,0,0,0,6.55,6.55,0.0,LOW-RISK PROVIDER,NORMAL,Normal claim patterns
1653776747,PRIOR_AUTH,1,0,0.0,0,0,0,0,0,6.55,6.55,0.0,LOW-RISK PROVIDER,NORMAL,Normal claim patterns
1789019354,PHARMACY_CLAIM,1,0,0.0,0,0,0,0,0,6.55,6.55,0.0,LOW-RISK PROVIDER,NORMAL,Normal claim patterns
1814002461,PRIOR_AUTH,1,0,0.0,0,0,0,0,0,6.55,6.55,0.0,LOW-RISK PROVIDER,NORMAL,Normal claim patterns
1821121059,PRIOR_AUTH,1,0,0.0,0,0,0,0,0,6.55,6.55,0.0,LOW-RISK PROVIDER,NORMAL,Normal claim patterns
1398070923,PHARMACY_CLAIM,1,0,0.0,0,0,0,0,0,6.54,6.54,0.0,LOW-RISK PROVIDER,NORMAL,Normal claim patterns
1011853836,PHARMACY_CLAIM,1,0,0.0,0,0,0,0,0,6.53,6.53,0.0,LOW-RISK PROVIDER,NORMAL,Normal claim patterns
1710572860,PHARMACY_CLAIM,1,0,0.0,0,0,0,0,0,6.52,6.52,0.0,LOW-RISK PROVIDER,NORMAL,Normal claim patterns
1124717651,PRIOR_AUTH,1,0,0.0,0,0,0,0,0,6.5,6.5,0.0,LOW-RISK PROVIDER,NORMAL,Normal claim patterns
1622325181,PRIOR_AUTH,1,0,0.0,0,0,0,0,0,6.5,6.5,0.0,LOW-RISK PROVIDER,NORMAL,Normal claim patterns
1926745760,PRIOR_AUTH,1,0,0.0,0,0,0,0,0,6.5,6.5,0.0,LOW-RISK PROVIDER,NORMAL,Normal claim patterns
1057479622,PHARMACY_CLAIM,1,0,0.0,0,0,0,0,0,6.49,6.49,0.0,LOW-RISK PROVIDER,NORMAL,Normal claim patterns
1789149955,PRIOR_AUTH,1,0,0.0,0,0,0,0,0,6.49,6.49,100.0,LOW-RISK PROVIDER,NORMAL,High claim denial/rejection rate of 100.0%
1927881824,PHARMACY_CLAIM,1,0,0.0,0,0,0,0,0,6.47,6.47,0.0,LOW-RISK PROVIDER,NORMAL,Normal claim patterns
1841709763,MEDICAL_CLAIM,5,1,20.0,0,0,1,0,0,6.46,26.65,0.0,HIGH-RISK PROVIDER,PROVIDER REQUIRING REVIEW,20.0% flagged records (Threshold: 10%)
1092542335,PHARMACY_CLAIM,1,0,0.0,0,0,0,0,0,6.46,6.46,0.0,LOW-RISK PROVIDER,NORMAL,Normal claim patterns
1219039957,PRIOR_AUTH,1,0,0.0,0,0,0,0,0,6.44,6.44,0.0,LOW-RISK PROVIDER,NORMAL,Normal claim patterns
1272473509,PRIOR_AUTH,1,0,0.0,0,0,0,0,0,6.44,6.44,0.0,LOW-RISK PROVIDER,NORMAL,Normal claim patterns
1356640201,PRIOR_AUTH,1,0,0.0,0,0,0,0,0,6.44,6.44,0.0,LOW-RISK PROVIDER,NORMAL,Normal claim patterns
1428368094,PRIOR_AUTH,1,0,0.0,0,0,0,0,0,6.44,6.44,0.0,LOW-RISK PROVIDER,NORMAL,Normal claim patterns
1471060628,PRIOR_AUTH,1,0,0.0,0,0,0,0,0,6.44,6.44,0.0,LOW-RISK PROVIDER,NORMAL,Normal claim patterns
1483259798,PHARMACY_CLAIM,1,0,0.0,0,0,0,0,0,6.44,6.44,0.0,LOW-RISK PROVIDER,NORMAL,Normal claim patterns
1579776187,PHARMACY_CLAIM,1,0,0.0,0,0,0,0,0,6.44,6.44,0.0,LOW-RISK PROVIDER,NORMAL,Normal claim patterns
1891483383,PRIOR_AUTH,1,0,0.0,0,0,0,0,0,6.44,6.44,0.0,LOW-RISK PROVIDER,NORMAL,Normal claim patterns
1063422756,MEDICAL_CLAIM,1,0,0.0,0,0,0,0,0,6.43,6.43,0.0,LOW-RISK PROVIDER,NORMAL,Normal claim patterns
1905376638,PHARMACY_CLAIM,1,0,0.0,0,0,0,0,0,6.43,6.43,0.0,LOW-RISK PROVIDER,NORMAL,Normal claim patterns
1670279022,PHARMACY_CLAIM,1,0,0.0,0,0,0,0,0,6.41,6.41,0.0,LOW-RISK PROVIDER,NORMAL,Normal claim patterns
1232686580,PRIOR_AUTH,1,0,0.0,0,0,0,0,0,6.4,6.4,100.0,LOW-RISK PROVIDER,NORMAL,High claim denial/rejection rate of 100.0%
1571161190,PHARMACY_CLAIM,1,0,0.0,0,0,0,0,0,6.4,6.4,0.0,LOW-RISK PROVIDER,NORMAL,Normal claim patterns
1677184912,PHARMACY_CLAIM,1,0,0.0,0,0,0,0,0,6.4,6.4,0.0,LOW-RISK PROVIDER,NORMAL,Normal claim patterns
1486668894,PHARMACY_CLAIM,1,0,0.0,0,0,0,0,0,6.39,6.39,0.0,LOW-RISK PROVIDER,NORMAL,Normal claim patterns
1827158807,PHARMACY_CLAIM,1,0,0.0,0,0,0,0,0,6.39,6.39,0.0,LOW-RISK PROVIDER,NORMAL,Normal claim patterns
1117233697,PHARMACY_CLAIM,1,0,0.0,0,0,0,0,0,6.38,6.38,0.0,LOW-RISK PROVIDER,NORMAL,Normal claim patterns
1805599498,PHARMACY_CLAIM,1,0,0.0,0,0,0,0,0,6.38,6.38,0.0,LOW-RISK PROVIDER,NORMAL,Normal claim patterns
1890718030,PHARMACY_CLAIM,1,0,0.0,0,0,0,0,0,6.38,6.38,0.0,LOW-RISK PROVIDER,NORMAL,Normal claim patterns
1609080855,PHARMACY_CLAIM,1,0,0.0,0,0,0,0,0,6.36,6.36,0.0,LOW-RISK PROVIDER,NORMAL,Normal claim patterns
1060733886,PHARMACY_CLAIM,1,0,0.0,0,0,0,0,0,6.35,6.35,0.0,LOW-RISK PROVIDER,NORMAL,Normal claim patterns
1175992044,PHARMACY_CLAIM,1,0,0.0,0,0,0,0,0,6.35,6.35,0.0,LOW-RISK PROVIDER,NORMAL,Normal claim patterns
1627607228,PRIOR_AUTH,1,0,0.0,0,0,0,0,0,6.35,6.35,100.0,LOW-RISK PROVIDER,NORMAL,High claim denial/rejection rate of 100.0%
1083423880,PHARMACY_CLAIM,1,0,0.0,0,0,0,0,0,6.34,6.34,0.0,LOW-RISK PROVIDER,NORMAL,Normal claim patterns
1422550987,PRIOR_AUTH,1,0,0.0,0,0,0,0,0,6.34,6.34,100.0,LOW-RISK PROVIDER,NORMAL,High claim denial/rejection rate of 100.0%
1478358364,PRIOR_AUTH,1,0,0.0,0,0,0,0,0,6.34,6.34,0.0,LOW-RISK PROVIDER,NORMAL,Normal claim patterns
1783258999,PHARMACY_CLAIM,1,0,0.0,0,0,0,0,0,6.34,6.34,0.0,LOW-RISK PROVIDER,NORMAL,Normal claim patterns
1943608424,PRIOR_AUTH,1,0,0.0,0,0,0,0,0,6.34,6.34,0.0,LOW-RISK PROVIDER,NORMAL,Normal claim patterns
1828535432,PHARMACY_CLAIM,1,0,0.0,0,0,0,0,0,6.33,6.33,0.0,LOW-RISK PROVIDER,NORMAL,Normal claim patterns
1028723752,PHARMACY_CLAIM,1,0,0.0,0,0,0,0,0,6.32,6.32,0.0,LOW-RISK PROVIDER,NORMAL,Normal claim patterns
1034193619,PRIOR_AUTH,1,0,0.0,0,0,0,0,0,6.32,6.32,100.0,LOW-RISK PROVIDER,NORMAL,High claim denial/rejection rate of 100.0%
1151728400,PHARMACY_CLAIM,1,0,0.0,0,0,0,0,0,6.32,6.32,0.0,LOW-RISK PROVIDER,NORMAL,Normal claim patterns
1752852447,PRIOR_AUTH,1,0,0.0,0,0,0,0,0,6.32,6.32,100.0,LOW-RISK PROVIDER,NORMAL,High claim denial/rejection rate of 100.0%
1403786283,PRIOR_AUTH,1,0,0.0,0,0,0,0,0,6.31,6.31,100.0,LOW-RISK PROVIDER,NORMAL,High claim denial/rejection rate of 100.0%
1715581694,PHARMACY_CLAIM,1,0,0.0,0,0,0,0,0,6.3,6.3,0.0,LOW-RISK PROVIDER,NORMAL,Normal claim patterns
1053285774,PHARMACY_CLAIM,1,0,0.0,0,0,0,0,0,6.29,6.29,0.0,LOW-RISK PROVIDER,NORMAL,Normal claim patterns
1696440940,PHARMACY_CLAIM,1,0,0.0,0,0,0,0,0,6.29,6.29,0.0,LOW-RISK PROVIDER,NORMAL,Normal claim patterns
1141861755,PRIOR_AUTH,1,0,0.0,0,0,0,0,0,6.28,6.28,100.0,LOW-RISK PROVIDER,NORMAL,High claim denial/rejection rate of 100.0%
1423591980,PHARMACY_CLAIM,1,0,0.0,0,0,0,0,0,6.28,6.28,0.0,LOW-RISK PROVIDER,NORMAL,Normal claim patterns
1405615480,PHARMACY_CLAIM,1,0,0.0,0,0,0,0,0,6.27,6.27,0.0,LOW-RISK PROVIDER,NORMAL,Normal claim patterns
1764234241,PHARMACY_CLAIM,1,0,0.0,0,0,0,0,0,6.27,6.27,0.0,LOW-RISK PROVIDER,NORMAL,Normal claim patterns
1919530696,PRIOR_AUTH,1,0,0.0,0,0,0,0,0,6.27,6.27,100.0,LOW-RISK PROVIDER,NORMAL,High claim denial/rejection rate of 100.0%
1939166482,PHARMACY_CLAIM,1,0,0.0,0,0,0,0,0,6.27,6.27,0.0,LOW-RISK PROVIDER,NORMAL,Normal claim patterns
1300452618,PHARMACY_CLAIM,1,0,0.0,0,0,0,0,0,6.26,6.26,0.0,LOW-RISK PROVIDER,NORMAL,Normal claim patterns
1521815787,PRIOR_AUTH,1,0,0.0,0,0,0,0,0,6.26,6.26,100.0,LOW-RISK PROVIDER,NORMAL,High claim denial/rejection rate of 100.0%
1621969593,PHARMACY_CLAIM,1,0,0.0,0,0,0,0,0,6.26,6.26,0.0,LOW-RISK PROVIDER,NORMAL,Normal claim patterns
1962425611,MEDICAL_CLAIM,2,0,0.0,0,0,0,0,0,6.25,9.48,0.0,LOW-RISK PROVIDER,NORMAL,Normal claim patterns
1199898927,PRIOR_AUTH,1,0,0.0,0,0,0,0,0,6.25,6.25,100.0,LOW-RISK PROVIDER,NORMAL,High claim denial/rejection rate of 100.0%
1279295176,PRIOR_AUTH,1,0,0.0,0,0,0,0,0,6.25,6.25,100.0,LOW-RISK PROVIDER,NORMAL,High claim denial/rejection rate of 100.0%
1721962580,PHARMACY_CLAIM,1,0,0.0,0,0,0,0,0,6.25,6.25,0.0,LOW-RISK PROVIDER,NORMAL,Normal claim patterns
1959341867,PRIOR_AUTH,1,0,0.0,0,0,0,0,0,6.25,6.25,100.0,LOW-RISK PROVIDER,NORMAL,High claim denial/rejection rate of 100.0%
1102299490,PHARMACY_CLAIM,1,0,0.0,0,0,0,0,0,6.24,6.24,0.0,LOW-RISK PROVIDER,NORMAL,Normal claim patterns
1336516178,MEDICAL_CLAIM,1,0,0.0,0,0,0,0,0,6.24,6.24,0.0,LOW-RISK PROVIDER,NORMAL,Normal claim patterns
1636209676,PRIOR_AUTH,1,0,0.0,0,0,0,0,0,6.23,6.23,100.0,LOW-RISK PROVIDER,NORMAL,High claim denial/rejection rate of 100.0%
1669847668,PHARMACY_CLAIM,1,0,0.0,0,0,0,0,0,6.23,6.23,0.0,LOW-RISK PROVIDER,NORMAL,Normal claim patterns
1982402991,PHARMACY_CLAIM,1,0,0.0,0,0,0,0,0,6.22,6.22,0.0,LOW-RISK PROVIDER,NORMAL,Normal claim patterns
1089003008,PHARMACY_CLAIM,1,0,0.0,0,0,0,0,0,6.21,6.21,0.0,LOW-RISK PROVIDER,NORMAL,Normal claim patterns
1114255092,PHARMACY_CLAIM,1,0,0.0,0,0,0,0,0,6.21,6.21,0.0,LOW-RISK PROVIDER,NORMAL,Normal claim patterns
1727849657,PRIOR_AUTH,1,0,0.0,0,0,0,0,0,6.21,6.21,0.0,LOW-RISK PROVIDER,NORMAL,Normal claim patterns
1835843150,PRIOR_AUTH,1,0,0.0,0,0,0,0,0,6.21,6.21,0.0,LOW-RISK PROVIDER,NORMAL,Normal claim patterns
1351162185,PRIOR_AUTH,1,0,0.0,0,0,0,0,0,6.2,6.2,100.0,LOW-RISK PROVIDER,NORMAL,High claim denial/rejection rate of 100.0%
1891060828,MEDICAL_CLAIM,1,0,0.0,0,0,0,0,0,6.2,6.2,0.0,LOW-RISK PROVIDER,NORMAL,Normal claim patterns
1976809354,PHARMACY_CLAIM,1,0,0.0,0,0,0,0,0,6.2,6.2,0.0,LOW-RISK PROVIDER,NORMAL,Normal claim patterns
1035678406,PHARMACY_CLAIM,1,0,0.0,0,0,0,0,0,6.19,6.19,0.0,LOW-RISK PROVIDER,NORMAL,Normal claim patterns
1172584444,PHARMACY_CLAIM,1,0,0.0,0,0,0,0,0,6.19,6.19,0.0,LOW-RISK PROVIDER,NORMAL,Normal claim patterns
1455060735,PRIOR_AUTH,1,0,0.0,0,0,0,0,0,6.19,6.19,0.0,LOW-RISK PROVIDER,NORMAL,Normal claim patterns
1472503549,PRIOR_AUTH,1,0,0.0,0,0,0,0,0,6.19,6.19,0.0,LOW-RISK PROVIDER,NORMAL,Normal claim patterns
1557957678,PRIOR_AUTH,1,0,0.0,0,0,0,0,0,6.19,6.19,0.0,LOW-RISK PROVIDER,NORMAL,Normal claim patterns
1346297367,PHARMACY_CLAIM,1,0,0.0,0,0,0,0,0,6.18,6.18,0.0,LOW-RISK PROVIDER,NORMAL,Normal claim patterns
1742251247,PHARMACY_CLAIM,1,0,0.0,0,0,0,0,0,6.18,6.18,0.0,LOW-RISK PROVIDER,NORMAL,Normal claim patterns
1205889540,MEDICAL_CLAIM,2,0,0.0,0,0,0,0,0,6.16,6.23,0.0,LOW-RISK PROVIDER,NORMAL,Normal claim patterns
1166494980,PRIOR_AUTH,1,0,0.0,0,0,0,0,0,6.16,6.16,0.0,LOW-RISK PROVIDER,NORMAL,Normal claim patterns
1301022378,PRIOR_AUTH,1,0,0.0,0,0,0,0,0,6.16,6.16,0.0,LOW-RISK PROVIDER,NORMAL,Normal claim patterns
1304809065,PRIOR_AUTH,1,0,0.0,0,0,0,0,0,6.16,6.16,0.0,LOW-RISK PROVIDER,NORMAL,Normal claim patterns
1340954431,PHARMACY_CLAIM,1,0,0.0,0,0,0,0,0,6.16,6.16,0.0,LOW-RISK PROVIDER,NORMAL,Normal claim patterns
1432058435,PRIOR_AUTH,1,0,0.0,0,0,0,0,0,6.16,6.16,0.0,LOW-RISK PROVIDER,NORMAL,Normal claim patterns
1514846080,PHARMACY_CLAIM,1,0,0.0,0,0,0,0,0,6.16,6.16,0.0,LOW-RISK PROVIDER,NORMAL,Normal claim patterns
1605150626,PRIOR_AUTH,1,0,0.0,0,0,0,0,0,6.16,6.16,0.0,LOW-RISK PROVIDER,NORMAL,Normal claim patterns
1640732798,PRIOR_AUTH,1,0,0.0,0,0,0,0,0,6.16,6.16,0.0,LOW-RISK PROVIDER,NORMAL,Normal claim patterns
1766438964,PRIOR_AUTH,1,0,0.0,0,0,0,0,0,6.16,6.16,0.0,LOW-RISK PROVIDER,NORMAL,Normal claim patterns
1818235823,PHARMACY_CLAIM,1,0,0.0,0,0,0,0,0,6.16,6.16,0.0,LOW-RISK PROVIDER,NORMAL,Normal claim patterns
1849106301,PRIOR_AUTH,1,0,0.0,0,0,0,0,0,6.16,6.16,0.0,LOW-RISK PROVIDER,NORMAL,Normal claim patterns
1134246747,MEDICAL_CLAIM,1,0,0.0,0,0,0,0,0,6.14,6.14,0.0,LOW-RISK PROVIDER,NORMAL,Normal claim patterns
1596875630,PHARMACY_CLAIM,1,0,0.0,0,0,0,0,0,6.14,6.14,0.0,LOW-RISK PROVIDER,NORMAL,Normal claim patterns
1714563507,PHARMACY_CLAIM,1,0,0.0,0,0,0,0,0,6.14,6.14,0.0,LOW-RISK PROVIDER,NORMAL,Normal claim patterns
1415495857,PRIOR_AUTH,1,0,0.0,0,0,0,0,0,6.13,6.13,100.0,LOW-RISK PROVIDER,NORMAL,High claim denial/rejection rate of 100.0%
1893344847,PHARMACY_CLAIM,1,0,0.0,0,0,0,0,0,6.12,6.12,0.0,LOW-RISK PROVIDER,NORMAL,Normal claim patterns
1159348124,PHARMACY_CLAIM,1,0,0.0,0,0,0,0,0,6.11,6.11,0.0,LOW-RISK PROVIDER,NORMAL,Normal claim patterns
1790943507,PHARMACY_CLAIM,1,0,0.0,0,0,0,0,0,6.11,6.11,0.0,LOW-RISK PROVIDER,NORMAL,Normal claim patterns
1043856416,PHARMACY_CLAIM,1,0,0.0,0,0,0,0,0,6.1,6.1,0.0,LOW-RISK PROVIDER,NORMAL,Normal claim patterns
1362378463,PRIOR_AUTH,1,0,0.0,0,0,0,0,0,6.09,6.09,0.0,LOW-RISK PROVIDER,NORMAL,Normal claim patterns
1397126253,PRIOR_AUTH,1,0,0.0,0,0,0,0,0,6.09,6.09,0.0,LOW-RISK PROVIDER,NORMAL,Normal claim patterns
1465069278,PRIOR_AUTH,1,0,0.0,0,0,0,0,0,6.09,6.09,0.0,LOW-RISK PROVIDER,NORMAL,Normal claim patterns
1512992526,PHARMACY_CLAIM,1,0,0.0,0,0,0,0,0,6.09,6.09,0.0,LOW-RISK PROVIDER,NORMAL,Normal claim patterns
1538337089,PHARMACY_CLAIM,1,0,0.0,0,0,0,0,0,6.09,6.09,0.0,LOW-RISK PROVIDER,NORMAL,Normal claim patterns
1631851004,PRIOR_AUTH,1,0,0.0,0,0,0,0,0,6.09,6.09,0.0,LOW-RISK PROVIDER,NORMAL,Normal claim patterns
1692782863,PRIOR_AUTH,1,0,0.0,0,0,0,0,0,6.09,6.09,0.0,LOW-RISK PROVIDER,NORMAL,Normal claim patterns
1745139534,PRIOR_AUTH,1,0,0.0,0,0,0,0,0,6.09,6.09,0.0,LOW-RISK PROVIDER,NORMAL,Normal claim patterns
1890242221,PRIOR_AUTH,1,0,0.0,0,0,0,0,0,6.09,6.09,0.0,LOW-RISK PROVIDER,NORMAL,Normal claim patterns
1994954903,PRIOR_AUTH,1,0,0.0,0,0,0,0,0,6.09,6.09,0.0,LOW-RISK PROVIDER,NORMAL,Normal claim patterns
1375360095,PHARMACY_CLAIM,1,0,0.0,0,0,0,0,0,6.08,6.08,0.0,LOW-RISK PROVIDER,NORMAL,Normal claim patterns
1551224124,PHARMACY_CLAIM,1,0,0.0,0,0,0,0,0,6.08,6.08,0.0,LOW-RISK PROVIDER,NORMAL,Normal claim patterns
1285171199,MEDICAL_CLAIM,1,0,0.0,0,0,0,0,0,6.07,6.07,0.0,LOW-RISK PROVIDER,NORMAL,Normal claim patterns
1581252474,PHARMACY_CLAIM,1,0,0.0,0,0,0,0,0,6.07,6.07,0.0,LOW-RISK PROVIDER,NORMAL,Normal claim patterns
1660469758,PRIOR_AUTH,1,0,0.0,0,0,0,0,0,6.07,6.07,100.0,LOW-RISK PROVIDER,NORMAL,High claim denial/rejection rate of 100.0%
1780918045,MEDICAL_CLAIM,1,0,0.0,0,0,0,0,0,6.07,6.07,0.0,LOW-RISK PROVIDER,NORMAL,Normal claim patterns
1164083374,MEDICAL_CLAIM,2,0,0.0,0,0,0,0,0,6.06,6.89,0.0,LOW-RISK PROVIDER,NORMAL,Normal claim patterns
1738313877,PHARMACY_CLAIM,1,0,0.0,0,0,0,0,0,6.06,6.06,0.0,LOW-RISK PROVIDER,NORMAL,Normal claim patterns
1750783556,PHARMACY_CLAIM,1,0,0.0,0,0,0,0,0,6.06,6.06,0.0,LOW-RISK PROVIDER,NORMAL,Normal claim patterns
1174579262,MEDICAL_CLAIM,1,0,0.0,0,0,0,0,0,6.05,6.05,0.0,LOW-RISK PROVIDER,NORMAL,Normal claim patterns
1912954720,PHARMACY_CLAIM,1,0,0.0,0,0,0,0,0,6.05,6.05,0.0,LOW-RISK PROVIDER,NORMAL,Normal claim patterns
1124169073,MEDICAL_CLAIM,2,0,0.0,0,0,0,0,0,6.04,7.54,0.0,LOW-RISK PROVIDER,NORMAL,Normal claim patterns
1087601612,PHARMACY_CLAIM,1,0,0.0,0,0,0,0,0,6.04,6.04,0.0,LOW-RISK PROVIDER,NORMAL,Normal claim patterns
1171236614,PHARMACY_CLAIM,1,0,0.0,0,0,0,0,0,6.04,6.04,0.0,LOW-RISK PROVIDER,NORMAL,Normal claim patterns
1969022573,PHARMACY_CLAIM,1,0,0.0,0,0,0,0,0,6.04,6.04,0.0,LOW-RISK PROVIDER,NORMAL,Normal claim patterns
1070436974,PRIOR_AUTH,1,0,0.0,0,0,0,0,0,6.03,6.03,100.0,LOW-RISK PROVIDER,NORMAL,High claim denial/rejection rate of 100.0%
1181151237,PHARMACY_CLAIM,1,0,0.0,0,0,0,0,0,6.03,6.03,0.0,LOW-RISK PROVIDER,NORMAL,Normal claim patterns
1252508980,PRIOR_AUTH,1,0,0.0,0,0,0,0,0,6.03,6.03,100.0,LOW-RISK PROVIDER,NORMAL,High claim denial/rejection rate of 100.0%
1408904411,PHARMACY_CLAIM,1,0,0.0,0,0,0,0,0,6.03,6.03,0.0,LOW-RISK PROVIDER,NORMAL,Normal claim patterns
1699016527,MEDICAL_CLAIM,2,0,0.0,0,0,0,0,0,6.02,8.41,0.0,LOW-RISK PROVIDER,NORMAL,Normal claim patterns
1233282699,PHARMACY_CLAIM,1,0,0.0,0,0,0,0,0,6.02,6.02,0.0,LOW-RISK PROVIDER,NORMAL,Normal claim patterns
1060882278,PHARMACY_CLAIM,1,0,0.0,0,0,0,0,0,6.01,6.01,0.0,LOW-RISK PROVIDER,NORMAL,Normal claim patterns
1363144206,PHARMACY_CLAIM,1,0,0.0,0,0,0,0,0,6.01,6.01,0.0,LOW-RISK PROVIDER,NORMAL,Normal claim patterns
1285663328,MEDICAL_CLAIM,3,0,0.0,0,0,0,0,0,6.0,8.52,0.0,LOW-RISK PROVIDER,NORMAL,Normal claim patterns
1202382314,PHARMACY_CLAIM,1,0,0.0,0,0,0,0,0,6.0,6.0,0.0,LOW-RISK PROVIDER,NORMAL,Normal claim patterns
1266906131,PRIOR_AUTH,1,0,0.0,0,0,0,0,0,6.0,6.0,100.0,LOW-RISK PROVIDER,NORMAL,High claim denial/rejection rate of 100.0%
1182295033,PRIOR_AUTH,1,0,0.0,0,0,0,0,0,5.99,5.99,100.0,LOW-RISK PROVIDER,NORMAL,High claim denial/rejection rate of 100.0%
1754415136,PHARMACY_CLAIM,1,0,0.0,0,0,0,0,0,5.99,5.99,0.0,LOW-RISK PROVIDER,NORMAL,Normal claim patterns
1973192425,PHARMACY_CLAIM,1,0,0.0,0,0,0,0,0,5.99,5.99,0.0,LOW-RISK PROVIDER,NORMAL,Normal claim patterns
1107853483,PRIOR_AUTH,1,0,0.0,0,0,0,0,0,5.98,5.98,100.0,LOW-RISK PROVIDER,NORMAL,High claim denial/rejection rate of 100.0%
1979316090,PRIOR_AUTH,1,0,0.0,0,0,0,0,0,5.98,5.98,0.0,LOW-RISK PROVIDER,NORMAL,Normal claim patterns
1144206602,PRIOR_AUTH,1,0,0.0,0,0,0,0,0,5.97,5.97,100.0,LOW-RISK PROVIDER,NORMAL,High claim denial/rejection rate of 100.0%
1231021967,PRIOR_AUTH,1,0,0.0,0,0,0,0,0,5.97,5.97,100.0,LOW-RISK PROVIDER,NORMAL,High claim denial/rejection rate of 100.0%
1662589992,PHARMACY_CLAIM,1,0,0.0,0,0,0,0,0,5.97,5.97,0.0,LOW-RISK PROVIDER,NORMAL,Normal claim patterns
1831920714,PHARMACY_CLAIM,1,0,0.0,0,0,0,0,0,5.96,5.96,0.0,LOW-RISK PROVIDER,NORMAL,Normal claim patterns
1962711650,PHARMACY_CLAIM,1,0,0.0,0,0,0,0,0,5.96,5.96,0.0,LOW-RISK PROVIDER,NORMAL,Normal claim patterns
1357042649,PRIOR_AUTH,1,0,0.0,0,0,0,0,0,5.95,5.95,100.0,LOW-RISK PROVIDER,NORMAL,High claim denial/rejection rate of 100.0%
1608450349,PHARMACY_CLAIM,1,0,0.0,0,0,0,0,0,5.95,5.95,0.0,LOW-RISK PROVIDER,NORMAL,Normal claim patterns
1409746484,PHARMACY_CLAIM,1,0,0.0,0,0,0,0,0,5.94,5.94,0.0,LOW-RISK PROVIDER,NORMAL,Normal claim patterns
1699833129,MEDICAL_CLAIM,3,0,0.0,0,0,0,0,0,5.93,7.05,0.0,LOW-RISK PROVIDER,NORMAL,Normal claim patterns
1110980725,PHARMACY_CLAIM,1,0,0.0,0,0,0,0,0,5.93,5.93,0.0,LOW-RISK PROVIDER,NORMAL,Normal claim patterns
1740329422,PHARMACY_CLAIM,1,0,0.0,0,0,0,0,0,5.93,5.93,0.0,LOW-RISK PROVIDER,NORMAL,Normal claim patterns
1875047057,PHARMACY_CLAIM,1,0,0.0,0,0,0,0,0,5.93,5.93,0.0,LOW-RISK PROVIDER,NORMAL,Normal claim patterns
1105113065,PHARMACY_CLAIM,1,0,0.0,0,0,0,0,0,5.92,5.92,0.0,LOW-RISK PROVIDER,NORMAL,Normal claim patterns
1341323689,PHARMACY_CLAIM,1,0,0.0,0,0,0,0,0,5.92,5.92,0.0,LOW-RISK PROVIDER,NORMAL,Normal claim patterns
1952114272,PRIOR_AUTH,1,0,0.0,0,0,0,0,0,5.91,5.91,0.0,LOW-RISK PROVIDER,NORMAL,Normal claim patterns
1020025465,PRIOR_AUTH,1,0,0.0,0,0,0,0,0,5.89,5.89,100.0,LOW-RISK PROVIDER,NORMAL,High claim denial/rejection rate of 100.0%
1712799907,PRIOR_AUTH,1,0,0.0,0,0,0,0,0,5.89,5.89,100.0,LOW-RISK PROVIDER,NORMAL,High claim denial/rejection rate of 100.0%
1327135660,PHARMACY_CLAIM,1,0,0.0,0,0,0,0,0,5.87,5.87,0.0,LOW-RISK PROVIDER,NORMAL,Normal claim patterns
1424629502,PHARMACY_CLAIM,1,0,0.0,0,0,0,0,0,5.87,5.87,0.0,LOW-RISK PROVIDER,NORMAL,Normal claim patterns
1639271794,MEDICAL_CLAIM,6,1,16.67,0,0,1,0,0,5.86,26.99,0.0,HIGH-RISK PROVIDER,PROVIDER REQUIRING REVIEW,16.7% flagged records (Threshold: 10%)
1093259681,MEDICAL_CLAIM,1,0,0.0,0,0,0,0,0,5.86,5.86,0.0,LOW-RISK PROVIDER,NORMAL,Normal claim patterns
1033428214,MEDICAL_CLAIM,1,0,0.0,0,0,0,0,0,5.85,5.85,0.0,LOW-RISK PROVIDER,NORMAL,Normal claim patterns
1331179910,PHARMACY_CLAIM,1,0,0.0,0,0,0,0,0,5.85,5.85,0.0,LOW-RISK PROVIDER,NORMAL,Normal claim patterns
1627578658,PHARMACY_CLAIM,1,0,0.0,0,0,0,0,0,5.85,5.85,0.0,LOW-RISK PROVIDER,NORMAL,Normal claim patterns
1689766206,MEDICAL_CLAIM,1,0,0.0,0,0,0,0,0,5.85,5.85,0.0,LOW-RISK PROVIDER,NORMAL,Normal claim patterns
1706877304,PRIOR_AUTH,1,0,0.0,0,0,0,0,0,5.84,5.84,100.0,LOW-RISK PROVIDER,NORMAL,High claim denial/rejection rate of 100.0%
1795556857,PHARMACY_CLAIM,1,0,0.0,0,0,0,0,0,5.83,5.83,0.0,LOW-RISK PROVIDER,NORMAL,Normal claim patterns
1203661316,PHARMACY_CLAIM,1,0,0.0,0,0,0,0,0,5.82,5.82,0.0,LOW-RISK PROVIDER,NORMAL,Normal claim patterns
1063999189,PHARMACY_CLAIM,1,0,0.0,0,0,0,0,0,5.81,5.81,0.0,LOW-RISK PROVIDER,NORMAL,Normal claim patterns
1086057743,PHARMACY_CLAIM,1,0,0.0,0,0,0,0,0,5.81,5.81,0.0,LOW-RISK PROVIDER,NORMAL,Normal claim patterns
1673698712,PRIOR_AUTH,1,0,0.0,0,0,0,0,0,5.81,5.81,100.0,LOW-RISK PROVIDER,NORMAL,High claim denial/rejection rate of 100.0%
1808737838,PHARMACY_CLAIM,1,0,0.0,0,0,0,0,0,5.81,5.81,0.0,LOW-RISK PROVIDER,NORMAL,Normal claim patterns
1841215985,MEDICAL_CLAIM,1,0,0.0,0,0,0,0,0,5.81,5.81,0.0,LOW-RISK PROVIDER,NORMAL,Normal claim patterns
1932588795,MEDICAL_CLAIM,1,0,0.0,0,0,0,0,0,5.81,5.81,0.0,LOW-RISK PROVIDER,NORMAL,Normal claim patterns
1448973170,PHARMACY_CLAIM,1,0,0.0,0,0,0,0,0,5.8,5.8,0.0,LOW-RISK PROVIDER,NORMAL,Normal claim patterns
1953839272,PHARMACY_CLAIM,1,0,0.0,0,0,0,0,0,5.8,5.8,0.0,LOW-RISK PROVIDER,NORMAL,Normal claim patterns
1114278009,MEDICAL_CLAIM,2,0,0.0,0,0,0,0,0,5.79,9.21,0.0,LOW-RISK PROVIDER,NORMAL,Normal claim patterns
1303246874,PRIOR_AUTH,1,0,0.0,0,0,0,0,0,5.79,5.79,100.0,LOW-RISK PROVIDER,NORMAL,High claim denial/rejection rate of 100.0%
1722125811,PRIOR_AUTH,1,0,0.0,0,0,0,0,0,5.79,5.79,100.0,LOW-RISK PROVIDER,NORMAL,High claim denial/rejection rate of 100.0%
1892682945,PHARMACY_CLAIM,1,0,0.0,0,0,0,0,0,5.79,5.79,0.0,LOW-RISK PROVIDER,NORMAL,Normal claim patterns
1183941191,PRIOR_AUTH,1,0,0.0,0,0,0,0,0,5.78,5.78,100.0,LOW-RISK PROVIDER,NORMAL,High claim denial/rejection rate of 100.0%
1333143958,PRIOR_AUTH,1,0,0.0,0,0,0,0,0,5.78,5.78,100.0,LOW-RISK PROVIDER,NORMAL,High claim denial/rejection rate of 100.0%
1701338403,PHARMACY_CLAIM,1,0,0.0,0,0,0,0,0,5.78,5.78,0.0,LOW-RISK PROVIDER,NORMAL,Normal claim patterns
1238027012,PHARMACY_CLAIM,1,0,0.0,0,0,0,0,0,5.77,5.77,0.0,LOW-RISK PROVIDER,NORMAL,Normal claim patterns
1508143186,PRIOR_AUTH,1,0,0.0,0,0,0,0,0,5.77,5.77,100.0,LOW-RISK PROVIDER,NORMAL,High claim denial/rejection rate of 100.0%
1859491925,PRIOR_AUTH,1,0,0.0,0,0,0,0,0,5.77,5.77,100.0,LOW-RISK PROVIDER,NORMAL,High claim denial/rejection rate of 100.0%
1441312601,PHARMACY_CLAIM,1,0,0.0,0,0,0,0,0,5.76,5.76,0.0,LOW-RISK PROVIDER,NORMAL,Normal claim patterns
1579883596,PHARMACY_CLAIM,1,0,0.0,0,0,0,0,0,5.76,5.76,0.0,LOW-RISK PROVIDER,NORMAL,Normal claim patterns
1730838083,PRIOR_AUTH,1,0,0.0,0,0,0,0,0,5.76,5.76,100.0,LOW-RISK PROVIDER,NORMAL,High claim denial/rejection rate of 100.0%
1407369390,MEDICAL_CLAIM,3,0,0.0,0,0,0,0,0,5.74,5.87,0.0,LOW-RISK PROVIDER,NORMAL,Normal claim patterns
1338025566,PHARMACY_CLAIM,1,0,0.0,0,0,0,0,0,5.74,5.74,0.0,LOW-RISK PROVIDER,NORMAL,Normal claim patterns
1691633305,PHARMACY_CLAIM,1,0,0.0,0,0,0,0,0,5.74,5.74,0.0,LOW-RISK PROVIDER,NORMAL,Normal claim patterns
1094697428,PHARMACY_CLAIM,1,0,0.0,0,0,0,0,0,5.73,5.73,0.0,LOW-RISK PROVIDER,NORMAL,Normal claim patterns
1556998152,PHARMACY_CLAIM,1,0,0.0,0,0,0,0,0,5.73,5.73,0.0,LOW-RISK PROVIDER,NORMAL,Normal claim patterns
1263250960,PHARMACY_CLAIM,1,0,0.0,0,0,0,0,0,5.72,5.72,0.0,LOW-RISK PROVIDER,NORMAL,Normal claim patterns
1391275003,PHARMACY_CLAIM,1,0,0.0,0,0,0,0,0,5.72,5.72,0.0,LOW-RISK PROVIDER,NORMAL,Normal claim patterns
1936927837,PHARMACY_CLAIM,1,0,0.0,0,0,0,0,0,5.71,5.71,0.0,LOW-RISK PROVIDER,NORMAL,Normal claim patterns
1568432144,MEDICAL_CLAIM,2,0,0.0,0,0,0,0,0,5.7,5.8,0.0,LOW-RISK PROVIDER,NORMAL,Normal claim patterns
1189856884,PHARMACY_CLAIM,1,0,0.0,0,0,0,0,0,5.7,5.7,0.0,LOW-RISK PROVIDER,NORMAL,Normal claim patterns
1603967575,PRIOR_AUTH,1,0,0.0,0,0,0,0,0,5.7,5.7,100.0,LOW-RISK PROVIDER,NORMAL,High claim denial/rejection rate of 100.0%
1268109277,PRIOR_AUTH,1,0,0.0,0,0,0,0,0,5.69,5.69,100.0,LOW-RISK PROVIDER,NORMAL,High claim denial/rejection rate of 100.0%
1483030141,PHARMACY_CLAIM,1,0,0.0,0,0,0,0,0,5.69,5.69,0.0,LOW-RISK PROVIDER,NORMAL,Normal claim patterns
1487869467,MEDICAL_CLAIM,1,0,0.0,0,0,0,0,0,5.69,5.69,0.0,LOW-RISK PROVIDER,NORMAL,Normal claim patterns
1199459564,PHARMACY_CLAIM,1,0,0.0,0,0,0,0,0,5.68,5.68,0.0,LOW-RISK PROVIDER,NORMAL,Normal claim patterns
1592048519,PHARMACY_CLAIM,1,0,0.0,0,0,0,0,0,5.68,5.68,0.0,LOW-RISK PROVIDER,NORMAL,Normal claim patterns
1724738668,PRIOR_AUTH,1,0,0.0,0,0,0,0,0,5.68,5.68,100.0,LOW-RISK PROVIDER,NORMAL,High claim denial/rejection rate of 100.0%
1841763323,MEDICAL_CLAIM,1,0,0.0,0,0,0,0,0,5.68,5.68,0.0,LOW-RISK PROVIDER,NORMAL,Normal claim patterns
1384851537,PHARMACY_CLAIM,1,0,0.0,0,0,0,0,0,5.67,5.67,0.0,LOW-RISK PROVIDER,NORMAL,Normal claim patterns
1493728738,PRIOR_AUTH,1,0,0.0,0,0,0,0,0,5.67,5.67,0.0,LOW-RISK PROVIDER,NORMAL,Normal claim patterns
1085664036,PHARMACY_CLAIM,1,0,0.0,0,0,0,0,0,5.66,5.66,0.0,LOW-RISK PROVIDER,NORMAL,Normal claim patterns
1224845503,PHARMACY_CLAIM,1,0,0.0,0,0,0,0,0,5.66,5.66,0.0,LOW-RISK PROVIDER,NORMAL,Normal claim patterns
1411553554,PRIOR_AUTH,1,0,0.0,0,0,0,0,0,5.66,5.66,100.0,LOW-RISK PROVIDER,NORMAL,High claim denial/rejection rate of 100.0%
1957370912,PHARMACY_CLAIM,1,0,0.0,0,0,0,0,0,5.65,5.65,0.0,LOW-RISK PROVIDER,NORMAL,Normal claim patterns
1039621000,PHARMACY_CLAIM,1,0,0.0,0,0,0,0,0,5.64,5.64,0.0,LOW-RISK PROVIDER,NORMAL,Normal claim patterns
1940636141,PRIOR_AUTH,1,0,0.0,0,0,0,0,0,5.64,5.64,100.0,LOW-RISK PROVIDER,NORMAL,High claim denial/rejection rate of 100.0%
1376784868,MEDICAL_CLAIM,2,0,0.0,0,0,0,0,0,5.63,6.53,0.0,LOW-RISK PROVIDER,NORMAL,Normal claim patterns
1638093270,PHARMACY_CLAIM,1,0,0.0,0,0,0,0,0,5.63,5.63,0.0,LOW-RISK PROVIDER,NORMAL,Normal claim patterns
1188249218,PHARMACY_CLAIM,1,0,0.0,0,0,0,0,0,5.62,5.62,0.0,LOW-RISK PROVIDER,NORMAL,Normal claim patterns
1555831345,PHARMACY_CLAIM,1,0,0.0,0,0,0,0,0,5.62,5.62,0.0,LOW-RISK PROVIDER,NORMAL,Normal claim patterns
1741345261,PRIOR_AUTH,1,0,0.0,0,0,0,0,0,5.62,5.62,100.0,LOW-RISK PROVIDER,NORMAL,High claim denial/rejection rate of 100.0%
1796871848,PHARMACY_CLAIM,1,0,0.0,0,0,0,0,0,5.62,5.62,0.0,LOW-RISK PROVIDER,NORMAL,Normal claim patterns
1841598919,MEDICAL_CLAIM,2,0,0.0,0,0,0,0,0,5.61,5.61,0.0,LOW-RISK PROVIDER,NORMAL,Normal claim patterns
1145393560,PHARMACY_CLAIM,1,0,0.0,0,0,0,0,0,5.61,5.61,0.0,LOW-RISK PROVIDER,NORMAL,Normal claim patterns
1337947461,PHARMACY_CLAIM,1,0,0.0,0,0,0,0,0,5.6,5.6,0.0,LOW-RISK PROVIDER,NORMAL,Normal claim patterns
1790055952,MEDICAL_CLAIM,1,0,0.0,0,0,0,0,0,5.59,5.59,0.0,LOW-RISK PROVIDER,NORMAL,Normal claim patterns
1835439500,PRIOR_AUTH,1,0,0.0,0,0,0,0,0,5.59,5.59,100.0,LOW-RISK PROVIDER,NORMAL,High claim denial/rejection rate of 100.0%
1929467494,PHARMACY_CLAIM,1,0,0.0,0,0,0,0,0,5.59,5.59,0.0,LOW-RISK PROVIDER,NORMAL,Normal claim patterns
1693049903,PRIOR_AUTH,1,0,0.0,0,0,0,0,0,5.58,5.58,0.0,LOW-RISK PROVIDER,NORMAL,Normal claim patterns
1877148621,PRIOR_AUTH,1,0,0.0,0,0,0,0,0,5.58,5.58,100.0,LOW-RISK PROVIDER,NORMAL,High claim denial/rejection rate of 100.0%
1060023928,PHARMACY_CLAIM,1,0,0.0,0,0,0,0,0,5.56,5.56,0.0,LOW-RISK PROVIDER,NORMAL,Normal claim patterns
1487706214,MEDICAL_CLAIM,1,0,0.0,0,0,0,0,0,5.56,5.56,0.0,LOW-RISK PROVIDER,NORMAL,Normal claim patterns
1623470358,PHARMACY_CLAIM,1,0,0.0,0,0,0,0,0,5.56,5.56,0.0,LOW-RISK PROVIDER,NORMAL,Normal claim patterns
1022838603,PHARMACY_CLAIM,1,0,0.0,0,0,0,0,0,5.55,5.55,0.0,LOW-RISK PROVIDER,NORMAL,Normal claim patterns
1225585383,MEDICAL_CLAIM,1,0,0.0,0,0,0,0,0,5.55,5.55,0.0,LOW-RISK PROVIDER,NORMAL,Normal claim patterns
1451508544,PRIOR_AUTH,1,0,0.0,0,0,0,0,0,5.54,5.54,100.0,LOW-RISK PROVIDER,NORMAL,High claim denial/rejection rate of 100.0%
1455516926,PHARMACY_CLAIM,1,0,0.0,0,0,0,0,0,5.54,5.54,0.0,LOW-RISK PROVIDER,NORMAL,Normal claim patterns
1755291340,PRIOR_AUTH,1,0,0.0,0,0,0,0,0,5.54,5.54,100.0,LOW-RISK PROVIDER,NORMAL,High claim denial/rejection rate of 100.0%
1780989487,PRIOR_AUTH,1,0,0.0,0,0,0,0,0,5.54,5.54,100.0,LOW-RISK PROVIDER,NORMAL,High claim denial/rejection rate of 100.0%
1004706236,PHARMACY_CLAIM,1,0,0.0,0,0,0,0,0,5.53,5.53,0.0,LOW-RISK PROVIDER,NORMAL,Normal claim patterns
1023432424,MEDICAL_CLAIM,1,0,0.0,0,0,0,0,0,5.53,5.53,0.0,LOW-RISK PROVIDER,NORMAL,Normal claim patterns
1072823854,PRIOR_AUTH,1,0,0.0,0,0,0,0,0,5.53,5.53,100.0,LOW-RISK PROVIDER,NORMAL,High claim denial/rejection rate of 100.0%
1275751448,MEDICAL_CLAIM,1,0,0.0,0,0,0,0,0,5.53,5.53,0.0,LOW-RISK PROVIDER,NORMAL,Normal claim patterns
1197789971,PHARMACY_CLAIM,1,0,0.0,0,0,0,0,0,5.52,5.52,0.0,LOW-RISK PROVIDER,NORMAL,Normal claim patterns
1265167434,PHARMACY_CLAIM,1,0,0.0,0,0,0,0,0,5.51,5.51,0.0,LOW-RISK PROVIDER,NORMAL,Normal claim patterns
1431410694,PRIOR_AUTH,1,0,0.0,0,0,0,0,0,5.51,5.51,100.0,LOW-RISK PROVIDER,NORMAL,High claim denial/rejection rate of 100.0%
1449722593,PHARMACY_CLAIM,1,0,0.0,0,0,0,0,0,5.51,5.51,0.0,LOW-RISK PROVIDER,NORMAL,Normal claim patterns
1850929901,PRIOR_AUTH,1,0,0.0,0,0,0,0,0,5.51,5.51,100.0,LOW-RISK PROVIDER,NORMAL,High claim denial/rejection rate of 100.0%
1673930408,PRIOR_AUTH,1,0,0.0,0,0,0,0,0,5.5,5.5,100.0,LOW-RISK PROVIDER,NORMAL,High claim denial/rejection rate of 100.0%
1689130338,MEDICAL_CLAIM,1,0,0.0,0,0,0,0,0,5.5,5.5,0.0,LOW-RISK PROVIDER,NORMAL,Normal claim patterns
1560704066,PRIOR_AUTH,1,0,0.0,0,0,0,0,0,5.49,5.49,100.0,LOW-RISK PROVIDER,NORMAL,High claim denial/rejection rate of 100.0%
1584614226,PHARMACY_CLAIM,1,0,0.0,0,0,0,0,0,5.49,5.49,0.0,LOW-RISK PROVIDER,NORMAL,Normal claim patterns
1672060773,PHARMACY_CLAIM,1,0,0.0,0,0,0,0,0,5.49,5.49,0.0,LOW-RISK PROVIDER,NORMAL,Normal claim patterns
1002338266,PHARMACY_CLAIM,1,0,0.0,0,0,0,0,0,5.48,5.48,0.0,LOW-RISK PROVIDER,NORMAL,Normal claim patterns
1216561025,PHARMACY_CLAIM,1,0,0.0,0,0,0,0,0,5.48,5.48,0.0,LOW-RISK PROVIDER,NORMAL,Normal claim patterns
1271961262,PRIOR_AUTH,1,0,0.0,0,0,0,0,0,5.48,5.48,100.0,LOW-RISK PROVIDER,NORMAL,High claim denial/rejection rate of 100.0%
1308384167,PHARMACY_CLAIM,1,0,0.0,0,0,0,0,0,5.48,5.48,0.0,LOW-RISK PROVIDER,NORMAL,Normal claim patterns
1160592305,PHARMACY_CLAIM,1,0,0.0,0,0,0,0,0,5.47,5.47,0.0,LOW-RISK PROVIDER,NORMAL,Normal claim patterns
1014428811,PRIOR_AUTH,1,0,0.0,0,0,0,0,0,5.46,5.46,0.0,LOW-RISK PROVIDER,NORMAL,Normal claim patterns
1335000569,PRIOR_AUTH,1,0,0.0,0,0,0,0,0,5.46,5.46,0.0,LOW-RISK PROVIDER,NORMAL,Normal claim patterns
1374293138,PHARMACY_CLAIM,1,0,0.0,0,0,0,0,0,5.46,5.46,0.0,LOW-RISK PROVIDER,NORMAL,Normal claim patterns
1885032086,PRIOR_AUTH,1,0,0.0,0,0,0,0,0,5.46,5.46,100.0,LOW-RISK PROVIDER,NORMAL,High claim denial/rejection rate of 100.0%
1689722431,MEDICAL_CLAIM,2,0,0.0,0,0,0,0,0,5.45,6.57,0.0,LOW-RISK PROVIDER,NORMAL,Normal claim patterns
1191609953,PHARMACY_CLAIM,1,0,0.0,0,0,0,0,0,5.45,5.45,0.0,LOW-RISK PROVIDER,NORMAL,Normal claim patterns
1380758743,PHARMACY_CLAIM,1,0,0.0,0,0,0,0,0,5.45,5.45,0.0,LOW-RISK PROVIDER,NORMAL,Normal claim patterns
1665608955,PHARMACY_CLAIM,1,0,0.0,0,0,0,0,0,5.44,5.44,0.0,LOW-RISK PROVIDER,NORMAL,Normal claim patterns
1778652699,PHARMACY_CLAIM,1,0,0.0,0,0,0,0,0,5.44,5.44,0.0,LOW-RISK PROVIDER,NORMAL,Normal claim patterns
1244897073,PRIOR_AUTH,1,0,0.0,0,0,0,0,0,5.43,5.43,100.0,LOW-RISK PROVIDER,NORMAL,High claim denial/rejection rate of 100.0%
1356491534,MEDICAL_CLAIM,1,0,0.0,0,0,0,0,0,5.43,5.43,0.0,LOW-RISK PROVIDER,NORMAL,Normal claim patterns
1529264828,PRIOR_AUTH,1,0,0.0,0,0,0,0,0,5.43,5.43,100.0,LOW-RISK PROVIDER,NORMAL,High claim denial/rejection rate of 100.0%
1544003779,PHARMACY_CLAIM,1,0,0.0,0,0,0,0,0,5.43,5.43,0.0,LOW-RISK PROVIDER,NORMAL,Normal claim patterns
1715374006,PHARMACY_CLAIM,1,0,0.0,0,0,0,0,0,5.43,5.43,0.0,LOW-RISK PROVIDER,NORMAL,Normal claim patterns
1912927344,MEDICAL_CLAIM,1,0,0.0,0,0,0,0,0,5.43,5.43,0.0,LOW-RISK PROVIDER,NORMAL,Normal claim patterns
1381765236,PHARMACY_CLAIM,1,0,0.0,0,0,0,0,0,5.42,5.42,0.0,LOW-RISK PROVIDER,NORMAL,Normal claim patterns
1490461543,PHARMACY_CLAIM,1,0,0.0,0,0,0,0,0,5.42,5.42,0.0,LOW-RISK PROVIDER,NORMAL,Normal claim patterns
1580142299,PHARMACY_CLAIM,1,0,0.0,0,0,0,0,0,5.42,5.42,0.0,LOW-RISK PROVIDER,NORMAL,Normal claim patterns
1370379806,PRIOR_AUTH,1,0,0.0,0,0,0,0,0,5.41,5.41,100.0,LOW-RISK PROVIDER,NORMAL,High claim denial/rejection rate of 100.0%
1220017012,PRIOR_AUTH,1,0,0.0,0,0,0,0,0,5.4,5.4,100.0,LOW-RISK PROVIDER,NORMAL,High claim denial/rejection rate of 100.0%
1793852636,PHARMACY_CLAIM,1,0,0.0,0,0,0,0,0,5.4,5.4,0.0,LOW-RISK PROVIDER,NORMAL,Normal claim patterns
1740230945,MEDICAL_CLAIM,3,0,0.0,0,0,0,0,0,5.39,7.09,0.0,LOW-RISK PROVIDER,NORMAL,Normal claim patterns
1505587195,PHARMACY_CLAIM,1,0,0.0,0,0,0,0,0,5.39,5.39,0.0,LOW-RISK PROVIDER,NORMAL,Normal claim patterns
1897034762,PHARMACY_CLAIM,1,0,0.0,0,0,0,0,0,5.39,5.39,0.0,LOW-RISK PROVIDER,NORMAL,Normal claim patterns
1205604127,PRIOR_AUTH,1,0,0.0,0,0,0,0,0,5.38,5.38,100.0,LOW-RISK PROVIDER,NORMAL,High claim denial/rejection rate of 100.0%
1334471554,PHARMACY_CLAIM,1,0,0.0,0,0,0,0,0,5.38,5.38,0.0,LOW-RISK PROVIDER,NORMAL,Normal claim patterns
1834107676,PHARMACY_CLAIM,1,0,0.0,0,0,0,0,0,5.37,5.37,0.0,LOW-RISK PROVIDER,NORMAL,Normal claim patterns
1881237220,MEDICAL_CLAIM,1,0,0.0,0,0,0,0,0,5.37,5.37,0.0,LOW-RISK PROVIDER,NORMAL,Normal claim patterns
1090982230,PHARMACY_CLAIM,1,0,0.0,0,0,0,0,0,5.36,5.36,0.0,LOW-RISK PROVIDER,NORMAL,Normal claim patterns
1932450160,MEDICAL_CLAIM,1,0,0.0,0,0,0,0,0,5.36,5.36,0.0,LOW-RISK PROVIDER,NORMAL,Normal claim patterns
1179171971,PRIOR_AUTH,1,0,0.0,0,0,0,0,0,5.35,5.35,100.0,LOW-RISK PROVIDER,NORMAL,High claim denial/rejection rate of 100.0%
1301422024,PHARMACY_CLAIM,1,0,0.0,0,0,0,0,0,5.35,5.35,0.0,LOW-RISK PROVIDER,NORMAL,Normal claim patterns
1427090838,PRIOR_AUTH,1,0,0.0,0,0,0,0,0,5.35,5.35,100.0,LOW-RISK PROVIDER,NORMAL,High claim denial/rejection rate of 100.0%
1467801235,PHARMACY_CLAIM,1,0,0.0,0,0,0,0,0,5.35,5.35,0.0,LOW-RISK PROVIDER,NORMAL,Normal claim patterns
1477437353,PRIOR_AUTH,1,0,0.0,0,0,0,0,0,5.35,5.35,100.0,LOW-RISK PROVIDER,NORMAL,High claim denial/rejection rate of 100.0%
1563114127,PHARMACY_CLAIM,1,0,0.0,0,0,0,0,0,5.35,5.35,0.0,LOW-RISK PROVIDER,NORMAL,Normal claim patterns
1113240164,PHARMACY_CLAIM,1,0,0.0,0,0,0,0,0,5.34,5.34,0.0,LOW-RISK PROVIDER,NORMAL,Normal claim patterns
1156185648,PHARMACY_CLAIM,1,0,0.0,0,0,0,0,0,5.34,5.34,0.0,LOW-RISK PROVIDER,NORMAL,Normal claim patterns
1227972680,PRIOR_AUTH,1,0,0.0,0,0,0,0,0,5.34,5.34,100.0,LOW-RISK PROVIDER,NORMAL,High claim denial/rejection rate of 100.0%
1649884441,PHARMACY_CLAIM,1,0,0.0,0,0,0,0,0,5.34,5.34,0.0,LOW-RISK PROVIDER,NORMAL,Normal claim patterns
1669475166,MEDICAL_CLAIM,1,0,0.0,0,0,0,0,0,5.34,5.34,0.0,LOW-RISK PROVIDER,NORMAL,Normal claim patterns
1286271604,PRIOR_AUTH,1,0,0.0,0,0,0,0,0,5.33,5.33,100.0,LOW-RISK PROVIDER,NORMAL,High claim denial/rejection rate of 100.0%
1838029900,PHARMACY_CLAIM,1,0,0.0,0,0,0,0,0,5.33,5.33,0.0,LOW-RISK PROVIDER,NORMAL,Normal claim patterns
1392395283,PRIOR_AUTH,1,0,0.0,0,0,0,0,0,5.32,5.32,100.0,LOW-RISK PROVIDER,NORMAL,High claim denial/rejection rate of 100.0%
1469084398,PHARMACY_CLAIM,1,0,0.0,0,0,0,0,0,5.32,5.32,0.0,LOW-RISK PROVIDER,NORMAL,Normal claim patterns
1494393315,PRIOR_AUTH,1,0,0.0,0,0,0,0,0,5.32,5.32,100.0,LOW-RISK PROVIDER,NORMAL,High claim denial/rejection rate of 100.0%
1328576296,PHARMACY_CLAIM,1,0,0.0,0,0,0,0,0,5.31,5.31,0.0,LOW-RISK PROVIDER,NORMAL,Normal claim patterns
1343278179,PRIOR_AUTH,1,0,0.0,0,0,0,0,0,5.31,5.31,100.0,LOW-RISK PROVIDER,NORMAL,High claim denial/rejection rate of 100.0%
1553394498,PHARMACY_CLAIM,1,0,0.0,0,0,0,0,0,5.31,5.31,0.0,LOW-RISK PROVIDER,NORMAL,Normal claim patterns
1943354007,PRIOR_AUTH,1,0,0.0,0,0,0,0,0,5.31,5.31,100.0,LOW-RISK PROVIDER,NORMAL,High claim denial/rejection rate of 100.0%
1584553601,PRIOR_AUTH,1,0,0.0,0,0,0,0,0,5.3,5.3,100.0,LOW-RISK PROVIDER,NORMAL,High claim denial/rejection rate of 100.0%
1816782189,PHARMACY_CLAIM,1,0,0.0,0,0,0,0,0,5.3,5.3,0.0,LOW-RISK PROVIDER,NORMAL,Normal claim patterns
1874287895,PRIOR_AUTH,1,0,0.0,0,0,0,0,0,5.3,5.3,0.0,LOW-RISK PROVIDER,NORMAL,Normal claim patterns
1033400205,MEDICAL_CLAIM,1,0,0.0,0,0,0,0,0,5.29,5.29,0.0,LOW-RISK PROVIDER,NORMAL,Normal claim patterns
1049686752,PHARMACY_CLAIM,1,0,0.0,0,0,0,0,0,5.29,5.29,0.0,LOW-RISK PROVIDER,NORMAL,Normal claim patterns
1970392409,PHARMACY_CLAIM,1,0,0.0,0,0,0,0,0,5.29,5.29,0.0,LOW-RISK PROVIDER,NORMAL,Normal claim patterns
1997501350,PHARMACY_CLAIM,1,0,0.0,0,0,0,0,0,5.28,5.28,0.0,LOW-RISK PROVIDER,NORMAL,Normal claim patterns
1343323578,PHARMACY_CLAIM,1,0,0.0,0,0,0,0,0,5.27,5.27,0.0,LOW-RISK PROVIDER,NORMAL,Normal claim patterns
1992371442,PRIOR_AUTH,1,0,0.0,0,0,0,0,0,5.27,5.27,100.0,LOW-RISK PROVIDER,NORMAL,High claim denial/rejection rate of 100.0%
1841394418,MEDICAL_CLAIM,3,0,0.0,0,0,0,0,0,5.26,6.12,0.0,LOW-RISK PROVIDER,NORMAL,Normal claim patterns
1003942972,PHARMACY_CLAIM,1,0,0.0,0,0,0,0,0,5.26,5.26,0.0,LOW-RISK PROVIDER,NORMAL,Normal claim patterns
1326611187,MEDICAL_CLAIM,1,0,0.0,0,0,0,0,0,5.26,5.26,0.0,LOW-RISK PROVIDER,NORMAL,Normal claim patterns
1558984633,MEDICAL_CLAIM,1,0,0.0,0,0,0,0,0,5.26,5.26,0.0,LOW-RISK PROVIDER,NORMAL,Normal claim patterns
1884120842,PHARMACY_CLAIM,1,0,0.0,0,0,0,0,0,5.26,5.26,0.0,LOW-RISK PROVIDER,NORMAL,Normal claim patterns
1445968940,PHARMACY_CLAIM,1,0,0.0,0,0,0,0,0,5.25,5.25,0.0,LOW-RISK PROVIDER,NORMAL,Normal claim patterns
1947170860,PHARMACY_CLAIM,1,0,0.0,0,0,0,0,0,5.25,5.25,0.0,LOW-RISK PROVIDER,NORMAL,Normal claim patterns
1891213179,MEDICAL_CLAIM,2,0,0.0,0,0,0,0,0,5.24,8.24,0.0,LOW-RISK PROVIDER,NORMAL,Normal claim patterns
1047655207,PRIOR_AUTH,1,0,0.0,0,0,0,0,0,5.23,5.23,100.0,LOW-RISK PROVIDER,NORMAL,High claim denial/rejection rate of 100.0%
1486468321,PRIOR_AUTH,1,0,0.0,0,0,0,0,0,5.23,5.23,100.0,LOW-RISK PROVIDER,NORMAL,High claim denial/rejection rate of 100.0%
1528390507,MEDICAL_CLAIM,1,0,0.0,0,0,0,0,0,5.23,5.23,0.0,LOW-RISK PROVIDER,NORMAL,Normal claim patterns
1578539979,MEDICAL_CLAIM,1,0,0.0,0,0,0,0,0,5.23,5.23,0.0,LOW-RISK PROVIDER,NORMAL,Normal claim patterns
1753445713,PHARMACY_CLAIM,1,0,0.0,0,0,0,0,0,5.23,5.23,0.0,LOW-RISK PROVIDER,NORMAL,Normal claim patterns
1794885339,PHARMACY_CLAIM,1,0,0.0,0,0,0,0,0,5.23,5.23,0.0,LOW-RISK PROVIDER,NORMAL,Normal claim patterns
1221476039,PHARMACY_CLAIM,1,0,0.0,0,0,0,0,0,5.22,5.22,0.0,LOW-RISK PROVIDER,NORMAL,Normal claim patterns
1285293217,MEDICAL_CLAIM,1,0,0.0,0,0,0,0,0,5.22,5.22,0.0,LOW-RISK PROVIDER,NORMAL,Normal claim patterns
1368490482,PRIOR_AUTH,1,0,0.0,0,0,0,0,0,5.22,5.22,100.0,LOW-RISK PROVIDER,NORMAL,High claim denial/rejection rate of 100.0%
1631472582,PRIOR_AUTH,1,0,0.0,0,0,0,0,0,5.22,5.22,100.0,LOW-RISK PROVIDER,NORMAL,High claim denial/rejection rate of 100.0%
1389160916,PRIOR_AUTH,1,0,0.0,0,0,0,0,0,5.21,5.21,100.0,LOW-RISK PROVIDER,NORMAL,High claim denial/rejection rate of 100.0%
1681218055,PRIOR_AUTH,1,0,0.0,0,0,0,0,0,5.21,5.21,100.0,LOW-RISK PROVIDER,NORMAL,High claim denial/rejection rate of 100.0%
1717139921,PHARMACY_CLAIM,1,0,0.0,0,0,0,0,0,5.21,5.21,0.0,LOW-RISK PROVIDER,NORMAL,Normal claim patterns
1220941670,PHARMACY_CLAIM,1,0,0.0,0,0,0,0,0,5.2,5.2,0.0,LOW-RISK PROVIDER,NORMAL,Normal claim patterns
1401603620,PRIOR_AUTH,1,0,0.0,0,0,0,0,0,5.2,5.2,100.0,LOW-RISK PROVIDER,NORMAL,High claim denial/rejection rate of 100.0%
1543606850,PHARMACY_CLAIM,1,0,0.0,0,0,0,0,0,5.2,5.2,0.0,LOW-RISK PROVIDER,NORMAL,Normal claim patterns
1207267729,PHARMACY_CLAIM,1,0,0.0,0,0,0,0,0,5.19,5.19,0.0,LOW-RISK PROVIDER,NORMAL,Normal claim patterns
1901159830,PRIOR_AUTH,1,0,0.0,0,0,0,0,0,5.19,5.19,0.0,LOW-RISK PROVIDER,NORMAL,Normal claim patterns
1258634092,PRIOR_AUTH,1,0,0.0,0,0,0,0,0,5.18,5.18,100.0,LOW-RISK PROVIDER,NORMAL,High claim denial/rejection rate of 100.0%
1563368798,PRIOR_AUTH,1,0,0.0,0,0,0,0,0,5.18,5.18,100.0,LOW-RISK PROVIDER,NORMAL,High claim denial/rejection rate of 100.0%
1860193460,PHARMACY_CLAIM,1,0,0.0,0,0,0,0,0,5.18,5.18,0.0,LOW-RISK PROVIDER,NORMAL,Normal claim patterns
1968998634,PHARMACY_CLAIM,1,0,0.0,0,0,0,0,0,5.18,5.18,0.0,LOW-RISK PROVIDER,NORMAL,Normal claim patterns
1320792056,PHARMACY_CLAIM,1,0,0.0,0,0,0,0,0,5.17,5.17,0.0,LOW-RISK PROVIDER,NORMAL,Normal claim patterns
1698382246,PHARMACY_CLAIM,1,0,0.0,0,0,0,0,0,5.17,5.17,0.0,LOW-RISK PROVIDER,NORMAL,Normal claim patterns
1833824156,PRIOR_AUTH,1,0,0.0,0,0,0,0,0,5.17,5.17,100.0,LOW-RISK PROVIDER,NORMAL,High claim denial/rejection rate of 100.0%
1028511083,PRIOR_AUTH,1,0,0.0,0,0,0,0,0,5.16,5.16,100.0,LOW-RISK PROVIDER,NORMAL,High claim denial/rejection rate of 100.0%
1407171721,MEDICAL_CLAIM,2,0,0.0,0,0,0,0,0,5.15,9.35,0.0,LOW-RISK PROVIDER,NORMAL,Normal claim patterns
1114829150,PHARMACY_CLAIM,1,0,0.0,0,0,0,0,0,5.15,5.15,0.0,LOW-RISK PROVIDER,NORMAL,Normal claim patterns
1360706375,PHARMACY_CLAIM,1,0,0.0,0,0,0,0,0,5.15,5.15,0.0,LOW-RISK PROVIDER,NORMAL,Normal claim patterns
1904861218,PRIOR_AUTH,1,0,0.0,0,0,0,0,0,5.15,5.15,100.0,LOW-RISK PROVIDER,NORMAL,High claim denial/rejection rate of 100.0%
1551355445,PHARMACY_CLAIM,1,0,0.0,0,0,0,0,0,5.14,5.14,0.0,LOW-RISK PROVIDER,NORMAL,Normal claim patterns
1834573290,PHARMACY_CLAIM,1,0,0.0,0,0,0,0,0,5.14,5.14,0.0,LOW-RISK PROVIDER,NORMAL,Normal claim patterns
1407415157,PHARMACY_CLAIM,1,0,0.0,0,0,0,0,0,5.13,5.13,0.0,LOW-RISK PROVIDER,NORMAL,Normal claim patterns
1581053236,PHARMACY_CLAIM,1,0,0.0,0,0,0,0,0,5.13,5.13,0.0,LOW-RISK PROVIDER,NORMAL,Normal claim patterns
1770277499,PHARMACY_CLAIM,1,0,0.0,0,0,0,0,0,5.13,5.13,0.0,LOW-RISK PROVIDER,NORMAL,Normal claim patterns
1092660233,PRIOR_AUTH,1,0,0.0,0,0,0,0,0,5.12,5.12,100.0,LOW-RISK PROVIDER,NORMAL,High claim denial/rejection rate of 100.0%
1195934780,PHARMACY_CLAIM,1,0,0.0,0,0,0,0,0,5.12,5.12,0.0,LOW-RISK PROVIDER,NORMAL,Normal claim patterns
1284166521,PHARMACY_CLAIM,1,0,0.0,0,0,0,0,0,5.12,5.12,0.0,LOW-RISK PROVIDER,NORMAL,Normal claim patterns
1910959139,PRIOR_AUTH,1,0,0.0,0,0,0,0,0,5.12,5.12,100.0,LOW-RISK PROVIDER,NORMAL,High claim denial/rejection rate of 100.0%
1930034633,PHARMACY_CLAIM,1,0,0.0,0,0,0,0,0,5.12,5.12,0.0,LOW-RISK PROVIDER,NORMAL,Normal claim patterns
1066934751,PHARMACY_CLAIM,1,0,0.0,0,0,0,0,0,5.11,5.11,0.0,LOW-RISK PROVIDER,NORMAL,Normal claim patterns
1251427533,PRIOR_AUTH,1,0,0.0,0,0,0,0,0,5.11,5.11,100.0,LOW-RISK PROVIDER,NORMAL,High claim denial/rejection rate of 100.0%
1158234003,PHARMACY_CLAIM,1,0,0.0,0,0,0,0,0,5.1,5.1,0.0,LOW-RISK PROVIDER,NORMAL,Normal claim patterns
1521719710,PHARMACY_CLAIM,1,0,0.0,0,0,0,0,0,5.1,5.1,0.0,LOW-RISK PROVIDER,NORMAL,Normal claim patterns
1658923867,PRIOR_AUTH,1,0,0.0,0,0,0,0,0,5.1,5.1,100.0,LOW-RISK PROVIDER,NORMAL,High claim denial/rejection rate of 100.0%
1992049449,PHARMACY_CLAIM,1,0,0.0,0,0,0,0,0,5.1,5.1,0.0,LOW-RISK PROVIDER,NORMAL,Normal claim patterns
1173303130,PRIOR_AUTH,1,0,0.0,0,0,0,0,0,5.09,5.09,100.0,LOW-RISK PROVIDER,NORMAL,High claim denial/rejection rate of 100.0%
1193271931,PHARMACY_CLAIM,1,0,0.0,0,0,0,0,0,5.09,5.09,0.0,LOW-RISK PROVIDER,NORMAL,Normal claim patterns
1894371861,PHARMACY_CLAIM,1,0,0.0,0,0,0,0,0,5.08,5.08,0.0,LOW-RISK PROVIDER,NORMAL,Normal claim patterns
1210991433,PRIOR_AUTH,1,0,0.0,0,0,0,0,0,5.07,5.07,100.0,LOW-RISK PROVIDER,NORMAL,High claim denial/rejection rate of 100.0%
1810415260,PHARMACY_CLAIM,1,0,0.0,0,0,0,0,0,5.07,5.07,0.0,LOW-RISK PROVIDER,NORMAL,Normal claim patterns
1825331560,PRIOR_AUTH,1,0,0.0,0,0,0,0,0,5.07,5.07,100.0,LOW-RISK PROVIDER,NORMAL,High claim denial/rejection rate of 100.0%
1944289394,PRIOR_AUTH,1,0,0.0,0,0,0,0,0,5.07,5.07,100.0,LOW-RISK PROVIDER,NORMAL,High claim denial/rejection rate of 100.0%
1971632094,PHARMACY_CLAIM,1,0,0.0,0,0,0,0,0,5.07,5.07,0.0,LOW-RISK PROVIDER,NORMAL,Normal claim patterns
1992692877,PHARMACY_CLAIM,1,0,0.0,0,0,0,0,0,5.07,5.07,0.0,LOW-RISK PROVIDER,NORMAL,Normal claim patterns
1218094088,PRIOR_AUTH,1,0,0.0,0,0,0,0,0,5.06,5.06,100.0,LOW-RISK PROVIDER,NORMAL,High claim denial/rejection rate of 100.0%
1956277761,PHARMACY_CLAIM,1,0,0.0,0,0,0,0,0,5.06,5.06,0.0,LOW-RISK PROVIDER,NORMAL,Normal claim patterns
1359838370,PHARMACY_CLAIM,1,0,0.0,0,0,0,0,0,5.05,5.05,0.0,LOW-RISK PROVIDER,NORMAL,Normal claim patterns
1522575663,PHARMACY_CLAIM,1,0,0.0,0,0,0,0,0,5.05,5.05,0.0,LOW-RISK PROVIDER,NORMAL,Normal claim patterns
1023629425,MEDICAL_CLAIM,1,0,0.0,0,0,0,0,0,5.04,5.04,0.0,LOW-RISK PROVIDER,NORMAL,Normal claim patterns
1989131316,PHARMACY_CLAIM,1,0,0.0,0,0,0,0,0,5.04,5.04,0.0,LOW-RISK PROVIDER,NORMAL,Normal claim patterns
1083213896,PHARMACY_CLAIM,1,0,0.0,0,0,0,0,0,5.02,5.02,0.0,LOW-RISK PROVIDER,NORMAL,Normal claim patterns
1380680328,PHARMACY_CLAIM,1,0,0.0,0,0,0,0,0,5.02,5.02,0.0,LOW-RISK PROVIDER,NORMAL,Normal claim patterns
1396267068,MEDICAL_CLAIM,1,0,0.0,0,0,0,0,0,5.02,5.02,0.0,LOW-RISK PROVIDER,NORMAL,Normal claim patterns
1694776442,PHARMACY_CLAIM,1,0,0.0,0,0,0,0,0,5.02,5.02,0.0,LOW-RISK PROVIDER,NORMAL,Normal claim patterns
1194799023,MEDICAL_CLAIM,2,0,0.0,0,0,0,0,0,5.01,5.48,0.0,LOW-RISK PROVIDER,NORMAL,Normal claim patterns
1512655726,PRIOR_AUTH,1,0,0.0,0,0,0,0,0,5.01,5.01,100.0,LOW-RISK PROVIDER,NORMAL,High claim denial/rejection rate of 100.0%
1780165175,MEDICAL_CLAIM,1,0,0.0,0,0,0,0,0,5.01,5.01,0.0,LOW-RISK PROVIDER,NORMAL,Normal claim patterns
1867582419,PHARMACY_CLAIM,1,0,0.0,0,0,0,0,0,5.01,5.01,0.0,LOW-RISK PROVIDER,NORMAL,Normal claim patterns
1187593734,PRIOR_AUTH,1,0,0.0,0,0,0,0,0,5.0,5.0,100.0,LOW-RISK PROVIDER,NORMAL,High claim denial/rejection rate of 100.0%
1427887926,PHARMACY_CLAIM,1,0,0.0,0,0,0,0,0,5.0,5.0,0.0,LOW-RISK PROVIDER,NORMAL,Normal claim patterns
1484069996,PRIOR_AUTH,1,0,0.0,0,0,0,0,0,5.0,5.0,100.0,LOW-RISK PROVIDER,NORMAL,High claim denial/rejection rate of 100.0%
1612229683,PRIOR_AUTH,1,0,0.0,0,0,0,0,0,5.0,5.0,100.0,LOW-RISK PROVIDER,NORMAL,High claim denial/rejection rate of 100.0%
1940308773,PHARMACY_CLAIM,1,0,0.0,0,0,0,0,0,5.0,5.0,0.0,LOW-RISK PROVIDER,NORMAL,Normal claim patterns
1026587922,PRIOR_AUTH,1,0,0.0,0,0,0,0,0,4.99,4.99,100.0,LOW-RISK PROVIDER,NORMAL,High claim denial/rejection rate of 100.0%
1880797333,PHARMACY_CLAIM,1,0,0.0,0,0,0,0,0,4.99,4.99,0.0,LOW-RISK PROVIDER,NORMAL,Normal claim patterns
1437624260,PHARMACY_CLAIM,1,0,0.0,0,0,0,0,0,4.98,4.98,0.0,LOW-RISK PROVIDER,NORMAL,Normal claim patterns
1655497699,PHARMACY_CLAIM,1,0,0.0,0,0,0,0,0,4.98,4.98,0.0,LOW-RISK PROVIDER,NORMAL,Normal claim patterns
1014459790,PHARMACY_CLAIM,1,0,0.0,0,0,0,0,0,4.97,4.97,0.0,LOW-RISK PROVIDER,NORMAL,Normal claim patterns
1258704751,PHARMACY_CLAIM,1,0,0.0,0,0,0,0,0,4.97,4.97,0.0,LOW-RISK PROVIDER,NORMAL,Normal claim patterns
1265111700,PHARMACY_CLAIM,1,0,0.0,0,0,0,0,0,4.97,4.97,0.0,LOW-RISK PROVIDER,NORMAL,Normal claim patterns
1471621546,PRIOR_AUTH,1,0,0.0,0,0,0,0,0,4.97,4.97,100.0,LOW-RISK PROVIDER,NORMAL,High claim denial/rejection rate of 100.0%
1063421752,PHARMACY_CLAIM,1,0,0.0,0,0,0,0,0,4.96,4.96,0.0,LOW-RISK PROVIDER,NORMAL,Normal claim patterns
1315902699,PRIOR_AUTH,1,0,0.0,0,0,0,0,0,4.96,4.96,0.0,LOW-RISK PROVIDER,NORMAL,Normal claim patterns
1384666856,PRIOR_AUTH,1,0,0.0,0,0,0,0,0,4.96,4.96,100.0,LOW-RISK PROVIDER,NORMAL,High claim denial/rejection rate of 100.0%
1536109434,PRIOR_AUTH,1,0,0.0,0,0,0,0,0,4.96,4.96,100.0,LOW-RISK PROVIDER,NORMAL,High claim denial/rejection rate of 100.0%
1812917945,PHARMACY_CLAIM,1,0,0.0,0,0,0,0,0,4.96,4.96,0.0,LOW-RISK PROVIDER,NORMAL,Normal claim patterns
1343353993,PRIOR_AUTH,1,0,0.0,0,0,0,0,0,4.95,4.95,100.0,LOW-RISK PROVIDER,NORMAL,High claim denial/rejection rate of 100.0%
1392648227,PHARMACY_CLAIM,1,0,0.0,0,0,0,0,0,4.95,4.95,0.0,LOW-RISK PROVIDER,NORMAL,Normal claim patterns
1390956335,PHARMACY_CLAIM,1,0,0.0,0,0,0,0,0,4.94,4.94,0.0,LOW-RISK PROVIDER,NORMAL,Normal claim patterns
1826152760,PHARMACY_CLAIM,1,0,0.0,0,0,0,0,0,4.94,4.94,0.0,LOW-RISK PROVIDER,NORMAL,Normal claim patterns
1164778031,MEDICAL_CLAIM,1,0,0.0,0,0,0,0,0,4.93,4.93,0.0,LOW-RISK PROVIDER,NORMAL,Normal claim patterns
1338815771,PHARMACY_CLAIM,1,0,0.0,0,0,0,0,0,4.93,4.93,0.0,LOW-RISK PROVIDER,NORMAL,Normal claim patterns
1643381922,PHARMACY_CLAIM,1,0,0.0,0,0,0,0,0,4.93,4.93,0.0,LOW-RISK PROVIDER,NORMAL,Normal claim patterns
1745876651,PHARMACY_CLAIM,1,0,0.0,0,0,0,0,0,4.93,4.93,0.0,LOW-RISK PROVIDER,NORMAL,Normal claim patterns
1004169542,PRIOR_AUTH,1,0,0.0,0,0,0,0,0,4.92,4.92,100.0,LOW-RISK PROVIDER,NORMAL,High claim denial/rejection rate of 100.0%
1441807904,PRIOR_AUTH,1,0,0.0,0,0,0,0,0,4.92,4.92,100.0,LOW-RISK PROVIDER,NORMAL,High claim denial/rejection rate of 100.0%
1724106533,PHARMACY_CLAIM,1,0,0.0,0,0,0,0,0,4.92,4.92,0.0,LOW-RISK PROVIDER,NORMAL,Normal claim patterns
1752015086,PHARMACY_CLAIM,1,0,0.0,0,0,0,0,0,4.92,4.92,0.0,LOW-RISK PROVIDER,NORMAL,Normal claim patterns
1804001535,PRIOR_AUTH,1,0,0.0,0,0,0,0,0,4.92,4.92,0.0,LOW-RISK PROVIDER,NORMAL,Normal claim patterns
1197246871,PRIOR_AUTH,1,0,0.0,0,0,0,0,0,4.91,4.91,100.0,LOW-RISK PROVIDER,NORMAL,High claim denial/rejection rate of 100.0%
1841457363,PHARMACY_CLAIM,1,0,0.0,0,0,0,0,0,4.91,4.91,0.0,LOW-RISK PROVIDER,NORMAL,Normal claim patterns
1942392600,MEDICAL_CLAIM,1,0,0.0,0,0,0,0,0,4.91,4.91,0.0,LOW-RISK PROVIDER,NORMAL,Normal claim patterns
1962664292,PHARMACY_CLAIM,1,0,0.0,0,0,0,0,0,4.91,4.91,0.0,LOW-RISK PROVIDER,NORMAL,Normal claim patterns
1516887768,PHARMACY_CLAIM,1,0,0.0,0,0,0,0,0,4.9,4.9,0.0,LOW-RISK PROVIDER,NORMAL,Normal claim patterns
1493985819,PHARMACY_CLAIM,1,0,0.0,0,0,0,0,0,4.89,4.89,0.0,LOW-RISK PROVIDER,NORMAL,Normal claim patterns
1114481447,MEDICAL_CLAIM,2,0,0.0,0,0,0,0,0,4.88,6.63,0.0,LOW-RISK PROVIDER,NORMAL,Normal claim patterns
1939907519,PRIOR_AUTH,1,0,0.0,0,0,0,0,0,4.88,4.88,100.0,LOW-RISK PROVIDER,NORMAL,High claim denial/rejection rate of 100.0%
1465874307,PRIOR_AUTH,1,0,0.0,0,0,0,0,0,4.87,4.87,100.0,LOW-RISK PROVIDER,NORMAL,High claim denial/rejection rate of 100.0%
1699785089,MEDICAL_CLAIM,1,0,0.0,0,0,0,0,0,4.87,4.87,0.0,LOW-RISK PROVIDER,NORMAL,Normal claim patterns
1969324316,PHARMACY_CLAIM,1,0,0.0,0,0,0,0,0,4.87,4.87,0.0,LOW-RISK PROVIDER,NORMAL,Normal claim patterns
1047046753,PHARMACY_CLAIM,1,0,0.0,0,0,0,0,0,4.85,4.85,0.0,LOW-RISK PROVIDER,NORMAL,Normal claim patterns
1669474425,MEDICAL_CLAIM,1,0,0.0,0,0,0,0,0,4.85,4.85,0.0,LOW-RISK PROVIDER,NORMAL,Normal claim patterns
1766209834,PRIOR_AUTH,1,0,0.0,0,0,0,0,0,4.85,4.85,100.0,LOW-RISK PROVIDER,NORMAL,High claim denial/rejection rate of 100.0%
1784771681,PRIOR_AUTH,1,0,0.0,0,0,0,0,0,4.85,4.85,100.0,LOW-RISK PROVIDER,NORMAL,High claim denial/rejection rate of 100.0%
1831219328,MEDICAL_CLAIM,1,0,0.0,0,0,0,0,0,4.85,4.85,0.0,LOW-RISK PROVIDER,NORMAL,Normal claim patterns
1067426951,PHARMACY_CLAIM,1,0,0.0,0,0,0,0,0,4.84,4.84,0.0,LOW-RISK PROVIDER,NORMAL,Normal claim patterns
1447337698,PHARMACY_CLAIM,1,0,0.0,0,0,0,0,0,4.84,4.84,0.0,LOW-RISK PROVIDER,NORMAL,Normal claim patterns
1818269896,PHARMACY_CLAIM,1,0,0.0,0,0,0,0,0,4.84,4.84,0.0,LOW-RISK PROVIDER,NORMAL,Normal claim patterns
1007365320,PRIOR_AUTH,1,0,0.0,0,0,0,0,0,4.83,4.83,100.0,LOW-RISK PROVIDER,NORMAL,High claim denial/rejection rate of 100.0%
1405901233,PHARMACY_CLAIM,1,0,0.0,0,0,0,0,0,4.83,4.83,0.0,LOW-RISK PROVIDER,NORMAL,Normal claim patterns
1931818203,PHARMACY_CLAIM,1,0,0.0,0,0,0,0,0,4.82,4.82,0.0,LOW-RISK PROVIDER,NORMAL,Normal claim patterns
1109131899,PHARMACY_CLAIM,1,0,0.0,0,0,0,0,0,4.81,4.81,0.0,LOW-RISK PROVIDER,NORMAL,Normal claim patterns
1494053027,PHARMACY_CLAIM,1,0,0.0,0,0,0,0,0,4.81,4.81,0.0,LOW-RISK PROVIDER,NORMAL,Normal claim patterns
1715170145,PRIOR_AUTH,1,0,0.0,0,0,0,0,0,4.81,4.81,100.0,LOW-RISK PROVIDER,NORMAL,High claim denial/rejection rate of 100.0%
1769173791,PRIOR_AUTH,1,0,0.0,0,0,0,0,0,4.81,4.81,100.0,LOW-RISK PROVIDER,NORMAL,High claim denial/rejection rate of 100.0%
1622432126,PHARMACY_CLAIM,1,0,0.0,0,0,0,0,0,4.8,4.8,0.0,LOW-RISK PROVIDER,NORMAL,Normal claim patterns
1628583953,PHARMACY_CLAIM,1,0,0.0,0,0,0,0,0,4.8,4.8,0.0,LOW-RISK PROVIDER,NORMAL,Normal claim patterns
1897146834,PRIOR_AUTH,1,0,0.0,0,0,0,0,0,4.8,4.8,0.0,LOW-RISK PROVIDER,NORMAL,Normal claim patterns
1058910749,PHARMACY_CLAIM,1,0,0.0,0,0,0,0,0,4.79,4.79,0.0,LOW-RISK PROVIDER,NORMAL,Normal claim patterns
1905959581,PHARMACY_CLAIM,1,0,0.0,0,0,0,0,0,4.79,4.79,0.0,LOW-RISK PROVIDER,NORMAL,Normal claim patterns
1033218565,MEDICAL_CLAIM,1,0,0.0,0,0,0,0,0,4.78,4.78,0.0,LOW-RISK PROVIDER,NORMAL,Normal claim patterns
1210381041,PRIOR_AUTH,1,0,0.0,0,0,0,0,0,4.78,4.78,0.0,LOW-RISK PROVIDER,NORMAL,Normal claim patterns
1507864695,PHARMACY_CLAIM,1,0,0.0,0,0,0,0,0,4.78,4.78,0.0,LOW-RISK PROVIDER,NORMAL,Normal claim patterns
1701018493,PHARMACY_CLAIM,1,0,0.0,0,0,0,0,0,4.78,4.78,0.0,LOW-RISK PROVIDER,NORMAL,Normal claim patterns
1769339028,PRIOR_AUTH,1,0,0.0,0,0,0,0,0,4.78,4.78,0.0,LOW-RISK PROVIDER,NORMAL,Normal claim patterns
1464489764,PHARMACY_CLAIM,1,0,0.0,0,0,0,0,0,4.77,4.77,0.0,LOW-RISK PROVIDER,NORMAL,Normal claim patterns
1947533982,PRIOR_AUTH,1,0,0.0,0,0,0,0,0,4.77,4.77,100.0,LOW-RISK PROVIDER,NORMAL,High claim denial/rejection rate of 100.0%
1253395898,PRIOR_AUTH,1,0,0.0,0,0,0,0,0,4.76,4.76,100.0,LOW-RISK PROVIDER,NORMAL,High claim denial/rejection rate of 100.0%
1568404838,MEDICAL_CLAIM,1,0,0.0,0,0,0,0,0,4.76,4.76,0.0,LOW-RISK PROVIDER,NORMAL,Normal claim patterns
1040342033,PRIOR_AUTH,1,0,0.0,0,0,0,0,0,4.75,4.75,0.0,LOW-RISK PROVIDER,NORMAL,Normal claim patterns
1086826074,PRIOR_AUTH,1,0,0.0,0,0,0,0,0,4.75,4.75,100.0,LOW-RISK PROVIDER,NORMAL,High claim denial/rejection rate of 100.0%
1267036721,PHARMACY_CLAIM,1,0,0.0,0,0,0,0,0,4.75,4.75,0.0,LOW-RISK PROVIDER,NORMAL,Normal claim patterns
1790775229,MEDICAL_CLAIM,1,0,0.0,0,0,0,0,0,4.75,4.75,0.0,LOW-RISK PROVIDER,NORMAL,Normal claim patterns
1196712677,PHARMACY_CLAIM,1,0,0.0,0,0,0,0,0,4.74,4.74,0.0,LOW-RISK PROVIDER,NORMAL,Normal claim patterns
1860382204,PHARMACY_CLAIM,1,0,0.0,0,0,0,0,0,4.74,4.74,0.0,LOW-RISK PROVIDER,NORMAL,Normal claim patterns
1205781403,PHARMACY_CLAIM,1,0,0.0,0,0,0,0,0,4.73,4.73,0.0,LOW-RISK PROVIDER,NORMAL,Normal claim patterns
1270782604,PHARMACY_CLAIM,1,0,0.0,0,0,0,0,0,4.73,4.73,0.0,LOW-RISK PROVIDER,NORMAL,Normal claim patterns
1083086359,MEDICAL_CLAIM,2,0,0.0,0,0,0,0,0,4.72,4.84,0.0,LOW-RISK PROVIDER,NORMAL,Normal claim patterns
1596526302,PHARMACY_CLAIM,1,0,0.0,0,0,0,0,0,4.72,4.72,0.0,LOW-RISK PROVIDER,NORMAL,Normal claim patterns
1604872141,PRIOR_AUTH,1,0,0.0,0,0,0,0,0,4.72,4.72,0.0,LOW-RISK PROVIDER,NORMAL,Normal claim patterns
1811465602,MEDICAL_CLAIM,1,0,0.0,0,0,0,0,0,4.72,4.72,0.0,LOW-RISK PROVIDER,NORMAL,Normal claim patterns
1951350591,PHARMACY_CLAIM,1,0,0.0,0,0,0,0,0,4.72,4.72,0.0,LOW-RISK PROVIDER,NORMAL,Normal claim patterns
1096477408,PHARMACY_CLAIM,1,0,0.0,0,0,0,0,0,4.71,4.71,0.0,LOW-RISK PROVIDER,NORMAL,Normal claim patterns
1168205917,PRIOR_AUTH,1,0,0.0,0,0,0,0,0,4.71,4.71,100.0,LOW-RISK PROVIDER,NORMAL,High claim denial/rejection rate of 100.0%
1185183204,PHARMACY_CLAIM,1,0,0.0,0,0,0,0,0,4.71,4.71,0.0,LOW-RISK PROVIDER,NORMAL,Normal claim patterns
1475422151,PRIOR_AUTH,1,0,0.0,0,0,0,0,0,4.71,4.71,100.0,LOW-RISK PROVIDER,NORMAL,High claim denial/rejection rate of 100.0%
1787623936,PRIOR_AUTH,1,0,0.0,0,0,0,0,0,4.71,4.71,100.0,LOW-RISK PROVIDER,NORMAL,High claim denial/rejection rate of 100.0%
1619038536,MEDICAL_CLAIM,2,0,0.0,0,0,0,0,0,4.7,6.56,0.0,LOW-RISK PROVIDER,NORMAL,Normal claim patterns
1100321466,PHARMACY_CLAIM,1,0,0.0,0,0,0,0,0,4.7,4.7,0.0,LOW-RISK PROVIDER,NORMAL,Normal claim patterns
1588635973,MEDICAL_CLAIM,1,0,0.0,0,0,0,0,0,4.7,4.7,0.0,LOW-RISK PROVIDER,NORMAL,Normal claim patterns
1594586914,PRIOR_AUTH,1,0,0.0,0,0,0,0,0,4.7,4.7,100.0,LOW-RISK PROVIDER,NORMAL,High claim denial/rejection rate of 100.0%
1626548284,PHARMACY_CLAIM,1,0,0.0,0,0,0,0,0,4.7,4.7,0.0,LOW-RISK PROVIDER,NORMAL,Normal claim patterns
1775902898,PHARMACY_CLAIM,1,0,0.0,0,0,0,0,0,4.7,4.7,0.0,LOW-RISK PROVIDER,NORMAL,Normal claim patterns
1027296655,PRIOR_AUTH,1,0,0.0,0,0,0,0,0,4.69,4.69,100.0,LOW-RISK PROVIDER,NORMAL,High claim denial/rejection rate of 100.0%
1662763170,PHARMACY_CLAIM,1,0,0.0,0,0,0,0,0,4.69,4.69,0.0,LOW-RISK PROVIDER,NORMAL,Normal claim patterns
1746052798,PHARMACY_CLAIM,1,0,0.0,0,0,0,0,0,4.69,4.69,0.0,LOW-RISK PROVIDER,NORMAL,Normal claim patterns
1301948452,PHARMACY_CLAIM,1,0,0.0,0,0,0,0,0,4.68,4.68,0.0,LOW-RISK PROVIDER,NORMAL,Normal claim patterns
1002741381,PHARMACY_CLAIM,1,0,0.0,0,0,0,0,0,4.67,4.67,0.0,LOW-RISK PROVIDER,NORMAL,Normal claim patterns
1343432832,PRIOR_AUTH,1,0,0.0,0,0,0,0,0,4.67,4.67,0.0,LOW-RISK PROVIDER,NORMAL,Normal claim patterns
1487640989,PRIOR_AUTH,1,0,0.0,0,0,0,0,0,4.67,4.67,0.0,LOW-RISK PROVIDER,NORMAL,Normal claim patterns
1184857195,MEDICAL_CLAIM,1,0,0.0,0,0,0,0,0,4.66,4.66,0.0,LOW-RISK PROVIDER,NORMAL,Normal claim patterns
1770988735,MEDICAL_CLAIM,1,0,0.0,0,0,0,0,0,4.66,4.66,0.0,LOW-RISK PROVIDER,NORMAL,Normal claim patterns
1851951177,PRIOR_AUTH,1,0,0.0,0,0,0,0,0,4.66,4.66,100.0,LOW-RISK PROVIDER,NORMAL,High claim denial/rejection rate of 100.0%
1016282511,PRIOR_AUTH,1,0,0.0,0,0,0,0,0,4.65,4.65,100.0,LOW-RISK PROVIDER,NORMAL,High claim denial/rejection rate of 100.0%
1073540125,PHARMACY_CLAIM,1,0,0.0,0,0,0,0,0,4.65,4.65,0.0,LOW-RISK PROVIDER,NORMAL,Normal claim patterns
1194179721,MEDICAL_CLAIM,1,0,0.0,0,0,0,0,0,4.65,4.65,0.0,LOW-RISK PROVIDER,NORMAL,Normal claim patterns
1245466165,PRIOR_AUTH,1,0,0.0,0,0,0,0,0,4.65,4.65,0.0,LOW-RISK PROVIDER,NORMAL,Normal claim patterns
1581252241,PRIOR_AUTH,1,0,0.0,0,0,0,0,0,4.65,4.65,100.0,LOW-RISK PROVIDER,NORMAL,High claim denial/rejection rate of 100.0%
1657113020,PRIOR_AUTH,1,0,0.0,0,0,0,0,0,4.64,4.64,0.0,LOW-RISK PROVIDER,NORMAL,Normal claim patterns
1291498322,PHARMACY_CLAIM,1,0,0.0,0,0,0,0,0,4.63,4.63,0.0,LOW-RISK PROVIDER,NORMAL,Normal claim patterns
1458049478,PHARMACY_CLAIM,1,0,0.0,0,0,0,0,0,4.63,4.63,0.0,LOW-RISK PROVIDER,NORMAL,Normal claim patterns
1618259537,PRIOR_AUTH,1,0,0.0,0,0,0,0,0,4.63,4.63,0.0,LOW-RISK PROVIDER,NORMAL,Normal claim patterns
1709119116,PHARMACY_CLAIM,1,0,0.0,0,0,0,0,0,4.63,4.63,0.0,LOW-RISK PROVIDER,NORMAL,Normal claim patterns
1323486808,PHARMACY_CLAIM,1,0,0.0,0,0,0,0,0,4.62,4.62,0.0,LOW-RISK PROVIDER,NORMAL,Normal claim patterns
1324064453,PRIOR_AUTH,1,0,0.0,0,0,0,0,0,4.62,4.62,100.0,LOW-RISK PROVIDER,NORMAL,High claim denial/rejection rate of 100.0%
1583638703,PRIOR_AUTH,1,0,0.0,0,0,0,0,0,4.62,4.62,0.0,LOW-RISK PROVIDER,NORMAL,Normal claim patterns
1710160098,MEDICAL_CLAIM,1,0,0.0,0,0,0,0,0,4.62,4.62,0.0,LOW-RISK PROVIDER,NORMAL,Normal claim patterns
1838881782,PHARMACY_CLAIM,1,0,0.0,0,0,0,0,0,4.62,4.62,0.0,LOW-RISK PROVIDER,NORMAL,Normal claim patterns
1979237893,PRIOR_AUTH,1,0,0.0,0,0,0,0,0,4.62,4.62,0.0,LOW-RISK PROVIDER,NORMAL,Normal claim patterns
1585019545,PHARMACY_CLAIM,1,0,0.0,0,0,0,0,0,4.61,4.61,0.0,LOW-RISK PROVIDER,NORMAL,Normal claim patterns
1882416931,PHARMACY_CLAIM,1,0,0.0,0,0,0,0,0,4.61,4.61,0.0,LOW-RISK PROVIDER,NORMAL,Normal claim patterns
1679581532,MEDICAL_CLAIM,1,0,0.0,0,0,0,0,0,4.6,4.6,0.0,LOW-RISK PROVIDER,NORMAL,Normal claim patterns
1908685780,PRIOR_AUTH,1,0,0.0,0,0,0,0,0,4.6,4.6,100.0,LOW-RISK PROVIDER,NORMAL,High claim denial/rejection rate of 100.0%
1938458100,PRIOR_AUTH,1,0,0.0,0,0,0,0,0,4.6,4.6,100.0,LOW-RISK PROVIDER,NORMAL,High claim denial/rejection rate of 100.0%
1164676680,MEDICAL_CLAIM,2,0,0.0,0,0,0,0,0,4.59,9.15,0.0,LOW-RISK PROVIDER,NORMAL,Normal claim patterns
1297317874,PRIOR_AUTH,1,0,0.0,0,0,0,0,0,4.59,4.59,100.0,LOW-RISK PROVIDER,NORMAL,High claim denial/rejection rate of 100.0%
1478439134,PHARMACY_CLAIM,1,0,0.0,0,0,0,0,0,4.59,4.59,0.0,LOW-RISK PROVIDER,NORMAL,Normal claim patterns
1661129896,PHARMACY_CLAIM,1,0,0.0,0,0,0,0,0,4.59,4.59,0.0,LOW-RISK PROVIDER,NORMAL,Normal claim patterns
1861099087,MEDICAL_CLAIM,1,0,0.0,0,0,0,0,0,4.59,4.59,0.0,LOW-RISK PROVIDER,NORMAL,Normal claim patterns
1895088928,PHARMACY_CLAIM,1,0,0.0,0,0,0,0,0,4.59,4.59,0.0,LOW-RISK PROVIDER,NORMAL,Normal claim patterns
1074680918,PRIOR_AUTH,1,0,0.0,0,0,0,0,0,4.58,4.58,100.0,LOW-RISK PROVIDER,NORMAL,High claim denial/rejection rate of 100.0%
1138399576,PHARMACY_CLAIM,1,0,0.0,0,0,0,0,0,4.58,4.58,0.0,LOW-RISK PROVIDER,NORMAL,Normal claim patterns
1633672168,PHARMACY_CLAIM,1,0,0.0,0,0,0,0,0,4.58,4.58,0.0,LOW-RISK PROVIDER,NORMAL,Normal claim patterns
1968892565,PHARMACY_CLAIM,1,0,0.0,0,0,0,0,0,4.58,4.58,0.0,LOW-RISK PROVIDER,NORMAL,Normal claim patterns
1336677426,MEDICAL_CLAIM,1,0,0.0,0,0,0,0,0,4.57,4.57,0.0,LOW-RISK PROVIDER,NORMAL,Normal claim patterns
1344999417,PRIOR_AUTH,1,0,0.0,0,0,0,0,0,4.57,4.57,100.0,LOW-RISK PROVIDER,NORMAL,High claim denial/rejection rate of 100.0%
1388080786,PHARMACY_CLAIM,1,0,0.0,0,0,0,0,0,4.57,4.57,0.0,LOW-RISK PROVIDER,NORMAL,Normal claim patterns
1414981030,PRIOR_AUTH,1,0,0.0,0,0,0,0,0,4.57,4.57,100.0,LOW-RISK PROVIDER,NORMAL,High claim denial/rejection rate of 100.0%
1503170232,PHARMACY_CLAIM,1,0,0.0,0,0,0,0,0,4.57,4.57,0.0,LOW-RISK PROVIDER,NORMAL,Normal claim patterns
1324811316,PHARMACY_CLAIM,1,0,0.0,0,0,0,0,0,4.56,4.56,0.0,LOW-RISK PROVIDER,NORMAL,Normal claim patterns
1902796866,PHARMACY_CLAIM,1,0,0.0,0,0,0,0,0,4.56,4.56,0.0,LOW-RISK PROVIDER,NORMAL,Normal claim patterns
1412976091,PHARMACY_CLAIM,1,0,0.0,0,0,0,0,0,4.55,4.55,0.0,LOW-RISK PROVIDER,NORMAL,Normal claim patterns
1652199942,PRIOR_AUTH,1,0,0.0,0,0,0,0,0,4.55,4.55,100.0,LOW-RISK PROVIDER,NORMAL,High claim denial/rejection rate of 100.0%
1749181150,PRIOR_AUTH,1,0,0.0,0,0,0,0,0,4.55,4.55,0.0,LOW-RISK PROVIDER,NORMAL,Normal claim patterns
1955093864,PRIOR_AUTH,1,0,0.0,0,0,0,0,0,4.55,4.55,0.0,LOW-RISK PROVIDER,NORMAL,Normal claim patterns
1471568674,PHARMACY_CLAIM,1,0,0.0,0,0,0,0,0,4.54,4.54,0.0,LOW-RISK PROVIDER,NORMAL,Normal claim patterns
1885934239,PRIOR_AUTH,1,0,0.0,0,0,0,0,0,4.54,4.54,0.0,LOW-RISK PROVIDER,NORMAL,Normal claim patterns
1955335588,PHARMACY_CLAIM,1,0,0.0,0,0,0,0,0,4.54,4.54,0.0,LOW-RISK PROVIDER,NORMAL,Normal claim patterns
1036599517,PRIOR_AUTH,1,0,0.0,0,0,0,0,0,4.53,4.53,0.0,LOW-RISK PROVIDER,NORMAL,Normal claim patterns
1190830152,PHARMACY_CLAIM,1,0,0.0,0,0,0,0,0,4.53,4.53,0.0,LOW-RISK PROVIDER,NORMAL,Normal claim patterns
1463804453,PHARMACY_CLAIM,1,0,0.0,0,0,0,0,0,4.53,4.53,0.0,LOW-RISK PROVIDER,NORMAL,Normal claim patterns
1466462676,PHARMACY_CLAIM,1,0,0.0,0,0,0,0,0,4.52,4.52,0.0,LOW-RISK PROVIDER,NORMAL,Normal claim patterns
1497071161,MEDICAL_CLAIM,1,0,0.0,0,0,0,0,0,4.52,4.52,0.0,LOW-RISK PROVIDER,NORMAL,Normal claim patterns
1525480739,PHARMACY_CLAIM,1,0,0.0,0,0,0,0,0,4.52,4.52,0.0,LOW-RISK PROVIDER,NORMAL,Normal claim patterns
1393389299,PRIOR_AUTH,1,0,0.0,0,0,0,0,0,4.51,4.51,0.0,LOW-RISK PROVIDER,NORMAL,Normal claim patterns
1403968108,PHARMACY_CLAIM,1,0,0.0,0,0,0,0,0,4.51,4.51,0.0,LOW-RISK PROVIDER,NORMAL,Normal claim patterns
1075938506,PRIOR_AUTH,1,0,0.0,0,0,0,0,0,4.5,4.5,100.0,LOW-RISK PROVIDER,NORMAL,High claim denial/rejection rate of 100.0%
1349733565,PHARMACY_CLAIM,1,0,0.0,0,0,0,0,0,4.5,4.5,0.0,LOW-RISK PROVIDER,NORMAL,Normal claim patterns
1490579496,PHARMACY_CLAIM,1,0,0.0,0,0,0,0,0,4.5,4.5,0.0,LOW-RISK PROVIDER,NORMAL,Normal claim patterns
1973067437,PHARMACY_CLAIM,1,0,0.0,0,0,0,0,0,4.5,4.5,0.0,LOW-RISK PROVIDER,NORMAL,Normal claim patterns
1007995408,PRIOR_AUTH,1,0,0.0,0,0,0,0,0,4.49,4.49,0.0,LOW-RISK PROVIDER,NORMAL,Normal claim patterns
1081462179,PHARMACY_CLAIM,1,0,0.0,0,0,0,0,0,4.49,4.49,0.0,LOW-RISK PROVIDER,NORMAL,Normal claim patterns
1484409718,PRIOR_AUTH,1,0,0.0,0,0,0,0,0,4.49,4.49,100.0,LOW-RISK PROVIDER,NORMAL,High claim denial/rejection rate of 100.0%
1829090965,PHARMACY_CLAIM,1,0,0.0,0,0,0,0,0,4.49,4.49,0.0,LOW-RISK PROVIDER,NORMAL,Normal claim patterns
1104939487,MEDICAL_CLAIM,1,0,0.0,0,0,0,0,0,4.48,4.48,0.0,LOW-RISK PROVIDER,NORMAL,Normal claim patterns
1584043413,PHARMACY_CLAIM,1,0,0.0,0,0,0,0,0,4.48,4.48,0.0,LOW-RISK PROVIDER,NORMAL,Normal claim patterns
1877767197,PHARMACY_CLAIM,1,0,0.0,0,0,0,0,0,4.48,4.48,0.0,LOW-RISK PROVIDER,NORMAL,Normal claim patterns
1261764300,PRIOR_AUTH,1,0,0.0,0,0,0,0,0,4.47,4.47,100.0,LOW-RISK PROVIDER,NORMAL,High claim denial/rejection rate of 100.0%
1454180287,PHARMACY_CLAIM,1,0,0.0,0,0,0,0,0,4.47,4.47,0.0,LOW-RISK PROVIDER,NORMAL,Normal claim patterns
1633660149,PRIOR_AUTH,1,0,0.0,0,0,0,0,0,4.47,4.47,100.0,LOW-RISK PROVIDER,NORMAL,High claim denial/rejection rate of 100.0%
1134586043,MEDICAL_CLAIM,1,0,0.0,0,0,0,0,0,4.46,4.46,0.0,LOW-RISK PROVIDER,NORMAL,Normal claim patterns
1170400526,PHARMACY_CLAIM,1,0,0.0,0,0,0,0,0,4.46,4.46,0.0,LOW-RISK PROVIDER,NORMAL,Normal claim patterns
1797299363,PRIOR_AUTH,1,0,0.0,0,0,0,0,0,4.46,4.46,0.0,LOW-RISK PROVIDER,NORMAL,Normal claim patterns
1164591568,PRIOR_AUTH,1,0,0.0,0,0,0,0,0,4.45,4.45,100.0,LOW-RISK PROVIDER,NORMAL,High claim denial/rejection rate of 100.0%
1681859003,PRIOR_AUTH,1,0,0.0,0,0,0,0,0,4.45,4.45,0.0,LOW-RISK PROVIDER,NORMAL,Normal claim patterns
1721437904,PRIOR_AUTH,1,0,0.0,0,0,0,0,0,4.45,4.45,100.0,LOW-RISK PROVIDER,NORMAL,High claim denial/rejection rate of 100.0%
1750210252,PHARMACY_CLAIM,1,0,0.0,0,0,0,0,0,4.45,4.45,0.0,LOW-RISK PROVIDER,NORMAL,Normal claim patterns
1954735400,PHARMACY_CLAIM,1,0,0.0,0,0,0,0,0,4.45,4.45,0.0,LOW-RISK PROVIDER,NORMAL,Normal claim patterns
1201056442,PHARMACY_CLAIM,1,0,0.0,0,0,0,0,0,4.44,4.44,0.0,LOW-RISK PROVIDER,NORMAL,Normal claim patterns
1508325871,PRIOR_AUTH,1,0,0.0,0,0,0,0,0,4.44,4.44,100.0,LOW-RISK PROVIDER,NORMAL,High claim denial/rejection rate of 100.0%
1574069502,PHARMACY_CLAIM,1,0,0.0,0,0,0,0,0,4.44,4.44,0.0,LOW-RISK PROVIDER,NORMAL,Normal claim patterns
1449797340,PHARMACY_CLAIM,1,0,0.0,0,0,0,0,0,4.43,4.43,0.0,LOW-RISK PROVIDER,NORMAL,Normal claim patterns
1161986481,PRIOR_AUTH,1,0,0.0,0,0,0,0,0,4.42,4.42,100.0,LOW-RISK PROVIDER,NORMAL,High claim denial/rejection rate of 100.0%
1386897239,PHARMACY_CLAIM,1,0,0.0,0,0,0,0,0,4.42,4.42,0.0,LOW-RISK PROVIDER,NORMAL,Normal claim patterns
1746738910,PHARMACY_CLAIM,1,0,0.0,0,0,0,0,0,4.42,4.42,0.0,LOW-RISK PROVIDER,NORMAL,Normal claim patterns
1791495421,PHARMACY_CLAIM,1,0,0.0,0,0,0,0,0,4.42,4.42,0.0,LOW-RISK PROVIDER,NORMAL,Normal claim patterns
1165258171,PHARMACY_CLAIM,1,0,0.0,0,0,0,0,0,4.41,4.41,0.0,LOW-RISK PROVIDER,NORMAL,Normal claim patterns
1188726364,PHARMACY_CLAIM,1,0,0.0,0,0,0,0,0,4.41,4.41,0.0,LOW-RISK PROVIDER,NORMAL,Normal claim patterns
1922342725,PHARMACY_CLAIM,1,0,0.0,0,0,0,0,0,4.41,4.41,0.0,LOW-RISK PROVIDER,NORMAL,Normal claim patterns
1104992621,PHARMACY_CLAIM,1,0,0.0,0,0,0,0,0,4.4,4.4,0.0,LOW-RISK PROVIDER,NORMAL,Normal claim patterns
1143837202,PHARMACY_CLAIM,1,0,0.0,0,0,0,0,0,4.4,4.4,0.0,LOW-RISK PROVIDER,NORMAL,Normal claim patterns
1174143701,PRIOR_AUTH,1,0,0.0,0,0,0,0,0,4.39,4.39,0.0,LOW-RISK PROVIDER,NORMAL,Normal claim patterns
1185827656,PHARMACY_CLAIM,1,0,0.0,0,0,0,0,0,4.39,4.39,0.0,LOW-RISK PROVIDER,NORMAL,Normal claim patterns
1242328805,PHARMACY_CLAIM,1,0,0.0,0,0,0,0,0,4.39,4.39,0.0,LOW-RISK PROVIDER,NORMAL,Normal claim patterns
1444084963,PRIOR_AUTH,1,0,0.0,0,0,0,0,0,4.39,4.39,100.0,LOW-RISK PROVIDER,NORMAL,High claim denial/rejection rate of 100.0%
1910203559,PHARMACY_CLAIM,1,0,0.0,0,0,0,0,0,4.39,4.39,0.0,LOW-RISK PROVIDER,NORMAL,Normal claim patterns
1467947101,MEDICAL_CLAIM,1,0,0.0,0,0,0,0,0,4.38,4.38,0.0,LOW-RISK PROVIDER,NORMAL,Normal claim patterns
1631336751,PRIOR_AUTH,1,0,0.0,0,0,0,0,0,4.38,4.38,100.0,LOW-RISK PROVIDER,NORMAL,High claim denial/rejection rate of 100.0%
1683251156,PRIOR_AUTH,1,0,0.0,0,0,0,0,0,4.38,4.38,100.0,LOW-RISK PROVIDER,NORMAL,High claim denial/rejection rate of 100.0%
1686505547,PHARMACY_CLAIM,1,0,0.0,0,0,0,0,0,4.38,4.38,0.0,LOW-RISK PROVIDER,NORMAL,Normal claim patterns
1905198148,PHARMACY_CLAIM,1,0,0.0,0,0,0,0,0,4.38,4.38,0.0,LOW-RISK PROVIDER,NORMAL,Normal claim patterns
1093695395,PHARMACY_CLAIM,1,0,0.0,0,0,0,0,0,4.37,4.37,0.0,LOW-RISK PROVIDER,NORMAL,Normal claim patterns
1750660726,MEDICAL_CLAIM,1,0,0.0,0,0,0,0,0,4.37,4.37,0.0,LOW-RISK PROVIDER,NORMAL,Normal claim patterns
1887060116,PRIOR_AUTH,1,0,0.0,0,0,0,0,0,4.37,4.37,100.0,LOW-RISK PROVIDER,NORMAL,High claim denial/rejection rate of 100.0%
1780847517,MEDICAL_CLAIM,3,0,0.0,0,0,0,0,0,4.36,8.57,0.0,LOW-RISK PROVIDER,NORMAL,Normal claim patterns
1164496410,MEDICAL_CLAIM,1,0,0.0,0,0,0,0,0,4.36,4.36,0.0,LOW-RISK PROVIDER,NORMAL,Normal claim patterns
1164561701,PHARMACY_CLAIM,1,0,0.0,0,0,0,0,0,4.36,4.36,0.0,LOW-RISK PROVIDER,NORMAL,Normal claim patterns
1203295299,PHARMACY_CLAIM,1,0,0.0,0,0,0,0,0,4.36,4.36,0.0,LOW-RISK PROVIDER,NORMAL,Normal claim patterns
1819865490,PHARMACY_CLAIM,1,0,0.0,0,0,0,0,0,4.36,4.36,0.0,LOW-RISK PROVIDER,NORMAL,Normal claim patterns
1300131521,PRIOR_AUTH,1,0,0.0,0,0,0,0,0,4.35,4.35,100.0,LOW-RISK PROVIDER,NORMAL,High claim denial/rejection rate of 100.0%
1474078125,PHARMACY_CLAIM,1,0,0.0,0,0,0,0,0,4.35,4.35,0.0,LOW-RISK PROVIDER,NORMAL,Normal claim patterns
1795509320,PRIOR_AUTH,1,0,0.0,0,0,0,0,0,4.35,4.35,100.0,LOW-RISK PROVIDER,NORMAL,High claim denial/rejection rate of 100.0%
1668167715,PHARMACY_CLAIM,1,0,0.0,0,0,0,0,0,4.34,4.34,0.0,LOW-RISK PROVIDER,NORMAL,Normal claim patterns
1116371041,PHARMACY_CLAIM,1,0,0.0,0,0,0,0,0,4.33,4.33,0.0,LOW-RISK PROVIDER,NORMAL,Normal claim patterns
1394839687,PHARMACY_CLAIM,1,0,0.0,0,0,0,0,0,4.33,4.33,0.0,LOW-RISK PROVIDER,NORMAL,Normal claim patterns
1740067115,PRIOR_AUTH,1,0,0.0,0,0,0,0,0,4.33,4.33,0.0,LOW-RISK PROVIDER,NORMAL,Normal claim patterns
1767998969,PRIOR_AUTH,1,0,0.0,0,0,0,0,0,4.33,4.33,100.0,LOW-RISK PROVIDER,NORMAL,High claim denial/rejection rate of 100.0%
1990903533,PHARMACY_CLAIM,1,0,0.0,0,0,0,0,0,4.33,4.33,0.0,LOW-RISK PROVIDER,NORMAL,Normal claim patterns
1232267740,PRIOR_AUTH,1,0,0.0,0,0,0,0,0,4.32,4.32,100.0,LOW-RISK PROVIDER,NORMAL,High claim denial/rejection rate of 100.0%
1907267446,PHARMACY_CLAIM,1,0,0.0,0,0,0,0,0,4.32,4.32,0.0,LOW-RISK PROVIDER,NORMAL,Normal claim patterns
1130624755,PHARMACY_CLAIM,1,0,0.0,0,0,0,0,0,4.31,4.31,0.0,LOW-RISK PROVIDER,NORMAL,Normal claim patterns
1230494477,PHARMACY_CLAIM,1,0,0.0,0,0,0,0,0,4.31,4.31,0.0,LOW-RISK PROVIDER,NORMAL,Normal claim patterns
1245292788,MEDICAL_CLAIM,1,0,0.0,0,0,0,0,0,4.31,4.31,0.0,LOW-RISK PROVIDER,NORMAL,Normal claim patterns
1412118437,PRIOR_AUTH,1,0,0.0,0,0,0,0,0,4.31,4.31,100.0,LOW-RISK PROVIDER,NORMAL,High claim denial/rejection rate of 100.0%
1571387808,PHARMACY_CLAIM,1,0,0.0,0,0,0,0,0,4.31,4.31,0.0,LOW-RISK PROVIDER,NORMAL,Normal claim patterns
1249779213,PHARMACY_CLAIM,1,0,0.0,0,0,0,0,0,4.3,4.3,0.0,LOW-RISK PROVIDER,NORMAL,Normal claim patterns
1320269277,PRIOR_AUTH,1,0,0.0,0,0,0,0,0,4.3,4.3,100.0,LOW-RISK PROVIDER,NORMAL,High claim denial/rejection rate of 100.0%
1794307197,PHARMACY_CLAIM,1,0,0.0,0,0,0,0,0,4.3,4.3,0.0,LOW-RISK PROVIDER,NORMAL,Normal claim patterns
1839472781,PRIOR_AUTH,1,0,0.0,0,0,0,0,0,4.3,4.3,100.0,LOW-RISK PROVIDER,NORMAL,High claim denial/rejection rate of 100.0%
1115159757,PRIOR_AUTH,1,0,0.0,0,0,0,0,0,4.29,4.29,0.0,LOW-RISK PROVIDER,NORMAL,Normal claim patterns
1212869442,PHARMACY_CLAIM,1,0,0.0,0,0,0,0,0,4.29,4.29,0.0,LOW-RISK PROVIDER,NORMAL,Normal claim patterns
1251515483,PHARMACY_CLAIM,1,0,0.0,0,0,0,0,0,4.29,4.29,0.0,LOW-RISK PROVIDER,NORMAL,Normal claim patterns
1392913807,PHARMACY_CLAIM,1,0,0.0,0,0,0,0,0,4.29,4.29,0.0,LOW-RISK PROVIDER,NORMAL,Normal claim patterns
1548381317,PRIOR_AUTH,1,0,0.0,0,0,0,0,0,4.29,4.29,0.0,LOW-RISK PROVIDER,NORMAL,Normal claim patterns
1296790334,PRIOR_AUTH,1,0,0.0,0,0,0,0,0,4.28,4.28,0.0,LOW-RISK PROVIDER,NORMAL,Normal claim patterns
1478576820,PHARMACY_CLAIM,1,0,0.0,0,0,0,0,0,4.28,4.28,0.0,LOW-RISK PROVIDER,NORMAL,Normal claim patterns
1498218388,PHARMACY_CLAIM,1,0,0.0,0,0,0,0,0,4.28,4.28,0.0,LOW-RISK PROVIDER,NORMAL,Normal claim patterns
1913302949,PRIOR_AUTH,1,0,0.0,0,0,0,0,0,4.28,4.28,0.0,LOW-RISK PROVIDER,NORMAL,Normal claim patterns
1995215072,PHARMACY_CLAIM,1,0,0.0,0,0,0,0,0,4.28,4.28,0.0,LOW-RISK PROVIDER,NORMAL,Normal claim patterns
1713785382,PHARMACY_CLAIM,1,0,0.0,0,0,0,0,0,4.27,4.27,0.0,LOW-RISK PROVIDER,NORMAL,Normal claim patterns
1332857443,PHARMACY_CLAIM,1,0,0.0,0,0,0,0,0,4.26,4.26,0.0,LOW-RISK PROVIDER,NORMAL,Normal claim patterns
1456233381,PRIOR_AUTH,1,0,0.0,0,0,0,0,0,4.26,4.26,0.0,LOW-RISK PROVIDER,NORMAL,Normal claim patterns
1669840745,PRIOR_AUTH,1,0,0.0,0,0,0,0,0,4.26,4.26,0.0,LOW-RISK PROVIDER,NORMAL,Normal claim patterns
1339098611,PRIOR_AUTH,1,0,0.0,0,0,0,0,0,4.25,4.25,0.0,LOW-RISK PROVIDER,NORMAL,Normal claim patterns
1582035759,PRIOR_AUTH,1,0,0.0,0,0,0,0,0,4.25,4.25,100.0,LOW-RISK PROVIDER,NORMAL,High claim denial/rejection rate of 100.0%
1007496608,PRIOR_AUTH,1,0,0.0,0,0,0,0,0,4.24,4.24,100.0,LOW-RISK PROVIDER,NORMAL,High claim denial/rejection rate of 100.0%
1040776193,PHARMACY_CLAIM,1,0,0.0,0,0,0,0,0,4.24,4.24,0.0,LOW-RISK PROVIDER,NORMAL,Normal claim patterns
1401730680,PHARMACY_CLAIM,1,0,0.0,0,0,0,0,0,4.24,4.24,0.0,LOW-RISK PROVIDER,NORMAL,Normal claim patterns
1381442711,PHARMACY_CLAIM,1,0,0.0,0,0,0,0,0,4.23,4.23,0.0,LOW-RISK PROVIDER,NORMAL,Normal claim patterns
1406222217,PRIOR_AUTH,1,0,0.0,0,0,0,0,0,4.22,4.22,100.0,LOW-RISK PROVIDER,NORMAL,High claim denial/rejection rate of 100.0%
1631211592,PHARMACY_CLAIM,1,0,0.0,0,0,0,0,0,4.22,4.22,0.0,LOW-RISK PROVIDER,NORMAL,Normal claim patterns
1639413925,MEDICAL_CLAIM,1,0,0.0,0,0,0,0,0,4.22,4.22,0.0,LOW-RISK PROVIDER,NORMAL,Normal claim patterns
1899500781,PRIOR_AUTH,1,0,0.0,0,0,0,0,0,4.22,4.22,0.0,LOW-RISK PROVIDER,NORMAL,Normal claim patterns
1188061792,PHARMACY_CLAIM,1,0,0.0,0,0,0,0,0,4.21,4.21,0.0,LOW-RISK PROVIDER,NORMAL,Normal claim patterns
1323281013,PRIOR_AUTH,1,0,0.0,0,0,0,0,0,4.21,4.21,100.0,LOW-RISK PROVIDER,NORMAL,High claim denial/rejection rate of 100.0%
1380596989,PHARMACY_CLAIM,1,0,0.0,0,0,0,0,0,4.21,4.21,0.0,LOW-RISK PROVIDER,NORMAL,Normal claim patterns
1863980554,PRIOR_AUTH,1,0,0.0,0,0,0,0,0,4.21,4.21,100.0,LOW-RISK PROVIDER,NORMAL,High claim denial/rejection rate of 100.0%
1942385554,MEDICAL_CLAIM,1,0,0.0,0,0,0,0,0,4.21,4.21,0.0,LOW-RISK PROVIDER,NORMAL,Normal claim patterns
1225840101,PRIOR_AUTH,1,0,0.0,0,0,0,0,0,4.2,4.2,100.0,LOW-RISK PROVIDER,NORMAL,High claim denial/rejection rate of 100.0%
1413910434,PRIOR_AUTH,1,0,0.0,0,0,0,0,0,4.2,4.2,0.0,LOW-RISK PROVIDER,NORMAL,Normal claim patterns
1870358833,PHARMACY_CLAIM,1,0,0.0,0,0,0,0,0,4.2,4.2,0.0,LOW-RISK PROVIDER,NORMAL,Normal claim patterns
1940503200,PHARMACY_CLAIM,1,0,0.0,0,0,0,0,0,4.2,4.2,0.0,LOW-RISK PROVIDER,NORMAL,Normal claim patterns
1659818623,MEDICAL_CLAIM,2,0,0.0,0,0,0,0,0,4.19,7.24,0.0,LOW-RISK PROVIDER,NORMAL,Normal claim patterns
1178288793,PRIOR_AUTH,1,0,0.0,0,0,0,0,0,4.19,4.19,100.0,LOW-RISK PROVIDER,NORMAL,High claim denial/rejection rate of 100.0%
1337041205,PRIOR_AUTH,1,0,0.0,0,0,0,0,0,4.19,4.19,0.0,LOW-RISK PROVIDER,NORMAL,Normal claim patterns
1429558687,PHARMACY_CLAIM,1,0,0.0,0,0,0,0,0,4.19,4.19,0.0,LOW-RISK PROVIDER,NORMAL,Normal claim patterns
1846989008,PHARMACY_CLAIM,1,0,0.0,0,0,0,0,0,4.19,4.19,0.0,LOW-RISK PROVIDER,NORMAL,Normal claim patterns
1851662233,MEDICAL_CLAIM,1,0,0.0,0,0,0,0,0,4.19,4.19,0.0,LOW-RISK PROVIDER,NORMAL,Normal claim patterns
1239654800,PHARMACY_CLAIM,1,0,0.0,0,0,0,0,0,4.18,4.18,0.0,LOW-RISK PROVIDER,NORMAL,Normal claim patterns
1682527380,PHARMACY_CLAIM,1,0,0.0,0,0,0,0,0,4.18,4.18,0.0,LOW-RISK PROVIDER,NORMAL,Normal claim patterns
1863822539,PRIOR_AUTH,1,0,0.0,0,0,0,0,0,4.18,4.18,0.0,LOW-RISK PROVIDER,NORMAL,Normal claim patterns
1158403186,PRIOR_AUTH,1,0,0.0,0,0,0,0,0,4.17,4.17,0.0,LOW-RISK PROVIDER,NORMAL,Normal claim patterns
1174704329,PHARMACY_CLAIM,1,0,0.0,0,0,0,0,0,4.17,4.17,0.0,LOW-RISK PROVIDER,NORMAL,Normal claim patterns
1263761832,PRIOR_AUTH,1,0,0.0,0,0,0,0,0,4.17,4.17,0.0,LOW-RISK PROVIDER,NORMAL,Normal claim patterns
1513916200,PRIOR_AUTH,1,0,0.0,0,0,0,0,0,4.17,4.17,0.0,LOW-RISK PROVIDER,NORMAL,Normal claim patterns
1803325815,PRIOR_AUTH,1,0,0.0,0,0,0,0,0,4.17,4.17,0.0,LOW-RISK PROVIDER,NORMAL,Normal claim patterns
1841516504,PHARMACY_CLAIM,1,0,0.0,0,0,0,0,0,4.17,4.17,0.0,LOW-RISK PROVIDER,NORMAL,Normal claim patterns
1389875720,PHARMACY_CLAIM,1,0,0.0,0,0,0,0,0,4.16,4.16,0.0,LOW-RISK PROVIDER,NORMAL,Normal claim patterns
1442997402,PHARMACY_CLAIM,1,0,0.0,0,0,0,0,0,4.16,4.16,0.0,LOW-RISK PROVIDER,NORMAL,Normal claim patterns
1945978762,PHARMACY_CLAIM,1,0,0.0,0,0,0,0,0,4.16,4.16,0.0,LOW-RISK PROVIDER,NORMAL,Normal claim patterns
1184703165,PRIOR_AUTH,1,0,0.0,0,0,0,0,0,4.15,4.15,0.0,LOW-RISK PROVIDER,NORMAL,Normal claim patterns
1314259501,PHARMACY_CLAIM,1,0,0.0,0,0,0,0,0,4.15,4.15,0.0,LOW-RISK PROVIDER,NORMAL,Normal claim patterns
1540158202,PRIOR_AUTH,1,0,0.0,0,0,0,0,0,4.15,4.15,100.0,LOW-RISK PROVIDER,NORMAL,High claim denial/rejection rate of 100.0%
1806690120,PRIOR_AUTH,1,0,0.0,0,0,0,0,0,4.15,4.15,100.0,LOW-RISK PROVIDER,NORMAL,High claim denial/rejection rate of 100.0%
1284727241,PRIOR_AUTH,1,0,0.0,0,0,0,0,0,4.14,4.14,100.0,LOW-RISK PROVIDER,NORMAL,High claim denial/rejection rate of 100.0%
1212885373,PRIOR_AUTH,1,0,0.0,0,0,0,0,0,4.13,4.13,100.0,LOW-RISK PROVIDER,NORMAL,High claim denial/rejection rate of 100.0%
1454883555,PRIOR_AUTH,1,0,0.0,0,0,0,0,0,4.12,4.12,100.0,LOW-RISK PROVIDER,NORMAL,High claim denial/rejection rate of 100.0%
1821687605,PRIOR_AUTH,1,0,0.0,0,0,0,0,0,4.12,4.12,0.0,LOW-RISK PROVIDER,NORMAL,Normal claim patterns
1092381520,PRIOR_AUTH,1,0,0.0,0,0,0,0,0,4.11,4.11,0.0,LOW-RISK PROVIDER,NORMAL,Normal claim patterns
1811917823,PHARMACY_CLAIM,1,0,0.0,0,0,0,0,0,4.11,4.11,0.0,LOW-RISK PROVIDER,NORMAL,Normal claim patterns
1160602203,PRIOR_AUTH,1,0,0.0,0,0,0,0,0,4.1,4.1,100.0,LOW-RISK PROVIDER,NORMAL,High claim denial/rejection rate of 100.0%
1208384927,PHARMACY_CLAIM,1,0,0.0,0,0,0,0,0,4.1,4.1,0.0,LOW-RISK PROVIDER,NORMAL,Normal claim patterns
1334422065,PHARMACY_CLAIM,1,0,0.0,0,0,0,0,0,4.1,4.1,0.0,LOW-RISK PROVIDER,NORMAL,Normal claim patterns
1597854564,PHARMACY_CLAIM,1,0,0.0,0,0,0,0,0,4.1,4.1,0.0,LOW-RISK PROVIDER,NORMAL,Normal claim patterns
1747988911,PRIOR_AUTH,1,0,0.0,0,0,0,0,0,4.1,4.1,100.0,LOW-RISK PROVIDER,NORMAL,High claim denial/rejection rate of 100.0%
1050734916,PHARMACY_CLAIM,1,0,0.0,0,0,0,0,0,4.09,4.09,0.0,LOW-RISK PROVIDER,NORMAL,Normal claim patterns
1249773145,PHARMACY_CLAIM,1,0,0.0,0,0,0,0,0,4.09,4.09,0.0,LOW-RISK PROVIDER,NORMAL,Normal claim patterns
1174555692,MEDICAL_CLAIM,2,0,0.0,0,0,0,0,0,4.08,7.15,0.0,LOW-RISK PROVIDER,NORMAL,Normal claim patterns
1201603319,PHARMACY_CLAIM,1,0,0.0,0,0,0,0,0,4.08,4.08,0.0,LOW-RISK PROVIDER,NORMAL,Normal claim patterns
1911525800,PRIOR_AUTH,1,0,0.0,0,0,0,0,0,4.08,4.08,100.0,LOW-RISK PROVIDER,NORMAL,High claim denial/rejection rate of 100.0%
1213487752,PRIOR_AUTH,1,0,0.0,0,0,0,0,0,4.07,4.07,0.0,LOW-RISK PROVIDER,NORMAL,Normal claim patterns
1838101699,PHARMACY_CLAIM,1,0,0.0,0,0,0,0,0,4.07,4.07,0.0,LOW-RISK PROVIDER,NORMAL,Normal claim patterns
1977656682,PHARMACY_CLAIM,1,0,0.0,0,0,0,0,0,4.06,4.06,0.0,LOW-RISK PROVIDER,NORMAL,Normal claim patterns
1469954794,PHARMACY_CLAIM,1,0,0.0,0,0,0,0,0,4.05,4.05,0.0,LOW-RISK PROVIDER,NORMAL,Normal claim patterns
1627105800,PHARMACY_CLAIM,1,0,0.0,0,0,0,0,0,4.05,4.05,0.0,LOW-RISK PROVIDER,NORMAL,Normal claim patterns
1040938605,PRIOR_AUTH,1,0,0.0,0,0,0,0,0,4.04,4.04,0.0,LOW-RISK PROVIDER,NORMAL,Normal claim patterns
1484989633,PHARMACY_CLAIM,1,0,0.0,0,0,0,0,0,4.04,4.04,0.0,LOW-RISK PROVIDER,NORMAL,Normal claim patterns
1096705937,PHARMACY_CLAIM,1,0,0.0,0,0,0,0,0,4.03,4.03,0.0,LOW-RISK PROVIDER,NORMAL,Normal claim patterns
1141420215,PHARMACY_CLAIM,1,0,0.0,0,0,0,0,0,4.03,4.03,0.0,LOW-RISK PROVIDER,NORMAL,Normal claim patterns
1658247390,PRIOR_AUTH,1,0,0.0,0,0,0,0,0,4.03,4.03,0.0,LOW-RISK PROVIDER,NORMAL,Normal claim patterns
1895474829,PHARMACY_CLAIM,1,0,0.0,0,0,0,0,0,4.03,4.03,0.0,LOW-RISK PROVIDER,NORMAL,Normal claim patterns
1156762548,PHARMACY_CLAIM,1,0,0.0,0,0,0,0,0,4.02,4.02,0.0,LOW-RISK PROVIDER,NORMAL,Normal claim patterns
1991110880,PRIOR_AUTH,1,0,0.0,0,0,0,0,0,4.02,4.02,100.0,LOW-RISK PROVIDER,NORMAL,High claim denial/rejection rate of 100.0%
1580246493,PHARMACY_CLAIM,1,0,0.0,0,0,0,0,0,4.01,4.01,0.0,LOW-RISK PROVIDER,NORMAL,Normal claim patterns
1719344492,PHARMACY_CLAIM,1,0,0.0,0,0,0,0,0,4.01,4.01,0.0,LOW-RISK PROVIDER,NORMAL,Normal claim patterns
1906256798,PHARMACY_CLAIM,1,0,0.0,0,0,0,0,0,4.01,4.01,0.0,LOW-RISK PROVIDER,NORMAL,Normal claim patterns
1000191866,PRIOR_AUTH,1,0,0.0,0,0,0,0,0,4.0,4.0,100.0,LOW-RISK PROVIDER,NORMAL,High claim denial/rejection rate of 100.0%
1180921015,PHARMACY_CLAIM,1,0,0.0,0,0,0,0,0,4.0,4.0,0.0,LOW-RISK PROVIDER,NORMAL,Normal claim patterns
1195002615,PRIOR_AUTH,1,0,0.0,0,0,0,0,0,4.0,4.0,100.0,LOW-RISK PROVIDER,NORMAL,High claim denial/rejection rate of 100.0%
1581483238,PHARMACY_CLAIM,1,0,0.0,0,0,0,0,0,4.0,4.0,0.0,LOW-RISK PROVIDER,NORMAL,Normal claim patterns
1902206857,MEDICAL_CLAIM,1,0,0.0,0,0,0,0,0,4.0,4.0,0.0,LOW-RISK PROVIDER,NORMAL,Normal claim patterns
1995350619,PRIOR_AUTH,1,0,0.0,0,0,0,0,0,4.0,4.0,100.0,LOW-RISK PROVIDER,NORMAL,High claim denial/rejection rate of 100.0%
1133841396,PHARMACY_CLAIM,1,0,0.0,0,0,0,0,0,3.99,3.99,0.0,LOW-RISK PROVIDER,NORMAL,Normal claim patterns
1636267572,PRIOR_AUTH,1,0,0.0,0,0,0,0,0,3.99,3.99,0.0,LOW-RISK PROVIDER,NORMAL,Normal claim patterns
1799752064,PRIOR_AUTH,1,0,0.0,0,0,0,0,0,3.99,3.99,0.0,LOW-RISK PROVIDER,NORMAL,Normal claim patterns
1871252206,PHARMACY_CLAIM,1,0,0.0,0,0,0,0,0,3.99,3.99,0.0,LOW-RISK PROVIDER,NORMAL,Normal claim patterns
1528195724,MEDICAL_CLAIM,1,0,0.0,0,0,0,0,0,3.98,3.98,0.0,LOW-RISK PROVIDER,NORMAL,Normal claim patterns
1686888117,PHARMACY_CLAIM,1,0,0.0,0,0,0,0,0,3.98,3.98,0.0,LOW-RISK PROVIDER,NORMAL,Normal claim patterns
1782252720,PHARMACY_CLAIM,1,0,0.0,0,0,0,0,0,3.98,3.98,0.0,LOW-RISK PROVIDER,NORMAL,Normal claim patterns
1040331086,PHARMACY_CLAIM,1,0,0.0,0,0,0,0,0,3.97,3.97,0.0,LOW-RISK PROVIDER,NORMAL,Normal claim patterns
1396654436,PHARMACY_CLAIM,1,0,0.0,0,0,0,0,0,3.97,3.97,0.0,LOW-RISK PROVIDER,NORMAL,Normal claim patterns
1473926947,PRIOR_AUTH,1,0,0.0,0,0,0,0,0,3.97,3.97,0.0,LOW-RISK PROVIDER,NORMAL,Normal claim patterns
1568553519,MEDICAL_CLAIM,5,0,0.0,0,0,0,0,0,3.96,6.36,0.0,LOW-RISK PROVIDER,NORMAL,Normal claim patterns
1366630949,MEDICAL_CLAIM,2,0,0.0,0,0,0,0,0,3.96,4.84,0.0,LOW-RISK PROVIDER,NORMAL,Normal claim patterns
1230882801,PHARMACY_CLAIM,1,0,0.0,0,0,0,0,0,3.96,3.96,0.0,LOW-RISK PROVIDER,NORMAL,Normal claim patterns
1280447843,PRIOR_AUTH,1,0,0.0,0,0,0,0,0,3.96,3.96,0.0,LOW-RISK PROVIDER,NORMAL,Normal claim patterns
1870126887,PHARMACY_CLAIM,1,0,0.0,0,0,0,0,0,3.96,3.96,0.0,LOW-RISK PROVIDER,NORMAL,Normal claim patterns
1961150163,PHARMACY_CLAIM,1,0,0.0,0,0,0,0,0,3.96,3.96,0.0,LOW-RISK PROVIDER,NORMAL,Normal claim patterns
1147674301,PHARMACY_CLAIM,1,0,0.0,0,0,0,0,0,3.95,3.95,0.0,LOW-RISK PROVIDER,NORMAL,Normal claim patterns
1355065937,PRIOR_AUTH,1,0,0.0,0,0,0,0,0,3.95,3.95,100.0,LOW-RISK PROVIDER,NORMAL,High claim denial/rejection rate of 100.0%
1788274542,PRIOR_AUTH,1,0,0.0,0,0,0,0,0,3.95,3.95,100.0,LOW-RISK PROVIDER,NORMAL,High claim denial/rejection rate of 100.0%
1024248983,PHARMACY_CLAIM,1,0,0.0,0,0,0,0,0,3.94,3.94,0.0,LOW-RISK PROVIDER,NORMAL,Normal claim patterns
1273617211,PHARMACY_CLAIM,1,0,0.0,0,0,0,0,0,3.94,3.94,0.0,LOW-RISK PROVIDER,NORMAL,Normal claim patterns
1336188413,PRIOR_AUTH,1,0,0.0,0,0,0,0,0,3.94,3.94,0.0,LOW-RISK PROVIDER,NORMAL,Normal claim patterns
1656524101,PHARMACY_CLAIM,1,0,0.0,0,0,0,0,0,3.94,3.94,0.0,LOW-RISK PROVIDER,NORMAL,Normal claim patterns
1657105636,PRIOR_AUTH,1,0,0.0,0,0,0,0,0,3.94,3.94,0.0,LOW-RISK PROVIDER,NORMAL,Normal claim patterns
1137246351,PHARMACY_CLAIM,1,0,0.0,0,0,0,0,0,3.93,3.93,0.0,LOW-RISK PROVIDER,NORMAL,Normal claim patterns
1175398339,PHARMACY_CLAIM,1,0,0.0,0,0,0,0,0,3.93,3.93,0.0,LOW-RISK PROVIDER,NORMAL,Normal claim patterns
1816433056,PRIOR_AUTH,1,0,0.0,0,0,0,0,0,3.93,3.93,100.0,LOW-RISK PROVIDER,NORMAL,High claim denial/rejection rate of 100.0%
1832737884,PRIOR_AUTH,1,0,0.0,0,0,0,0,0,3.93,3.93,100.0,LOW-RISK PROVIDER,NORMAL,High claim denial/rejection rate of 100.0%
1102204095,PHARMACY_CLAIM,1,0,0.0,0,0,0,0,0,3.92,3.92,0.0,LOW-RISK PROVIDER,NORMAL,Normal claim patterns
1558310052,MEDICAL_CLAIM,1,0,0.0,0,0,0,0,0,3.92,3.92,0.0,LOW-RISK PROVIDER,NORMAL,Normal claim patterns
1616596018,PRIOR_AUTH,1,0,0.0,0,0,0,0,0,3.92,3.92,100.0,LOW-RISK PROVIDER,NORMAL,High claim denial/rejection rate of 100.0%
1618888455,PHARMACY_CLAIM,1,0,0.0,0,0,0,0,0,3.92,3.92,0.0,LOW-RISK PROVIDER,NORMAL,Normal claim patterns
1682603142,PRIOR_AUTH,1,0,0.0,0,0,0,0,0,3.92,3.92,100.0,LOW-RISK PROVIDER,NORMAL,High claim denial/rejection rate of 100.0%
1750310884,MEDICAL_CLAIM,2,0,0.0,0,0,0,0,0,3.91,5.3,0.0,LOW-RISK PROVIDER,NORMAL,Normal claim patterns
1319757745,PHARMACY_CLAIM,1,0,0.0,0,0,0,0,0,3.91,3.91,0.0,LOW-RISK PROVIDER,NORMAL,Normal claim patterns
1087515250,PHARMACY_CLAIM,1,0,0.0,0,0,0,0,0,3.9,3.9,0.0,LOW-RISK PROVIDER,NORMAL,Normal claim patterns
1114964968,PRIOR_AUTH,1,0,0.0,0,0,0,0,0,3.9,3.9,0.0,LOW-RISK PROVIDER,NORMAL,Normal claim patterns
1425595045,PHARMACY_CLAIM,1,0,0.0,0,0,0,0,0,3.9,3.9,0.0,LOW-RISK PROVIDER,NORMAL,Normal claim patterns
1539875215,PRIOR_AUTH,1,0,0.0,0,0,0,0,0,3.9,3.9,0.0,LOW-RISK PROVIDER,NORMAL,Normal claim patterns
1656893057,PRIOR_AUTH,1,0,0.0,0,0,0,0,0,3.9,3.9,0.0,LOW-RISK PROVIDER,NORMAL,Normal claim patterns
1778501552,PRIOR_AUTH,1,0,0.0,0,0,0,0,0,3.9,3.9,0.0,LOW-RISK PROVIDER,NORMAL,Normal claim patterns
1043263080,MEDICAL_CLAIM,1,0,0.0,0,0,0,0,0,3.89,3.89,0.0,LOW-RISK PROVIDER,NORMAL,Normal claim patterns
1438549212,PRIOR_AUTH,1,0,0.0,0,0,0,0,0,3.89,3.89,0.0,LOW-RISK PROVIDER,NORMAL,Normal claim patterns
1762102169,PHARMACY_CLAIM,1,0,0.0,0,0,0,0,0,3.89,3.89,0.0,LOW-RISK PROVIDER,NORMAL,Normal claim patterns
1905465647,PRIOR_AUTH,1,0,0.0,0,0,0,0,0,3.89,3.89,0.0,LOW-RISK PROVIDER,NORMAL,Normal claim patterns
1143633247,PHARMACY_CLAIM,1,0,0.0,0,0,0,0,0,3.88,3.88,0.0,LOW-RISK PROVIDER,NORMAL,Normal claim patterns
1407332984,MEDICAL_CLAIM,1,0,0.0,0,0,0,0,0,3.88,3.88,0.0,LOW-RISK PROVIDER,NORMAL,Normal claim patterns
1438523584,PRIOR_AUTH,1,0,0.0,0,0,0,0,0,3.88,3.88,0.0,LOW-RISK PROVIDER,NORMAL,Normal claim patterns
1832289707,PHARMACY_CLAIM,1,0,0.0,0,0,0,0,0,3.88,3.88,0.0,LOW-RISK PROVIDER,NORMAL,Normal claim patterns
1833916557,PHARMACY_CLAIM,1,0,0.0,0,0,0,0,0,3.88,3.88,0.0,LOW-RISK PROVIDER,NORMAL,Normal claim patterns
1124571815,MEDICAL_CLAIM,2,0,0.0,0,0,0,0,0,3.87,4.94,0.0,LOW-RISK PROVIDER,NORMAL,Normal claim patterns
1115196298,PRIOR_AUTH,1,0,0.0,0,0,0,0,0,3.87,3.87,100.0,LOW-RISK PROVIDER,NORMAL,High claim denial/rejection rate of 100.0%
1560804810,PHARMACY_CLAIM,1,0,0.0,0,0,0,0,0,3.87,3.87,0.0,LOW-RISK PROVIDER,NORMAL,Normal claim patterns
1623936328,PRIOR_AUTH,1,0,0.0,0,0,0,0,0,3.87,3.87,100.0,LOW-RISK PROVIDER,NORMAL,High claim denial/rejection rate of 100.0%
1629831984,PHARMACY_CLAIM,1,0,0.0,0,0,0,0,0,3.87,3.87,0.0,LOW-RISK PROVIDER,NORMAL,Normal claim patterns
1174828362,MEDICAL_CLAIM,1,0,0.0,0,0,0,0,0,3.86,3.86,0.0,LOW-RISK PROVIDER,NORMAL,Normal claim patterns
1266054116,PHARMACY_CLAIM,1,0,0.0,0,0,0,0,0,3.86,3.86,0.0,LOW-RISK PROVIDER,NORMAL,Normal claim patterns
1296595381,PRIOR_AUTH,1,0,0.0,0,0,0,0,0,3.86,3.86,100.0,LOW-RISK PROVIDER,NORMAL,High claim denial/rejection rate of 100.0%
1460429839,PRIOR_AUTH,1,0,0.0,0,0,0,0,0,3.86,3.86,100.0,LOW-RISK PROVIDER,NORMAL,High claim denial/rejection rate of 100.0%
1477482450,PRIOR_AUTH,1,0,0.0,0,0,0,0,0,3.86,3.86,100.0,LOW-RISK PROVIDER,NORMAL,High claim denial/rejection rate of 100.0%
1530116524,PHARMACY_CLAIM,1,0,0.0,0,0,0,0,0,3.86,3.86,0.0,LOW-RISK PROVIDER,NORMAL,Normal claim patterns
1164496006,MEDICAL_CLAIM,2,0,0.0,0,0,0,0,0,3.85,5.45,0.0,LOW-RISK PROVIDER,NORMAL,Normal claim patterns
1183958228,PHARMACY_CLAIM,1,0,0.0,0,0,0,0,0,3.85,3.85,0.0,LOW-RISK PROVIDER,NORMAL,Normal claim patterns
1321028573,PRIOR_AUTH,1,0,0.0,0,0,0,0,0,3.85,3.85,0.0,LOW-RISK PROVIDER,NORMAL,Normal claim patterns
1337406191,PHARMACY_CLAIM,1,0,0.0,0,0,0,0,0,3.85,3.85,0.0,LOW-RISK PROVIDER,NORMAL,Normal claim patterns
1418550458,PRIOR_AUTH,1,0,0.0,0,0,0,0,0,3.85,3.85,0.0,LOW-RISK PROVIDER,NORMAL,Normal claim patterns
1817699460,PHARMACY_CLAIM,1,0,0.0,0,0,0,0,0,3.85,3.85,0.0,LOW-RISK PROVIDER,NORMAL,Normal claim patterns
1430929079,PHARMACY_CLAIM,1,0,0.0,0,0,0,0,0,3.84,3.84,0.0,LOW-RISK PROVIDER,NORMAL,Normal claim patterns
1546412261,PHARMACY_CLAIM,1,0,0.0,0,0,0,0,0,3.84,3.84,0.0,LOW-RISK PROVIDER,NORMAL,Normal claim patterns
1625965784,PRIOR_AUTH,1,0,0.0,0,0,0,0,0,3.84,3.84,0.0,LOW-RISK PROVIDER,NORMAL,Normal claim patterns
1131080247,PHARMACY_CLAIM,1,0,0.0,0,0,0,0,0,3.83,3.83,0.0,LOW-RISK PROVIDER,NORMAL,Normal claim patterns
1233989483,PRIOR_AUTH,1,0,0.0,0,0,0,0,0,3.83,3.83,100.0,LOW-RISK PROVIDER,NORMAL,High claim denial/rejection rate of 100.0%
1239758129,PHARMACY_CLAIM,1,0,0.0,0,0,0,0,0,3.83,3.83,0.0,LOW-RISK PROVIDER,NORMAL,Normal claim patterns
1082888637,PRIOR_AUTH,1,0,0.0,0,0,0,0,0,3.82,3.82,100.0,LOW-RISK PROVIDER,NORMAL,High claim denial/rejection rate of 100.0%
1137112365,PRIOR_AUTH,1,0,0.0,0,0,0,0,0,3.82,3.82,100.0,LOW-RISK PROVIDER,NORMAL,High claim denial/rejection rate of 100.0%
1542420866,PHARMACY_CLAIM,1,0,0.0,0,0,0,0,0,3.82,3.82,0.0,LOW-RISK PROVIDER,NORMAL,Normal claim patterns
1178840137,PRIOR_AUTH,1,0,0.0,0,0,0,0,0,3.81,3.81,100.0,LOW-RISK PROVIDER,NORMAL,High claim denial/rejection rate of 100.0%
1196651241,PHARMACY_CLAIM,1,0,0.0,0,0,0,0,0,3.81,3.81,0.0,LOW-RISK PROVIDER,NORMAL,Normal claim patterns
1501184955,PRIOR_AUTH,1,0,0.0,0,0,0,0,0,3.81,3.81,0.0,LOW-RISK PROVIDER,NORMAL,Normal claim patterns
1961993888,PHARMACY_CLAIM,1,0,0.0,0,0,0,0,0,3.81,3.81,0.0,LOW-RISK PROVIDER,NORMAL,Normal claim patterns
1063143868,PHARMACY_CLAIM,1,0,0.0,0,0,0,0,0,3.8,3.8,0.0,LOW-RISK PROVIDER,NORMAL,Normal claim patterns
1507208610,PRIOR_AUTH,1,0,0.0,0,0,0,0,0,3.8,3.8,100.0,LOW-RISK PROVIDER,NORMAL,High claim denial/rejection rate of 100.0%
1527950078,PRIOR_AUTH,1,0,0.0,0,0,0,0,0,3.8,3.8,0.0,LOW-RISK PROVIDER,NORMAL,Normal claim patterns
1563719015,PHARMACY_CLAIM,1,0,0.0,0,0,0,0,0,3.8,3.8,0.0,LOW-RISK PROVIDER,NORMAL,Normal claim patterns
1243607128,PRIOR_AUTH,1,0,0.0,0,0,0,0,0,3.79,3.79,100.0,LOW-RISK PROVIDER,NORMAL,High claim denial/rejection rate of 100.0%
1375860711,PRIOR_AUTH,1,0,0.0,0,0,0,0,0,3.79,3.79,100.0,LOW-RISK PROVIDER,NORMAL,High claim denial/rejection rate of 100.0%
1747555367,PRIOR_AUTH,1,0,0.0,0,0,0,0,0,3.79,3.79,100.0,LOW-RISK PROVIDER,NORMAL,High claim denial/rejection rate of 100.0%
1891853446,MEDICAL_CLAIM,1,0,0.0,0,0,0,0,0,3.79,3.79,0.0,LOW-RISK PROVIDER,NORMAL,Normal claim patterns
1966582448,PHARMACY_CLAIM,1,0,0.0,0,0,0,0,0,3.79,3.79,0.0,LOW-RISK PROVIDER,NORMAL,Normal claim patterns
1981131405,PRIOR_AUTH,1,0,0.0,0,0,0,0,0,3.79,3.79,100.0,LOW-RISK PROVIDER,NORMAL,High claim denial/rejection rate of 100.0%
1230524790,PHARMACY_CLAIM,1,0,0.0,0,0,0,0,0,3.78,3.78,0.0,LOW-RISK PROVIDER,NORMAL,Normal claim patterns
1362708908,PHARMACY_CLAIM,1,0,0.0,0,0,0,0,0,3.78,3.78,0.0,LOW-RISK PROVIDER,NORMAL,Normal claim patterns
1594518301,PHARMACY_CLAIM,1,0,0.0,0,0,0,0,0,3.78,3.78,0.0,LOW-RISK PROVIDER,NORMAL,Normal claim patterns
1334155985,PRIOR_AUTH,1,0,0.0,0,0,0,0,0,3.77,3.77,0.0,LOW-RISK PROVIDER,NORMAL,Normal claim patterns
1911378677,PHARMACY_CLAIM,1,0,0.0,0,0,0,0,0,3.77,3.77,0.0,LOW-RISK PROVIDER,NORMAL,Normal claim patterns
1360222851,PHARMACY_CLAIM,1,0,0.0,0,0,0,0,0,3.76,3.76,0.0,LOW-RISK PROVIDER,NORMAL,Normal claim patterns
1406386416,PHARMACY_CLAIM,1,0,0.0,0,0,0,0,0,3.76,3.76,0.0,LOW-RISK PROVIDER,NORMAL,Normal claim patterns
1994894770,PRIOR_AUTH,1,0,0.0,0,0,0,0,0,3.76,3.76,100.0,LOW-RISK PROVIDER,NORMAL,High claim denial/rejection rate of 100.0%
1033304373,MEDICAL_CLAIM,1,0,0.0,0,0,0,0,0,3.75,3.75,0.0,LOW-RISK PROVIDER,NORMAL,Normal claim patterns
1154971925,PRIOR_AUTH,1,0,0.0,0,0,0,0,0,3.75,3.75,100.0,LOW-RISK PROVIDER,NORMAL,High claim denial/rejection rate of 100.0%
1186860743,PRIOR_AUTH,1,0,0.0,0,0,0,0,0,3.75,3.75,0.0,LOW-RISK PROVIDER,NORMAL,Normal claim patterns
1232484112,PHARMACY_CLAIM,1,0,0.0,0,0,0,0,0,3.75,3.75,0.0,LOW-RISK PROVIDER,NORMAL,Normal claim patterns
1854053444,PRIOR_AUTH,1,0,0.0,0,0,0,0,0,3.75,3.75,0.0,LOW-RISK PROVIDER,NORMAL,Normal claim patterns
1003101346,MEDICAL_CLAIM,1,0,0.0,0,0,0,0,0,3.74,3.74,0.0,LOW-RISK PROVIDER,NORMAL,Normal claim patterns
1094701263,PHARMACY_CLAIM,1,0,0.0,0,0,0,0,0,3.74,3.74,0.0,LOW-RISK PROVIDER,NORMAL,Normal claim patterns
1130600464,PHARMACY_CLAIM,1,0,0.0,0,0,0,0,0,3.74,3.74,0.0,LOW-RISK PROVIDER,NORMAL,Normal claim patterns
1909313863,PRIOR_AUTH,1,0,0.0,0,0,0,0,0,3.74,3.74,0.0,LOW-RISK PROVIDER,NORMAL,Normal claim patterns
1916107730,PHARMACY_CLAIM,1,0,0.0,0,0,0,0,0,3.74,3.74,0.0,LOW-RISK PROVIDER,NORMAL,Normal claim patterns
1227098210,PRIOR_AUTH,1,0,0.0,0,0,0,0,0,3.73,3.73,100.0,LOW-RISK PROVIDER,NORMAL,High claim denial/rejection rate of 100.0%
1880320978,PRIOR_AUTH,1,0,0.0,0,0,0,0,0,3.73,3.73,0.0,LOW-RISK PROVIDER,NORMAL,Normal claim patterns
1996391735,PHARMACY_CLAIM,1,0,0.0,0,0,0,0,0,3.72,3.72,0.0,LOW-RISK PROVIDER,NORMAL,Normal claim patterns
1114906906,MEDICAL_CLAIM,3,0,0.0,0,0,0,0,0,3.71,5.49,0.0,LOW-RISK PROVIDER,NORMAL,Normal claim patterns
1026372526,PRIOR_AUTH,1,0,0.0,0,0,0,0,0,3.71,3.71,0.0,LOW-RISK PROVIDER,NORMAL,Normal claim patterns
1184109497,PHARMACY_CLAIM,1,0,0.0,0,0,0,0,0,3.71,3.71,0.0,LOW-RISK PROVIDER,NORMAL,Normal claim patterns
1196685488,PRIOR_AUTH,1,0,0.0,0,0,0,0,0,3.71,3.71,0.0,LOW-RISK PROVIDER,NORMAL,Normal claim patterns
1382194541,PHARMACY_CLAIM,1,0,0.0,0,0,0,0,0,3.71,3.71,0.0,LOW-RISK PROVIDER,NORMAL,Normal claim patterns
1535836009,PRIOR_AUTH,1,0,0.0,0,0,0,0,0,3.71,3.71,0.0,LOW-RISK PROVIDER,NORMAL,Normal claim patterns
1609207034,MEDICAL_CLAIM,1,0,0.0,0,0,0,0,0,3.71,3.71,0.0,LOW-RISK PROVIDER,NORMAL,Normal claim patterns
1811347651,MEDICAL_CLAIM,1,0,0.0,0,0,0,0,0,3.71,3.71,0.0,LOW-RISK PROVIDER,NORMAL,Normal claim patterns
1079516932,PRIOR_AUTH,1,0,0.0,0,0,0,0,0,3.7,3.7,100.0,LOW-RISK PROVIDER,NORMAL,High claim denial/rejection rate of 100.0%
1613582850,PRIOR_AUTH,1,0,0.0,0,0,0,0,0,3.7,3.7,0.0,LOW-RISK PROVIDER,NORMAL,Normal claim patterns
1919578156,PHARMACY_CLAIM,1,0,0.0,0,0,0,0,0,3.7,3.7,0.0,LOW-RISK PROVIDER,NORMAL,Normal claim patterns
1991785622,PHARMACY_CLAIM,1,0,0.0,0,0,0,0,0,3.7,3.7,0.0,LOW-RISK PROVIDER,NORMAL,Normal claim patterns
1417377813,MEDICAL_CLAIM,3,0,0.0,0,0,0,0,0,3.69,4.3,0.0,LOW-RISK PROVIDER,NORMAL,Normal claim patterns
1004679101,PRIOR_AUTH,1,0,0.0,0,0,0,0,0,3.69,3.69,100.0,LOW-RISK PROVIDER,NORMAL,High claim denial/rejection rate of 100.0%
1315492749,PHARMACY_CLAIM,1,0,0.0,0,0,0,0,0,3.69,3.69,0.0,LOW-RISK PROVIDER,NORMAL,Normal claim patterns
1029338021,PRIOR_AUTH,1,0,0.0,0,0,0,0,0,3.68,3.68,0.0,LOW-RISK PROVIDER,NORMAL,Normal claim patterns
1139006541,PHARMACY_CLAIM,1,0,0.0,0,0,0,0,0,3.68,3.68,0.0,LOW-RISK PROVIDER,NORMAL,Normal claim patterns
1269357197,PHARMACY_CLAIM,1,0,0.0,0,0,0,0,0,3.68,3.68,0.0,LOW-RISK PROVIDER,NORMAL,Normal claim patterns
1597688104,PRIOR_AUTH,1,0,0.0,0,0,0,0,0,3.68,3.68,0.0,LOW-RISK PROVIDER,NORMAL,Normal claim patterns
1599260795,PRIOR_AUTH,1,0,0.0,0,0,0,0,0,3.67,3.67,0.0,LOW-RISK PROVIDER,NORMAL,Normal claim patterns
1609814219,MEDICAL_CLAIM,1,0,0.0,0,0,0,0,0,3.67,3.67,0.0,LOW-RISK PROVIDER,NORMAL,Normal claim patterns
1777559121,PRIOR_AUTH,1,0,0.0,0,0,0,0,0,3.67,3.67,100.0,LOW-RISK PROVIDER,NORMAL,High claim denial/rejection rate of 100.0%
1936856314,PRIOR_AUTH,1,0,0.0,0,0,0,0,0,3.67,3.67,0.0,LOW-RISK PROVIDER,NORMAL,Normal claim patterns
1467483297,MEDICAL_CLAIM,1,0,0.0,0,0,0,0,0,3.66,3.66,0.0,LOW-RISK PROVIDER,NORMAL,Normal claim patterns
1588422737,PHARMACY_CLAIM,1,0,0.0,0,0,0,0,0,3.66,3.66,0.0,LOW-RISK PROVIDER,NORMAL,Normal claim patterns
1630604156,PRIOR_AUTH,1,0,0.0,0,0,0,0,0,3.66,3.66,0.0,LOW-RISK PROVIDER,NORMAL,Normal claim patterns
1890928893,PHARMACY_CLAIM,1,0,0.0,0,0,0,0,0,3.66,3.66,0.0,LOW-RISK PROVIDER,NORMAL,Normal claim patterns
1327459024,PRIOR_AUTH,1,0,0.0,0,0,0,0,0,3.65,3.65,100.0,LOW-RISK PROVIDER,NORMAL,High claim denial/rejection rate of 100.0%
1811340546,PHARMACY_CLAIM,1,0,0.0,0,0,0,0,0,3.65,3.65,0.0,LOW-RISK PROVIDER,NORMAL,Normal claim patterns
1841560976,PRIOR_AUTH,1,0,0.0,0,0,0,0,0,3.65,3.65,100.0,LOW-RISK PROVIDER,NORMAL,High claim denial/rejection rate of 100.0%
1075995382,PHARMACY_CLAIM,1,0,0.0,0,0,0,0,0,3.64,3.64,0.0,LOW-RISK PROVIDER,NORMAL,Normal claim patterns
1185401848,PRIOR_AUTH,1,0,0.0,0,0,0,0,0,3.64,3.64,0.0,LOW-RISK PROVIDER,NORMAL,Normal claim patterns
1300678929,PHARMACY_CLAIM,1,0,0.0,0,0,0,0,0,3.64,3.64,0.0,LOW-RISK PROVIDER,NORMAL,Normal claim patterns
1552431684,PRIOR_AUTH,1,0,0.0,0,0,0,0,0,3.64,3.64,0.0,LOW-RISK PROVIDER,NORMAL,Normal claim patterns
1125392924,PRIOR_AUTH,1,0,0.0,0,0,0,0,0,3.63,3.63,0.0,LOW-RISK PROVIDER,NORMAL,Normal claim patterns
1474928349,PHARMACY_CLAIM,1,0,0.0,0,0,0,0,0,3.63,3.63,0.0,LOW-RISK PROVIDER,NORMAL,Normal claim patterns
1835191843,PHARMACY_CLAIM,1,0,0.0,0,0,0,0,0,3.63,3.63,0.0,LOW-RISK PROVIDER,NORMAL,Normal claim patterns
1124320106,MEDICAL_CLAIM,1,0,0.0,0,0,0,0,0,3.62,3.62,0.0,LOW-RISK PROVIDER,NORMAL,Normal claim patterns
1246762770,PRIOR_AUTH,1,0,0.0,0,0,0,0,0,3.62,3.62,0.0,LOW-RISK PROVIDER,NORMAL,Normal claim patterns
1645243292,PHARMACY_CLAIM,1,0,0.0,0,0,0,0,0,3.62,3.62,0.0,LOW-RISK PROVIDER,NORMAL,Normal claim patterns
1805233278,PRIOR_AUTH,1,0,0.0,0,0,0,0,0,3.62,3.62,0.0,LOW-RISK PROVIDER,NORMAL,Normal claim patterns
1033556290,PRIOR_AUTH,1,0,0.0,0,0,0,0,0,3.61,3.61,0.0,LOW-RISK PROVIDER,NORMAL,Normal claim patterns
1235672527,PRIOR_AUTH,1,0,0.0,0,0,0,0,0,3.61,3.61,0.0,LOW-RISK PROVIDER,NORMAL,Normal claim patterns
1364112223,PHARMACY_CLAIM,1,0,0.0,0,0,0,0,0,3.61,3.61,0.0,LOW-RISK PROVIDER,NORMAL,Normal claim patterns
1730311143,MEDICAL_CLAIM,1,0,0.0,0,0,0,0,0,3.61,3.61,0.0,LOW-RISK PROVIDER,NORMAL,Normal claim patterns
1983732684,PRIOR_AUTH,1,0,0.0,0,0,0,0,0,3.61,3.61,0.0,LOW-RISK PROVIDER,NORMAL,Normal claim patterns
1391227997,PRIOR_AUTH,1,0,0.0,0,0,0,0,0,3.6,3.6,0.0,LOW-RISK PROVIDER,NORMAL,Normal claim patterns
1422544602,PRIOR_AUTH,1,0,0.0,0,0,0,0,0,3.6,3.6,0.0,LOW-RISK PROVIDER,NORMAL,Normal claim patterns
1831315739,PHARMACY_CLAIM,1,0,0.0,0,0,0,0,0,3.6,3.6,0.0,LOW-RISK PROVIDER,NORMAL,Normal claim patterns
1895032668,PHARMACY_CLAIM,1,0,0.0,0,0,0,0,0,3.6,3.6,0.0,LOW-RISK PROVIDER,NORMAL,Normal claim patterns
1429054019,PHARMACY_CLAIM,1,0,0.0,0,0,0,0,0,3.59,3.59,0.0,LOW-RISK PROVIDER,NORMAL,Normal claim patterns
1609842152,MEDICAL_CLAIM,1,0,0.0,0,0,0,0,0,3.59,3.59,0.0,LOW-RISK PROVIDER,NORMAL,Normal claim patterns
1897228895,PHARMACY_CLAIM,1,0,0.0,0,0,0,0,0,3.59,3.59,0.0,LOW-RISK PROVIDER,NORMAL,Normal claim patterns
1063683332,MEDICAL_CLAIM,1,0,0.0,0,0,0,0,0,3.58,3.58,0.0,LOW-RISK PROVIDER,NORMAL,Normal claim patterns
1697053663,PHARMACY_CLAIM,1,0,0.0,0,0,0,0,0,3.58,3.58,0.0,LOW-RISK PROVIDER,NORMAL,Normal claim patterns
1095180053,PRIOR_AUTH,1,0,0.0,0,0,0,0,0,3.57,3.57,100.0,LOW-RISK PROVIDER,NORMAL,High claim denial/rejection rate of 100.0%
1171158719,PRIOR_AUTH,1,0,0.0,0,0,0,0,0,3.57,3.57,100.0,LOW-RISK PROVIDER,NORMAL,High claim denial/rejection rate of 100.0%
1308929788,PHARMACY_CLAIM,1,0,0.0,0,0,0,0,0,3.57,3.57,0.0,LOW-RISK PROVIDER,NORMAL,Normal claim patterns
1804872298,PHARMACY_CLAIM,1,0,0.0,0,0,0,0,0,3.57,3.57,0.0,LOW-RISK PROVIDER,NORMAL,Normal claim patterns
1391554132,PHARMACY_CLAIM,1,0,0.0,0,0,0,0,0,3.56,3.56,0.0,LOW-RISK PROVIDER,NORMAL,Normal claim patterns
1594692421,PHARMACY_CLAIM,1,0,0.0,0,0,0,0,0,3.56,3.56,0.0,LOW-RISK PROVIDER,NORMAL,Normal claim patterns
1760586325,MEDICAL_CLAIM,1,0,0.0,0,0,0,0,0,3.56,3.56,0.0,LOW-RISK PROVIDER,NORMAL,Normal claim patterns
1786898220,PHARMACY_CLAIM,1,0,0.0,0,0,0,0,0,3.56,3.56,0.0,LOW-RISK PROVIDER,NORMAL,Normal claim patterns
1835840910,PRIOR_AUTH,1,0,0.0,0,0,0,0,0,3.56,3.56,100.0,LOW-RISK PROVIDER,NORMAL,High claim denial/rejection rate of 100.0%
1991558484,PRIOR_AUTH,1,0,0.0,0,0,0,0,0,3.56,3.56,100.0,LOW-RISK PROVIDER,NORMAL,High claim denial/rejection rate of 100.0%
1316972599,MEDICAL_CLAIM,3,0,0.0,0,0,0,0,0,3.55,4.63,0.0,LOW-RISK PROVIDER,NORMAL,Normal claim patterns
1629279666,MEDICAL_CLAIM,3,0,0.0,0,0,0,0,0,3.55,5.33,0.0,LOW-RISK PROVIDER,NORMAL,Normal claim patterns
1447318902,PHARMACY_CLAIM,1,0,0.0,0,0,0,0,0,3.55,3.55,0.0,LOW-RISK PROVIDER,NORMAL,Normal claim patterns
1756195765,PHARMACY_CLAIM,1,0,0.0,0,0,0,0,0,3.55,3.55,0.0,LOW-RISK PROVIDER,NORMAL,Normal claim patterns
1788442421,PRIOR_AUTH,1,0,0.0,0,0,0,0,0,3.55,3.55,100.0,LOW-RISK PROVIDER,NORMAL,High claim denial/rejection rate of 100.0%
1915830348,PRIOR_AUTH,1,0,0.0,0,0,0,0,0,3.55,3.55,0.0,LOW-RISK PROVIDER,NORMAL,Normal claim patterns
1433996387,PHARMACY_CLAIM,1,0,0.0,0,0,0,0,0,3.54,3.54,0.0,LOW-RISK PROVIDER,NORMAL,Normal claim patterns
1194741611,MEDICAL_CLAIM,1,0,0.0,0,0,0,0,0,3.53,3.53,0.0,LOW-RISK PROVIDER,NORMAL,Normal claim patterns
1877575835,PHARMACY_CLAIM,1,0,0.0,0,0,0,0,0,3.53,3.53,0.0,LOW-RISK PROVIDER,NORMAL,Normal claim patterns
1889830702,PRIOR_AUTH,1,0,0.0,0,0,0,0,0,3.53,3.53,100.0,LOW-RISK PROVIDER,NORMAL,High claim denial/rejection rate of 100.0%
1981311467,PHARMACY_CLAIM,1,0,0.0,0,0,0,0,0,3.53,3.53,0.0,LOW-RISK PROVIDER,NORMAL,Normal claim patterns
1486562463,PRIOR_AUTH,1,0,0.0,0,0,0,0,0,3.52,3.52,0.0,LOW-RISK PROVIDER,NORMAL,Normal claim patterns
1814321349,PRIOR_AUTH,1,0,0.0,0,0,0,0,0,3.52,3.52,0.0,LOW-RISK PROVIDER,NORMAL,Normal claim patterns
1278533989,PHARMACY_CLAIM,1,0,0.0,0,0,0,0,0,3.51,3.51,0.0,LOW-RISK PROVIDER,NORMAL,Normal claim patterns
1371034102,PRIOR_AUTH,1,0,0.0,0,0,0,0,0,3.51,3.51,0.0,LOW-RISK PROVIDER,NORMAL,Normal claim patterns
1534635433,PRIOR_AUTH,1,0,0.0,0,0,0,0,0,3.51,3.51,0.0,LOW-RISK PROVIDER,NORMAL,Normal claim patterns
1612027229,PHARMACY_CLAIM,1,0,0.0,0,0,0,0,0,3.51,3.51,0.0,LOW-RISK PROVIDER,NORMAL,Normal claim patterns
1841313790,PHARMACY_CLAIM,1,0,0.0,0,0,0,0,0,3.51,3.51,0.0,LOW-RISK PROVIDER,NORMAL,Normal claim patterns
1503579325,PRIOR_AUTH,1,0,0.0,0,0,0,0,0,3.5,3.5,100.0,LOW-RISK PROVIDER,NORMAL,High claim denial/rejection rate of 100.0%
1695158998,PRIOR_AUTH,1,0,0.0,0,0,0,0,0,3.5,3.5,0.0,LOW-RISK PROVIDER,NORMAL,Normal claim patterns
1814930817,PHARMACY_CLAIM,1,0,0.0,0,0,0,0,0,3.5,3.5,0.0,LOW-RISK PROVIDER,NORMAL,Normal claim patterns
1834810702,PRIOR_AUTH,1,0,0.0,0,0,0,0,0,3.5,3.5,100.0,LOW-RISK PROVIDER,NORMAL,High claim denial/rejection rate of 100.0%
1113334243,PHARMACY_CLAIM,1,0,0.0,0,0,0,0,0,3.49,3.49,0.0,LOW-RISK PROVIDER,NORMAL,Normal claim patterns
1164779654,PHARMACY_CLAIM,1,0,0.0,0,0,0,0,0,3.49,3.49,0.0,LOW-RISK PROVIDER,NORMAL,Normal claim patterns
1093414273,PRIOR_AUTH,1,0,0.0,0,0,0,0,0,3.48,3.48,100.0,LOW-RISK PROVIDER,NORMAL,High claim denial/rejection rate of 100.0%
1133093282,PRIOR_AUTH,1,0,0.0,0,0,0,0,0,3.48,3.48,100.0,LOW-RISK PROVIDER,NORMAL,High claim denial/rejection rate of 100.0%
1710639595,PHARMACY_CLAIM,1,0,0.0,0,0,0,0,0,3.48,3.48,0.0,LOW-RISK PROVIDER,NORMAL,Normal claim patterns
1584952942,PRIOR_AUTH,1,0,0.0,0,0,0,0,0,3.47,3.47,0.0,LOW-RISK PROVIDER,NORMAL,Normal claim patterns
1625526943,PHARMACY_CLAIM,1,0,0.0,0,0,0,0,0,3.47,3.47,0.0,LOW-RISK PROVIDER,NORMAL,Normal claim patterns
1649357473,PRIOR_AUTH,1,0,0.0,0,0,0,0,0,3.47,3.47,100.0,LOW-RISK PROVIDER,NORMAL,High claim denial/rejection rate of 100.0%
1174019327,MEDICAL_CLAIM,5,0,0.0,0,0,0,0,0,3.46,5.01,0.0,LOW-RISK PROVIDER,NORMAL,Normal claim patterns
1224606573,PRIOR_AUTH,1,0,0.0,0,0,0,0,0,3.46,3.46,100.0,LOW-RISK PROVIDER,NORMAL,High claim denial/rejection rate of 100.0%
1963096011,PRIOR_AUTH,1,0,0.0,0,0,0,0,0,3.46,3.46,0.0,LOW-RISK PROVIDER,NORMAL,Normal claim patterns
1265816300,MEDICAL_CLAIM,1,0,0.0,0,0,0,0,0,3.45,3.45,0.0,LOW-RISK PROVIDER,NORMAL,Normal claim patterns
1717741973,PRIOR_AUTH,1,0,0.0,0,0,0,0,0,3.45,3.45,100.0,LOW-RISK PROVIDER,NORMAL,High claim denial/rejection rate of 100.0%
1799753356,PHARMACY_CLAIM,1,0,0.0,0,0,0,0,0,3.45,3.45,0.0,LOW-RISK PROVIDER,NORMAL,Normal claim patterns
1091441747,PRIOR_AUTH,1,0,0.0,0,0,0,0,0,3.44,3.44,100.0,LOW-RISK PROVIDER,NORMAL,High claim denial/rejection rate of 100.0%
1279340512,PRIOR_AUTH,1,0,0.0,0,0,0,0,0,3.44,3.44,100.0,LOW-RISK PROVIDER,NORMAL,High claim denial/rejection rate of 100.0%
1407389590,PHARMACY_CLAIM,1,0,0.0,0,0,0,0,0,3.44,3.44,0.0,LOW-RISK PROVIDER,NORMAL,Normal claim patterns
1618894425,PHARMACY_CLAIM,1,0,0.0,0,0,0,0,0,3.44,3.44,0.0,LOW-RISK PROVIDER,NORMAL,Normal claim patterns
1698358859,PRIOR_AUTH,1,0,0.0,0,0,0,0,0,3.44,3.44,100.0,LOW-RISK PROVIDER,NORMAL,High claim denial/rejection rate of 100.0%
1750339511,MEDICAL_CLAIM,1,0,0.0,0,0,0,0,0,3.44,3.44,0.0,LOW-RISK PROVIDER,NORMAL,Normal claim patterns
1982132189,MEDICAL_CLAIM,1,0,0.0,0,0,0,0,0,3.44,3.44,0.0,LOW-RISK PROVIDER,NORMAL,Normal claim patterns
1411777031,PRIOR_AUTH,1,0,0.0,0,0,0,0,0,3.43,3.43,100.0,LOW-RISK PROVIDER,NORMAL,High claim denial/rejection rate of 100.0%
1932162301,PRIOR_AUTH,1,0,0.0,0,0,0,0,0,3.43,3.43,0.0,LOW-RISK PROVIDER,NORMAL,Normal claim patterns
1934872641,PHARMACY_CLAIM,1,0,0.0,0,0,0,0,0,3.43,3.43,0.0,LOW-RISK PROVIDER,NORMAL,Normal claim patterns
1033573183,MEDICAL_CLAIM,2,0,0.0,0,0,0,0,0,3.42,4.53,0.0,LOW-RISK PROVIDER,NORMAL,Normal claim patterns
1385052747,PRIOR_AUTH,1,0,0.0,0,0,0,0,0,3.42,3.42,100.0,LOW-RISK PROVIDER,NORMAL,High claim denial/rejection rate of 100.0%
1549687650,PHARMACY_CLAIM,1,0,0.0,0,0,0,0,0,3.42,3.42,0.0,LOW-RISK PROVIDER,NORMAL,Normal claim patterns
1586936188,PHARMACY_CLAIM,1,0,0.0,0,0,0,0,0,3.42,3.42,0.0,LOW-RISK PROVIDER,NORMAL,Normal claim patterns
1767034959,PRIOR_AUTH,1,0,0.0,0,0,0,0,0,3.42,3.42,0.0,LOW-RISK PROVIDER,NORMAL,Normal claim patterns
1053637180,PRIOR_AUTH,1,0,0.0,0,0,0,0,0,3.41,3.41,0.0,LOW-RISK PROVIDER,NORMAL,Normal claim patterns
1345746278,PRIOR_AUTH,1,0,0.0,0,0,0,0,0,3.41,3.41,0.0,LOW-RISK PROVIDER,NORMAL,Normal claim patterns
1595849001,PHARMACY_CLAIM,1,0,0.0,0,0,0,0,0,3.41,3.41,0.0,LOW-RISK PROVIDER,NORMAL,Normal claim patterns
1661888676,PHARMACY_CLAIM,1,0,0.0,0,0,0,0,0,3.41,3.41,0.0,LOW-RISK PROVIDER,NORMAL,Normal claim patterns
1068390369,PRIOR_AUTH,1,0,0.0,0,0,0,0,0,3.4,3.4,100.0,LOW-RISK PROVIDER,NORMAL,High claim denial/rejection rate of 100.0%
1401496942,PHARMACY_CLAIM,1,0,0.0,0,0,0,0,0,3.4,3.4,0.0,LOW-RISK PROVIDER,NORMAL,Normal claim patterns
1984430334,PRIOR_AUTH,1,0,0.0,0,0,0,0,0,3.4,3.4,0.0,LOW-RISK PROVIDER,NORMAL,Normal claim patterns
1076422979,PHARMACY_CLAIM,1,0,0.0,0,0,0,0,0,3.39,3.39,0.0,LOW-RISK PROVIDER,NORMAL,Normal claim patterns
1495589862,PHARMACY_CLAIM,1,0,0.0,0,0,0,0,0,3.39,3.39,0.0,LOW-RISK PROVIDER,NORMAL,Normal claim patterns
1984276725,PRIOR_AUTH,1,0,0.0,0,0,0,0,0,3.39,3.39,0.0,LOW-RISK PROVIDER,NORMAL,Normal claim patterns
1091331402,PRIOR_AUTH,1,0,0.0,0,0,0,0,0,3.38,3.38,100.0,LOW-RISK PROVIDER,NORMAL,High claim denial/rejection rate of 100.0%
1284435513,PRIOR_AUTH,1,0,0.0,0,0,0,0,0,3.38,3.38,100.0,LOW-RISK PROVIDER,NORMAL,High claim denial/rejection rate of 100.0%
1743796983,PHARMACY_CLAIM,1,0,0.0,0,0,0,0,0,3.38,3.38,0.0,LOW-RISK PROVIDER,NORMAL,Normal claim patterns
1749859514,PHARMACY_CLAIM,1,0,0.0,0,0,0,0,0,3.38,3.38,0.0,LOW-RISK PROVIDER,NORMAL,Normal claim patterns
1207234434,PHARMACY_CLAIM,1,0,0.0,0,0,0,0,0,3.37,3.37,0.0,LOW-RISK PROVIDER,NORMAL,Normal claim patterns
1227138271,PRIOR_AUTH,1,0,0.0,0,0,0,0,0,3.37,3.37,0.0,LOW-RISK PROVIDER,NORMAL,Normal claim patterns
1639693492,MEDICAL_CLAIM,1,0,0.0,0,0,0,0,0,3.37,3.37,0.0,LOW-RISK PROVIDER,NORMAL,Normal claim patterns
1938879236,PRIOR_AUTH,1,0,0.0,0,0,0,0,0,3.37,3.37,100.0,LOW-RISK PROVIDER,NORMAL,High claim denial/rejection rate of 100.0%
1962165104,PHARMACY_CLAIM,1,0,0.0,0,0,0,0,0,3.36,3.36,0.0,LOW-RISK PROVIDER,NORMAL,Normal claim patterns
1170258599,PRIOR_AUTH,1,0,0.0,0,0,0,0,0,3.35,3.35,0.0,LOW-RISK PROVIDER,NORMAL,Normal claim patterns
1825357460,PRIOR_AUTH,1,0,0.0,0,0,0,0,0,3.35,3.35,0.0,LOW-RISK PROVIDER,NORMAL,Normal claim patterns
1299277678,PHARMACY_CLAIM,1,0,0.0,0,0,0,0,0,3.34,3.34,0.0,LOW-RISK PROVIDER,NORMAL,Normal claim patterns
1824077810,PRIOR_AUTH,1,0,0.0,0,0,0,0,0,3.34,3.34,0.0,LOW-RISK PROVIDER,NORMAL,Normal claim patterns
1041649984,PRIOR_AUTH,1,0,0.0,0,0,0,0,0,3.33,3.33,0.0,LOW-RISK PROVIDER,NORMAL,Normal claim patterns
1135770330,PHARMACY_CLAIM,1,0,0.0,0,0,0,0,0,3.33,3.33,0.0,LOW-RISK PROVIDER,NORMAL,Normal claim patterns
1154652024,PHARMACY_CLAIM,1,0,0.0,0,0,0,0,0,3.33,3.33,0.0,LOW-RISK PROVIDER,NORMAL,Normal claim patterns
1485063898,PRIOR_AUTH,1,0,0.0,0,0,0,0,0,3.33,3.33,100.0,LOW-RISK PROVIDER,NORMAL,High claim denial/rejection rate of 100.0%
1929305453,PRIOR_AUTH,1,0,0.0,0,0,0,0,0,3.33,3.33,100.0,LOW-RISK PROVIDER,NORMAL,High claim denial/rejection rate of 100.0%
1446820808,PRIOR_AUTH,1,0,0.0,0,0,0,0,0,3.32,3.32,0.0,LOW-RISK PROVIDER,NORMAL,Normal claim patterns
1797193162,PHARMACY_CLAIM,1,0,0.0,0,0,0,0,0,3.32,3.32,0.0,LOW-RISK PROVIDER,NORMAL,Normal claim patterns
1841530946,MEDICAL_CLAIM,1,0,0.0,0,0,0,0,0,3.32,3.32,0.0,LOW-RISK PROVIDER,NORMAL,Normal claim patterns
1780717579,MEDICAL_CLAIM,2,0,0.0,0,0,0,0,0,3.31,3.92,0.0,LOW-RISK PROVIDER,NORMAL,Normal claim patterns
1072282149,PRIOR_AUTH,1,0,0.0,0,0,0,0,0,3.31,3.31,0.0,LOW-RISK PROVIDER,NORMAL,Normal claim patterns
1564052361,PHARMACY_CLAIM,1,0,0.0,0,0,0,0,0,3.31,3.31,0.0,LOW-RISK PROVIDER,NORMAL,Normal claim patterns
1820130093,PHARMACY_CLAIM,1,0,0.0,0,0,0,0,0,3.31,3.31,0.0,LOW-RISK PROVIDER,NORMAL,Normal claim patterns
1053780734,MEDICAL_CLAIM,1,0,0.0,0,0,0,0,0,3.3,3.3,0.0,LOW-RISK PROVIDER,NORMAL,Normal claim patterns
1198351475,PRIOR_AUTH,1,0,0.0,0,0,0,0,0,3.3,3.3,0.0,LOW-RISK PROVIDER,NORMAL,Normal claim patterns
1278140635,PRIOR_AUTH,1,0,0.0,0,0,0,0,0,3.29,3.29,100.0,LOW-RISK PROVIDER,NORMAL,High claim denial/rejection rate of 100.0%
1566966931,PRIOR_AUTH,1,0,0.0,0,0,0,0,0,3.29,3.29,100.0,LOW-RISK PROVIDER,NORMAL,High claim denial/rejection rate of 100.0%
1686578863,PHARMACY_CLAIM,1,0,0.0,0,0,0,0,0,3.29,3.29,0.0,LOW-RISK PROVIDER,NORMAL,Normal claim patterns
1911264960,PRIOR_AUTH,1,0,0.0,0,0,0,0,0,3.29,3.29,100.0,LOW-RISK PROVIDER,NORMAL,High claim denial/rejection rate of 100.0%
1976000986,PHARMACY_CLAIM,1,0,0.0,0,0,0,0,0,3.29,3.29,0.0,LOW-RISK PROVIDER,NORMAL,Normal claim patterns
1247232382,PHARMACY_CLAIM,1,0,0.0,0,0,0,0,0,3.28,3.28,0.0,LOW-RISK PROVIDER,NORMAL,Normal claim patterns
1281266355,PRIOR_AUTH,1,0,0.0,0,0,0,0,0,3.28,3.28,100.0,LOW-RISK PROVIDER,NORMAL,High claim denial/rejection rate of 100.0%
1639240393,MEDICAL_CLAIM,1,0,0.0,0,0,0,0,0,3.28,3.28,0.0,LOW-RISK PROVIDER,NORMAL,Normal claim patterns
1680445725,PHARMACY_CLAIM,1,0,0.0,0,0,0,0,0,3.28,3.28,0.0,LOW-RISK PROVIDER,NORMAL,Normal claim patterns
1995952155,PHARMACY_CLAIM,1,0,0.0,0,0,0,0,0,3.28,3.28,0.0,LOW-RISK PROVIDER,NORMAL,Normal claim patterns
1026845017,PHARMACY_CLAIM,1,0,0.0,0,0,0,0,0,3.27,3.27,0.0,LOW-RISK PROVIDER,NORMAL,Normal claim patterns
1437303955,MEDICAL_CLAIM,1,0,0.0,0,0,0,0,0,3.27,3.27,0.0,LOW-RISK PROVIDER,NORMAL,Normal claim patterns
1514452548,PRIOR_AUTH,1,0,0.0,0,0,0,0,0,3.27,3.27,0.0,LOW-RISK PROVIDER,NORMAL,Normal claim patterns
1934201100,PRIOR_AUTH,1,0,0.0,0,0,0,0,0,3.27,3.27,0.0,LOW-RISK PROVIDER,NORMAL,Normal claim patterns
1279261274,PRIOR_AUTH,1,0,0.0,0,0,0,0,0,3.26,3.26,0.0,LOW-RISK PROVIDER,NORMAL,Normal claim patterns
1429930409,PHARMACY_CLAIM,1,0,0.0,0,0,0,0,0,3.26,3.26,0.0,LOW-RISK PROVIDER,NORMAL,Normal claim patterns
1577516361,PHARMACY_CLAIM,1,0,0.0,0,0,0,0,0,3.26,3.26,0.0,LOW-RISK PROVIDER,NORMAL,Normal claim patterns
1810891009,PRIOR_AUTH,1,0,0.0,0,0,0,0,0,3.26,3.26,0.0,LOW-RISK PROVIDER,NORMAL,Normal claim patterns
1215567474,MEDICAL_CLAIM,2,0,0.0,0,0,0,0,0,3.25,4.04,0.0,LOW-RISK PROVIDER,NORMAL,Normal claim patterns
1104622065,PHARMACY_CLAIM,1,0,0.0,0,0,0,0,0,3.25,3.25,0.0,LOW-RISK PROVIDER,NORMAL,Normal claim patterns
1148174657,PRIOR_AUTH,1,0,0.0,0,0,0,0,0,3.25,3.25,0.0,LOW-RISK PROVIDER,NORMAL,Normal claim patterns
1314250212,PRIOR_AUTH,1,0,0.0,0,0,0,0,0,3.25,3.25,100.0,LOW-RISK PROVIDER,NORMAL,High claim denial/rejection rate of 100.0%
1725390788,PHARMACY_CLAIM,1,0,0.0,0,0,0,0,0,3.25,3.25,0.0,LOW-RISK PROVIDER,NORMAL,Normal claim patterns
1054194391,PHARMACY_CLAIM,1,0,0.0,0,0,0,0,0,3.24,3.24,0.0,LOW-RISK PROVIDER,NORMAL,Normal claim patterns
1317270953,PHARMACY_CLAIM,1,0,0.0,0,0,0,0,0,3.24,3.24,0.0,LOW-RISK PROVIDER,NORMAL,Normal claim patterns
1332485126,PRIOR_AUTH,1,0,0.0,0,0,0,0,0,3.24,3.24,100.0,LOW-RISK PROVIDER,NORMAL,High claim denial/rejection rate of 100.0%
1709922727,PRIOR_AUTH,1,0,0.0,0,0,0,0,0,3.24,3.24,100.0,LOW-RISK PROVIDER,NORMAL,High claim denial/rejection rate of 100.0%
1689198863,MEDICAL_CLAIM,3,0,0.0,0,0,0,0,0,3.23,4.48,0.0,LOW-RISK PROVIDER,NORMAL,Normal claim patterns
1598788218,MEDICAL_CLAIM,2,0,0.0,0,0,0,0,0,3.23,4.48,0.0,LOW-RISK PROVIDER,NORMAL,Normal claim patterns
1555732294,PRIOR_AUTH,1,0,0.0,0,0,0,0,0,3.23,3.23,0.0,LOW-RISK PROVIDER,NORMAL,Normal claim patterns
1989432939,PHARMACY_CLAIM,1,0,0.0,0,0,0,0,0,3.23,3.23,0.0,LOW-RISK PROVIDER,NORMAL,Normal claim patterns
1023920299,PHARMACY_CLAIM,1,0,0.0,0,0,0,0,0,3.22,3.22,0.0,LOW-RISK PROVIDER,NORMAL,Normal claim patterns
1065062433,PHARMACY_CLAIM,1,0,0.0,0,0,0,0,0,3.22,3.22,0.0,LOW-RISK PROVIDER,NORMAL,Normal claim patterns
1502377124,PHARMACY_CLAIM,1,0,0.0,0,0,0,0,0,3.22,3.22,0.0,LOW-RISK PROVIDER,NORMAL,Normal claim patterns
1004213002,PRIOR_AUTH,1,0,0.0,0,0,0,0,0,3.21,3.21,0.0,LOW-RISK PROVIDER,NORMAL,Normal claim patterns
1010692368,PRIOR_AUTH,1,0,0.0,0,0,0,0,0,3.21,3.21,0.0,LOW-RISK PROVIDER,NORMAL,Normal claim patterns
1144447505,PHARMACY_CLAIM,1,0,0.0,0,0,0,0,0,3.21,3.21,0.0,LOW-RISK PROVIDER,NORMAL,Normal claim patterns
1357943111,PRIOR_AUTH,1,0,0.0,0,0,0,0,0,3.21,3.21,0.0,LOW-RISK PROVIDER,NORMAL,Normal claim patterns
1255380127,MEDICAL_CLAIM,2,0,0.0,0,0,0,0,0,3.2,3.53,0.0,LOW-RISK PROVIDER,NORMAL,Normal claim patterns
1491251338,PHARMACY_CLAIM,1,0,0.0,0,0,0,0,0,3.2,3.2,0.0,LOW-RISK PROVIDER,NORMAL,Normal claim patterns
1535174498,PHARMACY_CLAIM,1,0,0.0,0,0,0,0,0,3.2,3.2,0.0,LOW-RISK PROVIDER,NORMAL,Normal claim patterns
1931577070,PRIOR_AUTH,1,0,0.0,0,0,0,0,0,3.2,3.2,0.0,LOW-RISK PROVIDER,NORMAL,Normal claim patterns
1995737535,PRIOR_AUTH,1,0,0.0,0,0,0,0,0,3.2,3.2,0.0,LOW-RISK PROVIDER,NORMAL,Normal claim patterns
1246354029,PRIOR_AUTH,1,0,0.0,0,0,0,0,0,3.19,3.19,0.0,LOW-RISK PROVIDER,NORMAL,Normal claim patterns
1554331786,PRIOR_AUTH,1,0,0.0,0,0,0,0,0,3.19,3.19,100.0,LOW-RISK PROVIDER,NORMAL,High claim denial/rejection rate of 100.0%
1102912542,PHARMACY_CLAIM,1,0,0.0,0,0,0,0,0,3.18,3.18,0.0,LOW-RISK PROVIDER,NORMAL,Normal claim patterns
1598160358,PHARMACY_CLAIM,1,0,0.0,0,0,0,0,0,3.18,3.18,0.0,LOW-RISK PROVIDER,NORMAL,Normal claim patterns
1922515907,MEDICAL_CLAIM,2,0,0.0,0,0,0,0,0,3.17,4.06,0.0,LOW-RISK PROVIDER,NORMAL,Normal claim patterns
1913355063,PRIOR_AUTH,1,0,0.0,0,0,0,0,0,3.17,3.17,0.0,LOW-RISK PROVIDER,NORMAL,Normal claim patterns
1060677801,PRIOR_AUTH,1,0,0.0,0,0,0,0,0,3.16,3.16,0.0,LOW-RISK PROVIDER,NORMAL,Normal claim patterns
1449120010,PHARMACY_CLAIM,1,0,0.0,0,0,0,0,0,3.16,3.16,0.0,LOW-RISK PROVIDER,NORMAL,Normal claim patterns
1750847650,PHARMACY_CLAIM,1,0,0.0,0,0,0,0,0,3.16,3.16,0.0,LOW-RISK PROVIDER,NORMAL,Normal claim patterns
1033434056,PHARMACY_CLAIM,1,0,0.0,0,0,0,0,0,3.15,3.15,0.0,LOW-RISK PROVIDER,NORMAL,Normal claim patterns
1204108716,PRIOR_AUTH,1,0,0.0,0,0,0,0,0,3.15,3.15,0.0,LOW-RISK PROVIDER,NORMAL,Normal claim patterns
1346240470,MEDICAL_CLAIM,1,0,0.0,0,0,0,0,0,3.15,3.15,0.0,LOW-RISK PROVIDER,NORMAL,Normal claim patterns
1976705772,PRIOR_AUTH,1,0,0.0,0,0,0,0,0,3.15,3.15,0.0,LOW-RISK PROVIDER,NORMAL,Normal claim patterns
1113084519,PHARMACY_CLAIM,1,0,0.0,0,0,0,0,0,3.14,3.14,0.0,LOW-RISK PROVIDER,NORMAL,Normal claim patterns
1914469358,PRIOR_AUTH,1,0,0.0,0,0,0,0,0,3.14,3.14,0.0,LOW-RISK PROVIDER,NORMAL,Normal claim patterns
1393027849,PRIOR_AUTH,1,0,0.0,0,0,0,0,0,3.13,3.13,0.0,LOW-RISK PROVIDER,NORMAL,Normal claim patterns
1448160089,PRIOR_AUTH,1,0,0.0,0,0,0,0,0,3.13,3.13,0.0,LOW-RISK PROVIDER,NORMAL,Normal claim patterns
1894828059,PHARMACY_CLAIM,1,0,0.0,0,0,0,0,0,3.13,3.13,0.0,LOW-RISK PROVIDER,NORMAL,Normal claim patterns
1470401394,PRIOR_AUTH,1,0,0.0,0,0,0,0,0,3.12,3.12,0.0,LOW-RISK PROVIDER,NORMAL,Normal claim patterns
1514159913,PRIOR_AUTH,1,0,0.0,0,0,0,0,0,3.12,3.12,0.0,LOW-RISK PROVIDER,NORMAL,Normal claim patterns
1076986158,PHARMACY_CLAIM,1,0,0.0,0,0,0,0,0,3.11,3.11,0.0,LOW-RISK PROVIDER,NORMAL,Normal claim patterns
1255339750,MEDICAL_CLAIM,1,0,0.0,0,0,0,0,0,3.11,3.11,0.0,LOW-RISK PROVIDER,NORMAL,Normal claim patterns
1377865936,PRIOR_AUTH,1,0,0.0,0,0,0,0,0,3.11,3.11,0.0,LOW-RISK PROVIDER,NORMAL,Normal claim patterns
1805385243,PRIOR_AUTH,1,0,0.0,0,0,0,0,0,3.11,3.11,0.0,LOW-RISK PROVIDER,NORMAL,Normal claim patterns
1978093722,PHARMACY_CLAIM,1,0,0.0,0,0,0,0,0,3.11,3.11,0.0,LOW-RISK PROVIDER,NORMAL,Normal claim patterns
1135486079,PHARMACY_CLAIM,1,0,0.0,0,0,0,0,0,3.1,3.1,0.0,LOW-RISK PROVIDER,NORMAL,Normal claim patterns
1783756790,PHARMACY_CLAIM,1,0,0.0,0,0,0,0,0,3.09,3.09,0.0,LOW-RISK PROVIDER,NORMAL,Normal claim patterns
1316230872,PRIOR_AUTH,1,0,0.0,0,0,0,0,0,3.08,3.08,0.0,LOW-RISK PROVIDER,NORMAL,Normal claim patterns
1344668382,PHARMACY_CLAIM,1,0,0.0,0,0,0,0,0,3.08,3.08,0.0,LOW-RISK PROVIDER,NORMAL,Normal claim patterns
1362452944,PRIOR_AUTH,1,0,0.0,0,0,0,0,0,3.08,3.08,0.0,LOW-RISK PROVIDER,NORMAL,Normal claim patterns
1650586756,PHARMACY_CLAIM,1,0,0.0,0,0,0,0,0,3.08,3.08,0.0,LOW-RISK PROVIDER,NORMAL,Normal claim patterns
1821234246,MEDICAL_CLAIM,1,0,0.0,0,0,0,0,0,3.08,3.08,0.0,LOW-RISK PROVIDER,NORMAL,Normal claim patterns
1293259359,PHARMACY_CLAIM,1,0,0.0,0,0,0,0,0,3.07,3.07,0.0,LOW-RISK PROVIDER,NORMAL,Normal claim patterns
1440263765,PHARMACY_CLAIM,1,0,0.0,0,0,0,0,0,3.07,3.07,0.0,LOW-RISK PROVIDER,NORMAL,Normal claim patterns
1480827858,PRIOR_AUTH,1,0,0.0,0,0,0,0,0,3.07,3.07,0.0,LOW-RISK PROVIDER,NORMAL,Normal claim patterns
1623592866,PHARMACY_CLAIM,1,0,0.0,0,0,0,0,0,3.07,3.07,0.0,LOW-RISK PROVIDER,NORMAL,Normal claim patterns
1862707265,PRIOR_AUTH,1,0,0.0,0,0,0,0,0,3.07,3.07,0.0,LOW-RISK PROVIDER,NORMAL,Normal claim patterns
1962663211,MEDICAL_CLAIM,2,0,0.0,0,0,0,0,0,3.06,4.18,0.0,LOW-RISK PROVIDER,NORMAL,Normal claim patterns
1011132243,PRIOR_AUTH,1,0,0.0,0,0,0,0,0,3.06,3.06,0.0,LOW-RISK PROVIDER,NORMAL,Normal claim patterns
1306724195,PHARMACY_CLAIM,1,0,0.0,0,0,0,0,0,3.06,3.06,0.0,LOW-RISK PROVIDER,NORMAL,Normal claim patterns
1467928671,MEDICAL_CLAIM,3,0,0.0,0,0,0,0,0,3.05,6.36,0.0,LOW-RISK PROVIDER,NORMAL,Normal claim patterns
1358772164,PRIOR_AUTH,1,0,0.0,0,0,0,0,0,3.05,3.05,0.0,LOW-RISK PROVIDER,NORMAL,Normal claim patterns
1562758478,PHARMACY_CLAIM,1,0,0.0,0,0,0,0,0,3.05,3.05,0.0,LOW-RISK PROVIDER,NORMAL,Normal claim patterns
1694490928,PRIOR_AUTH,1,0,0.0,0,0,0,0,0,3.05,3.05,0.0,LOW-RISK PROVIDER,NORMAL,Normal claim patterns
1771980517,PRIOR_AUTH,1,0,0.0,0,0,0,0,0,3.05,3.05,0.0,LOW-RISK PROVIDER,NORMAL,Normal claim patterns
1876635944,PHARMACY_CLAIM,1,0,0.0,0,0,0,0,0,3.05,3.05,0.0,LOW-RISK PROVIDER,NORMAL,Normal claim patterns
1774428030,PRIOR_AUTH,1,0,0.0,0,0,0,0,0,3.04,3.04,0.0,LOW-RISK PROVIDER,NORMAL,Normal claim patterns
1916442516,PHARMACY_CLAIM,1,0,0.0,0,0,0,0,0,3.04,3.04,0.0,LOW-RISK PROVIDER,NORMAL,Normal claim patterns
1189564482,PRIOR_AUTH,1,0,0.0,0,0,0,0,0,3.03,3.03,0.0,LOW-RISK PROVIDER,NORMAL,Normal claim patterns
1192359851,PHARMACY_CLAIM,1,0,0.0,0,0,0,0,0,3.03,3.03,0.0,LOW-RISK PROVIDER,NORMAL,Normal claim patterns
1212448736,PHARMACY_CLAIM,1,0,0.0,0,0,0,0,0,3.03,3.03,0.0,LOW-RISK PROVIDER,NORMAL,Normal claim patterns
1325261422,PHARMACY_CLAIM,1,0,0.0,0,0,0,0,0,3.03,3.03,0.0,LOW-RISK PROVIDER,NORMAL,Normal claim patterns
1114341415,PHARMACY_CLAIM,1,0,0.0,0,0,0,0,0,3.02,3.02,0.0,LOW-RISK PROVIDER,NORMAL,Normal claim patterns
1497786818,MEDICAL_CLAIM,1,0,0.0,0,0,0,0,0,3.02,3.02,0.0,LOW-RISK PROVIDER,NORMAL,Normal claim patterns
1507455186,PRIOR_AUTH,1,0,0.0,0,0,0,0,0,3.02,3.02,0.0,LOW-RISK PROVIDER,NORMAL,Normal claim patterns
1698756494,PRIOR_AUTH,1,0,0.0,0,0,0,0,0,3.02,3.02,0.0,LOW-RISK PROVIDER,NORMAL,Normal claim patterns
1725695034,PRIOR_AUTH,1,0,0.0,0,0,0,0,0,3.02,3.02,0.0,LOW-RISK PROVIDER,NORMAL,Normal claim patterns
1805745494,PHARMACY_CLAIM,1,0,0.0,0,0,0,0,0,3.02,3.02,0.0,LOW-RISK PROVIDER,NORMAL,Normal claim patterns
1105887882,PHARMACY_CLAIM,1,0,0.0,0,0,0,0,0,3.01,3.01,0.0,LOW-RISK PROVIDER,NORMAL,Normal claim patterns
1261592004,PRIOR_AUTH,1,0,0.0,0,0,0,0,0,3.01,3.01,0.0,LOW-RISK PROVIDER,NORMAL,Normal claim patterns
1335101836,PHARMACY_CLAIM,1,0,0.0,0,0,0,0,0,3.01,3.01,0.0,LOW-RISK PROVIDER,NORMAL,Normal claim patterns
1999364900,PRIOR_AUTH,1,0,0.0,0,0,0,0,0,3.01,3.01,0.0,LOW-RISK PROVIDER,NORMAL,Normal claim patterns
1285915603,MEDICAL_CLAIM,2,0,0.0,0,0,0,0,0,3.0,3.46,0.0,LOW-RISK PROVIDER,NORMAL,Normal claim patterns
1319218010,PHARMACY_CLAIM,1,0,0.0,0,0,0,0,0,3.0,3.0,0.0,LOW-RISK PROVIDER,NORMAL,Normal claim patterns
1404270888,PHARMACY_CLAIM,1,0,0.0,0,0,0,0,0,3.0,3.0,0.0,LOW-RISK PROVIDER,NORMAL,Normal claim patterns
1228138873,PRIOR_AUTH,1,0,0.0,0,0,0,0,0,2.99,2.99,0.0,LOW-RISK PROVIDER,NORMAL,Normal claim patterns
1468031887,PRIOR_AUTH,1,0,0.0,0,0,0,0,0,2.99,2.99,0.0,LOW-RISK PROVIDER,NORMAL,Normal claim patterns
1520269791,PHARMACY_CLAIM,1,0,0.0,0,0,0,0,0,2.99,2.99,0.0,LOW-RISK PROVIDER,NORMAL,Normal claim patterns
1104860808,MEDICAL_CLAIM,1,0,0.0,0,0,0,0,0,2.98,2.98,0.0,LOW-RISK PROVIDER,NORMAL,Normal claim patterns
1523174329,PRIOR_AUTH,1,0,0.0,0,0,0,0,0,2.98,2.98,0.0,LOW-RISK PROVIDER,NORMAL,Normal claim patterns
1083051902,PHARMACY_CLAIM,1,0,0.0,0,0,0,0,0,2.97,2.97,0.0,LOW-RISK PROVIDER,NORMAL,Normal claim patterns
1104690309,PRIOR_AUTH,1,0,0.0,0,0,0,0,0,2.97,2.97,0.0,LOW-RISK PROVIDER,NORMAL,Normal claim patterns
1325885131,PHARMACY_CLAIM,1,0,0.0,0,0,0,0,0,2.96,2.96,0.0,LOW-RISK PROVIDER,NORMAL,Normal claim patterns
1939398651,PRIOR_AUTH,1,0,0.0,0,0,0,0,0,2.96,2.96,0.0,LOW-RISK PROVIDER,NORMAL,Normal claim patterns
1948901376,PHARMACY_CLAIM,1,0,0.0,0,0,0,0,0,2.96,2.96,0.0,LOW-RISK PROVIDER,NORMAL,Normal claim patterns
1053149166,PHARMACY_CLAIM,1,0,0.0,0,0,0,0,0,2.95,2.95,0.0,LOW-RISK PROVIDER,NORMAL,Normal claim patterns
1107421116,PHARMACY_CLAIM,1,0,0.0,0,0,0,0,0,2.95,2.95,0.0,LOW-RISK PROVIDER,NORMAL,Normal claim patterns
1186426944,PRIOR_AUTH,1,0,0.0,0,0,0,0,0,2.95,2.95,0.0,LOW-RISK PROVIDER,NORMAL,Normal claim patterns
1241472028,PHARMACY_CLAIM,1,0,0.0,0,0,0,0,0,2.94,2.94,0.0,LOW-RISK PROVIDER,NORMAL,Normal claim patterns
1253691204,PRIOR_AUTH,1,0,0.0,0,0,0,0,0,2.94,2.94,0.0,LOW-RISK PROVIDER,NORMAL,Normal claim patterns
1858476768,PHARMACY_CLAIM,1,0,0.0,0,0,0,0,0,2.94,2.94,0.0,LOW-RISK PROVIDER,NORMAL,Normal claim patterns
1987960983,PRIOR_AUTH,1,0,0.0,0,0,0,0,0,2.94,2.94,0.0,LOW-RISK PROVIDER,NORMAL,Normal claim patterns
1374958003,PHARMACY_CLAIM,1,0,0.0,0,0,0,0,0,2.93,2.93,0.0,LOW-RISK PROVIDER,NORMAL,Normal claim patterns
1131985647,PHARMACY_CLAIM,1,0,0.0,0,0,0,0,0,2.92,2.92,0.0,LOW-RISK PROVIDER,NORMAL,Normal claim patterns
1425149391,PHARMACY_CLAIM,1,0,0.0,0,0,0,0,0,2.92,2.92,0.0,LOW-RISK PROVIDER,NORMAL,Normal claim patterns
1350542255,PHARMACY_CLAIM,1,0,0.0,0,0,0,0,0,2.91,2.91,0.0,LOW-RISK PROVIDER,NORMAL,Normal claim patterns
1820572010,PRIOR_AUTH,1,0,0.0,0,0,0,0,0,2.91,2.91,0.0,LOW-RISK PROVIDER,NORMAL,Normal claim patterns
1891731956,MEDICAL_CLAIM,1,0,0.0,0,0,0,0,0,2.91,2.91,0.0,LOW-RISK PROVIDER,NORMAL,Normal claim patterns
1222203103,PRIOR_AUTH,1,0,0.0,0,0,0,0,0,2.9,2.9,0.0,LOW-RISK PROVIDER,NORMAL,Normal claim patterns
1326532225,PHARMACY_CLAIM,1,0,0.0,0,0,0,0,0,2.9,2.9,0.0,LOW-RISK PROVIDER,NORMAL,Normal claim patterns
1858790364,PRIOR_AUTH,1,0,0.0,0,0,0,0,0,2.9,2.9,0.0,LOW-RISK PROVIDER,NORMAL,Normal claim patterns
1986476856,PHARMACY_CLAIM,1,0,0.0,0,0,0,0,0,2.9,2.9,0.0,LOW-RISK PROVIDER,NORMAL,Normal claim patterns
1299027179,PHARMACY_CLAIM,1,0,0.0,0,0,0,0,0,2.89,2.89,0.0,LOW-RISK PROVIDER,NORMAL,Normal claim patterns
1708499843,PHARMACY_CLAIM,1,0,0.0,0,0,0,0,0,2.89,2.89,0.0,LOW-RISK PROVIDER,NORMAL,Normal claim patterns
1853837386,PRIOR_AUTH,1,0,0.0,0,0,0,0,0,2.89,2.89,0.0,LOW-RISK PROVIDER,NORMAL,Normal claim patterns
1330365249,PRIOR_AUTH,1,0,0.0,0,0,0,0,0,2.88,2.88,0.0,LOW-RISK PROVIDER,NORMAL,Normal claim patterns
1377843683,PRIOR_AUTH,1,0,0.0,0,0,0,0,0,2.88,2.88,0.0,LOW-RISK PROVIDER,NORMAL,Normal claim patterns
1454701486,PHARMACY_CLAIM,1,0,0.0,0,0,0,0,0,2.88,2.88,0.0,LOW-RISK PROVIDER,NORMAL,Normal claim patterns
1699115600,MEDICAL_CLAIM,1,0,0.0,0,0,0,0,0,2.88,2.88,0.0,LOW-RISK PROVIDER,NORMAL,Normal claim patterns
1955107390,PHARMACY_CLAIM,1,0,0.0,0,0,0,0,0,2.88,2.88,0.0,LOW-RISK PROVIDER,NORMAL,Normal claim patterns
1461952929,PHARMACY_CLAIM,1,0,0.0,0,0,0,0,0,2.87,2.87,0.0,LOW-RISK PROVIDER,NORMAL,Normal claim patterns
1570252487,PHARMACY_CLAIM,1,0,0.0,0,0,0,0,0,2.87,2.87,0.0,LOW-RISK PROVIDER,NORMAL,Normal claim patterns
1831151455,MEDICAL_CLAIM,1,0,0.0,0,0,0,0,0,2.87,2.87,0.0,LOW-RISK PROVIDER,NORMAL,Normal claim patterns
1122461575,PHARMACY_CLAIM,1,0,0.0,0,0,0,0,0,2.86,2.86,0.0,LOW-RISK PROVIDER,NORMAL,Normal claim patterns
1186461948,PRIOR_AUTH,1,0,0.0,0,0,0,0,0,2.86,2.86,0.0,LOW-RISK PROVIDER,NORMAL,Normal claim patterns
1548558009,PHARMACY_CLAIM,1,0,0.0,0,0,0,0,0,2.86,2.86,0.0,LOW-RISK PROVIDER,NORMAL,Normal claim patterns
1765930688,PRIOR_AUTH,1,0,0.0,0,0,0,0,0,2.86,2.86,0.0,LOW-RISK PROVIDER,NORMAL,Normal claim patterns
1467027482,MEDICAL_CLAIM,2,0,0.0,0,0,0,0,0,2.85,5.35,0.0,LOW-RISK PROVIDER,NORMAL,Normal claim patterns
1280586411,PHARMACY_CLAIM,1,0,0.0,0,0,0,0,0,2.85,2.85,0.0,LOW-RISK PROVIDER,NORMAL,Normal claim patterns
1645543142,PRIOR_AUTH,1,0,0.0,0,0,0,0,0,2.85,2.85,0.0,LOW-RISK PROVIDER,NORMAL,Normal claim patterns
1248210173,PRIOR_AUTH,1,0,0.0,0,0,0,0,0,2.84,2.84,0.0,LOW-RISK PROVIDER,NORMAL,Normal claim patterns
1296707947,PHARMACY_CLAIM,1,0,0.0,0,0,0,0,0,2.84,2.84,0.0,LOW-RISK PROVIDER,NORMAL,Normal claim patterns
1407766857,PHARMACY_CLAIM,1,0,0.0,0,0,0,0,0,2.84,2.84,0.0,LOW-RISK PROVIDER,NORMAL,Normal claim patterns
1463494107,PRIOR_AUTH,1,0,0.0,0,0,0,0,0,2.84,2.84,0.0,LOW-RISK PROVIDER,NORMAL,Normal claim patterns
1516915831,PHARMACY_CLAIM,1,0,0.0,0,0,0,0,0,2.84,2.84,0.0,LOW-RISK PROVIDER,NORMAL,Normal claim patterns
1877239176,PRIOR_AUTH,1,0,0.0,0,0,0,0,0,2.84,2.84,0.0,LOW-RISK PROVIDER,NORMAL,Normal claim patterns
1096115078,PHARMACY_CLAIM,1,0,0.0,0,0,0,0,0,2.83,2.83,0.0,LOW-RISK PROVIDER,NORMAL,Normal claim patterns
1432124366,PHARMACY_CLAIM,1,0,0.0,0,0,0,0,0,2.83,2.83,0.0,LOW-RISK PROVIDER,NORMAL,Normal claim patterns
1479471146,PHARMACY_CLAIM,1,0,0.0,0,0,0,0,0,2.83,2.83,0.0,LOW-RISK PROVIDER,NORMAL,Normal claim patterns
1405588928,PHARMACY_CLAIM,1,0,0.0,0,0,0,0,0,2.82,2.82,0.0,LOW-RISK PROVIDER,NORMAL,Normal claim patterns
1745767042,PRIOR_AUTH,1,0,0.0,0,0,0,0,0,2.82,2.82,0.0,LOW-RISK PROVIDER,NORMAL,Normal claim patterns
1083114809,PRIOR_AUTH,1,0,0.0,0,0,0,0,0,2.81,2.81,0.0,LOW-RISK PROVIDER,NORMAL,Normal claim patterns
1100829306,PHARMACY_CLAIM,1,0,0.0,0,0,0,0,0,2.81,2.81,0.0,LOW-RISK PROVIDER,NORMAL,Normal claim patterns
1244083388,PHARMACY_CLAIM,1,0,0.0,0,0,0,0,0,2.81,2.81,0.0,LOW-RISK PROVIDER,NORMAL,Normal claim patterns
1507740096,PRIOR_AUTH,1,0,0.0,0,0,0,0,0,2.81,2.81,0.0,LOW-RISK PROVIDER,NORMAL,Normal claim patterns
1910687253,PRIOR_AUTH,1,0,0.0,0,0,0,0,0,2.81,2.81,0.0,LOW-RISK PROVIDER,NORMAL,Normal claim patterns
1520449051,PRIOR_AUTH,1,0,0.0,0,0,0,0,0,2.8,2.8,0.0,LOW-RISK PROVIDER,NORMAL,Normal claim patterns
1638061051,PHARMACY_CLAIM,1,0,0.0,0,0,0,0,0,2.8,2.8,0.0,LOW-RISK PROVIDER,NORMAL,Normal claim patterns
1495018829,PHARMACY_CLAIM,1,0,0.0,0,0,0,0,0,2.79,2.79,0.0,LOW-RISK PROVIDER,NORMAL,Normal claim patterns
1661544257,PHARMACY_CLAIM,1,0,0.0,0,0,0,0,0,2.79,2.79,0.0,LOW-RISK PROVIDER,NORMAL,Normal claim patterns
1811063795,MEDICAL_CLAIM,4,0,0.0,0,0,0,0,0,2.78,4.71,0.0,LOW-RISK PROVIDER,NORMAL,Normal claim patterns
1344230434,PHARMACY_CLAIM,1,0,0.0,0,0,0,0,0,2.78,2.78,0.0,LOW-RISK PROVIDER,NORMAL,Normal claim patterns
1457134940,PRIOR_AUTH,1,0,0.0,0,0,0,0,0,2.78,2.78,0.0,LOW-RISK PROVIDER,NORMAL,Normal claim patterns
1551052397,PHARMACY_CLAIM,1,0,0.0,0,0,0,0,0,2.78,2.78,0.0,LOW-RISK PROVIDER,NORMAL,Normal claim patterns
1638392952,PHARMACY_CLAIM,1,0,0.0,0,0,0,0,0,2.78,2.78,0.0,LOW-RISK PROVIDER,NORMAL,Normal claim patterns
1349859255,PHARMACY_CLAIM,1,0,0.0,0,0,0,0,0,2.77,2.77,0.0,LOW-RISK PROVIDER,NORMAL,Normal claim patterns
1403683105,PHARMACY_CLAIM,1,0,0.0,0,0,0,0,0,2.77,2.77,0.0,LOW-RISK PROVIDER,NORMAL,Normal claim patterns
1033619804,MEDICAL_CLAIM,1,0,0.0,0,0,0,0,0,2.76,2.76,0.0,LOW-RISK PROVIDER,NORMAL,Normal claim patterns
1385774293,PRIOR_AUTH,1,0,0.0,0,0,0,0,0,2.76,2.76,0.0,LOW-RISK PROVIDER,NORMAL,Normal claim patterns
1662350014,PHARMACY_CLAIM,1,0,0.0,0,0,0,0,0,2.76,2.76,0.0,LOW-RISK PROVIDER,NORMAL,Normal claim patterns
1683978129,PHARMACY_CLAIM,1,0,0.0,0,0,0,0,0,2.76,2.76,0.0,LOW-RISK PROVIDER,NORMAL,Normal claim patterns
1232232319,PRIOR_AUTH,1,0,0.0,0,0,0,0,0,2.75,2.75,0.0,LOW-RISK PROVIDER,NORMAL,Normal claim patterns
1239404270,PHARMACY_CLAIM,1,0,0.0,0,0,0,0,0,2.75,2.75,0.0,LOW-RISK PROVIDER,NORMAL,Normal claim patterns
1367389034,PRIOR_AUTH,1,0,0.0,0,0,0,0,0,2.75,2.75,0.0,LOW-RISK PROVIDER,NORMAL,Normal claim patterns
1395842523,PRIOR_AUTH,1,0,0.0,0,0,0,0,0,2.75,2.75,0.0,LOW-RISK PROVIDER,NORMAL,Normal claim patterns
1967606172,PHARMACY_CLAIM,1,0,0.0,0,0,0,0,0,2.75,2.75,0.0,LOW-RISK PROVIDER,NORMAL,Normal claim patterns
1185427821,PHARMACY_CLAIM,1,0,0.0,0,0,0,0,0,2.74,2.74,0.0,LOW-RISK PROVIDER,NORMAL,Normal claim patterns
1202956978,PHARMACY_CLAIM,1,0,0.0,0,0,0,0,0,2.74,2.74,0.0,LOW-RISK PROVIDER,NORMAL,Normal claim patterns
1720625322,PHARMACY_CLAIM,1,0,0.0,0,0,0,0,0,2.74,2.74,0.0,LOW-RISK PROVIDER,NORMAL,Normal claim patterns
1841017112,PRIOR_AUTH,1,0,0.0,0,0,0,0,0,2.74,2.74,0.0,LOW-RISK PROVIDER,NORMAL,Normal claim patterns
1275552812,MEDICAL_CLAIM,5,0,0.0,0,0,0,0,0,2.73,5.06,0.0,LOW-RISK PROVIDER,NORMAL,Normal claim patterns
1649526773,MEDICAL_CLAIM,2,0,0.0,0,0,0,0,0,2.73,5.06,0.0,LOW-RISK PROVIDER,NORMAL,Normal claim patterns
1472492405,PRIOR_AUTH,1,0,0.0,0,0,0,0,0,2.73,2.73,0.0,LOW-RISK PROVIDER,NORMAL,Normal claim patterns
1549379120,PHARMACY_CLAIM,1,0,0.0,0,0,0,0,0,2.73,2.73,0.0,LOW-RISK PROVIDER,NORMAL,Normal claim patterns
1080819180,PHARMACY_CLAIM,1,0,0.0,0,0,0,0,0,2.72,2.72,0.0,LOW-RISK PROVIDER,NORMAL,Normal claim patterns
1720974466,PHARMACY_CLAIM,1,0,0.0,0,0,0,0,0,2.72,2.72,0.0,LOW-RISK PROVIDER,NORMAL,Normal claim patterns
1419995557,PRIOR_AUTH,1,0,0.0,0,0,0,0,0,2.71,2.71,0.0,LOW-RISK PROVIDER,NORMAL,Normal claim patterns
1467934061,PRIOR_AUTH,1,0,0.0,0,0,0,0,0,2.71,2.71,0.0,LOW-RISK PROVIDER,NORMAL,Normal claim patterns
1910606276,PHARMACY_CLAIM,1,0,0.0,0,0,0,0,0,2.71,2.71,0.0,LOW-RISK PROVIDER,NORMAL,Normal claim patterns
1619232295,MEDICAL_CLAIM,2,0,0.0,0,0,0,0,0,2.7,2.7,0.0,LOW-RISK PROVIDER,NORMAL,Normal claim patterns
1015112107,PRIOR_AUTH,1,0,0.0,0,0,0,0,0,2.7,2.7,0.0,LOW-RISK PROVIDER,NORMAL,Normal claim patterns
1180092553,PHARMACY_CLAIM,1,0,0.0,0,0,0,0,0,2.7,2.7,0.0,LOW-RISK PROVIDER,NORMAL,Normal claim patterns
1569340481,PRIOR_AUTH,1,0,0.0,0,0,0,0,0,2.7,2.7,0.0,LOW-RISK PROVIDER,NORMAL,Normal claim patterns
1821010448,MEDICAL_CLAIM,1,0,0.0,0,0,0,0,0,2.7,2.7,0.0,LOW-RISK PROVIDER,NORMAL,Normal claim patterns
1115101064,PHARMACY_CLAIM,1,0,0.0,0,0,0,0,0,2.69,2.69,0.0,LOW-RISK PROVIDER,NORMAL,Normal claim patterns
1217714411,PHARMACY_CLAIM,1,0,0.0,0,0,0,0,0,2.68,2.68,0.0,LOW-RISK PROVIDER,NORMAL,Normal claim patterns
1278050214,PHARMACY_CLAIM,1,0,0.0,0,0,0,0,0,2.68,2.68,0.0,LOW-RISK PROVIDER,NORMAL,Normal claim patterns
1688021657,PRIOR_AUTH,1,0,0.0,0,0,0,0,0,2.68,2.68,0.0,LOW-RISK PROVIDER,NORMAL,Normal claim patterns
1831397237,PHARMACY_CLAIM,1,0,0.0,0,0,0,0,0,2.68,2.68,0.0,LOW-RISK PROVIDER,NORMAL,Normal claim patterns
1026913336,PRIOR_AUTH,1,0,0.0,0,0,0,0,0,2.67,2.67,0.0,LOW-RISK PROVIDER,NORMAL,Normal claim patterns
1637504199,PRIOR_AUTH,1,0,0.0,0,0,0,0,0,2.67,2.67,0.0,LOW-RISK PROVIDER,NORMAL,Normal claim patterns
1683441939,PHARMACY_CLAIM,1,0,0.0,0,0,0,0,0,2.67,2.67,0.0,LOW-RISK PROVIDER,NORMAL,Normal claim patterns
1735633548,PHARMACY_CLAIM,1,0,0.0,0,0,0,0,0,2.67,2.67,0.0,LOW-RISK PROVIDER,NORMAL,Normal claim patterns
1883801076,PHARMACY_CLAIM,1,0,0.0,0,0,0,0,0,2.67,2.67,0.0,LOW-RISK PROVIDER,NORMAL,Normal claim patterns
1065422794,PRIOR_AUTH,1,0,0.0,0,0,0,0,0,2.66,2.66,0.0,LOW-RISK PROVIDER,NORMAL,Normal claim patterns
1286373631,PHARMACY_CLAIM,1,0,0.0,0,0,0,0,0,2.66,2.66,0.0,LOW-RISK PROVIDER,NORMAL,Normal claim patterns
1376588871,MEDICAL_CLAIM,1,0,0.0,0,0,0,0,0,2.66,2.66,0.0,LOW-RISK PROVIDER,NORMAL,Normal claim patterns
1536374037,PRIOR_AUTH,1,0,0.0,0,0,0,0,0,2.66,2.66,0.0,LOW-RISK PROVIDER,NORMAL,Normal claim patterns
1886370287,PHARMACY_CLAIM,1,0,0.0,0,0,0,0,0,2.66,2.66,0.0,LOW-RISK PROVIDER,NORMAL,Normal claim patterns
1851347223,MEDICAL_CLAIM,3,0,0.0,0,0,0,0,0,2.65,4.29,0.0,LOW-RISK PROVIDER,NORMAL,Normal claim patterns
1217057921,PHARMACY_CLAIM,1,0,0.0,0,0,0,0,0,2.65,2.65,0.0,LOW-RISK PROVIDER,NORMAL,Normal claim patterns
1373550476,PHARMACY_CLAIM,1,0,0.0,0,0,0,0,0,2.65,2.65,0.0,LOW-RISK PROVIDER,NORMAL,Normal claim patterns
1018614702,PRIOR_AUTH,1,0,0.0,0,0,0,0,0,2.64,2.64,0.0,LOW-RISK PROVIDER,NORMAL,Normal claim patterns
1093054447,MEDICAL_CLAIM,1,0,0.0,0,0,0,0,0,2.64,2.64,0.0,LOW-RISK PROVIDER,NORMAL,Normal claim patterns
1572163449,PRIOR_AUTH,1,0,0.0,0,0,0,0,0,2.64,2.64,0.0,LOW-RISK PROVIDER,NORMAL,Normal claim patterns
1740418501,PHARMACY_CLAIM,1,0,0.0,0,0,0,0,0,2.64,2.64,0.0,LOW-RISK PROVIDER,NORMAL,Normal claim patterns
1922012350,MEDICAL_CLAIM,1,0,0.0,0,0,0,0,0,2.64,2.64,0.0,LOW-RISK PROVIDER,NORMAL,Normal claim patterns
1932411493,MEDICAL_CLAIM,1,0,0.0,0,0,0,0,0,2.64,2.64,0.0,LOW-RISK PROVIDER,NORMAL,Normal claim patterns
1351607427,PRIOR_AUTH,1,0,0.0,0,0,0,0,0,2.63,2.63,0.0,LOW-RISK PROVIDER,NORMAL,Normal claim patterns
1573553285,PHARMACY_CLAIM,1,0,0.0,0,0,0,0,0,2.63,2.63,0.0,LOW-RISK PROVIDER,NORMAL,Normal claim patterns
1302813807,PHARMACY_CLAIM,1,0,0.0,0,0,0,0,0,2.62,2.62,0.0,LOW-RISK PROVIDER,NORMAL,Normal claim patterns
1357036537,PHARMACY_CLAIM,1,0,0.0,0,0,0,0,0,2.62,2.62,0.0,LOW-RISK PROVIDER,NORMAL,Normal claim patterns
1578160330,PRIOR_AUTH,1,0,0.0,0,0,0,0,0,2.62,2.62,0.0,LOW-RISK PROVIDER,NORMAL,Normal claim patterns
1649520644,MEDICAL_CLAIM,2,0,0.0,0,0,0,0,0,2.61,4.01,0.0,LOW-RISK PROVIDER,NORMAL,Normal claim patterns
1191775832,PHARMACY_CLAIM,1,0,0.0,0,0,0,0,0,2.61,2.61,0.0,LOW-RISK PROVIDER,NORMAL,Normal claim patterns
1353201757,PHARMACY_CLAIM,1,0,0.0,0,0,0,0,0,2.61,2.61,0.0,LOW-RISK PROVIDER,NORMAL,Normal claim patterns
1747005905,PRIOR_AUTH,1,0,0.0,0,0,0,0,0,2.61,2.61,0.0,LOW-RISK PROVIDER,NORMAL,Normal claim patterns
1083606495,MEDICAL_CLAIM,1,0,0.0,0,0,0,0,0,2.6,2.6,0.0,LOW-RISK PROVIDER,NORMAL,Normal claim patterns
1151824200,PRIOR_AUTH,1,0,0.0,0,0,0,0,0,2.6,2.6,0.0,LOW-RISK PROVIDER,NORMAL,Normal claim patterns
1567151182,PRIOR_AUTH,1,0,0.0,0,0,0,0,0,2.6,2.6,0.0,LOW-RISK PROVIDER,NORMAL,Normal claim patterns
1755409979,PHARMACY_CLAIM,1,0,0.0,0,0,0,0,0,2.6,2.6,0.0,LOW-RISK PROVIDER,NORMAL,Normal claim patterns
1371861970,PHARMACY_CLAIM,1,0,0.0,0,0,0,0,0,2.59,2.59,0.0,LOW-RISK PROVIDER,NORMAL,Normal claim patterns
1296200657,PHARMACY_CLAIM,1,0,0.0,0,0,0,0,0,2.58,2.58,0.0,LOW-RISK PROVIDER,NORMAL,Normal claim patterns
1419696810,PHARMACY_CLAIM,1,0,0.0,0,0,0,0,0,2.58,2.58,0.0,LOW-RISK PROVIDER,NORMAL,Normal claim patterns
1630783173,PRIOR_AUTH,1,0,0.0,0,0,0,0,0,2.58,2.58,0.0,LOW-RISK PROVIDER,NORMAL,Normal claim patterns
1259393884,PHARMACY_CLAIM,1,0,0.0,0,0,0,0,0,2.57,2.57,0.0,LOW-RISK PROVIDER,NORMAL,Normal claim patterns
1671284216,PHARMACY_CLAIM,1,0,0.0,0,0,0,0,0,2.57,2.57,0.0,LOW-RISK PROVIDER,NORMAL,Normal claim patterns
1747857638,PRIOR_AUTH,1,0,0.0,0,0,0,0,0,2.57,2.57,0.0,LOW-RISK PROVIDER,NORMAL,Normal claim patterns
1755776663,PRIOR_AUTH,1,0,0.0,0,0,0,0,0,2.57,2.57,0.0,LOW-RISK PROVIDER,NORMAL,Normal claim patterns
1760553576,PHARMACY_CLAIM,1,0,0.0,0,0,0,0,0,2.57,2.57,0.0,LOW-RISK PROVIDER,NORMAL,Normal claim patterns
1851288271,PRIOR_AUTH,1,0,0.0,0,0,0,0,0,2.57,2.57,0.0,LOW-RISK PROVIDER,NORMAL,Normal claim patterns
1760443469,MEDICAL_CLAIM,2,0,0.0,0,0,0,0,0,2.56,2.8,0.0,LOW-RISK PROVIDER,NORMAL,Normal claim patterns
1106087109,PRIOR_AUTH,1,0,0.0,0,0,0,0,0,2.56,2.56,0.0,LOW-RISK PROVIDER,NORMAL,Normal claim patterns
1131864767,PHARMACY_CLAIM,1,0,0.0,0,0,0,0,0,2.56,2.56,0.0,LOW-RISK PROVIDER,NORMAL,Normal claim patterns
1065394415,PHARMACY_CLAIM,1,0,0.0,0,0,0,0,0,2.55,2.55,0.0,LOW-RISK PROVIDER,NORMAL,Normal claim patterns
1827919731,PHARMACY_CLAIM,1,0,0.0,0,0,0,0,0,2.55,2.55,0.0,LOW-RISK PROVIDER,NORMAL,Normal claim patterns
1832904495,PHARMACY_CLAIM,1,0,0.0,0,0,0,0,0,2.55,2.55,0.0,LOW-RISK PROVIDER,NORMAL,Normal claim patterns
1516605033,PHARMACY_CLAIM,1,0,0.0,0,0,0,0,0,2.54,2.54,0.0,LOW-RISK PROVIDER,NORMAL,Normal claim patterns
1785488753,PRIOR_AUTH,1,0,0.0,0,0,0,0,0,2.54,2.54,0.0,LOW-RISK PROVIDER,NORMAL,Normal claim patterns
1922301472,MEDICAL_CLAIM,1,0,0.0,0,0,0,0,0,2.54,2.54,0.0,LOW-RISK PROVIDER,NORMAL,Normal claim patterns
1055748248,PHARMACY_CLAIM,1,0,0.0,0,0,0,0,0,2.53,2.53,0.0,LOW-RISK PROVIDER,NORMAL,Normal claim patterns
1142856262,PHARMACY_CLAIM,1,0,0.0,0,0,0,0,0,2.53,2.53,0.0,LOW-RISK PROVIDER,NORMAL,Normal claim patterns
1152386177,PRIOR_AUTH,1,0,0.0,0,0,0,0,0,2.53,2.53,0.0,LOW-RISK PROVIDER,NORMAL,Normal claim patterns
1177200930,PRIOR_AUTH,1,0,0.0,0,0,0,0,0,2.53,2.53,0.0,LOW-RISK PROVIDER,NORMAL,Normal claim patterns
1388134269,PRIOR_AUTH,1,0,0.0,0,0,0,0,0,2.53,2.53,0.0,LOW-RISK PROVIDER,NORMAL,Normal claim patterns
1569206867,PHARMACY_CLAIM,1,0,0.0,0,0,0,0,0,2.53,2.53,0.0,LOW-RISK PROVIDER,NORMAL,Normal claim patterns
1876553187,PRIOR_AUTH,1,0,0.0,0,0,0,0,0,2.53,2.53,0.0,LOW-RISK PROVIDER,NORMAL,Normal claim patterns
1267986709,PHARMACY_CLAIM,1,0,0.0,0,0,0,0,0,2.52,2.52,0.0,LOW-RISK PROVIDER,NORMAL,Normal claim patterns
1973656108,PHARMACY_CLAIM,1,0,0.0,0,0,0,0,0,2.52,2.52,0.0,LOW-RISK PROVIDER,NORMAL,Normal claim patterns
1149744726,PHARMACY_CLAIM,1,0,0.0,0,0,0,0,0,2.51,2.51,0.0,LOW-RISK PROVIDER,NORMAL,Normal claim patterns
1316573405,MEDICAL_CLAIM,1,0,0.0,0,0,0,0,0,2.51,2.51,0.0,LOW-RISK PROVIDER,NORMAL,Normal claim patterns
1700762079,PRIOR_AUTH,1,0,0.0,0,0,0,0,0,2.51,2.51,0.0,LOW-RISK PROVIDER,NORMAL,Normal claim patterns
1763849070,PHARMACY_CLAIM,1,0,0.0,0,0,0,0,0,2.51,2.51,0.0,LOW-RISK PROVIDER,NORMAL,Normal claim patterns
1818918869,PRIOR_AUTH,1,0,0.0,0,0,0,0,0,2.51,2.51,0.0,LOW-RISK PROVIDER,NORMAL,Normal claim patterns
1998761413,PHARMACY_CLAIM,1,0,0.0,0,0,0,0,0,2.51,2.51,0.0,LOW-RISK PROVIDER,NORMAL,Normal claim patterns
1250314192,PHARMACY_CLAIM,1,0,0.0,0,0,0,0,0,2.5,2.5,0.0,LOW-RISK PROVIDER,NORMAL,Normal claim patterns
1421559735,PRIOR_AUTH,1,0,0.0,0,0,0,0,0,2.5,2.5,0.0,LOW-RISK PROVIDER,NORMAL,Normal claim patterns
1694576697,PHARMACY_CLAIM,1,0,0.0,0,0,0,0,0,2.5,2.5,0.0,LOW-RISK PROVIDER,NORMAL,Normal claim patterns
1467642942,MEDICAL_CLAIM,2,0,0.0,0,0,0,0,0,2.49,2.49,0.0,LOW-RISK PROVIDER,NORMAL,Normal claim patterns
1289511882,PRIOR_AUTH,1,0,0.0,0,0,0,0,0,2.49,2.49,0.0,LOW-RISK PROVIDER,NORMAL,Normal claim patterns
1880130728,PRIOR_AUTH,1,0,0.0,0,0,0,0,0,2.49,2.49,0.0,LOW-RISK PROVIDER,NORMAL,Normal claim patterns
1057167713,PHARMACY_CLAIM,1,0,0.0,0,0,0,0,0,2.48,2.48,0.0,LOW-RISK PROVIDER,NORMAL,Normal claim patterns
1195935991,PHARMACY_CLAIM,1,0,0.0,0,0,0,0,0,2.48,2.48,0.0,LOW-RISK PROVIDER,NORMAL,Normal claim patterns
1244969434,PRIOR_AUTH,1,0,0.0,0,0,0,0,0,2.48,2.48,0.0,LOW-RISK PROVIDER,NORMAL,Normal claim patterns
1268416400,PRIOR_AUTH,1,0,0.0,0,0,0,0,0,2.48,2.48,0.0,LOW-RISK PROVIDER,NORMAL,Normal claim patterns
1634072519,PHARMACY_CLAIM,1,0,0.0,0,0,0,0,0,2.48,2.48,0.0,LOW-RISK PROVIDER,NORMAL,Normal claim patterns
1571162944,PHARMACY_CLAIM,1,0,0.0,0,0,0,0,0,2.47,2.47,0.0,LOW-RISK PROVIDER,NORMAL,Normal claim patterns
1915825832,PHARMACY_CLAIM,1,0,0.0,0,0,0,0,0,2.47,2.47,0.0,LOW-RISK PROVIDER,NORMAL,Normal claim patterns
1991373272,PHARMACY_CLAIM,1,0,0.0,0,0,0,0,0,2.47,2.47,0.0,LOW-RISK PROVIDER,NORMAL,Normal claim patterns
1291831410,PRIOR_AUTH,1,0,0.0,0,0,0,0,0,2.46,2.46,0.0,LOW-RISK PROVIDER,NORMAL,Normal claim patterns
1487048847,PRIOR_AUTH,1,0,0.0,0,0,0,0,0,2.46,2.46,0.0,LOW-RISK PROVIDER,NORMAL,Normal claim patterns
1744423878,PRIOR_AUTH,1,0,0.0,0,0,0,0,0,2.46,2.46,0.0,LOW-RISK PROVIDER,NORMAL,Normal claim patterns
1016034235,PHARMACY_CLAIM,1,0,0.0,0,0,0,0,0,2.45,2.45,0.0,LOW-RISK PROVIDER,NORMAL,Normal claim patterns
1324150824,PHARMACY_CLAIM,1,0,0.0,0,0,0,0,0,2.44,2.44,0.0,LOW-RISK PROVIDER,NORMAL,Normal claim patterns
1527299968,PHARMACY_CLAIM,1,0,0.0,0,0,0,0,0,2.44,2.44,0.0,LOW-RISK PROVIDER,NORMAL,Normal claim patterns
1944886105,PRIOR_AUTH,1,0,0.0,0,0,0,0,0,2.44,2.44,0.0,LOW-RISK PROVIDER,NORMAL,Normal claim patterns
1017055217,PHARMACY_CLAIM,1,0,0.0,0,0,0,0,0,2.43,2.43,0.0,LOW-RISK PROVIDER,NORMAL,Normal claim patterns
1083629661,MEDICAL_CLAIM,1,0,0.0,0,0,0,0,0,2.43,2.43,0.0,LOW-RISK PROVIDER,NORMAL,Normal claim patterns
1254874896,PHARMACY_CLAIM,1,0,0.0,0,0,0,0,0,2.43,2.43,0.0,LOW-RISK PROVIDER,NORMAL,Normal claim patterns
1427384353,MEDICAL_CLAIM,3,0,0.0,0,0,0,0,0,2.42,3.81,0.0,LOW-RISK PROVIDER,NORMAL,Normal claim patterns
1068765597,PHARMACY_CLAIM,1,0,0.0,0,0,0,0,0,2.42,2.42,0.0,LOW-RISK PROVIDER,NORMAL,Normal claim patterns
1733565459,PRIOR_AUTH,1,0,0.0,0,0,0,0,0,2.42,2.42,0.0,LOW-RISK PROVIDER,NORMAL,Normal claim patterns
1943361364,PHARMACY_CLAIM,1,0,0.0,0,0,0,0,0,2.42,2.42,0.0,LOW-RISK PROVIDER,NORMAL,Normal claim patterns
1958875863,PHARMACY_CLAIM,1,0,0.0,0,0,0,0,0,2.42,2.42,0.0,LOW-RISK PROVIDER,NORMAL,Normal claim patterns
1297025281,PRIOR_AUTH,1,0,0.0,0,0,0,0,0,2.41,2.41,0.0,LOW-RISK PROVIDER,NORMAL,Normal claim patterns
1597486952,PHARMACY_CLAIM,1,0,0.0,0,0,0,0,0,2.41,2.41,0.0,LOW-RISK PROVIDER,NORMAL,Normal claim patterns
1668931759,PRIOR_AUTH,1,0,0.0,0,0,0,0,0,2.41,2.41,0.0,LOW-RISK PROVIDER,NORMAL,Normal claim patterns
1005507428,PRIOR_AUTH,1,0,0.0,0,0,0,0,0,2.4,2.4,0.0,LOW-RISK PROVIDER,NORMAL,Normal claim patterns
1010002718,PHARMACY_CLAIM,1,0,0.0,0,0,0,0,0,2.4,2.4,0.0,LOW-RISK PROVIDER,NORMAL,Normal claim patterns
1134276074,MEDICAL_CLAIM,1,0,0.0,0,0,0,0,0,2.4,2.4,0.0,LOW-RISK PROVIDER,NORMAL,Normal claim patterns
1744131442,PRIOR_AUTH,1,0,0.0,0,0,0,0,0,2.4,2.4,0.0,LOW-RISK PROVIDER,NORMAL,Normal claim patterns
1097906643,PHARMACY_CLAIM,1,0,0.0,0,0,0,0,0,2.39,2.39,0.0,LOW-RISK PROVIDER,NORMAL,Normal claim patterns
1145114552,PHARMACY_CLAIM,1,0,0.0,0,0,0,0,0,2.39,2.39,0.0,LOW-RISK PROVIDER,NORMAL,Normal claim patterns
1517942181,PRIOR_AUTH,1,0,0.0,0,0,0,0,0,2.39,2.39,0.0,LOW-RISK PROVIDER,NORMAL,Normal claim patterns
1982955290,MEDICAL_CLAIM,1,0,0.0,0,0,0,0,0,2.39,2.39,0.0,LOW-RISK PROVIDER,NORMAL,Normal claim patterns
1754152598,PHARMACY_CLAIM,1,0,0.0,0,0,0,0,0,2.38,2.38,0.0,LOW-RISK PROVIDER,NORMAL,Normal claim patterns
1898319221,PHARMACY_CLAIM,1,0,0.0,0,0,0,0,0,2.38,2.38,0.0,LOW-RISK PROVIDER,NORMAL,Normal claim patterns
1069397352,PRIOR_AUTH,1,0,0.0,0,0,0,0,0,2.37,2.37,0.0,LOW-RISK PROVIDER,NORMAL,Normal claim patterns
1470827742,PHARMACY_CLAIM,1,0,0.0,0,0,0,0,0,2.37,2.37,0.0,LOW-RISK PROVIDER,NORMAL,Normal claim patterns
1478718145,PHARMACY_CLAIM,1,0,0.0,0,0,0,0,0,2.37,2.37,0.0,LOW-RISK PROVIDER,NORMAL,Normal claim patterns
1518129212,MEDICAL_CLAIM,1,0,0.0,0,0,0,0,0,2.37,2.37,0.0,LOW-RISK PROVIDER,NORMAL,Normal claim patterns
1902856123,MEDICAL_CLAIM,1,0,0.0,0,0,0,0,0,2.37,2.37,0.0,LOW-RISK PROVIDER,NORMAL,Normal claim patterns
1073144028,MEDICAL_CLAIM,1,0,0.0,0,0,0,0,0,2.36,2.36,0.0,LOW-RISK PROVIDER,NORMAL,Normal claim patterns
1221218480,PRIOR_AUTH,1,0,0.0,0,0,0,0,0,2.36,2.36,0.0,LOW-RISK PROVIDER,NORMAL,Normal claim patterns
1352813868,PHARMACY_CLAIM,1,0,0.0,0,0,0,0,0,2.36,2.36,0.0,LOW-RISK PROVIDER,NORMAL,Normal claim patterns
1141181403,PHARMACY_CLAIM,1,0,0.0,0,0,0,0,0,2.35,2.35,0.0,LOW-RISK PROVIDER,NORMAL,Normal claim patterns
1426024081,PHARMACY_CLAIM,1,0,0.0,0,0,0,0,0,2.35,2.35,0.0,LOW-RISK PROVIDER,NORMAL,Normal claim patterns
1620387209,PRIOR_AUTH,1,0,0.0,0,0,0,0,0,2.35,2.35,0.0,LOW-RISK PROVIDER,NORMAL,Normal claim patterns
1012651361,PHARMACY_CLAIM,1,0,0.0,0,0,0,0,0,2.34,2.34,0.0,LOW-RISK PROVIDER,NORMAL,Normal claim patterns
1235365398,PHARMACY_CLAIM,1,0,0.0,0,0,0,0,0,2.34,2.34,0.0,LOW-RISK PROVIDER,NORMAL,Normal claim patterns
1589770563,PHARMACY_CLAIM,1,0,0.0,0,0,0,0,0,2.34,2.34,0.0,LOW-RISK PROVIDER,NORMAL,Normal claim patterns
1743021372,PRIOR_AUTH,1,0,0.0,0,0,0,0,0,2.34,2.34,0.0,LOW-RISK PROVIDER,NORMAL,Normal claim patterns
1352032817,PHARMACY_CLAIM,1,0,0.0,0,0,0,0,0,2.33,2.33,0.0,LOW-RISK PROVIDER,NORMAL,Normal claim patterns
1498287264,PRIOR_AUTH,1,0,0.0,0,0,0,0,0,2.33,2.33,0.0,LOW-RISK PROVIDER,NORMAL,Normal claim patterns
1684185570,PHARMACY_CLAIM,1,0,0.0,0,0,0,0,0,2.33,2.33,0.0,LOW-RISK PROVIDER,NORMAL,Normal claim patterns
1139376404,PHARMACY_CLAIM,1,0,0.0,0,0,0,0,0,2.32,2.32,0.0,LOW-RISK PROVIDER,NORMAL,Normal claim patterns
1318554734,PHARMACY_CLAIM,1,0,0.0,0,0,0,0,0,2.32,2.32,0.0,LOW-RISK PROVIDER,NORMAL,Normal claim patterns
1550642323,PRIOR_AUTH,1,0,0.0,0,0,0,0,0,2.32,2.32,0.0,LOW-RISK PROVIDER,NORMAL,Normal claim patterns
1059101816,PHARMACY_CLAIM,1,0,0.0,0,0,0,0,0,2.31,2.31,0.0,LOW-RISK PROVIDER,NORMAL,Normal claim patterns
1263194196,PRIOR_AUTH,1,0,0.0,0,0,0,0,0,2.31,2.31,0.0,LOW-RISK PROVIDER,NORMAL,Normal claim patterns
1603044636,PRIOR_AUTH,1,0,0.0,0,0,0,0,0,2.31,2.31,0.0,LOW-RISK PROVIDER,NORMAL,Normal claim patterns
1811279136,MEDICAL_CLAIM,1,0,0.0,0,0,0,0,0,2.31,2.31,0.0,LOW-RISK PROVIDER,NORMAL,Normal claim patterns
1225675189,PRIOR_AUTH,1,0,0.0,0,0,0,0,0,2.3,2.3,0.0,LOW-RISK PROVIDER,NORMAL,Normal claim patterns
1295265662,PHARMACY_CLAIM,1,0,0.0,0,0,0,0,0,2.3,2.3,0.0,LOW-RISK PROVIDER,NORMAL,Normal claim patterns
1325566543,PHARMACY_CLAIM,1,0,0.0,0,0,0,0,0,2.3,2.3,0.0,LOW-RISK PROVIDER,NORMAL,Normal claim patterns
1428620548,PHARMACY_CLAIM,1,0,0.0,0,0,0,0,0,2.3,2.3,0.0,LOW-RISK PROVIDER,NORMAL,Normal claim patterns
1970583526,PRIOR_AUTH,1,0,0.0,0,0,0,0,0,2.3,2.3,0.0,LOW-RISK PROVIDER,NORMAL,Normal claim patterns
1730207663,MEDICAL_CLAIM,3,0,0.0,0,0,0,0,0,2.29,3.94,0.0,LOW-RISK PROVIDER,NORMAL,Normal claim patterns
1207258831,PRIOR_AUTH,1,0,0.0,0,0,0,0,0,2.29,2.29,0.0,LOW-RISK PROVIDER,NORMAL,Normal claim patterns
1950311873,PHARMACY_CLAIM,1,0,0.0,0,0,0,0,0,2.29,2.29,0.0,LOW-RISK PROVIDER,NORMAL,Normal claim patterns
1333857459,PHARMACY_CLAIM,1,0,0.0,0,0,0,0,0,2.28,2.28,0.0,LOW-RISK PROVIDER,NORMAL,Normal claim patterns
1607995727,PHARMACY_CLAIM,1,0,0.0,0,0,0,0,0,2.28,2.28,0.0,LOW-RISK PROVIDER,NORMAL,Normal claim patterns
1537358413,PRIOR_AUTH,1,0,0.0,0,0,0,0,0,2.27,2.27,0.0,LOW-RISK PROVIDER,NORMAL,Normal claim patterns
1641246423,PHARMACY_CLAIM,1,0,0.0,0,0,0,0,0,2.27,2.27,0.0,LOW-RISK PROVIDER,NORMAL,Normal claim patterns
1770119588,MEDICAL_CLAIM,1,0,0.0,0,0,0,0,0,2.26,2.26,0.0,LOW-RISK PROVIDER,NORMAL,Normal claim patterns
1822504090,PRIOR_AUTH,1,0,0.0,0,0,0,0,0,2.26,2.26,0.0,LOW-RISK PROVIDER,NORMAL,Normal claim patterns
1981632681,PHARMACY_CLAIM,1,0,0.0,0,0,0,0,0,2.26,2.26,0.0,LOW-RISK PROVIDER,NORMAL,Normal claim patterns
1163366943,PRIOR_AUTH,1,0,0.0,0,0,0,0,0,2.25,2.25,0.0,LOW-RISK PROVIDER,NORMAL,Normal claim patterns
1639350480,PRIOR_AUTH,1,0,0.0,0,0,0,0,0,2.25,2.25,0.0,LOW-RISK PROVIDER,NORMAL,Normal claim patterns
1769543545,PRIOR_AUTH,1,0,0.0,0,0,0,0,0,2.25,2.25,0.0,LOW-RISK PROVIDER,NORMAL,Normal claim patterns
1825565295,PHARMACY_CLAIM,1,0,0.0,0,0,0,0,0,2.25,2.25,0.0,LOW-RISK PROVIDER,NORMAL,Normal claim patterns
1887635170,PHARMACY_CLAIM,1,0,0.0,0,0,0,0,0,2.25,2.25,0.0,LOW-RISK PROVIDER,NORMAL,Normal claim patterns
1836058886,PHARMACY_CLAIM,1,0,0.0,0,0,0,0,0,2.24,2.24,0.0,LOW-RISK PROVIDER,NORMAL,Normal claim patterns
1904642845,PHARMACY_CLAIM,1,0,0.0,0,0,0,0,0,2.24,2.24,0.0,LOW-RISK PROVIDER,NORMAL,Normal claim patterns
1087919564,PHARMACY_CLAIM,1,0,0.0,0,0,0,0,0,2.23,2.23,0.0,LOW-RISK PROVIDER,NORMAL,Normal claim patterns
1097939411,PRIOR_AUTH,1,0,0.0,0,0,0,0,0,2.23,2.23,0.0,LOW-RISK PROVIDER,NORMAL,Normal claim patterns
1256362776,PRIOR_AUTH,1,0,0.0,0,0,0,0,0,2.23,2.23,0.0,LOW-RISK PROVIDER,NORMAL,Normal claim patterns
1326704115,PRIOR_AUTH,1,0,0.0,0,0,0,0,0,2.23,2.23,0.0,LOW-RISK PROVIDER,NORMAL,Normal claim patterns
1347081036,PHARMACY_CLAIM,1,0,0.0,0,0,0,0,0,2.23,2.23,0.0,LOW-RISK PROVIDER,NORMAL,Normal claim patterns
1625118402,PHARMACY_CLAIM,1,0,0.0,0,0,0,0,0,2.23,2.23,0.0,LOW-RISK PROVIDER,NORMAL,Normal claim patterns
1740097363,PRIOR_AUTH,1,0,0.0,0,0,0,0,0,2.23,2.23,0.0,LOW-RISK PROVIDER,NORMAL,Normal claim patterns
1948195901,PRIOR_AUTH,1,0,0.0,0,0,0,0,0,2.23,2.23,0.0,LOW-RISK PROVIDER,NORMAL,Normal claim patterns
1287971767,PHARMACY_CLAIM,1,0,0.0,0,0,0,0,0,2.22,2.22,0.0,LOW-RISK PROVIDER,NORMAL,Normal claim patterns
1023240520,MEDICAL_CLAIM,1,0,0.0,0,0,0,0,0,2.21,2.21,0.0,LOW-RISK PROVIDER,NORMAL,Normal claim patterns
1517890067,PHARMACY_CLAIM,1,0,0.0,0,0,0,0,0,2.21,2.21,0.0,LOW-RISK PROVIDER,NORMAL,Normal claim patterns
1533636329,PHARMACY_CLAIM,1,0,0.0,0,0,0,0,0,2.21,2.21,0.0,LOW-RISK PROVIDER,NORMAL,Normal claim patterns
1628181464,PRIOR_AUTH,1,0,0.0,0,0,0,0,0,2.21,2.21,0.0,LOW-RISK PROVIDER,NORMAL,Normal claim patterns
1699301136,PRIOR_AUTH,1,0,0.0,0,0,0,0,0,2.21,2.21,0.0,LOW-RISK PROVIDER,NORMAL,Normal claim patterns
1235836204,PHARMACY_CLAIM,1,0,0.0,0,0,0,0,0,2.2,2.2,0.0,LOW-RISK PROVIDER,NORMAL,Normal claim patterns
1373536570,PHARMACY_CLAIM,1,0,0.0,0,0,0,0,0,2.2,2.2,0.0,LOW-RISK PROVIDER,NORMAL,Normal claim patterns
1470502121,PRIOR_AUTH,1,0,0.0,0,0,0,0,0,2.2,2.2,0.0,LOW-RISK PROVIDER,NORMAL,Normal claim patterns
1822557506,PRIOR_AUTH,1,0,0.0,0,0,0,0,0,2.2,2.2,0.0,LOW-RISK PROVIDER,NORMAL,Normal claim patterns
1814054811,PHARMACY_CLAIM,1,0,0.0,0,0,0,0,0,2.19,2.19,0.0,LOW-RISK PROVIDER,NORMAL,Normal claim patterns
1871680496,MEDICAL_CLAIM,1,0,0.0,0,0,0,0,0,2.19,2.19,0.0,LOW-RISK PROVIDER,NORMAL,Normal claim patterns
1905824059,PRIOR_AUTH,1,0,0.0,0,0,0,0,0,2.19,2.19,0.0,LOW-RISK PROVIDER,NORMAL,Normal claim patterns
1942329909,MEDICAL_CLAIM,1,0,0.0,0,0,0,0,0,2.19,2.19,0.0,LOW-RISK PROVIDER,NORMAL,Normal claim patterns
1949948218,PRIOR_AUTH,1,0,0.0,0,0,0,0,0,2.19,2.19,0.0,LOW-RISK PROVIDER,NORMAL,Normal claim patterns
1285057281,MEDICAL_CLAIM,2,0,0.0,0,0,0,0,0,2.18,3.48,0.0,LOW-RISK PROVIDER,NORMAL,Normal claim patterns
1176303983,PRIOR_AUTH,1,0,0.0,0,0,0,0,0,2.18,2.18,0.0,LOW-RISK PROVIDER,NORMAL,Normal claim patterns
1417068545,MEDICAL_CLAIM,1,0,0.0,0,0,0,0,0,2.18,2.18,0.0,LOW-RISK PROVIDER,NORMAL,Normal claim patterns
1533350300,PHARMACY_CLAIM,1,0,0.0,0,0,0,0,0,2.18,2.18,0.0,LOW-RISK PROVIDER,NORMAL,Normal claim patterns
1965306015,PRIOR_AUTH,1,0,0.0,0,0,0,0,0,2.18,2.18,0.0,LOW-RISK PROVIDER,NORMAL,Normal claim patterns
1487898946,MEDICAL_CLAIM,2,0,0.0,0,0,0,0,0,2.17,2.17,0.0,LOW-RISK PROVIDER,NORMAL,Normal claim patterns
1043790983,MEDICAL_CLAIM,1,0,0.0,0,0,0,0,0,2.17,2.17,0.0,LOW-RISK PROVIDER,NORMAL,Normal claim patterns
1237953572,PRIOR_AUTH,1,0,0.0,0,0,0,0,0,2.17,2.17,0.0,LOW-RISK PROVIDER,NORMAL,Normal claim patterns
1412466376,PHARMACY_CLAIM,1,0,0.0,0,0,0,0,0,2.17,2.17,0.0,LOW-RISK PROVIDER,NORMAL,Normal claim patterns
1417005919,MEDICAL_CLAIM,1,0,0.0,0,0,0,0,0,2.17,2.17,0.0,LOW-RISK PROVIDER,NORMAL,Normal claim patterns
1182213280,PRIOR_AUTH,1,0,0.0,0,0,0,0,0,2.16,2.16,0.0,LOW-RISK PROVIDER,NORMAL,Normal claim patterns
1354267037,PHARMACY_CLAIM,1,0,0.0,0,0,0,0,0,2.16,2.16,0.0,LOW-RISK PROVIDER,NORMAL,Normal claim patterns
1431851703,PHARMACY_CLAIM,1,0,0.0,0,0,0,0,0,2.16,2.16,0.0,LOW-RISK PROVIDER,NORMAL,Normal claim patterns
1638650708,PHARMACY_CLAIM,1,0,0.0,0,0,0,0,0,2.16,2.16,0.0,LOW-RISK PROVIDER,NORMAL,Normal claim patterns
1082634401,PRIOR_AUTH,1,0,0.0,0,0,0,0,0,2.15,2.15,0.0,LOW-RISK PROVIDER,NORMAL,Normal claim patterns
1124893338,PHARMACY_CLAIM,1,0,0.0,0,0,0,0,0,2.15,2.15,0.0,LOW-RISK PROVIDER,NORMAL,Normal claim patterns
1215909826,PRIOR_AUTH,1,0,0.0,0,0,0,0,0,2.15,2.15,0.0,LOW-RISK PROVIDER,NORMAL,Normal claim patterns
1299325182,PHARMACY_CLAIM,1,0,0.0,0,0,0,0,0,2.15,2.15,0.0,LOW-RISK PROVIDER,NORMAL,Normal claim patterns
1323641391,PRIOR_AUTH,1,0,0.0,0,0,0,0,0,2.15,2.15,0.0,LOW-RISK PROVIDER,NORMAL,Normal claim patterns
1212514141,PRIOR_AUTH,1,0,0.0,0,0,0,0,0,2.14,2.14,0.0,LOW-RISK PROVIDER,NORMAL,Normal claim patterns
1248460193,PHARMACY_CLAIM,1,0,0.0,0,0,0,0,0,2.14,2.14,0.0,LOW-RISK PROVIDER,NORMAL,Normal claim patterns
1613564427,PHARMACY_CLAIM,1,0,0.0,0,0,0,0,0,2.14,2.14,0.0,LOW-RISK PROVIDER,NORMAL,Normal claim patterns
1739459540,PRIOR_AUTH,1,0,0.0,0,0,0,0,0,2.14,2.14,0.0,LOW-RISK PROVIDER,NORMAL,Normal claim patterns
1439099540,PHARMACY_CLAIM,1,0,0.0,0,0,0,0,0,2.13,2.13,0.0,LOW-RISK PROVIDER,NORMAL,Normal claim patterns
1985963030,PHARMACY_CLAIM,1,0,0.0,0,0,0,0,0,2.13,2.13,0.0,LOW-RISK PROVIDER,NORMAL,Normal claim patterns
1132925818,PHARMACY_CLAIM,1,0,0.0,0,0,0,0,0,2.12,2.12,0.0,LOW-RISK PROVIDER,NORMAL,Normal claim patterns
1363957437,PRIOR_AUTH,1,0,0.0,0,0,0,0,0,2.12,2.12,0.0,LOW-RISK PROVIDER,NORMAL,Normal claim patterns
1639970932,PRIOR_AUTH,1,0,0.0,0,0,0,0,0,2.12,2.12,0.0,LOW-RISK PROVIDER,NORMAL,Normal claim patterns
1730645631,MEDICAL_CLAIM,1,0,0.0,0,0,0,0,0,2.12,2.12,0.0,LOW-RISK PROVIDER,NORMAL,Normal claim patterns
1765628669,PRIOR_AUTH,1,0,0.0,0,0,0,0,0,2.12,2.12,0.0,LOW-RISK PROVIDER,NORMAL,Normal claim patterns
1264902491,PRIOR_AUTH,1,0,0.0,0,0,0,0,0,2.11,2.11,0.0,LOW-RISK PROVIDER,NORMAL,Normal claim patterns
1893820470,PHARMACY_CLAIM,1,0,0.0,0,0,0,0,0,2.11,2.11,0.0,LOW-RISK PROVIDER,NORMAL,Normal claim patterns
1005893407,PHARMACY_CLAIM,1,0,0.0,0,0,0,0,0,2.1,2.1,0.0,LOW-RISK PROVIDER,NORMAL,Normal claim patterns
1335339039,PHARMACY_CLAIM,1,0,0.0,0,0,0,0,0,2.1,2.1,0.0,LOW-RISK PROVIDER,NORMAL,Normal claim patterns
1508964883,MEDICAL_CLAIM,1,0,0.0,0,0,0,0,0,2.1,2.1,0.0,LOW-RISK PROVIDER,NORMAL,Normal claim patterns
1802805593,PRIOR_AUTH,1,0,0.0,0,0,0,0,0,2.1,2.1,0.0,LOW-RISK PROVIDER,NORMAL,Normal claim patterns
1008853602,PRIOR_AUTH,1,0,0.0,0,0,0,0,0,2.09,2.09,0.0,LOW-RISK PROVIDER,NORMAL,Normal claim patterns
1369950654,PHARMACY_CLAIM,1,0,0.0,0,0,0,0,0,2.09,2.09,0.0,LOW-RISK PROVIDER,NORMAL,Normal claim patterns
1043389398,MEDICAL_CLAIM,1,0,0.0,0,0,0,0,0,2.08,2.08,0.0,LOW-RISK PROVIDER,NORMAL,Normal claim patterns
1129527993,PRIOR_AUTH,1,0,0.0,0,0,0,0,0,2.08,2.08,0.0,LOW-RISK PROVIDER,NORMAL,Normal claim patterns
1897143014,PRIOR_AUTH,1,0,0.0,0,0,0,0,0,2.08,2.08,0.0,LOW-RISK PROVIDER,NORMAL,Normal claim patterns
1957576047,PHARMACY_CLAIM,1,0,0.0,0,0,0,0,0,2.08,2.08,0.0,LOW-RISK PROVIDER,NORMAL,Normal claim patterns
1150106148,PHARMACY_CLAIM,1,0,0.0,0,0,0,0,0,2.07,2.07,0.0,LOW-RISK PROVIDER,NORMAL,Normal claim patterns
1218835919,PHARMACY_CLAIM,1,0,0.0,0,0,0,0,0,2.07,2.07,0.0,LOW-RISK PROVIDER,NORMAL,Normal claim patterns
1312671388,PHARMACY_CLAIM,1,0,0.0,0,0,0,0,0,2.07,2.07,0.0,LOW-RISK PROVIDER,NORMAL,Normal claim patterns
1669548392,MEDICAL_CLAIM,1,0,0.0,0,0,0,0,0,2.07,2.07,0.0,LOW-RISK PROVIDER,NORMAL,Normal claim patterns
1806661578,PRIOR_AUTH,1,0,0.0,0,0,0,0,0,2.07,2.07,0.0,LOW-RISK PROVIDER,NORMAL,Normal claim patterns
1041953213,PRIOR_AUTH,1,0,0.0,0,0,0,0,0,2.06,2.06,0.0,LOW-RISK PROVIDER,NORMAL,Normal claim patterns
1066562752,PRIOR_AUTH,1,0,0.0,0,0,0,0,0,2.06,2.06,0.0,LOW-RISK PROVIDER,NORMAL,Normal claim patterns
1067348812,PRIOR_AUTH,1,0,0.0,0,0,0,0,0,2.06,2.06,0.0,LOW-RISK PROVIDER,NORMAL,Normal claim patterns
1326763804,PHARMACY_CLAIM,1,0,0.0,0,0,0,0,0,2.06,2.06,0.0,LOW-RISK PROVIDER,NORMAL,Normal claim patterns
1388052254,PRIOR_AUTH,1,0,0.0,0,0,0,0,0,2.06,2.06,0.0,LOW-RISK PROVIDER,NORMAL,Normal claim patterns
1807759808,PHARMACY_CLAIM,1,0,0.0,0,0,0,0,0,2.06,2.06,0.0,LOW-RISK PROVIDER,NORMAL,Normal claim patterns
1023092995,PHARMACY_CLAIM,1,0,0.0,0,0,0,0,0,2.05,2.05,0.0,LOW-RISK PROVIDER,NORMAL,Normal claim patterns
1159651733,PRIOR_AUTH,1,0,0.0,0,0,0,0,0,2.04,2.04,0.0,LOW-RISK PROVIDER,NORMAL,Normal claim patterns
1355512652,PRIOR_AUTH,1,0,0.0,0,0,0,0,0,2.04,2.04,0.0,LOW-RISK PROVIDER,NORMAL,Normal claim patterns
1554985812,PRIOR_AUTH,1,0,0.0,0,0,0,0,0,2.04,2.04,0.0,LOW-RISK PROVIDER,NORMAL,Normal claim patterns
1685237081,PHARMACY_CLAIM,1,0,0.0,0,0,0,0,0,2.04,2.04,0.0,LOW-RISK PROVIDER,NORMAL,Normal claim patterns
1734915835,PHARMACY_CLAIM,1,0,0.0,0,0,0,0,0,2.04,2.04,0.0,LOW-RISK PROVIDER,NORMAL,Normal claim patterns
1317710654,PRIOR_AUTH,1,0,0.0,0,0,0,0,0,2.03,2.03,0.0,LOW-RISK PROVIDER,NORMAL,Normal claim patterns
1376662262,MEDICAL_CLAIM,1,0,0.0,0,0,0,0,0,2.03,2.03,0.0,LOW-RISK PROVIDER,NORMAL,Normal claim patterns
1221970182,PHARMACY_CLAIM,1,0,0.0,0,0,0,0,0,2.02,2.02,0.0,LOW-RISK PROVIDER,NORMAL,Normal claim patterns
1246143422,PRIOR_AUTH,1,0,0.0,0,0,0,0,0,2.02,2.02,0.0,LOW-RISK PROVIDER,NORMAL,Normal claim patterns
1642584236,PHARMACY_CLAIM,1,0,0.0,0,0,0,0,0,2.02,2.02,0.0,LOW-RISK PROVIDER,NORMAL,Normal claim patterns
1535847900,PHARMACY_CLAIM,1,0,0.0,0,0,0,0,0,2.01,2.01,0.0,LOW-RISK PROVIDER,NORMAL,Normal claim patterns
1801938657,PRIOR_AUTH,1,0,0.0,0,0,0,0,0,2.01,2.01,0.0,LOW-RISK PROVIDER,NORMAL,Normal claim patterns
1996521945,PRIOR_AUTH,1,0,0.0,0,0,0,0,0,2.01,2.01,0.0,LOW-RISK PROVIDER,NORMAL,Normal claim patterns
1013951706,MEDICAL_CLAIM,1,0,0.0,0,0,0,0,0,2.0,2.0,0.0,LOW-RISK PROVIDER,NORMAL,Normal claim patterns
1803765526,PRIOR_AUTH,1,0,0.0,0,0,0,0,0,2.0,2.0,0.0,LOW-RISK PROVIDER,NORMAL,Normal claim patterns
1343523638,PRIOR_AUTH,1,0,0.0,0,0,0,0,0,1.99,1.99,0.0,LOW-RISK PROVIDER,NORMAL,Normal claim patterns
1391588517,PHARMACY_CLAIM,1,0,0.0,0,0,0,0,0,1.99,1.99,0.0,LOW-RISK PROVIDER,NORMAL,Normal claim patterns
1421025763,PRIOR_AUTH,1,0,0.0,0,0,0,0,0,1.99,1.99,0.0,LOW-RISK PROVIDER,NORMAL,Normal claim patterns
1457309122,MEDICAL_CLAIM,3,0,0.0,0,0,0,0,0,1.98,4.35,0.0,LOW-RISK PROVIDER,NORMAL,Normal claim patterns
1912079039,MEDICAL_CLAIM,2,0,0.0,0,0,0,0,0,1.98,3.05,0.0,LOW-RISK PROVIDER,NORMAL,Normal claim patterns
1013588466,MEDICAL_CLAIM,1,0,0.0,0,0,0,0,0,1.98,1.98,0.0,LOW-RISK PROVIDER,NORMAL,Normal claim patterns
1159237853,PHARMACY_CLAIM,1,0,0.0,0,0,0,0,0,1.98,1.98,0.0,LOW-RISK PROVIDER,NORMAL,Normal claim patterns
1477015348,PRIOR_AUTH,1,0,0.0,0,0,0,0,0,1.98,1.98,0.0,LOW-RISK PROVIDER,NORMAL,Normal claim patterns
1790249837,MEDICAL_CLAIM,1,0,0.0,0,0,0,0,0,1.98,1.98,0.0,LOW-RISK PROVIDER,NORMAL,Normal claim patterns
1801553302,PHARMACY_CLAIM,1,0,0.0,0,0,0,0,0,1.98,1.98,0.0,LOW-RISK PROVIDER,NORMAL,Normal claim patterns
1448288337,PHARMACY_CLAIM,1,0,0.0,0,0,0,0,0,1.97,1.97,0.0,LOW-RISK PROVIDER,NORMAL,Normal claim patterns
1515573251,PRIOR_AUTH,1,0,0.0,0,0,0,0,0,1.97,1.97,0.0,LOW-RISK PROVIDER,NORMAL,Normal claim patterns
1795443196,PRIOR_AUTH,1,0,0.0,0,0,0,0,0,1.97,1.97,0.0,LOW-RISK PROVIDER,NORMAL,Normal claim patterns
1942774153,MEDICAL_CLAIM,1,0,0.0,0,0,0,0,0,1.97,1.97,0.0,LOW-RISK PROVIDER,NORMAL,Normal claim patterns
1072831607,PRIOR_AUTH,1,0,0.0,0,0,0,0,0,1.96,1.96,0.0,LOW-RISK PROVIDER,NORMAL,Normal claim patterns
1280288446,PRIOR_AUTH,1,0,0.0,0,0,0,0,0,1.96,1.96,0.0,LOW-RISK PROVIDER,NORMAL,Normal claim patterns
1417063819,MEDICAL_CLAIM,1,0,0.0,0,0,0,0,0,1.96,1.96,0.0,LOW-RISK PROVIDER,NORMAL,Normal claim patterns
1695653965,PRIOR_AUTH,1,0,0.0,0,0,0,0,0,1.96,1.96,0.0,LOW-RISK PROVIDER,NORMAL,Normal claim patterns
1696502044,PHARMACY_CLAIM,1,0,0.0,0,0,0,0,0,1.96,1.96,0.0,LOW-RISK PROVIDER,NORMAL,Normal claim patterns
1731685401,PHARMACY_CLAIM,1,0,0.0,0,0,0,0,0,1.96,1.96,0.0,LOW-RISK PROVIDER,NORMAL,Normal claim patterns
1902040454,MEDICAL_CLAIM,1,0,0.0,0,0,0,0,0,1.96,1.96,0.0,LOW-RISK PROVIDER,NORMAL,Normal claim patterns
1001814906,PHARMACY_CLAIM,1,0,0.0,0,0,0,0,0,1.95,1.95,0.0,LOW-RISK PROVIDER,NORMAL,Normal claim patterns
1193951396,PRIOR_AUTH,1,0,0.0,0,0,0,0,0,1.95,1.95,0.0,LOW-RISK PROVIDER,NORMAL,Normal claim patterns
1774408306,PRIOR_AUTH,1,0,0.0,0,0,0,0,0,1.95,1.95,0.0,LOW-RISK PROVIDER,NORMAL,Normal claim patterns
1164751467,PRIOR_AUTH,1,0,0.0,0,0,0,0,0,1.94,1.94,0.0,LOW-RISK PROVIDER,NORMAL,Normal claim patterns
1496279341,PHARMACY_CLAIM,1,0,0.0,0,0,0,0,0,1.94,1.94,0.0,LOW-RISK PROVIDER,NORMAL,Normal claim patterns
1234565821,PHARMACY_CLAIM,1,0,0.0,0,0,0,0,0,1.93,1.93,0.0,LOW-RISK PROVIDER,NORMAL,Normal claim patterns
1306800602,MEDICAL_CLAIM,1,0,0.0,0,0,0,0,0,1.93,1.93,0.0,LOW-RISK PROVIDER,NORMAL,Normal claim patterns
1467800426,PRIOR_AUTH,1,0,0.0,0,0,0,0,0,1.93,1.93,0.0,LOW-RISK PROVIDER,NORMAL,Normal claim patterns
1776226900,PRIOR_AUTH,1,0,0.0,0,0,0,0,0,1.93,1.93,0.0,LOW-RISK PROVIDER,NORMAL,Normal claim patterns
1818550074,PRIOR_AUTH,1,0,0.0,0,0,0,0,0,1.93,1.93,0.0,LOW-RISK PROVIDER,NORMAL,Normal claim patterns
1073547154,MEDICAL_CLAIM,2,0,0.0,0,0,0,0,0,1.92,3.49,0.0,LOW-RISK PROVIDER,NORMAL,Normal claim patterns
1170376322,PHARMACY_CLAIM,1,0,0.0,0,0,0,0,0,1.92,1.92,0.0,LOW-RISK PROVIDER,NORMAL,Normal claim patterns
1327431577,PHARMACY_CLAIM,1,0,0.0,0,0,0,0,0,1.92,1.92,0.0,LOW-RISK PROVIDER,NORMAL,Normal claim patterns
1340689113,PRIOR_AUTH,1,0,0.0,0,0,0,0,0,1.92,1.92,0.0,LOW-RISK PROVIDER,NORMAL,Normal claim patterns
1795415947,PHARMACY_CLAIM,1,0,0.0,0,0,0,0,0,1.92,1.92,0.0,LOW-RISK PROVIDER,NORMAL,Normal claim patterns
1219223994,PRIOR_AUTH,1,0,0.0,0,0,0,0,0,1.91,1.91,0.0,LOW-RISK PROVIDER,NORMAL,Normal claim patterns
1335195884,PRIOR_AUTH,1,0,0.0,0,0,0,0,0,1.91,1.91,0.0,LOW-RISK PROVIDER,NORMAL,Normal claim patterns
1391322365,PHARMACY_CLAIM,1,0,0.0,0,0,0,0,0,1.91,1.91,0.0,LOW-RISK PROVIDER,NORMAL,Normal claim patterns
1548622285,MEDICAL_CLAIM,1,0,0.0,0,0,0,0,0,1.91,1.91,0.0,LOW-RISK PROVIDER,NORMAL,Normal claim patterns
1593172264,PHARMACY_CLAIM,1,0,0.0,0,0,0,0,0,1.91,1.91,0.0,LOW-RISK PROVIDER,NORMAL,Normal claim patterns
1671837212,PRIOR_AUTH,1,0,0.0,0,0,0,0,0,1.91,1.91,0.0,LOW-RISK PROVIDER,NORMAL,Normal claim patterns
1750746285,MEDICAL_CLAIM,1,0,0.0,0,0,0,0,0,1.91,1.91,0.0,LOW-RISK PROVIDER,NORMAL,Normal claim patterns
1161823220,PRIOR_AUTH,1,0,0.0,0,0,0,0,0,1.9,1.9,0.0,LOW-RISK PROVIDER,NORMAL,Normal claim patterns
1305581285,PHARMACY_CLAIM,1,0,0.0,0,0,0,0,0,1.9,1.9,0.0,LOW-RISK PROVIDER,NORMAL,Normal claim patterns
1800702184,PHARMACY_CLAIM,1,0,0.0,0,0,0,0,0,1.9,1.9,0.0,LOW-RISK PROVIDER,NORMAL,Normal claim patterns
1922177229,MEDICAL_CLAIM,1,0,0.0,0,0,0,0,0,1.9,1.9,0.0,LOW-RISK PROVIDER,NORMAL,Normal claim patterns
1297413822,PHARMACY_CLAIM,1,0,0.0,0,0,0,0,0,1.89,1.89,0.0,LOW-RISK PROVIDER,NORMAL,Normal claim patterns
1557795361,PRIOR_AUTH,1,0,0.0,0,0,0,0,0,1.89,1.89,0.0,LOW-RISK PROVIDER,NORMAL,Normal claim patterns
1936058555,PRIOR_AUTH,1,0,0.0,0,0,0,0,0,1.89,1.89,0.0,LOW-RISK PROVIDER,NORMAL,Normal claim patterns
1968950901,PRIOR_AUTH,1,0,0.0,0,0,0,0,0,1.89,1.89,0.0,LOW-RISK PROVIDER,NORMAL,Normal claim patterns
1113771897,PHARMACY_CLAIM,1,0,0.0,0,0,0,0,0,1.88,1.88,0.0,LOW-RISK PROVIDER,NORMAL,Normal claim patterns
1211906968,PRIOR_AUTH,1,0,0.0,0,0,0,0,0,1.88,1.88,0.0,LOW-RISK PROVIDER,NORMAL,Normal claim patterns
1775606052,PHARMACY_CLAIM,1,0,0.0,0,0,0,0,0,1.88,1.88,0.0,LOW-RISK PROVIDER,NORMAL,Normal claim patterns
1879025764,PHARMACY_CLAIM,1,0,0.0,0,0,0,0,0,1.88,1.88,0.0,LOW-RISK PROVIDER,NORMAL,Normal claim patterns
1008350193,PRIOR_AUTH,1,0,0.0,0,0,0,0,0,1.87,1.87,0.0,LOW-RISK PROVIDER,NORMAL,Normal claim patterns
1231343976,PHARMACY_CLAIM,1,0,0.0,0,0,0,0,0,1.87,1.87,0.0,LOW-RISK PROVIDER,NORMAL,Normal claim patterns
1451414155,PRIOR_AUTH,1,0,0.0,0,0,0,0,0,1.87,1.87,0.0,LOW-RISK PROVIDER,NORMAL,Normal claim patterns
1141137284,PHARMACY_CLAIM,1,0,0.0,0,0,0,0,0,1.86,1.86,0.0,LOW-RISK PROVIDER,NORMAL,Normal claim patterns
1175524252,PHARMACY_CLAIM,1,0,0.0,0,0,0,0,0,1.86,1.86,0.0,LOW-RISK PROVIDER,NORMAL,Normal claim patterns
1261255268,PRIOR_AUTH,1,0,0.0,0,0,0,0,0,1.86,1.86,0.0,LOW-RISK PROVIDER,NORMAL,Normal claim patterns
1982942275,PHARMACY_CLAIM,1,0,0.0,0,0,0,0,0,1.86,1.86,0.0,LOW-RISK PROVIDER,NORMAL,Normal claim patterns
1106441265,PHARMACY_CLAIM,1,0,0.0,0,0,0,0,0,1.85,1.85,0.0,LOW-RISK PROVIDER,NORMAL,Normal claim patterns
1158709935,PRIOR_AUTH,1,0,0.0,0,0,0,0,0,1.85,1.85,0.0,LOW-RISK PROVIDER,NORMAL,Normal claim patterns
1284559424,PRIOR_AUTH,1,0,0.0,0,0,0,0,0,1.85,1.85,0.0,LOW-RISK PROVIDER,NORMAL,Normal claim patterns
1454159292,PRIOR_AUTH,1,0,0.0,0,0,0,0,0,1.85,1.85,0.0,LOW-RISK PROVIDER,NORMAL,Normal claim patterns
1654674249,PHARMACY_CLAIM,1,0,0.0,0,0,0,0,0,1.85,1.85,0.0,LOW-RISK PROVIDER,NORMAL,Normal claim patterns
1808662767,PHARMACY_CLAIM,1,0,0.0,0,0,0,0,0,1.85,1.85,0.0,LOW-RISK PROVIDER,NORMAL,Normal claim patterns
1111969317,PHARMACY_CLAIM,1,0,0.0,0,0,0,0,0,1.84,1.84,0.0,LOW-RISK PROVIDER,NORMAL,Normal claim patterns
1377902061,PHARMACY_CLAIM,1,0,0.0,0,0,0,0,0,1.84,1.84,0.0,LOW-RISK PROVIDER,NORMAL,Normal claim patterns
1449076179,PHARMACY_CLAIM,1,0,0.0,0,0,0,0,0,1.84,1.84,0.0,LOW-RISK PROVIDER,NORMAL,Normal claim patterns
1796847624,PRIOR_AUTH,1,0,0.0,0,0,0,0,0,1.84,1.84,0.0,LOW-RISK PROVIDER,NORMAL,Normal claim patterns
1013564546,PHARMACY_CLAIM,1,0,0.0,0,0,0,0,0,1.83,1.83,0.0,LOW-RISK PROVIDER,NORMAL,Normal claim patterns
1129281887,PRIOR_AUTH,1,0,0.0,0,0,0,0,0,1.82,1.82,0.0,LOW-RISK PROVIDER,NORMAL,Normal claim patterns
1498039179,PHARMACY_CLAIM,1,0,0.0,0,0,0,0,0,1.82,1.82,0.0,LOW-RISK PROVIDER,NORMAL,Normal claim patterns
1602422506,PRIOR_AUTH,1,0,0.0,0,0,0,0,0,1.82,1.82,0.0,LOW-RISK PROVIDER,NORMAL,Normal claim patterns
1836508973,PRIOR_AUTH,1,0,0.0,0,0,0,0,0,1.82,1.82,0.0,LOW-RISK PROVIDER,NORMAL,Normal claim patterns
1847743258,PRIOR_AUTH,1,0,0.0,0,0,0,0,0,1.82,1.82,0.0,LOW-RISK PROVIDER,NORMAL,Normal claim patterns
1892310469,PHARMACY_CLAIM,1,0,0.0,0,0,0,0,0,1.82,1.82,0.0,LOW-RISK PROVIDER,NORMAL,Normal claim patterns
1926768015,PRIOR_AUTH,1,0,0.0,0,0,0,0,0,1.82,1.82,0.0,LOW-RISK PROVIDER,NORMAL,Normal claim patterns
1977847517,PRIOR_AUTH,1,0,0.0,0,0,0,0,0,1.82,1.82,0.0,LOW-RISK PROVIDER,NORMAL,Normal claim patterns
1123340875,PHARMACY_CLAIM,1,0,0.0,0,0,0,0,0,1.81,1.81,0.0,LOW-RISK PROVIDER,NORMAL,Normal claim patterns
1241062907,PHARMACY_CLAIM,1,0,0.0,0,0,0,0,0,1.8,1.8,0.0,LOW-RISK PROVIDER,NORMAL,Normal claim patterns
1584062463,PRIOR_AUTH,1,0,0.0,0,0,0,0,0,1.8,1.8,0.0,LOW-RISK PROVIDER,NORMAL,Normal claim patterns
1784498122,PRIOR_AUTH,1,0,0.0,0,0,0,0,0,1.8,1.8,0.0,LOW-RISK PROVIDER,NORMAL,Normal claim patterns
1978868938,PHARMACY_CLAIM,1,0,0.0,0,0,0,0,0,1.8,1.8,0.0,LOW-RISK PROVIDER,NORMAL,Normal claim patterns
1478593987,PHARMACY_CLAIM,1,0,0.0,0,0,0,0,0,1.79,1.79,0.0,LOW-RISK PROVIDER,NORMAL,Normal claim patterns
1604242096,PRIOR_AUTH,1,0,0.0,0,0,0,0,0,1.79,1.79,0.0,LOW-RISK PROVIDER,NORMAL,Normal claim patterns
1961593242,PRIOR_AUTH,1,0,0.0,0,0,0,0,0,1.79,1.79,0.0,LOW-RISK PROVIDER,NORMAL,Normal claim patterns
1964201076,PHARMACY_CLAIM,1,0,0.0,0,0,0,0,0,1.79,1.79,0.0,LOW-RISK PROVIDER,NORMAL,Normal claim patterns
1220691257,PRIOR_AUTH,1,0,0.0,0,0,0,0,0,1.78,1.78,0.0,LOW-RISK PROVIDER,NORMAL,Normal claim patterns
1749787867,PHARMACY_CLAIM,1,0,0.0,0,0,0,0,0,1.77,1.77,0.0,LOW-RISK PROVIDER,NORMAL,Normal claim patterns
1908866659,PHARMACY_CLAIM,1,0,0.0,0,0,0,0,0,1.77,1.77,0.0,LOW-RISK PROVIDER,NORMAL,Normal claim patterns
1099087264,PRIOR_AUTH,1,0,0.0,0,0,0,0,0,1.76,1.76,0.0,LOW-RISK PROVIDER,NORMAL,Normal claim patterns
1100235510,PHARMACY_CLAIM,1,0,0.0,0,0,0,0,0,1.76,1.76,0.0,LOW-RISK PROVIDER,NORMAL,Normal claim patterns
1169998420,PRIOR_AUTH,1,0,0.0,0,0,0,0,0,1.76,1.76,0.0,LOW-RISK PROVIDER,NORMAL,Normal claim patterns
1610563835,PRIOR_AUTH,1,0,0.0,0,0,0,0,0,1.76,1.76,0.0,LOW-RISK PROVIDER,NORMAL,Normal claim patterns
1823071363,PHARMACY_CLAIM,1,0,0.0,0,0,0,0,0,1.76,1.76,0.0,LOW-RISK PROVIDER,NORMAL,Normal claim patterns
1227672145,PRIOR_AUTH,1,0,0.0,0,0,0,0,0,1.75,1.75,0.0,LOW-RISK PROVIDER,NORMAL,Normal claim patterns
1254302818,PHARMACY_CLAIM,1,0,0.0,0,0,0,0,0,1.75,1.75,0.0,LOW-RISK PROVIDER,NORMAL,Normal claim patterns
1904333167,PHARMACY_CLAIM,1,0,0.0,0,0,0,0,0,1.75,1.75,0.0,LOW-RISK PROVIDER,NORMAL,Normal claim patterns
1962568674,PRIOR_AUTH,1,0,0.0,0,0,0,0,0,1.75,1.75,0.0,LOW-RISK PROVIDER,NORMAL,Normal claim patterns
1104875095,MEDICAL_CLAIM,1,0,0.0,0,0,0,0,0,1.74,1.74,0.0,LOW-RISK PROVIDER,NORMAL,Normal claim patterns
1922633535,PHARMACY_CLAIM,1,0,0.0,0,0,0,0,0,1.74,1.74,0.0,LOW-RISK PROVIDER,NORMAL,Normal claim patterns
1947354580,PRIOR_AUTH,1,0,0.0,0,0,0,0,0,1.74,1.74,0.0,LOW-RISK PROVIDER,NORMAL,Normal claim patterns
1347624659,PHARMACY_CLAIM,1,0,0.0,0,0,0,0,0,1.73,1.73,0.0,LOW-RISK PROVIDER,NORMAL,Normal claim patterns
1740767757,PRIOR_AUTH,1,0,0.0,0,0,0,0,0,1.73,1.73,0.0,LOW-RISK PROVIDER,NORMAL,Normal claim patterns
1945366619,PRIOR_AUTH,1,0,0.0,0,0,0,0,0,1.73,1.73,0.0,LOW-RISK PROVIDER,NORMAL,Normal claim patterns
1950679245,PHARMACY_CLAIM,1,0,0.0,0,0,0,0,0,1.73,1.73,0.0,LOW-RISK PROVIDER,NORMAL,Normal claim patterns
1740653922,MEDICAL_CLAIM,2,0,0.0,0,0,0,0,0,1.72,2.67,0.0,LOW-RISK PROVIDER,NORMAL,Normal claim patterns
1339407397,PHARMACY_CLAIM,1,0,0.0,0,0,0,0,0,1.72,1.72,0.0,LOW-RISK PROVIDER,NORMAL,Normal claim patterns
1380199096,PHARMACY_CLAIM,1,0,0.0,0,0,0,0,0,1.72,1.72,0.0,LOW-RISK PROVIDER,NORMAL,Normal claim patterns
1271852128,PHARMACY_CLAIM,1,0,0.0,0,0,0,0,0,1.71,1.71,0.0,LOW-RISK PROVIDER,NORMAL,Normal claim patterns
1388040535,PRIOR_AUTH,1,0,0.0,0,0,0,0,0,1.71,1.71,0.0,LOW-RISK PROVIDER,NORMAL,Normal claim patterns
1529365059,PRIOR_AUTH,1,0,0.0,0,0,0,0,0,1.71,1.71,0.0,LOW-RISK PROVIDER,NORMAL,Normal claim patterns
1567329586,PHARMACY_CLAIM,1,0,0.0,0,0,0,0,0,1.71,1.71,0.0,LOW-RISK PROVIDER,NORMAL,Normal claim patterns
1669078879,MEDICAL_CLAIM,1,0,0.0,0,0,0,0,0,1.71,1.71,0.0,LOW-RISK PROVIDER,NORMAL,Normal claim patterns
1720918893,PRIOR_AUTH,1,0,0.0,0,0,0,0,0,1.71,1.71,0.0,LOW-RISK PROVIDER,NORMAL,Normal claim patterns
1878889523,PRIOR_AUTH,1,0,0.0,0,0,0,0,0,1.71,1.71,0.0,LOW-RISK PROVIDER,NORMAL,Normal claim patterns
1951146027,PRIOR_AUTH,1,0,0.0,0,0,0,0,0,1.71,1.71,0.0,LOW-RISK PROVIDER,NORMAL,Normal claim patterns
1951800857,PRIOR_AUTH,1,0,0.0,0,0,0,0,0,1.71,1.71,0.0,LOW-RISK PROVIDER,NORMAL,Normal claim patterns
1961165538,PRIOR_AUTH,1,0,0.0,0,0,0,0,0,1.71,1.71,0.0,LOW-RISK PROVIDER,NORMAL,Normal claim patterns
1115136723,PHARMACY_CLAIM,1,0,0.0,0,0,0,0,0,1.7,1.7,0.0,LOW-RISK PROVIDER,NORMAL,Normal claim patterns
1391543311,PHARMACY_CLAIM,1,0,0.0,0,0,0,0,0,1.7,1.7,0.0,LOW-RISK PROVIDER,NORMAL,Normal claim patterns
1534760074,PHARMACY_CLAIM,1,0,0.0,0,0,0,0,0,1.7,1.7,0.0,LOW-RISK PROVIDER,NORMAL,Normal claim patterns
1083009997,MEDICAL_CLAIM,2,0,0.0,0,0,0,0,0,1.69,1.8,0.0,LOW-RISK PROVIDER,NORMAL,Normal claim patterns
1003858176,MEDICAL_CLAIM,1,0,0.0,0,0,0,0,0,1.69,1.69,0.0,LOW-RISK PROVIDER,NORMAL,Normal claim patterns
1134877210,PHARMACY_CLAIM,1,0,0.0,0,0,0,0,0,1.69,1.69,0.0,LOW-RISK PROVIDER,NORMAL,Normal claim patterns
1377544964,PHARMACY_CLAIM,1,0,0.0,0,0,0,0,0,1.69,1.69,0.0,LOW-RISK PROVIDER,NORMAL,Normal claim patterns
1718734988,PRIOR_AUTH,1,0,0.0,0,0,0,0,0,1.69,1.69,0.0,LOW-RISK PROVIDER,NORMAL,Normal claim patterns
1798610365,PRIOR_AUTH,1,0,0.0,0,0,0,0,0,1.69,1.69,0.0,LOW-RISK PROVIDER,NORMAL,Normal claim patterns
1209434618,PHARMACY_CLAIM,1,0,0.0,0,0,0,0,0,1.68,1.68,0.0,LOW-RISK PROVIDER,NORMAL,Normal claim patterns
1242412948,PHARMACY_CLAIM,1,0,0.0,0,0,0,0,0,1.68,1.68,0.0,LOW-RISK PROVIDER,NORMAL,Normal claim patterns
1520621847,PHARMACY_CLAIM,1,0,0.0,0,0,0,0,0,1.68,1.68,0.0,LOW-RISK PROVIDER,NORMAL,Normal claim patterns
1692179727,PRIOR_AUTH,1,0,0.0,0,0,0,0,0,1.68,1.68,0.0,LOW-RISK PROVIDER,NORMAL,Normal claim patterns
1765917292,PRIOR_AUTH,1,0,0.0,0,0,0,0,0,1.68,1.68,0.0,LOW-RISK PROVIDER,NORMAL,Normal claim patterns
1187897266,PRIOR_AUTH,1,0,0.0,0,0,0,0,0,1.67,1.67,0.0,LOW-RISK PROVIDER,NORMAL,Normal claim patterns
1406259471,PHARMACY_CLAIM,1,0,0.0,0,0,0,0,0,1.67,1.67,0.0,LOW-RISK PROVIDER,NORMAL,Normal claim patterns
1669479929,MEDICAL_CLAIM,1,0,0.0,0,0,0,0,0,1.67,1.67,0.0,LOW-RISK PROVIDER,NORMAL,Normal claim patterns
1670635817,PRIOR_AUTH,1,0,0.0,0,0,0,0,0,1.67,1.67,0.0,LOW-RISK PROVIDER,NORMAL,Normal claim patterns
1851126615,PHARMACY_CLAIM,1,0,0.0,0,0,0,0,0,1.67,1.67,0.0,LOW-RISK PROVIDER,NORMAL,Normal claim patterns
1102877863,PRIOR_AUTH,1,0,0.0,0,0,0,0,0,1.66,1.66,0.0,LOW-RISK PROVIDER,NORMAL,Normal claim patterns
1113816329,PHARMACY_CLAIM,1,0,0.0,0,0,0,0,0,1.66,1.66,0.0,LOW-RISK PROVIDER,NORMAL,Normal claim patterns
1780607754,MEDICAL_CLAIM,1,0,0.0,0,0,0,0,0,1.66,1.66,0.0,LOW-RISK PROVIDER,NORMAL,Normal claim patterns
1884380682,PRIOR_AUTH,1,0,0.0,0,0,0,0,0,1.66,1.66,0.0,LOW-RISK PROVIDER,NORMAL,Normal claim patterns
1936857085,PHARMACY_CLAIM,1,0,0.0,0,0,0,0,0,1.66,1.66,0.0,LOW-RISK PROVIDER,NORMAL,Normal claim patterns
1993927167,PHARMACY_CLAIM,1,0,0.0,0,0,0,0,0,1.66,1.66,0.0,LOW-RISK PROVIDER,NORMAL,Normal claim patterns
1790223352,MEDICAL_CLAIM,2,0,0.0,0,0,0,0,0,1.65,2.93,0.0,LOW-RISK PROVIDER,NORMAL,Normal claim patterns
1513541595,PHARMACY_CLAIM,1,0,0.0,0,0,0,0,0,1.65,1.65,0.0,LOW-RISK PROVIDER,NORMAL,Normal claim patterns
1744657409,PHARMACY_CLAIM,1,0,0.0,0,0,0,0,0,1.65,1.65,0.0,LOW-RISK PROVIDER,NORMAL,Normal claim patterns
1156640869,PHARMACY_CLAIM,1,0,0.0,0,0,0,0,0,1.64,1.64,0.0,LOW-RISK PROVIDER,NORMAL,Normal claim patterns
1165949150,PHARMACY_CLAIM,1,0,0.0,0,0,0,0,0,1.64,1.64,0.0,LOW-RISK PROVIDER,NORMAL,Normal claim patterns
1247561386,PRIOR_AUTH,1,0,0.0,0,0,0,0,0,1.64,1.64,0.0,LOW-RISK PROVIDER,NORMAL,Normal claim patterns
1459072360,PRIOR_AUTH,1,0,0.0,0,0,0,0,0,1.64,1.64,0.0,LOW-RISK PROVIDER,NORMAL,Normal claim patterns
1725115448,PRIOR_AUTH,1,0,0.0,0,0,0,0,0,1.64,1.64,0.0,LOW-RISK PROVIDER,NORMAL,Normal claim patterns
1926892333,PHARMACY_CLAIM,1,0,0.0,0,0,0,0,0,1.64,1.64,0.0,LOW-RISK PROVIDER,NORMAL,Normal claim patterns
1092386472,PRIOR_AUTH,1,0,0.0,0,0,0,0,0,1.63,1.63,0.0,LOW-RISK PROVIDER,NORMAL,Normal claim patterns
1326703430,MEDICAL_CLAIM,1,0,0.0,0,0,0,0,0,1.63,1.63,0.0,LOW-RISK PROVIDER,NORMAL,Normal claim patterns
1365870019,PHARMACY_CLAIM,1,0,0.0,0,0,0,0,0,1.63,1.63,0.0,LOW-RISK PROVIDER,NORMAL,Normal claim patterns
1750508651,MEDICAL_CLAIM,1,0,0.0,0,0,0,0,0,1.63,1.63,0.0,LOW-RISK PROVIDER,NORMAL,Normal claim patterns
1841277696,PRIOR_AUTH,1,0,0.0,0,0,0,0,0,1.63,1.63,0.0,LOW-RISK PROVIDER,NORMAL,Normal claim patterns
1879147726,PHARMACY_CLAIM,1,0,0.0,0,0,0,0,0,1.63,1.63,0.0,LOW-RISK PROVIDER,NORMAL,Normal claim patterns
1982657292,MEDICAL_CLAIM,1,0,0.0,0,0,0,0,0,1.63,1.63,0.0,LOW-RISK PROVIDER,NORMAL,Normal claim patterns
1154358878,PRIOR_AUTH,1,0,0.0,0,0,0,0,0,1.62,1.62,0.0,LOW-RISK PROVIDER,NORMAL,Normal claim patterns
1341975046,PRIOR_AUTH,1,0,0.0,0,0,0,0,0,1.62,1.62,0.0,LOW-RISK PROVIDER,NORMAL,Normal claim patterns
1535732221,PHARMACY_CLAIM,1,0,0.0,0,0,0,0,0,1.62,1.62,0.0,LOW-RISK PROVIDER,NORMAL,Normal claim patterns
1105279136,PRIOR_AUTH,1,0,0.0,0,0,0,0,0,1.61,1.61,0.0,LOW-RISK PROVIDER,NORMAL,Normal claim patterns
1140372542,PHARMACY_CLAIM,1,0,0.0,0,0,0,0,0,1.61,1.61,0.0,LOW-RISK PROVIDER,NORMAL,Normal claim patterns
1295011757,MEDICAL_CLAIM,1,0,0.0,0,0,0,0,0,1.61,1.61,0.0,LOW-RISK PROVIDER,NORMAL,Normal claim patterns
1518384213,MEDICAL_CLAIM,1,0,0.0,0,0,0,0,0,1.61,1.61,0.0,LOW-RISK PROVIDER,NORMAL,Normal claim patterns
1631910132,PRIOR_AUTH,1,0,0.0,0,0,0,0,0,1.61,1.61,0.0,LOW-RISK PROVIDER,NORMAL,Normal claim patterns
1713095729,PRIOR_AUTH,1,0,0.0,0,0,0,0,0,1.61,1.61,0.0,LOW-RISK PROVIDER,NORMAL,Normal claim patterns
1015544487,PHARMACY_CLAIM,1,0,0.0,0,0,0,0,0,1.6,1.6,0.0,LOW-RISK PROVIDER,NORMAL,Normal claim patterns
1157303123,PHARMACY_CLAIM,1,0,0.0,0,0,0,0,0,1.6,1.6,0.0,LOW-RISK PROVIDER,NORMAL,Normal claim patterns
1086043442,PRIOR_AUTH,1,0,0.0,0,0,0,0,0,1.59,1.59,0.0,LOW-RISK PROVIDER,NORMAL,Normal claim patterns
1206459800,PHARMACY_CLAIM,1,0,0.0,0,0,0,0,0,1.59,1.59,0.0,LOW-RISK PROVIDER,NORMAL,Normal claim patterns
1391190925,PRIOR_AUTH,1,0,0.0,0,0,0,0,0,1.59,1.59,0.0,LOW-RISK PROVIDER,NORMAL,Normal claim patterns
1931675039,PRIOR_AUTH,1,0,0.0,0,0,0,0,0,1.59,1.59,0.0,LOW-RISK PROVIDER,NORMAL,Normal claim patterns
1091207997,PHARMACY_CLAIM,1,0,0.0,0,0,0,0,0,1.58,1.58,0.0,LOW-RISK PROVIDER,NORMAL,Normal claim patterns
1438453584,PRIOR_AUTH,1,0,0.0,0,0,0,0,0,1.58,1.58,0.0,LOW-RISK PROVIDER,NORMAL,Normal claim patterns
1562127536,PRIOR_AUTH,1,0,0.0,0,0,0,0,0,1.58,1.58,0.0,LOW-RISK PROVIDER,NORMAL,Normal claim patterns
1952295833,PHARMACY_CLAIM,1,0,0.0,0,0,0,0,0,1.58,1.58,0.0,LOW-RISK PROVIDER,NORMAL,Normal claim patterns
1295104958,MEDICAL_CLAIM,1,0,0.0,0,0,0,0,0,1.57,1.57,0.0,LOW-RISK PROVIDER,NORMAL,Normal claim patterns
1348792416,PHARMACY_CLAIM,1,0,0.0,0,0,0,0,0,1.57,1.57,0.0,LOW-RISK PROVIDER,NORMAL,Normal claim patterns
1640330737,PHARMACY_CLAIM,1,0,0.0,0,0,0,0,0,1.57,1.57,0.0,LOW-RISK PROVIDER,NORMAL,Normal claim patterns
1719022058,PHARMACY_CLAIM,1,0,0.0,0,0,0,0,0,1.57,1.57,0.0,LOW-RISK PROVIDER,NORMAL,Normal claim patterns
1099977319,PRIOR_AUTH,1,0,0.0,0,0,0,0,0,1.56,1.56,0.0,LOW-RISK PROVIDER,NORMAL,Normal claim patterns
1780189504,PHARMACY_CLAIM,1,0,0.0,0,0,0,0,0,1.56,1.56,0.0,LOW-RISK PROVIDER,NORMAL,Normal claim patterns
1939550123,PHARMACY_CLAIM,1,0,0.0,0,0,0,0,0,1.56,1.56,0.0,LOW-RISK PROVIDER,NORMAL,Normal claim patterns
1352180814,PRIOR_AUTH,1,0,0.0,0,0,0,0,0,1.55,1.55,0.0,LOW-RISK PROVIDER,NORMAL,Normal claim patterns
1526359590,PHARMACY_CLAIM,1,0,0.0,0,0,0,0,0,1.55,1.55,0.0,LOW-RISK PROVIDER,NORMAL,Normal claim patterns
1652238001,PHARMACY_CLAIM,1,0,0.0,0,0,0,0,0,1.55,1.55,0.0,LOW-RISK PROVIDER,NORMAL,Normal claim patterns
1535029300,PHARMACY_CLAIM,1,0,0.0,0,0,0,0,0,1.54,1.54,0.0,LOW-RISK PROVIDER,NORMAL,Normal claim patterns
1804120416,PRIOR_AUTH,1,0,0.0,0,0,0,0,0,1.54,1.54,0.0,LOW-RISK PROVIDER,NORMAL,Normal claim patterns
1929026192,PRIOR_AUTH,1,0,0.0,0,0,0,0,0,1.54,1.54,0.0,LOW-RISK PROVIDER,NORMAL,Normal claim patterns
1060969427,PHARMACY_CLAIM,1,0,0.0,0,0,0,0,0,1.53,1.53,0.0,LOW-RISK PROVIDER,NORMAL,Normal claim patterns
1831839755,PRIOR_AUTH,1,0,0.0,0,0,0,0,0,1.53,1.53,0.0,LOW-RISK PROVIDER,NORMAL,Normal claim patterns
1923112352,PHARMACY_CLAIM,1,0,0.0,0,0,0,0,0,1.53,1.53,0.0,LOW-RISK PROVIDER,NORMAL,Normal claim patterns
1141414069,PHARMACY_CLAIM,1,0,0.0,0,0,0,0,0,1.52,1.52,0.0,LOW-RISK PROVIDER,NORMAL,Normal claim patterns
1258491245,PHARMACY_CLAIM,1,0,0.0,0,0,0,0,0,1.52,1.52,0.0,LOW-RISK PROVIDER,NORMAL,Normal claim patterns
1659348506,MEDICAL_CLAIM,2,0,0.0,0,0,0,0,0,1.51,1.99,0.0,LOW-RISK PROVIDER,NORMAL,Normal claim patterns
1434080362,PHARMACY_CLAIM,1,0,0.0,0,0,0,0,0,1.51,1.51,0.0,LOW-RISK PROVIDER,NORMAL,Normal claim patterns
1615152776,PHARMACY_CLAIM,1,0,0.0,0,0,0,0,0,1.51,1.51,0.0,LOW-RISK PROVIDER,NORMAL,Normal claim patterns
1117581525,PRIOR_AUTH,1,0,0.0,0,0,0,0,0,1.5,1.5,0.0,LOW-RISK PROVIDER,NORMAL,Normal claim patterns
1368356540,PRIOR_AUTH,1,0,0.0,0,0,0,0,0,1.5,1.5,0.0,LOW-RISK PROVIDER,NORMAL,Normal claim patterns
1404660087,PRIOR_AUTH,1,0,0.0,0,0,0,0,0,1.5,1.5,0.0,LOW-RISK PROVIDER,NORMAL,Normal claim patterns
1767683254,PHARMACY_CLAIM,1,0,0.0,0,0,0,0,0,1.5,1.5,0.0,LOW-RISK PROVIDER,NORMAL,Normal claim patterns
1925082039,PHARMACY_CLAIM,1,0,0.0,0,0,0,0,0,1.5,1.5,0.0,LOW-RISK PROVIDER,NORMAL,Normal claim patterns
1093026619,MEDICAL_CLAIM,1,0,0.0,0,0,0,0,0,1.49,1.49,0.0,LOW-RISK PROVIDER,NORMAL,Normal claim patterns
1702308694,PRIOR_AUTH,1,0,0.0,0,0,0,0,0,1.49,1.49,0.0,LOW-RISK PROVIDER,NORMAL,Normal claim patterns
1709986502,PRIOR_AUTH,1,0,0.0,0,0,0,0,0,1.49,1.49,0.0,LOW-RISK PROVIDER,NORMAL,Normal claim patterns
1734942574,PHARMACY_CLAIM,1,0,0.0,0,0,0,0,0,1.49,1.49,0.0,LOW-RISK PROVIDER,NORMAL,Normal claim patterns
1199125511,PHARMACY_CLAIM,1,0,0.0,0,0,0,0,0,1.48,1.48,0.0,LOW-RISK PROVIDER,NORMAL,Normal claim patterns
1204006146,PHARMACY_CLAIM,1,0,0.0,0,0,0,0,0,1.48,1.48,0.0,LOW-RISK PROVIDER,NORMAL,Normal claim patterns
1385646751,PRIOR_AUTH,1,0,0.0,0,0,0,0,0,1.48,1.48,0.0,LOW-RISK PROVIDER,NORMAL,Normal claim patterns
1415045050,PRIOR_AUTH,1,0,0.0,0,0,0,0,0,1.48,1.48,0.0,LOW-RISK PROVIDER,NORMAL,Normal claim patterns
1959170877,PRIOR_AUTH,1,0,0.0,0,0,0,0,0,1.48,1.48,0.0,LOW-RISK PROVIDER,NORMAL,Normal claim patterns
1987172895,PHARMACY_CLAIM,1,0,0.0,0,0,0,0,0,1.48,1.48,0.0,LOW-RISK PROVIDER,NORMAL,Normal claim patterns
1171795541,PHARMACY_CLAIM,1,0,0.0,0,0,0,0,0,1.47,1.47,0.0,LOW-RISK PROVIDER,NORMAL,Normal claim patterns
1184385568,PRIOR_AUTH,1,0,0.0,0,0,0,0,0,1.47,1.47,0.0,LOW-RISK PROVIDER,NORMAL,Normal claim patterns
1588315003,PHARMACY_CLAIM,1,0,0.0,0,0,0,0,0,1.46,1.46,0.0,LOW-RISK PROVIDER,NORMAL,Normal claim patterns
1746197988,PHARMACY_CLAIM,1,0,0.0,0,0,0,0,0,1.46,1.46,0.0,LOW-RISK PROVIDER,NORMAL,Normal claim patterns
1801853979,PHARMACY_CLAIM,1,0,0.0,0,0,0,0,0,1.46,1.46,0.0,LOW-RISK PROVIDER,NORMAL,Normal claim patterns
1899614341,PRIOR_AUTH,1,0,0.0,0,0,0,0,0,1.46,1.46,0.0,LOW-RISK PROVIDER,NORMAL,Normal claim patterns
1312544528,PHARMACY_CLAIM,1,0,0.0,0,0,0,0,0,1.45,1.45,0.0,LOW-RISK PROVIDER,NORMAL,Normal claim patterns
1455799486,PRIOR_AUTH,1,0,0.0,0,0,0,0,0,1.45,1.45,0.0,LOW-RISK PROVIDER,NORMAL,Normal claim patterns
1712209410,PHARMACY_CLAIM,1,0,0.0,0,0,0,0,0,1.45,1.45,0.0,LOW-RISK PROVIDER,NORMAL,Normal claim patterns
1933531164,PHARMACY_CLAIM,1,0,0.0,0,0,0,0,0,1.45,1.45,0.0,LOW-RISK PROVIDER,NORMAL,Normal claim patterns
1212632459,PHARMACY_CLAIM,1,0,0.0,0,0,0,0,0,1.44,1.44,0.0,LOW-RISK PROVIDER,NORMAL,Normal claim patterns
1531489157,PRIOR_AUTH,1,0,0.0,0,0,0,0,0,1.44,1.44,0.0,LOW-RISK PROVIDER,NORMAL,Normal claim patterns
1645699327,PRIOR_AUTH,1,0,0.0,0,0,0,0,0,1.44,1.44,0.0,LOW-RISK PROVIDER,NORMAL,Normal claim patterns
1893664579,PRIOR_AUTH,1,0,0.0,0,0,0,0,0,1.44,1.44,0.0,LOW-RISK PROVIDER,NORMAL,Normal claim patterns
1508472804,MEDICAL_CLAIM,1,0,0.0,0,0,0,0,0,1.43,1.43,0.0,LOW-RISK PROVIDER,NORMAL,Normal claim patterns
1655977898,PRIOR_AUTH,1,0,0.0,0,0,0,0,0,1.43,1.43,0.0,LOW-RISK PROVIDER,NORMAL,Normal claim patterns
1746785973,PHARMACY_CLAIM,1,0,0.0,0,0,0,0,0,1.43,1.43,0.0,LOW-RISK PROVIDER,NORMAL,Normal claim patterns
1367194602,PHARMACY_CLAIM,1,0,0.0,0,0,0,0,0,1.42,1.42,0.0,LOW-RISK PROVIDER,NORMAL,Normal claim patterns
1760695770,PHARMACY_CLAIM,1,0,0.0,0,0,0,0,0,1.42,1.42,0.0,LOW-RISK PROVIDER,NORMAL,Normal claim patterns
1184414583,PHARMACY_CLAIM,1,0,0.0,0,0,0,0,0,1.41,1.41,0.0,LOW-RISK PROVIDER,NORMAL,Normal claim patterns
1184670549,MEDICAL_CLAIM,1,0,0.0,0,0,0,0,0,1.41,1.41,0.0,LOW-RISK PROVIDER,NORMAL,Normal claim patterns
1231235520,PHARMACY_CLAIM,1,0,0.0,0,0,0,0,0,1.41,1.41,0.0,LOW-RISK PROVIDER,NORMAL,Normal claim patterns
1294230576,PRIOR_AUTH,1,0,0.0,0,0,0,0,0,1.41,1.41,0.0,LOW-RISK PROVIDER,NORMAL,Normal claim patterns
1337969309,PRIOR_AUTH,1,0,0.0,0,0,0,0,0,1.41,1.41,0.0,LOW-RISK PROVIDER,NORMAL,Normal claim patterns
1127714674,PHARMACY_CLAIM,1,0,0.0,0,0,0,0,0,1.4,1.4,0.0,LOW-RISK PROVIDER,NORMAL,Normal claim patterns
1154625606,MEDICAL_CLAIM,1,0,0.0,0,0,0,0,0,1.4,1.4,0.0,LOW-RISK PROVIDER,NORMAL,Normal claim patterns
1319286121,PHARMACY_CLAIM,1,0,0.0,0,0,0,0,0,1.4,1.4,0.0,LOW-RISK PROVIDER,NORMAL,Normal claim patterns
1783986076,PHARMACY_CLAIM,1,0,0.0,0,0,0,0,0,1.4,1.4,0.0,LOW-RISK PROVIDER,NORMAL,Normal claim patterns
1548306343,MEDICAL_CLAIM,1,0,0.0,0,0,0,0,0,1.39,1.39,0.0,LOW-RISK PROVIDER,NORMAL,Normal claim patterns
1754115733,PRIOR_AUTH,1,0,0.0,0,0,0,0,0,1.39,1.39,0.0,LOW-RISK PROVIDER,NORMAL,Normal claim patterns
1305140462,PRIOR_AUTH,1,0,0.0,0,0,0,0,0,1.38,1.38,0.0,LOW-RISK PROVIDER,NORMAL,Normal claim patterns
1496546372,PHARMACY_CLAIM,1,0,0.0,0,0,0,0,0,1.38,1.38,0.0,LOW-RISK PROVIDER,NORMAL,Normal claim patterns
1769025222,PHARMACY_CLAIM,1,0,0.0,0,0,0,0,0,1.38,1.38,0.0,LOW-RISK PROVIDER,NORMAL,Normal claim patterns
1885535284,PRIOR_AUTH,1,0,0.0,0,0,0,0,0,1.38,1.38,0.0,LOW-RISK PROVIDER,NORMAL,Normal claim patterns
1911923804,PRIOR_AUTH,1,0,0.0,0,0,0,0,0,1.38,1.38,0.0,LOW-RISK PROVIDER,NORMAL,Normal claim patterns
1272187643,PHARMACY_CLAIM,1,0,0.0,0,0,0,0,0,1.37,1.37,0.0,LOW-RISK PROVIDER,NORMAL,Normal claim patterns
1314826737,PRIOR_AUTH,1,0,0.0,0,0,0,0,0,1.37,1.37,0.0,LOW-RISK PROVIDER,NORMAL,Normal claim patterns
1383146136,PHARMACY_CLAIM,1,0,0.0,0,0,0,0,0,1.37,1.37,0.0,LOW-RISK PROVIDER,NORMAL,Normal claim patterns
1437785351,PHARMACY_CLAIM,1,0,0.0,0,0,0,0,0,1.37,1.37,0.0,LOW-RISK PROVIDER,NORMAL,Normal claim patterns
1736877541,PRIOR_AUTH,1,0,0.0,0,0,0,0,0,1.37,1.37,0.0,LOW-RISK PROVIDER,NORMAL,Normal claim patterns
1407900343,MEDICAL_CLAIM,3,0,0.0,0,0,0,0,0,1.36,3.08,0.0,LOW-RISK PROVIDER,NORMAL,Normal claim patterns
1092694492,PHARMACY_CLAIM,1,0,0.0,0,0,0,0,0,1.36,1.36,0.0,LOW-RISK PROVIDER,NORMAL,Normal claim patterns
1280770699,PRIOR_AUTH,1,0,0.0,0,0,0,0,0,1.36,1.36,0.0,LOW-RISK PROVIDER,NORMAL,Normal claim patterns
1521780822,PRIOR_AUTH,1,0,0.0,0,0,0,0,0,1.35,1.35,0.0,LOW-RISK PROVIDER,NORMAL,Normal claim patterns
1777266946,PHARMACY_CLAIM,1,0,0.0,0,0,0,0,0,1.35,1.35,0.0,LOW-RISK PROVIDER,NORMAL,Normal claim patterns
1921064215,PHARMACY_CLAIM,1,0,0.0,0,0,0,0,0,1.35,1.35,0.0,LOW-RISK PROVIDER,NORMAL,Normal claim patterns
1978324630,PRIOR_AUTH,1,0,0.0,0,0,0,0,0,1.35,1.35,0.0,LOW-RISK PROVIDER,NORMAL,Normal claim patterns
1649509514,MEDICAL_CLAIM,2,0,0.0,0,0,0,0,0,1.34,2.22,0.0,LOW-RISK PROVIDER,NORMAL,Normal claim patterns
1134121175,PHARMACY_CLAIM,1,0,0.0,0,0,0,0,0,1.34,1.34,0.0,LOW-RISK PROVIDER,NORMAL,Normal claim patterns
1457330744,PRIOR_AUTH,1,0,0.0,0,0,0,0,0,1.34,1.34,0.0,LOW-RISK PROVIDER,NORMAL,Normal claim patterns
1480176236,PHARMACY_CLAIM,1,0,0.0,0,0,0,0,0,1.34,1.34,0.0,LOW-RISK PROVIDER,NORMAL,Normal claim patterns
1669911764,MEDICAL_CLAIM,1,0,0.0,0,0,0,0,0,1.34,1.34,0.0,LOW-RISK PROVIDER,NORMAL,Normal claim patterns
1768885063,PRIOR_AUTH,1,0,0.0,0,0,0,0,0,1.34,1.34,0.0,LOW-RISK PROVIDER,NORMAL,Normal claim patterns
1986259590,PHARMACY_CLAIM,1,0,0.0,0,0,0,0,0,1.34,1.34,0.0,LOW-RISK PROVIDER,NORMAL,Normal claim patterns
1033210166,MEDICAL_CLAIM,1,0,0.0,0,0,0,0,0,1.33,1.33,0.0,LOW-RISK PROVIDER,NORMAL,Normal claim patterns
1129971212,PRIOR_AUTH,1,0,0.0,0,0,0,0,0,1.33,1.33,0.0,LOW-RISK PROVIDER,NORMAL,Normal claim patterns
1274572249,PRIOR_AUTH,1,0,0.0,0,0,0,0,0,1.33,1.33,0.0,LOW-RISK PROVIDER,NORMAL,Normal claim patterns
1308620659,PHARMACY_CLAIM,1,0,0.0,0,0,0,0,0,1.33,1.33,0.0,LOW-RISK PROVIDER,NORMAL,Normal claim patterns
1776127562,PHARMACY_CLAIM,1,0,0.0,0,0,0,0,0,1.33,1.33,0.0,LOW-RISK PROVIDER,NORMAL,Normal claim patterns
1156074017,PHARMACY_CLAIM,1,0,0.0,0,0,0,0,0,1.32,1.32,0.0,LOW-RISK PROVIDER,NORMAL,Normal claim patterns
1223626622,PRIOR_AUTH,1,0,0.0,0,0,0,0,0,1.32,1.32,0.0,LOW-RISK PROVIDER,NORMAL,Normal claim patterns
1285630533,MEDICAL_CLAIM,1,0,0.0,0,0,0,0,0,1.32,1.32,0.0,LOW-RISK PROVIDER,NORMAL,Normal claim patterns
1550946351,PHARMACY_CLAIM,1,0,0.0,0,0,0,0,0,1.32,1.32,0.0,LOW-RISK PROVIDER,NORMAL,Normal claim patterns
1281470657,PRIOR_AUTH,1,0,0.0,0,0,0,0,0,1.31,1.31,0.0,LOW-RISK PROVIDER,NORMAL,Normal claim patterns
1387774917,PHARMACY_CLAIM,1,0,0.0,0,0,0,0,0,1.31,1.31,0.0,LOW-RISK PROVIDER,NORMAL,Normal claim patterns
1548398316,PHARMACY_CLAIM,1,0,0.0,0,0,0,0,0,1.31,1.31,0.0,LOW-RISK PROVIDER,NORMAL,Normal claim patterns
1727690159,PRIOR_AUTH,1,0,0.0,0,0,0,0,0,1.31,1.31,0.0,LOW-RISK PROVIDER,NORMAL,Normal claim patterns
1033618616,MEDICAL_CLAIM,1,0,0.0,0,0,0,0,0,1.3,1.3,0.0,LOW-RISK PROVIDER,NORMAL,Normal claim patterns
1623213680,PHARMACY_CLAIM,1,0,0.0,0,0,0,0,0,1.3,1.3,0.0,LOW-RISK PROVIDER,NORMAL,Normal claim patterns
1923531107,PHARMACY_CLAIM,1,0,0.0,0,0,0,0,0,1.3,1.3,0.0,LOW-RISK PROVIDER,NORMAL,Normal claim patterns
1463341526,PHARMACY_CLAIM,1,0,0.0,0,0,0,0,0,1.29,1.29,0.0,LOW-RISK PROVIDER,NORMAL,Normal claim patterns
1939675032,PRIOR_AUTH,1,0,0.0,0,0,0,0,0,1.29,1.29,0.0,LOW-RISK PROVIDER,NORMAL,Normal claim patterns
1083685986,MEDICAL_CLAIM,1,0,0.0,0,0,0,0,0,1.28,1.28,0.0,LOW-RISK PROVIDER,NORMAL,Normal claim patterns
1189680961,PHARMACY_CLAIM,1,0,0.0,0,0,0,0,0,1.28,1.28,0.0,LOW-RISK PROVIDER,NORMAL,Normal claim patterns
1360153305,PRIOR_AUTH,1,0,0.0,0,0,0,0,0,1.28,1.28,0.0,LOW-RISK PROVIDER,NORMAL,Normal claim patterns
1394895033,PHARMACY_CLAIM,1,0,0.0,0,0,0,0,0,1.28,1.28,0.0,LOW-RISK PROVIDER,NORMAL,Normal claim patterns
1632720472,PRIOR_AUTH,1,0,0.0,0,0,0,0,0,1.28,1.28,0.0,LOW-RISK PROVIDER,NORMAL,Normal claim patterns
1387992204,PRIOR_AUTH,1,0,0.0,0,0,0,0,0,1.27,1.27,0.0,LOW-RISK PROVIDER,NORMAL,Normal claim patterns
1511593927,PHARMACY_CLAIM,1,0,0.0,0,0,0,0,0,1.27,1.27,0.0,LOW-RISK PROVIDER,NORMAL,Normal claim patterns
1549575538,PHARMACY_CLAIM,1,0,0.0,0,0,0,0,0,1.27,1.27,0.0,LOW-RISK PROVIDER,NORMAL,Normal claim patterns
1811196798,PRIOR_AUTH,1,0,0.0,0,0,0,0,0,1.27,1.27,0.0,LOW-RISK PROVIDER,NORMAL,Normal claim patterns
1328751408,PHARMACY_CLAIM,1,0,0.0,0,0,0,0,0,1.26,1.26,0.0,LOW-RISK PROVIDER,NORMAL,Normal claim patterns
1377835065,PHARMACY_CLAIM,1,0,0.0,0,0,0,0,0,1.26,1.26,0.0,LOW-RISK PROVIDER,NORMAL,Normal claim patterns
1839204557,PHARMACY_CLAIM,1,0,0.0,0,0,0,0,0,1.26,1.26,0.0,LOW-RISK PROVIDER,NORMAL,Normal claim patterns
1629102819,MEDICAL_CLAIM,2,0,0.0,0,0,0,0,0,1.25,2.13,0.0,LOW-RISK PROVIDER,NORMAL,Normal claim patterns
1142660464,PRIOR_AUTH,1,0,0.0,0,0,0,0,0,1.25,1.25,0.0,LOW-RISK PROVIDER,NORMAL,Normal claim patterns
1227412130,PHARMACY_CLAIM,1,0,0.0,0,0,0,0,0,1.25,1.25,0.0,LOW-RISK PROVIDER,NORMAL,Normal claim patterns
1242116789,PRIOR_AUTH,1,0,0.0,0,0,0,0,0,1.25,1.25,0.0,LOW-RISK PROVIDER,NORMAL,Normal claim patterns
1406371146,PHARMACY_CLAIM,1,0,0.0,0,0,0,0,0,1.25,1.25,0.0,LOW-RISK PROVIDER,NORMAL,Normal claim patterns
1768330466,PRIOR_AUTH,1,0,0.0,0,0,0,0,0,1.25,1.25,0.0,LOW-RISK PROVIDER,NORMAL,Normal claim patterns
1802160976,PRIOR_AUTH,1,0,0.0,0,0,0,0,0,1.25,1.25,0.0,LOW-RISK PROVIDER,NORMAL,Normal claim patterns
1443304913,PRIOR_AUTH,1,0,0.0,0,0,0,0,0,1.24,1.24,0.0,LOW-RISK PROVIDER,NORMAL,Normal claim patterns
1575416817,PHARMACY_CLAIM,1,0,0.0,0,0,0,0,0,1.24,1.24,0.0,LOW-RISK PROVIDER,NORMAL,Normal claim patterns
1746739369,PHARMACY_CLAIM,1,0,0.0,0,0,0,0,0,1.24,1.24,0.0,LOW-RISK PROVIDER,NORMAL,Normal claim patterns
1759100793,PHARMACY_CLAIM,1,0,0.0,0,0,0,0,0,1.24,1.24,0.0,LOW-RISK PROVIDER,NORMAL,Normal claim patterns
1816977047,PRIOR_AUTH,1,0,0.0,0,0,0,0,0,1.24,1.24,0.0,LOW-RISK PROVIDER,NORMAL,Normal claim patterns
1679686992,MEDICAL_CLAIM,1,0,0.0,0,0,0,0,0,1.23,1.23,0.0,LOW-RISK PROVIDER,NORMAL,Normal claim patterns
1706863388,PHARMACY_CLAIM,1,0,0.0,0,0,0,0,0,1.23,1.23,0.0,LOW-RISK PROVIDER,NORMAL,Normal claim patterns
1780027025,PHARMACY_CLAIM,1,0,0.0,0,0,0,0,0,1.23,1.23,0.0,LOW-RISK PROVIDER,NORMAL,Normal claim patterns
1917489072,PRIOR_AUTH,1,0,0.0,0,0,0,0,0,1.23,1.23,0.0,LOW-RISK PROVIDER,NORMAL,Normal claim patterns
1102584791,PRIOR_AUTH,1,0,0.0,0,0,0,0,0,1.22,1.22,0.0,LOW-RISK PROVIDER,NORMAL,Normal claim patterns
1438204819,PRIOR_AUTH,1,0,0.0,0,0,0,0,0,1.22,1.22,0.0,LOW-RISK PROVIDER,NORMAL,Normal claim patterns
1576838031,PHARMACY_CLAIM,1,0,0.0,0,0,0,0,0,1.22,1.22,0.0,LOW-RISK PROVIDER,NORMAL,Normal claim patterns
1723747992,PHARMACY_CLAIM,1,0,0.0,0,0,0,0,0,1.22,1.22,0.0,LOW-RISK PROVIDER,NORMAL,Normal claim patterns
1776348138,PRIOR_AUTH,1,0,0.0,0,0,0,0,0,1.22,1.22,0.0,LOW-RISK PROVIDER,NORMAL,Normal claim patterns
1000377508,PHARMACY_CLAIM,1,0,0.0,0,0,0,0,0,1.21,1.21,0.0,LOW-RISK PROVIDER,NORMAL,Normal claim patterns
1952651713,MEDICAL_CLAIM,2,0,0.0,0,0,0,0,0,1.2,1.83,0.0,LOW-RISK PROVIDER,NORMAL,Normal claim patterns
1105727081,PRIOR_AUTH,1,0,0.0,0,0,0,0,0,1.2,1.2,0.0,LOW-RISK PROVIDER,NORMAL,Normal claim patterns
1747003145,PHARMACY_CLAIM,1,0,0.0,0,0,0,0,0,1.2,1.2,0.0,LOW-RISK PROVIDER,NORMAL,Normal claim patterns
1917799940,PHARMACY_CLAIM,1,0,0.0,0,0,0,0,0,1.2,1.2,0.0,LOW-RISK PROVIDER,NORMAL,Normal claim patterns
1043512023,MEDICAL_CLAIM,1,0,0.0,0,0,0,0,0,1.19,1.19,0.0,LOW-RISK PROVIDER,NORMAL,Normal claim patterns
1252185927,PRIOR_AUTH,1,0,0.0,0,0,0,0,0,1.19,1.19,0.0,LOW-RISK PROVIDER,NORMAL,Normal claim patterns
1623431707,PRIOR_AUTH,1,0,0.0,0,0,0,0,0,1.19,1.19,0.0,LOW-RISK PROVIDER,NORMAL,Normal claim patterns
1648899914,PHARMACY_CLAIM,1,0,0.0,0,0,0,0,0,1.19,1.19,0.0,LOW-RISK PROVIDER,NORMAL,Normal claim patterns
1816566619,PRIOR_AUTH,1,0,0.0,0,0,0,0,0,1.19,1.19,0.0,LOW-RISK PROVIDER,NORMAL,Normal claim patterns
1015946165,PHARMACY_CLAIM,1,0,0.0,0,0,0,0,0,1.18,1.18,0.0,LOW-RISK PROVIDER,NORMAL,Normal claim patterns
1781853319,PHARMACY_CLAIM,1,0,0.0,0,0,0,0,0,1.18,1.18,0.0,LOW-RISK PROVIDER,NORMAL,Normal claim patterns
1021638750,PRIOR_AUTH,1,0,0.0,0,0,0,0,0,1.17,1.17,0.0,LOW-RISK PROVIDER,NORMAL,Normal claim patterns
1068389332,PHARMACY_CLAIM,1,0,0.0,0,0,0,0,0,1.17,1.17,0.0,LOW-RISK PROVIDER,NORMAL,Normal claim patterns
1175098788,PRIOR_AUTH,1,0,0.0,0,0,0,0,0,1.17,1.17,0.0,LOW-RISK PROVIDER,NORMAL,Normal claim patterns
1284273713,PRIOR_AUTH,1,0,0.0,0,0,0,0,0,1.17,1.17,0.0,LOW-RISK PROVIDER,NORMAL,Normal claim patterns
1393338057,PRIOR_AUTH,1,0,0.0,0,0,0,0,0,1.17,1.17,0.0,LOW-RISK PROVIDER,NORMAL,Normal claim patterns
1417011487,MEDICAL_CLAIM,1,0,0.0,0,0,0,0,0,1.17,1.17,0.0,LOW-RISK PROVIDER,NORMAL,Normal claim patterns
1746458999,PHARMACY_CLAIM,1,0,0.0,0,0,0,0,0,1.17,1.17,0.0,LOW-RISK PROVIDER,NORMAL,Normal claim patterns
1839797794,PRIOR_AUTH,1,0,0.0,0,0,0,0,0,1.17,1.17,0.0,LOW-RISK PROVIDER,NORMAL,Normal claim patterns
1951030216,PRIOR_AUTH,1,0,0.0,0,0,0,0,0,1.17,1.17,0.0,LOW-RISK PROVIDER,NORMAL,Normal claim patterns
1973017056,PRIOR_AUTH,1,0,0.0,0,0,0,0,0,1.17,1.17,0.0,LOW-RISK PROVIDER,NORMAL,Normal claim patterns
1679124010,MEDICAL_CLAIM,1,0,0.0,0,0,0,0,0,1.16,1.16,0.0,LOW-RISK PROVIDER,NORMAL,Normal claim patterns
1764002206,PHARMACY_CLAIM,1,0,0.0,0,0,0,0,0,1.16,1.16,0.0,LOW-RISK PROVIDER,NORMAL,Normal claim patterns
1841445901,PHARMACY_CLAIM,1,0,0.0,0,0,0,0,0,1.16,1.16,0.0,LOW-RISK PROVIDER,NORMAL,Normal claim patterns
1186304767,PHARMACY_CLAIM,1,0,0.0,0,0,0,0,0,1.15,1.15,0.0,LOW-RISK PROVIDER,NORMAL,Normal claim patterns
1837958790,PHARMACY_CLAIM,1,0,0.0,0,0,0,0,0,1.15,1.15,0.0,LOW-RISK PROVIDER,NORMAL,Normal claim patterns
1041286212,PHARMACY_CLAIM,1,0,0.0,0,0,0,0,0,1.14,1.14,0.0,LOW-RISK PROVIDER,NORMAL,Normal claim patterns
1131822436,PHARMACY_CLAIM,1,0,0.0,0,0,0,0,0,1.13,1.13,0.0,LOW-RISK PROVIDER,NORMAL,Normal claim patterns
1197317486,PRIOR_AUTH,1,0,0.0,0,0,0,0,0,1.13,1.13,0.0,LOW-RISK PROVIDER,NORMAL,Normal claim patterns
1611755164,PRIOR_AUTH,1,0,0.0,0,0,0,0,0,1.13,1.13,0.0,LOW-RISK PROVIDER,NORMAL,Normal claim patterns
1831296052,MEDICAL_CLAIM,2,0,0.0,0,0,0,0,0,1.12,1.47,0.0,LOW-RISK PROVIDER,NORMAL,Normal claim patterns
1084166147,PRIOR_AUTH,1,0,0.0,0,0,0,0,0,1.12,1.12,0.0,LOW-RISK PROVIDER,NORMAL,Normal claim patterns
1124272547,MEDICAL_CLAIM,1,0,0.0,0,0,0,0,0,1.12,1.12,0.0,LOW-RISK PROVIDER,NORMAL,Normal claim patterns
1195962523,PHARMACY_CLAIM,1,0,0.0,0,0,0,0,0,1.12,1.12,0.0,LOW-RISK PROVIDER,NORMAL,Normal claim patterns
1594367619,PRIOR_AUTH,1,0,0.0,0,0,0,0,0,1.12,1.12,0.0,LOW-RISK PROVIDER,NORMAL,Normal claim patterns
1089854180,PRIOR_AUTH,1,0,0.0,0,0,0,0,0,1.11,1.11,0.0,LOW-RISK PROVIDER,NORMAL,Normal claim patterns
1097752728,PHARMACY_CLAIM,1,0,0.0,0,0,0,0,0,1.11,1.11,0.0,LOW-RISK PROVIDER,NORMAL,Normal claim patterns
1134736879,PHARMACY_CLAIM,1,0,0.0,0,0,0,0,0,1.11,1.11,0.0,LOW-RISK PROVIDER,NORMAL,Normal claim patterns
1759641270,PHARMACY_CLAIM,1,0,0.0,0,0,0,0,0,1.11,1.11,0.0,LOW-RISK PROVIDER,NORMAL,Normal claim patterns
1120681558,PRIOR_AUTH,1,0,0.0,0,0,0,0,0,1.1,1.1,0.0,LOW-RISK PROVIDER,NORMAL,Normal claim patterns
1225645386,PRIOR_AUTH,1,0,0.0,0,0,0,0,0,1.1,1.1,0.0,LOW-RISK PROVIDER,NORMAL,Normal claim patterns
1370875520,PHARMACY_CLAIM,1,0,0.0,0,0,0,0,0,1.1,1.1,0.0,LOW-RISK PROVIDER,NORMAL,Normal claim patterns
1750566386,MEDICAL_CLAIM,1,0,0.0,0,0,0,0,0,1.1,1.1,0.0,LOW-RISK PROVIDER,NORMAL,Normal claim patterns
1206213670,PRIOR_AUTH,1,0,0.0,0,0,0,0,0,1.09,1.09,0.0,LOW-RISK PROVIDER,NORMAL,Normal claim patterns
1614796331,PHARMACY_CLAIM,1,0,0.0,0,0,0,0,0,1.09,1.09,0.0,LOW-RISK PROVIDER,NORMAL,Normal claim patterns
1806985428,PHARMACY_CLAIM,1,0,0.0,0,0,0,0,0,1.09,1.09,0.0,LOW-RISK PROVIDER,NORMAL,Normal claim patterns
1811025333,PRIOR_AUTH,1,0,0.0,0,0,0,0,0,1.09,1.09,0.0,LOW-RISK PROVIDER,NORMAL,Normal claim patterns
1884470911,PHARMACY_CLAIM,1,0,0.0,0,0,0,0,0,1.09,1.09,0.0,LOW-RISK PROVIDER,NORMAL,Normal claim patterns
1972731800,MEDICAL_CLAIM,1,0,0.0,0,0,0,0,0,1.09,1.09,0.0,LOW-RISK PROVIDER,NORMAL,Normal claim patterns
1146272204,PHARMACY_CLAIM,1,0,0.0,0,0,0,0,0,1.08,1.08,0.0,LOW-RISK PROVIDER,NORMAL,Normal claim patterns
1402538974,PHARMACY_CLAIM,1,0,0.0,0,0,0,0,0,1.08,1.08,0.0,LOW-RISK PROVIDER,NORMAL,Normal claim patterns
1437708237,MEDICAL_CLAIM,1,0,0.0,0,0,0,0,0,1.08,1.08,0.0,LOW-RISK PROVIDER,NORMAL,Normal claim patterns
1707948594,PRIOR_AUTH,1,0,0.0,0,0,0,0,0,1.08,1.08,0.0,LOW-RISK PROVIDER,NORMAL,Normal claim patterns
1990345887,PHARMACY_CLAIM,1,0,0.0,0,0,0,0,0,1.08,1.08,0.0,LOW-RISK PROVIDER,NORMAL,Normal claim patterns
1189788480,PHARMACY_CLAIM,1,0,0.0,0,0,0,0,0,1.07,1.07,0.0,LOW-RISK PROVIDER,NORMAL,Normal claim patterns
1604111636,PRIOR_AUTH,1,0,0.0,0,0,0,0,0,1.07,1.07,0.0,LOW-RISK PROVIDER,NORMAL,Normal claim patterns
1606885981,PHARMACY_CLAIM,1,0,0.0,0,0,0,0,0,1.07,1.07,0.0,LOW-RISK PROVIDER,NORMAL,Normal claim patterns
1811123664,MEDICAL_CLAIM,1,0,0.0,0,0,0,0,0,1.07,1.07,0.0,LOW-RISK PROVIDER,NORMAL,Normal claim patterns
1013417525,PHARMACY_CLAIM,1,0,0.0,0,0,0,0,0,1.06,1.06,0.0,LOW-RISK PROVIDER,NORMAL,Normal claim patterns
1452823735,PHARMACY_CLAIM,1,0,0.0,0,0,0,0,0,1.06,1.06,0.0,LOW-RISK PROVIDER,NORMAL,Normal claim patterns
1476792698,PHARMACY_CLAIM,1,0,0.0,0,0,0,0,0,1.06,1.06,0.0,LOW-RISK PROVIDER,NORMAL,Normal claim patterns
1730188865,PRIOR_AUTH,1,0,0.0,0,0,0,0,0,1.06,1.06,0.0,LOW-RISK PROVIDER,NORMAL,Normal claim patterns
1810657183,PRIOR_AUTH,1,0,0.0,0,0,0,0,0,1.06,1.06,0.0,LOW-RISK PROVIDER,NORMAL,Normal claim patterns
1906428721,PRIOR_AUTH,1,0,0.0,0,0,0,0,0,1.06,1.06,0.0,LOW-RISK PROVIDER,NORMAL,Normal claim patterns
1216005435,PHARMACY_CLAIM,1,0,0.0,0,0,0,0,0,1.04,1.04,0.0,LOW-RISK PROVIDER,NORMAL,Normal claim patterns
1472041142,PRIOR_AUTH,1,0,0.0,0,0,0,0,0,1.04,1.04,0.0,LOW-RISK PROVIDER,NORMAL,Normal claim patterns
1517306399,PHARMACY_CLAIM,1,0,0.0,0,0,0,0,0,1.04,1.04,0.0,LOW-RISK PROVIDER,NORMAL,Normal claim patterns
1649959640,PHARMACY_CLAIM,1,0,0.0,0,0,0,0,0,1.04,1.04,0.0,LOW-RISK PROVIDER,NORMAL,Normal claim patterns
1975234047,PRIOR_AUTH,1,0,0.0,0,0,0,0,0,1.04,1.04,0.0,LOW-RISK PROVIDER,NORMAL,Normal claim patterns
1140736006,PRIOR_AUTH,1,0,0.0,0,0,0,0,0,1.03,1.03,0.0,LOW-RISK PROVIDER,NORMAL,Normal claim patterns
1245160607,PHARMACY_CLAIM,1,0,0.0,0,0,0,0,0,1.03,1.03,0.0,LOW-RISK PROVIDER,NORMAL,Normal claim patterns
1847627537,PHARMACY_CLAIM,1,0,0.0,0,0,0,0,0,1.03,1.03,0.0,LOW-RISK PROVIDER,NORMAL,Normal claim patterns
1913194655,PHARMACY_CLAIM,1,0,0.0,0,0,0,0,0,1.03,1.03,0.0,LOW-RISK PROVIDER,NORMAL,Normal claim patterns
1915064333,PRIOR_AUTH,1,0,0.0,0,0,0,0,0,1.03,1.03,0.0,LOW-RISK PROVIDER,NORMAL,Normal claim patterns
1099070445,PRIOR_AUTH,1,0,0.0,0,0,0,0,0,1.02,1.02,0.0,LOW-RISK PROVIDER,NORMAL,Normal claim patterns
1540604554,PHARMACY_CLAIM,1,0,0.0,0,0,0,0,0,1.02,1.02,0.0,LOW-RISK PROVIDER,NORMAL,Normal claim patterns
1686531837,PHARMACY_CLAIM,1,0,0.0,0,0,0,0,0,1.02,1.02,0.0,LOW-RISK PROVIDER,NORMAL,Normal claim patterns
1115639127,PHARMACY_CLAIM,1,0,0.0,0,0,0,0,0,1.01,1.01,0.0,LOW-RISK PROVIDER,NORMAL,Normal claim patterns
1349083890,PRIOR_AUTH,1,0,0.0,0,0,0,0,0,1.01,1.01,0.0,LOW-RISK PROVIDER,NORMAL,Normal claim patterns
1537054015,PRIOR_AUTH,1,0,0.0,0,0,0,0,0,1.01,1.01,0.0,LOW-RISK PROVIDER,NORMAL,Normal claim patterns
1837660834,PHARMACY_CLAIM,1,0,0.0,0,0,0,0,0,1.01,1.01,0.0,LOW-RISK PROVIDER,NORMAL,Normal claim patterns
1947010010,PHARMACY_CLAIM,1,0,0.0,0,0,0,0,0,1.01,1.01,0.0,LOW-RISK PROVIDER,NORMAL,Normal claim patterns
1628336216,PHARMACY_CLAIM,1,0,0.0,0,0,0,0,0,1.0,1.0,0.0,LOW-RISK PROVIDER,NORMAL,Normal claim patterns
1333587432,PRIOR_AUTH,1,0,0.0,0,0,0,0,0,0.99,0.99,0.0,LOW-RISK PROVIDER,NORMAL,Normal claim patterns
1497764526,MEDICAL_CLAIM,1,0,0.0,0,0,0,0,0,0.99,0.99,0.0,LOW-RISK PROVIDER,NORMAL,Normal claim patterns
1891010393,MEDICAL_CLAIM,1,0,0.0,0,0,0,0,0,0.99,0.99,0.0,LOW-RISK PROVIDER,NORMAL,Normal claim patterns
1023284924,MEDICAL_CLAIM,1,0,0.0,0,0,0,0,0,0.98,0.98,0.0,LOW-RISK PROVIDER,NORMAL,Normal claim patterns
1071986251,PHARMACY_CLAIM,1,0,0.0,0,0,0,0,0,0.98,0.98,0.0,LOW-RISK PROVIDER,NORMAL,Normal claim patterns
1323355277,PRIOR_AUTH,1,0,0.0,0,0,0,0,0,0.98,0.98,0.0,LOW-RISK PROVIDER,NORMAL,Normal claim patterns
1325249781,PRIOR_AUTH,1,0,0.0,0,0,0,0,0,0.98,0.98,0.0,LOW-RISK PROVIDER,NORMAL,Normal claim patterns
1556032392,PRIOR_AUTH,1,0,0.0,0,0,0,0,0,0.98,0.98,0.0,LOW-RISK PROVIDER,NORMAL,Normal claim patterns
1985925671,PHARMACY_CLAIM,1,0,0.0,0,0,0,0,0,0.98,0.98,0.0,LOW-RISK PROVIDER,NORMAL,Normal claim patterns
1109230357,PHARMACY_CLAIM,1,0,0.0,0,0,0,0,0,0.97,0.97,0.0,LOW-RISK PROVIDER,NORMAL,Normal claim patterns
1251559183,PRIOR_AUTH,1,0,0.0,0,0,0,0,0,0.97,0.97,0.0,LOW-RISK PROVIDER,NORMAL,Normal claim patterns
1417262556,PRIOR_AUTH,1,0,0.0,0,0,0,0,0,0.97,0.97,0.0,LOW-RISK PROVIDER,NORMAL,Normal claim patterns
1272317575,PHARMACY_CLAIM,1,0,0.0,0,0,0,0,0,0.96,0.96,0.0,LOW-RISK PROVIDER,NORMAL,Normal claim patterns
1298168950,PHARMACY_CLAIM,1,0,0.0,0,0,0,0,0,0.96,0.96,0.0,LOW-RISK PROVIDER,NORMAL,Normal claim patterns
1466508505,PRIOR_AUTH,1,0,0.0,0,0,0,0,0,0.96,0.96,0.0,LOW-RISK PROVIDER,NORMAL,Normal claim patterns
1556369970,PHARMACY_CLAIM,1,0,0.0,0,0,0,0,0,0.96,0.96,0.0,LOW-RISK PROVIDER,NORMAL,Normal claim patterns
1781447005,PHARMACY_CLAIM,1,0,0.0,0,0,0,0,0,0.95,0.95,0.0,LOW-RISK PROVIDER,NORMAL,Normal claim patterns
1049429827,PRIOR_AUTH,1,0,0.0,0,0,0,0,0,0.94,0.94,0.0,LOW-RISK PROVIDER,NORMAL,Normal claim patterns
1395423625,PRIOR_AUTH,1,0,0.0,0,0,0,0,0,0.94,0.94,0.0,LOW-RISK PROVIDER,NORMAL,Normal claim patterns
1549553246,PHARMACY_CLAIM,1,0,0.0,0,0,0,0,0,0.94,0.94,0.0,LOW-RISK PROVIDER,NORMAL,Normal claim patterns
1759340475,PRIOR_AUTH,1,0,0.0,0,0,0,0,0,0.94,0.94,0.0,LOW-RISK PROVIDER,NORMAL,Normal claim patterns
1896448517,PRIOR_AUTH,1,0,0.0,0,0,0,0,0,0.94,0.94,0.0,LOW-RISK PROVIDER,NORMAL,Normal claim patterns
1198936012,PHARMACY_CLAIM,1,0,0.0,0,0,0,0,0,0.93,0.93,0.0,LOW-RISK PROVIDER,NORMAL,Normal claim patterns
1415978779,PRIOR_AUTH,1,0,0.0,0,0,0,0,0,0.93,0.93,0.0,LOW-RISK PROVIDER,NORMAL,Normal claim patterns
1558943305,PHARMACY_CLAIM,1,0,0.0,0,0,0,0,0,0.93,0.93,0.0,LOW-RISK PROVIDER,NORMAL,Normal claim patterns
1600105055,PRIOR_AUTH,1,0,0.0,0,0,0,0,0,0.93,0.93,0.0,LOW-RISK PROVIDER,NORMAL,Normal claim patterns
1242427685,PRIOR_AUTH,1,0,0.0,0,0,0,0,0,0.92,0.92,0.0,LOW-RISK PROVIDER,NORMAL,Normal claim patterns
1291426807,PHARMACY_CLAIM,1,0,0.0,0,0,0,0,0,0.92,0.92,0.0,LOW-RISK PROVIDER,NORMAL,Normal claim patterns
1678249996,PRIOR_AUTH,1,0,0.0,0,0,0,0,0,0.92,0.92,0.0,LOW-RISK PROVIDER,NORMAL,Normal claim patterns
1705779134,PHARMACY_CLAIM,1,0,0.0,0,0,0,0,0,0.92,0.92,0.0,LOW-RISK PROVIDER,NORMAL,Normal claim patterns
1073802492,MEDICAL_CLAIM,1,0,0.0,0,0,0,0,0,0.91,0.91,0.0,LOW-RISK PROVIDER,NORMAL,Normal claim patterns
1507855960,PHARMACY_CLAIM,1,0,0.0,0,0,0,0,0,0.91,0.91,0.0,LOW-RISK PROVIDER,NORMAL,Normal claim patterns
1806838143,PHARMACY_CLAIM,1,0,0.0,0,0,0,0,0,0.91,0.91,0.0,LOW-RISK PROVIDER,NORMAL,Normal claim patterns
1028375206,PRIOR_AUTH,1,0,0.0,0,0,0,0,0,0.9,0.9,0.0,LOW-RISK PROVIDER,NORMAL,Normal claim patterns
1383613965,PRIOR_AUTH,1,0,0.0,0,0,0,0,0,0.9,0.9,0.0,LOW-RISK PROVIDER,NORMAL,Normal claim patterns
1933511572,PRIOR_AUTH,1,0,0.0,0,0,0,0,0,0.9,0.9,0.0,LOW-RISK PROVIDER,NORMAL,Normal claim patterns
1948027552,PRIOR_AUTH,1,0,0.0,0,0,0,0,0,0.9,0.9,0.0,LOW-RISK PROVIDER,NORMAL,Normal claim patterns
1983117598,PHARMACY_CLAIM,1,0,0.0,0,0,0,0,0,0.9,0.9,0.0,LOW-RISK PROVIDER,NORMAL,Normal claim patterns
1567448685,PHARMACY_CLAIM,1,0,0.0,0,0,0,0,0,0.89,0.89,0.0,LOW-RISK PROVIDER,NORMAL,Normal claim patterns
1650966521,PRIOR_AUTH,1,0,0.0,0,0,0,0,0,0.89,0.89,0.0,LOW-RISK PROVIDER,NORMAL,Normal claim patterns
1158402575,PRIOR_AUTH,1,0,0.0,0,0,0,0,0,0.88,0.88,0.0,LOW-RISK PROVIDER,NORMAL,Normal claim patterns
1257822682,PHARMACY_CLAIM,1,0,0.0,0,0,0,0,0,0.88,0.88,0.0,LOW-RISK PROVIDER,NORMAL,Normal claim patterns
1477549731,MEDICAL_CLAIM,1,0,0.0,0,0,0,0,0,0.88,0.88,0.0,LOW-RISK PROVIDER,NORMAL,Normal claim patterns
1989074465,PRIOR_AUTH,1,0,0.0,0,0,0,0,0,0.88,0.88,0.0,LOW-RISK PROVIDER,NORMAL,Normal claim patterns
1008177499,PRIOR_AUTH,1,0,0.0,0,0,0,0,0,0.87,0.87,0.0,LOW-RISK PROVIDER,NORMAL,Normal claim patterns
1072644258,PHARMACY_CLAIM,1,0,0.0,0,0,0,0,0,0.87,0.87,0.0,LOW-RISK PROVIDER,NORMAL,Normal claim patterns
1112951367,PRIOR_AUTH,1,0,0.0,0,0,0,0,0,0.87,0.87,0.0,LOW-RISK PROVIDER,NORMAL,Normal claim patterns
1397311824,PHARMACY_CLAIM,1,0,0.0,0,0,0,0,0,0.87,0.87,0.0,LOW-RISK PROVIDER,NORMAL,Normal claim patterns
1004277806,PHARMACY_CLAIM,1,0,0.0,0,0,0,0,0,0.86,0.86,0.0,LOW-RISK PROVIDER,NORMAL,Normal claim patterns
1066651900,PRIOR_AUTH,1,0,0.0,0,0,0,0,0,0.86,0.86,0.0,LOW-RISK PROVIDER,NORMAL,Normal claim patterns
1591801845,PHARMACY_CLAIM,1,0,0.0,0,0,0,0,0,0.86,0.86,0.0,LOW-RISK PROVIDER,NORMAL,Normal claim patterns
1764464189,PRIOR_AUTH,1,0,0.0,0,0,0,0,0,0.86,0.86,0.0,LOW-RISK PROVIDER,NORMAL,Normal claim patterns
1434435321,PRIOR_AUTH,1,0,0.0,0,0,0,0,0,0.85,0.85,0.0,LOW-RISK PROVIDER,NORMAL,Normal claim patterns
1741167562,PHARMACY_CLAIM,1,0,0.0,0,0,0,0,0,0.85,0.85,0.0,LOW-RISK PROVIDER,NORMAL,Normal claim patterns
1752204800,PHARMACY_CLAIM,1,0,0.0,0,0,0,0,0,0.85,0.85,0.0,LOW-RISK PROVIDER,NORMAL,Normal claim patterns
1822256153,PHARMACY_CLAIM,1,0,0.0,0,0,0,0,0,0.85,0.85,0.0,LOW-RISK PROVIDER,NORMAL,Normal claim patterns
1537358674,PHARMACY_CLAIM,1,0,0.0,0,0,0,0,0,0.84,0.84,0.0,LOW-RISK PROVIDER,NORMAL,Normal claim patterns
1964307198,PHARMACY_CLAIM,1,0,0.0,0,0,0,0,0,0.84,0.84,0.0,LOW-RISK PROVIDER,NORMAL,Normal claim patterns
1101266982,PRIOR_AUTH,1,0,0.0,0,0,0,0,0,0.83,0.83,0.0,LOW-RISK PROVIDER,NORMAL,Normal claim patterns
1183006200,PRIOR_AUTH,1,0,0.0,0,0,0,0,0,0.83,0.83,0.0,LOW-RISK PROVIDER,NORMAL,Normal claim patterns
1663028551,PRIOR_AUTH,1,0,0.0,0,0,0,0,0,0.83,0.83,0.0,LOW-RISK PROVIDER,NORMAL,Normal claim patterns
1827410219,PHARMACY_CLAIM,1,0,0.0,0,0,0,0,0,0.83,0.83,0.0,LOW-RISK PROVIDER,NORMAL,Normal claim patterns
1942273231,PRIOR_AUTH,1,0,0.0,0,0,0,0,0,0.83,0.83,0.0,LOW-RISK PROVIDER,NORMAL,Normal claim patterns
1952427163,MEDICAL_CLAIM,2,0,0.0,0,0,0,0,0,0.82,1.34,0.0,LOW-RISK PROVIDER,NORMAL,Normal claim patterns
1518698873,PHARMACY_CLAIM,1,0,0.0,0,0,0,0,0,0.82,0.82,0.0,LOW-RISK PROVIDER,NORMAL,Normal claim patterns
1570928874,PHARMACY_CLAIM,1,0,0.0,0,0,0,0,0,0.82,0.82,0.0,LOW-RISK PROVIDER,NORMAL,Normal claim patterns
1932169215,PHARMACY_CLAIM,1,0,0.0,0,0,0,0,0,0.82,0.82,0.0,LOW-RISK PROVIDER,NORMAL,Normal claim patterns
1264220903,PRIOR_AUTH,1,0,0.0,0,0,0,0,0,0.81,0.81,0.0,LOW-RISK PROVIDER,NORMAL,Normal claim patterns
1635920607,PRIOR_AUTH,1,0,0.0,0,0,0,0,0,0.81,0.81,0.0,LOW-RISK PROVIDER,NORMAL,Normal claim patterns
1844142639,PHARMACY_CLAIM,1,0,0.0,0,0,0,0,0,0.81,0.81,0.0,LOW-RISK PROVIDER,NORMAL,Normal claim patterns
1863057201,PHARMACY_CLAIM,1,0,0.0,0,0,0,0,0,0.81,0.81,0.0,LOW-RISK PROVIDER,NORMAL,Normal claim patterns
1920614243,PRIOR_AUTH,1,0,0.0,0,0,0,0,0,0.81,0.81,0.0,LOW-RISK PROVIDER,NORMAL,Normal claim patterns
1020325380,PHARMACY_CLAIM,1,0,0.0,0,0,0,0,0,0.8,0.8,0.0,LOW-RISK PROVIDER,NORMAL,Normal claim patterns
1230970487,PRIOR_AUTH,1,0,0.0,0,0,0,0,0,0.8,0.8,0.0,LOW-RISK PROVIDER,NORMAL,Normal claim patterns
1245253160,MEDICAL_CLAIM,1,0,0.0,0,0,0,0,0,0.8,0.8,0.0,LOW-RISK PROVIDER,NORMAL,Normal claim patterns
1604821152,PHARMACY_CLAIM,1,0,0.0,0,0,0,0,0,0.8,0.8,0.0,LOW-RISK PROVIDER,NORMAL,Normal claim patterns
1697192554,PRIOR_AUTH,1,0,0.0,0,0,0,0,0,0.8,0.8,0.0,LOW-RISK PROVIDER,NORMAL,Normal claim patterns
1083083814,PRIOR_AUTH,1,0,0.0,0,0,0,0,0,0.79,0.79,0.0,LOW-RISK PROVIDER,NORMAL,Normal claim patterns
1259754337,PHARMACY_CLAIM,1,0,0.0,0,0,0,0,0,0.79,0.79,0.0,LOW-RISK PROVIDER,NORMAL,Normal claim patterns
1973745486,PHARMACY_CLAIM,1,0,0.0,0,0,0,0,0,0.79,0.79,0.0,LOW-RISK PROVIDER,NORMAL,Normal claim patterns
1538209077,MEDICAL_CLAIM,2,0,0.0,0,0,0,0,0,0.78,0.78,0.0,LOW-RISK PROVIDER,NORMAL,Normal claim patterns
1062838511,PRIOR_AUTH,1,0,0.0,0,0,0,0,0,0.78,0.78,0.0,LOW-RISK PROVIDER,NORMAL,Normal claim patterns
1422367647,PRIOR_AUTH,1,0,0.0,0,0,0,0,0,0.78,0.78,0.0,LOW-RISK PROVIDER,NORMAL,Normal claim patterns
1520766556,PRIOR_AUTH,1,0,0.0,0,0,0,0,0,0.78,0.78,0.0,LOW-RISK PROVIDER,NORMAL,Normal claim patterns
1109665322,PHARMACY_CLAIM,1,0,0.0,0,0,0,0,0,0.77,0.77,0.0,LOW-RISK PROVIDER,NORMAL,Normal claim patterns
1413360392,PRIOR_AUTH,1,0,0.0,0,0,0,0,0,0.77,0.77,0.0,LOW-RISK PROVIDER,NORMAL,Normal claim patterns
1452086166,PRIOR_AUTH,1,0,0.0,0,0,0,0,0,0.77,0.77,0.0,LOW-RISK PROVIDER,NORMAL,Normal claim patterns
1126635706,PHARMACY_CLAIM,1,0,0.0,0,0,0,0,0,0.76,0.76,0.0,LOW-RISK PROVIDER,NORMAL,Normal claim patterns
1224581529,PHARMACY_CLAIM,1,0,0.0,0,0,0,0,0,0.76,0.76,0.0,LOW-RISK PROVIDER,NORMAL,Normal claim patterns
1355560442,PRIOR_AUTH,1,0,0.0,0,0,0,0,0,0.76,0.76,0.0,LOW-RISK PROVIDER,NORMAL,Normal claim patterns
1665140744,PRIOR_AUTH,1,0,0.0,0,0,0,0,0,0.76,0.76,0.0,LOW-RISK PROVIDER,NORMAL,Normal claim patterns
1718793044,PHARMACY_CLAIM,1,0,0.0,0,0,0,0,0,0.75,0.75,0.0,LOW-RISK PROVIDER,NORMAL,Normal claim patterns
1097418547,PRIOR_AUTH,1,0,0.0,0,0,0,0,0,0.74,0.74,0.0,LOW-RISK PROVIDER,NORMAL,Normal claim patterns
1192045194,PRIOR_AUTH,1,0,0.0,0,0,0,0,0,0.74,0.74,0.0,LOW-RISK PROVIDER,NORMAL,Normal claim patterns
1375393536,PRIOR_AUTH,1,0,0.0,0,0,0,0,0,0.74,0.74,0.0,LOW-RISK PROVIDER,NORMAL,Normal claim patterns
1506370000,PHARMACY_CLAIM,1,0,0.0,0,0,0,0,0,0.74,0.74,0.0,LOW-RISK PROVIDER,NORMAL,Normal claim patterns
1950754020,PRIOR_AUTH,1,0,0.0,0,0,0,0,0,0.74,0.74,0.0,LOW-RISK PROVIDER,NORMAL,Normal claim patterns
1013640222,PHARMACY_CLAIM,1,0,0.0,0,0,0,0,0,0.73,0.73,0.0,LOW-RISK PROVIDER,NORMAL,Normal claim patterns
1076735096,PRIOR_AUTH,1,0,0.0,0,0,0,0,0,0.73,0.73,0.0,LOW-RISK PROVIDER,NORMAL,Normal claim patterns
1871109635,PHARMACY_CLAIM,1,0,0.0,0,0,0,0,0,0.73,0.73,0.0,LOW-RISK PROVIDER,NORMAL,Normal claim patterns
1972049641,MEDICAL_CLAIM,1,0,0.0,0,0,0,0,0,0.73,0.73,0.0,LOW-RISK PROVIDER,NORMAL,Normal claim patterns
1269251601,PRIOR_AUTH,1,0,0.0,0,0,0,0,0,0.72,0.72,0.0,LOW-RISK PROVIDER,NORMAL,Normal claim patterns
1573526015,PHARMACY_CLAIM,1,0,0.0,0,0,0,0,0,0.72,0.72,0.0,LOW-RISK PROVIDER,NORMAL,Normal claim patterns
1614025059,PRIOR_AUTH,1,0,0.0,0,0,0,0,0,0.72,0.72,0.0,LOW-RISK PROVIDER,NORMAL,Normal claim patterns
1659744167,MEDICAL_CLAIM,1,0,0.0,0,0,0,0,0,0.72,0.72,0.0,LOW-RISK PROVIDER,NORMAL,Normal claim patterns
1760099055,PHARMACY_CLAIM,1,0,0.0,0,0,0,0,0,0.72,0.72,0.0,LOW-RISK PROVIDER,NORMAL,Normal claim patterns
1029998375,PRIOR_AUTH,1,0,0.0,0,0,0,0,0,0.71,0.71,0.0,LOW-RISK PROVIDER,NORMAL,Normal claim patterns
1396108213,MEDICAL_CLAIM,1,0,0.0,0,0,0,0,0,0.71,0.71,0.0,LOW-RISK PROVIDER,NORMAL,Normal claim patterns
1595009638,PRIOR_AUTH,1,0,0.0,0,0,0,0,0,0.71,0.71,0.0,LOW-RISK PROVIDER,NORMAL,Normal claim patterns
1789164001,PHARMACY_CLAIM,1,0,0.0,0,0,0,0,0,0.71,0.71,0.0,LOW-RISK PROVIDER,NORMAL,Normal claim patterns
1820688810,PRIOR_AUTH,1,0,0.0,0,0,0,0,0,0.71,0.71,0.0,LOW-RISK PROVIDER,NORMAL,Normal claim patterns
1561407655,PHARMACY_CLAIM,1,0,0.0,0,0,0,0,0,0.7,0.7,0.0,LOW-RISK PROVIDER,NORMAL,Normal claim patterns
1837285865,PHARMACY_CLAIM,1,0,0.0,0,0,0,0,0,0.7,0.7,0.0,LOW-RISK PROVIDER,NORMAL,Normal claim patterns
1186081367,PRIOR_AUTH,1,0,0.0,0,0,0,0,0,0.69,0.69,0.0,LOW-RISK PROVIDER,NORMAL,Normal claim patterns
1331272942,PRIOR_AUTH,1,0,0.0,0,0,0,0,0,0.69,0.69,0.0,LOW-RISK PROVIDER,NORMAL,Normal claim patterns
1447079851,PHARMACY_CLAIM,1,0,0.0,0,0,0,0,0,0.69,0.69,0.0,LOW-RISK PROVIDER,NORMAL,Normal claim patterns
1547958794,PRIOR_AUTH,1,0,0.0,0,0,0,0,0,0.69,0.69,0.0,LOW-RISK PROVIDER,NORMAL,Normal claim patterns
1858729812,PRIOR_AUTH,1,0,0.0,0,0,0,0,0,0.69,0.69,0.0,LOW-RISK PROVIDER,NORMAL,Normal claim patterns
1884044502,PRIOR_AUTH,1,0,0.0,0,0,0,0,0,0.69,0.69,0.0,LOW-RISK PROVIDER,NORMAL,Normal claim patterns
1988658078,PHARMACY_CLAIM,1,0,0.0,0,0,0,0,0,0.69,0.69,0.0,LOW-RISK PROVIDER,NORMAL,Normal claim patterns
1493260887,PHARMACY_CLAIM,1,0,0.0,0,0,0,0,0,0.68,0.68,0.0,LOW-RISK PROVIDER,NORMAL,Normal claim patterns
1684198791,PHARMACY_CLAIM,1,0,0.0,0,0,0,0,0,0.68,0.68,0.0,LOW-RISK PROVIDER,NORMAL,Normal claim patterns
1013608153,PRIOR_AUTH,1,0,0.0,0,0,0,0,0,0.67,0.67,0.0,LOW-RISK PROVIDER,NORMAL,Normal claim patterns
1343672959,PHARMACY_CLAIM,1,0,0.0,0,0,0,0,0,0.67,0.67,0.0,LOW-RISK PROVIDER,NORMAL,Normal claim patterns
1544126721,PRIOR_AUTH,1,0,0.0,0,0,0,0,0,0.67,0.67,0.0,LOW-RISK PROVIDER,NORMAL,Normal claim patterns
1807827526,PHARMACY_CLAIM,1,0,0.0,0,0,0,0,0,0.67,0.67,0.0,LOW-RISK PROVIDER,NORMAL,Normal claim patterns
1067067455,PHARMACY_CLAIM,1,0,0.0,0,0,0,0,0,0.66,0.66,0.0,LOW-RISK PROVIDER,NORMAL,Normal claim patterns
1075802105,PRIOR_AUTH,1,0,0.0,0,0,0,0,0,0.66,0.66,0.0,LOW-RISK PROVIDER,NORMAL,Normal claim patterns
1578821005,MEDICAL_CLAIM,1,0,0.0,0,0,0,0,0,0.66,0.66,0.0,LOW-RISK PROVIDER,NORMAL,Normal claim patterns
1768022903,PRIOR_AUTH,1,0,0.0,0,0,0,0,0,0.66,0.66,0.0,LOW-RISK PROVIDER,NORMAL,Normal claim patterns
1887083228,PHARMACY_CLAIM,1,0,0.0,0,0,0,0,0,0.66,0.66,0.0,LOW-RISK PROVIDER,NORMAL,Normal claim patterns
1023474244,MEDICAL_CLAIM,2,0,0.0,0,0,0,0,0,0.65,0.77,0.0,LOW-RISK PROVIDER,NORMAL,Normal claim patterns
1068789265,PHARMACY_CLAIM,1,0,0.0,0,0,0,0,0,0.65,0.65,0.0,LOW-RISK PROVIDER,NORMAL,Normal claim patterns
1217349823,PHARMACY_CLAIM,1,0,0.0,0,0,0,0,0,0.65,0.65,0.0,LOW-RISK PROVIDER,NORMAL,Normal claim patterns
1105695940,PHARMACY_CLAIM,1,0,0.0,0,0,0,0,0,0.64,0.64,0.0,LOW-RISK PROVIDER,NORMAL,Normal claim patterns
1298197946,PRIOR_AUTH,1,0,0.0,0,0,0,0,0,0.64,0.64,0.0,LOW-RISK PROVIDER,NORMAL,Normal claim patterns
1625451633,PRIOR_AUTH,1,0,0.0,0,0,0,0,0,0.64,0.64,0.0,LOW-RISK PROVIDER,NORMAL,Normal claim patterns
1654893854,PRIOR_AUTH,1,0,0.0,0,0,0,0,0,0.64,0.64,0.0,LOW-RISK PROVIDER,NORMAL,Normal claim patterns
1138659568,PHARMACY_CLAIM,1,0,0.0,0,0,0,0,0,0.63,0.63,0.0,LOW-RISK PROVIDER,NORMAL,Normal claim patterns
1489986684,PRIOR_AUTH,1,0,0.0,0,0,0,0,0,0.63,0.63,0.0,LOW-RISK PROVIDER,NORMAL,Normal claim patterns
1114082605,PRIOR_AUTH,1,0,0.0,0,0,0,0,0,0.62,0.62,0.0,LOW-RISK PROVIDER,NORMAL,Normal claim patterns
1144227588,MEDICAL_CLAIM,1,0,0.0,0,0,0,0,0,0.62,0.62,0.0,LOW-RISK PROVIDER,NORMAL,Normal claim patterns
1153419453,PHARMACY_CLAIM,1,0,0.0,0,0,0,0,0,0.62,0.62,0.0,LOW-RISK PROVIDER,NORMAL,Normal claim patterns
1592431521,PHARMACY_CLAIM,1,0,0.0,0,0,0,0,0,0.62,0.62,0.0,LOW-RISK PROVIDER,NORMAL,Normal claim patterns
1845032691,PRIOR_AUTH,1,0,0.0,0,0,0,0,0,0.62,0.62,0.0,LOW-RISK PROVIDER,NORMAL,Normal claim patterns
1088697393,PRIOR_AUTH,1,0,0.0,0,0,0,0,0,0.61,0.61,0.0,LOW-RISK PROVIDER,NORMAL,Normal claim patterns
1427924341,PRIOR_AUTH,1,0,0.0,0,0,0,0,0,0.61,0.61,0.0,LOW-RISK PROVIDER,NORMAL,Normal claim patterns
1467118601,PHARMACY_CLAIM,1,0,0.0,0,0,0,0,0,0.61,0.61,0.0,LOW-RISK PROVIDER,NORMAL,Normal claim patterns
1583253209,PHARMACY_CLAIM,1,0,0.0,0,0,0,0,0,0.61,0.61,0.0,LOW-RISK PROVIDER,NORMAL,Normal claim patterns
1854009758,PHARMACY_CLAIM,1,0,0.0,0,0,0,0,0,0.61,0.61,0.0,LOW-RISK PROVIDER,NORMAL,Normal claim patterns
1104429919,PHARMACY_CLAIM,1,0,0.0,0,0,0,0,0,0.6,0.6,0.0,LOW-RISK PROVIDER,NORMAL,Normal claim patterns
1252839535,PHARMACY_CLAIM,1,0,0.0,0,0,0,0,0,0.6,0.6,0.0,LOW-RISK PROVIDER,NORMAL,Normal claim patterns
1361692539,PRIOR_AUTH,1,0,0.0,0,0,0,0,0,0.6,0.6,0.0,LOW-RISK PROVIDER,NORMAL,Normal claim patterns
1730104217,MEDICAL_CLAIM,1,0,0.0,0,0,0,0,0,0.6,0.6,0.0,LOW-RISK PROVIDER,NORMAL,Normal claim patterns
1811216350,PRIOR_AUTH,1,0,0.0,0,0,0,0,0,0.6,0.6,0.0,LOW-RISK PROVIDER,NORMAL,Normal claim patterns
1046681108,PRIOR_AUTH,1,0,0.0,0,0,0,0,0,0.59,0.59,0.0,LOW-RISK PROVIDER,NORMAL,Normal claim patterns
1379385518,PRIOR_AUTH,1,0,0.0,0,0,0,0,0,0.59,0.59,0.0,LOW-RISK PROVIDER,NORMAL,Normal claim patterns
1513312938,PHARMACY_CLAIM,1,0,0.0,0,0,0,0,0,0.59,0.59,0.0,LOW-RISK PROVIDER,NORMAL,Normal claim patterns
1532059329,PRIOR_AUTH,1,0,0.0,0,0,0,0,0,0.59,0.59,0.0,LOW-RISK PROVIDER,NORMAL,Normal claim patterns
1634011208,PHARMACY_CLAIM,1,0,0.0,0,0,0,0,0,0.59,0.59,0.0,LOW-RISK PROVIDER,NORMAL,Normal claim patterns
1750887972,MEDICAL_CLAIM,1,0,0.0,0,0,0,0,0,0.59,0.59,0.0,LOW-RISK PROVIDER,NORMAL,Normal claim patterns
1048108712,PHARMACY_CLAIM,1,0,0.0,0,0,0,0,0,0.58,0.58,0.0,LOW-RISK PROVIDER,NORMAL,Normal claim patterns
1226216115,PHARMACY_CLAIM,1,0,0.0,0,0,0,0,0,0.58,0.58,0.0,LOW-RISK PROVIDER,NORMAL,Normal claim patterns
1484728324,PRIOR_AUTH,1,0,0.0,0,0,0,0,0,0.58,0.58,0.0,LOW-RISK PROVIDER,NORMAL,Normal claim patterns
1586586712,PHARMACY_CLAIM,1,0,0.0,0,0,0,0,0,0.58,0.58,0.0,LOW-RISK PROVIDER,NORMAL,Normal claim patterns
1789637255,PRIOR_AUTH,1,0,0.0,0,0,0,0,0,0.58,0.58,0.0,LOW-RISK PROVIDER,NORMAL,Normal claim patterns
1700392438,MEDICAL_CLAIM,2,0,0.0,0,0,0,0,0,0.57,1.1,0.0,LOW-RISK PROVIDER,NORMAL,Normal claim patterns
1477292121,PRIOR_AUTH,1,0,0.0,0,0,0,0,0,0.57,0.57,0.0,LOW-RISK PROVIDER,NORMAL,Normal claim patterns
1482844719,PHARMACY_CLAIM,1,0,0.0,0,0,0,0,0,0.57,0.57,0.0,LOW-RISK PROVIDER,NORMAL,Normal claim patterns
1840372373,PHARMACY_CLAIM,1,0,0.0,0,0,0,0,0,0.57,0.57,0.0,LOW-RISK PROVIDER,NORMAL,Normal claim patterns
1194406534,PHARMACY_CLAIM,1,0,0.0,0,0,0,0,0,0.56,0.56,0.0,LOW-RISK PROVIDER,NORMAL,Normal claim patterns
1209597202,PRIOR_AUTH,1,0,0.0,0,0,0,0,0,0.56,0.56,0.0,LOW-RISK PROVIDER,NORMAL,Normal claim patterns
1369998022,PHARMACY_CLAIM,1,0,0.0,0,0,0,0,0,0.56,0.56,0.0,LOW-RISK PROVIDER,NORMAL,Normal claim patterns
1639533763,MEDICAL_CLAIM,1,0,0.0,0,0,0,0,0,0.56,0.56,0.0,LOW-RISK PROVIDER,NORMAL,Normal claim patterns
1792578374,PRIOR_AUTH,1,0,0.0,0,0,0,0,0,0.56,0.56,0.0,LOW-RISK PROVIDER,NORMAL,Normal claim patterns
1009664146,PRIOR_AUTH,1,0,0.0,0,0,0,0,0,0.55,0.55,0.0,LOW-RISK PROVIDER,NORMAL,Normal claim patterns
1104035393,PRIOR_AUTH,1,0,0.0,0,0,0,0,0,0.55,0.55,0.0,LOW-RISK PROVIDER,NORMAL,Normal claim patterns
1285273291,PHARMACY_CLAIM,1,0,0.0,0,0,0,0,0,0.55,0.55,0.0,LOW-RISK PROVIDER,NORMAL,Normal claim patterns
1397466900,PRIOR_AUTH,1,0,0.0,0,0,0,0,0,0.55,0.55,0.0,LOW-RISK PROVIDER,NORMAL,Normal claim patterns
1163686158,PRIOR_AUTH,1,0,0.0,0,0,0,0,0,0.54,0.54,0.0,LOW-RISK PROVIDER,NORMAL,Normal claim patterns
1546622513,PHARMACY_CLAIM,1,0,0.0,0,0,0,0,0,0.54,0.54,0.0,LOW-RISK PROVIDER,NORMAL,Normal claim patterns
1604626516,PHARMACY_CLAIM,1,0,0.0,0,0,0,0,0,0.54,0.54,0.0,LOW-RISK PROVIDER,NORMAL,Normal claim patterns
1873619061,PHARMACY_CLAIM,1,0,0.0,0,0,0,0,0,0.54,0.54,0.0,LOW-RISK PROVIDER,NORMAL,Normal claim patterns
1942510508,MEDICAL_CLAIM,1,0,0.0,0,0,0,0,0,0.54,0.54,0.0,LOW-RISK PROVIDER,NORMAL,Normal claim patterns
1140709260,PRIOR_AUTH,1,0,0.0,0,0,0,0,0,0.53,0.53,0.0,LOW-RISK PROVIDER,NORMAL,Normal claim patterns
1788996086,PRIOR_AUTH,1,0,0.0,0,0,0,0,0,0.53,0.53,0.0,LOW-RISK PROVIDER,NORMAL,Normal claim patterns
1910115716,PRIOR_AUTH,1,0,0.0,0,0,0,0,0,0.53,0.53,0.0,LOW-RISK PROVIDER,NORMAL,Normal claim patterns
1366818270,MEDICAL_CLAIM,3,0,0.0,0,0,0,0,0,0.52,1.52,0.0,LOW-RISK PROVIDER,NORMAL,Normal claim patterns
1034430744,PHARMACY_CLAIM,1,0,0.0,0,0,0,0,0,0.52,0.52,0.0,LOW-RISK PROVIDER,NORMAL,Normal claim patterns
1902531812,PHARMACY_CLAIM,1,0,0.0,0,0,0,0,0,0.52,0.52,0.0,LOW-RISK PROVIDER,NORMAL,Normal claim patterns
1919988981,PHARMACY_CLAIM,1,0,0.0,0,0,0,0,0,0.52,0.52,0.0,LOW-RISK PROVIDER,NORMAL,Normal claim patterns
1104991687,PRIOR_AUTH,1,0,0.0,0,0,0,0,0,0.51,0.51,0.0,LOW-RISK PROVIDER,NORMAL,Normal claim patterns
1218734799,PHARMACY_CLAIM,1,0,0.0,0,0,0,0,0,0.51,0.51,0.0,LOW-RISK PROVIDER,NORMAL,Normal claim patterns
1866364077,PHARMACY_CLAIM,1,0,0.0,0,0,0,0,0,0.51,0.51,0.0,LOW-RISK PROVIDER,NORMAL,Normal claim patterns
1911712750,PRIOR_AUTH,1,0,0.0,0,0,0,0,0,0.51,0.51,0.0,LOW-RISK PROVIDER,NORMAL,Normal claim patterns
1144728852,PHARMACY_CLAIM,1,0,0.0,0,0,0,0,0,0.5,0.5,0.0,LOW-RISK PROVIDER,NORMAL,Normal claim patterns
1199070081,PRIOR_AUTH,1,0,0.0,0,0,0,0,0,0.5,0.5,0.0,LOW-RISK PROVIDER,NORMAL,Normal claim patterns
1385890027,PRIOR_AUTH,1,0,0.0,0,0,0,0,0,0.5,0.5,0.0,LOW-RISK PROVIDER,NORMAL,Normal claim patterns
1979206175,PHARMACY_CLAIM,1,0,0.0,0,0,0,0,0,0.5,0.5,0.0,LOW-RISK PROVIDER,NORMAL,Normal claim patterns
1186032486,PRIOR_AUTH,1,0,0.0,0,0,0,0,0,0.49,0.49,0.0,LOW-RISK PROVIDER,NORMAL,Normal claim patterns
1372124258,PHARMACY_CLAIM,1,0,0.0,0,0,0,0,0,0.49,0.49,0.0,LOW-RISK PROVIDER,NORMAL,Normal claim patterns
1717402853,PHARMACY_CLAIM,1,0,0.0,0,0,0,0,0,0.49,0.49,0.0,LOW-RISK PROVIDER,NORMAL,Normal claim patterns
1756716371,PRIOR_AUTH,1,0,0.0,0,0,0,0,0,0.49,0.49,0.0,LOW-RISK PROVIDER,NORMAL,Normal claim patterns
1899454854,PRIOR_AUTH,1,0,0.0,0,0,0,0,0,0.49,0.49,0.0,LOW-RISK PROVIDER,NORMAL,Normal claim patterns
1977687865,PHARMACY_CLAIM,1,0,0.0,0,0,0,0,0,0.49,0.49,0.0,LOW-RISK PROVIDER,NORMAL,Normal claim patterns
1380443506,PHARMACY_CLAIM,1,0,0.0,0,0,0,0,0,0.48,0.48,0.0,LOW-RISK PROVIDER,NORMAL,Normal claim patterns
1493097331,PRIOR_AUTH,1,0,0.0,0,0,0,0,0,0.48,0.48,0.0,LOW-RISK PROVIDER,NORMAL,Normal claim patterns
1759107796,PHARMACY_CLAIM,1,0,0.0,0,0,0,0,0,0.48,0.48,0.0,LOW-RISK PROVIDER,NORMAL,Normal claim patterns
1869699272,PRIOR_AUTH,1,0,0.0,0,0,0,0,0,0.48,0.48,0.0,LOW-RISK PROVIDER,NORMAL,Normal claim patterns
1917188419,PHARMACY_CLAIM,1,0,0.0,0,0,0,0,0,0.48,0.48,0.0,LOW-RISK PROVIDER,NORMAL,Normal claim patterns
1082368998,PHARMACY_CLAIM,1,0,0.0,0,0,0,0,0,0.47,0.47,0.0,LOW-RISK PROVIDER,NORMAL,Normal claim patterns
1966966090,PHARMACY_CLAIM,1,0,0.0,0,0,0,0,0,0.47,0.47,0.0,LOW-RISK PROVIDER,NORMAL,Normal claim patterns
1003612450,PRIOR_AUTH,1,0,0.0,0,0,0,0,0,0.46,0.46,0.0,LOW-RISK PROVIDER,NORMAL,Normal claim patterns
1255354361,MEDICAL_CLAIM,1,0,0.0,0,0,0,0,0,0.46,0.46,0.0,LOW-RISK PROVIDER,NORMAL,Normal claim patterns
1259264346,PHARMACY_CLAIM,1,0,0.0,0,0,0,0,0,0.46,0.46,0.0,LOW-RISK PROVIDER,NORMAL,Normal claim patterns
1359397074,PRIOR_AUTH,1,0,0.0,0,0,0,0,0,0.46,0.46,0.0,LOW-RISK PROVIDER,NORMAL,Normal claim patterns
1423928934,PRIOR_AUTH,1,0,0.0,0,0,0,0,0,0.46,0.46,0.0,LOW-RISK PROVIDER,NORMAL,Normal claim patterns
1471518879,PHARMACY_CLAIM,1,0,0.0,0,0,0,0,0,0.46,0.46,0.0,LOW-RISK PROVIDER,NORMAL,Normal claim patterns
1948674353,PRIOR_AUTH,1,0,0.0,0,0,0,0,0,0.46,0.46,0.0,LOW-RISK PROVIDER,NORMAL,Normal claim patterns
1962761379,MEDICAL_CLAIM,1,0,0.0,0,0,0,0,0,0.46,0.46,0.0,LOW-RISK PROVIDER,NORMAL,Normal claim patterns
1448959630,PHARMACY_CLAIM,1,0,0.0,0,0,0,0,0,0.45,0.45,0.0,LOW-RISK PROVIDER,NORMAL,Normal claim patterns
1459168436,PRIOR_AUTH,1,0,0.0,0,0,0,0,0,0.45,0.45,0.0,LOW-RISK PROVIDER,NORMAL,Normal claim patterns
1730179847,MEDICAL_CLAIM,1,0,0.0,0,0,0,0,0,0.45,0.45,0.0,LOW-RISK PROVIDER,NORMAL,Normal claim patterns
1840586110,PHARMACY_CLAIM,1,0,0.0,0,0,0,0,0,0.45,0.45,0.0,LOW-RISK PROVIDER,NORMAL,Normal claim patterns
1396546237,PRIOR_AUTH,1,0,0.0,0,0,0,0,0,0.44,0.44,0.0,LOW-RISK PROVIDER,NORMAL,Normal claim patterns
1734143684,PRIOR_AUTH,1,0,0.0,0,0,0,0,0,0.44,0.44,0.0,LOW-RISK PROVIDER,NORMAL,Normal claim patterns
1949248876,PHARMACY_CLAIM,1,0,0.0,0,0,0,0,0,0.44,0.44,0.0,LOW-RISK PROVIDER,NORMAL,Normal claim patterns
1997457686,PHARMACY_CLAIM,1,0,0.0,0,0,0,0,0,0.44,0.44,0.0,LOW-RISK PROVIDER,NORMAL,Normal claim patterns
1006625345,PRIOR_AUTH,1,0,0.0,0,0,0,0,0,0.43,0.43,0.0,LOW-RISK PROVIDER,NORMAL,Normal claim patterns
1246637586,PHARMACY_CLAIM,1,0,0.0,0,0,0,0,0,0.43,0.43,0.0,LOW-RISK PROVIDER,NORMAL,Normal claim patterns
1331931951,PRIOR_AUTH,1,0,0.0,0,0,0,0,0,0.43,0.43,0.0,LOW-RISK PROVIDER,NORMAL,Normal claim patterns
1454097237,PHARMACY_CLAIM,1,0,0.0,0,0,0,0,0,0.43,0.43,0.0,LOW-RISK PROVIDER,NORMAL,Normal claim patterns
1745911772,PRIOR_AUTH,1,0,0.0,0,0,0,0,0,0.43,0.43,0.0,LOW-RISK PROVIDER,NORMAL,Normal claim patterns
1153855789,PHARMACY_CLAIM,1,0,0.0,0,0,0,0,0,0.42,0.42,0.0,LOW-RISK PROVIDER,NORMAL,Normal claim patterns
1186851574,PRIOR_AUTH,1,0,0.0,0,0,0,0,0,0.42,0.42,0.0,LOW-RISK PROVIDER,NORMAL,Normal claim patterns
1384544993,PHARMACY_CLAIM,1,0,0.0,0,0,0,0,0,0.42,0.42,0.0,LOW-RISK PROVIDER,NORMAL,Normal claim patterns
1762798640,PRIOR_AUTH,1,0,0.0,0,0,0,0,0,0.42,0.42,0.0,LOW-RISK PROVIDER,NORMAL,Normal claim patterns
1107985529,PRIOR_AUTH,1,0,0.0,0,0,0,0,0,0.41,0.41,0.0,LOW-RISK PROVIDER,NORMAL,Normal claim patterns
1117865546,PHARMACY_CLAIM,1,0,0.0,0,0,0,0,0,0.41,0.41,0.0,LOW-RISK PROVIDER,NORMAL,Normal claim patterns
1924571870,PRIOR_AUTH,1,0,0.0,0,0,0,0,0,0.41,0.41,0.0,LOW-RISK PROVIDER,NORMAL,Normal claim patterns
1629077235,MEDICAL_CLAIM,1,0,0.0,0,0,0,0,0,0.4,0.4,0.0,LOW-RISK PROVIDER,NORMAL,Normal claim patterns
1631036802,PHARMACY_CLAIM,1,0,0.0,0,0,0,0,0,0.4,0.4,0.0,LOW-RISK PROVIDER,NORMAL,Normal claim patterns
1662489325,PHARMACY_CLAIM,1,0,0.0,0,0,0,0,0,0.4,0.4,0.0,LOW-RISK PROVIDER,NORMAL,Normal claim patterns
1667597436,PRIOR_AUTH,1,0,0.0,0,0,0,0,0,0.4,0.4,0.0,LOW-RISK PROVIDER,NORMAL,Normal claim patterns
1930627446,PRIOR_AUTH,1,0,0.0,0,0,0,0,0,0.4,0.4,0.0,LOW-RISK PROVIDER,NORMAL,Normal claim patterns
1426109356,PHARMACY_CLAIM,1,0,0.0,0,0,0,0,0,0.39,0.39,0.0,LOW-RISK PROVIDER,NORMAL,Normal claim patterns
1568606051,MEDICAL_CLAIM,1,0,0.0,0,0,0,0,0,0.39,0.39,0.0,LOW-RISK PROVIDER,NORMAL,Normal claim patterns
1105838108,PRIOR_AUTH,1,0,0.0,0,0,0,0,0,0.38,0.38,0.0,LOW-RISK PROVIDER,NORMAL,Normal claim patterns
1138538503,PHARMACY_CLAIM,1,0,0.0,0,0,0,0,0,0.38,0.38,0.0,LOW-RISK PROVIDER,NORMAL,Normal claim patterns
1210782900,PRIOR_AUTH,1,0,0.0,0,0,0,0,0,0.38,0.38,0.0,LOW-RISK PROVIDER,NORMAL,Normal claim patterns
1398081605,PHARMACY_CLAIM,1,0,0.0,0,0,0,0,0,0.38,0.38,0.0,LOW-RISK PROVIDER,NORMAL,Normal claim patterns
1444632752,PHARMACY_CLAIM,1,0,0.0,0,0,0,0,0,0.38,0.38,0.0,LOW-RISK PROVIDER,NORMAL,Normal claim patterns
1532833159,PRIOR_AUTH,1,0,0.0,0,0,0,0,0,0.38,0.38,0.0,LOW-RISK PROVIDER,NORMAL,Normal claim patterns
1858859457,PRIOR_AUTH,1,0,0.0,0,0,0,0,0,0.38,0.38,0.0,LOW-RISK PROVIDER,NORMAL,Normal claim patterns
1111136850,PHARMACY_CLAIM,1,0,0.0,0,0,0,0,0,0.37,0.37,0.0,LOW-RISK PROVIDER,NORMAL,Normal claim patterns
1193280257,PHARMACY_CLAIM,1,0,0.0,0,0,0,0,0,0.37,0.37,0.0,LOW-RISK PROVIDER,NORMAL,Normal claim patterns
1322174716,PRIOR_AUTH,1,0,0.0,0,0,0,0,0,0.37,0.37,0.0,LOW-RISK PROVIDER,NORMAL,Normal claim patterns
1033198590,PRIOR_AUTH,1,0,0.0,0,0,0,0,0,0.36,0.36,0.0,LOW-RISK PROVIDER,NORMAL,Normal claim patterns
1106862214,PRIOR_AUTH,1,0,0.0,0,0,0,0,0,0.36,0.36,0.0,LOW-RISK PROVIDER,NORMAL,Normal claim patterns
1588732747,MEDICAL_CLAIM,1,0,0.0,0,0,0,0,0,0.36,0.36,0.0,LOW-RISK PROVIDER,NORMAL,Normal claim patterns
1656716394,PRIOR_AUTH,1,0,0.0,0,0,0,0,0,0.36,0.36,0.0,LOW-RISK PROVIDER,NORMAL,Normal claim patterns
1686888140,PHARMACY_CLAIM,1,0,0.0,0,0,0,0,0,0.36,0.36,0.0,LOW-RISK PROVIDER,NORMAL,Normal claim patterns
1912906850,MEDICAL_CLAIM,1,0,0.0,0,0,0,0,0,0.36,0.36,0.0,LOW-RISK PROVIDER,NORMAL,Normal claim patterns
1168260971,PRIOR_AUTH,1,0,0.0,0,0,0,0,0,0.35,0.35,0.0,LOW-RISK PROVIDER,NORMAL,Normal claim patterns
1212261389,PHARMACY_CLAIM,1,0,0.0,0,0,0,0,0,0.35,0.35,0.0,LOW-RISK PROVIDER,NORMAL,Normal claim patterns
1716945424,PHARMACY_CLAIM,1,0,0.0,0,0,0,0,0,0.35,0.35,0.0,LOW-RISK PROVIDER,NORMAL,Normal claim patterns
1732655317,PRIOR_AUTH,1,0,0.0,0,0,0,0,0,0.35,0.35,0.0,LOW-RISK PROVIDER,NORMAL,Normal claim patterns
1739065536,PHARMACY_CLAIM,1,0,0.0,0,0,0,0,0,0.35,0.35,0.0,LOW-RISK PROVIDER,NORMAL,Normal claim patterns
1196106729,PHARMACY_CLAIM,1,0,0.0,0,0,0,0,0,0.34,0.34,0.0,LOW-RISK PROVIDER,NORMAL,Normal claim patterns
1609289883,MEDICAL_CLAIM,1,0,0.0,0,0,0,0,0,0.34,0.34,0.0,LOW-RISK PROVIDER,NORMAL,Normal claim patterns
1726863250,PHARMACY_CLAIM,1,0,0.0,0,0,0,0,0,0.34,0.34,0.0,LOW-RISK PROVIDER,NORMAL,Normal claim patterns
1926041772,PRIOR_AUTH,1,0,0.0,0,0,0,0,0,0.34,0.34,0.0,LOW-RISK PROVIDER,NORMAL,Normal claim patterns
1978322413,PRIOR_AUTH,1,0,0.0,0,0,0,0,0,0.34,0.34,0.0,LOW-RISK PROVIDER,NORMAL,Normal claim patterns
1015151318,PRIOR_AUTH,1,0,0.0,0,0,0,0,0,0.33,0.33,0.0,LOW-RISK PROVIDER,NORMAL,Normal claim patterns
1436303421,PRIOR_AUTH,1,0,0.0,0,0,0,0,0,0.33,0.33,0.0,LOW-RISK PROVIDER,NORMAL,Normal claim patterns
1693461912,PHARMACY_CLAIM,1,0,0.0,0,0,0,0,0,0.33,0.33,0.0,LOW-RISK PROVIDER,NORMAL,Normal claim patterns
1057109401,PHARMACY_CLAIM,1,0,0.0,0,0,0,0,0,0.32,0.32,0.0,LOW-RISK PROVIDER,NORMAL,Normal claim patterns
1583008695,PRIOR_AUTH,1,0,0.0,0,0,0,0,0,0.32,0.32,0.0,LOW-RISK PROVIDER,NORMAL,Normal claim patterns
1771244934,PHARMACY_CLAIM,1,0,0.0,0,0,0,0,0,0.32,0.32,0.0,LOW-RISK PROVIDER,NORMAL,Normal claim patterns
1813276073,PRIOR_AUTH,1,0,0.0,0,0,0,0,0,0.32,0.32,0.0,LOW-RISK PROVIDER,NORMAL,Normal claim patterns
1386112172,PHARMACY_CLAIM,1,0,0.0,0,0,0,0,0,0.31,0.31,0.0,LOW-RISK PROVIDER,NORMAL,Normal claim patterns
1567053184,PHARMACY_CLAIM,1,0,0.0,0,0,0,0,0,0.31,0.31,0.0,LOW-RISK PROVIDER,NORMAL,Normal claim patterns
1738765315,PRIOR_AUTH,1,0,0.0,0,0,0,0,0,0.31,0.31,0.0,LOW-RISK PROVIDER,NORMAL,Normal claim patterns
1932193224,MEDICAL_CLAIM,1,0,0.0,0,0,0,0,0,0.31,0.31,0.0,LOW-RISK PROVIDER,NORMAL,Normal claim patterns
1226519657,PHARMACY_CLAIM,1,0,0.0,0,0,0,0,0,0.3,0.3,0.0,LOW-RISK PROVIDER,NORMAL,Normal claim patterns
1501087325,PRIOR_AUTH,1,0,0.0,0,0,0,0,0,0.3,0.3,0.0,LOW-RISK PROVIDER,NORMAL,Normal claim patterns
1615807229,PHARMACY_CLAIM,1,0,0.0,0,0,0,0,0,0.3,0.3,0.0,LOW-RISK PROVIDER,NORMAL,Normal claim patterns
1741016735,PRIOR_AUTH,1,0,0.0,0,0,0,0,0,0.3,0.3,0.0,LOW-RISK PROVIDER,NORMAL,Normal claim patterns
1765505171,PRIOR_AUTH,1,0,0.0,0,0,0,0,0,0.3,0.3,0.0,LOW-RISK PROVIDER,NORMAL,Normal claim patterns
1310902882,PRIOR_AUTH,1,0,0.0,0,0,0,0,0,0.29,0.29,0.0,LOW-RISK PROVIDER,NORMAL,Normal claim patterns
1462487021,PHARMACY_CLAIM,1,0,0.0,0,0,0,0,0,0.29,0.29,0.0,LOW-RISK PROVIDER,NORMAL,Normal claim patterns
1615223895,PHARMACY_CLAIM,1,0,0.0,0,0,0,0,0,0.29,0.29,0.0,LOW-RISK PROVIDER,NORMAL,Normal claim patterns
1198292843,PRIOR_AUTH,1,0,0.0,0,0,0,0,0,0.28,0.28,0.0,LOW-RISK PROVIDER,NORMAL,Normal claim patterns
1310924671,PHARMACY_CLAIM,1,0,0.0,0,0,0,0,0,0.28,0.28,0.0,LOW-RISK PROVIDER,NORMAL,Normal claim patterns
1772891562,PHARMACY_CLAIM,1,0,0.0,0,0,0,0,0,0.28,0.28,0.0,LOW-RISK PROVIDER,NORMAL,Normal claim patterns
1805125682,PRIOR_AUTH,1,0,0.0,0,0,0,0,0,0.28,0.28,0.0,LOW-RISK PROVIDER,NORMAL,Normal claim patterns
1186815576,PRIOR_AUTH,1,0,0.0,0,0,0,0,0,0.27,0.27,0.0,LOW-RISK PROVIDER,NORMAL,Normal claim patterns
1276019487,PHARMACY_CLAIM,1,0,0.0,0,0,0,0,0,0.27,0.27,0.0,LOW-RISK PROVIDER,NORMAL,Normal claim patterns
1601019159,PHARMACY_CLAIM,1,0,0.0,0,0,0,0,0,0.27,0.27,0.0,LOW-RISK PROVIDER,NORMAL,Normal claim patterns
1839936442,PRIOR_AUTH,1,0,0.0,0,0,0,0,0,0.27,0.27,0.0,LOW-RISK PROVIDER,NORMAL,Normal claim patterns
1085453224,PRIOR_AUTH,1,0,0.0,0,0,0,0,0,0.26,0.26,0.0,LOW-RISK PROVIDER,NORMAL,Normal claim patterns
1522891883,PRIOR_AUTH,1,0,0.0,0,0,0,0,0,0.26,0.26,0.0,LOW-RISK PROVIDER,NORMAL,Normal claim patterns
1863273553,PRIOR_AUTH,1,0,0.0,0,0,0,0,0,0.26,0.26,0.0,LOW-RISK PROVIDER,NORMAL,Normal claim patterns
1089237607,PHARMACY_CLAIM,1,0,0.0,0,0,0,0,0,0.25,0.25,0.0,LOW-RISK PROVIDER,NORMAL,Normal claim patterns
1639653709,PRIOR_AUTH,1,0,0.0,0,0,0,0,0,0.25,0.25,0.0,LOW-RISK PROVIDER,NORMAL,Normal claim patterns
1679743949,PHARMACY_CLAIM,1,0,0.0,0,0,0,0,0,0.25,0.25,0.0,LOW-RISK PROVIDER,NORMAL,Normal claim patterns
1703783466,PHARMACY_CLAIM,1,0,0.0,0,0,0,0,0,0.25,0.25,0.0,LOW-RISK PROVIDER,NORMAL,Normal claim patterns
1890337194,PRIOR_AUTH,1,0,0.0,0,0,0,0,0,0.25,0.25,0.0,LOW-RISK PROVIDER,NORMAL,Normal claim patterns
1338623869,PHARMACY_CLAIM,1,0,0.0,0,0,0,0,0,0.24,0.24,0.0,LOW-RISK PROVIDER,NORMAL,Normal claim patterns
1380687949,PRIOR_AUTH,1,0,0.0,0,0,0,0,0,0.24,0.24,0.0,LOW-RISK PROVIDER,NORMAL,Normal claim patterns
1527800324,PHARMACY_CLAIM,1,0,0.0,0,0,0,0,0,0.24,0.24,0.0,LOW-RISK PROVIDER,NORMAL,Normal claim patterns
1211764300,PHARMACY_CLAIM,1,0,0.0,0,0,0,0,0,0.23,0.23,0.0,LOW-RISK PROVIDER,NORMAL,Normal claim patterns
1380441045,PHARMACY_CLAIM,1,0,0.0,0,0,0,0,0,0.23,0.23,0.0,LOW-RISK PROVIDER,NORMAL,Normal claim patterns
1547734002,PRIOR_AUTH,1,0,0.0,0,0,0,0,0,0.23,0.23,0.0,LOW-RISK PROVIDER,NORMAL,Normal claim patterns
1876653762,PRIOR_AUTH,1,0,0.0,0,0,0,0,0,0.23,0.23,0.0,LOW-RISK PROVIDER,NORMAL,Normal claim patterns
1982064993,PRIOR_AUTH,1,0,0.0,0,0,0,0,0,0.23,0.23,0.0,LOW-RISK PROVIDER,NORMAL,Normal claim patterns
1109383429,PRIOR_AUTH,1,0,0.0,0,0,0,0,0,0.22,0.22,0.0,LOW-RISK PROVIDER,NORMAL,Normal claim patterns
1389001471,PHARMACY_CLAIM,1,0,0.0,0,0,0,0,0,0.22,0.22,0.0,LOW-RISK PROVIDER,NORMAL,Normal claim patterns
1666674568,PRIOR_AUTH,1,0,0.0,0,0,0,0,0,0.22,0.22,0.0,LOW-RISK PROVIDER,NORMAL,Normal claim patterns
1831317029,PHARMACY_CLAIM,1,0,0.0,0,0,0,0,0,0.22,0.22,0.0,LOW-RISK PROVIDER,NORMAL,Normal claim patterns
1970698142,PHARMACY_CLAIM,1,0,0.0,0,0,0,0,0,0.22,0.22,0.0,LOW-RISK PROVIDER,NORMAL,Normal claim patterns
1073339933,PRIOR_AUTH,1,0,0.0,0,0,0,0,0,0.21,0.21,0.0,LOW-RISK PROVIDER,NORMAL,Normal claim patterns
1192222688,PHARMACY_CLAIM,1,0,0.0,0,0,0,0,0,0.21,0.21,0.0,LOW-RISK PROVIDER,NORMAL,Normal claim patterns
1194941542,MEDICAL_CLAIM,1,0,0.0,0,0,0,0,0,0.21,0.21,0.0,LOW-RISK PROVIDER,NORMAL,Normal claim patterns
1926872145,PRIOR_AUTH,1,0,0.0,0,0,0,0,0,0.21,0.21,0.0,LOW-RISK PROVIDER,NORMAL,Normal claim patterns
1013271262,PHARMACY_CLAIM,1,0,0.0,0,0,0,0,0,0.2,0.2,0.0,LOW-RISK PROVIDER,NORMAL,Normal claim patterns
1840443742,PHARMACY_CLAIM,1,0,0.0,0,0,0,0,0,0.2,0.2,0.0,LOW-RISK PROVIDER,NORMAL,Normal claim patterns
1914996953,PRIOR_AUTH,1,0,0.0,0,0,0,0,0,0.2,0.2,0.0,LOW-RISK PROVIDER,NORMAL,Normal claim patterns
1180140165,PRIOR_AUTH,1,0,0.0,0,0,0,0,0,0.19,0.19,0.0,LOW-RISK PROVIDER,NORMAL,Normal claim patterns
1405151744,PRIOR_AUTH,1,0,0.0,0,0,0,0,0,0.19,0.19,0.0,LOW-RISK PROVIDER,NORMAL,Normal claim patterns
1631766597,PHARMACY_CLAIM,1,0,0.0,0,0,0,0,0,0.19,0.19,0.0,LOW-RISK PROVIDER,NORMAL,Normal claim patterns
1638888044,PRIOR_AUTH,1,0,0.0,0,0,0,0,0,0.19,0.19,0.0,LOW-RISK PROVIDER,NORMAL,Normal claim patterns
1896194193,PHARMACY_CLAIM,1,0,0.0,0,0,0,0,0,0.19,0.19,0.0,LOW-RISK PROVIDER,NORMAL,Normal claim patterns
1041505146,PHARMACY_CLAIM,1,0,0.0,0,0,0,0,0,0.18,0.18,0.0,LOW-RISK PROVIDER,NORMAL,Normal claim patterns
1138074297,PRIOR_AUTH,1,0,0.0,0,0,0,0,0,0.18,0.18,0.0,LOW-RISK PROVIDER,NORMAL,Normal claim patterns
1593569306,PHARMACY_CLAIM,1,0,0.0,0,0,0,0,0,0.18,0.18,0.0,LOW-RISK PROVIDER,NORMAL,Normal claim patterns
1645045028,PHARMACY_CLAIM,1,0,0.0,0,0,0,0,0,0.18,0.18,0.0,LOW-RISK PROVIDER,NORMAL,Normal claim patterns
1806031490,PRIOR_AUTH,1,0,0.0,0,0,0,0,0,0.18,0.18,0.0,LOW-RISK PROVIDER,NORMAL,Normal claim patterns
1053027785,PHARMACY_CLAIM,1,0,0.0,0,0,0,0,0,0.17,0.17,0.0,LOW-RISK PROVIDER,NORMAL,Normal claim patterns
1274345747,PHARMACY_CLAIM,1,0,0.0,0,0,0,0,0,0.17,0.17,0.0,LOW-RISK PROVIDER,NORMAL,Normal claim patterns
1415359560,PRIOR_AUTH,1,0,0.0,0,0,0,0,0,0.17,0.17,0.0,LOW-RISK PROVIDER,NORMAL,Normal claim patterns
1533787268,PRIOR_AUTH,1,0,0.0,0,0,0,0,0,0.17,0.17,0.0,LOW-RISK PROVIDER,NORMAL,Normal claim patterns
1683811406,PHARMACY_CLAIM,1,0,0.0,0,0,0,0,0,0.17,0.17,0.0,LOW-RISK PROVIDER,NORMAL,Normal claim patterns
1491961018,PRIOR_AUTH,1,0,0.0,0,0,0,0,0,0.16,0.16,0.0,LOW-RISK PROVIDER,NORMAL,Normal claim patterns
1876417408,PHARMACY_CLAIM,1,0,0.0,0,0,0,0,0,0.16,0.16,0.0,LOW-RISK PROVIDER,NORMAL,Normal claim patterns
1543616264,PHARMACY_CLAIM,1,0,0.0,0,0,0,0,0,0.15,0.15,0.0,LOW-RISK PROVIDER,NORMAL,Normal claim patterns
1550167296,PRIOR_AUTH,1,0,0.0,0,0,0,0,0,0.15,0.15,0.0,LOW-RISK PROVIDER,NORMAL,Normal claim patterns
1605891676,PRIOR_AUTH,1,0,0.0,0,0,0,0,0,0.15,0.15,0.0,LOW-RISK PROVIDER,NORMAL,Normal claim patterns
1667180642,PHARMACY_CLAIM,1,0,0.0,0,0,0,0,0,0.15,0.15,0.0,LOW-RISK PROVIDER,NORMAL,Normal claim patterns
1776382727,PHARMACY_CLAIM,1,0,0.0,0,0,0,0,0,0.15,0.15,0.0,LOW-RISK PROVIDER,NORMAL,Normal claim patterns
1846035628,PRIOR_AUTH,1,0,0.0,0,0,0,0,0,0.15,0.15,0.0,LOW-RISK PROVIDER,NORMAL,Normal claim patterns
1028437684,PHARMACY_CLAIM,1,0,0.0,0,0,0,0,0,0.14,0.14,0.0,LOW-RISK PROVIDER,NORMAL,Normal claim patterns
1639784603,PRIOR_AUTH,1,0,0.0,0,0,0,0,0,0.14,0.14,0.0,LOW-RISK PROVIDER,NORMAL,Normal claim patterns
1675094882,PHARMACY_CLAIM,1,0,0.0,0,0,0,0,0,0.14,0.14,0.0,LOW-RISK PROVIDER,NORMAL,Normal claim patterns
1233714142,PHARMACY_CLAIM,1,0,0.0,0,0,0,0,0,0.13,0.13,0.0,LOW-RISK PROVIDER,NORMAL,Normal claim patterns
1311571124,PRIOR_AUTH,1,0,0.0,0,0,0,0,0,0.13,0.13,0.0,LOW-RISK PROVIDER,NORMAL,Normal claim patterns
1507503173,PRIOR_AUTH,1,0,0.0,0,0,0,0,0,0.13,0.13,0.0,LOW-RISK PROVIDER,NORMAL,Normal claim patterns
1560201507,PHARMACY_CLAIM,1,0,0.0,0,0,0,0,0,0.13,0.13,0.0,LOW-RISK PROVIDER,NORMAL,Normal claim patterns
1619656936,PRIOR_AUTH,1,0,0.0,0,0,0,0,0,0.13,0.13,0.0,LOW-RISK PROVIDER,NORMAL,Normal claim patterns
1448326456,PHARMACY_CLAIM,1,0,0.0,0,0,0,0,0,0.12,0.12,0.0,LOW-RISK PROVIDER,NORMAL,Normal claim patterns
1778417515,PHARMACY_CLAIM,1,0,0.0,0,0,0,0,0,0.12,0.12,0.0,LOW-RISK PROVIDER,NORMAL,Normal claim patterns
1831287655,MEDICAL_CLAIM,1,0,0.0,0,0,0,0,0,0.12,0.12,0.0,LOW-RISK PROVIDER,NORMAL,Normal claim patterns
1022720478,PHARMACY_CLAIM,1,0,0.0,0,0,0,0,0,0.11,0.11,0.0,LOW-RISK PROVIDER,NORMAL,Normal claim patterns
1184988047,PRIOR_AUTH,1,0,0.0,0,0,0,0,0,0.11,0.11,0.0,LOW-RISK PROVIDER,NORMAL,Normal claim patterns
1201788845,PRIOR_AUTH,1,0,0.0,0,0,0,0,0,0.11,0.11,0.0,LOW-RISK PROVIDER,NORMAL,Normal claim patterns
1213611345,PHARMACY_CLAIM,1,0,0.0,0,0,0,0,0,0.11,0.11,0.0,LOW-RISK PROVIDER,NORMAL,Normal claim patterns
1505840217,PRIOR_AUTH,1,0,0.0,0,0,0,0,0,0.11,0.11,0.0,LOW-RISK PROVIDER,NORMAL,Normal claim patterns
1546780453,PRIOR_AUTH,1,0,0.0,0,0,0,0,0,0.11,0.11,0.0,LOW-RISK PROVIDER,NORMAL,Normal claim patterns
1583991955,PRIOR_AUTH,1,0,0.0,0,0,0,0,0,0.11,0.11,0.0,LOW-RISK PROVIDER,NORMAL,Normal claim patterns
1418846529,PHARMACY_CLAIM,1,0,0.0,0,0,0,0,0,0.1,0.1,0.0,LOW-RISK PROVIDER,NORMAL,Normal claim patterns
1987134750,PRIOR_AUTH,1,0,0.0,0,0,0,0,0,0.1,0.1,0.0,LOW-RISK PROVIDER,NORMAL,Normal claim patterns
1272282407,PRIOR_AUTH,1,0,0.0,0,0,0,0,0,0.09,0.09,0.0,LOW-RISK PROVIDER,NORMAL,Normal claim patterns
1300321895,PHARMACY_CLAIM,1,0,0.0,0,0,0,0,0,0.09,0.09,0.0,LOW-RISK PROVIDER,NORMAL,Normal claim patterns
1370700043,PRIOR_AUTH,1,0,0.0,0,0,0,0,0,0.09,0.09,0.0,LOW-RISK PROVIDER,NORMAL,Normal claim patterns
1618050586,PHARMACY_CLAIM,1,0,0.0,0,0,0,0,0,0.09,0.09,0.0,LOW-RISK PROVIDER,NORMAL,Normal claim patterns
1173615550,PHARMACY_CLAIM,1,0,0.0,0,0,0,0,0,0.08,0.08,0.0,LOW-RISK PROVIDER,NORMAL,Normal claim patterns
1393365096,PRIOR_AUTH,1,0,0.0,0,0,0,0,0,0.08,0.08,0.0,LOW-RISK PROVIDER,NORMAL,Normal claim patterns
1609374842,MEDICAL_CLAIM,1,0,0.0,0,0,0,0,0,0.08,0.08,0.0,LOW-RISK PROVIDER,NORMAL,Normal claim patterns
1906029052,PHARMACY_CLAIM,1,0,0.0,0,0,0,0,0,0.08,0.08,0.0,LOW-RISK PROVIDER,NORMAL,Normal claim patterns
1313298179,PHARMACY_CLAIM,1,0,0.0,0,0,0,0,0,0.07,0.07,0.0,LOW-RISK PROVIDER,NORMAL,Normal claim patterns
1387589664,PRIOR_AUTH,1,0,0.0,0,0,0,0,0,0.07,0.07,0.0,LOW-RISK PROVIDER,NORMAL,Normal claim patterns
1472465949,PHARMACY_CLAIM,1,0,0.0,0,0,0,0,0,0.07,0.07,0.0,LOW-RISK PROVIDER,NORMAL,Normal claim patterns
1149899478,PRIOR_AUTH,1,0,0.0,0,0,0,0,0,0.06,0.06,0.0,LOW-RISK PROVIDER,NORMAL,Normal claim patterns
1334662912,PRIOR_AUTH,1,0,0.0,0,0,0,0,0,0.06,0.06,0.0,LOW-RISK PROVIDER,NORMAL,Normal claim patterns
1345976960,PRIOR_AUTH,1,0,0.0,0,0,0,0,0,0.06,0.06,0.0,LOW-RISK PROVIDER,NORMAL,Normal claim patterns
1485105633,PRIOR_AUTH,1,0,0.0,0,0,0,0,0,0.06,0.06,0.0,LOW-RISK PROVIDER,NORMAL,Normal claim patterns
1918517271,PRIOR_AUTH,1,0,0.0,0,0,0,0,0,0.06,0.06,0.0,LOW-RISK PROVIDER,NORMAL,Normal claim patterns
1999273235,PRIOR_AUTH,1,0,0.0,0,0,0,0,0,0.06,0.06,0.0,LOW-RISK PROVIDER,NORMAL,Normal claim patterns
1199081883,PHARMACY_CLAIM,1,0,0.0,0,0,0,0,0,0.05,0.05,0.0,LOW-RISK PROVIDER,NORMAL,Normal claim patterns
1395242026,PHARMACY_CLAIM,1,0,0.0,0,0,0,0,0,0.05,0.05,0.0,LOW-RISK PROVIDER,NORMAL,Normal claim patterns
1119194152,PHARMACY_CLAIM,1,0,0.0,0,0,0,0,0,0.04,0.04,0.0,LOW-RISK PROVIDER,NORMAL,Normal claim patterns
1223113886,PRIOR_AUTH,1,0,0.0,0,0,0,0,0,0.04,0.04,0.0,LOW-RISK PROVIDER,NORMAL,Normal claim patterns
1489983832,PHARMACY_CLAIM,1,0,0.0,0,0,0,0,0,0.04,0.04,0.0,LOW-RISK PROVIDER,NORMAL,Normal claim patterns
1908339696,PHARMACY_CLAIM,1,0,0.0,0,0,0,0,0,0.04,0.04,0.0,LOW-RISK PROVIDER,NORMAL,Normal claim patterns
1329595404,PRIOR_AUTH,1,0,0.0,0,0,0,0,0,0.03,0.03,0.0,LOW-RISK PROVIDER,NORMAL,Normal claim patterns
1676805417,PHARMACY_CLAIM,1,0,0.0,0,0,0,0,0,0.03,0.03,0.0,LOW-RISK PROVIDER,NORMAL,Normal claim patterns
1683360630,PHARMACY_CLAIM,1,0,0.0,0,0,0,0,0,0.03,0.03,0.0,LOW-RISK PROVIDER,NORMAL,Normal claim patterns
1718977529,PRIOR_AUTH,1,0,0.0,0,0,0,0,0,0.03,0.03,0.0,LOW-RISK PROVIDER,NORMAL,Normal claim patterns
1856847267,PRIOR_AUTH,1,0,0.0,0,0,0,0,0,0.03,0.03,0.0,LOW-RISK PROVIDER,NORMAL,Normal claim patterns
1964920491,PRIOR_AUTH,1,0,0.0,0,0,0,0,0,0.03,0.03,0.0,LOW-RISK PROVIDER,NORMAL,Normal claim patterns
1434685032,PHARMACY_CLAIM,1,0,0.0,0,0,0,0,0,0.02,0.02,0.0,LOW-RISK PROVIDER,NORMAL,Normal claim patterns
1714720504,PHARMACY_CLAIM,1,0,0.0,0,0,0,0,0,0.02,0.02,0.0,LOW-RISK PROVIDER,NORMAL,Normal claim patterns
1055512191,PHARMACY_CLAIM,1,0,0.0,0,0,0,0,0,0.01,0.01,0.0,LOW-RISK PROVIDER,NORMAL,Normal claim patterns
1097319824,PRIOR_AUTH,1,0,0.0,0,0,0,0,0,0.01,0.01,0.0,LOW-RISK PROVIDER,NORMAL,Normal claim patterns
1199461342,PRIOR_AUTH,1,0,0.0,0,0,0,0,0,0.01,0.01,0.0,LOW-RISK PROVIDER,NORMAL,Normal claim patterns
1416694133,PRIOR_AUTH,1,0,0.0,0,0,0,0,0,0.01,0.01,0.0,LOW-RISK PROVIDER,NORMAL,Normal claim patterns
1634592640,PHARMACY_CLAIM,1,0,0.0,0,0,0,0,0,0.01,0.01,0.0,LOW-RISK PROVIDER,NORMAL,Normal claim patterns
1936972891,PHARMACY_CLAIM,1,0,0.0,0,0,0,0,0,0.01,0.01,0.0,LOW-RISK PROVIDER,NORMAL,Normal claim patterns
