Record_ID,Total_Rule_Violations,High,Medium,Low
MC100442,1,1,0,0
MC103954,1,1,0,0
MC102288,1,1,0,0
MC103196,1,1,0,0
MC102065,1,1,0,0
MC100413,0,0,0,0
MC101805,0,0,0,0
MC103631,0,0,0,0
MC100837,0,0,0,0
MC104186,0,0,0,0
MC101995,0,0,0,0
MC104921,1,1,0,0
MC102593,0,0,0,0
MC101745,1,1,0,0
MC103830,0,0,0,0
MC104871,0,0,0,0
MC102097,0,0,0,0
MC104872,0,0,0,0
MC101810,0,0,0,0
MC101091,0,0,0,0
MC102828,1,1,0,0
MC102200,1,1,0,0
MC103346,0,0,0,0
MC100157,0,0,0,0
MC101242,1,1,0,0
MC100101,0,0,0,0
MC104254,1,1,0,0
MC104882,0,0,0,0
MC100964,0,0,0,0
MC103666,1,1,0,0
MC102803,1,1,0,0
MC103685,1,1,0,0
MC102687,0,0,0,0
MC102231,1,1,0,0
MC104429,0,0,0,0
MC101521,0,0,0,0
MC103178,0,0,0,0
MC100608,1,1,0,0
MC102420,1,1,0,0
MC104646,1,1,0,0
MC102049,1,1,0,0
MC103869,1,1,0,0
MC101239,1,1,0,0
MC103357,1,1,0,0
MC104786,1,1,0,0
MC102467,1,1,0,0
MC100227,0,0,0,0
MC101313,1,1,0,0
MC103158,1,1,0,0
MC104016,0,0,0,0
MC103370,1,1,0,0
MC104653,1,1,0,0
MC100425,1,1,0,0
MC100577,0,0,0,0
MC100125,1,1,0,0
MC100069,0,0,0,0
MC103833,0,0,0,0
MC100960,1,1,0,0
MC101431,1,1,0,0
MC102228,1,1,0,0
MC103923,1,1,0,0
MC101252,0,0,0,0
MC104671,0,0,0,0
MC101499,0,0,0,0
MC102454,0,0,0,0
MC104326,0,0,0,0
MC100999,1,1,0,0
MC104975,0,0,0,0
MC102451,1,1,0,0
MC100931,1,1,0,0
MC101977,0,0,0,0
MC104070,0,0,0,0
MC102308,1,1,0,0
MC104411,1,1,0,0
MC100761,1,1,0,0
MC103521,1,1,0,0
MC101616,0,0,0,0
MC100177,0,0,0,0
MC104267,0,0,0,0
MC101901,1,1,0,0
MC100542,1,1,0,0
MC102846,0,0,0,0
MC102649,0,0,0,0
MC103262,1,1,0,0
MC102032,0,0,0,0
MC101244,0,0,0,0
MC104227,3,3,0,0
MC104452,0,0,0,0
MC103071,1,1,0,0
MC101961,1,1,0,0
MC103532,1,1,0,0
MC101469,1,1,0,0
MC102016,1,1,0,0
MC102694,1,1,0,0
MC101827,0,0,0,0
MC103936,0,0,0,0
MC103303,1,1,0,0
MC101309,1,1,0,0
MC101037,1,1,0,0
MC101160,1,1,0,0
MC100901,0,0,0,0
MC101650,1,1,0,0
MC101350,1,1,0,0
MC103430,1,1,0,0
MC104249,0,0,0,0
MC103483,1,1,0,0
MC102434,0,0,0,0
MC100628,0,0,0,0
MC102725,1,1,0,0
MC101868,0,0,0,0
MC100313,1,1,0,0
MC101210,1,1,0,0
MC104853,0,0,0,0
MC100743,0,0,0,0
MC100826,0,0,0,0
MC101934,1,1,0,0
MC102991,1,1,0,0
MC104523,1,1,0,0
MC103062,1,1,0,0
MC104599,1,1,0,0
MC101009,1,1,0,0
MC104807,0,0,0,0
MC102987,1,1,0,0
MC101496,0,0,0,0
MC103801,0,0,0,0
MC104096,0,0,0,0
MC104986,0,0,0,0
MC100169,1,1,0,0
MC103737,0,0,0,0
MC102893,1,1,0,0
MC101143,0,0,0,0
MC104964,1,1,0,0
MC102935,1,1,0,0
MC101994,1,1,0,0
MC102457,1,1,0,0
MC100611,1,1,0,0
MC103386,1,1,0,0
MC104292,1,1,0,0
MC101170,1,1,0,0
MC104206,0,0,0,0
MC103288,0,0,0,0
MC104693,3,3,0,0
MC101627,0,0,0,0
MC100295,0,0,0,0
MC101502,0,0,0,0
MC101749,0,0,0,0
MC103429,2,1,1,0
MC101660,1,1,0,0
MC100309,1,1,0,0
MC102255,1,1,0,0
MC102719,0,0,0,0
MC100896,0,0,0,0
MC104247,0,0,0,0
MC104899,1,1,0,0
MC100966,0,0,0,0
MC102433,0,0,0,0
MC104172,1,1,0,0
MC102213,0,0,0,0
MC100958,0,0,0,0
MC103325,0,0,0,0
MC100797,0,0,0,0
MC104751,1,1,0,0
MC103942,0,0,0,0
MC103097,0,0,0,0
MC103092,0,0,0,0
MC101633,1,1,0,0
MC100667,1,1,0,0
MC103725,1,1,0,0
MC104170,1,1,0,0
MC101891,1,1,0,0
MC104330,1,1,0,0
MC101174,1,1,0,0
MC102651,1,1,0,0
MC104144,0,0,0,0
MC101460,0,0,0,0
MC102043,1,1,0,0
MC103803,0,0,0,0
MC104335,0,0,0,0
MC101953,1,1,0,0
MC101582,1,1,0,0
MC101537,1,1,0,0
MC104360,0,0,0,0
MC103805,1,1,0,0
MC102120,1,1,0,0
MC104803,1,1,0,0
MC102344,0,0,0,0
MC104481,1,1,0,0
MC102292,1,1,0,0
MC103789,0,0,0,0
MC104313,1,1,0,0
MC103026,0,0,0,0
MC103077,0,0,0,0
MC104499,0,0,0,0
MC101114,0,0,0,0
MC103000,1,1,0,0
MC104415,1,1,0,0
MC100578,0,0,0,0
MC102598,1,1,0,0
MC101897,0,0,0,0
MC104840,0,0,0,0
MC100833,0,0,0,0
MC102866,0,0,0,0
MC101089,1,1,0,0
MC104367,0,0,0,0
MC104211,0,0,0,0
MC101112,0,0,0,0
MC104657,0,0,0,0
MC100073,1,1,0,0
MC101444,1,1,0,0
MC100242,1,1,0,0
MC103494,0,0,0,0
MC100601,0,0,0,0
MC102613,1,1,0,0
MC103651,1,1,0,0
MC104976,0,0,0,0
MC102670,0,0,0,0
MC102321,1,1,0,0
MC100580,1,1,0,0
MC100153,0,0,0,0
MC100881,0,0,0,0
MC101843,1,1,0,0
MC104268,0,0,0,0
MC102956,0,0,0,0
MC103434,0,0,0,0
MC100376,0,0,0,0
MC103768,0,0,0,0
MC101119,0,0,0,0
MC103455,0,0,0,0
MC102190,0,0,0,0
MC103836,0,0,0,0
MC103808,1,1,0,0
MC104255,0,0,0,0
MC101383,1,1,0,0
MC104655,0,0,0,0
MC103544,0,0,0,0
MC102465,0,0,0,0
MC104287,1,1,0,0
MC104707,0,0,0,0
MC104948,0,0,0,0
MC101301,1,1,0,0
MC101837,1,1,0,0
MC101790,0,0,0,0
MC102743,0,0,0,0
MC104973,0,0,0,0
MC103741,1,1,0,0
MC102663,0,0,0,0
MC100329,0,0,0,0
MC100491,0,0,0,0
MC101709,3,3,0,0
MC102597,0,0,0,0
MC100179,0,0,0,0
MC103628,1,1,0,0
MC103024,0,0,0,0
MC101377,2,2,0,0
MC101406,1,1,0,0
MC100922,1,1,0,0
MC101011,0,0,0,0
MC100189,0,0,0,0
MC103938,1,1,0,0
MC103400,0,0,0,0
MC103817,1,1,0,0
MC103609,1,1,0,0
MC103431,0,0,0,0
MC102574,3,3,0,0
MC100424,1,1,0,0
MC102946,1,1,0,0
MC102019,1,1,0,0
MC102992,0,0,0,0
MC103304,1,1,0,0
MC102376,1,1,0,0
MC102191,1,1,0,0
MC102684,1,1,0,0
MC103396,1,1,0,0
MC100365,1,1,0,0
MC102282,0,0,0,0
MC103498,0,0,0,0
MC104315,1,1,0,0
MC102373,0,0,0,0
MC101126,1,1,0,0
MC101752,1,1,0,0
MC102088,0,0,0,0
MC100517,0,0,0,0
MC104649,1,1,0,0
MC102969,0,0,0,0
MC104049,0,0,0,0
MC102054,3,3,0,0
MC100433,0,0,0,0
MC100789,1,1,0,0
MC101712,1,1,0,0
MC104301,1,1,0,0
MC100909,0,0,0,0
MC103435,1,1,0,0
MC103727,0,0,0,0
MC103348,1,1,0,0
MC100696,0,0,0,0
MC102712,0,0,0,0
MC104216,1,1,0,0
MC103599,1,1,0,0
MC104810,0,0,0,0
MC102246,0,0,0,0
MC101577,0,0,0,0
MC103030,0,0,0,0
MC102706,1,1,0,0
MC100848,0,0,0,0
MC103674,3,2,1,0
MC104708,0,0,0,0
MC101072,1,1,0,0
MC102356,0,0,0,0
MC104804,1,1,0,0
MC104423,0,0,0,0
MC103857,1,1,0,0
MC102693,1,1,0,0
MC100190,1,1,0,0
MC103411,0,0,0,0
MC102835,1,1,0,0
MC101838,1,1,0,0
MC102588,0,0,0,0
MC104282,0,0,0,0
MC100212,1,1,0,0
MC104586,0,0,0,0
MC104489,0,0,0,0
MC102139,1,1,0,0
MC100530,1,1,0,0
MC101006,0,0,0,0
MC101200,0,0,0,0
MC100838,0,0,0,0
MC101394,1,1,0,0
MC100420,0,0,0,0
MC102455,1,1,0,0
MC103809,0,0,0,0
MC102908,1,1,0,0
MC102918,0,0,0,0
MC100955,0,0,0,0
MC103581,0,0,0,0
MC101357,0,0,0,0
MC104866,1,1,0,0
MC103562,1,1,0,0
MC102787,1,1,0,0
MC100104,0,0,0,0
MC101134,0,0,0,0
MC102167,0,0,0,0
MC101815,0,0,0,0
MC102864,0,0,0,0
MC103791,0,0,0,0
MC101069,0,0,0,0
MC102281,1,1,0,0
MC101360,0,0,0,0
MC103663,0,0,0,0
MC104608,1,1,0,0
MC102634,1,1,0,0
MC100948,0,0,0,0
MC104494,1,1,0,0
MC104880,1,1,0,0
MC100178,0,0,0,0
MC100656,1,1,0,0
MC102621,0,0,0,0
MC100070,1,1,0,0
MC103539,4,3,1,0
MC100619,1,1,0,0
MC100919,0,0,0,0
MC100603,0,0,0,0
MC103341,1,1,0,0
MC101685,0,0,0,0
MC103282,0,0,0,0
MC103784,1,1,0,0
MC101445,0,0,0,0
MC101538,2,2,0,0
MC100111,1,1,0,0
MC101101,1,1,0,0
MC104891,0,0,0,0
MC103211,1,1,0,0
MC104123,1,1,0,0
MC101155,0,0,0,0
MC103289,1,1,0,0
MC102601,1,1,0,0
MC100746,1,1,0,0
MC102496,1,1,0,0
MC101914,1,1,0,0
MC102653,0,0,0,0
MC102940,1,1,0,0
MC102916,0,0,0,0
MC104953,0,0,0,0
MC103583,0,0,0,0
MC102666,0,0,0,0
MC104209,0,0,0,0
MC104014,1,1,0,0
MC103215,1,1,0,0
MC101581,1,1,0,0
MC104851,1,1,0,0
MC102871,0,0,0,0
MC103248,0,0,0,0
MC100739,0,0,0,0
MC102527,1,1,0,0
MC102979,0,0,0,0
MC102187,0,0,0,0
MC104702,0,0,0,0
MC101662,1,1,0,0
MC104591,2,2,0,0
MC103608,0,0,0,0
MC104386,0,0,0,0
MC102959,1,1,0,0
MC101756,0,0,0,0
MC103292,1,1,0,0
MC103354,0,0,0,0
MC100615,0,0,0,0
MC100626,0,0,0,0
MC101265,0,0,0,0
MC104421,0,0,0,0
MC103161,1,1,0,0
MC101404,2,2,0,0
MC101043,0,0,0,0
MC100040,1,1,0,0
MC101368,0,0,0,0
MC100446,1,1,0,0
MC101648,0,0,0,0
MC100437,3,2,1,0
MC101458,1,1,0,0
MC102879,1,1,0,0
MC104240,1,1,0,0
MC102130,0,0,0,0
MC102701,1,1,0,0
MC102337,0,0,0,0
MC100968,0,0,0,0
MC103522,0,0,0,0
MC104894,0,0,0,0
MC100637,1,1,0,0
MC102327,0,0,0,0
MC101389,0,0,0,0
MC101904,0,0,0,0
MC102343,0,0,0,0
MC101410,1,1,0,0
MC104739,1,1,0,0
MC102988,1,1,0,0
MC104336,1,1,0,0
MC102548,0,0,0,0
MC102751,1,1,0,0
MC101772,0,0,0,0
MC103886,1,1,0,0
MC104794,0,0,0,0
MC102605,0,0,0,0
MC104202,0,0,0,0
MC102422,0,0,0,0
MC103543,1,1,0,0
MC102060,0,0,0,0
MC100209,0,0,0,0
MC104201,1,1,0,0
MC100894,1,1,0,0
MC104628,1,1,0,0
MC101789,1,1,0,0
MC101214,1,1,0,0
MC100042,0,0,0,0
MC104331,1,1,0,0
MC103276,0,0,0,0
MC101059,1,1,0,0
MC100355,0,0,0,0
MC100516,1,1,0,0
MC103364,1,1,0,0
MC101733,1,1,0,0
MC104641,0,0,0,0
MC103511,0,0,0,0
MC104130,1,1,0,0
MC104026,1,1,0,0
MC100612,1,1,0,0
MC104409,1,1,0,0
MC104815,1,1,0,0
MC101865,1,1,0,0
MC103181,1,1,0,0
MC100719,1,1,0,0
MC102152,1,1,0,0
MC102633,1,1,0,0
MC102050,0,0,0,0
MC104083,1,1,0,0
MC100714,1,1,0,0
MC100452,0,0,0,0
MC101302,1,1,0,0
MC100688,3,2,1,0
MC101422,0,0,0,0
MC102366,1,1,0,0
MC102216,0,0,0,0
MC103056,1,1,0,0
MC104189,1,1,0,0
MC100775,1,1,0,0
MC100950,0,0,0,0
MC100448,0,0,0,0
MC102609,1,1,0,0
MC103324,1,1,0,0
MC101074,0,0,0,0
MC101330,0,0,0,0
MC104601,0,0,0,0
MC101794,1,1,0,0
MC100942,3,3,0,0
MC101419,0,0,0,0
MC104328,0,0,0,0
MC103405,0,0,0,0
MC101824,3,3,0,0
MC104095,0,0,0,0
MC104630,0,0,0,0
MC103777,0,0,0,0
MC103170,1,1,0,0
MC102895,1,1,0,0
MC102052,0,0,0,0
MC104564,1,1,0,0
MC100163,0,0,0,0
MC100021,1,1,0,0
MC101798,1,1,0,0
MC101952,0,0,0,0
MC103584,0,0,0,0
MC104037,1,1,0,0
MC101686,0,0,0,0
MC102889,1,1,0,0
MC101308,0,0,0,0
MC101801,1,1,0,0
MC100681,1,1,0,0
MC101222,0,0,0,0
MC103440,0,0,0,0
MC102520,0,0,0,0
MC102896,0,0,0,0
MC102347,1,1,0,0
MC100250,1,1,0,0
MC101478,0,0,0,0
MC100944,1,1,0,0
MC101583,0,0,0,0
MC102529,1,1,0,0
MC100939,0,0,0,0
MC103603,0,0,0,0
MC101056,1,1,0,0
MC100570,1,1,0,0
MC102402,1,1,0,0
MC104226,1,1,0,0
MC100286,1,1,0,0
MC102523,1,1,0,0
MC102328,1,1,0,0
MC104102,1,1,0,0
MC102136,1,1,0,0
MC101666,1,1,0,0
MC104749,1,1,0,0
MC104952,1,1,0,0
MC103550,1,1,0,0
MC103527,1,1,0,0
MC103239,0,0,0,0
MC101908,0,0,0,0
MC103099,2,1,1,0
MC102519,0,0,0,0
MC104375,3,2,1,0
MC103902,0,0,0,0
MC102230,1,1,0,0
MC103903,1,1,0,0
MC104585,1,1,0,0
MC102681,0,0,0,0
MC104594,1,1,0,0
MC104139,0,0,0,0
MC101646,0,0,0,0
MC102150,0,0,0,0
MC101047,1,1,0,0
MC100457,1,1,0,0
MC104644,0,0,0,0
MC100379,0,0,0,0
MC103473,1,1,0,0
MC102936,0,0,0,0
MC100406,0,0,0,0
MC103004,1,1,0,0
MC103604,0,0,0,0
MC103171,1,1,0,0
MC102446,1,1,0,0
MC103086,1,1,0,0
MC103842,1,1,0,0
MC101726,1,1,0,0
MC101925,3,3,0,0
MC101595,1,1,0,0
MC100769,0,0,0,0
MC100875,1,1,0,0
MC103883,0,0,0,0
MC100986,1,1,0,0
MC102556,0,0,0,0
MC104485,1,1,0,0
MC101028,1,1,0,0
MC103514,1,1,0,0
MC103412,1,1,0,0
MC104754,1,1,0,0
MC103669,0,0,0,0
MC101144,0,0,0,0
MC104437,1,1,0,0
MC103220,1,1,0,0
MC102647,0,0,0,0
MC104972,0,0,0,0
MC100728,0,0,0,0
MC100857,0,0,0,0
MC102330,1,1,0,0
MC100571,0,0,0,0
MC102101,0,0,0,0
MC101605,1,1,0,0
MC102023,0,0,0,0
MC100074,0,0,0,0
MC104192,1,1,0,0
MC103038,0,0,0,0
MC104046,1,1,0,0
MC104500,1,1,0,0
MC101753,1,1,0,0
MC100475,0,0,0,0
MC102967,1,1,0,0
MC102628,1,1,0,0
MC103152,0,0,0,0
MC100281,0,0,0,0
MC103707,1,1,0,0
MC104384,1,1,0,0
MC103213,1,1,0,0
MC102941,1,1,0,0
MC100822,0,0,0,0
MC102911,1,1,0,0
MC101990,0,0,0,0
MC101163,0,0,0,0
MC102902,0,0,0,0
MC100957,0,0,0,0
MC104945,1,1,0,0
MC102111,0,0,0,0
MC102155,1,1,0,0
MC104863,1,1,0,0
MC100453,0,0,0,0
MC100509,1,1,0,0
MC103128,0,0,0,0
MC104563,0,0,0,0
MC101447,1,1,0,0
MC103815,0,0,0,0
MC101778,0,0,0,0
MC102006,0,0,0,0
MC103891,0,0,0,0
MC103924,1,1,0,0
MC104505,0,0,0,0
MC101996,1,1,0,0
MC104465,0,0,0,0
MC104237,1,1,0,0
MC103144,1,1,0,0
MC103187,1,1,0,0
MC103622,1,1,0,0
MC101828,0,0,0,0
MC103047,3,3,0,0
MC103279,1,1,0,0
MC101225,0,0,0,0
MC100555,0,0,0,0
MC102186,1,1,0,0
MC102576,0,0,0,0
MC104138,0,0,0,0
MC101968,0,0,0,0
MC100306,1,1,0,0
MC101256,1,1,0,0
MC101351,0,0,0,0
MC103638,0,0,0,0
MC104771,0,0,0,0
MC100228,1,1,0,0
MC102906,1,1,0,0
MC100432,0,0,0,0
MC101948,1,1,0,0
MC101909,0,0,0,0
MC102069,1,1,0,0
MC103356,0,0,0,0
MC104273,1,1,0,0
MC104212,1,1,0,0
MC104737,0,0,0,0
MC103271,0,0,0,0
MC102994,1,1,0,0
MC103837,0,0,0,0
MC103620,1,1,0,0
MC102891,1,1,0,0
MC102964,1,1,0,0
MC100372,0,0,0,0
MC100203,0,0,0,0
MC102862,0,0,0,0
MC100238,3,2,1,0
MC102400,1,1,0,0
MC102331,0,0,0,0
MC101040,1,1,0,0
MC100526,0,0,0,0
MC100928,1,1,0,0
MC104362,1,1,0,0
MC103769,1,1,0,0
MC102210,0,0,0,0
MC100824,1,1,0,0
MC104417,0,0,0,0
MC104983,1,1,0,0
MC103139,1,1,0,0
MC102942,1,1,0,0
MC104370,1,1,0,0
MC103362,0,0,0,0
MC101738,0,0,0,0
MC103306,1,1,0,0
MC102755,0,0,0,0
MC100891,0,0,0,0
MC100771,1,1,0,0
MC103251,1,1,0,0
MC101844,1,1,0,0
MC100700,0,0,0,0
MC102897,0,0,0,0
MC102106,1,1,0,0
MC104654,1,1,0,0
MC100218,0,0,0,0
MC104135,0,0,0,0
MC100551,1,1,0,0
MC100470,1,1,0,0
MC103148,0,0,0,0
MC100191,0,0,0,0
MC100816,1,1,0,0
MC101142,0,0,0,0
MC100872,1,1,0,0
MC102149,1,1,0,0
MC104381,0,0,0,0
MC101878,0,0,0,0
MC103811,0,0,0,0
MC102892,0,0,0,0
MC104402,0,0,0,0
MC100565,0,0,0,0
MC103105,4,3,1,0
MC100255,0,0,0,0
MC101771,1,1,0,0
MC102562,0,0,0,0
MC101841,1,1,0,0
MC102881,1,1,0,0
MC104394,1,1,0,0
MC100327,0,0,0,0
MC102423,1,1,0,0
MC104557,0,0,0,0
MC104281,3,3,0,0
MC103164,0,0,0,0
MC102158,1,1,0,0
MC101500,0,0,0,0
MC101332,0,0,0,0
MC104283,1,1,0,0
MC103107,1,1,0,0
MC102278,0,0,0,0
MC101504,1,1,0,0
MC104085,0,0,0,0
MC103115,0,0,0,0
MC103940,0,0,0,0
MC103731,0,0,0,0
MC104449,1,1,0,0
MC102146,0,0,0,0
MC104215,1,1,0,0
MC102809,1,1,0,0
MC101601,0,0,0,0
MC100027,1,1,0,0
MC101421,1,1,0,0
MC103524,1,1,0,0
MC102838,0,0,0,0
MC104704,1,1,0,0
MC100414,1,1,0,0
MC104816,1,1,0,0
MC103951,0,0,0,0
MC104129,0,0,0,0
MC104185,1,1,0,0
MC103560,1,1,0,0
MC102635,0,0,0,0
MC102851,0,0,0,0
MC104797,1,1,0,0
MC102393,1,1,0,0
MC104540,0,0,0,0
MC102367,0,0,0,0
MC102113,0,0,0,0
MC100735,1,1,0,0
MC103534,1,1,0,0
MC103469,1,1,0,0
MC104690,0,0,0,0
MC101139,0,0,0,0
MC103957,0,0,0,0
MC102590,1,1,0,0
MC104401,0,0,0,0
MC100390,1,1,0,0
MC100908,1,1,0,0
MC100362,0,0,0,0
MC102289,0,0,0,0
MC103688,1,1,0,0
MC100105,1,1,0,0
MC101246,0,0,0,0
MC100952,0,0,0,0
MC103736,0,0,0,0
MC103459,0,0,0,0
MC103377,1,1,0,0
MC102582,3,3,0,0
MC103835,0,0,0,0
MC100594,1,1,0,0
MC101468,0,0,0,0
MC102229,1,1,0,0
MC104838,0,0,0,0
MC103929,1,1,0,0
MC100264,0,0,0,0
MC102830,1,1,0,0
MC100254,0,0,0,0
MC104535,1,1,0,0
MC100017,1,1,0,0
MC102432,1,1,0,0
MC104080,1,1,0,0
MC104618,0,0,0,0
MC100339,1,1,0,0
MC100033,1,1,0,0
MC103233,0,0,0,0
MC103670,1,1,0,0
MC104054,3,3,0,0
MC104553,1,1,0,0
MC100974,1,1,0,0
MC104998,0,0,0,0
MC104733,1,1,0,0
MC102728,2,2,0,0
MC101890,1,1,0,0
MC101092,0,0,0,0
MC101986,1,1,0,0
MC102324,0,0,0,0
MC104524,1,1,0,0
MC104695,1,1,0,0
MC101333,1,1,0,0
MC102174,0,0,0,0
MC104264,1,1,0,0
MC103790,1,1,0,0
MC102516,0,0,0,0
MC104248,1,1,0,0
MC101358,1,1,0,0
MC101454,0,0,0,0
MC102439,0,0,0,0
MC102699,0,0,0,0
MC101766,0,0,0,0
MC103926,1,1,0,0
MC102804,1,1,0,0
MC103913,0,0,0,0
MC102295,1,1,0,0
MC101417,1,1,0,0
MC101796,1,1,0,0
MC103261,1,1,0,0
MC102810,1,1,0,0
MC104603,1,1,0,0
MC101109,1,1,0,0
MC100019,1,1,0,0
MC100007,1,1,0,0
MC104547,1,1,0,0
MC103643,0,0,0,0
MC103347,0,0,0,0
MC103504,1,1,0,0
MC101987,1,1,0,0
MC100995,1,1,0,0
MC103321,1,1,0,0
MC103450,0,0,0,0
MC101803,1,1,0,0
MC104706,1,1,0,0
MC104067,0,0,0,0
MC103513,0,0,0,0
MC103162,1,1,0,0
MC104187,1,1,0,0
MC100447,0,0,0,0
MC100731,1,1,0,0
MC103028,1,1,0,0
MC102769,0,0,0,0
MC103667,1,1,0,0
MC103645,1,1,0,0
MC104868,0,0,0,0
MC101292,1,1,0,0
MC104731,1,1,0,0
MC104676,1,1,0,0
MC101076,1,1,0,0
MC102116,1,1,0,0
MC100310,1,1,0,0
MC102154,0,0,0,0
MC101493,1,1,0,0
MC102157,1,1,0,0
MC104881,1,1,0,0
MC100715,0,0,0,0
MC101921,0,0,0,0
MC101395,1,1,0,0
MC101728,0,0,0,0
MC102412,0,0,0,0
MC100659,0,0,0,0
MC103228,0,0,0,0
MC104193,0,0,0,0
MC100441,0,0,0,0
MC100175,1,1,0,0
MC103009,1,1,0,0
MC100978,2,2,0,0
MC104512,1,1,0,0
MC102637,1,1,0,0
MC104939,1,1,0,0
MC103120,0,0,0,0
MC104230,1,1,0,0
MC101451,0,0,0,0
MC100585,1,1,0,0
MC104820,0,0,0,0
MC101730,1,1,0,0
MC104034,1,1,0,0
MC102648,1,1,0,0
MC103327,1,1,0,0
MC102807,0,0,0,0
MC100980,1,1,0,0
MC104303,0,0,0,0
MC102453,1,1,0,0
MC103865,1,1,0,0
MC101107,0,0,0,0
MC102697,0,0,0,0
MC102754,2,2,0,0
MC104174,1,1,0,0
MC102617,1,1,0,0
MC100684,1,1,0,0
MC103153,1,1,0,0
MC101267,0,0,0,0
MC104957,0,0,0,0
MC103293,1,1,0,0
MC101811,1,1,0,0
MC102710,0,0,0,0
MC101353,0,0,0,0
MC103100,1,1,0,0
MC104946,1,1,0,0
MC102575,1,1,0,0
MC104181,1,1,0,0
MC102164,0,0,0,0
MC102729,1,1,0,0
MC102716,1,1,0,0
MC101376,1,1,0,0
MC104029,0,0,0,0
MC103345,1,1,0,0
MC104895,1,1,0,0
MC101110,1,1,0,0
MC104971,0,0,0,0
MC103048,0,0,0,0
MC100855,0,0,0,0
MC103093,1,1,0,0
MC104388,1,1,0,0
MC101108,0,0,0,0
MC100808,1,1,0,0
MC104723,0,0,0,0
MC100214,0,0,0,0
MC101555,0,0,0,0
MC101296,1,1,0,0
MC102683,1,1,0,0
MC100001,2,1,1,0
MC104410,1,1,0,0
MC103501,1,1,0,0
MC100940,1,1,0,0
MC104012,4,3,1,0
MC104529,1,1,0,0
MC102790,0,0,0,0
MC103070,0,0,0,0
MC101167,1,1,0,0
MC104169,0,0,0,0
MC100229,0,0,0,0
MC102264,1,1,0,0
MC104245,1,1,0,0
MC104914,1,1,0,0
MC103579,0,0,0,0
MC103243,1,1,0,0
MC102939,0,0,0,0
MC100213,0,0,0,0
MC102733,0,0,0,0
MC100602,0,0,0,0
MC103191,1,1,0,0
MC102450,1,1,0,0
MC103395,0,0,0,0
MC103860,1,1,0,0
MC101260,1,1,0,0
MC102274,1,1,0,0
MC101882,0,0,0,0
MC100671,0,0,0,0
MC103912,0,0,0,0
MC102122,0,0,0,0
MC100412,1,1,0,0
MC100859,1,1,0,0
MC104740,0,0,0,0
MC103011,0,0,0,0
MC103342,1,1,0,0
MC104050,1,1,0,0
MC100276,0,0,0,0
MC104064,0,0,0,0
MC104355,1,1,0,0
MC100315,0,0,0,0
MC103979,1,1,0,0
MC102642,1,1,0,0
MC104419,1,1,0,0
MC103140,1,1,0,0
MC100150,1,1,0,0
MC103392,1,1,0,0
MC103588,0,0,0,0
MC104504,0,0,0,0
MC103564,1,1,0,0
MC100304,1,1,0,0
MC100800,1,1,0,0
MC104382,0,0,0,0
MC103657,1,1,0,0
MC104051,0,0,0,0
MC100140,0,0,0,0
MC104321,1,1,0,0
MC102612,0,0,0,0
MC104327,0,0,0,0
MC100532,0,0,0,0
MC101370,1,1,0,0
MC103081,1,1,0,0
MC104154,0,0,0,0
MC103881,1,1,0,0
MC101326,1,1,0,0
MC104623,0,0,0,0
MC100510,1,1,0,0
MC100338,1,1,0,0
MC104841,0,0,0,0
MC101268,1,1,0,0
MC101282,0,0,0,0
MC104314,1,1,0,0
MC101640,1,1,0,0
MC100631,3,2,1,0
MC100840,1,1,0,0
MC100075,1,1,0,0
MC101550,0,0,0,0
MC100141,0,0,0,0
MC100349,1,1,0,0
MC102008,0,0,0,0
MC103349,1,1,0,0
MC104087,0,0,0,0
MC102192,1,1,0,0
MC104712,1,1,0,0
MC103461,0,0,0,0
MC100011,1,1,0,0
MC103064,1,1,0,0
MC103454,3,2,1,0
MC103838,0,0,0,0
MC101290,1,1,0,0
MC100887,0,0,0,0
MC102085,0,0,0,0
MC102022,0,0,0,0
MC103806,0,0,0,0
MC100600,0,0,0,0
MC103708,1,1,0,0
MC102903,0,0,0,0
MC101343,1,1,0,0
MC101930,0,0,0,0
MC101816,0,0,0,0
MC102042,1,1,0,0
MC103549,0,0,0,0
MC103594,1,1,0,0
MC102013,0,0,0,0
MC101940,0,0,0,0
MC104696,1,1,0,0
MC104308,0,0,0,0
MC100675,0,0,0,0
MC101098,0,0,0,0
MC103832,0,0,0,0
MC101981,0,0,0,0
MC102901,1,1,0,0
MC100391,0,0,0,0
MC100462,1,1,0,0
MC101919,1,1,0,0
MC103397,0,0,0,0
MC102565,1,1,0,0
MC100496,1,1,0,0
MC101250,1,1,0,0
MC104606,1,1,0,0
MC103481,0,0,0,0
MC103032,1,1,0,0
MC104763,1,1,0,0
MC102715,1,1,0,0
MC100077,1,1,0,0
MC100405,0,0,0,0
MC101181,0,0,0,0
MC102277,3,3,0,0
MC101157,1,1,0,0
MC100494,0,0,0,0
MC100110,0,0,0,0
MC100055,1,1,0,0
MC101287,1,1,0,0
MC100755,0,0,0,0
MC104160,1,1,0,0
MC104633,1,1,0,0
MC104680,1,1,0,0
MC101125,1,1,0,0
MC104605,0,0,0,0
MC101050,1,1,0,0
MC101740,1,1,0,0
MC104441,0,0,0,0
MC100164,0,0,0,0
MC103577,1,1,0,0
MC104666,3,2,1,0
MC102882,1,1,0,0
MC102836,0,0,0,0
MC104870,1,1,0,0
MC102239,1,1,0,0
MC101667,0,0,0,0
MC104090,0,0,0,0
MC100038,0,0,0,0
MC100352,1,1,0,0
MC101858,1,1,0,0
MC102526,1,1,0,0
MC100328,1,1,0,0
MC102885,0,0,0,0
MC103212,0,0,0,0
MC101696,1,1,0,0
MC103287,0,0,0,0
MC103174,0,0,0,0
MC102466,0,0,0,0
MC101275,1,1,0,0
MC101548,0,0,0,0
MC103772,0,0,0,0
MC103612,0,0,0,0
MC102362,1,1,0,0
MC103870,0,0,0,0
MC100618,0,0,0,0
MC104929,0,0,0,0
MC104513,1,1,0,0
MC100849,0,0,0,0
MC100975,2,1,1,0
MC100900,1,1,0,0
MC102778,0,0,0,0
MC100712,1,1,0,0
MC101761,0,0,0,0
MC101872,0,0,0,0
MC104416,1,1,0,0
MC100468,1,1,0,0
MC104936,1,1,0,0
MC101481,1,1,0,0
MC102928,1,1,0,0
MC102044,1,1,0,0
MC101405,0,0,0,0
MC100951,1,1,0,0
MC101896,0,0,0,0
MC101559,1,1,0,0
MC104060,0,0,0,0
MC101920,0,0,0,0
MC102514,1,1,0,0
MC100791,1,1,0,0
MC104752,1,1,0,0
MC103022,1,1,0,0
MC102638,0,0,0,0
MC100564,1,1,0,0
MC102812,1,1,0,0
MC101030,0,0,0,0
MC103528,0,0,0,0
MC102788,1,1,0,0
MC101131,1,1,0,0
MC100210,0,0,0,0
MC100524,0,0,0,0
MC104091,1,1,0,0
MC103823,0,0,0,0
MC100051,0,0,0,0
MC103785,1,1,0,0
MC101781,1,1,0,0
MC103226,0,0,0,0
MC103747,0,0,0,0
MC100674,1,1,0,0
MC101556,1,1,0,0
MC103407,1,1,0,0
MC102559,0,0,0,0
MC100560,1,1,0,0
MC103602,1,1,0,0
MC104446,1,1,0,0
MC104659,0,0,0,0
MC103755,1,1,0,0
MC100569,0,0,0,0
MC103010,1,1,0,0
MC103822,1,1,0,0
MC104857,2,1,1,0
MC104290,0,0,0,0
MC103512,0,0,0,0
MC103127,1,1,0,0
MC101486,1,1,0,0
MC103717,0,0,0,0
MC104980,0,0,0,0
MC104269,0,0,0,0
MC100399,0,0,0,0
MC100263,1,1,0,0
MC103529,1,1,0,0
MC102985,1,1,0,0
MC100106,1,1,0,0
MC103206,1,1,0,0
MC100520,1,1,0,0
MC101812,1,1,0,0
MC104554,1,1,0,0
MC103277,0,0,0,0
MC102982,1,1,0,0
MC100767,0,0,0,0
MC104277,0,0,0,0
MC100590,0,0,0,0
MC104490,1,1,0,0
MC104469,0,0,0,0
MC100009,0,0,0,0
MC103355,1,1,0,0
MC100758,1,1,0,0
MC101830,0,0,0,0
MC103592,0,0,0,0
MC101848,1,1,0,0
MC104565,1,1,0,0
MC100529,1,1,0,0
MC103039,1,1,0,0
MC101985,0,0,0,0
MC104931,1,1,0,0
MC100792,0,0,0,0
MC102924,0,0,0,0
MC101324,0,0,0,0
MC102691,1,1,0,0
MC102953,1,1,0,0
MC102944,1,1,0,0
MC104532,0,0,0,0
MC100651,1,1,0,0
MC103679,1,1,0,0
MC100249,1,1,0,0
MC104556,0,0,0,0
MC103990,0,0,0,0
MC100245,0,0,0,0
MC100579,1,1,0,0
MC103804,1,1,0,0
MC101213,0,0,0,0
MC104231,0,0,0,0
MC103258,0,0,0,0
MC101123,1,1,0,0
MC104970,0,0,0,0
MC101033,0,0,0,0
MC103947,1,1,0,0
MC100534,1,1,0,0
MC103165,0,0,0,0
MC104568,1,1,0,0
MC104164,0,0,0,0
MC100207,1,1,0,0
MC103897,0,0,0,0
MC104898,1,1,0,0
MC100710,1,1,0,0
MC104515,1,1,0,0
MC101204,0,0,0,0
MC104932,1,1,0,0
MC101073,1,1,0,0
MC101551,1,1,0,0
MC101238,0,0,0,0
MC100983,0,0,0,0
MC102375,0,0,0,0
MC101576,1,1,0,0
MC103227,1,1,0,0
MC100443,0,0,0,0
MC101606,0,0,0,0
MC102333,2,2,0,0
MC100308,0,0,0,0
MC100030,1,1,0,0
MC103414,1,1,0,0
MC103526,0,0,0,0
MC102512,1,1,0,0
MC102021,0,0,0,0
MC101168,0,0,0,0
MC103151,1,1,0,0
MC100709,0,0,0,0
MC101075,0,0,0,0
MC103294,0,0,0,0
MC102297,0,0,0,0
MC104735,0,0,0,0
MC102553,1,1,0,0
MC100649,0,0,0,0
MC101036,1,1,0,0
MC100784,0,0,0,0
MC103598,0,0,0,0
MC103333,0,0,0,0
MC102826,1,1,0,0
MC101545,1,1,0,0
MC102416,1,1,0,0
MC103625,1,1,0,0
MC102233,1,1,0,0
MC104979,0,0,0,0
MC103490,1,1,0,0
MC101719,0,0,0,0
MC103767,1,1,0,0
MC103652,1,1,0,0
MC103557,1,1,0,0
MC103484,1,1,0,0
MC102236,0,0,0,0
MC100072,1,1,0,0
MC102114,2,2,0,0
MC102664,0,0,0,0
MC101659,1,1,0,0
MC103312,1,1,0,0
MC104086,0,0,0,0
MC103027,1,1,0,0
MC102817,1,1,0,0
MC100583,1,1,0,0
MC101166,1,1,0,0
MC102215,1,1,0,0
MC103723,0,0,0,0
MC103505,1,1,0,0
MC104721,1,1,0,0
MC102430,0,0,0,0
MC104602,1,1,0,0
MC102604,1,1,0,0
MC101701,0,0,0,0
MC100595,0,0,0,0
MC102445,1,1,0,0
MC101821,1,1,0,0
MC101562,1,1,0,0
MC101959,0,0,0,0
MC104839,1,1,0,0
MC104715,1,1,0,0
MC102682,1,1,0,0
MC103856,0,0,0,0
MC103871,0,0,0,0
MC102166,1,1,0,0
MC101298,0,0,0,0
MC103681,1,1,0,0
MC104089,1,1,0,0
MC103176,1,1,0,0
MC103699,1,1,0,0
MC101861,1,1,0,0
MC101793,1,1,0,0
MC104662,1,1,0,0
MC103067,1,1,0,0
MC104570,0,0,0,0
MC102020,1,1,0,0
MC102223,1,1,0,0
MC101823,0,0,0,0
MC104061,1,1,0,0
MC102283,1,1,0,0
MC104094,1,1,0,0
MC101484,0,0,0,0
MC104992,1,1,0,0
MC103664,0,0,0,0
MC100067,1,1,0,0
MC101910,0,0,0,0
MC101564,0,0,0,0
MC104911,0,0,0,0
MC100267,0,0,0,0
MC104307,1,1,0,0
MC104566,0,0,0,0
MC100480,1,1,0,0
MC104474,1,1,0,0
MC100831,0,0,0,0
MC102938,0,0,0,0
MC101262,1,1,0,0
MC100512,1,1,0,0
MC104521,0,0,0,0
MC103675,1,1,0,0
MC104438,0,0,0,0
MC100898,1,1,0,0
MC100574,1,1,0,0
MC101184,0,0,0,0
MC104184,0,0,0,0
MC104910,0,0,0,0
MC104225,1,1,0,0
MC100407,1,1,0,0
MC103760,0,0,0,0
MC102478,1,1,0,0
MC102854,0,0,0,0
MC101933,0,0,0,0
MC100047,0,0,0,0
MC100573,0,0,0,0
MC103646,0,0,0,0
MC100902,1,1,0,0
MC100064,1,1,0,0
MC100316,1,1,0,0
MC101053,0,0,0,0
MC104385,0,0,0,0
MC101517,1,1,0,0
MC101227,1,1,0,0
MC102795,0,0,0,0
MC103112,0,0,0,0
MC101553,1,1,0,0
MC101833,0,0,0,0
MC100300,0,0,0,0
MC104400,1,1,0,0
MC100967,1,1,0,0
MC100487,1,1,0,0
MC104996,0,0,0,0
MC104876,1,1,0,0
MC104965,1,1,0,0
MC103265,0,0,0,0
MC103129,1,1,0,0
MC101025,0,0,0,0
MC101426,1,1,0,0
MC102275,1,1,0,0
MC101099,0,0,0,0
MC103605,3,2,1,0
MC102222,1,1,0,0
MC102668,0,0,0,0
MC101034,0,0,0,0
MC101031,0,0,0,0
MC104501,0,0,0,0
MC103900,1,1,0,0
MC103779,1,1,0,0
MC104040,1,1,0,0
MC103177,0,0,0,0
MC102753,0,0,0,0
MC100757,0,0,0,0
MC104801,1,1,0,0
MC104536,1,1,0,0
MC101147,0,0,0,0
MC101677,0,0,0,0
MC102585,0,0,0,0
MC102219,1,1,0,0
MC103359,1,1,0,0
MC102602,0,0,0,0
MC101809,1,1,0,0
MC102900,0,0,0,0
MC104694,1,1,0,0
MC102722,1,1,0,0
MC104188,0,0,0,0
MC101186,1,1,0,0
MC103541,0,0,0,0
MC100060,1,1,0,0
MC103366,0,0,0,0
MC102045,0,0,0,0
MC103254,0,0,0,0
MC101956,1,1,0,0
MC104294,0,0,0,0
MC102374,1,1,0,0
MC102749,0,0,0,0
MC101015,2,1,1,0
MC101943,0,0,0,0
MC100456,0,0,0,0
MC103866,1,1,0,0
MC103734,1,1,0,0
MC102325,0,0,0,0
MC100805,1,1,0,0
MC102786,3,2,1,0
MC104063,1,1,0,0
MC103713,0,0,0,0
MC104297,1,1,0,0
MC100850,0,0,0,0
MC101839,0,0,0,0
MC103593,0,0,0,0
MC100431,0,0,0,0
MC102620,0,0,0,0
MC101658,3,2,1,0
MC102884,0,0,0,0
MC101628,1,1,0,0
MC102986,0,0,0,0
MC101937,0,0,0,0
MC104507,1,1,0,0
MC101645,0,0,0,0
MC104596,0,0,0,0
MC104431,0,0,0,0
MC100806,0,0,0,0
MC100705,0,0,0,0
MC101029,0,0,0,0
MC103036,1,1,0,0
MC101081,0,0,0,0
MC102468,1,1,0,0
MC103428,1,1,0,0
MC104342,0,0,0,0
MC104030,1,1,0,0
MC104549,1,1,0,0
MC103773,1,1,0,0
MC100388,0,0,0,0
MC104214,0,0,0,0
MC104368,0,0,0,0
MC102955,0,0,0,0
MC102401,0,0,0,0
MC104718,0,0,0,0
MC103630,1,1,0,0
MC102009,1,1,0,0
MC103013,0,0,0,0
MC103316,0,0,0,0
MC103978,1,1,0,0
MC102095,0,0,0,0
MC100927,0,0,0,0
MC101655,1,1,0,0
MC101911,1,1,0,0
MC102428,0,0,0,0
MC101102,0,0,0,0
MC101008,0,0,0,0
MC104854,0,0,0,0
MC101145,1,1,0,0
MC100234,1,1,0,0
MC102176,1,1,0,0
MC100118,1,1,0,0
MC102783,1,1,0,0
MC100079,1,1,0,0
MC103132,1,1,0,0
MC101688,0,0,0,0
MC102752,1,1,0,0
MC101266,0,0,0,0
MC104011,1,1,0,0
MC104432,0,0,0,0
MC104183,0,0,0,0
MC101453,0,0,0,0
MC101736,1,1,0,0
MC104207,1,1,0,0
MC102775,1,1,0,0
MC104682,1,1,0,0
MC100576,0,0,0,0
MC100283,0,0,0,0
MC101899,1,1,0,0
MC101245,1,1,0,0
MC102768,0,0,0,0
MC101420,0,0,0,0
MC104291,0,0,0,0
MC104296,1,1,0,0
MC100842,1,1,0,0
MC103291,1,1,0,0
MC100091,1,1,0,0
MC101323,1,1,0,0
MC103249,0,0,0,0
MC102926,1,1,0,0
MC104634,0,0,0,0
MC100416,1,1,0,0
MC104066,1,1,0,0
MC103018,1,1,0,0
MC102543,1,1,0,0
MC101021,1,1,0,0
MC103216,1,1,0,0
MC100489,0,0,0,0
MC100342,3,3,0,0
MC102792,0,0,0,0
MC103443,1,1,0,0
MC100669,1,1,0,0
MC102883,0,0,0,0
MC104878,0,0,0,0
MC102837,0,0,0,0
MC100537,1,1,0,0
MC104213,0,0,0,0
MC100984,1,1,0,0
MC104770,0,0,0,0
MC102646,0,0,0,0
MC102856,1,1,0,0
MC100126,1,1,0,0
MC100133,1,1,0,0
MC104426,1,1,0,0
MC104142,1,1,0,0
MC100165,0,0,0,0
MC103388,1,1,0,0
MC100151,0,0,0,0
MC102084,1,1,0,0
MC104334,1,1,0,0
MC104697,0,0,0,0
MC102495,0,0,0,0
MC100514,0,0,0,0
MC101764,1,1,0,0
MC103415,1,1,0,0
MC101045,0,0,0,0
MC104105,1,1,0,0
MC102452,0,0,0,0
MC101964,1,1,0,0
MC101767,1,1,0,0
MC103465,1,1,0,0
MC100971,0,0,0,0
MC101340,1,1,0,0
MC100389,1,1,0,0
MC101230,1,1,0,0
MC102426,1,1,0,0
MC103766,0,0,0,0
MC103863,1,1,0,0
MC102243,0,0,0,0
MC104466,1,1,0,0
MC101516,1,1,0,0
MC100878,0,0,0,0
MC101020,0,0,0,0
MC104613,1,1,0,0
MC103141,1,1,0,0
MC102491,0,0,0,0
MC104345,1,1,0,0
MC100096,1,1,0,0
MC100440,1,1,0,0
MC103656,1,1,0,0
MC104495,1,1,0,0
MC100814,1,1,0,0
MC100668,1,1,0,0
MC102098,1,1,0,0
MC100720,1,1,0,0
MC103058,1,1,0,0
MC102528,0,0,0,0
MC101105,0,0,0,0
MC102509,0,0,0,0
MC101068,1,1,0,0
MC101717,1,1,0,0
MC102435,0,0,0,0
MC100677,1,1,0,0
MC104220,0,0,0,0
MC102408,1,1,0,0
MC103302,0,0,0,0
MC101384,1,1,0,0
MC100467,1,1,0,0
MC102983,1,1,0,0
MC100877,0,0,0,0
MC102083,0,0,0,0
MC100655,1,1,0,0
MC103798,0,0,0,0
MC103133,1,1,0,0
MC100535,1,1,0,0
MC103003,0,0,0,0
MC100698,0,0,0,0
MC103190,1,1,0,0
MC100786,0,0,0,0
MC103582,0,0,0,0
MC104393,1,1,0,0
MC103585,1,1,0,0
MC103799,1,1,0,0
MC100381,1,1,0,0
MC103642,0,0,0,0
MC100318,1,1,0,0
MC104802,0,0,0,0
MC102250,0,0,0,0
MC100969,0,0,0,0
MC103480,1,1,0,0
MC103425,2,1,1,0
MC101497,0,0,0,0
MC102026,0,0,0,0
MC101398,1,1,0,0
MC103317,1,1,0,0
MC101191,1,1,0,0
MC100369,1,1,0,0
MC103554,0,0,0,0
MC100938,1,1,0,0
MC102580,0,0,0,0
MC103783,0,0,0,0
MC102251,1,1,0,0
MC103712,0,0,0,0
MC103552,1,1,0,0
MC101273,1,1,0,0
MC101902,1,1,0,0
MC101423,1,1,0,0
MC100481,0,0,0,0
MC102669,1,1,0,0
MC103810,1,1,0,0
MC100953,0,0,0,0
MC102290,0,0,0,0
MC100690,0,0,0,0
MC101713,1,1,0,0
MC102091,2,2,0,0
MC102078,1,1,0,0
MC101883,1,1,0,0
MC103991,0,0,0,0
MC104097,1,1,0,0
MC102079,1,1,0,0
MC100661,1,1,0,0
MC104750,0,0,0,0
MC101723,0,0,0,0
MC102073,1,1,0,0
MC100174,0,0,0,0
MC104887,1,1,0,0
MC104312,1,1,0,0
MC103423,0,0,0,0
MC103567,1,1,0,0
MC104994,0,0,0,0
MC104824,1,1,0,0
MC103102,1,1,0,0
MC103398,0,0,0,0
MC104111,0,0,0,0
MC103073,1,1,0,0
MC102326,1,1,0,0
MC102973,0,0,0,0
MC101923,1,1,0,0
MC104525,0,0,0,0
MC103572,0,0,0,0
MC101984,0,0,0,0
MC101532,0,0,0,0
MC103533,1,1,0,0
MC101012,1,1,0,0
MC103682,1,1,0,0
MC102494,1,1,0,0
MC102291,0,0,0,0
MC100886,0,0,0,0
MC103770,1,1,0,0
MC102801,0,0,0,0
MC103901,1,1,0,0
MC104951,0,0,0,0
MC100418,1,1,0,0
MC102912,0,0,0,0
MC103074,0,0,0,0
MC100478,1,1,0,0
MC103633,0,0,0,0
MC100541,1,1,0,0
MC104656,1,1,0,0
MC100979,1,1,0,0
MC103031,0,0,0,0
MC101758,0,0,0,0
MC100499,1,1,0,0
MC104775,1,1,0,0
MC100336,1,1,0,0
MC104683,1,1,0,0
MC100239,0,0,0,0
MC102066,0,0,0,0
MC101372,1,1,0,0
MC104660,1,1,0,0
MC104357,0,0,0,0
MC101951,1,1,0,0
MC101656,0,0,0,0
MC100136,1,1,0,0
MC104278,0,0,0,0
MC103879,1,1,0,0
MC103156,0,0,0,0
MC104530,0,0,0,0
MC103015,0,0,0,0
MC103988,1,1,0,0
MC101997,1,1,0,0
MC100961,1,1,0,0
MC102134,1,1,0,0
MC103786,1,1,0,0
MC103794,1,1,0,0
MC104828,0,0,0,0
MC102522,1,1,0,0
MC100636,0,0,0,0
MC104150,1,1,0,0
MC103360,1,1,0,0
MC103873,0,0,0,0
MC102217,1,1,0,0
MC103814,1,1,0,0
MC100148,0,0,0,0
MC102458,0,0,0,0
MC104674,1,1,0,0
MC101716,0,0,0,0
MC103060,1,1,0,0
MC101590,0,0,0,0
MC103601,1,1,0,0
MC102824,0,0,0,0
MC101895,1,1,0,0
MC100168,1,1,0,0
MC103702,1,1,0,0
MC100128,2,1,1,0
MC101536,0,0,0,0
MC103844,1,1,0,0
MC101561,0,0,0,0
MC104647,0,0,0,0
MC101439,1,1,0,0
MC100197,1,1,0,0
MC100031,0,0,0,0
MC104597,1,1,0,0
MC101498,1,1,0,0
MC100149,1,1,0,0
MC102441,0,0,0,0
MC101312,0,0,0,0
MC104915,0,0,0,0
MC100985,1,1,0,0
MC101774,0,0,0,0
MC100883,1,1,0,0
MC103854,1,1,0,0
MC102540,1,1,0,0
MC103843,0,0,0,0
MC102005,0,0,0,0
MC104875,0,0,0,0
MC100421,0,0,0,0
MC103556,0,0,0,0
MC103255,0,0,0,0
MC100251,0,0,0,0
MC100869,1,1,0,0
MC103908,0,0,0,0
MC100477,0,0,0,0
MC102132,0,0,0,0
MC104806,0,0,0,0
MC100788,1,1,0,0
MC103394,0,0,0,0
MC101321,1,1,0,0
MC102658,1,1,0,0
MC102878,1,1,0,0
MC104179,1,1,0,0
MC104626,1,1,0,0
MC102698,1,1,0,0
MC102002,1,1,0,0
MC104084,0,0,0,0
MC101679,0,0,0,0
MC103846,0,0,0,0
MC101307,0,0,0,0
MC100394,0,0,0,0
MC100982,1,1,0,0
MC102655,0,0,0,0
MC100261,0,0,0,0
MC104769,1,1,0,0
MC101714,0,0,0,0
MC102193,0,0,0,0
MC102018,1,1,0,0
MC104923,1,1,0,0
MC100274,0,0,0,0
MC104232,0,0,0,0
MC104917,1,1,0,0
MC104208,0,0,0,0
MC104645,0,0,0,0
MC104043,1,1,0,0
MC102857,0,0,0,0
MC104228,1,1,0,0
MC100285,0,0,0,0
MC100156,1,1,0,0
MC103828,1,1,0,0
MC101671,1,1,0,0
MC102067,1,1,0,0
MC102954,1,1,0,0
MC100476,1,1,0,0
MC101449,0,0,0,0
MC101201,0,0,0,0
MC101080,0,0,0,0
MC101747,1,1,0,0
MC100384,0,0,0,0
MC101641,1,1,0,0
MC100665,1,1,0,0
MC104127,1,1,0,0
MC104509,1,1,0,0
MC104242,1,1,0,0
MC103008,1,1,0,0
MC104106,1,1,0,0
MC101466,1,1,0,0
MC102717,0,0,0,0
MC103052,0,0,0,0
MC104703,0,0,0,0
MC103849,1,1,0,0
MC104306,1,1,0,0
MC101795,0,0,0,0
MC103275,0,0,0,0
MC100634,1,1,0,0
MC103379,1,1,0,0
MC100002,1,1,0,0
MC102302,1,1,0,0
MC103596,1,1,0,0
MC103319,1,1,0,0
MC102224,0,0,0,0
MC100095,0,0,0,0
MC101035,1,1,0,0
MC101599,0,0,0,0
MC100591,1,1,0,0
MC100246,0,0,0,0
MC104900,1,1,0,0
MC102500,1,1,0,0
MC100629,0,0,0,0
MC103697,0,0,0,0
MC101001,0,0,0,0
MC104619,0,0,0,0
MC103154,1,1,0,0
MC101387,1,1,0,0
MC102798,0,0,0,0
MC100868,0,0,0,0
MC100892,1,1,0,0
MC101179,0,0,0,0
MC103647,0,0,0,0
MC102950,0,0,0,0
MC101523,1,1,0,0
MC101791,0,0,0,0
MC101171,1,1,0,0
MC103750,1,1,0,0
MC103840,1,1,0,0
MC102656,1,1,0,0
MC104484,1,1,0,0
MC100568,1,1,0,0
MC103916,1,1,0,0
MC101464,1,1,0,0
MC102298,0,0,0,0
MC101524,1,1,0,0
MC103232,1,1,0,0
MC104107,0,0,0,0
MC101597,1,1,0,0
MC104420,1,1,0,0
MC104234,0,0,0,0
MC102440,1,1,0,0
MC100809,0,0,0,0
MC101386,1,1,0,0
MC101161,1,1,0,0
MC100084,1,1,0,0
MC103701,1,1,0,0
MC103477,1,1,0,0
MC101718,2,1,1,0
MC104622,1,1,0,0
MC102680,1,1,0,0
MC101078,1,1,0,0
MC100259,0,0,0,0
MC100253,0,0,0,0
MC100417,3,3,0,0
MC103096,1,1,0,0
MC103344,1,1,0,0
MC104726,2,1,1,0
MC102779,1,1,0,0
MC102577,1,1,0,0
MC101853,1,1,0,0
MC104799,0,0,0,0
MC103285,1,1,0,0
MC102159,3,3,0,0
MC102309,0,0,0,0
MC102844,0,0,0,0
MC101283,1,1,0,0
MC100724,2,1,1,0
MC104848,1,1,0,0
MC104323,0,0,0,0
MC101393,0,0,0,0
MC102335,2,1,1,0
MC104053,1,1,0,0
MC103485,0,0,0,0
MC100219,1,1,0,0
MC104864,1,1,0,0
MC100216,1,1,0,0
MC103410,1,1,0,0
MC104627,0,0,0,0
MC101931,2,2,0,0
MC101924,1,1,0,0
MC100222,0,0,0,0
MC101526,1,1,0,0
MC100459,0,0,0,0
MC104244,0,0,0,0
MC101632,0,0,0,0
MC104962,0,0,0,0
MC102506,1,1,0,0
MC100889,0,0,0,0
MC100023,0,0,0,0
MC103742,1,1,0,0
MC101610,0,0,0,0
MC102474,0,0,0,0
MC104789,1,1,0,0
MC103283,0,0,0,0
MC103950,0,0,0,0
MC100650,0,0,0,0
MC103186,1,1,0,0
MC100225,1,1,0,0
MC102391,0,0,0,0
MC102511,1,1,0,0
MC100386,0,0,0,0
MC100466,1,1,0,0
MC100195,0,0,0,0
MC100851,0,0,0,0
MC104506,1,1,0,0
MC104741,1,1,0,0
MC102734,1,1,0,0
MC102714,0,0,0,0
MC104756,1,1,0,0
MC103672,1,1,0,0
MC101744,1,1,0,0
MC103996,1,1,0,0
MC101315,1,1,0,0
MC102825,1,1,0,0
MC104558,0,0,0,0
MC100206,1,1,0,0
MC102705,1,1,0,0
MC103716,0,0,0,0
MC102737,1,1,0,0
MC100918,1,1,0,0
MC103922,1,1,0,0
MC100109,1,1,0,0
MC102554,0,0,0,0
MC102261,1,1,0,0
MC100815,1,1,0,0
MC101472,1,1,0,0
MC101189,1,1,0,0
MC100785,1,1,0,0
MC104885,1,1,0,0
MC103318,1,1,0,0
MC104600,1,1,0,0
MC102800,1,1,0,0
MC100934,1,1,0,0
MC104486,1,1,0,0
MC100906,1,1,0,0
MC104009,1,1,0,0
MC104497,0,0,0,0
MC102975,0,0,0,0
MC101769,1,1,0,0
MC101509,0,0,0,0
MC101066,0,0,0,0
MC102650,1,1,0,0
MC103126,0,0,0,0
MC101703,1,1,0,0
MC104457,1,1,0,0
MC102639,1,1,0,0
MC102329,1,1,0,0
MC101177,1,1,0,0
MC102225,0,0,0,0
MC101071,0,0,0,0
MC104015,0,0,0,0
MC104140,1,1,0,0
MC102323,1,1,0,0
MC103619,1,1,0,0
MC104665,1,1,0,0
MC103418,1,1,0,0
MC104520,0,0,0,0
MC101877,0,0,0,0
MC100282,0,0,0,0
MC100911,0,0,0,0
MC104134,0,0,0,0
MC102103,0,0,0,0
MC101349,0,0,0,0
MC103782,1,1,0,0
MC101644,1,1,0,0
MC100152,0,0,0,0
MC100450,1,1,0,0
MC102654,1,1,0,0
MC100527,1,1,0,0
MC103986,1,1,0,0
MC102673,0,0,0,0
MC100687,0,0,0,0
MC101845,3,2,1,0
MC100299,1,1,0,0
MC103788,0,0,0,0
MC102945,0,0,0,0
MC100194,1,1,0,0
MC104692,1,1,0,0
MC100685,0,0,0,0
MC104032,1,1,0,0
MC100586,2,1,1,0
MC100000,1,1,0,0
MC103974,1,1,0,0
MC102745,0,0,0,0
MC104865,0,0,0,0
MC103231,1,1,0,0
MC104668,1,1,0,0
MC104725,0,0,0,0
MC103335,1,1,0,0
MC102411,1,1,0,0
MC100458,1,1,0,0
MC100678,0,0,0,0
MC100020,0,0,0,0
MC100241,0,0,0,0
MC101720,1,1,0,0
MC101402,0,0,0,0
MC100045,0,0,0,0
MC103492,1,1,0,0
MC102730,1,1,0,0
MC103497,0,0,0,0
MC104738,0,0,0,0
MC104124,1,1,0,0
MC101613,1,1,0,0
MC100427,0,0,0,0
MC101176,0,0,0,0
MC101936,1,1,0,0
MC101415,1,1,0,0
MC101593,1,1,0,0
MC103580,1,1,0,0
MC103451,1,1,0,0
MC101988,1,1,0,0
MC100006,1,1,0,0
MC102480,4,3,1,0
MC102361,1,1,0,0
MC102340,1,1,0,0
MC103704,1,1,0,0
MC104143,1,1,0,0
MC102133,1,1,0,0
MC104685,0,0,0,0
MC102845,1,1,0,0
MC104322,0,0,0,0
MC100498,1,1,0,0
MC104747,0,0,0,0
MC103911,0,0,0,0
MC102880,1,1,0,0
MC104450,1,1,0,0
MC101197,0,0,0,0
MC100691,0,0,0,0
MC101505,2,2,0,0
MC103687,1,1,0,0
MC102137,1,1,0,0
MC100923,0,0,0,0
MC101328,1,1,0,0
MC103722,0,0,0,0
MC101371,1,1,0,0
MC101027,1,1,0,0
MC103548,0,0,0,0
MC104351,1,1,0,0
MC100947,0,0,0,0
MC104592,0,0,0,0
MC102951,0,0,0,0
MC100614,0,0,0,0
MC101699,0,0,0,0
MC101804,0,0,0,0
MC102484,0,0,0,0
MC102978,1,1,0,0
MC102818,0,0,0,0
MC104250,0,0,0,0
MC104901,0,0,0,0
MC102156,1,1,0,0
MC100884,0,0,0,0
MC102976,0,0,0,0
MC102242,0,0,0,0
MC100697,1,1,0,0
MC100830,1,1,0,0
MC101100,1,1,0,0
MC104082,1,1,0,0
MC102736,1,1,0,0
MC104033,1,1,0,0
MC101452,1,1,0,0
MC100703,0,0,0,0
MC102607,0,0,0,0
MC102320,1,1,0,0
MC103611,1,1,0,0
MC101428,0,0,0,0
MC103218,4,3,1,0
MC102674,0,0,0,0
MC102493,1,1,0,0
MC103885,1,1,0,0
MC104041,0,0,0,0
MC101639,0,0,0,0
MC100076,1,1,0,0
MC102799,0,0,0,0
MC104629,1,1,0,0
MC103427,1,1,0,0
MC102409,1,1,0,0
MC100024,0,0,0,0
MC103479,0,0,0,0
MC103175,1,1,0,0
MC101485,1,1,0,0
MC104896,0,0,0,0
MC101367,0,0,0,0
MC100473,1,1,0,0
MC103694,0,0,0,0
MC104742,1,1,0,0
MC100167,0,0,0,0
MC104611,1,1,0,0
MC102068,1,1,0,0
MC100523,1,1,0,0
MC104722,1,1,0,0
MC104239,0,0,0,0
MC102318,1,1,0,0
MC102923,1,1,0,0
MC104137,1,1,0,0
MC100348,0,0,0,0
MC102472,1,1,0,0
MC102212,1,1,0,0
MC104835,1,1,0,0
MC102777,0,0,0,0
MC104149,1,1,0,0
MC103019,0,0,0,0
MC102661,1,1,0,0
MC104002,1,1,0,0
MC101507,0,0,0,0
MC102676,2,2,0,0
MC100332,0,0,0,0
MC103749,1,1,0,0
MC103085,1,1,0,0
MC103775,0,0,0,0
MC100337,1,1,0,0
MC104701,0,0,0,0
MC102806,0,0,0,0
MC101941,1,1,0,0
MC103715,1,1,0,0
MC104567,0,0,0,0
MC100912,1,1,0,0
MC103188,0,0,0,0
MC103994,1,1,0,0
MC104390,1,1,0,0
MC103695,1,1,0,0
MC102591,1,1,0,0
MC102640,0,0,0,0
MC102677,0,0,0,0
MC102814,0,0,0,0
MC100278,1,1,0,0
MC103272,1,1,0,0
MC103353,1,1,0,0
MC101922,0,0,0,0
MC104318,1,1,0,0
MC104942,0,0,0,0
MC104780,1,1,0,0
MC104517,1,1,0,0
MC101183,3,2,1,0
MC102610,1,1,0,0
MC101881,0,0,0,0
MC104055,0,0,0,0
MC102765,1,1,0,0
MC102153,1,1,0,0
MC103752,0,0,0,0
MC103626,1,1,0,0
MC104180,1,1,0,0
MC101195,1,1,0,0
MC102456,0,0,0,0
MC101818,0,0,0,0
MC101622,0,0,0,0
MC100119,1,1,0,0
MC103906,1,1,0,0
MC104831,0,0,0,0
MC104997,0,0,0,0
MC104235,1,1,0,0
MC102695,1,1,0,0
MC103167,0,0,0,0
MC102592,0,0,0,0
MC104717,1,1,0,0
MC104413,1,1,0,0
MC102147,1,1,0,0
MC104361,1,1,0,0
MC103597,1,1,0,0
MC102257,0,0,0,0
MC101198,0,0,0,0
MC103278,1,1,0,0
MC104519,1,1,0,0
MC104005,1,1,0,0
MC100644,0,0,0,0
MC101436,1,1,0,0
MC101693,1,1,0,0
MC103098,0,0,0,0
MC103955,0,0,0,0
MC104966,1,1,0,0
MC103637,1,1,0,0
MC103930,0,0,0,0
MC104338,1,1,0,0
MC100945,1,1,0,0
MC100774,1,1,0,0
MC104571,1,1,0,0
MC101619,0,0,0,0
MC102102,0,0,0,0
MC104560,1,1,0,0
MC102832,1,1,0,0
MC102839,1,1,0,0
MC103917,1,1,0,0
MC101172,1,1,0,0
MC102760,0,0,0,0
MC100663,1,1,0,0
MC103499,1,1,0,0
MC101734,1,1,0,0
MC101917,0,0,0,0
MC103420,3,2,1,0
MC104888,1,1,0,0
MC104266,0,0,0,0
MC102570,0,0,0,0
MC101476,1,1,0,0
MC102859,1,1,0,0
MC101969,1,1,0,0
MC104912,1,1,0,0
MC103980,0,0,0,0
MC104689,0,0,0,0
MC102962,1,1,0,0
MC100993,0,0,0,0
MC100387,0,0,0,0
MC103300,1,1,0,0
MC102198,1,1,0,0
MC101208,1,1,0,0
MC103391,1,1,0,0
MC101623,1,1,0,0
MC100302,0,0,0,0
MC102128,1,1,0,0
MC102359,1,1,0,0
MC100049,1,1,0,0
MC103384,0,0,0,0
MC103576,0,0,0,0
MC104340,1,1,0,0
MC100454,1,1,0,0
MC104285,1,1,0,0
MC101207,0,0,0,0
MC103535,1,1,0,0
MC102741,0,0,0,0
MC104389,1,1,0,0
MC104719,0,0,0,0
MC103358,0,0,0,0
MC101750,1,1,0,0
MC102406,0,0,0,0
MC100561,0,0,0,0
MC100279,1,1,0,0
MC102515,1,1,0,0
MC103818,1,1,0,0
MC100620,1,1,0,0
MC100959,1,1,0,0
MC100419,0,0,0,0
MC100730,1,1,0,0
MC100511,0,0,0,0
MC104587,1,1,0,0
MC103589,1,1,0,0
MC103658,1,1,0,0
MC101443,0,0,0,0
MC104444,1,1,0,0
MC101944,1,1,0,0
MC104638,1,1,0,0
MC102498,0,0,0,0
MC101293,0,0,0,0
MC104197,1,1,0,0
MC100392,1,1,0,0
MC104001,1,1,0,0
MC101958,1,1,0,0
MC101432,0,0,0,0
MC101274,1,1,0,0
MC103042,1,1,0,0
MC100181,1,1,0,0
MC100647,1,1,0,0
MC102348,1,1,0,0
MC103761,1,1,0,0
MC102342,1,1,0,0
MC103234,0,0,0,0
MC104443,0,0,0,0
MC102209,1,1,0,0
MC101364,0,0,0,0
MC100426,1,1,0,0
MC103314,1,1,0,0
MC101224,1,1,0,0
MC103184,1,1,0,0
MC104479,1,1,0,0
MC101831,3,2,1,0
MC104445,1,1,0,0
MC100262,1,1,0,0
MC100028,1,1,0,0
MC104093,1,1,0,0
MC101124,0,0,0,0
MC101345,1,1,0,0
MC104259,1,1,0,0
MC104672,0,0,0,0
MC103764,2,2,0,0
MC101251,0,0,0,0
MC102029,1,1,0,0
MC101062,0,0,0,0
MC104379,0,0,0,0
MC101674,0,0,0,0
MC104582,1,1,0,0
MC101077,1,1,0,0
MC101563,0,0,0,0
MC100311,0,0,0,0
MC101970,0,0,0,0
MC101834,0,0,0,0
MC104833,1,1,0,0
MC103416,0,0,0,0
MC100422,1,1,0,0
MC103746,1,1,0,0
MC103705,1,1,0,0
MC103743,1,1,0,0
MC101474,1,1,0,0
MC100718,1,1,0,0
MC103568,0,0,0,0
MC103268,1,1,0,0
MC102182,3,3,0,0
MC103839,1,1,0,0
MC102027,0,0,0,0
MC104403,1,1,0,0
MC104364,1,1,0,0
MC104908,1,1,0,0
MC101022,1,1,0,0
MC100890,1,1,0,0
MC103005,0,0,0,0
MC101960,1,1,0,0
MC102998,0,0,0,0
MC100265,1,1,0,0
MC100248,1,1,0,0
MC104678,0,0,0,0
MC103014,1,1,0,0
MC102995,1,1,0,0
MC104007,1,1,0,0
MC104274,1,1,0,0
MC104873,1,1,0,0
MC100843,1,1,0,0
MC101217,0,0,0,0
MC102841,1,1,0,0
MC100895,1,1,0,0
MC102443,0,0,0,0
MC102109,0,0,0,0
MC104270,1,1,0,0
MC101678,3,3,0,0
MC104171,3,3,0,0
MC103960,1,1,0,0
MC103825,1,1,0,0
MC101668,0,0,0,0
MC100482,3,2,1,0
MC101203,1,1,0,0
MC102115,1,1,0,0
MC103326,1,1,0,0
MC100729,1,1,0,0
MC104473,0,0,0,0
MC101856,1,1,0,0
MC102624,1,1,0,0
MC102899,1,1,0,0
MC104398,1,1,0,0
MC102051,1,1,0,0
MC102594,1,1,0,0
MC103138,0,0,0,0
MC102997,0,0,0,0
MC103082,2,1,1,0
MC104729,1,1,0,0
MC102203,0,0,0,0
MC103941,0,0,0,0
MC103023,1,1,0,0
MC103183,0,0,0,0
MC103802,1,1,0,0
MC101272,1,1,0,0
MC101808,1,1,0,0
MC104578,0,0,0,0
MC100166,0,0,0,0
MC101291,0,0,0,0
MC104108,0,0,0,0
MC101400,0,0,0,0
MC103538,0,0,0,0
MC101456,1,1,0,0
MC102820,0,0,0,0
MC100946,1,1,0,0
MC100138,3,3,0,0
MC104238,1,1,0,0
MC104609,0,0,0,0
MC102030,1,1,0,0
MC100393,1,1,0,0
MC101448,0,0,0,0
MC104892,1,1,0,0
MC102774,0,0,0,0
MC100559,0,0,0,0
MC103142,0,0,0,0
MC102888,1,1,0,0
MC100823,1,1,0,0
MC101151,1,1,0,0
MC102256,1,1,0,0
MC101434,1,1,0,0
MC102151,1,1,0,0
MC103417,0,0,0,0
MC100557,1,1,0,0
MC102476,0,0,0,0
MC101799,0,0,0,0
MC100097,0,0,0,0
MC104265,1,1,0,0
MC100752,1,1,0,0
MC102917,1,1,0,0
MC104496,0,0,0,0
MC102126,0,0,0,0
MC102931,1,1,0,0
MC102608,0,0,0,0
MC100340,0,0,0,0
MC104812,0,0,0,0
MC104709,0,0,0,0
MC100375,1,1,0,0
MC104074,1,1,0,0
MC100350,0,0,0,0
MC100782,1,1,0,0
MC100314,0,0,0,0
MC100646,0,0,0,0
MC102957,1,1,0,0
MC101836,1,1,0,0
MC104796,1,1,0,0
MC103040,1,1,0,0
MC104462,0,0,0,0
MC102641,0,0,0,0
MC103253,0,0,0,0
MC102785,1,1,0,0
MC103518,0,0,0,0
MC104766,1,1,0,0
MC101621,0,0,0,0
MC101390,1,1,0,0
MC100258,1,1,0,0
MC102179,0,0,0,0
MC101543,1,1,0,0
MC103205,1,1,0,0
MC104772,3,3,0,0
MC103475,1,1,0,0
MC101482,0,0,0,0
MC101642,0,0,0,0
MC103381,1,1,0,0
MC100463,1,1,0,0
MC100640,0,0,0,0
MC101462,1,1,0,0
MC100873,1,1,0,0
MC104221,1,1,0,0
MC100763,1,1,0,0
MC100641,0,0,0,0
MC100108,0,0,0,0
MC104332,0,0,0,0
MC101286,1,1,0,0
MC102665,0,0,0,0
MC104217,0,0,0,0
MC102431,1,1,0,0
MC100056,0,0,0,0
MC101471,1,1,0,0
MC100804,0,0,0,0
MC103399,0,0,0,0
MC100004,1,1,0,0
MC103193,0,0,0,0
MC104161,1,1,0,0
MC102843,1,1,0,0
MC103124,1,1,0,0
MC102365,1,1,0,0
MC102124,0,0,0,0
MC102919,1,1,0,0
MC103094,1,1,0,0
MC101698,1,1,0,0
MC101784,1,1,0,0
MC101314,1,1,0,0
MC102614,0,0,0,0
MC100605,1,1,0,0
MC100933,1,1,0,0
MC103654,0,0,0,0
MC100781,0,0,0,0
MC103853,1,1,0,0
MC104272,1,1,0,0
MC101024,1,1,0,0
MC101876,1,1,0,0
MC100423,0,0,0,0
MC100584,1,1,0,0
MC100547,0,0,0,0
MC100963,1,1,0,0
MC100013,1,1,0,0
MC100796,1,1,0,0
MC104550,1,1,0,0
MC103966,0,0,0,0
MC100976,0,0,0,0
MC101751,1,1,0,0
MC101991,0,0,0,0
MC102284,0,0,0,0
MC102370,1,1,0,0
MC103634,0,0,0,0
MC104954,1,1,0,0
MC101334,0,0,0,0
MC102794,0,0,0,0
MC101284,0,0,0,0
MC104981,1,1,0,0
MC100776,0,0,0,0
MC103720,0,0,0,0
MC102860,0,0,0,0
MC102055,0,0,0,0
MC102907,1,1,0,0
MC104275,1,1,0,0
MC104317,0,0,0,0
MC102887,0,0,0,0
MC101879,1,1,0,0
MC102731,0,0,0,0
MC102382,0,0,0,0
MC100353,1,1,0,0
MC101325,0,0,0,0
MC101566,1,1,0,0
MC102197,1,1,0,0
MC101663,0,0,0,0
MC104787,1,1,0,0
MC102334,1,1,0,0
MC101900,0,0,0,0
MC102581,1,1,0,0
MC103686,0,0,0,0
MC101039,0,0,0,0
MC102709,0,0,0,0
MC102444,1,1,0,0
MC101614,1,1,0,0
MC103984,1,1,0,0
MC103252,0,0,0,0
MC102244,0,0,0,0
MC103043,1,1,0,0
MC103328,0,0,0,0
MC103322,1,1,0,0
MC100444,1,1,0,0
MC102234,0,0,0,0
MC100871,1,1,0,0
MC100987,1,1,0,0
MC104632,0,0,0,0
MC101962,0,0,0,0
MC101763,1,1,0,0
MC100488,0,0,0,0
MC101459,1,1,0,0
MC100742,1,1,0,0
MC104222,1,1,0,0
MC101592,0,0,0,0
MC104679,1,1,0,0
MC100330,0,0,0,0
MC102196,1,1,0,0
MC103080,1,1,0,0
MC103970,1,1,0,0
MC103972,1,1,0,0
MC101535,1,1,0,0
MC103449,0,0,0,0
MC103089,0,0,0,0
MC100317,0,0,0,0
MC101010,1,1,0,0
MC102358,0,0,0,0
MC103751,0,0,0,0
MC100622,0,0,0,0
MC104042,1,1,0,0
MC103389,1,1,0,0
MC101875,1,1,0,0
MC100593,0,0,0,0
MC102558,0,0,0,0
MC104730,0,0,0,0
MC100893,0,0,0,0
MC104545,2,1,1,0
MC100139,0,0,0,0
MC102059,0,0,0,0
MC102404,1,1,0,0
MC104825,1,1,0,0
MC103491,0,0,0,0
MC102685,1,1,0,0
MC103029,1,1,0,0
MC100802,1,1,0,0
MC104849,1,1,0,0
MC102567,0,0,0,0
MC101271,1,1,0,0
MC103653,0,0,0,0
MC102354,1,1,0,0
MC102767,1,1,0,0
MC104527,0,0,0,0
MC104131,1,1,0,0
MC103315,1,1,0,0
MC102220,0,0,0,0
MC100275,1,1,0,0
MC103876,0,0,0,0
MC100061,1,1,0,0
MC100847,1,1,0,0
MC103173,0,0,0,0
MC104987,0,0,0,0
MC103436,1,1,0,0
MC101963,1,1,0,0
MC100716,0,0,0,0
MC104502,0,0,0,0
MC103721,0,0,0,0
MC102968,0,0,0,0
MC100807,1,1,0,0
MC101760,1,1,0,0
MC103116,1,1,0,0
MC104058,1,1,0,0
MC104324,1,1,0,0
MC100344,0,0,0,0
MC102659,1,1,0,0
MC104916,1,1,0,0
MC101598,0,0,0,0
MC100172,1,1,0,0
MC103909,1,1,0,0
MC101196,0,0,0,0
MC102141,1,1,0,0
MC102829,1,1,0,0
MC104920,1,1,0,0
MC104077,0,0,0,0
MC100753,1,1,0,0
MC101228,0,0,0,0
MC104396,1,1,0,0
MC100015,0,0,0,0
MC101892,0,0,0,0
MC100378,0,0,0,0
MC100062,1,1,0,0
MC102121,1,1,0,0
MC100793,0,0,0,0
MC104299,1,1,0,0
MC102469,0,0,0,0
MC104344,1,1,0,0
MC101813,1,1,0,0
MC101787,0,0,0,0
MC101542,0,0,0,0
MC101494,1,1,0,0
MC100686,0,0,0,0
MC102560,2,2,0,0
MC101277,0,0,0,0
MC104182,0,0,0,0
MC104793,1,1,0,0
MC103956,1,1,0,0
MC102425,1,1,0,0
MC103217,0,0,0,0
MC104959,0,0,0,0
MC100673,1,1,0,0
MC101973,0,0,0,0
MC100519,1,1,0,0
MC103087,1,1,0,0
MC101096,0,0,0,0
MC100201,1,1,0,0
MC102833,1,1,0,0
MC103676,0,0,0,0
MC101288,1,1,0,0
MC102057,0,0,0,0
MC101715,1,1,0,0
MC104774,0,0,0,0
MC104374,0,0,0,0
MC102014,1,1,0,0
MC102834,1,1,0,0
MC104295,0,0,0,0
MC102599,1,1,0,0
MC102368,0,0,0,0
MC101980,1,1,0,0
MC104157,0,0,0,0
MC104746,0,0,0,0
MC101363,1,1,0,0
MC102390,0,0,0,0
MC100702,2,2,0,0
MC102315,1,1,0,0
MC100321,0,0,0,0
MC102307,0,0,0,0
MC102012,0,0,0,0
MC104243,0,0,0,0
MC104125,0,0,0,0
MC102960,0,0,0,0
MC104889,1,1,0,0
MC100589,0,0,0,0
MC101773,0,0,0,0
MC103547,1,1,0,0
MC102927,1,1,0,0
MC104681,0,0,0,0
MC104286,0,0,0,0
MC103719,0,0,0,0
MC101322,1,1,0,0
MC101938,1,1,0,0
MC100356,0,0,0,0
MC102708,1,1,0,0
MC104427,0,0,0,0
MC102462,1,1,0,0
MC100303,1,1,0,0
MC100266,0,0,0,0
MC104684,0,0,0,0
MC101190,1,1,0,0
MC101279,1,1,0,0
MC103442,0,0,0,0
MC100748,1,1,0,0
MC101867,1,1,0,0
MC104842,0,0,0,0
MC100102,1,1,0,0
MC101918,0,0,0,0
MC100726,1,1,0,0
MC104958,0,0,0,0
MC100811,1,1,0,0
MC103958,1,1,0,0
MC104378,1,1,0,0
MC103851,1,1,0,0
MC103507,1,1,0,0
MC100089,0,0,0,0
MC104454,1,1,0,0
MC103710,1,1,0,0
MC100599,1,1,0,0
MC103649,1,1,0,0
MC103453,0,0,0,0
MC103569,1,1,0,0
MC104246,0,0,0,0
MC103136,1,1,0,0
MC102299,1,1,0,0
MC100240,0,0,0,0
MC100087,1,1,0,0
MC104761,1,1,0,0
MC103517,1,1,0,0
MC103489,1,1,0,0
MC102932,1,1,0,0
MC104999,0,0,0,0
MC102827,1,1,0,0
MC102536,1,1,0,0
MC100083,1,1,0,0
MC103999,1,1,0,0
MC103054,0,0,0,0
MC102740,1,1,0,0
MC104022,0,0,0,0
MC102746,3,2,1,0
MC104128,1,1,0,0
MC101874,0,0,0,0
MC103390,0,0,0,0
MC102545,0,0,0,0
MC101004,1,1,0,0
MC103690,0,0,0,0
MC104190,1,1,0,0
MC101465,0,0,0,0
MC101722,0,0,0,0
MC100695,1,1,0,0
MC101392,1,1,0,0
MC102235,0,0,0,0
MC103819,1,1,0,0
MC100864,1,1,0,0
MC101647,0,0,0,0
MC101511,0,0,0,0
MC104175,0,0,0,0
MC101706,1,1,0,0
MC103758,0,0,0,0
MC102551,1,1,0,0
MC100129,0,0,0,0
MC100834,1,1,0,0
MC101894,0,0,0,0
MC102766,1,1,0,0
MC102165,1,1,0,0
MC101885,1,1,0,0
MC102089,0,0,0,0
MC103259,1,1,0,0
MC100354,1,1,0,0
MC100180,1,1,0,0
MC100648,1,1,0,0
MC102961,1,1,0,0
MC102238,1,1,0,0
MC104017,0,0,0,0
MC100722,0,0,0,0
MC100621,1,1,0,0
MC100401,0,0,0,0
MC100866,0,0,0,0
MC102037,0,0,0,0
MC100065,1,1,0,0
MC100100,1,1,0,0
MC103163,0,0,0,0
MC103393,0,0,0,0
MC101430,1,1,0,0
MC101297,1,1,0,0
MC103586,2,2,0,0
MC102616,1,1,0,0
MC103240,1,1,0,0
MC100860,0,0,0,0
MC103946,1,1,0,0
MC102268,1,1,0,0
MC102183,1,1,0,0
MC101514,0,0,0,0
MC104542,1,1,0,0
MC103200,1,1,0,0
MC101705,1,1,0,0
MC100142,1,1,0,0
MC104926,0,0,0,0
MC101807,1,1,0,0
MC104985,1,1,0,0
MC102148,1,1,0,0
MC103266,0,0,0,0
MC102248,0,0,0,0
MC103635,1,1,0,0
MC102262,1,1,0,0
MC103257,0,0,0,0
MC100014,0,0,0,0
MC102303,0,0,0,0
MC102263,0,0,0,0
MC100484,0,0,0,0
MC101248,0,0,0,0
MC103155,0,0,0,0
MC101513,1,1,0,0
MC103367,0,0,0,0
MC102470,1,1,0,0
MC101065,0,0,0,0
MC101055,0,0,0,0
MC104764,1,1,0,0
MC104229,1,1,0,0
MC103474,1,1,0,0
MC100572,0,0,0,0
MC103820,0,0,0,0
MC102497,1,1,0,0
MC104044,1,1,0,0
MC104534,1,1,0,0
MC101617,1,1,0,0
MC102619,1,1,0,0
MC102481,0,0,0,0
MC104818,0,0,0,0
MC100029,1,1,0,0
MC100232,2,2,0,0
MC102129,1,1,0,0
MC101748,1,1,0,0
MC101886,0,0,0,0
MC102531,1,1,0,0
MC102678,0,0,0,0
MC100086,1,1,0,0
MC103948,1,1,0,0
MC103827,0,0,0,0
MC103246,0,0,0,0
MC104031,1,1,0,0
MC103655,1,1,0,0
MC103331,0,0,0,0
MC100825,3,2,1,0
MC102314,1,1,0,0
MC100592,1,1,0,0
MC100795,1,1,0,0
MC102392,1,1,0,0
MC102552,1,1,0,0
MC103301,1,1,0,0
MC103210,1,1,0,0
MC104309,1,1,0,0
MC100623,0,0,0,0
MC103131,1,1,0,0
MC104869,2,2,0,0
MC104919,0,0,0,0
MC102850,0,0,0,0
MC102996,0,0,0,0
MC100531,1,1,0,0
MC102852,1,1,0,0
MC101949,0,0,0,0
MC100865,3,2,1,0
MC104607,0,0,0,0
MC102720,0,0,0,0
MC102195,1,1,0,0
MC101365,1,1,0,0
MC102508,0,0,0,0
MC102631,2,2,0,0
MC102345,1,1,0,0
MC104191,1,1,0,0
MC100917,0,0,0,0
MC102046,2,2,0,0
MC100395,0,0,0,0
MC103106,0,0,0,0
MC100325,1,1,0,0
MC103703,1,1,0,0
MC103797,0,0,0,0
MC100575,1,1,0,0
MC104439,1,1,0,0
MC101814,0,0,0,0
MC100269,0,0,0,0
MC101547,1,1,0,0
MC101023,0,0,0,0
MC104271,1,1,0,0
MC100247,1,1,0,0
MC102782,0,0,0,0
MC102762,0,0,0,0
MC102579,1,1,0,0
MC104119,1,1,0,0
MC104075,1,1,0,0
MC101591,0,0,0,0
MC103135,0,0,0,0
MC103065,1,1,0,0
MC100818,0,0,0,0
MC104562,1,1,0,0
MC101689,1,1,0,0
MC103169,1,1,0,0
MC102629,3,2,1,0
MC100334,1,1,0,0
MC101236,1,1,0,0
MC103757,0,0,0,0
MC101223,0,0,0,0
MC101373,1,1,0,0
MC103516,0,0,0,0
MC104884,1,1,0,0
MC101305,0,0,0,0
MC103055,0,0,0,0
MC100396,0,0,0,0
MC100039,1,1,0,0
MC100994,1,1,0,0
MC100131,1,1,0,0
MC103385,0,0,0,0
MC104543,1,1,0,0
MC101528,0,0,0,0
MC102071,0,0,0,0
MC104941,1,1,0,0
MC104424,0,0,0,0
MC104000,1,1,0,0
MC104433,1,1,0,0
MC103726,1,1,0,0
MC101857,0,0,0,0
MC104572,1,1,0,0
MC101903,1,1,0,0
MC104236,1,1,0,0
MC103195,0,0,0,0
MC104699,0,0,0,0
MC102301,0,0,0,0
MC100220,0,0,0,0
MC101490,1,1,0,0
MC102447,0,0,0,0
MC103882,1,1,0,0
MC104903,1,1,0,0
MC104397,1,1,0,0
MC104280,0,0,0,0
MC103689,0,0,0,0
MC100184,1,1,0,0
MC101587,1,1,0,0
MC103368,2,2,0,0
MC104845,0,0,0,0
MC101847,1,1,0,0
MC103724,1,1,0,0
MC103123,0,0,0,0
MC101215,0,0,0,0
MC103478,1,1,0,0
MC104092,1,1,0,0
MC101800,0,0,0,0
MC102082,0,0,0,0
MC101832,0,0,0,0
MC103888,0,0,0,0
MC104341,1,1,0,0
MC103728,1,1,0,0
MC101652,0,0,0,0
MC103134,1,1,0,0
MC101957,0,0,0,0
MC101396,1,1,0,0
MC100882,1,1,0,0
MC101270,0,0,0,0
MC102414,1,1,0,0
MC104927,1,1,0,0
MC100374,0,0,0,0
MC101280,0,0,0,0
MC104934,1,1,0,0
MC104757,0,0,0,0
MC102188,1,1,0,0
MC104533,0,0,0,0
MC104710,0,0,0,0
MC103925,0,0,0,0
MC100053,1,1,0,0
MC103337,1,1,0,0
MC104218,0,0,0,0
MC102732,1,1,0,0
MC100662,1,1,0,0
MC104967,0,0,0,0
MC101013,1,1,0,0
MC104425,0,0,0,0
MC100839,1,1,0,0
MC101998,0,0,0,0
MC103807,0,0,0,0
MC100483,1,1,0,0
MC103684,0,0,0,0
MC103678,1,1,0,0
MC102771,1,1,0,0
MC104422,0,0,0,0
MC103759,1,1,0,0
MC103159,1,1,0,0
MC102442,1,1,0,0
MC103145,1,1,0,0
MC104073,1,1,0,0
MC101338,0,0,0,0
MC101461,0,0,0,0
MC104811,1,1,0,0
MC102118,1,1,0,0
MC104508,1,1,0,0
MC101829,1,1,0,0
MC101873,1,1,0,0
MC102557,1,1,0,0
MC103380,0,0,0,0
MC104732,1,1,0,0
MC104035,0,0,0,0
MC104261,1,1,0,0
MC101939,1,1,0,0
MC101624,1,1,0,0
MC100231,1,1,0,0
MC100183,1,1,0,0
MC102294,1,1,0,0
MC102364,0,0,0,0
MC102662,0,0,0,0
MC100284,0,0,0,0
MC102780,0,0,0,0
MC104407,0,0,0,0
MC101487,1,1,0,0
MC104023,1,1,0,0
MC101820,3,2,1,0
MC100445,0,0,0,0
MC102972,1,1,0,0
MC100653,1,1,0,0
MC104809,0,0,0,0
MC104491,1,1,0,0
MC103001,0,0,0,0
MC104155,1,1,0,0
MC100385,1,1,0,0
MC102304,0,0,0,0
MC103852,1,1,0,0
MC100008,0,0,0,0
MC104258,0,0,0,0
MC104808,1,1,0,0
MC103204,1,1,0,0
MC101289,0,0,0,0
MC102237,0,0,0,0
MC103045,0,0,0,0
MC101202,1,1,0,0
MC101185,1,1,0,0
MC104832,1,1,0,0
MC102873,1,1,0,0
MC102371,0,0,0,0
MC100874,1,1,0,0
MC103466,0,0,0,0
MC100521,1,1,0,0
MC101935,0,0,0,0
MC103729,0,0,0,0
MC100853,1,1,0,0
MC104300,0,0,0,0
MC101173,0,0,0,0
MC104877,1,1,0,0
MC103084,1,1,0,0
MC100556,0,0,0,0
MC102890,1,1,0,0
MC104298,1,1,0,0
MC102383,0,0,0,0
MC101318,3,2,1,0
MC102819,0,0,0,0
MC101425,0,0,0,0
MC101044,0,0,0,0
MC104858,0,0,0,0
MC103934,1,1,0,0
MC104151,1,1,0,0
MC102003,1,1,0,0
MC100411,0,0,0,0
MC103855,0,0,0,0
MC102721,1,1,0,0
MC104640,1,1,0,0
MC100146,1,1,0,0
MC102848,0,0,0,0
MC103889,1,1,0,0
MC102905,0,0,0,0
MC102247,0,0,0,0
MC103472,1,1,0,0
MC101216,0,0,0,0
MC100059,1,1,0,0
MC100324,1,1,0,0
MC102966,1,1,0,0
MC101737,0,0,0,0
MC100205,0,0,0,0
MC104025,1,1,0,0
MC101220,0,0,0,0
MC101508,1,1,0,0
MC100464,1,1,0,0
MC103256,0,0,0,0
MC100613,0,0,0,0
MC104784,0,0,0,0
MC100360,1,1,0,0
MC100428,1,1,0,0
MC102742,0,0,0,0
MC100790,0,0,0,0
MC101626,1,1,0,0
MC103868,0,0,0,0
MC103441,1,1,0,0
MC100998,1,1,0,0
MC103933,0,0,0,0
MC100711,0,0,0,0
MC100492,1,1,0,0
MC102249,0,0,0,0
MC101435,1,1,0,0
MC101842,1,1,0,0
MC103962,1,1,0,0
MC102948,1,1,0,0
MC101002,1,1,0,0
MC104434,0,0,0,0
MC101775,0,0,0,0
MC101132,1,1,0,0
MC102761,0,0,0,0
MC101085,1,1,0,0
MC100130,1,1,0,0
MC100736,1,1,0,0
MC100733,0,0,0,0
MC103373,0,0,0,0
MC100943,1,1,0,0
MC100132,0,0,0,0
MC100134,0,0,0,0
MC103793,1,1,0,0
MC100812,0,0,0,0
MC101732,1,1,0,0
MC101727,0,0,0,0
MC103570,1,1,0,0
MC103692,0,0,0,0
MC100370,0,0,0,0
MC102583,0,0,0,0
MC104827,1,1,0,0
MC104253,1,1,0,0
MC104955,1,1,0,0
MC103194,2,1,1,0
MC104116,0,0,0,0
MC104503,0,0,0,0
MC101103,1,1,0,0
MC103624,1,1,0,0
MC103537,1,1,0,0
MC101654,0,0,0,0
MC100876,1,1,0,0
MC103587,1,1,0,0
MC104705,1,1,0,0
MC102958,0,0,0,0
MC101320,1,1,0,0
MC101192,0,0,0,0
MC101869,0,0,0,0
MC104071,0,0,0,0
MC103495,0,0,0,0
MC101381,3,2,1,0
MC102861,0,0,0,0
MC100747,1,1,0,0
MC101682,1,1,0,0
MC100734,1,1,0,0
MC103555,1,1,0,0
MC101106,2,2,0,0
MC102381,0,0,0,0
MC103795,1,1,0,0
MC102909,1,1,0,0
MC100341,1,1,0,0
MC102360,1,1,0,0
MC101762,1,1,0,0
MC103573,1,1,0,0
MC100244,0,0,0,0
MC101531,1,1,0,0
MC103824,0,0,0,0
MC104347,1,1,0,0
MC100783,0,0,0,0
MC101269,1,1,0,0
MC101522,1,1,0,0
MC103237,1,1,0,0
MC102386,1,1,0,0
MC101788,1,1,0,0
MC101965,1,1,0,0
MC102415,0,0,0,0
MC102449,0,0,0,0
MC100638,1,1,0,0
MC102131,0,0,0,0
MC100323,0,0,0,0
MC103467,0,0,0,0
MC102483,1,1,0,0
MC100503,1,1,0,0
MC104365,0,0,0,0
MC104069,1,1,0,0
MC104675,1,1,0,0
MC104121,1,1,0,0
MC102748,1,1,0,0
MC103468,0,0,0,0
MC103787,1,1,0,0
MC104480,0,0,0,0
MC101149,0,0,0,0
MC102645,1,1,0,0
MC100607,1,1,0,0
MC101690,0,0,0,0
MC103437,1,1,0,0
MC103072,1,1,0,0
MC101670,0,0,0,0
MC100159,0,0,0,0
MC102723,1,1,0,0
MC103935,1,1,0,0
MC100116,1,1,0,0
MC104459,0,0,0,0
MC102813,0,0,0,0
MC104260,1,1,0,0
MC103274,0,0,0,0
MC100343,0,0,0,0
MC104162,0,0,0,0
MC101779,0,0,0,0
MC103927,1,1,0,0
MC101534,1,1,0,0
MC104223,0,0,0,0
MC103896,1,1,0,0
MC104617,0,0,0,0
MC101993,1,1,0,0
MC104974,1,1,0,0
MC100699,1,1,0,0
MC100099,0,0,0,0
MC103387,1,1,0,0
MC103198,0,0,0,0
MC101533,0,0,0,0
MC102460,1,1,0,0
MC102502,1,1,0,0
MC101234,1,1,0,0
MC104590,0,0,0,0
MC101278,1,1,0,0
MC101864,1,1,0,0
MC104687,1,1,0,0
MC103365,0,0,0,0
MC103627,0,0,0,0
MC104844,1,1,0,0
MC101455,1,1,0,0
MC104072,1,1,0,0
MC103221,1,1,0,0
MC100347,1,1,0,0
MC102260,1,1,0,0
MC104076,0,0,0,0
MC103607,1,1,0,0
MC103748,1,1,0,0
MC102842,0,0,0,0
MC102487,1,1,0,0
MC100737,1,1,0,0
MC100606,0,0,0,0
MC101802,0,0,0,0
MC104442,0,0,0,0
MC103270,1,1,0,0
MC102034,1,1,0,0
MC100363,1,1,0,0
MC101630,0,0,0,0
MC102797,0,0,0,0
MC103862,1,1,0,0
MC102781,1,1,0,0
MC101408,0,0,0,0
MC101757,1,1,0,0
MC101317,1,1,0,0
MC100751,0,0,0,0
MC104451,1,1,0,0
MC101095,0,0,0,0
MC104938,0,0,0,0
MC104316,1,1,0,0
MC102056,2,2,0,0
MC100765,0,0,0,0
MC101972,1,1,0,0
MC103740,0,0,0,0
MC103110,1,1,0,0
MC104569,0,0,0,0
MC101866,0,0,0,0
MC100161,1,1,0,0
MC102921,1,1,0,0
MC100260,1,1,0,0
MC100566,1,1,0,0
MC100366,0,0,0,0
MC104204,1,1,0,0
MC103493,1,1,0,0
MC101450,0,0,0,0
MC100929,1,1,0,0
MC102623,0,0,0,0
MC100845,1,1,0,0
MC103753,1,1,0,0
MC102036,0,0,0,0
MC104795,1,1,0,0
MC100760,1,1,0,0
MC104380,1,1,0,0
MC102793,0,0,0,0
MC100026,0,0,0,0
MC100170,1,1,0,0
MC100012,0,0,0,0
MC103850,0,0,0,0
MC103309,0,0,0,0
MC104642,3,2,1,0
MC101148,1,1,0,0
MC104391,1,1,0,0
MC101180,3,3,0,0
MC101135,3,2,1,0
MC103510,1,1,0,0
MC100777,0,0,0,0
MC102040,1,1,0,0
MC100949,1,1,0,0
MC103049,1,1,0,0
MC101446,1,1,0,0
MC100981,1,1,0,0
MC104636,1,1,0,0
MC104349,0,0,0,0
MC102589,1,1,0,0
MC100744,1,1,0,0
MC103157,0,0,0,0
MC100124,0,0,0,0
MC102273,1,1,0,0
MC104928,1,1,0,0
MC104874,1,1,0,0
MC101378,0,0,0,0
MC102847,1,1,0,0
MC104177,0,0,0,0
MC101329,0,0,0,0
MC100858,1,1,0,0
MC101152,0,0,0,0
MC101433,1,1,0,0
MC102206,0,0,0,0
MC103992,0,0,0,0
MC102041,1,1,0,0
MC104027,0,0,0,0
MC104350,1,1,0,0
MC100652,1,1,0,0
MC104522,0,0,0,0
MC101199,1,1,0,0
MC101695,0,0,0,0
MC101418,0,0,0,0
MC104100,1,1,0,0
MC102547,1,1,0,0
MC100050,1,1,0,0
MC103971,1,1,0,0
MC102713,0,0,0,0
MC100749,3,3,0,0
MC102756,0,0,0,0
MC104826,3,3,0,0
MC103591,0,0,0,0
MC102477,0,0,0,0
MC102017,0,0,0,0
MC101116,1,1,0,0
MC104304,1,1,0,0
MC100058,1,1,0,0
MC102173,1,1,0,0
MC103267,0,0,0,0
MC102711,1,1,0,0
MC101237,1,1,0,0
MC100094,1,1,0,0
MC100297,1,1,0,0
MC101567,1,1,0,0
MC103286,0,0,0,0
MC101635,1,1,0,0
MC104673,0,0,0,0
MC103738,0,0,0,0
MC103402,0,0,0,0
MC101491,0,0,0,0
MC101510,0,0,0,0
MC103290,1,1,0,0
MC104047,0,0,0,0
MC102269,1,1,0,0
MC100666,0,0,0,0
MC100032,1,1,0,0
MC103424,1,1,0,0
MC102047,1,1,0,0
MC102571,1,1,0,0
MC102952,1,1,0,0
MC104036,0,0,0,0
MC100567,3,3,0,0
MC101518,1,1,0,0
MC101636,1,1,0,0
MC104148,0,0,0,0
MC102815,0,0,0,0
MC101048,1,1,0,0
MC100582,0,0,0,0
MC102063,0,0,0,0
MC103859,0,0,0,0
MC101342,2,2,0,0
MC102735,0,0,0,0
MC101768,0,0,0,0
MC101130,1,1,0,0
MC101661,1,1,0,0
MC102396,0,0,0,0
MC104990,1,1,0,0
MC102489,1,1,0,0
MC101335,1,1,0,0
MC104956,1,1,0,0
MC100801,1,1,0,0
MC103109,0,0,0,0
MC103515,0,0,0,0
MC100495,1,1,0,0
MC102816,3,3,0,0
MC100230,1,1,0,0
MC104755,1,1,0,0
MC104544,1,1,0,0
MC103021,1,1,0,0
MC101064,1,1,0,0
MC100827,1,1,0,0
MC103945,0,0,0,0
MC100120,0,0,0,0
MC104081,0,0,0,0
MC103613,1,1,0,0
MC100005,0,0,0,0
MC100472,0,0,0,0
MC104352,0,0,0,0
MC101759,0,0,0,0
MC101607,1,1,0,0
MC100604,0,0,0,0
MC102300,1,1,0,0
MC104472,1,1,0,0
MC100723,1,1,0,0
MC100273,0,0,0,0
MC100057,0,0,0,0
MC101541,1,1,0,0
MC101893,0,0,0,0
MC103745,1,1,0,0
MC104412,1,1,0,0
MC101263,0,0,0,0
MC100115,1,1,0,0
MC101700,1,1,0,0
MC104354,0,0,0,0
MC103665,0,0,0,0
MC104555,0,0,0,0
MC104279,1,1,0,0
MC102989,0,0,0,0
MC102596,1,1,0,0
MC104930,1,1,0,0
MC104788,1,1,0,0
MC102184,1,1,0,0
MC101852,1,1,0,0
MC102550,0,0,0,0
MC101887,0,0,0,0
MC102385,1,1,0,0
MC100706,1,1,0,0
MC102119,1,1,0,0
MC104989,1,1,0,0
MC101477,1,1,0,0
MC104333,0,0,0,0
MC103700,1,1,0,0
MC102750,1,1,0,0
MC103464,0,0,0,0
MC104798,1,1,0,0
MC104925,1,1,0,0
MC100294,1,1,0,0
MC102943,0,0,0,0
MC100672,1,1,0,0
MC104576,1,1,0,0
MC102015,0,0,0,0
MC100932,0,0,0,0
MC101929,0,0,0,0
MC102410,0,0,0,0
MC102280,1,1,0,0
MC101243,1,1,0,0
MC101634,0,0,0,0
MC101519,0,0,0,0
MC104152,0,0,0,0
MC103536,1,1,0,0
MC104943,1,1,0,0
MC102039,1,1,0,0
MC102395,1,1,0,0
MC103409,1,1,0,0
MC100145,1,1,0,0
MC100787,1,1,0,0
MC102569,0,0,0,0
MC101206,0,0,0,0
MC103575,1,1,0,0
MC101906,2,2,0,0
MC101403,0,0,0,0
MC104610,1,1,0,0
MC101348,1,1,0,0
MC103446,0,0,0,0
MC102867,1,1,0,0
MC104984,1,1,0,0
MC103662,1,1,0,0
MC103224,1,1,0,0
MC100186,0,0,0,0
MC100301,1,1,0,0
MC101615,1,1,0,0
MC101570,0,0,0,0
MC100676,0,0,0,0
MC101046,0,0,0,0
MC103447,0,0,0,0
MC101907,1,1,0,0
MC101898,1,1,0,0
MC104897,1,1,0,0
MC100409,0,0,0,0
MC100235,0,0,0,0
MC103977,0,0,0,0
MC104376,1,1,0,0
MC103944,0,0,0,0
MC101388,0,0,0,0
MC102077,1,1,0,0
MC102379,1,1,0,0
MC100856,1,1,0,0
MC103168,1,1,0,0
MC102351,0,0,0,0
MC104581,0,0,0,0
MC104059,1,1,0,0
MC101579,0,0,0,0
MC101356,0,0,0,0
MC102123,0,0,0,0
MC104132,0,0,0,0
MC100046,0,0,0,0
MC103546,0,0,0,0
MC103677,1,1,0,0
MC101600,1,1,0,0
MC104862,1,1,0,0
MC101070,0,0,0,0
MC103374,1,1,0,0
MC104573,0,0,0,0
MC104677,0,0,0,0
MC102322,1,1,0,0
MC104528,1,1,0,0
MC103874,0,0,0,0
MC102421,1,1,0,0
MC103509,1,1,0,0
MC102074,0,0,0,0
MC100202,1,1,0,0
MC100525,0,0,0,0
MC101188,1,1,0,0
MC100810,0,0,0,0
MC101649,0,0,0,0
MC100962,2,2,0,0
MC100829,1,1,0,0
MC104319,1,1,0,0
MC100293,1,1,0,0
MC103639,0,0,0,0
MC103372,0,0,0,0
MC102417,1,1,0,0
MC101090,0,0,0,0
MC102168,1,1,0,0
MC101264,1,1,0,0
MC102627,0,0,0,0
MC104744,1,1,0,0
MC101129,0,0,0,0
MC100515,1,1,0,0
MC103034,1,1,0,0
MC102929,0,0,0,0
MC102703,0,0,0,0
MC100221,1,1,0,0
MC104779,1,1,0,0
MC101975,1,1,0,0
MC101411,1,1,0,0
MC104805,1,1,0,0
MC104019,1,1,0,0
MC101118,0,0,0,0
MC104548,0,0,0,0
MC101520,0,0,0,0
MC100430,0,0,0,0
MC103887,0,0,0,0
MC102104,1,1,0,0
MC103845,1,1,0,0
MC100288,0,0,0,0
MC102947,1,1,0,0
MC101232,1,1,0,0
MC104950,0,0,0,0
MC103997,0,0,0,0
MC102657,1,1,0,0
MC104790,0,0,0,0
MC104758,1,1,0,0
MC104639,1,1,0,0
MC100546,1,1,0,0
MC102606,1,1,0,0
MC104893,0,0,0,0
MC102175,0,0,0,0
MC101665,1,1,0,0
MC102226,0,0,0,0
MC100533,0,0,0,0
MC104539,1,1,0,0
MC103629,0,0,0,0
MC101067,0,0,0,0
MC101488,0,0,0,0
MC104205,0,0,0,0
MC103438,1,1,0,0
MC100068,1,1,0,0
MC100704,0,0,0,0
MC100307,0,0,0,0
MC103563,0,0,0,0
MC103632,1,1,0,0
MC102353,0,0,0,0
MC100345,0,0,0,0
MC101603,0,0,0,0
MC102267,1,1,0,0
MC102490,1,1,0,0
MC104526,0,0,0,0
MC104559,0,0,0,0
MC101097,0,0,0,0
MC101341,0,0,0,0
MC104470,1,1,0,0
MC102904,0,0,0,0
MC101427,0,0,0,0
MC104745,0,0,0,0
MC101578,1,1,0,0
MC102504,0,0,0,0
MC100461,0,0,0,0
MC102930,1,1,0,0
MC103260,1,1,0,0
MC104088,1,1,0,0
MC103907,1,1,0,0
MC103918,0,0,0,0
MC101586,0,0,0,0
MC101979,1,1,0,0
MC102501,0,0,0,0
MC101657,1,1,0,0
MC102207,1,1,0,0
MC100171,1,1,0,0
MC100680,1,1,0,0
MC103264,0,0,0,0
MC100358,1,1,0,0
MC104922,0,0,0,0
MC102578,0,0,0,0
MC102181,0,0,0,0
MC104200,1,1,0,0
MC102075,0,0,0,0
MC103943,0,0,0,0
MC100819,0,0,0,0
MC103044,1,1,0,0
MC104369,0,0,0,0
MC103057,1,1,0,0
MC101385,0,0,0,0
MC103143,1,1,0,0
MC100507,0,0,0,0
MC103981,1,1,0,0
MC100155,0,0,0,0
MC100554,0,0,0,0
MC103691,3,2,1,0
MC104114,1,1,0,0
MC102643,0,0,0,0
MC104483,0,0,0,0
MC100635,1,1,0,0
MC104252,0,0,0,0
MC100941,1,1,0,0
MC103439,1,1,0,0
MC104843,0,0,0,0
MC103776,0,0,0,0
MC104166,0,0,0,0
MC101429,0,0,0,0
MC104395,1,1,0,0
MC101631,1,1,0,0
MC101178,0,0,0,0
MC100885,1,1,0,0
MC101306,1,1,0,0
MC102886,1,1,0,0
MC101608,2,2,0,0
MC100821,0,0,0,0
MC101440,2,1,1,0
MC103378,1,1,0,0
MC102436,1,1,0,0
MC103002,1,1,0,0
MC100371,1,1,0,0
MC104829,1,1,0,0
MC103812,0,0,0,0
MC104052,0,0,0,0
MC103208,1,1,0,0
MC101414,1,1,0,0
MC103904,1,1,0,0
MC104510,1,1,0,0
MC102471,1,1,0,0
MC100469,0,0,0,0
MC104195,0,0,0,0
MC104021,0,0,0,0
MC103892,0,0,0,0
MC103696,0,0,0,0
MC102287,0,0,0,0
MC101141,1,1,0,0
MC103671,0,0,0,0
MC101219,1,1,0,0
MC103130,1,1,0,0
MC103831,1,1,0,0
MC100506,0,0,0,0
MC102696,0,0,0,0
MC100553,3,2,1,0
MC100954,0,0,0,0
MC104902,1,1,0,0
MC103245,0,0,0,0
MC102011,1,1,0,0
MC103452,1,1,0,0
MC101437,0,0,0,0
MC100451,0,0,0,0
MC100965,1,1,0,0
MC100346,0,0,0,0
MC103113,1,1,0,0
MC104575,0,0,0,0
MC100773,0,0,0,0
MC100123,0,0,0,0
MC100080,0,0,0,0
MC100587,1,1,0,0
MC101165,1,1,0,0
MC103230,3,3,0,0
MC100990,0,0,0,0
MC101742,1,1,0,0
MC104800,0,0,0,0
MC100143,1,1,0,0
MC101560,1,1,0,0
MC104616,1,1,0,0
MC101018,1,1,0,0
MC102413,1,1,0,0
MC102808,1,1,0,0
MC100727,0,0,0,0
MC103458,1,1,0,0
MC104698,0,0,0,0
MC103281,1,1,0,0
MC100331,0,0,0,0
MC102549,1,1,0,0
MC103121,1,1,0,0
MC100493,0,0,0,0
MC100287,0,0,0,0
MC103284,0,0,0,0
MC104777,0,0,0,0
MC102169,0,0,0,0
MC102727,0,0,0,0
MC100915,1,1,0,0
MC104165,1,1,0,0
MC102053,0,0,0,0
MC101854,3,2,1,0
MC103137,1,1,0,0
MC103959,1,1,0,0
MC102894,1,1,0,0
MC102399,0,0,0,0
MC104783,1,1,0,0
MC101888,1,1,0,0
MC103998,1,1,0,0
MC103297,0,0,0,0
MC103488,0,0,0,0
MC103872,0,0,0,0
MC102461,1,1,0,0
MC100992,1,1,0,0
MC100538,1,1,0,0
MC100770,1,1,0,0
MC101355,1,1,0,0
MC101057,1,1,0,0
MC104776,1,1,0,0
MC104430,1,1,0,0
MC102499,1,1,0,0
MC104468,0,0,0,0
MC102437,1,1,0,0
MC101412,0,0,0,0
MC102914,0,0,0,0
MC102199,0,0,0,0
MC103714,1,1,0,0
MC102541,0,0,0,0
MC104373,1,1,0,0
MC103496,0,0,0,0
MC100236,1,1,0,0
MC101912,1,1,0,0
MC100759,0,0,0,0
MC100160,0,0,0,0
MC102180,1,1,0,0
MC100368,0,0,0,0
MC101780,0,0,0,0
MC103201,1,1,0,0
MC101871,1,1,0,0
MC100429,1,1,0,0
MC103561,1,1,0,0
MC102259,0,0,0,0
MC103965,1,1,0,0
MC102849,0,0,0,0
MC100088,4,3,1,0
MC102858,1,1,0,0
MC104579,1,1,0,0
MC104078,1,1,0,0
MC104785,0,0,0,0
MC100539,3,2,1,0
MC104310,1,1,0,0
MC100465,1,1,0,0
MC102081,1,1,0,0
MC102160,1,1,0,0
MC100924,1,1,0,0
MC102241,0,0,0,0
MC100863,0,0,0,0
MC104122,1,1,0,0
MC102204,0,0,0,0
MC103847,1,1,0,0
MC101707,0,0,0,0
MC100223,1,1,0,0
MC100689,0,0,0,0
MC102686,1,1,0,0
MC104141,1,1,0,0
MC102099,0,0,0,0
MC100899,2,2,0,0
MC104924,1,1,0,0
MC100182,2,2,0,0
MC100936,0,0,0,0
MC102429,2,2,0,0
MC104583,0,0,0,0
MC103506,1,1,0,0
MC103571,1,1,0,0
MC102485,1,1,0,0
MC100034,2,2,0,0
MC104008,1,1,0,0
MC104615,0,0,0,0
MC104329,0,0,0,0
MC104038,1,1,0,0
MC103875,0,0,0,0
MC100357,1,1,0,0
MC102062,1,1,0,0
MC100844,0,0,0,0
MC103813,1,1,0,0
MC102875,0,0,0,0
MC102189,1,1,0,0
MC101316,1,1,0,0
MC100199,1,1,0,0
MC104435,1,1,0,0
MC100016,1,1,0,0
MC104669,0,0,0,0
MC104846,1,1,0,0
MC102253,1,1,0,0
MC104663,1,1,0,0
MC102525,2,2,0,0
MC100322,1,1,0,0
MC102080,1,1,0,0
MC101673,0,0,0,0
MC100989,0,0,0,0
MC102535,0,0,0,0
MC102296,1,1,0,0
MC103296,1,1,0,0
MC103180,0,0,0,0
MC102341,1,1,0,0
MC100633,0,0,0,0
MC101175,0,0,0,0
MC100732,1,1,0,0
MC103329,3,2,1,0
MC100596,1,1,0,0
MC102007,0,0,0,0
MC102312,1,1,0,0
MC100022,1,1,0,0
MC102822,0,0,0,0
MC102626,0,0,0,0
MC103520,1,1,0,0
MC102586,1,1,0,0
MC102403,1,1,0,0
MC104714,1,1,0,0
MC100501,1,1,0,0
MC101946,0,0,0,0
MC104493,1,1,0,0
MC100187,0,0,0,0
MC101052,0,0,0,0
MC103035,0,0,0,0
MC100841,0,0,0,0
MC102258,0,0,0,0
MC101000,1,1,0,0
MC104024,1,1,0,0
MC104909,3,2,1,0
MC100326,0,0,0,0
MC103542,0,0,0,0
MC101557,1,1,0,0
MC104748,1,1,0,0
MC101240,1,1,0,0
MC104456,1,1,0,0
MC101294,3,2,1,0
MC102427,1,1,0,0
MC103968,0,0,0,0
MC100935,0,0,0,0
MC104498,1,1,0,0
MC104727,1,1,0,0
MC104098,0,0,0,0
MC102840,3,3,0,0
MC103422,1,1,0,0
MC100449,0,0,0,0
MC101683,0,0,0,0
MC102266,1,1,0,0
MC101162,1,1,0,0
MC103146,0,0,0,0
MC104358,0,0,0,0
MC103939,1,1,0,0
MC101470,0,0,0,0
MC100455,1,1,0,0
MC104859,0,0,0,0
MC102922,0,0,0,0
MC101399,2,1,1,0
MC100226,1,1,0,0
MC102622,0,0,0,0
MC104537,0,0,0,0
MC100292,0,0,0,0
MC103540,1,1,0,0
MC101359,0,0,0,0
MC103683,1,1,0,0
MC100112,1,1,0,0
MC102317,0,0,0,0
MC104366,0,0,0,0
MC103508,1,1,0,0
MC100486,0,0,0,0
MC103340,1,1,0,0
MC101585,0,0,0,0
MC104982,0,0,0,0
MC100664,0,0,0,0
MC102492,0,0,0,0
MC100903,0,0,0,0
MC100333,1,1,0,0
MC100082,0,0,0,0
MC103578,1,1,0,0
MC103006,1,1,0,0
MC101093,1,1,0,0
MC102214,1,1,0,0
MC100991,0,0,0,0
MC101983,0,0,0,0
MC104408,1,1,0,0
MC104993,0,0,0,0
MC100543,1,1,0,0
MC100907,0,0,0,0
MC100103,0,0,0,0
MC100828,1,1,0,0
MC103426,1,1,0,0
MC103565,0,0,0,0
MC104907,0,0,0,0
MC104580,0,0,0,0
MC104753,0,0,0,0
MC104933,0,0,0,0
MC101558,0,0,0,0
MC104103,1,1,0,0
MC102564,1,1,0,0
MC101721,0,0,0,0
MC103910,0,0,0,0
MC100549,1,1,0,0
MC101792,0,0,0,0
MC103650,1,1,0,0
MC100176,1,1,0,0
MC104861,3,3,0,0
MC101352,1,1,0,0
MC102418,0,0,0,0
MC103339,1,1,0,0
MC100438,1,1,0,0
MC103408,2,2,0,0
MC104538,1,1,0,0
MC104940,0,0,0,0
MC104440,0,0,0,0
MC104371,0,0,0,0
MC100117,1,1,0,0
MC103197,0,0,0,0
MC104855,0,0,0,0
MC101569,0,0,0,0
MC103967,1,1,0,0
MC103928,1,1,0,0
MC104963,1,1,0,0
MC100772,0,0,0,0
MC101932,1,1,0,0
MC104004,1,1,0,0
MC102380,1,1,0,0
MC100410,0,0,0,0
MC100505,0,0,0,0
MC100093,1,1,0,0
MC103989,0,0,0,0
MC103878,0,0,0,0
MC101150,1,1,0,0
MC102537,0,0,0,0
MC101629,1,1,0,0
MC102517,1,1,0,0
MC103203,1,1,0,0
MC101680,0,0,0,0
MC104879,1,1,0,0
MC103680,1,1,0,0
MC102667,1,1,0,0
MC100701,1,1,0,0
MC102096,1,1,0,0
MC101120,0,0,0,0
MC100926,1,1,0,0
MC100639,0,0,0,0
MC102394,3,3,0,0
MC101127,1,1,0,0
MC100610,0,0,0,0
MC102232,1,1,0,0
MC102652,1,1,0,0
MC103867,0,0,0,0
MC101231,1,1,0,0
MC103987,0,0,0,0
MC103219,1,1,0,0
MC102352,1,1,0,0
MC102518,0,0,0,0
MC102934,1,1,0,0
MC102980,1,1,0,0
MC100977,1,1,0,0
MC100764,0,0,0,0
MC101976,1,1,0,0
MC100798,1,1,0,0
MC102464,0,0,0,0
MC100624,1,1,0,0
MC103433,1,1,0,0
MC101041,1,1,0,0
MC104584,1,1,0,0
MC101058,0,0,0,0
MC101915,1,1,0,0
MC102028,0,0,0,0
MC102245,0,0,0,0
MC101884,1,1,0,0
MC103905,0,0,0,0
MC104173,1,1,0,0
MC100243,1,1,0,0
MC101441,1,1,0,0
MC101512,1,1,0,0
MC101463,0,0,0,0
MC101042,1,1,0,0
MC103079,1,1,0,0
MC103771,1,1,0,0
MC100114,1,1,0,0
MC102306,0,0,0,0
MC101457,0,0,0,0
MC103101,0,0,0,0
MC100988,0,0,0,0
MC100098,0,0,0,0
MC101974,0,0,0,0
MC103083,0,0,0,0
MC101300,1,1,0,0
MC104492,0,0,0,0
MC104768,1,1,0,0
MC102910,1,1,0,0
MC103739,1,1,0,0
MC102776,0,0,0,0
MC101724,1,1,0,0
MC103108,1,1,0,0
MC102759,1,1,0,0
MC103202,0,0,0,0
MC104343,0,0,0,0
MC100799,1,1,0,0
MC102135,1,1,0,0
MC103519,0,0,0,0
MC101438,1,1,0,0
MC103894,0,0,0,0
MC103238,1,1,0,0
MC101382,1,1,0,0
MC104652,0,0,0,0
MC104224,1,1,0,0
MC104068,1,1,0,0
MC102970,1,1,0,0
MC101568,0,0,0,0
MC100312,1,1,0,0
MC101005,0,0,0,0
MC101741,1,1,0,0
MC104293,0,0,0,0
MC103995,0,0,0,0
MC103305,0,0,0,0
MC103551,0,0,0,0
MC100548,1,1,0,0
MC104711,1,1,0,0
MC100627,3,3,0,0
MC102172,0,0,0,0
MC103051,1,1,0,0
MC101638,0,0,0,0
MC103189,0,0,0,0
MC104276,1,1,0,0
MC100078,0,0,0,0
MC104664,0,0,0,0
MC100071,1,1,0,0
MC104463,1,1,0,0
MC100208,2,1,1,0
MC104168,0,0,0,0
MC103733,0,0,0,0
MC102178,0,0,0,0
MC102546,0,0,0,0
MC103050,1,1,0,0
MC102072,0,0,0,0
MC103352,1,1,0,0
MC103975,1,1,0,0
MC101625,0,0,0,0
MC101704,0,0,0,0
MC103223,1,1,0,0
MC103486,0,0,0,0
MC102076,1,1,0,0
MC103668,0,0,0,0
MC103877,0,0,0,0
MC101397,1,1,0,0
MC103273,1,1,0,0
MC102679,1,1,0,0
MC101391,0,0,0,0
MC100135,0,0,0,0
MC104488,0,0,0,0
MC100528,1,1,0,0
MC104284,1,1,0,0
MC101905,1,1,0,0
MC101618,1,1,0,0
MC102185,0,0,0,0
MC100092,1,1,0,0
MC100956,1,1,0,0
MC100693,1,1,0,0
MC104233,1,1,0,0
MC102024,0,0,0,0
MC102572,0,0,0,0
MC104159,1,1,0,0
MC103421,0,0,0,0
MC102872,1,1,0,0
MC102475,1,1,0,0
MC104991,1,1,0,0
MC103361,0,0,0,0
MC100137,1,1,0,0
MC102925,0,0,0,0
MC100973,0,0,0,0
MC103078,0,0,0,0
MC100474,0,0,0,0
MC100552,0,0,0,0
MC101257,0,0,0,0
MC101565,0,0,0,0
MC104546,1,1,0,0
MC103103,0,0,0,0
MC100670,0,0,0,0
MC103821,0,0,0,0
MC102405,1,1,0,0
MC100010,1,1,0,0
MC100408,0,0,0,0
MC104056,0,0,0,0
MC103616,1,1,0,0
MC101840,1,1,0,0
MC104847,0,0,0,0
MC104792,0,0,0,0
MC101596,0,0,0,0
MC103033,1,1,0,0
MC103921,0,0,0,0
MC102092,1,1,0,0
MC104759,1,1,0,0
MC104765,0,0,0,0
MC101835,1,1,0,0
MC100217,0,0,0,0
MC100291,1,1,0,0
MC101588,1,1,0,0
MC102965,1,1,0,0
MC101697,1,1,0,0
MC103834,1,1,0,0
MC101611,1,1,0,0
MC100121,1,1,0,0
MC100043,0,0,0,0
MC102265,1,1,0,0
MC100361,0,0,0,0
MC103732,1,1,0,0
MC101544,0,0,0,0
MC103351,0,0,0,0
MC101138,1,1,0,0
MC100158,0,0,0,0
MC104477,1,1,0,0
MC103931,1,1,0,0
MC100518,1,1,0,0
MC101193,0,0,0,0
MC100215,1,1,0,0
MC104716,1,1,0,0
MC100319,0,0,0,0
MC104904,0,0,0,0
MC104399,0,0,0,0
MC100085,1,1,0,0
MC102177,1,1,0,0
MC103375,1,1,0,0
MC104762,1,1,0,0
MC101379,0,0,0,0
MC101947,1,1,0,0
MC104262,1,1,0,0
MC101424,1,1,0,0
MC101475,1,1,0,0
MC103192,1,1,0,0
MC100780,1,1,0,0
MC100107,1,1,0,0
MC104834,0,0,0,0
MC102033,0,0,0,0
MC102486,1,1,0,0
MC103711,0,0,0,0
MC103558,1,1,0,0
MC103614,1,1,0,0
MC100003,1,1,0,0
MC100035,0,0,0,0
MC102868,2,2,0,0
MC104947,1,1,0,0
MC102630,0,0,0,0
MC103574,0,0,0,0
MC101643,1,1,0,0
MC102479,1,1,0,0
MC102305,0,0,0,0
MC101087,1,1,0,0
MC103858,0,0,0,0
MC101602,0,0,0,0
MC102933,1,1,0,0
MC103247,1,1,0,0
MC102031,1,1,0,0
MC101580,0,0,0,0
MC101003,0,0,0,0
MC102205,0,0,0,0
MC101212,1,1,0,0
MC101442,0,0,0,0
MC102171,0,0,0,0
MC102913,4,3,1,0
MC100364,1,1,0,0
MC102561,0,0,0,0
MC102660,0,0,0,0
MC101088,3,2,1,0
MC104196,1,1,0,0
MC102438,1,1,0,0
MC104635,1,1,0,0
MC101735,0,0,0,0
MC103893,1,1,0,0
MC102671,1,1,0,0
MC101310,0,0,0,0
MC100997,1,1,0,0
MC102869,0,0,0,0
MC101554,1,1,0,0
MC103969,0,0,0,0
MC100754,0,0,0,0
MC102805,0,0,0,0
MC101354,1,1,0,0
MC102855,0,0,0,0
MC104969,1,1,0,0
MC101825,1,1,0,0
MC104464,1,1,0,0
MC100679,0,0,0,0
MC103403,0,0,0,0
MC102350,1,1,0,0
MC101525,0,0,0,0
MC103985,1,1,0,0
MC102963,1,1,0,0
MC100540,1,1,0,0
MC104661,0,0,0,0
MC102524,0,0,0,0
MC103796,1,1,0,0
MC102796,1,1,0,0
MC102530,1,1,0,0
MC102877,0,0,0,0
MC104620,0,0,0,0
MC100090,0,0,0,0
MC103088,1,1,0,0
MC102140,1,1,0,0
MC100048,0,0,0,0
MC100888,1,1,0,0
MC104057,1,1,0,0
MC100513,1,1,0,0
MC103623,1,1,0,0
MC100683,1,1,0,0
MC104020,0,0,0,0
MC102384,0,0,0,0
MC100617,1,1,0,0
MC103610,1,1,0,0
MC104010,1,1,0,0
MC103122,1,1,0,0
MC102336,0,0,0,0
MC101235,1,1,0,0
MC101851,1,1,0,0
MC100237,0,0,0,0
MC101115,1,1,0,0
MC100479,0,0,0,0
MC102758,1,1,0,0
MC102270,0,0,0,0
MC102272,1,1,0,0
MC102563,0,0,0,0
MC103401,0,0,0,0
MC102831,0,0,0,0
MC101060,1,1,0,0
MC101859,1,1,0,0
MC104346,0,0,0,0
MC103280,1,1,0,0
MC104387,1,1,0,0
MC100708,1,1,0,0
MC104194,1,1,0,0
MC103864,1,1,0,0
MC104648,1,1,0,0
MC103456,1,1,0,0
MC103244,0,0,0,0
MC103383,1,1,0,0
MC104219,1,1,0,0
MC104458,1,1,0,0
MC103781,0,0,0,0
MC103075,1,1,0,0
MC103111,1,1,0,0
MC103371,0,0,0,0
MC101777,0,0,0,0
MC104158,1,1,0,0
MC103214,1,1,0,0
MC100402,0,0,0,0
MC100937,0,0,0,0
MC103890,0,0,0,0
MC103061,0,0,0,0
MC101226,1,1,0,0
MC100252,0,0,0,0
MC102747,0,0,0,0
MC104883,0,0,0,0
MC103299,1,1,0,0
MC104013,1,1,0,0
MC102600,0,0,0,0
MC102108,1,1,0,0
MC100654,1,1,0,0
MC103311,0,0,0,0
MC101346,0,0,0,0
MC102363,1,1,0,0
MC104935,0,0,0,0
MC102338,3,2,1,0
MC100351,1,1,0,0
MC104062,1,1,0,0
MC101254,1,1,0,0
MC103895,0,0,0,0
MC102093,1,1,0,0
MC100277,1,1,0,0
MC100707,0,0,0,0
MC102378,2,2,0,0
MC102542,0,0,0,0
MC100490,1,1,0,0
MC103076,0,0,0,0
MC103308,1,1,0,0
MC102388,1,1,0,0
MC103471,0,0,0,0
MC100504,1,1,0,0
MC100820,0,0,0,0
MC104918,1,1,0,0
MC101016,1,1,0,0
MC100930,1,1,0,0
MC101061,1,1,0,0
MC100436,0,0,0,0
MC103949,0,0,0,0
MC104977,1,1,0,0
MC103920,0,0,0,0
MC102094,1,1,0,0
MC104814,0,0,0,0
MC101503,1,1,0,0
MC103404,0,0,0,0
MC101967,0,0,0,0
MC103826,0,0,0,0
MC104241,0,0,0,0
MC100921,1,1,0,0
MC103413,0,0,0,0
MC100036,1,1,0,0
MC104305,0,0,0,0
MC104658,0,0,0,0
MC101344,1,1,0,0
MC101765,0,0,0,0
MC100862,1,1,0,0
MC101492,1,1,0,0
MC104724,0,0,0,0
MC104720,0,0,0,0
MC104109,0,0,0,0
MC101489,1,1,0,0
MC101281,1,1,0,0
MC104257,1,1,0,0
MC100836,1,1,0,0
MC103932,0,0,0,0
MC103937,1,1,0,0
MC104625,0,0,0,0
MC101926,0,0,0,0
MC102644,1,1,0,0
MC101806,1,1,0,0
MC102105,1,1,0,0
MC103618,0,0,0,0
MC104886,0,0,0,0
MC101014,0,0,0,0
MC100745,1,1,0,0
MC104819,0,0,0,0
MC100832,0,0,0,0
MC101826,1,1,0,0
MC104418,1,1,0,0
MC100794,0,0,0,0
MC102789,0,0,0,0
MC103476,0,0,0,0
MC100193,1,1,0,0
MC102615,1,1,0,0
MC103500,0,0,0,0
MC103706,1,1,0,0
MC101327,1,1,0,0
MC100335,1,1,0,0
MC104448,0,0,0,0
MC101822,0,0,0,0
MC100224,0,0,0,0
MC104203,0,0,0,0
MC101754,1,1,0,0
MC104289,1,1,0,0
MC104670,1,1,0,0
MC102349,1,1,0,0
MC103059,1,1,0,0
MC104906,0,0,0,0
MC101691,1,1,0,0
MC101082,1,1,0,0
MC100616,1,1,0,0
MC103460,1,1,0,0
MC100642,0,0,0,0
MC103068,1,1,0,0
MC104475,0,0,0,0
MC103756,0,0,0,0
MC101259,0,0,0,0
MC104782,0,0,0,0
MC103295,1,1,0,0
MC103242,0,0,0,0
MC103884,0,0,0,0
MC102001,0,0,0,0
MC102763,1,1,0,0
MC101229,1,1,0,0
MC104837,2,2,0,0
MC100756,1,1,0,0
MC101295,1,1,0,0
MC103606,0,0,0,0
MC103919,1,1,0,0
MC104767,1,1,0,0
MC100581,1,1,0,0
MC103330,0,0,0,0
MC101739,0,0,0,0
MC100904,0,0,0,0
MC104136,0,0,0,0
MC102372,1,1,0,0
MC100861,0,0,0,0
MC102107,1,1,0,0
MC103744,1,1,0,0
MC101473,1,1,0,0
MC101710,1,1,0,0
MC103012,0,0,0,0
MC101954,1,1,0,0
MC104482,1,1,0,0
MC104691,1,1,0,0
MC102791,0,0,0,0
MC101187,1,1,0,0
MC100910,0,0,0,0
MC104363,1,1,0,0
MC101729,1,1,0,0
MC104988,1,1,0,0
MC103445,0,0,0,0
MC104960,1,1,0,0
MC104552,0,0,0,0
MC101552,1,1,0,0
MC103095,0,0,0,0
MC100766,1,1,0,0
MC100536,1,1,0,0
MC101913,0,0,0,0
MC102870,1,1,0,0
MC103025,1,1,0,0
MC103861,1,1,0,0
MC101609,1,1,0,0
MC104598,1,1,0,0
MC100803,0,0,0,0
MC100439,1,1,0,0
MC103915,1,1,0,0
MC104461,0,0,0,0
MC102142,1,1,0,0
MC101051,1,1,0,0
MC101336,1,1,0,0
MC104773,1,1,0,0
MC100127,1,1,0,0
MC102625,0,0,0,0
MC100779,0,0,0,0
MC102566,1,1,0,0
MC101017,0,0,0,0
MC104133,0,0,0,0
MC104372,1,1,0,0
MC103147,0,0,0,0
MC102407,0,0,0,0
MC103363,1,1,0,0
MC103382,2,1,1,0
MC103343,3,2,1,0
MC104117,0,0,0,0
MC101483,1,1,0,0
MC102876,0,0,0,0
MC103053,0,0,0,0
MC104104,0,0,0,0
MC104467,1,1,0,0
MC102419,1,1,0,0
MC101684,1,1,0,0
MC103774,1,1,0,0
MC100692,1,1,0,0
MC100198,0,0,0,0
MC100081,0,0,0,0
MC100398,0,0,0,0
MC100817,0,0,0,0
MC100403,1,1,0,0
MC103334,1,1,0,0
MC100383,1,1,0,0
MC104404,1,1,0,0
MC101786,0,0,0,0
MC104156,1,1,0,0
MC103241,0,0,0,0
MC101620,1,1,0,0
MC100550,0,0,0,0
MC101158,1,1,0,0
MC102821,1,1,0,0
MC100996,0,0,0,0
MC102920,0,0,0,0
MC101676,0,0,0,0
MC103369,0,0,0,0
MC101539,0,0,0,0
MC103117,1,1,0,0
MC101637,0,0,0,0
MC104153,0,0,0,0
MC102689,0,0,0,0
MC101584,1,1,0,0
MC102865,1,1,0,0
MC101945,0,0,0,0
MC103020,0,0,0,0
MC103648,0,0,0,0
MC103961,1,1,0,0
MC101819,1,1,0,0
MC100545,0,0,0,0
MC102143,0,0,0,0
MC104118,1,1,0,0
MC100970,1,1,0,0
MC102505,0,0,0,0
MC103462,0,0,0,0
MC102332,0,0,0,0
MC101992,0,0,0,0
MC100196,1,1,0,0
MC102544,1,1,0,0
MC103952,1,1,0,0
MC102010,0,0,0,0
MC100870,1,1,0,0
MC101971,0,0,0,0
MC102424,1,1,0,0
MC102201,1,1,0,0
MC101743,0,0,0,0
MC100562,1,1,0,0
MC101927,0,0,0,0
MC101889,1,1,0,0
MC103069,1,1,0,0
MC102704,0,0,0,0
MC100867,0,0,0,0
MC103016,3,2,1,0
MC104163,1,1,0,0
MC104688,1,1,0,0
MC102738,0,0,0,0
MC103172,1,1,0,0
MC103523,0,0,0,0
MC100298,0,0,0,0
MC102276,0,0,0,0
MC101153,1,1,0,0
MC100778,0,0,0,0
MC104176,1,1,0,0
MC100657,3,3,0,0
MC101846,1,1,0,0
MC102739,0,0,0,0
MC104577,1,1,0,0
MC101573,0,0,0,0
MC102482,0,0,0,0
MC101746,1,1,0,0
MC104650,1,1,0,0
MC103735,1,1,0,0
MC104736,1,1,0,0
MC102555,2,2,0,0
MC102692,0,0,0,0
MC102090,1,1,0,0
MC101529,0,0,0,0
MC103225,3,3,0,0
MC100471,1,1,0,0
MC100750,0,0,0,0
MC102503,0,0,0,0
MC101133,1,1,0,0
MC101955,0,0,0,0
MC102632,1,1,0,0
MC102853,0,0,0,0
MC103829,1,1,0,0
MC103114,1,1,0,0
MC101571,0,0,0,0
MC101362,0,0,0,0
MC104937,1,1,0,0
MC102770,0,0,0,0
MC104120,0,0,0,0
MC101247,1,1,0,0
MC101319,0,0,0,0
MC102061,0,0,0,0
MC104048,1,1,0,0
MC104686,1,1,0,0
MC100682,1,1,0,0
MC100625,1,1,0,0
MC102025,1,1,0,0
MC104383,1,1,0,0
MC100162,1,1,0,0
MC100289,0,0,0,0
MC101467,1,1,0,0
MC102145,0,0,0,0
MC101258,0,0,0,0
MC101530,0,0,0,0
MC103673,0,0,0,0
MC103545,1,1,0,0
MC100880,0,0,0,0
MC104320,1,1,0,0
MC103160,1,1,0,0
MC103953,0,0,0,0
MC102397,1,1,0,0
MC100305,1,1,0,0
MC104337,0,0,0,0
MC102117,3,3,0,0
MC103091,1,1,0,0
MC103644,0,0,0,0
MC101084,1,1,0,0
MC100113,1,1,0,0
MC102974,1,1,0,0
MC100916,0,0,0,0
MC104621,1,1,0,0
MC100018,1,1,0,0
MC101495,1,1,0,0
MC104348,2,2,0,0
MC103636,1,1,0,0
MC100497,1,1,0,0
MC103800,0,0,0,0
MC101401,1,1,0,0
MC102346,0,0,0,0
MC103617,0,0,0,0
MC102744,0,0,0,0
MC103419,0,0,0,0
MC101942,0,0,0,0
MC100382,1,1,0,0
MC101331,1,1,0,0
MC101079,1,1,0,0
MC100643,1,1,0,0
MC102757,1,1,0,0
MC101880,1,1,0,0
MC104651,1,1,0,0
MC104612,1,1,0,0
MC102981,1,1,0,0
MC103250,1,1,0,0
MC100500,0,0,0,0
MC102636,0,0,0,0
MC101304,1,1,0,0
MC104860,1,1,0,0
MC103209,2,1,1,0
MC101369,0,0,0,0
MC101347,0,0,0,0
MC104589,0,0,0,0
MC102573,1,1,0,0
MC104302,0,0,0,0
MC104436,1,1,0,0
MC102389,1,1,0,0
MC102568,0,0,0,0
MC103763,1,1,0,0
MC100367,1,1,0,0
MC102448,1,1,0,0
MC100204,1,1,0,0
MC102823,3,2,1,0
MC101146,1,1,0,0
MC104288,0,0,0,0
MC101594,1,1,0,0
MC102357,1,1,0,0
MC103338,0,0,0,0
MC102990,0,0,0,0
MC101416,0,0,0,0
MC102463,0,0,0,0
MC102507,0,0,0,0
MC101164,0,0,0,0
MC104850,1,1,0,0
MC101681,3,2,1,0
MC103207,0,0,0,0
MC101221,1,1,0,0
MC103718,0,0,0,0
MC101019,1,1,0,0
MC104453,1,1,0,0
MC104637,1,1,0,0
MC102513,1,1,0,0
MC104836,1,1,0,0
MC103487,1,1,0,0
MC100645,0,0,0,0
MC100434,0,0,0,0
MC104541,0,0,0,0
MC101253,1,1,0,0
MC101783,1,1,0,0
MC102772,1,1,0,0
MC103899,0,0,0,0
MC102874,1,1,0,0
MC102202,0,0,0,0
MC103149,0,0,0,0
MC101776,1,1,0,0
MC104405,1,1,0,0
MC104905,0,0,0,0
MC101950,0,0,0,0
MC102538,1,1,0,0
MC101755,1,1,0,0
MC100558,1,1,0,0
MC101285,1,1,0,0
MC102293,0,0,0,0
MC104968,1,1,0,0
MC104126,0,0,0,0
MC100485,0,0,0,0
MC102811,1,1,0,0
MC101063,0,0,0,0
MC101506,0,0,0,0
MC102603,1,1,0,0
MC104944,0,0,0,0
MC104551,0,0,0,0
MC102211,1,1,0,0
MC101589,3,2,1,0
MC101817,0,0,0,0
MC103660,0,0,0,0
MC101380,1,1,0,0
MC102038,0,0,0,0
MC103199,0,0,0,0
MC104728,1,1,0,0
MC101299,0,0,0,0
MC103007,1,1,0,0
MC104198,0,0,0,0
MC104743,1,1,0,0
MC102218,0,0,0,0
MC104039,1,1,0,0
MC101480,3,3,0,0
MC101863,0,0,0,0
MC102286,1,1,0,0
MC103621,1,1,0,0
MC102971,0,0,0,0
MC104251,1,1,0,0
MC101038,1,1,0,0
MC103166,1,1,0,0
MC103263,0,0,0,0
MC100925,0,0,0,0
MC103470,0,0,0,0
MC103235,0,0,0,0
MC103525,1,1,0,0
MC100272,0,0,0,0
MC100813,1,1,0,0
MC103816,1,1,0,0
MC103041,1,1,0,0
MC102285,3,2,1,0
MC101366,0,0,0,0
MC104392,1,1,0,0
MC100200,0,0,0,0
MC104471,0,0,0,0
MC102227,0,0,0,0
MC100630,0,0,0,0
MC103963,0,0,0,0
MC102533,0,0,0,0
MC102100,1,1,0,0
MC103432,1,1,0,0
MC102377,1,1,0,0
MC102784,0,0,0,0
MC102802,0,0,0,0
MC104821,1,1,0,0
MC102070,1,1,0,0
MC103914,0,0,0,0
MC102521,1,1,0,0
MC104593,0,0,0,0
MC104460,0,0,0,0
MC103964,1,1,0,0
MC104700,0,0,0,0
MC100066,1,1,0,0
MC103502,1,1,0,0
MC101797,1,1,0,0
MC102764,1,1,0,0
MC103179,0,0,0,0
MC101194,0,0,0,0
MC104778,1,1,0,0
MC103298,0,0,0,0
MC100972,0,0,0,0
MC101182,1,1,0,0
MC104028,0,0,0,0
MC102339,0,0,0,0
MC102618,1,1,0,0
MC101978,1,1,0,0
MC102311,1,1,0,0
MC104516,1,1,0,0
MC103880,2,1,1,0
MC102510,0,0,0,0
MC101501,1,1,0,0
MC102937,1,1,0,0
MC103222,0,0,0,0
MC101725,0,0,0,0
MC102319,0,0,0,0
MC104006,1,1,0,0
MC104614,1,1,0,0
MC104145,1,1,0,0
MC102064,1,1,0,0
MC101604,0,0,0,0
MC100025,1,1,0,0
MC102125,0,0,0,0
MC101409,0,0,0,0
MC103566,1,1,0,0
MC103017,1,1,0,0
MC103659,0,0,0,0
MC103063,1,1,0,0
MC100905,1,1,0,0
MC104406,0,0,0,0
MC103125,0,0,0,0
MC101086,0,0,0,0
MC103444,0,0,0,0
MC104353,0,0,0,0
MC101515,0,0,0,0
MC103993,1,1,0,0
MC102110,1,1,0,0
MC104356,2,1,1,0
MC103754,1,1,0,0
MC100502,1,1,0,0
MC103553,0,0,0,0
MC101651,1,1,0,0
MC103376,0,0,0,0
MC101233,0,0,0,0
MC101211,1,1,0,0
MC102112,1,1,0,0
MC100854,0,0,0,0
MC100415,0,0,0,0
MC101337,1,1,0,0
MC104856,1,1,0,0
MC102488,0,0,0,0
MC104428,3,3,0,0
MC101122,1,1,0,0
MC104455,1,1,0,0
MC101855,1,1,0,0
MC100268,1,1,0,0
MC101361,1,1,0,0
MC101540,0,0,0,0
MC104890,1,1,0,0
MC101664,1,1,0,0
MC103320,1,1,0,0
MC104531,1,1,0,0
MC104414,0,0,0,0
MC101407,1,1,0,0
MC100380,1,1,0,0
MC101249,1,1,0,0
MC102058,2,2,0,0
MC101140,0,0,0,0
MC103600,4,3,1,0
MC100717,1,1,0,0
MC103118,1,1,0,0
MC100256,1,1,0,0
MC104112,0,0,0,0
MC101094,0,0,0,0
MC103119,1,1,0,0
MC101374,0,0,0,0
MC101770,1,1,0,0
MC100658,1,1,0,0
MC104478,1,1,0,0
MC101731,1,1,0,0
MC102138,1,1,0,0
MC100913,1,1,0,0
MC102532,1,1,0,0
MC104518,1,1,0,0
MC102086,1,1,0,0
MC101136,0,0,0,0
MC101999,0,0,0,0
MC100588,1,1,0,0
MC104256,1,1,0,0
MC101169,1,1,0,0
MC103150,1,1,0,0
MC102144,1,1,0,0
MC101339,1,1,0,0
MC102898,1,1,0,0
MC102863,0,0,0,0
MC101785,1,1,0,0
MC101527,0,0,0,0
MC102398,1,1,0,0
MC101989,1,1,0,0
MC100713,1,1,0,0
MC103236,0,0,0,0
MC100188,0,0,0,0
MC100320,0,0,0,0
MC100122,1,1,0,0
MC102279,1,1,0,0
MC101375,0,0,0,0
MC100373,0,0,0,0
MC104667,1,1,0,0
MC104822,1,1,0,0
MC100271,0,0,0,0
MC101669,0,0,0,0
MC102271,0,0,0,0
MC102690,0,0,0,0
MC101966,0,0,0,0
MC103590,1,1,0,0
MC100460,1,1,0,0
MC103090,0,0,0,0
MC104595,1,1,0,0
MC100609,0,0,0,0
MC100741,1,1,0,0
MC102387,1,1,0,0
MC102252,1,1,0,0
MC104867,0,0,0,0
MC102087,0,0,0,0
MC100522,1,1,0,0
MC103336,0,0,0,0
MC104311,1,1,0,0
MC101849,1,1,0,0
MC101261,0,0,0,0
MC103448,1,1,0,0
MC103595,3,3,0,0
MC104101,1,1,0,0
MC100897,0,0,0,0
MC102316,0,0,0,0
MC102127,0,0,0,0
MC103313,0,0,0,0
MC101916,0,0,0,0
MC100694,1,1,0,0
MC100185,1,1,0,0
MC100738,0,0,0,0
MC103982,1,1,0,0
MC101870,0,0,0,0
MC102162,1,1,0,0
MC101694,0,0,0,0
MC102161,0,0,0,0
MC100725,1,1,0,0
MC100435,0,0,0,0
MC104115,0,0,0,0
MC101255,0,0,0,0
MC103983,1,1,0,0
MC104604,3,2,1,0
MC101782,1,1,0,0
MC103310,1,1,0,0
MC104113,0,0,0,0
MC104325,0,0,0,0
MC104817,0,0,0,0
MC101860,3,3,0,0
MC102773,1,1,0,0
MC104511,1,1,0,0
MC103559,1,1,0,0
MC104359,0,0,0,0
MC100846,2,2,0,0
MC104476,0,0,0,0
MC104003,0,0,0,0
MC102240,0,0,0,0
MC102726,0,0,0,0
MC101026,2,1,1,0
MC104995,1,1,0,0
MC104631,1,1,0,0
MC102999,1,1,0,0
MC104643,1,1,0,0
MC100211,0,0,0,0
MC103482,1,1,0,0
MC102221,0,0,0,0
MC101311,1,1,0,0
MC100192,1,1,0,0
MC101928,1,1,0,0
MC101137,0,0,0,0
MC101241,1,1,0,0
MC100597,0,0,0,0
MC101205,1,1,0,0
MC103066,0,0,0,0
MC102688,0,0,0,0
MC100233,0,0,0,0
MC103841,0,0,0,0
MC104978,3,3,0,0
MC103661,0,0,0,0
MC101054,1,1,0,0
MC100290,1,1,0,0
MC100914,1,1,0,0
MC101111,1,1,0,0
MC104210,1,1,0,0
MC101572,1,1,0,0
MC104561,0,0,0,0
MC103780,0,0,0,0
MC104263,0,0,0,0
MC100920,1,1,0,0
MC100598,0,0,0,0
MC103762,1,1,0,0
MC100257,1,1,0,0
MC104823,1,1,0,0
MC100768,1,1,0,0
MC101479,1,1,0,0
MC102707,1,1,0,0
MC103641,1,1,0,0
MC103778,1,1,0,0
MC100270,0,0,0,0
MC100063,0,0,0,0
MC104339,0,0,0,0
MC104178,0,0,0,0
MC103332,0,0,0,0
MC102993,0,0,0,0
MC101850,1,1,0,0
MC102595,0,0,0,0
MC101862,1,1,0,0
MC100632,0,0,0,0
MC102949,0,0,0,0
MC104734,1,1,0,0
MC100044,1,1,0,0
MC104624,1,1,0,0
MC103973,1,1,0,0
MC103104,1,1,0,0
MC103307,0,0,0,0
MC104781,0,0,0,0
MC104514,0,0,0,0
MC101413,1,1,0,0
MC100144,1,1,0,0
MC101574,0,0,0,0
MC102313,3,3,0,0
MC104110,1,1,0,0
MC104487,1,1,0,0
MC100835,0,0,0,0
MC103693,0,0,0,0
MC101159,0,0,0,0
MC100147,0,0,0,0
MC102587,0,0,0,0
MC103182,0,0,0,0
MC102000,0,0,0,0
MC103898,0,0,0,0
MC104199,0,0,0,0
MC100041,0,0,0,0
MC100377,1,1,0,0
MC102194,1,1,0,0
MC103709,0,0,0,0
MC102004,0,0,0,0
MC103503,3,3,0,0
MC103185,1,1,0,0
MC103792,1,1,0,0
MC102718,1,1,0,0
MC102672,1,1,0,0
MC102459,0,0,0,0
MC101982,1,1,0,0
MC100740,1,1,0,0
MC103046,0,0,0,0
MC104079,1,1,0,0
MC102254,1,1,0,0
MC102915,0,0,0,0
MC104307_DUP,1,1,0,0
MC101280_DUP,0,0,0,0
MC100478_DUP,1,1,0,0
MC102948_DUP,1,1,0,0
MC102279_DUP,1,1,0,0
MC102402_DUP,1,1,0,0
MC100484_DUP,0,0,0,0
MC104966_DUP,1,1,0,0
MC100089_DUP,0,0,0,0
MC101551_DUP,1,1,0,0
MC101300_DUP,1,1,0,0
MC102126_DUP,0,0,0,0
MC100630_DUP,0,0,0,0
MC100298_DUP,0,0,0,0
MC101986_DUP,1,1,0,0
MC100926_DUP,1,1,0,0
MC100115_DUP,1,1,0,0
MC101571_DUP,0,0,0,0
MC104109_DUP,0,0,0,0
MC104135_DUP,0,0,0,0
MC102954_DUP,1,1,0,0
MC101517_DUP,1,1,0,0
MC101656_DUP,0,0,0,0
MC102470_DUP,1,1,0,0
MC100314_DUP,0,0,0,0
MC100689_DUP,0,0,0,0
MC102268_DUP,1,1,0,0
MC102075_DUP,0,0,0,0
MC101158_DUP,1,1,0,0
MC100483_DUP,1,1,0,0
MC103508_DUP,1,1,0,0
MC104073_DUP,1,1,0,0
MC101080_DUP,0,0,0,0
MC101182_DUP,1,1,0,0
MC101370_DUP,1,1,0,0
MC102206_DUP,0,0,0,0
MC103445_DUP,0,0,0,0
MC104402_DUP,0,0,0,0
MC103553_DUP,0,0,0,0
MC101017_DUP,0,0,0,0
MC103917_DUP,1,1,0,0
MC104494_DUP,1,1,0,0
MC101111_DUP,1,1,0,0
MC104231_DUP,0,0,0,0
MC102459_DUP,0,0,0,0
MC104347_DUP,1,1,0,0
MC103731_DUP,0,0,0,0
MC104174_DUP,1,1,0,0
MC100325_DUP,1,1,0,0
MC100275_DUP,1,1,0,0
MC103809_DUP,0,0,0,0
MC101021_DUP,1,1,0,0
MC101014_DUP,0,0,0,0
MC104126_DUP,0,0,0,0
MC102834_DUP,1,1,0,0
MC102202_DUP,0,0,0,0
MC102953_DUP,1,1,0,0
MC102623_DUP,0,0,0,0
MC102854_DUP,0,0,0,0
MC104882_DUP,0,0,0,0
MC104052_DUP,0,0,0,0
MC101544_DUP,0,0,0,0
MC104103_DUP,1,1,0,0
MC103469_DUP,1,1,0,0
MC104069_DUP,1,1,0,0
MC102226_DUP,0,0,0,0
MC103985_DUP,1,1,0,0
MC103624_DUP,1,1,0,0
MC103101_DUP,0,0,0,0
MC103897_DUP,0,0,0,0
MC102779_DUP,1,1,0,0
MC103332_DUP,0,0,0,0
MC102292_DUP,1,1,0,0
MC104879_DUP,1,1,0,0
MC103978_DUP,1,1,0,0
MC101230_DUP,1,1,0,0
MC103527_DUP,1,1,0,0
MC104169_DUP,0,0,0,0
MC100051_DUP,0,0,0,0
MC100107_DUP,1,1,0,0
MC104932_DUP,1,1,0,0
MC102697_DUP,0,0,0,0
MC104048_DUP,1,1,0,0
MC100403_DUP,1,1,0,0
MC104092_DUP,1,1,0,0
MC104480_DUP,0,0,0,0
MC101484_DUP,0,0,0,0
MC103570_DUP,1,1,0,0
MC104273_DUP,1,1,0,0
MC100334_DUP,1,1,0,0
MC104219_DUP,1,1,0,0
MC104041_DUP,0,0,0,0
MC103447_DUP,0,0,0,0
MC101935_DUP,0,0,0,0
MC103492_DUP,1,1,0,0
MC100353_DUP,1,1,0,0
MC101046_DUP,0,0,0,0
MC100534_DUP,1,1,0,0
MC103160_DUP,1,1,0,0
MC103436_DUP,1,1,0,0
MC103642_DUP,0,0,0,0
MC101605_DUP,1,1,0,0
MC104446_DUP,1,1,0,0
MC104799_DUP,0,0,0,0
MC101982_DUP,1,1,0,0
MC101713_DUP,1,1,0,0
MC100290_DUP,1,1,0,0
MC103550_DUP,1,1,0,0
MC102071_DUP,0,0,0,0
MC100467_DUP,1,1,0,0
PH202054,0,0,0,0
PH201178,1,0,1,0
PH200658,0,0,0,0
PH201568,0,0,0,0
PH200401,2,2,0,0
PH200153,1,0,1,0
PH202755,0,0,0,0
PH200492,1,0,1,0
PH202398,0,0,0,0
PH200433,0,0,0,0
PH202478,1,0,1,0
PH201990,0,0,0,0
PH202047,1,0,1,0
PH201984,1,0,1,0
PH202475,0,0,0,0
PH202965,0,0,0,0
PH201185,0,0,0,0
PH202315,0,0,0,0
PH202449,1,0,1,0
PH202341,1,0,1,0
PH201740,1,0,1,0
PH202497,0,0,0,0
PH200728,1,0,1,0
PH201708,0,0,0,0
PH200349,1,0,1,0
PH200411,0,0,0,0
PH202282,0,0,0,0
PH201166,0,0,0,0
PH200759,2,2,0,0
PH201626,0,0,0,0
PH201315,1,0,1,0
PH201049,0,0,0,0
PH200660,0,0,0,0
PH202700,1,0,1,0
PH201087,0,0,0,0
PH200266,1,0,1,0
PH201026,0,0,0,0
PH200676,0,0,0,0
PH200117,1,0,1,0
PH200781,1,0,1,0
PH200373,1,0,1,0
PH200661,0,0,0,0
PH201700,0,0,0,0
PH200076,1,0,1,0
PH201857,0,0,0,0
PH201809,1,0,1,0
PH201610,0,0,0,0
PH202014,0,0,0,0
PH200508,0,0,0,0
PH200832,1,0,1,0
PH202699,0,0,0,0
PH202558,1,0,1,0
PH200066,1,0,1,0
PH200912,0,0,0,0
PH200605,0,0,0,0
PH200986,1,0,1,0
PH201977,1,0,1,0
PH200546,1,0,1,0
PH202164,0,0,0,0
PH202886,1,0,1,0
PH201063,1,0,1,0
PH201156,1,0,1,0
PH202900,0,0,0,0
PH201892,1,0,1,0
PH201791,1,0,1,0
PH201031,0,0,0,0
PH202329,1,0,1,0
PH202718,0,0,0,0
PH200672,0,0,0,0
PH201502,1,0,1,0
PH201048,1,0,1,0
PH200080,1,0,1,0
PH202877,0,0,0,0
PH201751,1,0,1,0
PH201470,0,0,0,0
PH200760,1,0,1,0
PH201268,0,0,0,0
PH201797,0,0,0,0
PH201134,1,0,1,0
PH200561,0,0,0,0
PH202251,0,0,0,0
PH200192,1,0,1,0
PH200008,0,0,0,0
PH200940,0,0,0,0
PH200952,0,0,0,0
PH200730,1,0,1,0
PH202984,0,0,0,0
PH202150,0,0,0,0
PH201517,0,0,0,0
PH200692,0,0,0,0
PH201434,0,0,0,0
PH200168,0,0,0,0
PH202038,1,0,1,0
PH201972,0,0,0,0
PH200088,1,0,1,0
PH201308,0,0,0,0
PH202377,1,0,1,0
PH202239,0,0,0,0
PH200185,0,0,0,0
PH201760,0,0,0,0
PH201778,0,0,0,0
PH202796,0,0,0,0
PH201836,0,0,0,0
PH200384,1,0,1,0
PH200563,0,0,0,0
PH202493,0,0,0,0
PH202472,1,0,1,0
PH200403,0,0,0,0
PH202626,2,1,1,0
PH201896,1,0,1,0
PH202690,0,0,0,0
PH201781,0,0,0,0
PH200977,1,0,1,0
PH200887,0,0,0,0
PH202989,0,0,0,0
PH200090,0,0,0,0
PH201496,0,0,0,0
PH202821,1,0,1,0
PH200473,0,0,0,0
PH200149,1,0,1,0
PH201657,0,0,0,0
PH202652,0,0,0,0
PH202005,0,0,0,0
PH201376,0,0,0,0
PH202803,3,1,2,0
PH200332,1,0,1,0
PH200003,0,0,0,0
PH201742,1,0,1,0
PH202349,0,0,0,0
PH202879,1,0,1,0
PH200496,0,0,0,0
PH200282,1,0,1,0
PH201009,0,0,0,0
PH201284,0,0,0,0
PH201823,1,0,1,0
PH202855,0,0,0,0
PH200276,0,0,0,0
PH202745,0,0,0,0
PH201955,1,0,1,0
PH200150,1,0,1,0
PH200907,0,0,0,0
PH201255,1,0,1,0
PH201516,0,0,0,0
PH201483,1,0,1,0
PH200552,0,0,0,0
PH202832,1,0,1,0
PH201389,0,0,0,0
PH200609,0,0,0,0
PH201330,1,0,1,0
PH201487,0,0,0,0
PH201441,0,0,0,0
PH200538,0,0,0,0
PH201815,1,0,1,0
PH200252,0,0,0,0
PH201416,1,0,1,0
PH200974,0,0,0,0
PH200837,0,0,0,0
PH201672,1,0,1,0
PH200750,0,0,0,0
PH201136,1,0,1,0
PH201090,0,0,0,0
PH201020,1,0,1,0
PH201645,1,0,1,0
PH201773,0,0,0,0
PH200749,1,0,1,0
PH200480,0,0,0,0
PH201768,1,0,1,0
PH200428,0,0,0,0
PH201556,2,2,0,0
PH201604,0,0,0,0
PH201095,1,0,1,0
PH201817,1,0,1,0
PH202610,1,0,1,0
PH200737,1,0,1,0
PH200817,0,0,0,0
PH202206,0,0,0,0
PH202710,1,0,1,0
PH201743,0,0,0,0
PH200429,1,0,1,0
PH202521,1,0,1,0
PH200278,0,0,0,0
PH200961,1,0,1,0
PH200279,0,0,0,0
PH201286,0,0,0,0
PH201461,0,0,0,0
PH200853,1,0,1,0
PH202060,0,0,0,0
PH201498,1,0,1,0
PH202485,0,0,0,0
PH202939,1,0,1,0
PH200622,1,0,1,0
PH202023,1,0,1,0
PH202037,0,0,0,0
PH202258,0,0,0,0
PH200249,0,0,0,0
PH202825,1,0,1,0
PH200212,0,0,0,0
PH201573,1,0,1,0
PH202270,0,0,0,0
PH201109,0,0,0,0
PH201967,1,0,1,0
PH202064,0,0,0,0
PH202143,0,0,0,0
PH202055,1,0,1,0
PH201621,0,0,0,0
PH201059,1,0,1,0
PH201745,1,0,1,0
PH202254,1,0,1,0
PH202477,0,0,0,0
PH200592,0,0,0,0
PH200579,0,0,0,0
PH200846,0,0,0,0
PH202748,0,0,0,0
PH202767,0,0,0,0
PH200944,1,0,1,0
PH202353,0,0,0,0
PH200775,1,0,1,0
PH202165,1,0,1,0
PH202342,0,0,0,0
PH202620,0,0,0,0
PH201536,0,0,0,0
PH201162,0,0,0,0
PH201329,0,0,0,0
PH202417,0,0,0,0
PH200258,1,0,1,0
PH200932,0,0,0,0
PH201887,2,1,1,0
PH202915,0,0,0,0
PH200631,1,0,1,0
PH200030,1,0,1,0
PH202582,1,0,1,0
PH201790,0,0,0,0
PH201637,1,0,1,0
PH200864,0,0,0,0
PH201111,0,0,0,0
PH201533,0,0,0,0
PH202677,0,0,0,0
PH201581,0,0,0,0
PH200109,0,0,0,0
PH201666,1,0,1,0
PH201943,1,0,1,0
PH201566,1,0,1,0
PH200415,1,0,1,0
PH202665,1,0,1,0
PH200572,1,0,1,0
PH200070,1,0,1,0
PH202072,1,0,1,0
PH202854,1,0,1,0
PH202197,1,0,1,0
PH200177,0,0,0,0
PH200301,0,0,0,0
PH202754,0,0,0,0
PH202135,0,0,0,0
PH200621,1,0,1,0
PH200157,0,0,0,0
PH201582,0,0,0,0
PH200123,0,0,0,0
PH201475,1,0,1,0
PH202789,1,0,1,0
PH200383,1,0,1,0
PH202336,0,0,0,0
PH201066,0,0,0,0
PH200207,1,0,1,0
PH200987,0,0,0,0
PH200032,1,0,1,0
PH201353,1,0,1,0
PH201098,0,0,0,0
PH202876,0,0,0,0
PH202689,0,0,0,0
PH202460,1,0,1,0
PH201408,0,0,0,0
PH201994,0,0,0,0
PH202882,0,0,0,0
PH200363,0,0,0,0
PH201191,0,0,0,0
PH202227,0,0,0,0
PH200370,2,1,1,0
PH202683,1,0,1,0
PH200919,1,0,1,0
PH202139,1,0,1,0
PH201752,1,0,1,0
PH202162,1,0,1,0
PH202191,1,0,1,0
PH201028,1,0,1,0
PH200788,0,0,0,0
PH200976,0,0,0,0
PH201145,1,0,1,0
PH202350,1,0,1,0
PH202990,0,0,0,0
PH201397,1,0,1,0
PH200897,1,0,1,0
PH202444,1,0,1,0
PH200714,3,2,1,0
PH200580,1,0,1,0
PH201072,0,0,0,0
PH200768,0,0,0,0
PH200178,1,0,1,0
PH202418,0,0,0,0
PH200159,0,0,0,0
PH200084,0,0,0,0
PH202236,0,0,0,0
PH202419,1,0,1,0
PH202914,0,0,0,0
PH200827,0,0,0,0
PH201013,1,0,1,0
PH201314,0,0,0,0
PH200554,2,2,0,0
PH201872,1,0,1,0
PH202613,1,0,1,0
PH201944,1,0,1,0
PH202070,0,0,0,0
PH202586,0,0,0,0
PH201602,1,0,1,0
PH200856,1,0,1,0
PH202889,0,0,0,0
PH201549,0,0,0,0
PH201538,1,0,1,0
PH201451,0,0,0,0
PH200801,1,0,1,0
PH201016,0,0,0,0
PH202144,1,0,1,0
PH202335,1,0,1,0
PH200417,0,0,0,0
PH202826,0,0,0,0
PH202405,1,0,1,0
PH202393,0,0,0,0
PH200476,0,0,0,0
PH202605,0,0,0,0
PH202625,0,0,0,0
PH202657,1,0,1,0
PH200893,0,0,0,0
PH202615,0,0,0,0
PH201419,1,0,1,0
PH202050,0,0,0,0
PH202301,1,0,1,0
PH201993,1,0,1,0
PH202337,0,0,0,0
PH202246,1,0,1,0
PH201572,1,0,1,0
PH200689,1,0,1,0
PH202263,0,0,0,0
PH201738,0,0,0,0
PH200194,0,0,0,0
PH202396,1,0,1,0
PH202844,0,0,0,0
PH201251,0,0,0,0
PH202426,0,0,0,0
PH201029,1,0,1,0
PH200487,0,0,0,0
PH201914,0,0,0,0
PH202365,0,0,0,0
PH201167,1,0,1,0
PH202261,0,0,0,0
PH200190,1,0,1,0
PH200445,0,0,0,0
PH201950,0,0,0,0
PH201466,0,0,0,0
PH201118,1,1,0,0
PH202298,0,0,0,0
PH200114,1,0,1,0
PH202235,0,0,0,0
PH201058,1,0,1,0
PH200286,1,0,1,0
PH200630,0,0,0,0
PH201904,0,0,0,0
PH200999,1,0,1,0
PH200933,0,0,0,0
PH201117,1,0,1,0
PH202007,2,1,1,0
PH202555,0,0,0,0
PH200465,0,0,0,0
PH200693,0,0,0,0
PH202986,0,0,0,0
PH200574,0,0,0,0
PH202680,1,0,1,0
PH201231,1,0,1,0
PH202595,0,0,0,0
PH200291,1,0,1,0
PH201585,1,0,1,0
PH202232,0,0,0,0
PH202230,1,0,1,0
PH202606,0,0,0,0
PH201649,1,0,1,0
PH202013,1,0,1,0
PH202219,1,0,1,0
PH201696,0,0,0,0
PH201578,0,0,0,0
PH200526,1,0,1,0
PH201552,0,0,0,0
PH200906,1,0,1,0
PH200176,1,0,1,0
PH201537,0,0,0,0
PH201177,0,0,0,0
PH202231,0,0,0,0
PH200421,0,0,0,0
PH202266,1,0,1,0
PH201289,0,0,0,0
PH201196,0,0,0,0
PH202553,1,0,1,0
PH201477,0,0,0,0
PH201450,0,0,0,0
PH200722,2,1,1,0
PH202501,0,0,0,0
PH202048,0,0,0,0
PH201667,0,0,0,0
PH202987,0,0,0,0
PH200850,0,0,0,0
PH201597,1,0,1,0
PH200302,1,0,1,0
PH202976,0,0,0,0
PH201195,1,0,1,0
PH202451,0,0,0,0
PH200819,0,0,0,0
PH200703,1,0,1,0
PH201396,0,0,0,0
PH201656,0,0,0,0
PH201127,0,0,0,0
PH200471,0,0,0,0
PH200275,0,0,0,0
PH202642,0,0,0,0
PH202457,0,0,0,0
PH200398,1,0,1,0
PH201219,1,0,1,0
PH200820,0,0,0,0
PH202600,1,0,1,0
PH200839,1,0,1,0
PH200321,0,0,0,0
PH200809,1,0,1,0
PH201704,0,0,0,0
PH202290,0,0,0,0
PH201855,1,0,1,0
PH201442,0,0,0,0
PH201863,1,0,1,0
PH202707,0,0,0,0
PH201847,0,0,0,0
PH201106,0,0,0,0
PH200079,1,0,1,0
PH201074,1,0,1,0
PH200043,1,0,1,0
PH201426,0,0,0,0
PH201746,0,0,0,0
PH200352,0,0,0,0
PH202523,0,0,0,0
PH200874,0,0,0,0
PH202579,1,0,1,0
PH200964,1,0,1,0
PH200665,0,0,0,0
PH200656,0,0,0,0
PH201410,0,0,0,0
PH201413,0,0,0,0
PH202820,0,0,0,0
PH201070,1,0,1,0
PH201503,0,0,0,0
PH200061,1,0,1,0
PH202092,0,0,0,0
PH201471,0,0,0,0
PH202406,0,0,0,0
PH202473,0,0,0,0
PH202575,0,0,0,0
PH202581,0,0,0,0
PH200598,0,0,0,0
PH201829,0,0,0,0
PH202537,1,0,1,0
PH202091,0,0,0,0
PH201801,0,0,0,0
PH200891,0,0,0,0
PH201428,0,0,0,0
PH201869,1,0,1,0
PH200926,1,0,1,0
PH200731,1,0,1,0
PH200866,1,0,1,0
PH200357,1,0,1,0
PH200385,0,0,0,0
PH202174,1,0,1,0
PH202589,1,0,1,0
PH202103,1,0,1,0
PH202544,1,0,1,0
PH201068,1,0,1,0
PH202028,1,0,1,0
PH202529,1,0,1,0
PH200488,0,0,0,0
PH202087,0,0,0,0
PH202155,1,0,1,0
PH202430,1,0,1,0
PH202069,0,0,0,0
PH200048,0,0,0,0
PH201198,1,0,1,0
PH201331,3,2,1,0
PH201644,0,0,0,0
PH200308,0,0,0,0
PH200682,0,0,0,0
PH201571,0,0,0,0
PH202737,2,1,1,0
PH200387,0,0,0,0
PH200238,1,0,1,0
PH201860,0,0,0,0
PH200913,0,0,0,0
PH200034,0,0,0,0
PH202391,0,0,0,0
PH201706,1,0,1,0
PH201989,0,0,0,0
PH201982,0,0,0,0
PH202743,0,0,0,0
PH202098,0,0,0,0
PH201085,0,0,0,0
PH202126,1,0,1,0
PH200413,0,0,0,0
PH202496,1,0,1,0
PH202662,0,0,0,0
PH200575,0,0,0,0
PH200324,1,0,1,0
PH201422,0,0,0,0
PH202842,0,0,0,0
PH202334,0,0,0,0
PH202413,3,1,2,0
PH200917,1,0,1,0
PH201929,1,0,1,0
PH200130,1,0,1,0
PH200892,1,0,1,0
PH201453,0,0,0,0
PH201337,0,0,0,0
PH202186,0,0,0,0
PH201726,1,0,1,0
PH201876,1,0,1,0
PH201186,1,0,1,0
PH200426,0,0,0,0
PH200438,0,0,0,0
PH200028,0,0,0,0
PH202215,1,0,1,0
PH201309,0,0,0,0
PH202033,0,0,0,0
PH202897,0,0,0,0
PH202109,1,0,1,0
PH200432,1,0,1,0
PH202211,1,0,1,0
PH202179,0,0,0,0
PH201526,0,0,0,0
PH201564,0,0,0,0
PH202278,1,0,1,0
PH201633,1,0,1,0
PH201123,0,0,0,0
PH201350,0,0,0,0
PH202592,1,0,1,0
PH200694,0,0,0,0
PH200791,0,0,0,0
PH202924,1,0,1,0
PH202462,0,0,0,0
PH202839,0,0,0,0
PH202588,0,0,0,0
PH201254,0,0,0,0
PH202314,0,0,0,0
PH202567,0,0,0,0
PH202479,1,0,1,0
PH202716,1,0,1,0
PH201833,0,0,0,0
PH200313,0,0,0,0
PH201867,0,0,0,0
PH202724,0,0,0,0
PH201119,0,0,0,0
PH200095,1,0,1,0
PH201386,1,0,1,0
PH201203,0,0,0,0
PH202059,1,0,1,0
PH202471,0,0,0,0
PH200687,1,0,1,0
PH202119,1,0,1,0
PH200744,1,0,1,0
PH201588,0,0,0,0
PH201665,1,0,1,0
PH200055,1,0,1,0
PH201120,0,0,0,0
PH200886,1,0,1,0
PH202172,0,0,0,0
PH200985,1,0,1,0
PH202492,1,0,1,0
PH202040,1,0,1,0
PH200668,1,0,1,0
PH201047,1,0,1,0
PH201732,0,0,0,0
PH200163,0,0,0,0
PH202964,1,0,1,0
PH202577,0,0,0,0
PH202729,0,0,0,0
PH202241,0,0,0,0
PH201037,0,0,0,0
PH200012,0,0,0,0
PH201050,0,0,0,0
PH200110,0,0,0,0
PH200858,0,0,0,0
PH200527,0,0,0,0
PH200634,0,0,0,0
PH200419,1,0,1,0
PH202756,0,0,0,0
PH200861,0,0,0,0
PH200119,1,0,1,0
PH200497,0,0,0,0
PH200608,0,0,0,0
PH200059,0,0,0,0
PH201104,1,0,1,0
PH202204,0,0,0,0
PH201723,0,0,0,0
PH201133,0,0,0,0
PH201514,1,0,1,0
PH202751,0,0,0,0
PH200210,1,0,1,0
PH202487,1,0,1,0
PH202542,1,0,1,0
PH202524,1,0,1,0
PH201377,0,0,0,0
PH200754,1,0,1,0
PH202205,1,0,1,0
PH202133,1,0,1,0
PH200582,0,0,0,0
PH202675,1,0,1,0
PH201083,0,0,0,0
PH201438,1,0,1,0
PH200281,0,0,0,0
PH201996,0,0,0,0
PH202806,1,0,1,0
PH201593,0,0,0,0
PH201035,1,0,1,0
PH201008,1,0,1,0
PH201639,0,0,0,0
PH201550,0,0,0,0
PH200637,0,0,0,0
PH202607,1,0,1,0
PH201988,1,0,1,0
PH200943,1,0,1,0
PH201899,1,0,1,0
PH202569,0,0,0,0
PH200991,0,0,0,0
PH201155,0,0,0,0
PH201974,2,1,1,0
PH202596,2,1,1,0
PH201584,1,0,1,0
PH202672,1,0,1,0
PH200543,1,0,1,0
PH201226,0,0,0,0
PH202509,1,0,1,0
PH201755,1,0,1,0
PH201749,1,0,1,0
PH202272,1,0,1,0
PH201756,1,0,1,0
PH200131,1,0,1,0
PH200442,1,0,1,0
PH202499,0,0,0,0
PH200705,0,0,0,0
PH200227,1,0,1,0
PH200274,0,0,0,0
PH201417,1,0,1,0
PH202086,1,0,1,0
PH200921,1,0,1,0
PH200132,0,0,0,0
PH201567,0,0,0,0
PH200889,0,0,0,0
PH200756,0,0,0,0
PH200406,1,0,1,0
PH201681,0,0,0,0
PH202765,1,0,1,0
PH202307,1,0,1,0
PH200834,0,0,0,0
PH202801,0,0,0,0
PH202660,1,0,1,0
PH200870,1,0,1,0
PH201113,0,0,0,0
PH201436,1,0,1,0
PH202514,1,0,1,0
PH200659,1,0,1,0
PH202580,0,0,0,0
PH200086,1,0,1,0
PH200096,1,0,1,0
PH202752,1,0,1,0
PH202446,1,0,1,0
PH202794,1,0,1,0
PH202093,1,0,1,0
PH200704,0,0,0,0
PH201576,0,0,0,0
PH200495,0,0,0,0
PH200074,0,0,0,0
PH200982,0,0,0,0
PH202940,1,0,1,0
PH202076,1,0,1,0
PH201355,1,0,1,0
PH200375,1,0,1,0
PH202431,2,2,0,0
PH202447,0,0,0,0
PH201073,0,0,0,0
PH201006,0,0,0,0
PH200052,0,0,0,0
PH202073,1,0,1,0
PH202639,0,0,0,0
PH201431,0,0,0,0
PH200400,1,0,1,0
PH200293,0,0,0,0
PH202597,1,0,1,0
PH201748,1,0,1,0
PH201609,1,0,1,0
PH200213,1,0,1,0
PH202525,1,0,1,0
PH201215,1,0,1,0
PH202277,1,0,1,0
PH200231,0,0,0,0
PH200702,0,0,0,0
PH200511,0,0,0,0
PH202077,0,0,0,0
PH200585,0,0,0,0
PH200166,0,0,0,0
PH201463,0,0,0,0
PH201754,0,0,0,0
PH202630,0,0,0,0
PH202863,0,0,0,0
PH202223,1,0,1,0
PH201717,0,0,0,0
PH201076,1,0,1,0
PH200519,1,0,1,0
PH201407,1,0,1,0
PH202732,1,0,1,0
PH201873,0,0,0,0
PH201894,0,0,0,0
PH201504,1,0,1,0
PH201332,0,0,0,0
PH202833,0,0,0,0
PH201000,0,0,0,0
PH202294,1,0,1,0
PH202712,0,0,0,0
PH202800,0,0,0,0
PH201023,1,0,1,0
PH201052,1,0,1,0
PH200753,1,0,1,0
PH202937,0,0,0,0
PH200360,0,0,0,0
PH201528,0,0,0,0
PH201262,1,0,1,0
PH201242,2,1,1,0
PH201439,0,0,0,0
PH200941,1,0,1,0
PH202809,0,0,0,0
PH200162,0,0,0,0
PH202740,0,0,0,0
PH200624,0,0,0,0
PH202853,0,0,0,0
PH202324,1,0,1,0
PH200655,1,0,1,0
PH201986,0,0,0,0
PH201447,0,0,0,0
PH200818,0,0,0,0
PH201143,0,0,0,0
PH201949,1,0,1,0
PH200542,0,0,0,0
PH200474,0,0,0,0
PH200565,1,0,1,0
PH202862,1,0,1,0
PH202992,1,0,1,0
PH200458,0,0,0,0
PH201627,0,0,0,0
PH201782,1,0,1,0
PH202158,0,0,0,0
PH202210,0,0,0,0
PH202761,1,0,1,0
PH200755,1,0,1,0
PH202543,1,0,1,0
PH202697,0,0,0,0
PH200960,0,0,0,0
PH200522,0,0,0,0
PH202674,1,0,1,0
PH201033,0,0,0,0
PH200628,0,0,0,0
PH200918,0,0,0,0
PH201512,0,0,0,0
PH202837,0,0,0,0
PH200570,1,0,1,0
PH200154,1,0,1,0
PH201561,0,0,0,0
PH201480,0,0,0,0
PH200806,1,0,1,0
PH201485,0,0,0,0
PH200463,1,0,1,0
PH201697,1,0,1,0
PH201880,0,0,0,0
PH201510,0,0,0,0
PH201176,0,0,0,0
PH202977,0,0,0,0
PH200611,1,0,1,0
PH201271,0,0,0,0
PH202148,0,0,0,0
PH201607,0,0,0,0
PH201912,0,0,0,0
PH200854,0,0,0,0
PH200450,0,0,0,0
PH202105,0,0,0,0
PH200388,0,0,0,0
PH200699,1,0,1,0
PH200894,0,0,0,0
PH202591,2,1,1,0
PH200206,0,0,0,0
PH201287,0,0,0,0
PH201551,1,0,1,0
PH201798,0,0,0,0
PH202422,0,0,0,0
PH201513,1,0,1,0
PH200685,0,0,0,0
PH200365,1,0,1,0
PH202339,0,0,0,0
PH202281,2,2,0,0
PH201042,1,0,1,0
PH202944,1,0,1,0
PH202244,0,0,0,0
PH201825,0,0,0,0
PH200614,0,0,0,0
PH200427,0,0,0,0
PH202370,1,0,1,0
PH201193,0,0,0,0
PH202702,0,0,0,0
PH200901,0,0,0,0
PH201021,0,0,0,0
PH202758,0,0,0,0
PH201874,0,0,0,0
PH200265,0,0,0,0
PH202316,1,0,1,0
PH201221,0,0,0,0
PH200830,0,0,0,0
PH202061,0,0,0,0
PH200135,0,0,0,0
PH200364,0,0,0,0
PH201352,1,0,1,0
PH202549,0,0,0,0
PH202273,0,0,0,0
PH201731,1,0,1,0
PH200625,0,0,0,0
PH201354,0,0,0,0
PH202515,0,0,0,0
PH200143,1,0,1,0
PH201764,0,0,0,0
PH200306,0,0,0,0
PH200766,1,0,1,0
PH200915,0,0,0,0
PH200099,0,0,0,0
PH200531,1,0,1,0
PH201613,0,0,0,0
PH201960,3,2,1,0
PH201643,0,0,0,0
PH201381,1,0,1,0
PH201918,1,0,1,0
PH200078,3,1,2,0
PH201437,1,0,1,0
PH201769,0,0,0,0
PH201383,0,0,0,0
PH202669,0,0,0,0
PH200295,1,0,1,0
PH202898,1,0,1,0
PH202955,0,0,0,0
PH200345,0,0,0,0
PH202696,1,0,1,0
PH201675,1,0,1,0
PH200727,0,0,0,0
PH201640,0,0,0,0
PH200325,0,0,0,0
PH200869,1,0,1,0
PH200895,1,0,1,0
PH202936,0,0,0,0
PH202603,0,0,0,0
PH202817,1,0,1,0
PH202733,1,0,1,0
PH202981,0,0,0,0
PH200535,0,0,0,0
PH202703,0,0,0,0
PH201489,0,0,0,0
PH201729,1,0,1,0
PH202247,0,0,0,0
PH200529,0,0,0,0
PH201574,1,0,1,0
PH200409,0,0,0,0
PH201343,0,0,0,0
PH200726,1,0,1,0
PH200515,0,0,0,0
PH201765,0,0,0,0
PH200571,1,0,1,0
PH201292,0,0,0,0
PH200595,0,0,0,0
PH202433,1,0,1,0
PH202980,0,0,0,0
PH200244,1,0,1,0
PH200992,0,0,0,0
PH200253,1,0,1,0
PH201635,0,0,0,0
PH202814,0,0,0,0
PH201126,1,0,1,0
PH201131,0,0,0,0
PH201334,1,0,1,0
PH200612,1,0,1,0
PH200518,0,0,0,0
PH201757,0,0,0,0
PH200389,0,0,0,0
PH202445,2,2,0,0
PH201385,1,0,1,0
PH200339,0,0,0,0
PH201427,0,0,0,0
PH202249,1,0,1,0
PH201369,1,0,1,0
PH202952,0,0,0,0
PH201291,1,0,1,0
PH200979,0,0,0,0
PH201253,0,0,0,0
PH200922,1,0,1,0
PH200374,1,0,1,0
PH201850,1,0,1,0
PH202117,1,0,1,0
PH201832,0,0,0,0
PH201067,1,0,1,0
PH201812,1,0,1,0
PH200924,1,0,1,0
PH201838,1,0,1,0
PH200841,0,0,0,0
PH200248,1,0,1,0
PH201097,1,0,1,0
PH202534,1,0,1,0
PH200541,0,0,0,0
PH202985,0,0,0,0
PH201966,0,0,0,0
PH201685,1,0,1,0
PH200044,0,0,0,0
PH200418,0,0,0,0
PH201147,1,0,1,0
PH201822,0,0,0,0
PH200116,1,0,1,0
PH201293,0,0,0,0
PH201583,0,0,0,0
PH200446,0,0,0,0
PH200911,0,0,0,0
PH202908,1,0,1,0
PH200049,0,0,0,0
PH202368,0,0,0,0
PH201712,0,0,0,0
PH202526,0,0,0,0
PH200082,0,0,0,0
PH201188,0,0,0,0
PH200739,0,0,0,0
PH200017,0,0,0,0
PH200140,0,0,0,0
PH200674,0,0,0,0
PH202360,0,0,0,0
PH201225,0,0,0,0
PH202292,0,0,0,0
PH202160,1,0,1,0
PH200540,0,0,0,0
PH200808,1,0,1,0
PH202684,0,0,0,0
PH200397,0,0,0,0
PH200588,0,0,0,0
PH201492,0,0,0,0
PH202578,1,0,1,0
PH200307,0,0,0,0
PH201368,1,0,1,0
PH200593,1,0,1,0
PH200201,1,0,1,0
PH201674,1,0,1,0
PH201414,2,2,0,0
PH201936,0,0,0,0
PH200936,1,0,1,0
PH200234,0,0,0,0
PH201403,1,0,1,0
PH200272,0,0,0,0
PH200748,0,0,0,0
PH201840,0,0,0,0
PH200710,0,0,0,0
PH200448,1,0,1,0
PH200041,0,0,0,0
PH202470,1,0,1,0
PH201399,1,0,1,0
PH201115,1,0,1,0
PH200161,0,0,0,0
PH201180,1,0,1,0
PH200453,0,0,0,0
PH202686,0,0,0,0
PH201690,2,1,1,0
PH200437,1,0,1,0
PH201494,0,0,0,0
PH202102,0,0,0,0
PH201079,0,0,0,0
PH201241,1,0,1,0
PH202128,0,0,0,0
PH202079,1,0,1,0
PH201335,0,0,0,0
PH200005,1,0,1,0
PH202308,1,0,1,0
PH200037,0,0,0,0
PH200225,0,0,0,0
PH200125,0,0,0,0
PH200516,1,0,1,0
PH201364,1,0,1,0
PH200963,0,0,0,0
PH201701,1,0,1,0
PH202402,1,0,1,0
PH200948,0,0,0,0
PH201780,0,0,0,0
PH202361,0,0,0,0
PH201623,0,0,0,0
PH200530,1,0,1,0
PH200035,0,0,0,0
PH200615,0,0,0,0
PH202824,1,0,1,0
PH202346,0,0,0,0
PH200733,0,0,0,0
PH201638,0,0,0,0
PH201261,0,0,0,0
PH202289,1,0,1,0
PH201010,0,0,0,0
PH200290,0,0,0,0
PH202719,0,0,0,0
PH202945,0,0,0,0
PH202528,0,0,0,0
PH202736,0,0,0,0
PH201592,0,0,0,0
PH201620,1,0,1,0
PH201881,0,0,0,0
PH202200,0,0,0,0
PH202717,0,0,0,0
PH200280,0,0,0,0
PH202476,0,0,0,0
PH201222,0,0,0,0
PH202746,1,0,1,0
PH201761,0,0,0,0
PH202568,0,0,0,0
PH201662,1,0,1,0
PH202902,1,0,1,0
PH201053,0,0,0,0
PH201816,0,0,0,0
PH202425,1,0,1,0
PH202583,0,0,0,0
PH200247,0,0,0,0
PH200171,0,0,0,0
PH202344,0,0,0,0
PH202907,1,0,1,0
PH202970,1,0,1,0
PH202306,0,0,0,0
PH202562,0,0,0,0
PH201194,1,0,1,0
PH200581,0,0,0,0
PH201968,1,1,0,0
PH201557,0,0,0,0
PH201205,0,0,0,0
PH201051,1,0,1,0
PH201680,0,0,0,0
PH202932,1,0,1,0
PH200393,1,0,1,0
PH201908,1,0,1,0
PH201290,0,0,0,0
PH200652,1,0,1,0
PH201891,0,0,0,0
PH201114,0,0,0,0
PH201465,1,0,1,0
PH200651,0,0,0,0
PH200568,1,0,1,0
PH201911,1,0,1,0
PH201294,0,0,0,0
PH201011,0,0,0,0
PH202926,3,1,2,0
PH201423,0,0,0,0
PH200353,0,0,0,0
PH200351,1,0,1,0
PH201071,0,0,0,0
PH201771,1,0,1,0
PH200027,0,0,0,0
PH201930,0,0,0,0
PH202110,1,0,1,0
PH202313,0,0,0,0
PH200566,0,0,0,0
PH202634,0,0,0,0
PH202957,1,0,1,0
PH200268,1,0,1,0
PH200639,1,0,1,0
PH201062,0,0,0,0
PH202168,0,0,0,0
PH202121,0,0,0,0
PH200316,0,0,0,0
PH201883,1,0,1,0
PH202875,0,0,0,0
PH202348,0,0,0,0
PH200815,0,0,0,0
PH200469,0,0,0,0
PH202026,1,0,1,0
PH201819,0,0,0,0
PH201595,0,0,0,0
PH201991,1,0,1,0
PH200900,0,0,0,0
PH202901,2,1,1,0
PH200315,0,0,0,0
PH200083,0,0,0,0
PH200160,0,0,0,0
PH201088,1,0,1,0
PH202917,0,0,0,0
PH200410,1,0,1,0
PH200174,0,0,0,0
PH200679,0,0,0,0
PH202643,0,0,0,0
PH201941,0,0,0,0
PH202030,1,0,1,0
PH201100,1,0,1,0
PH200334,1,0,1,0
PH201882,0,0,0,0
PH201341,1,0,1,0
PH200299,0,0,0,0
PH201310,0,0,0,0
PH201040,0,0,0,0
PH201917,1,0,1,0
PH202362,0,0,0,0
PH202180,0,0,0,0
PH200792,1,0,1,0
PH201501,1,0,1,0
PH202988,0,0,0,0
PH200233,0,0,0,0
PH201018,0,0,0,0
PH202911,1,0,1,0
PH200314,1,0,1,0
PH201777,0,0,0,0
PH200778,0,0,0,0
PH202293,1,0,1,0
PH201577,0,0,0,0
PH202003,1,0,1,0
PH200284,0,0,0,0
PH202157,1,0,1,0
PH200641,0,0,0,0
PH202742,0,0,0,0
PH200054,0,0,0,0
PH201629,0,0,0,0
PH202442,0,0,0,0
PH201813,1,0,1,0
PH201875,0,0,0,0
PH200230,1,0,1,0
PH202225,1,0,1,0
PH201139,1,0,1,0
PH201429,0,0,0,0
PH200879,0,0,0,0
PH200326,0,0,0,0
PH201227,1,0,1,0
PH201586,0,0,0,0
PH202195,1,0,1,0
PH201703,0,0,0,0
PH201673,1,0,1,0
PH202518,1,0,1,0
PH200392,1,0,1,0
PH202063,0,0,0,0
PH202995,0,0,0,0
PH202188,1,0,1,0
PH202463,0,0,0,0
PH201015,1,0,1,0
PH201591,3,1,2,0
PH202358,1,0,1,0
PH201785,0,0,0,0
PH201958,1,0,1,0
PH201154,1,0,1,0
PH202428,1,0,1,0
PH201237,1,0,1,0
PH201348,0,0,0,0
PH200994,1,0,1,0
PH202400,1,0,1,0
PH201269,1,0,1,0
PH200736,1,0,1,0
PH200916,2,1,1,0
PH201499,1,0,1,0
PH201636,1,0,1,0
PH200164,0,0,0,0
PH201695,0,0,0,0
PH202288,0,0,0,0
PH201264,1,0,1,0
PH200664,0,0,0,0
PH201317,1,0,1,0
PH201980,1,0,1,0
PH201866,1,0,1,0
PH202653,0,0,0,0
PH202622,2,1,1,0
PH202183,0,0,0,0
PH200752,1,0,1,0
PH202682,0,0,0,0
PH200798,1,0,1,0
PH201406,1,0,1,0
PH202424,1,0,1,0
PH202780,1,0,1,0
PH202450,0,0,0,0
PH202949,1,0,1,0
PH201683,0,0,0,0
PH201212,0,0,0,0
PH201853,1,0,1,0
PH201443,0,0,0,0
PH201142,1,0,1,0
PH201663,0,0,0,0
PH200764,1,0,1,0
PH201206,1,0,1,0
PH202392,1,0,1,0
PH201258,1,0,1,0
PH200909,0,0,0,0
PH200362,3,1,2,0
PH202491,1,0,1,0
PH200636,1,0,1,0
PH200811,0,0,0,0
PH200441,0,0,0,0
PH202892,1,1,0,0
PH202414,1,0,1,0
PH201116,0,0,0,0
PH202859,0,0,0,0
PH202969,0,0,0,0
PH202312,1,0,1,0
PH201007,1,0,1,0
PH202297,0,0,0,0
PH201075,0,0,0,0
PH202443,0,0,0,0
PH200040,0,0,0,0
PH202081,1,0,1,0
PH200158,1,0,1,0
PH201238,1,0,1,0
PH202145,0,0,0,0
PH202265,2,1,1,0
PH202034,1,0,1,0
PH201852,0,0,0,0
PH201491,0,0,0,0
PH200805,0,0,0,0
PH201530,0,0,0,0
PH200633,0,0,0,0
PH201500,0,0,0,0
PH200262,0,0,0,0
PH201724,1,0,1,0
PH202153,0,0,0,0
PH201800,0,0,0,0
PH202404,0,0,0,0
PH200372,0,0,0,0
PH201246,0,0,0,0
PH202380,0,0,0,0
PH200877,0,0,0,0
PH200439,1,0,1,0
PH200514,0,0,0,0
PH200355,1,0,1,0
PH202865,0,0,0,0
PH200317,0,0,0,0
PH201698,0,0,0,0
PH201248,0,0,0,0
PH202010,0,0,0,0
PH200264,1,0,1,0
PH201975,0,0,0,0
PH202612,1,0,1,0
PH201391,1,0,1,0
PH201163,3,1,2,0
PH200122,1,0,1,0
PH200350,0,0,0,0
PH202619,0,0,0,0
PH200093,1,0,1,0
PH201730,0,0,0,0
PH201234,1,0,1,0
PH200724,1,0,1,0
PH201725,0,0,0,0
PH201243,0,0,0,0
PH202032,0,0,0,0
PH201995,0,0,0,0
PH201921,0,0,0,0
PH202248,1,0,1,0
PH200479,0,0,0,0
PH202535,0,0,0,0
PH200501,1,0,1,0
PH200378,0,0,0,0
PH200851,1,0,1,0
PH200478,3,2,1,0
PH200951,1,0,1,0
PH202152,1,0,1,0
PH201942,1,0,1,0
PH200671,0,0,0,0
PH200927,0,0,0,0
PH202632,0,0,0,0
PH200226,0,0,0,0
PH202570,1,0,1,0
PH202951,1,0,1,0
PH202762,0,0,0,0
PH202978,0,0,0,0
PH201705,0,0,0,0
PH201060,1,0,1,0
PH202769,0,0,0,0
PH202203,0,0,0,0
PH200771,1,0,1,0
PH202056,0,0,0,0
PH200408,0,0,0,0
PH201931,0,0,0,0
PH201468,0,0,0,0
PH201884,0,0,0,0
PH200983,1,0,1,0
PH200807,0,0,0,0
PH202959,1,0,1,0
PH202894,0,0,0,0
PH202229,0,0,0,0
PH200873,0,0,0,0
PH200884,1,0,1,0
PH201044,0,0,0,0
PH202489,0,0,0,0
PH202468,1,0,1,0
PH201922,1,0,1,0
PH202218,0,0,0,0
PH202100,0,0,0,0
PH202621,0,0,0,0
PH202020,3,1,2,0
PH202805,1,0,1,0
PH202159,0,0,0,0
PH201240,1,0,1,0
PH202783,1,0,1,0
PH200358,0,0,0,0
PH201322,2,2,0,0
PH200312,0,0,0,0
PH201789,0,0,0,0
PH201973,0,0,0,0
PH201796,1,0,1,0
PH202760,0,0,0,0
PH200019,0,0,0,0
PH202039,1,0,1,0
PH200436,0,0,0,0
PH201304,1,0,1,0
PH201094,0,0,0,0
PH201482,1,0,1,0
PH202019,0,0,0,0
PH200337,0,0,0,0
PH202802,0,0,0,0
PH202331,1,0,1,0
PH201842,0,0,0,0
PH202715,0,0,0,0
PH202773,0,0,0,0
PH201444,0,0,0,0
PH202797,0,0,0,0
PH200635,1,0,1,0
PH200188,1,0,1,0
PH201878,0,0,0,0
PH202440,0,0,0,0
PH202654,1,0,1,0
PH202831,1,0,1,0
PH202727,1,0,1,0
PH200606,0,0,0,0
PH200584,1,0,1,0
PH202458,0,0,0,0
PH201181,0,0,0,0
PH200014,1,0,1,0
PH201631,1,0,1,0
PH200440,0,0,0,0
PH201202,0,0,0,0
PH202031,0,0,0,0
PH201699,0,0,0,0
PH201057,1,0,1,0
PH200085,1,0,1,0
PH201233,0,0,0,0
PH202021,1,0,1,0
PH202843,1,0,1,0
PH202599,0,0,0,0
PH201859,0,0,0,0
PH202178,0,0,0,0
PH200947,0,0,0,0
PH202224,0,0,0,0
PH201054,0,0,0,0
PH200865,1,0,1,0
PH201570,0,0,0,0
PH201788,1,0,1,0
PH202242,0,0,0,0
PH202401,1,0,1,0
PH201345,0,0,0,0
PH202049,0,0,0,0
PH201435,0,0,0,0
PH201692,0,0,0,0
PH201660,1,0,1,0
PH202480,1,0,1,0
PH200013,0,0,0,0
PH201161,1,0,1,0
PH202386,1,0,1,0
PH201418,0,0,0,0
PH200885,0,0,0,0
PH200289,0,0,0,0
PH200232,0,0,0,0
PH200224,0,0,0,0
PH202720,0,0,0,0
PH202531,0,0,0,0
PH201326,1,0,1,0
PH202856,0,0,0,0
PH202125,0,0,0,0
PH201614,1,0,1,0
PH200062,0,0,0,0
PH201081,0,0,0,0
PH200770,0,0,0,0
PH202918,0,0,0,0
PH201256,0,0,0,0
PH200842,0,0,0,0
PH200551,1,0,1,0
PH202006,0,0,0,0
PH200848,0,0,0,0
PH201710,0,0,0,0
PH202330,0,0,0,0
PH201940,1,0,1,0
PH200229,0,0,0,0
PH201799,1,0,1,0
PH201518,1,0,1,0
PH201998,0,0,0,0
PH200899,1,0,1,0
PH202156,1,0,1,0
PH202552,0,0,0,0
PH202923,2,1,1,0
PH202747,1,0,1,0
PH202097,0,0,0,0
PH201575,0,0,0,0
PH202851,1,0,1,0
PH201693,0,0,0,0
PH202253,0,0,0,0
PH202847,0,0,0,0
PH201622,0,0,0,0
PH201373,0,0,0,0
PH201473,0,0,0,0
PH202399,0,0,0,0
PH202016,0,0,0,0
PH201249,0,0,0,0
PH202089,1,0,1,0
PH201449,1,0,1,0
PH202411,1,0,1,0
PH202506,1,0,1,0
PH202466,0,0,0,0
PH200812,2,2,0,0
PH201387,0,0,0,0
PH200910,1,0,1,0
PH201459,1,0,1,0
PH200998,1,0,1,0
PH200821,1,0,1,0
PH201828,0,0,0,0
PH200646,0,0,0,0
PH201247,0,0,0,0
PH201804,0,0,0,0
PH200311,0,0,0,0
PH200607,1,0,1,0
PH201252,0,0,0,0
PH200831,0,0,0,0
PH201952,1,0,1,0
PH200618,0,0,0,0
PH202887,0,0,0,0
PH200626,1,0,1,0
PH202187,0,0,0,0
PH201992,0,0,0,0
PH201129,1,0,1,0
PH202872,0,0,0,0
PH202885,0,0,0,0
PH202829,0,0,0,0
PH202547,1,0,1,0
PH201807,0,0,0,0
PH201961,0,0,0,0
PH200223,1,0,1,0
PH200092,2,1,1,0
PH201525,0,0,0,0
PH200935,1,0,1,0
PH200510,0,0,0,0
PH201642,0,0,0,0
PH202554,0,0,0,0
PH202972,0,0,0,0
PH200221,0,0,0,0
PH201808,1,0,1,0
PH201759,0,0,0,0
PH202412,0,0,0,0
PH200113,0,0,0,0
PH202565,0,0,0,0
PH200847,1,0,1,0
PH202317,1,0,1,0
PH200553,0,0,0,0
PH200404,1,0,1,0
PH201375,0,0,0,0
PH201356,0,0,0,0
PH201932,1,0,1,0
PH200720,1,0,1,0
PH200449,0,0,0,0
PH202714,1,0,1,0
PH200623,0,0,0,0
PH202136,0,0,0,0
PH202546,0,0,0,0
PH201012,1,0,1,0
PH202080,1,0,1,0
PH200489,1,0,1,0
PH201508,1,0,1,0
PH200250,0,0,0,0
PH202934,1,0,1,0
PH202678,0,0,0,0
PH202108,0,0,0,0
PH201486,1,0,1,0
PH200828,1,0,1,0
PH201737,0,0,0,0
PH201587,0,0,0,0
PH202088,1,0,1,0
PH202166,0,0,0,0
PH200165,0,0,0,0
PH202065,0,0,0,0
PH200881,0,0,0,0
PH201634,1,0,1,0
PH200067,0,0,0,0
PH202564,0,0,0,0
PH201121,0,0,0,0
PH201865,0,0,0,0
PH201361,1,0,1,0
PH202848,0,0,0,0
PH200662,0,0,0,0
PH201307,1,0,1,0
PH200477,0,0,0,0
PH200204,0,0,0,0
PH202550,1,0,1,0
PH201677,1,0,1,0
PH200121,1,0,1,0
PH201379,1,0,1,0
PH201901,0,0,0,0
PH200457,0,0,0,0
PH200024,0,0,0,0
PH201296,0,0,0,0
PH202635,0,0,0,0
PH200416,1,0,1,0
PH200006,1,0,1,0
PH200868,0,0,0,0
PH201305,1,0,1,0
PH201086,0,0,0,0
PH201038,0,0,0,0
PH200180,0,0,0,0
PH200020,1,0,1,0
PH201213,0,0,0,0
PH200356,1,0,1,0
PH200452,1,0,1,0
PH201452,0,0,0,0
PH200738,0,0,0,0
PH202667,0,0,0,0
PH200254,0,0,0,0
PH202018,0,0,0,0
PH202382,0,0,0,0
PH200956,1,0,1,0
PH201170,1,0,1,0
PH202124,0,0,0,0
PH201199,0,0,0,0
PH201288,0,0,0,0
PH201531,1,0,1,0
PH202340,0,0,0,0
PH202285,0,0,0,0
PH201861,1,0,1,0
PH201372,0,0,0,0
PH202095,1,0,1,0
PH200075,1,0,1,0
PH202384,0,0,0,0
PH200523,0,0,0,0
PH202461,0,0,0,0
PH201624,1,0,1,0
PH201909,1,0,1,0
PH202437,1,0,1,0
PH200367,0,0,0,0
PH201522,1,0,1,0
PH202448,0,0,0,0
PH201956,1,0,1,0
PH202810,1,0,1,0
PH202764,1,0,1,0
PH202880,1,0,1,0
PH201997,0,0,0,0
PH200288,1,0,1,0
PH200683,1,0,1,0
PH200029,0,0,0,0
PH202096,0,0,0,0
PH201493,0,0,0,0
PH202171,1,0,1,0
PH202979,2,1,1,0
PH200569,1,0,1,0
PH200711,0,0,0,0
PH202082,1,0,1,0
PH201845,1,0,1,0
PH201534,0,0,0,0
PH200719,0,0,0,0
PH200395,1,0,1,0
PH200583,0,0,0,0
PH200124,0,0,0,0
PH200863,0,0,0,0
PH202536,0,0,0,0
PH202243,0,0,0,0
PH200361,0,0,0,0
PH202067,0,0,0,0
PH202888,1,0,1,0
PH201285,1,0,1,0
PH200175,0,0,0,0
PH202930,1,0,1,0
PH201150,0,0,0,0
PH201144,0,0,0,0
PH202190,1,0,1,0
PH202338,0,0,0,0
PH202587,0,0,0,0
PH200629,0,0,0,0
PH200182,0,0,0,0
PH201138,0,0,0,0
PH201096,0,0,0,0
PH202194,0,0,0,0
PH201688,0,0,0,0
PH200838,0,0,0,0
PH200199,0,0,0,0
PH200855,0,0,0,0
PH200283,0,0,0,0
PH202025,0,0,0,0
PH202692,1,0,1,0
PH202512,0,0,0,0
PH200804,1,0,1,0
PH202772,1,0,1,0
PH200259,0,0,0,0
PH201913,0,0,0,0
PH200261,0,0,0,0
PH202960,0,0,0,0
PH201374,0,0,0,0
PH202929,0,0,0,0
PH202631,1,0,1,0
PH200533,0,0,0,0
PH202953,1,0,1,0
PH202141,1,0,1,0
PH201320,0,0,0,0
PH201810,0,0,0,0
PH202004,2,1,1,0
PH200106,0,0,0,0
PH200318,0,0,0,0
PH202029,0,0,0,0
PH200120,0,0,0,0
PH202790,1,0,1,0
PH201460,1,0,1,0
PH202296,1,0,1,0
PH202813,0,0,0,0
PH200852,2,2,0,0
PH201854,1,0,1,0
PH201686,0,0,0,0
PH201532,0,0,0,0
PH202611,1,0,1,0
PH200878,1,0,1,0
PH200348,0,0,0,0
PH202906,2,2,0,0
PH202209,0,0,0,0
PH200104,0,0,0,0
PH201091,0,0,0,0
PH202722,0,0,0,0
PH200990,1,0,1,0
PH201034,1,0,1,0
PH200434,0,0,0,0
PH201338,0,0,0,0
PH200209,0,0,0,0
PH201939,0,0,0,0
PH202274,0,0,0,0
PH201824,0,0,0,0
PH202618,1,0,1,0
PH201632,0,0,0,0
PH202551,1,0,1,0
PH200170,1,0,1,0
PH202540,0,0,0,0
PH200235,4,2,2,0
PH202320,1,0,1,0
PH200071,0,0,0,0
PH200774,0,0,0,0
PH201346,0,0,0,0
PH201897,1,0,1,0
PH201669,0,0,0,0
PH200505,0,0,0,0
PH200435,0,0,0,0
PH202935,0,0,0,0
PH202363,1,0,1,0
PH202113,0,0,0,0
PH202738,0,0,0,0
PH201718,0,0,0,0
PH201758,1,0,1,0
PH202896,1,0,1,0
PH201412,1,0,1,0
PH200493,0,0,0,0
PH201544,0,0,0,0
PH200654,0,0,0,0
PH200642,0,0,0,0
PH200371,1,0,1,0
PH201870,0,0,0,0
PH202763,0,0,0,0
PH200444,0,0,0,0
PH202942,0,0,0,0
PH202332,1,0,1,0
PH202962,0,0,0,0
PH201653,0,0,0,0
PH200108,1,0,1,0
PH200304,1,0,1,0
PH200169,1,0,1,0
PH202708,1,0,1,0
PH200467,1,0,1,0
PH201189,0,0,0,0
PH201965,0,0,0,0
PH202735,0,0,0,0
PH202706,0,0,0,0
PH200860,0,0,0,0
PH202140,1,0,1,0
PH201957,0,0,0,0
PH200220,1,0,1,0
PH200051,0,0,0,0
PH200512,0,0,0,0
PH200835,0,0,0,0
PH200107,1,0,1,0
PH202490,1,0,1,0
PH200128,0,0,0,0
PH201722,1,0,1,0
PH201733,0,0,0,0
PH201421,1,0,1,0
PH202538,0,0,0,0
PH200018,0,0,0,0
PH200155,0,0,0,0
PH201694,1,0,1,0
PH202694,0,0,0,0
PH200698,0,0,0,0
PH201027,0,0,0,0
PH202024,1,0,1,0
PH200723,0,0,0,0
PH201839,0,0,0,0
PH201299,0,0,0,0
PH200503,0,0,0,0
PH202299,0,0,0,0
PH202904,0,0,0,0
PH200969,0,0,0,0
PH202347,1,0,1,0
PH202198,1,0,1,0
PH200981,1,0,1,0
PH200498,0,0,0,0
PH202416,0,0,0,0
PH202511,0,0,0,0
PH200617,0,0,0,0
PH200904,0,0,0,0
PH201864,0,0,0,0
PH202327,1,0,1,0
PH202058,0,0,0,0
PH200292,0,0,0,0
PH201357,0,0,0,0
PH200396,0,0,0,0
PH202838,0,0,0,0
PH200589,1,0,1,0
PH201603,0,0,0,0
PH200697,1,0,1,0
PH201794,0,0,0,0
PH202933,0,0,0,0
PH200872,0,0,0,0
PH200857,1,0,1,0
PH200700,0,0,0,0
PH202725,0,0,0,0
PH200219,0,0,0,0
PH202999,0,0,0,0
PH202624,1,0,1,0
PH200098,1,0,1,0
PH200240,0,0,0,0
PH201835,0,0,0,0
PH202925,1,0,1,0
PH200191,0,0,0,0
PH202750,0,0,0,0
PH200745,1,0,1,0
PH202954,0,0,0,0
PH202429,0,0,0,0
PH202883,1,0,1,0
PH200644,1,0,1,0
PH200167,0,0,0,0
PH202648,0,0,0,0
PH201560,0,0,0,0
PH201082,0,0,0,0
PH200544,1,0,1,0
PH201366,0,0,0,0
PH202146,0,0,0,0
PH202104,0,0,0,0
PH201521,1,0,1,0
PH202968,0,0,0,0
PH202753,0,0,0,0
PH200214,1,0,1,0
PH202052,0,0,0,0
PH200680,0,0,0,0
PH200228,0,0,0,0
PH201520,1,0,1,0
PH200645,0,0,0,0
PH201589,0,0,0,0
PH202975,0,0,0,0
PH201282,0,0,0,0
PH201311,1,0,1,0
PH201260,0,0,0,0
PH200517,1,0,1,0
PH202830,0,0,0,0
PH202214,0,0,0,0
PH200331,0,0,0,0
PH201405,1,0,1,0
PH202372,0,0,0,0
PH201924,0,0,0,0
PH202822,1,0,1,0
PH201858,1,0,1,0
PH200246,0,0,0,0
PH202279,0,0,0,0
PH201017,1,0,1,0
PH200939,1,0,1,0
PH202590,0,0,0,0
PH202963,0,0,0,0
PH202903,0,0,0,0
PH202184,0,0,0,0
PH201999,0,0,0,0
PH202041,0,0,0,0
PH202177,0,0,0,0
PH200472,0,0,0,0
PH201886,0,0,0,0
PH201885,0,0,0,0
PH200934,0,0,0,0
PH201257,1,0,1,0
PH201630,0,0,0,0
PH200466,1,0,1,0
PH201103,0,0,0,0
PH200562,0,0,0,0
PH200789,0,0,0,0
PH202777,1,0,1,0
PH200773,0,0,0,0
PH202283,1,0,1,0
PH201239,0,0,0,0
PH200451,1,0,1,0
PH202709,1,0,1,0
PH200380,0,0,0,0
PH202878,0,0,0,0
PH200794,0,0,0,0
PH201446,1,0,1,0
PH201217,1,0,1,0
PH200420,1,0,1,0
PH201347,0,0,0,0
PH201871,1,0,1,0
PH200475,1,0,1,0
PH201715,1,0,1,0
PH201093,0,0,0,0
PH200245,0,0,0,0
PH200269,0,0,0,0
PH200138,1,0,1,0
PH200328,0,0,0,0
PH200735,0,0,0,0
PH200490,1,0,1,0
PH200587,1,0,1,0
PH201179,0,0,0,0
PH200412,0,0,0,0
PH201210,0,0,0,0
PH201107,0,0,0,0
PH201750,0,0,0,0
PH201735,1,0,1,0
PH202189,0,0,0,0
PH201036,1,0,1,0
PH200112,0,0,0,0
PH202486,1,0,1,0
PH202921,0,0,0,0
PH201898,0,0,0,0
PH200844,1,0,1,0
PH201146,0,0,0,0
PH200300,1,0,1,0
PH200545,0,0,0,0
PH200077,1,0,1,0
PH201279,1,0,1,0
PH202182,0,0,0,0
PH201055,0,0,0,0
PH201224,1,0,1,0
PH202711,1,0,1,0
PH201851,1,0,1,0
PH202516,1,0,1,0
PH200126,0,0,0,0
PH200081,1,0,1,0
PH201923,0,0,0,0
PH200776,0,0,0,0
PH202819,0,0,0,0
PH200271,0,0,0,0
PH202036,1,0,1,0
PH202997,0,0,0,0
PH202730,0,0,0,0
PH202691,0,0,0,0
PH201753,1,0,1,0
PH201671,0,0,0,0
PH201204,0,0,0,0
PH201149,0,0,0,0
PH201192,1,0,1,0
PH202676,0,0,0,0
PH200369,0,0,0,0
PH200011,0,0,0,0
PH202237,0,0,0,0
PH201535,1,1,0,0
PH200638,1,0,1,0
PH201297,0,0,0,0
PH202271,0,0,0,0
PH200667,1,0,1,0
PH202759,1,0,1,0
PH201938,0,0,0,0
PH202795,0,0,0,0
PH201388,1,0,1,0
PH200002,0,0,0,0
PH200822,0,0,0,0
PH202574,0,0,0,0
PH201112,0,0,0,0
PH201734,0,0,0,0
PH202663,0,0,0,0
PH200100,0,0,0,0
PH202507,2,2,0,0
PH202176,1,0,1,0
PH201014,0,0,0,0
PH202276,0,0,0,0
PH200263,0,0,0,0
PH201201,0,0,0,0
PH201529,0,0,0,0
PH202681,1,0,1,0
PH201270,0,0,0,0
PH202628,0,0,0,0
PH202644,1,0,1,0
PH202068,1,0,1,0
PH202364,1,0,1,0
PH202734,2,2,0,0
PH202808,0,0,0,0
PH202849,1,0,1,0
PH200347,0,0,0,0
PH200602,0,0,0,0
PH201927,0,0,0,0
PH202866,0,0,0,0
PH202998,1,0,1,0
PH201606,1,0,1,0
PH200046,0,0,0,0
PH200343,0,0,0,0
PH200102,0,0,0,0
PH202946,1,0,1,0
PH201947,1,0,1,0
PH200945,0,0,0,0
PH200657,0,0,0,0
PH200908,0,0,0,0
PH200060,0,0,0,0
PH200937,1,0,1,0
PH201646,0,0,0,0
PH201668,1,0,1,0
PH201844,0,0,0,0
PH201005,1,0,1,0
PH202664,1,0,1,0
PH202835,0,0,0,0
PH201719,0,0,0,0
PH200251,1,0,1,0
PH202869,0,0,0,0
PH202874,1,0,1,0
PH200152,0,0,0,0
PH201736,1,0,1,0
PH201445,1,0,1,0
PH200696,0,0,0,0
PH200619,1,0,1,0
PH201877,0,0,0,0
PH202454,1,0,1,0
PH200500,0,0,0,0
PH202649,0,0,0,0
PH202000,0,0,0,0
PH200995,1,0,1,0
PH200256,1,0,1,0
PH200111,0,0,0,0
PH200425,1,0,1,0
PH200294,1,0,1,0
PH201266,0,0,0,0
PH201569,1,0,1,0
PH200270,1,0,1,0
PH201795,1,0,1,0
PH201678,0,0,0,0
PH202434,1,0,1,0
PH201868,2,2,0,0
PH200073,0,0,0,0
PH202650,0,0,0,0
PH202779,0,0,0,0
PH200757,1,0,1,0
PH200296,0,0,0,0
PH202556,0,0,0,0
PH201565,0,0,0,0
PH201599,1,0,1,0
PH202941,2,1,1,0
PH202436,1,0,1,0
PH200330,0,0,0,0
PH200558,0,0,0,0
PH202132,1,0,1,0
PH200087,0,0,0,0
PH200890,0,0,0,0
PH201078,0,0,0,0
PH202161,0,0,0,0
PH200942,1,0,1,0
PH200127,0,0,0,0
PH201948,0,0,0,0
PH200988,0,0,0,0
PH200134,0,0,0,0
PH201207,1,0,1,0
PH201661,1,0,1,0
PH200148,0,0,0,0
PH200677,0,0,0,0
PH200454,0,0,0,0
PH202899,3,2,1,0
PH201983,0,0,0,0
PH202503,0,0,0,0
PH200800,1,0,1,0
PH201273,0,0,0,0
PH201390,0,0,0,0
PH200424,1,0,1,0
PH202319,1,0,1,0
PH202115,0,0,0,0
PH200142,0,0,0,0
PH202147,1,0,1,0
PH200905,0,0,0,0
PH200746,3,2,1,0
PH202295,0,0,0,0
PH201478,0,0,0,0
PH202201,0,0,0,0
PH200277,0,0,0,0
PH201236,0,0,0,0
PH202122,0,0,0,0
PH201061,1,0,1,0
PH201295,1,0,1,0
PH201721,1,0,1,0
PH200603,0,0,0,0
PH200871,0,0,0,0
PH200507,0,0,0,0
PH200001,1,0,1,0
PH201259,1,0,1,0
PH201325,0,0,0,0
PH200129,1,0,1,0
PH200971,1,0,1,0
PH201915,0,0,0,0
PH202008,1,0,1,0
PH200557,0,0,0,0
PH200103,0,0,0,0
PH201462,0,0,0,0
PH200000,0,0,0,0
PH202910,0,0,0,0
PH201339,1,0,1,0
PH200898,1,0,1,0
PH202142,0,0,0,0
PH201298,0,0,0,0
PH200346,1,0,1,0
PH202022,1,0,1,0
PH202991,0,0,0,0
PH200197,0,0,0,0
PH202704,0,0,0,0
PH201190,0,0,0,0
PH202701,0,0,0,0
PH202768,0,0,0,0
PH200784,0,0,0,0
PH200298,0,0,0,0
PH200255,1,0,1,0
PH200025,0,0,0,0
PH202482,0,0,0,0
PH200802,0,0,0,0
PH202500,1,0,1,0
PH201684,3,2,1,0
PH201935,0,0,0,0
PH201834,0,0,0,0
PH201900,1,0,1,0
PH201559,0,0,0,0
PH200382,1,0,1,0
PH202739,0,0,0,0
PH200042,0,0,0,0
PH200840,0,0,0,0
PH201230,2,2,0,0
PH201472,0,0,0,0
PH200559,1,0,1,0
PH201937,1,0,1,0
PH201367,1,0,1,0
PH201598,0,0,0,0
PH201490,1,0,1,0
PH202387,0,0,0,0
PH200481,0,0,0,0
PH200285,1,0,1,0
PH202771,0,0,0,0
PH200431,1,0,1,0
PH200556,0,0,0,0
PH202175,0,0,0,0
PH201783,0,0,0,0
PH201430,0,0,0,0
PH202909,0,0,0,0
PH202383,0,0,0,0
PH201976,0,0,0,0
PH200065,0,0,0,0
PH202467,0,0,0,0
PH202608,1,0,1,0
PH202913,0,0,0,0
PH201479,1,0,1,0
PH202303,0,0,0,0
PH200407,0,0,0,0
PH200914,1,0,1,0
PH202234,1,0,1,0
PH201209,1,0,1,0
PH200549,0,0,0,0
PH201524,0,0,0,0
PH202395,2,1,1,0
PH200946,0,0,0,0
PH202744,1,0,1,0
PH201608,1,0,1,0
PH202302,0,0,0,0
PH200576,1,0,1,0
PH202208,1,0,1,0
PH201440,1,0,1,0
PH202257,0,0,0,0
PH202083,1,0,1,0
PH200101,1,0,1,0
PH200015,1,0,1,0
PH201709,2,1,1,0
PH200783,0,0,0,0
PH200765,0,0,0,0
PH201770,0,0,0,0
PH202994,0,0,0,0
PH202269,3,1,2,0
PH200824,0,0,0,0
PH201454,0,0,0,0
PH201208,0,0,0,0
PH200880,0,0,0,0
PH200203,0,0,0,0
PH201432,1,0,1,0
PH202310,0,0,0,0
PH200747,0,0,0,0
PH200762,0,0,0,0
PH202757,0,0,0,0
PH202455,0,0,0,0
PH201360,0,0,0,0
PH200359,1,0,1,0
PH202011,1,0,1,0
PH201767,1,0,1,0
PH201776,1,0,1,0
PH201625,1,0,1,0
PH200627,0,0,0,0
PH202685,0,0,0,0
PH202066,0,0,0,0
PH200925,1,0,1,0
PH200590,0,0,0,0
PH200708,1,0,1,0
PH202268,0,0,0,0
PH201579,1,0,1,0
PH202111,0,0,0,0
PH202973,1,0,1,0
PH200973,0,0,0,0
PH201344,0,0,0,0
PH201025,1,0,1,0
PH202996,0,0,0,0
PH202385,1,0,1,0
PH202250,1,0,1,0
PH200826,1,0,1,0
PH202388,0,0,0,0
PH202530,0,0,0,0
PH202604,0,0,0,0
PH200782,0,0,0,0
PH201979,1,0,1,0
PH202216,0,0,0,0
PH201277,1,0,1,0
PH202510,1,0,1,0
PH201497,0,0,0,0
PH200772,0,0,0,0
PH201089,0,0,0,0
PH200732,0,0,0,0
PH202078,0,0,0,0
PH201814,1,0,1,0
PH202376,0,0,0,0
PH202240,1,0,1,0
PH200613,0,0,0,0
PH201841,2,1,1,0
PH202661,0,0,0,0
PH202226,0,0,0,0
PH200430,1,0,1,0
PH201363,1,0,1,0
PH200257,1,0,1,0
PH200536,1,0,1,0
PH200016,0,0,0,0
PH202441,1,0,1,0
PH200779,1,0,1,0
PH201165,1,0,1,0
PH201158,1,0,1,0
PH201987,0,0,0,0
PH200237,0,0,0,0
PH200849,1,0,1,0
PH200669,1,0,1,0
PH201184,0,0,0,0
PH201558,1,0,1,0
PH202311,0,0,0,0
PH200780,1,0,1,0
PH202469,0,0,0,0
PH202379,1,0,1,0
PH200816,0,0,0,0
PH200796,0,0,0,0
PH201351,0,0,0,0
PH201362,1,0,1,0
PH200310,2,1,1,0
PH202390,1,0,1,0
PH202421,0,0,0,0
PH201065,0,0,0,0
PH200537,1,0,1,0
PH200534,0,0,0,0
PH200984,0,0,0,0
PH201148,0,0,0,0
PH202527,1,0,1,0
PH201964,1,0,1,0
PH202670,0,0,0,0
PH201727,0,0,0,0
PH201046,0,0,0,0
PH202533,0,0,0,0
PH200058,1,0,1,0
PH200499,1,0,1,0
PH201772,0,0,0,0
PH200186,1,0,1,0
PH200577,0,0,0,0
PH201175,0,0,0,0
PH200183,0,0,0,0
PH201272,1,0,1,0
PH200799,1,0,1,0
PH201306,0,0,0,0
PH201664,0,0,0,0
PH202044,0,0,0,0
PH200031,0,0,0,0
PH201159,1,0,1,0
PH202559,0,0,0,0
PH202120,1,0,1,0
PH202799,1,0,1,0
PH200091,0,0,0,0
PH201402,0,0,0,0
PH201895,1,0,1,0
PH202220,0,0,0,0
PH201324,0,0,0,0
PH201301,0,0,0,0
PH202222,1,0,1,0
PH200202,1,0,1,0
PH202099,0,0,0,0
PH202378,3,1,2,0
PH200297,1,0,1,0
PH200069,3,1,2,0
PH200604,1,0,1,0
PH202212,1,0,1,0
PH201171,0,0,0,0
PH201169,1,0,1,0
PH202367,0,0,0,0
PH200322,1,0,1,0
PH200528,0,0,0,0
PH200483,0,0,0,0
PH201250,0,0,0,0
PH201506,1,0,1,0
PH200525,1,0,1,0
PH202541,0,0,0,0
PH202371,0,0,0,0
PH200616,1,0,1,0
PH200097,1,0,1,0
PH200335,1,0,1,0
PH200462,0,0,0,0
PH200829,0,0,0,0
PH200241,1,0,1,0
PH200333,2,2,0,0
PH200691,1,0,1,0
PH202366,1,0,1,0
PH200504,0,0,0,0
PH201596,1,0,1,0
PH200366,0,0,0,0
PH201183,1,0,1,0
PH200777,1,0,1,0
PH201650,1,0,1,0
PH201539,0,0,0,0
PH201003,0,0,0,0
PH201617,0,0,0,0
PH201906,1,0,1,0
PH200883,1,0,1,0
PH202818,0,0,0,0
PH202228,0,0,0,0
PH202705,0,0,0,0
PH202713,0,0,0,0
PH202483,0,0,0,0
PH200706,1,0,1,0
PH201333,0,0,0,0
PH201484,0,0,0,0
PH200867,1,0,1,0
PH201024,0,0,0,0
PH201648,1,0,1,0
PH200742,0,0,0,0
PH201741,1,0,1,0
PH200888,1,0,1,0
PH202415,0,0,0,0
PH202858,1,0,1,0
PH200929,0,0,0,0
PH201474,1,0,1,0
PH202766,0,0,0,0
PH200179,0,0,0,0
PH202163,0,0,0,0
PH202291,0,0,0,0
PH202974,0,0,0,0
PH202852,1,0,1,0
PH201787,0,0,0,0
PH201744,1,0,1,0
PH200767,1,0,1,0
PH200187,0,0,0,0
PH200993,0,0,0,0
PH200684,0,0,0,0
PH201920,0,0,0,0
PH201786,0,0,0,0
PH201245,0,0,0,0
PH200721,0,0,0,0
PH202641,0,0,0,0
PH202245,1,0,1,0
PH201401,0,0,0,0
PH200004,1,0,1,0
PH202698,1,0,1,0
PH200681,0,0,0,0
PH202137,1,0,1,0
PH202938,1,0,1,0
PH202456,0,0,0,0
PH201045,1,0,1,0
PH201846,1,0,1,0
PH202563,0,0,0,0
PH201041,0,0,0,0
PH201682,1,0,1,0
PH201064,1,0,1,0
PH202793,0,0,0,0
PH200198,1,0,1,0
PH201951,1,0,1,0
PH202651,0,0,0,0
PH200211,1,0,1,0
PH202846,1,0,1,0
PH200414,1,0,1,0
PH202871,0,0,0,0
PH201985,0,0,0,0
PH200555,1,0,1,0
PH200239,0,0,0,0
PH200141,0,0,0,0
PH200713,0,0,0,0
PH202403,0,0,0,0
PH201926,1,0,1,0
PH202776,0,0,0,0
PH201128,0,0,0,0
PH200147,0,0,0,0
PH200524,2,1,1,0
PH200236,0,0,0,0
PH200833,0,0,0,0
PH200200,0,0,0,0
PH202593,0,0,0,0
PH200484,1,0,1,0
PH202138,1,0,1,0
PH202873,1,0,1,0
PH201433,0,0,0,0
PH200184,1,0,1,0
PH201214,0,0,0,0
PH201702,1,0,1,0
PH201380,0,0,0,0
PH201415,1,0,1,0
PH202609,0,0,0,0
PH200172,0,0,0,0
PH202922,0,0,0,0
PH200958,1,0,1,0
PH200243,0,0,0,0
PH202015,1,0,1,0
PH200215,3,2,1,0
PH202502,0,0,0,0
PH201336,0,0,0,0
PH200539,1,0,1,0
PH201981,1,0,1,0
PH200957,0,0,0,0
PH202623,1,0,1,0
PH200548,1,0,1,0
PH201933,1,0,1,0
PH202749,1,0,1,0
PH202043,3,2,1,0
PH201216,1,0,1,0
PH201803,1,0,1,0
PH202410,3,2,1,0
PH200803,1,0,1,0
PH200843,0,0,0,0
PH200763,1,0,1,0
PH200632,0,0,0,0
PH200381,0,0,0,0
PH202053,1,0,1,0
PH200461,0,0,0,0
PH201862,0,0,0,0
PH200862,1,0,1,0
PH201232,0,0,0,0
PH200068,0,0,0,0
PH201030,0,0,0,0
PH202167,1,0,1,0
PH200486,0,0,0,0
PH201762,1,0,1,0
PH202517,0,0,0,0
PH201916,0,0,0,0
PH202572,1,0,1,0
PH200930,0,0,0,0
PH201545,0,0,0,0
PH202693,1,0,1,0
PH201689,0,0,0,0
PH201647,0,0,0,0
PH201359,0,0,0,0
PH202601,0,0,0,0
PH200670,0,0,0,0
PH200145,0,0,0,0
PH202860,1,0,1,0
PH202520,2,1,1,0
PH201774,0,0,0,0
PH200045,1,0,1,0
PH202731,3,2,1,0
PH201467,0,0,0,0
PH200989,0,0,0,0
PH202134,0,0,0,0
PH202464,0,0,0,0
PH200859,0,0,0,0
PH201903,1,0,1,0
PH201928,0,0,0,0
PH202488,0,0,0,0
PH200560,1,0,1,0
PH202788,0,0,0,0
PH200242,1,0,1,0
PH201378,0,0,0,0
PH200287,0,0,0,0
PH201970,0,0,0,0
PH202673,1,0,1,0
PH202213,0,0,0,0
PH201283,0,0,0,0
PH201543,0,0,0,0
PH201511,0,0,0,0
PH202075,0,0,0,0
PH200459,0,0,0,0
PH200997,0,0,0,0
PH201084,0,0,0,0
PH200650,0,0,0,0
PH201300,0,0,0,0
PH202823,0,0,0,0
PH200464,1,0,1,0
PH200797,0,0,0,0
PH201793,0,0,0,0
PH200502,0,0,0,0
PH202149,1,0,1,0
PH200394,0,0,0,0
PH202633,0,0,0,0
PH201827,0,0,0,0
PH200653,0,0,0,0
PH202057,1,0,1,0
PH201945,1,0,1,0
PH200323,0,0,0,0
PH202791,1,0,1,0
PH202864,0,0,0,0
PH202870,0,0,0,0
PH201600,0,0,0,0
PH202333,0,0,0,0
PH201218,3,2,1,0
PH200836,1,0,1,0
PH200707,0,0,0,0
PH202920,1,0,1,0
PH202881,0,0,0,0
PH201174,0,0,0,0
PH202508,0,0,0,0
PH202389,0,0,0,0
PH201323,0,0,0,0
PH202373,0,0,0,0
PH201969,2,1,1,0
PH202494,0,0,0,0
PH201619,0,0,0,0
PH202267,1,0,1,0
PH201276,0,0,0,0
PH202545,0,0,0,0
PH201907,0,0,0,0
PH201151,0,0,0,0
PH202118,0,0,0,0
PH202129,0,0,0,0
PH200825,1,0,1,0
PH201004,1,0,1,0
PH202304,0,0,0,0
PH200320,0,0,0,0
PH201102,0,0,0,0
PH200599,0,0,0,0
PH201265,0,0,0,0
PH201316,0,0,0,0
PH202916,1,0,1,0
PH201130,1,0,1,0
PH201962,0,0,0,0
PH201122,0,0,0,0
PH201523,0,0,0,0
PH202584,0,0,0,0
PH201124,0,0,0,0
PH200342,1,0,1,0
PH202961,1,0,1,0
PH202637,2,2,0,0
PH201541,1,0,1,0
PH202074,0,0,0,0
PH201763,0,0,0,0
PH202890,2,2,0,0
PH202381,1,0,1,0
PH202397,0,0,0,0
PH202566,0,0,0,0
PH200547,1,0,1,0
PH202101,0,0,0,0
PH202106,1,0,1,0
PH202481,0,0,0,0
PH201404,0,0,0,0
PH202001,3,2,1,0
PH201654,1,0,1,0
PH201563,1,0,1,0
PH202726,0,0,0,0
PH200193,0,0,0,0
PH200205,0,0,0,0
PH200787,1,0,1,0
PH200695,0,0,0,0
PH200173,2,1,1,0
PH201934,1,0,1,0
PH200118,0,0,0,0
PH202958,0,0,0,0
PH201849,0,0,0,0
PH200309,1,0,1,0
PH200716,0,0,0,0
PH201152,0,0,0,0
PH202474,1,0,1,0
PH200053,0,0,0,0
PH200063,0,0,0,0
PH202811,0,0,0,0
PH200532,0,0,0,0
PH202943,0,0,0,0
PH201110,0,0,0,0
PH200751,1,0,1,0
PH202259,0,0,0,0
PH200743,0,0,0,0
PH200329,1,0,1,0
PH200786,0,0,0,0
PH202359,3,2,1,0
PH200938,1,0,1,0
PH200021,0,0,0,0
PH201805,1,0,1,0
PH202884,0,0,0,0
PH200769,0,0,0,0
PH200379,0,0,0,0
PH202668,0,0,0,0
PH200064,1,0,1,0
PH201400,1,0,1,0
PH201328,1,0,1,0
PH201001,0,0,0,0
PH202787,1,0,1,0
PH200663,0,0,0,0
PH202017,0,0,0,0
PH200701,0,0,0,0
PH201280,0,0,0,0
PH202928,0,0,0,0
PH200734,1,0,1,0
PH200105,0,0,0,0
PH200386,2,1,1,0
PH202741,0,0,0,0
PH201720,1,0,1,0
PH200966,1,0,1,0
PH200050,0,0,0,0
PH200814,1,0,1,0
PH201547,0,0,0,0
PH201890,0,0,0,0
PH200222,0,0,0,0
PH202638,0,0,0,0
PH202655,0,0,0,0
PH201157,1,0,1,0
PH202850,0,0,0,0
PH200336,0,0,0,0
PH200156,1,0,1,0
PH202561,1,0,1,0
PH201135,3,2,1,0
PH201398,0,0,0,0
PH202255,0,0,0,0
PH202107,1,0,1,0
PH200376,0,0,0,0
PH201197,0,0,0,0
PH200920,0,0,0,0
PH201659,0,0,0,0
PH201605,1,0,1,0
PH202560,1,0,1,0
PH200089,0,0,0,0
PH201548,0,0,0,0
PH202993,0,0,0,0
PH201488,0,0,0,0
PH200955,1,0,1,0
PH202408,0,0,0,0
PH200470,1,0,1,0
PH201959,0,0,0,0
PH200975,0,0,0,0
PH202280,0,0,0,0
PH202284,0,0,0,0
PH200712,1,0,1,0
PH202912,0,0,0,0
PH202173,1,0,1,0
PH200717,0,0,0,0
PH200260,1,0,1,0
PH201267,1,0,1,0
PH201946,0,0,0,0
PH201615,1,0,1,0
PH202571,0,0,0,0
PH200513,1,0,1,0
PH202891,1,0,1,0
PH201349,1,0,1,0
PH202950,0,0,0,0
PH201843,1,0,1,0
PH200327,1,0,1,0
PH200962,1,0,1,0
PH202407,0,0,0,0
PH201879,0,0,0,0
PH202435,1,0,1,0
PH200151,0,0,0,0
PH201229,1,0,1,0
PH200217,0,0,0,0
PH201590,1,0,1,0
PH200506,1,0,1,0
PH202452,1,0,1,0
PH200422,3,1,2,0
PH202438,0,0,0,0
PH201505,1,0,1,0
PH202045,0,0,0,0
PH200399,0,0,0,0
PH202202,0,0,0,0
PH201527,1,0,1,0
PH201228,1,0,1,0
PH201312,2,2,0,0
PH200795,1,0,1,0
PH200443,0,0,0,0
PH201455,0,0,0,0
PH200341,0,0,0,0
PH202355,0,0,0,0
PH202594,1,0,1,0
PH202046,1,0,1,0
PH202834,2,2,0,0
PH201342,1,0,1,0
PH200267,3,1,2,0
PH202375,0,0,0,0
PH202170,1,0,1,0
PH202841,1,0,1,0
PH202094,0,0,0,0
PH202318,0,0,0,0
PH200980,1,0,1,0
PH201382,0,0,0,0
PH202812,1,0,1,0
PH200319,0,0,0,0
PH201714,0,0,0,0
PH200931,0,0,0,0
PH201092,0,0,0,0
PH201223,0,0,0,0
PH200509,1,0,1,0
PH200709,0,0,0,0
PH201716,0,0,0,0
PH201910,1,0,1,0
PH202185,0,0,0,0
PH202666,0,0,0,0
PH200039,1,0,1,0
PH200928,0,0,0,0
PH200823,0,0,0,0
PH202971,0,0,0,0
PH200813,0,0,0,0
PH202576,0,0,0,0
PH200972,0,0,0,0
PH200494,1,0,1,0
PH202804,0,0,0,0
PH202423,1,0,1,0
PH202090,0,0,0,0
PH201802,0,0,0,0
PH200218,0,0,0,0
PH202956,1,0,1,0
PH201658,0,0,0,0
PH200953,1,0,1,0
PH200390,0,0,0,0
PH200954,0,0,0,0
PH200022,1,0,1,0
PH202982,1,0,1,0
PH201303,1,0,1,0
PH201679,1,0,1,0
PH200902,0,0,0,0
PH200597,0,0,0,0
PH202966,0,0,0,0
PH200675,0,0,0,0
PH200673,1,0,1,0
PH201132,0,0,0,0
PH201032,1,0,1,0
PH200139,0,0,0,0
PH200567,0,0,0,0
PH202459,1,0,1,0
PH202394,0,0,0,0
PH202114,0,0,0,0
PH202781,1,0,1,0
PH201612,0,0,0,0
PH202035,0,0,0,0
PH200303,1,0,1,0
PH202071,1,0,1,0
PH202845,0,0,0,0
PH202325,1,0,1,0
PH202782,1,0,1,0
PH202345,0,0,0,0
PH200340,0,0,0,0
PH200491,1,0,1,0
PH202616,1,0,1,0
PH202233,0,0,0,0
PH200423,1,0,1,0
PH201711,0,0,0,0
PH202169,0,0,0,0
PH201137,1,0,1,0
PH200967,0,0,0,0
PH201393,1,0,1,0
PH201618,1,0,1,0
PH201172,0,0,0,0
PH201628,1,0,1,0
PH201553,0,0,0,0
PH202927,1,0,1,0
PH201077,0,0,0,0
PH202557,0,0,0,0
PH202816,0,0,0,0
PH201837,0,0,0,0
PH200882,0,0,0,0
PH202522,1,0,1,0
PH201919,1,0,1,0
PH201456,1,0,1,0
PH202495,1,0,1,0
PH201019,4,2,2,0
PH202840,0,0,0,0
PH201275,1,0,1,0
PH201670,1,0,1,0
PH202264,0,0,0,0
PH201394,0,0,0,0
PH201056,0,0,0,0
PH200456,0,0,0,0
PH202867,0,0,0,0
PH201140,0,0,0,0
PH200057,0,0,0,0
PH200649,1,0,1,0
PH202369,1,0,1,0
PH202656,1,0,1,0
PH200354,0,0,0,0
PH201457,3,1,2,0
PH202343,1,0,1,0
PH200447,0,0,0,0
PH202905,2,2,0,0
PH202647,0,0,0,0
PH202300,0,0,0,0
PH201235,0,0,0,0
PH202085,1,0,1,0
PH202679,0,0,0,0
PH200344,1,0,1,0
PH200718,0,0,0,0
PH201555,1,0,1,0
PH200009,1,0,1,0
PH201509,1,0,1,0
PH202721,1,0,1,0
PH200137,1,0,1,0
PH202792,0,0,0,0
PH202002,1,0,1,0
PH201495,0,0,0,0
PH201954,0,0,0,0
PH200578,0,0,0,0
PH202645,1,0,1,0
PH202181,0,0,0,0
PH202770,0,0,0,0
PH202532,0,0,0,0
PH202127,2,1,1,0
PH200485,1,0,1,0
PH200460,0,0,0,0
PH202774,1,0,1,0
PH202778,0,0,0,0
PH202893,0,0,0,0
PH200950,1,0,1,0
PH201889,1,0,1,0
PH200876,0,0,0,0
PH200758,1,0,1,0
PH201211,1,0,1,0
PH200144,2,1,1,0
PH202646,1,0,1,0
PH200978,0,0,0,0
PH200875,0,0,0,0
PH202602,0,0,0,0
PH200740,0,0,0,0
PH201108,0,0,0,0
PH200136,0,0,0,0
PH202252,1,0,1,0
PH201779,1,0,1,0
PH202815,0,0,0,0
PH200620,0,0,0,0
PH200405,0,0,0,0
PH201519,1,0,1,0
PH202671,0,0,0,0
PH200725,0,0,0,0
PH201425,0,0,0,0
PH201562,0,0,0,0
PH202321,0,0,0,0
PH202323,1,0,1,0
PH202861,1,0,1,0
PH201101,1,0,1,0
PH202640,1,0,1,0
PH201811,1,0,1,0
PH202439,0,0,0,0
PH202931,0,0,0,0
PH202084,1,0,1,0
PH202827,0,0,0,0
PH201830,1,0,1,0
PH202504,4,2,2,0
PH201766,1,0,1,0
PH202130,0,0,0,0
PH201302,0,0,0,0
PH201278,0,0,0,0
PH202427,0,0,0,0
PH202112,1,0,1,0
PH202465,2,1,1,0
PH200761,1,0,1,0
PH200610,1,0,1,0
PH200402,0,0,0,0
PH202432,1,0,1,0
PH200115,0,0,0,0
PH201611,0,0,0,0
PH202352,0,0,0,0
PH201601,0,0,0,0
PH201676,1,0,1,0
PH202728,0,0,0,0
PH200600,1,0,1,0
PH201365,0,0,0,0
PH202275,0,0,0,0
PH201616,0,0,0,0
PH202374,3,2,1,0
PH202256,0,0,0,0
PH202409,0,0,0,0
PH200586,3,2,1,0
PH200007,1,0,1,0
PH200038,0,0,0,0
PH200468,0,0,0,0
PH202309,1,0,1,0
PH200181,1,0,1,0
PH200596,0,0,0,0
PH200146,1,0,1,0
PH201392,2,1,1,0
PH201384,1,0,1,0
PH200047,0,0,0,0
PH202785,0,0,0,0
PH202453,1,0,1,0
PH200970,0,0,0,0
PH202585,0,0,0,0
PH202207,1,0,1,0
PH201963,1,0,1,0
PH201469,1,0,1,0
PH201540,0,0,0,0
PH202498,0,0,0,0
PH201507,1,0,1,0
PH201707,1,0,1,0
PH200195,0,0,0,0
PH201080,0,0,0,0
PH200647,0,0,0,0
PH202151,1,0,1,0
PH202983,0,0,0,0
PH202154,0,0,0,0
PH202116,0,0,0,0
PH201200,1,0,1,0
PH202723,0,0,0,0
PH200666,1,0,1,0
PH201182,0,0,0,0
PH202357,0,0,0,0
PH201281,1,0,1,0
PH202051,0,0,0,0
PH201160,0,0,0,0
PH201652,0,0,0,0
PH200968,1,0,1,0
PH202786,0,0,0,0
PH200949,1,0,1,0
PH200903,1,0,1,0
PH202573,1,0,1,0
PH202027,0,0,0,0
PH200338,0,0,0,0
PH202238,1,0,1,0
PH200648,1,0,1,0
PH202836,0,0,0,0
PH201187,0,0,0,0
PH201953,1,0,1,0
PH200094,0,0,0,0
PH202513,0,0,0,0
PH200377,0,0,0,0
PH200305,0,0,0,0
PH201893,0,0,0,0
PH202636,0,0,0,0
PH201370,0,0,0,0
PH201594,0,0,0,0
PH202629,0,0,0,0
PH202199,1,0,1,0
PH201792,1,0,1,0
PH201125,0,0,0,0
PH202807,1,0,1,0
PH200793,0,0,0,0
PH200965,0,0,0,0
PH201515,1,0,1,0
PH202658,1,0,1,0
PH201856,1,0,1,0
PH201784,0,0,0,0
PH201153,1,0,1,0
PH201069,1,0,1,0
PH200741,0,0,0,0
PH202857,0,0,0,0
PH202351,1,0,1,0
PH201220,0,0,0,0
PH200690,0,0,0,0
PH202322,1,0,1,0
PH201424,1,0,1,0
PH200996,0,0,0,0
PH201925,0,0,0,0
PH201141,0,0,0,0
PH200023,1,0,1,0
PH200036,0,0,0,0
PH201448,1,0,1,0
PH202539,0,0,0,0
PH200208,0,0,0,0
PH201905,0,0,0,0
PH201168,0,0,0,0
PH201263,0,0,0,0
PH201971,1,0,1,0
PH201554,0,0,0,0
PH200678,1,0,1,0
PH201371,1,0,1,0
PH202775,0,0,0,0
PH202695,0,0,0,0
PH201458,0,0,0,0
PH202305,0,0,0,0
PH202193,0,0,0,0
PH202326,0,0,0,0
PH200643,0,0,0,0
PH200686,3,2,1,0
PH201395,0,0,0,0
PH201022,0,0,0,0
PH202123,0,0,0,0
PH200033,0,0,0,0
PH200521,0,0,0,0
PH201713,1,0,1,0
PH201902,1,0,1,0
PH200550,0,0,0,0
PH200455,0,0,0,0
PH200573,1,0,1,0
PH200026,1,0,1,0
PH201164,0,0,0,0
PH201173,0,0,0,0
PH200729,1,0,1,0
PH202420,0,0,0,0
PH200189,0,0,0,0
PH202919,1,0,1,0
PH202784,1,0,1,0
PH201464,0,0,0,0
PH201409,1,0,1,0
PH201848,2,2,0,0
PH201039,0,0,0,0
PH202131,1,0,1,0
PH201641,1,0,1,0
PH202042,0,0,0,0
PH201274,0,0,0,0
PH201244,1,0,1,0
PH201691,0,0,0,0
PH202828,1,0,1,0
PH202948,1,0,1,0
PH202688,0,0,0,0
PH200056,1,0,1,0
PH200391,0,0,0,0
PH201687,1,0,1,0
PH202328,0,0,0,0
PH201313,0,0,0,0
PH201099,1,0,1,0
PH201651,1,0,1,0
PH200133,0,0,0,0
PH201728,0,0,0,0
PH201655,1,0,1,0
PH201321,1,0,1,0
PH201420,1,0,1,0
PH202868,1,0,1,0
PH202627,0,0,0,0
PH201821,0,0,0,0
PH200594,0,0,0,0
PH201319,1,0,1,0
PH201542,1,0,1,0
PH201888,1,0,1,0
PH202967,0,0,0,0
PH202262,0,0,0,0
PH201043,1,0,1,0
PH201747,1,0,1,0
PH202617,0,0,0,0
PH202548,1,0,1,0
PH202659,0,0,0,0
PH202947,0,0,0,0
PH202012,0,0,0,0
PH201820,0,0,0,0
PH200482,1,0,1,0
PH202687,1,0,1,0
PH200520,0,0,0,0
PH202286,0,0,0,0
PH200581_DUP,0,0,0,0
PH200991_DUP,0,0,0,0
PH201121_DUP,0,0,0,0
PH200118_DUP,0,0,0,0
PH200973_DUP,0,0,0,0
PH200605_DUP,0,0,0,0
PH200588_DUP,0,0,0,0
PH200579_DUP,0,0,0,0
PH201023_DUP,1,0,1,0
PH202695_DUP,0,0,0,0
PH201519_DUP,1,0,1,0
PH202015_DUP,1,0,1,0
PH201160_DUP,0,0,0,0
PH202109_DUP,1,0,1,0
PH200956_DUP,1,0,1,0
PH200888_DUP,1,0,1,0
PH202884_DUP,0,0,0,0
PH202154_DUP,0,0,0,0
PH201033_DUP,0,0,0,0
PH201307_DUP,1,0,1,0
PH202489_DUP,0,0,0,0
PH200498_DUP,0,0,0,0
PH202797_DUP,0,0,0,0
PH200326_DUP,0,0,0,0
PH202693_DUP,1,0,1,0
PH202426_DUP,0,0,0,0
PH201744_DUP,1,0,1,0
PH201691_DUP,0,0,0,0
PH202949_DUP,1,0,1,0
PH201822_DUP,0,0,0,0
PH202017_DUP,0,0,0,0
PH201796_DUP,1,0,1,0
PH202003_DUP,1,0,1,0
PH200621_DUP,1,0,1,0
PH202558_DUP,1,0,1,0
PH202262_DUP,0,0,0,0
PH200836_DUP,1,0,1,0
PH202638_DUP,0,0,0,0
PH200059_DUP,0,0,0,0
PH202315_DUP,0,0,0,0
PH202367_DUP,0,0,0,0
PH201764_DUP,0,0,0,0
PH200147_DUP,0,0,0,0
PH200526_DUP,1,0,1,0
PH202090_DUP,0,0,0,0
PH200636_DUP,1,0,1,0
PA300351,0,0,0,0
PA300594,0,0,0,0
PA301322,0,0,0,0
PA300467,0,0,0,0
PA300046,0,0,0,0
PA300711,1,0,1,0
PA300899,0,0,0,0
PA300203,0,0,0,0
PA301369,0,0,0,0
PA301107,1,0,1,0
PA301364,0,0,0,0
PA301703,0,0,0,0
PA300847,0,0,0,0
PA301428,0,0,0,0
PA301215,0,0,0,0
PA301522,0,0,0,0
PA300926,0,0,0,0
PA301576,0,0,0,0
PA300815,0,0,0,0
PA300822,0,0,0,0
PA301902,0,0,0,0
PA301206,0,0,0,0
PA301638,0,0,0,0
PA301009,0,0,0,0
PA301293,0,0,0,0
PA301809,0,0,0,0
PA300896,1,0,1,0
PA300543,0,0,0,0
PA301825,0,0,0,0
PA301468,0,0,0,0
PA300757,0,0,0,0
PA300362,0,0,0,0
PA301497,0,0,0,0
PA301836,1,0,1,0
PA300705,1,0,1,0
PA300270,0,0,0,0
PA300456,0,0,0,0
PA300894,0,0,0,0
PA300451,0,0,0,0
PA301730,0,0,0,0
PA300526,0,0,0,0
PA301531,0,0,0,0
PA300778,0,0,0,0
PA300149,1,0,1,0
PA300208,0,0,0,0
PA301137,0,0,0,0
PA300073,0,0,0,0
PA300206,0,0,0,0
PA301388,0,0,0,0
PA301667,0,0,0,0
PA300683,0,0,0,0
PA301061,0,0,0,0
PA301746,1,0,1,0
PA300096,0,0,0,0
PA300555,0,0,0,0
PA301464,0,0,0,0
PA300032,1,0,1,0
PA301288,0,0,0,0
PA301903,1,0,1,0
PA301597,0,0,0,0
PA300240,0,0,0,0
PA300025,0,0,0,0
PA300128,0,0,0,0
PA300449,0,0,0,0
PA301511,0,0,0,0
PA301832,0,0,0,0
PA300118,1,0,1,0
PA300629,0,0,0,0
PA301813,0,0,0,0
PA300011,0,0,0,0
PA301963,0,0,0,0
PA301696,0,0,0,0
PA300867,0,0,0,0
PA300663,0,0,0,0
PA301012,0,0,0,0
PA300803,1,0,1,0
PA300500,0,0,0,0
PA300026,0,0,0,0
PA301764,0,0,0,0
PA301698,0,0,0,0
PA300780,0,0,0,0
PA300427,1,0,1,0
PA301760,0,0,0,0
PA301952,0,0,0,0
PA300010,1,0,1,0
PA301690,0,0,0,0
PA300879,1,0,1,0
PA300909,0,0,0,0
PA300523,0,0,0,0
PA301584,0,0,0,0
PA300603,0,0,0,0
PA301697,1,0,1,0
PA300876,0,0,0,0
PA300001,0,0,0,0
PA301476,1,0,1,0
PA301098,0,0,0,0
PA301447,1,0,1,0
PA300506,0,0,0,0
PA300509,0,0,0,0
PA300761,0,0,0,0
PA301946,1,0,1,0
PA301806,0,0,0,0
PA300766,0,0,0,0
PA301670,0,0,0,0
PA301441,0,0,0,0
PA301811,0,0,0,0
PA300384,0,0,0,0
PA301132,0,0,0,0
PA301047,0,0,0,0
PA300918,1,0,1,0
PA301025,0,0,0,0
PA301549,0,0,0,0
PA300485,0,0,0,0
PA301499,0,0,0,0
PA301623,0,0,0,0
PA301828,0,0,0,0
PA300607,0,0,0,0
PA300671,1,0,1,0
PA301979,0,0,0,0
PA301477,1,0,1,0
PA301608,0,0,0,0
PA301588,1,0,1,0
PA300077,0,0,0,0
PA300130,1,0,1,0
PA300858,0,0,0,0
PA300886,0,0,0,0
PA301018,0,0,0,0
PA300377,0,0,0,0
PA301803,1,0,1,0
PA301230,0,0,0,0
PA301448,0,0,0,0
PA300165,0,0,0,0
PA301069,1,0,1,0
PA301356,0,0,0,0
PA300454,0,0,0,0
PA301759,0,0,0,0
PA300141,0,0,0,0
PA300155,0,0,0,0
PA300648,0,0,0,0
PA301336,0,0,0,0
PA300291,0,0,0,0
PA300156,0,0,0,0
PA301270,0,0,0,0
PA300295,0,0,0,0
PA300893,0,0,0,0
PA301735,0,0,0,0
PA300052,0,0,0,0
PA301262,0,0,0,0
PA300779,0,0,0,0
PA300681,0,0,0,0
PA300435,0,0,0,0
PA300869,0,0,0,0
PA300193,0,0,0,0
PA300618,0,0,0,0
PA301290,0,0,0,0
PA301272,0,0,0,0
PA300631,0,0,0,0
PA300284,0,0,0,0
PA300483,0,0,0,0
PA301975,0,0,0,0
PA301616,0,0,0,0
PA301767,0,0,0,0
PA300512,1,0,1,0
PA301058,0,0,0,0
PA300475,0,0,0,0
PA301563,0,0,0,0
PA301134,1,0,1,0
PA301517,1,0,1,0
PA301266,0,0,0,0
PA301628,1,0,1,0
PA301363,0,0,0,0
PA300039,0,0,0,0
PA301601,0,0,0,0
PA301349,0,0,0,0
PA301030,0,0,0,0
PA300534,0,0,0,0
PA300285,1,0,1,0
PA301542,0,0,0,0
PA300872,1,0,1,0
PA301869,0,0,0,0
PA301216,0,0,0,0
PA301987,0,0,0,0
PA301991,0,0,0,0
PA300948,0,0,0,0
PA300123,0,0,0,0
PA300989,0,0,0,0
PA301013,0,0,0,0
PA300644,0,0,0,0
PA300707,0,0,0,0
PA301121,0,0,0,0
PA301852,0,0,0,0
PA300770,1,0,1,0
PA300531,0,0,0,0
PA301676,0,0,0,0
PA300205,0,0,0,0
PA301032,0,0,0,0
PA301366,1,0,1,0
PA300528,0,0,0,0
PA301988,0,0,0,0
PA301659,1,0,1,0
PA300368,1,0,1,0
PA301717,1,0,1,0
PA300105,0,0,0,0
PA301545,0,0,0,0
PA301490,0,0,0,0
PA300715,0,0,0,0
PA301961,0,0,0,0
PA301033,0,0,0,0
PA300931,0,0,0,0
PA301816,0,0,0,0
PA300968,0,0,0,0
PA300430,0,0,0,0
PA301530,0,0,0,0
PA301894,0,0,0,0
PA301620,1,0,1,0
PA301111,0,0,0,0
PA301281,0,0,0,0
PA301082,1,0,1,0
PA301578,1,0,1,0
PA301380,0,0,0,0
PA301986,0,0,0,0
PA301201,0,0,0,0
PA301955,0,0,0,0
PA301711,0,0,0,0
PA300773,1,0,1,0
PA301539,0,0,0,0
PA301648,0,0,0,0
PA300150,0,0,0,0
PA301352,0,0,0,0
PA300999,0,0,0,0
PA301909,0,0,0,0
PA300600,1,0,1,0
PA300710,0,0,0,0
PA300441,1,0,1,0
PA301598,0,0,0,0
PA300611,0,0,0,0
PA300590,0,0,0,0
PA300126,0,0,0,0
PA301489,0,0,0,0
PA301896,0,0,0,0
PA300965,0,0,0,0
PA301423,0,0,0,0
PA301627,0,0,0,0
PA301860,0,0,0,0
PA300380,0,0,0,0
PA301586,0,0,0,0
PA301532,0,0,0,0
PA300814,0,0,0,0
PA300088,0,0,0,0
PA300834,1,0,1,0
PA301893,0,0,0,0
PA300367,0,0,0,0
PA301551,0,0,0,0
PA301048,0,0,0,0
PA300090,0,0,0,0
PA300660,0,0,0,0
PA300252,0,0,0,0
PA301223,0,0,0,0
PA301782,0,0,0,0
PA300658,0,0,0,0
PA300653,0,0,0,0
PA301773,0,0,0,0
PA301761,1,0,1,0
PA300742,1,0,1,0
PA300984,0,0,0,0
PA300895,0,0,0,0
PA300340,0,0,0,0
PA300488,1,0,1,0
PA301823,0,0,0,0
PA300476,0,0,0,0
PA301706,0,0,0,0
PA301314,1,0,1,0
PA300552,0,0,0,0
PA301945,0,0,0,0
PA301307,0,0,0,0
PA301026,1,0,1,0
PA301299,0,0,0,0
PA300078,0,0,0,0
PA300719,0,0,0,0
PA300732,0,0,0,0
PA300426,0,0,0,0
PA300852,0,0,0,0
PA300963,0,0,0,0
PA301003,0,0,0,0
PA301755,0,0,0,0
PA301928,0,0,0,0
PA301681,0,0,0,0
PA301214,0,0,0,0
PA301656,1,0,1,0
PA300460,0,0,0,0
PA300324,0,0,0,0
PA300271,0,0,0,0
PA300689,0,0,0,0
PA301291,0,0,0,0
PA300598,1,0,1,0
PA300667,0,0,0,0
PA301257,1,0,1,0
PA301274,1,0,1,0
PA301328,0,0,0,0
PA300759,0,0,0,0
PA301629,0,0,0,0
PA300278,0,0,0,0
PA300624,0,0,0,0
PA300089,0,0,0,0
PA301181,1,0,1,0
PA300388,0,0,0,0
PA300628,0,0,0,0
PA300458,0,0,0,0
PA300735,0,0,0,0
PA300194,0,0,0,0
PA301839,0,0,0,0
PA301702,0,0,0,0
PA301770,0,0,0,0
PA300453,0,0,0,0
PA301401,0,0,0,0
PA301424,0,0,0,0
PA300152,0,0,0,0
PA301739,1,0,1,0
PA300937,0,0,0,0
PA300995,0,0,0,0
PA300226,0,0,0,0
PA301973,0,0,0,0
PA301170,0,0,0,0
PA300906,0,0,0,0
PA300177,1,0,1,0
PA301302,0,0,0,0
PA300591,0,0,0,0
PA300437,1,0,1,0
PA301219,0,0,0,0
PA300767,0,0,0,0
PA301019,0,0,0,0
PA301850,0,0,0,0
PA301718,0,0,0,0
PA301525,0,0,0,0
PA300396,0,0,0,0
PA301192,0,0,0,0
PA301014,0,0,0,0
PA300795,1,0,1,0
PA300539,0,0,0,0
PA300905,0,0,0,0
PA300262,0,0,0,0
PA300364,0,0,0,0
PA301300,0,0,0,0
PA301595,1,0,1,0
PA300616,0,0,0,0
PA301113,0,0,0,0
PA300066,0,0,0,0
PA301607,0,0,0,0
PA301112,0,0,0,0
PA300159,0,0,0,0
PA300231,0,0,0,0
PA300967,0,0,0,0
PA301708,0,0,0,0
PA300106,0,0,0,0
PA301416,0,0,0,0
PA301073,0,0,0,0
PA301171,0,0,0,0
PA301856,1,0,1,0
PA301067,0,0,0,0
PA300670,1,0,1,0
PA301289,0,0,0,0
PA300977,0,0,0,0
PA301049,1,0,1,0
PA301126,1,0,1,0
PA300953,0,0,0,0
PA300003,0,0,0,0
PA301238,1,0,1,0
PA301412,0,0,0,0
PA301429,0,0,0,0
PA300385,0,0,0,0
PA301573,0,0,0,0
PA301333,0,0,0,0
PA301408,1,0,1,0
PA301277,0,0,0,0
PA301971,0,0,0,0
PA300609,0,0,0,0
PA300943,0,0,0,0
PA300132,0,0,0,0
PA300746,0,0,0,0
PA300985,0,0,0,0
PA301327,0,0,0,0
PA301953,1,0,1,0
PA300547,1,0,1,0
PA301359,1,0,1,0
PA300323,0,0,0,0
PA301145,0,0,0,0
PA300588,0,0,0,0
PA300748,0,0,0,0
PA301454,0,0,0,0
PA300175,0,0,0,0
PA301672,0,0,0,0
PA301883,0,0,0,0
PA300517,0,0,0,0
PA301528,1,0,1,0
PA301264,0,0,0,0
PA301843,0,0,0,0
PA301722,0,0,0,0
PA300686,0,0,0,0
PA301078,0,0,0,0
PA301439,0,0,0,0
PA300190,0,0,0,0
PA301265,1,0,1,0
PA301153,0,0,0,0
PA300172,1,0,1,0
PA301908,0,0,0,0
PA301326,0,0,0,0
PA300389,0,0,0,0
PA301207,0,0,0,0
PA301640,0,0,0,0
PA300712,0,0,0,0
PA300515,0,0,0,0
PA301473,0,0,0,0
PA300525,0,0,0,0
PA300668,1,0,1,0
PA300357,0,0,0,0
PA301457,0,0,0,0
PA300245,0,0,0,0
PA301433,1,0,1,0
PA301846,0,0,0,0
PA301634,0,0,0,0
PA301381,1,0,1,0
PA301027,0,0,0,0
PA301342,1,0,1,0
PA300503,1,0,1,0
PA300542,0,0,0,0
PA300072,1,0,1,0
PA300232,0,0,0,0
PA301938,1,0,1,0
PA300792,1,0,1,0
PA300480,0,0,0,0
PA300763,0,0,0,0
PA300673,1,0,1,0
PA301392,0,0,0,0
PA301731,0,0,0,0
PA300910,0,0,0,0
PA301554,0,0,0,0
PA301446,1,0,1,0
PA300998,0,0,0,0
PA301411,0,0,0,0
PA300678,1,0,1,0
PA300672,0,0,0,0
PA300559,0,0,0,0
PA300236,1,0,1,0
PA300134,0,0,0,0
PA301788,0,0,0,0
PA301202,0,0,0,0
PA301622,0,0,0,0
PA300387,0,0,0,0
PA300639,0,0,0,0
PA301559,1,0,1,0
PA300939,0,0,0,0
PA300971,0,0,0,0
PA300783,1,0,1,0
PA300333,0,0,0,0
PA301278,0,0,0,0
PA300197,0,0,0,0
PA300119,1,0,1,0
PA300448,0,0,0,0
PA300386,0,0,0,0
PA301743,1,0,1,0
PA301567,0,0,0,0
PA300122,0,0,0,0
PA300244,0,0,0,0
PA301663,1,0,1,0
PA300489,0,0,0,0
PA300374,0,0,0,0
PA301865,0,0,0,0
PA301814,0,0,0,0
PA300567,1,0,1,0
PA301668,0,0,0,0
PA301990,1,0,1,0
PA301436,0,0,0,0
PA300290,0,0,0,0
PA301812,0,0,0,0
PA300738,0,0,0,0
PA300676,0,0,0,0
PA300573,0,0,0,0
PA300091,0,0,0,0
PA301077,1,0,1,0
PA300513,0,0,0,0
PA300198,0,0,0,0
PA300022,0,0,0,0
PA300708,0,0,0,0
PA301926,0,0,0,0
PA301122,0,0,0,0
PA300853,0,0,0,0
PA301992,0,0,0,0
PA301379,1,0,1,0
PA300698,0,0,0,0
PA301637,1,0,1,0
PA301854,0,0,0,0
PA301434,1,0,1,0
PA301575,1,0,1,0
PA301817,0,0,0,0
PA300224,0,0,0,0
PA301982,0,0,0,0
PA301149,0,0,0,0
PA300632,1,0,1,0
PA301910,0,0,0,0
PA301603,1,0,1,0
PA301059,1,0,1,0
PA301701,0,0,0,0
PA301515,0,0,0,0
PA300549,0,0,0,0
PA300334,0,0,0,0
PA301475,0,0,0,0
PA300973,1,0,1,0
PA300395,1,0,1,0
PA301246,0,0,0,0
PA300016,0,0,0,0
PA300798,0,0,0,0
PA301516,0,0,0,0
PA301229,1,0,1,0
PA301135,0,0,0,0
PA301842,1,0,1,0
PA300314,0,0,0,0
PA301075,0,0,0,0
PA300941,0,0,0,0
PA300725,0,0,0,0
PA300955,0,0,0,0
PA300882,0,0,0,0
PA301231,0,0,0,0
PA300037,0,0,0,0
PA300298,1,0,1,0
PA301858,0,0,0,0
PA300120,0,0,0,0
PA301875,0,0,0,0
PA300677,1,0,1,0
PA301630,0,0,0,0
PA301666,1,0,1,0
PA300935,0,0,0,0
PA301190,0,0,0,0
PA300891,0,0,0,0
PA300608,0,0,0,0
PA301804,0,0,0,0
PA301664,0,0,0,0
PA301815,0,0,0,0
PA301329,1,0,1,0
PA301488,0,0,0,0
PA301421,0,0,0,0
PA301243,1,0,1,0
PA300050,0,0,0,0
PA301200,0,0,0,0
PA300983,0,0,0,0
PA301557,0,0,0,0
PA300020,0,0,0,0
PA300292,0,0,0,0
PA300841,1,0,1,0
PA300086,0,0,0,0
PA300830,0,0,0,0
PA300752,0,0,0,0
PA300494,0,0,0,0
PA300210,1,0,1,0
PA300085,0,0,0,0
PA300638,0,0,0,0
PA301005,0,0,0,0
PA301383,1,0,1,0
PA300365,0,0,0,0
PA301685,0,0,0,0
PA300580,1,0,1,0
PA300692,0,0,0,0
PA300606,0,0,0,0
PA301010,0,0,0,0
PA300154,0,0,0,0
PA301172,0,0,0,0
PA300958,0,0,0,0
PA300859,0,0,0,0
PA301535,0,0,0,0
PA301959,1,0,1,0
PA300429,0,0,0,0
PA301034,0,0,0,0
PA301432,1,0,1,0
PA301308,1,0,1,0
PA301244,0,0,0,0
PA300259,0,0,0,0
PA301116,0,0,0,0
PA301780,0,0,0,0
PA300145,1,0,1,0
PA301205,0,0,0,0
PA301644,1,0,1,0
PA301615,1,0,1,0
PA301709,0,0,0,0
PA301642,1,0,1,0
PA301444,0,0,0,0
PA301337,0,0,0,0
PA300164,0,0,0,0
PA301960,0,0,0,0
PA301919,0,0,0,0
PA300865,1,0,1,0
PA301829,0,0,0,0
PA300243,0,0,0,0
PA301465,0,0,0,0
PA300391,0,0,0,0
PA301158,0,0,0,0
PA301376,0,0,0,0
PA300108,0,0,0,0
PA301041,0,0,0,0
PA300880,1,0,1,0
PA300477,0,0,0,0
PA300102,0,0,0,0
PA301790,1,0,1,0
PA300087,0,0,0,0
PA300700,0,0,0,0
PA301315,0,0,0,0
PA300076,0,0,0,0
PA301583,0,0,0,0
PA300521,0,0,0,0
PA300833,1,0,1,0
PA300344,0,0,0,0
PA301346,0,0,0,0
PA301521,1,0,1,0
PA300978,1,0,1,0
PA300034,0,0,0,0
PA300723,0,0,0,0
PA300140,0,0,0,0
PA300625,0,0,0,0
PA301740,0,0,0,0
PA301621,0,0,0,0
PA300873,1,0,1,0
PA301035,0,0,0,0
PA301707,0,0,0,0
PA301127,0,0,0,0
PA301064,1,0,1,0
PA301280,0,0,0,0
PA301995,1,0,1,0
PA301406,0,0,0,0
PA300479,0,0,0,0
PA300962,0,0,0,0
PA301921,0,0,0,0
PA300854,0,0,0,0
PA300912,1,0,1,0
PA301738,0,0,0,0
PA301076,0,0,0,0
PA301777,0,0,0,0
PA300630,0,0,0,0
PA301646,0,0,0,0
PA300619,0,0,0,0
PA301653,0,0,0,0
PA300452,0,0,0,0
PA301123,1,0,1,0
PA300267,0,0,0,0
PA300495,0,0,0,0
PA300695,0,0,0,0
PA301720,0,0,0,0
PA301483,0,0,0,0
PA300446,0,0,0,0
PA300251,1,0,1,0
PA300921,0,0,0,0
PA300604,1,0,1,0
PA300597,0,0,0,0
PA301684,0,0,0,0
PA300959,0,0,0,0
PA301138,1,0,1,0
PA300170,1,0,1,0
PA300721,0,0,0,0
PA300675,0,0,0,0
PA300801,1,0,1,0
PA301208,0,0,0,0
PA301948,0,0,0,0
PA300176,0,0,0,0
PA301460,1,0,1,0
PA301095,0,0,0,0
PA301602,0,0,0,0
PA300982,0,0,0,0
PA301534,0,0,0,0
PA300659,0,0,0,0
PA300924,1,0,1,0
PA301984,1,0,1,0
PA301317,0,0,0,0
PA300095,0,0,0,0
PA300192,0,0,0,0
PA300623,0,0,0,0
PA300940,0,0,0,0
PA301128,1,0,1,0
PA301249,0,0,0,0
PA301978,0,0,0,0
PA300497,0,0,0,0
PA300405,0,0,0,0
PA300929,0,0,0,0
PA300199,0,0,0,0
PA301194,0,0,0,0
PA301807,0,0,0,0
PA301887,1,0,1,0
PA301821,1,0,1,0
PA300281,0,0,0,0
PA300138,1,0,1,0
PA301309,1,0,1,0
PA300014,1,0,1,0
PA301916,0,0,0,0
PA301689,1,0,1,0
PA300063,0,0,0,0
PA301174,0,0,0,0
PA300268,0,0,0,0
PA300442,0,0,0,0
PA301969,0,0,0,0
PA300649,0,0,0,0
PA301118,0,0,0,0
PA301494,1,0,1,0
PA301556,0,0,0,0
PA301822,1,0,1,0
PA301442,0,0,0,0
PA301374,1,0,1,0
PA300413,1,0,1,0
PA301956,0,0,0,0
PA300694,0,0,0,0
PA301350,0,0,0,0
PA301175,1,0,1,0
PA300848,0,0,0,0
PA301072,0,0,0,0
PA301783,0,0,0,0
PA301654,0,0,0,0
PA300304,0,0,0,0
PA300064,1,0,1,0
PA301550,1,0,1,0
PA301562,0,0,0,0
PA301658,0,0,0,0
PA300157,1,0,1,0
PA301643,1,0,1,0
PA300204,1,0,1,0
PA301319,0,0,0,0
PA300936,1,0,1,0
PA300765,0,0,0,0
PA301652,0,0,0,0
PA300861,0,0,0,0
PA301347,0,0,0,0
PA301081,0,0,0,0
PA300696,0,0,0,0
PA300432,0,0,0,0
PA301491,1,0,1,0
PA300004,0,0,0,0
PA301997,0,0,0,0
PA300166,0,0,0,0
PA301378,0,0,0,0
PA300186,0,0,0,0
PA300946,0,0,0,0
PA301631,0,0,0,0
PA301161,0,0,0,0
PA300592,1,0,1,0
PA300321,0,0,0,0
PA301088,0,0,0,0
PA300017,0,0,0,0
PA301714,0,0,0,0
PA301665,0,0,0,0
PA301785,0,0,0,0
PA300657,0,0,0,0
PA300107,0,0,0,0
PA300856,0,0,0,0
PA300013,1,0,1,0
PA301427,0,0,0,0
PA301450,0,0,0,0
PA301867,0,0,0,0
PA300980,1,0,1,0
PA300420,0,0,0,0
PA301841,0,0,0,0
PA301140,0,0,0,0
PA301275,0,0,0,0
PA301313,0,0,0,0
PA300617,0,0,0,0
PA300952,0,0,0,0
PA300736,0,0,0,0
PA301819,0,0,0,0
PA301942,0,0,0,0
PA300361,0,0,0,0
PA301452,0,0,0,0
PA301774,0,0,0,0
PA300593,1,0,1,0
PA300256,0,0,0,0
PA301998,0,0,0,0
PA301389,0,0,0,0
PA300706,0,0,0,0
PA300360,0,0,0,0
PA300482,1,0,1,0
PA300051,0,0,0,0
PA300666,0,0,0,0
PA300057,0,0,0,0
PA300976,0,0,0,0
PA300501,0,0,0,0
PA301599,0,0,0,0
PA301855,0,0,0,0
PA301587,0,0,0,0
PA301217,0,0,0,0
PA300217,0,0,0,0
PA301002,0,0,0,0
PA300490,0,0,0,0
PA301958,1,0,1,0
PA300595,1,0,1,0
PA300417,0,0,0,0
PA300370,0,0,0,0
PA301050,0,0,0,0
PA301508,0,0,0,0
PA300575,0,0,0,0
PA301924,0,0,0,0
PA301647,1,0,1,0
PA301263,0,0,0,0
PA300601,0,0,0,0
PA300471,0,0,0,0
PA301935,1,0,1,0
PA300443,0,0,0,0
PA301348,0,0,0,0
PA300029,0,0,0,0
PA300537,0,0,0,0
PA300288,0,0,0,0
PA301885,1,0,1,0
PA301962,0,0,0,0
PA301923,0,0,0,0
PA301679,0,0,0,0
PA301028,1,0,1,0
PA300637,1,0,1,0
PA301882,0,0,0,0
PA300148,0,0,0,0
PA300415,1,0,1,0
PA300747,0,0,0,0
PA300129,0,0,0,0
PA300571,0,0,0,0
PA301972,0,0,0,0
PA301683,1,0,1,0
PA301354,0,0,0,0
PA300082,0,0,0,0
PA301502,0,0,0,0
PA300133,1,0,1,0
PA301345,0,0,0,0
PA300341,1,0,1,0
PA301124,0,0,0,0
PA301051,0,0,0,0
PA301463,0,0,0,0
PA301686,0,0,0,0
PA301548,0,0,0,0
PA300161,0,0,0,0
PA300269,1,0,1,0
PA301186,0,0,0,0
PA300860,0,0,0,0
PA301752,0,0,0,0
PA300234,0,0,0,0
PA300901,0,0,0,0
PA300179,0,0,0,0
PA301579,0,0,0,0
PA300693,0,0,0,0
PA301395,0,0,0,0
PA300160,1,0,1,0
PA300596,0,0,0,0
PA301455,0,0,0,0
PA300478,0,0,0,0
PA300868,0,0,0,0
PA300680,0,0,0,0
PA301590,0,0,0,0
PA300645,0,0,0,0
PA300328,1,0,1,0
PA301304,0,0,0,0
PA301570,0,0,0,0
PA300504,0,0,0,0
PA301965,0,0,0,0
PA300741,0,0,0,0
PA301199,0,0,0,0
PA300560,0,0,0,0
PA300994,0,0,0,0
PA300917,0,0,0,0
PA300318,0,0,0,0
PA301440,0,0,0,0
PA300219,1,0,1,0
PA301344,0,0,0,0
PA301538,0,0,0,0
PA300823,0,0,0,0
PA301692,0,0,0,0
PA300401,0,0,0,0
PA301105,0,0,0,0
PA301838,0,0,0,0
PA300229,0,0,0,0
PA300883,0,0,0,0
PA301070,0,0,0,0
PA300614,0,0,0,0
PA301040,0,0,0,0
PA300740,0,0,0,0
PA301057,1,0,1,0
PA301776,0,0,0,0
PA301361,0,0,0,0
PA300884,0,0,0,0
PA301357,0,0,0,0
PA300125,0,0,0,0
PA300669,1,0,1,0
PA301237,0,0,0,0
PA301799,1,0,1,0
PA301937,0,0,0,0
PA300510,0,0,0,0
PA301778,0,0,0,0
PA301645,1,0,1,0
PA300200,0,0,0,0
PA300465,0,0,0,0
PA300610,0,0,0,0
PA300975,0,0,0,0
PA300821,0,0,0,0
PA300887,0,0,0,0
PA300080,0,0,0,0
PA300920,0,0,0,0
PA300216,1,0,1,0
PA300436,0,0,0,0
PA300114,1,0,1,0
PA301786,0,0,0,0
PA301133,0,0,0,0
PA300586,1,0,1,0
PA300457,1,0,1,0
PA300007,0,0,0,0
PA301144,0,0,0,0
PA301391,0,0,0,0
PA301529,0,0,0,0
PA301699,0,0,0,0
PA300626,1,0,1,0
PA300218,0,0,0,0
PA300242,0,0,0,0
PA300462,1,0,1,0
PA300255,0,0,0,0
PA301193,0,0,0,0
PA300826,0,0,0,0
PA300889,0,0,0,0
PA300529,0,0,0,0
PA301625,1,0,1,0
PA300005,0,0,0,0
PA300028,0,0,0,0
PA300116,0,0,0,0
PA300075,0,0,0,0
PA300717,1,0,1,0
PA301751,0,0,0,0
PA300662,0,0,0,0
PA300664,0,0,0,0
PA301084,1,0,1,0
PA301394,0,0,0,0
PA301130,0,0,0,0
PA300981,0,0,0,0
PA300407,0,0,0,0
PA301224,0,0,0,0
PA300054,0,0,0,0
PA301732,0,0,0,0
PA300337,1,0,1,0
PA301888,0,0,0,0
PA301184,1,0,1,0
PA301947,0,0,0,0
PA301734,0,0,0,0
PA301754,0,0,0,0
PA301253,0,0,0,0
PA300776,0,0,0,0
PA300375,0,0,0,0
PA301287,1,0,1,0
PA301045,0,0,0,0
PA301617,0,0,0,0
PA301283,0,0,0,0
PA300094,0,0,0,0
PA301306,0,0,0,0
PA301169,1,0,1,0
PA300923,1,0,1,0
PA301721,0,0,0,0
PA300786,0,0,0,0
PA300827,0,0,0,0
PA301920,0,0,0,0
PA300473,0,0,0,0
PA301929,0,0,0,0
PA301713,0,0,0,0
PA301520,0,0,0,0
PA301582,0,0,0,0
PA301791,0,0,0,0
PA301268,0,0,0,0
PA301723,1,0,1,0
PA301177,0,0,0,0
PA301267,0,0,0,0
PA301495,0,0,0,0
PA301279,1,0,1,0
PA301456,0,0,0,0
PA301168,0,0,0,0
PA301745,0,0,0,0
PA301936,1,0,1,0
PA301481,0,0,0,0
PA301810,1,0,1,0
PA300818,0,0,0,0
PA300338,0,0,0,0
PA300938,1,0,1,0
PA301543,0,0,0,0
PA301106,0,0,0,0
PA301693,0,0,0,0
PA301680,0,0,0,0
PA301099,0,0,0,0
PA300492,0,0,0,0
PA300954,0,0,0,0
PA301148,0,0,0,0
PA300225,1,0,1,0
PA300612,1,0,1,0
PA300392,1,0,1,0
PA301055,1,0,1,0
PA301795,1,0,1,0
PA301115,0,0,0,0
PA300439,0,0,0,0
PA301074,0,0,0,0
PA300813,0,0,0,0
PA300802,0,0,0,0
PA301150,0,0,0,0
PA301758,0,0,0,0
PA301258,0,0,0,0
PA300303,0,0,0,0
PA301742,0,0,0,0
PA300009,0,0,0,0
PA300602,0,0,0,0
PA301120,0,0,0,0
PA301580,0,0,0,0
PA301500,0,0,0,0
PA301046,0,0,0,0
PA301874,0,0,0,0
PA300246,1,0,1,0
PA301661,1,0,1,0
PA300187,1,0,1,0
PA300135,0,0,0,0
PA300701,0,0,0,0
PA301220,0,0,0,0
PA300178,0,0,0,0
PA300713,0,0,0,0
PA300287,0,0,0,0
PA301015,0,0,0,0
PA300470,0,0,0,0
PA300239,0,0,0,0
PA300019,0,0,0,0
PA301762,0,0,0,0
PA300532,0,0,0,0
PA300535,0,0,0,0
PA301932,1,0,1,0
PA300986,0,0,0,0
PA300280,0,0,0,0
PA300817,0,0,0,0
PA300353,0,0,0,0
PA301167,0,0,0,0
PA301927,0,0,0,0
PA300434,0,0,0,0
PA301152,1,0,1,0
PA301164,0,0,0,0
PA301474,0,0,0,0
PA301866,0,0,0,0
PA300238,0,0,0,0
PA300136,0,0,0,0
PA301273,1,0,1,0
PA300949,0,0,0,0
PA300800,0,0,0,0
PA301537,1,0,1,0
PA300816,0,0,0,0
PA300343,0,0,0,0
PA300687,0,0,0,0
PA300045,0,0,0,0
PA301100,0,0,0,0
PA301949,0,0,0,0
PA301977,0,0,0,0
PA301254,0,0,0,0
PA301156,0,0,0,0
PA301467,0,0,0,0
PA301415,0,0,0,0
PA300390,1,0,1,0
PA300249,0,0,0,0
PA300726,0,0,0,0
PA300514,1,0,1,0
PA301895,0,0,0,0
PA301066,0,0,0,0
PA300866,0,0,0,0
PA300074,1,0,1,0
PA300376,0,0,0,0
PA300857,0,0,0,0
PA301086,0,0,0,0
PA301311,1,0,1,0
PA300655,0,0,0,0
PA300508,0,0,0,0
PA300587,0,0,0,0
PA300296,0,0,0,0
PA301677,1,0,1,0
PA300237,1,0,1,0
PA301824,0,0,0,0
PA301417,1,0,1,0
PA300201,0,0,0,0
PA300038,0,0,0,0
PA300182,0,0,0,0
PA300097,0,0,0,0
PA300724,0,0,0,0
PA301501,0,0,0,0
PA300751,0,0,0,0
PA300908,1,0,1,0
PA301210,0,0,0,0
PA301757,1,0,1,0
PA300932,0,0,0,0
PA301063,0,0,0,0
PA300762,0,0,0,0
PA300577,0,0,0,0
PA300241,0,0,0,0
PA301635,1,0,1,0
PA300409,0,0,0,0
PA300399,1,0,1,0
PA300688,0,0,0,0
PA300062,0,0,0,0
PA300557,1,0,1,0
PA301396,0,0,0,0
PA301459,1,0,1,0
PA301561,0,0,0,0
PA301305,0,0,0,0
PA301384,0,0,0,0
PA301007,0,0,0,0
PA301660,0,0,0,0
PA301859,0,0,0,0
PA300081,1,0,1,0
PA300168,0,0,0,0
PA300313,1,0,1,0
PA300071,1,0,1,0
PA300329,1,0,1,0
PA301179,0,0,0,0
PA301705,1,0,1,0
PA301016,1,0,1,0
PA300213,0,0,0,0
PA301772,0,0,0,0
PA300293,0,0,0,0
PA301950,0,0,0,0
PA301393,0,0,0,0
PA300146,0,0,0,0
PA300196,0,0,0,0
PA301737,1,0,1,0
PA300568,0,0,0,0
PA300892,0,0,0,0
PA301849,0,0,0,0
PA301409,0,0,0,0
PA300566,0,0,0,0
PA300139,1,0,1,0
PA301487,0,0,0,0
PA301390,0,0,0,0
PA300554,0,0,0,0
PA301678,0,0,0,0
PA300605,0,0,0,0
PA301285,0,0,0,0
PA300018,0,0,0,0
PA301451,0,0,0,0
PA300305,0,0,0,0
PA301853,0,0,0,0
PA301715,0,0,0,0
PA300849,0,0,0,0
PA301331,0,0,0,0
PA300359,0,0,0,0
PA300870,0,0,0,0
PA300024,0,0,0,0
PA300716,1,0,1,0
PA301131,0,0,0,0
PA300312,0,0,0,0
PA301038,1,0,1,0
PA301571,0,0,0,0
PA301650,0,0,0,0
PA301154,0,0,0,0
PA301471,0,0,0,0
PA300812,0,0,0,0
PA301136,0,0,0,0
PA300110,0,0,0,0
PA300327,1,0,1,0
PA300507,1,0,1,0
PA300928,1,0,1,0
PA300008,0,0,0,0
PA300974,0,0,0,0
PA300424,1,0,1,0
PA301930,1,0,1,0
PA301890,1,0,1,0
PA301901,0,0,0,0
PA301763,1,0,1,0
PA301248,0,0,0,0
PA300835,0,0,0,0
PA300885,0,0,0,0
PA301339,1,0,1,0
PA300307,0,0,0,0
PA300633,1,0,1,0
PA300264,0,0,0,0
PA300919,0,0,0,0
PA301830,1,0,1,0
PA300718,0,0,0,0
PA300851,0,0,0,0
PA300768,0,0,0,0
PA301365,1,0,1,0
PA300315,0,0,0,0
PA300349,0,0,0,0
PA300061,1,0,1,0
PA300820,0,0,0,0
PA301276,0,0,0,0
PA301769,0,0,0,0
PA301334,0,0,0,0
PA301236,0,0,0,0
PA301435,0,0,0,0
PA300703,0,0,0,0
PA300445,0,0,0,0
PA301518,0,0,0,0
PA301564,0,0,0,0
PA301999,0,0,0,0
PA301165,1,0,1,0
PA300104,0,0,0,0
PA301097,0,0,0,0
PA300972,0,0,0,0
PA300661,0,0,0,0
PA301461,0,0,0,0
PA300565,1,0,1,0
PA300398,0,0,0,0
PA301636,1,0,1,0
PA301410,1,0,1,0
PA301318,0,0,0,0
PA301096,1,0,1,0
PA300516,1,0,1,0
PA300584,0,0,0,0
PA301001,0,0,0,0
PA301443,0,0,0,0
PA301191,1,0,1,0
PA300674,0,0,0,0
PA300393,0,0,0,0
PA301466,0,0,0,0
PA300527,1,0,1,0
PA301922,1,0,1,0
PA300035,0,0,0,0
PA300749,0,0,0,0
PA301527,0,0,0,0
PA301403,0,0,0,0
PA301241,0,0,0,0
PA300258,1,0,1,0
PA301008,0,0,0,0
PA301054,0,0,0,0
PA300691,0,0,0,0
PA301478,0,0,0,0
PA300620,0,0,0,0
PA300796,0,0,0,0
PA301967,0,0,0,0
PA300714,1,0,1,0
PA301509,1,0,1,0
PA300260,0,0,0,0
PA300927,0,0,0,0
PA301704,0,0,0,0
PA300988,0,0,0,0
PA301596,0,0,0,0
PA300850,0,0,0,0
PA301139,1,0,1,0
PA300491,0,0,0,0
PA300945,0,0,0,0
PA301726,0,0,0,0
PA300915,1,0,1,0
PA300319,0,0,0,0
PA300428,1,0,1,0
PA301203,1,0,1,0
PA301147,0,0,0,0
PA300042,0,0,0,0
PA301091,0,0,0,0
PA300221,0,0,0,0
PA301725,1,0,1,0
PA301023,0,0,0,0
PA300069,0,0,0,0
PA301360,1,0,1,0
PA300379,0,0,0,0
PA300309,0,0,0,0
PA300634,0,0,0,0
PA300174,0,0,0,0
PA301899,0,0,0,0
PA301662,0,0,0,0
PA301724,0,0,0,0
PA300111,1,0,1,0
PA301944,0,0,0,0
PA301221,0,0,0,0
PA300563,1,0,1,0
PA300828,1,0,1,0
PA300282,0,0,0,0
PA300951,0,0,0,0
PA300615,0,0,0,0
PA301330,0,0,0,0
PA301585,0,0,0,0
PA300536,0,0,0,0
PA300330,0,0,0,0
PA300636,0,0,0,0
PA301863,1,0,1,0
PA300772,0,0,0,0
PA300469,0,0,0,0
PA301848,0,0,0,0
PA300048,0,0,0,0
PA301295,0,0,0,0
PA301964,1,0,1,0
PA300913,0,0,0,0
PA300222,1,0,1,0
PA300144,0,0,0,0
PA301261,0,0,0,0
PA301496,1,0,1,0
PA300650,0,0,0,0
PA300518,0,0,0,0
PA300191,0,0,0,0
PA300112,0,0,0,0
PA301301,1,0,1,0
PA300065,0,0,0,0
PA300162,0,0,0,0
PA301445,0,0,0,0
PA301970,1,0,1,0
PA300760,0,0,0,0
PA301282,0,0,0,0
PA300212,0,0,0,0
PA301569,0,0,0,0
PA301017,0,0,0,0
PA300562,0,0,0,0
PA300969,0,0,0,0
PA300964,0,0,0,0
PA301218,0,0,0,0
PA301228,0,0,0,0
PA300342,0,0,0,0
PA301768,1,0,1,0
PA300356,0,0,0,0
PA300640,0,0,0,0
PA301250,0,0,0,0
PA300459,0,0,0,0
PA301480,0,0,0,0
PA300481,1,0,1,0
PA300151,0,0,0,0
PA301818,1,0,1,0
PA301889,0,0,0,0
PA301933,1,0,1,0
PA300877,0,0,0,0
PA300944,0,0,0,0
PA300679,0,0,0,0
PA301941,1,0,1,0
PA301610,0,0,0,0
PA301316,1,0,1,0
PA300127,1,0,1,0
PA301716,1,0,1,0
PA301820,0,0,0,0
PA301037,0,0,0,0
PA300665,0,0,0,0
PA300316,0,0,0,0
PA300414,0,0,0,0
PA301861,0,0,0,0
PA301103,0,0,0,0
PA301233,0,0,0,0
PA301826,0,0,0,0
PA300635,0,0,0,0
PA300411,0,0,0,0
PA301544,0,0,0,0
PA300254,0,0,0,0
PA301729,0,0,0,0
PA300864,0,0,0,0
PA300012,0,0,0,0
PA301541,1,0,1,0
PA300791,0,0,0,0
PA301492,0,0,0,0
PA300744,0,0,0,0
PA300335,0,0,0,0
PA301296,0,0,0,0
PA301873,0,0,0,0
PA300015,1,0,1,0
PA301655,1,0,1,0
PA301187,0,0,0,0
PA300819,1,0,1,0
PA300709,0,0,0,0
PA301155,1,0,1,0
PA301284,0,0,0,0
PA301805,0,0,0,0
PA300211,1,0,1,0
PA300733,0,0,0,0
PA300888,0,0,0,0
PA300142,1,0,1,0
PA300358,0,0,0,0
PA300044,1,0,1,0
PA300646,0,0,0,0
PA301793,0,0,0,0
PA301353,0,0,0,0
PA300844,1,0,1,0
PA301160,1,0,1,0
PA301011,1,0,1,0
PA301387,0,0,0,0
PA300805,0,0,0,0
PA301513,1,0,1,0
PA300183,0,0,0,0
PA301594,0,0,0,0
PA300289,0,0,0,0
PA301083,1,0,1,0
PA301897,0,0,0,0
PA300373,1,0,1,0
PA301834,1,0,1,0
PA300311,0,0,0,0
PA300369,0,0,0,0
PA301321,0,0,0,0
PA301879,0,0,0,0
PA300837,0,0,0,0
PA301892,1,0,1,0
PA301845,0,0,0,0
PA300484,1,0,1,0
PA300916,0,0,0,0
PA300799,1,0,1,0
PA301912,0,0,0,0
PA301844,0,0,0,0
PA301251,1,0,1,0
PA300782,0,0,0,0
PA300538,0,0,0,0
PA300113,0,0,0,0
PA301519,0,0,0,0
PA300613,0,0,0,0
PA300147,1,0,1,0
PA301185,0,0,0,0
PA301736,0,0,0,0
PA301109,0,0,0,0
PA301669,0,0,0,0
PA301797,0,0,0,0
PA300553,1,0,1,0
PA300647,0,0,0,0
PA301700,1,0,1,0
PA301568,0,0,0,0
PA300207,0,0,0,0
PA301898,0,0,0,0
PA300223,0,0,0,0
PA300036,0,0,0,0
PA300306,0,0,0,0
PA300299,0,0,0,0
PA301985,0,0,0,0
PA301269,0,0,0,0
PA300049,0,0,0,0
PA300572,0,0,0,0
PA301609,0,0,0,0
PA300412,0,0,0,0
PA301157,1,0,1,0
PA300272,0,0,0,0
PA300622,1,0,1,0
PA300339,0,0,0,0
PA300583,0,0,0,0
PA301420,0,0,0,0
PA300811,0,0,0,0
PA301232,0,0,0,0
PA300371,1,0,1,0
PA301864,1,0,1,0
PA301094,0,0,0,0
PA301367,0,0,0,0
PA301880,0,0,0,0
PA301259,0,0,0,0
PA300997,0,0,0,0
PA301913,0,0,0,0
PA301989,1,0,1,0
PA300829,0,0,0,0
PA301462,0,0,0,0
PA300202,0,0,0,0
PA301552,1,0,1,0
PA300043,0,0,0,0
PA301808,0,0,0,0
PA300739,0,0,0,0
PA301626,0,0,0,0
PA301182,1,0,1,0
PA300425,0,0,0,0
PA300209,0,0,0,0
PA301632,0,0,0,0
PA301195,0,0,0,0
PA301332,0,0,0,0
PA301071,0,0,0,0
PA301931,0,0,0,0
PA301753,0,0,0,0
PA300652,0,0,0,0
PA301486,0,0,0,0
PA301612,0,0,0,0
PA300131,0,0,0,0
PA300394,1,0,1,0
PA300487,0,0,0,0
PA301335,0,0,0,0
PA300933,0,0,0,0
PA301604,0,0,0,0
PA301710,1,0,1,0
PA301886,0,0,0,0
PA300702,0,0,0,0
PA300070,0,0,0,0
PA300093,1,0,1,0
PA301151,0,0,0,0
PA300450,0,0,0,0
PA300345,0,0,0,0
PA301242,1,0,1,0
PA301310,0,0,0,0
PA300263,0,0,0,0
PA300569,0,0,0,0
PA301593,0,0,0,0
PA300781,0,0,0,0
PA301555,0,0,0,0
PA300690,0,0,0,0
PA301589,0,0,0,0
PA301639,1,0,1,0
PA301507,0,0,0,0
PA301469,0,0,0,0
PA301256,0,0,0,0
PA300059,0,0,0,0
PA301482,1,0,1,0
PA300214,1,0,1,0
PA300400,0,0,0,0
PA300684,1,0,1,0
PA301222,0,0,0,0
PA300582,1,0,1,0
PA300083,0,0,0,0
PA301373,0,0,0,0
PA300546,0,0,0,0
PA300903,0,0,0,0
PA301954,1,0,1,0
PA301449,0,0,0,0
PA301110,0,0,0,0
PA300545,1,0,1,0
PA300109,1,0,1,0
PA301292,0,0,0,0
PA301996,0,0,0,0
PA301437,0,0,0,0
PA300348,0,0,0,0
PA300950,0,0,0,0
PA300419,1,0,1,0
PA300461,0,0,0,0
PA301504,0,0,0,0
PA300352,0,0,0,0
PA300743,0,0,0,0
PA301918,0,0,0,0
PA300418,1,0,1,0
PA301024,0,0,0,0
PA301498,0,0,0,0
PA301671,0,0,0,0
PA301029,1,0,1,0
PA300574,1,0,1,0
PA301851,0,0,0,0
PA301974,0,0,0,0
PA300220,0,0,0,0
PA300378,0,0,0,0
PA301407,1,0,1,0
PA300784,0,0,0,0
PA301831,0,0,0,0
PA300143,1,0,1,0
PA301618,0,0,0,0
PA300731,0,0,0,0
PA300737,0,0,0,0
PA300265,0,0,0,0
PA300279,0,0,0,0
PA300570,0,0,0,0
PA301117,0,0,0,0
PA300422,0,0,0,0
PA301857,0,0,0,0
PA301458,0,0,0,0
PA301691,0,0,0,0
PA301039,0,0,0,0
PA301750,0,0,0,0
PA300058,0,0,0,0
PA301566,1,0,1,0
PA301093,0,0,0,0
PA300838,1,0,1,0
PA301712,0,0,0,0
PA300520,0,0,0,0
PA300551,1,0,1,0
PA300914,0,0,0,0
PA301004,0,0,0,0
PA301188,1,0,1,0
PA300979,1,0,1,0
PA300863,0,0,0,0
PA300060,0,0,0,0
PA300257,0,0,0,0
PA301080,0,0,0,0
PA301905,0,0,0,0
PA301294,0,0,0,0
PA300771,0,0,0,0
PA300875,0,0,0,0
PA300180,0,0,0,0
PA301523,0,0,0,0
PA301914,0,0,0,0
PA301792,0,0,0,0
PA301101,0,0,0,0
PA301884,0,0,0,0
PA301479,0,0,0,0
PA301900,1,0,1,0
PA301119,0,0,0,0
PA301102,0,0,0,0
PA301431,0,0,0,0
PA300381,1,0,1,0
PA301779,0,0,0,0
PA301255,1,0,1,0
PA300790,0,0,0,0
PA301092,0,0,0,0
PA301079,0,0,0,0
PA300881,0,0,0,0
PA301227,1,0,1,0
PA300040,1,0,1,0
PA301209,0,0,0,0
PA300862,1,0,1,0
PA300793,0,0,0,0
PA300756,0,0,0,0
PA301438,0,0,0,0
PA301355,0,0,0,0
PA301968,1,0,1,0
PA300794,1,0,1,0
PA300855,0,0,0,0
PA301146,1,0,1,0
PA301362,1,0,1,0
PA301837,0,0,0,0
PA301385,0,0,0,0
PA300276,0,0,0,0
PA300438,0,0,0,0
PA300322,1,0,1,0
PA301089,1,0,1,0
PA300755,0,0,0,0
PA301472,0,0,0,0
PA301878,0,0,0,0
PA300502,0,0,0,0
PA300561,0,0,0,0
PA300846,0,0,0,0
PA301733,0,0,0,0
PA300874,1,0,1,0
PA301382,0,0,0,0
PA301891,0,0,0,0
PA301108,0,0,0,0
PA300325,0,0,0,0
PA301741,0,0,0,0
PA300137,0,0,0,0
PA301993,0,0,0,0
PA300810,0,0,0,0
PA300363,0,0,0,0
PA301176,0,0,0,0
PA301925,0,0,0,0
PA301234,0,0,0,0
PA301983,0,0,0,0
PA300350,0,0,0,0
PA300530,1,0,1,0
PA300775,1,0,1,0
PA300789,0,0,0,0
PA301976,0,0,0,0
PA300355,0,0,0,0
PA301904,1,0,1,0
PA300227,0,0,0,0
PA300000,0,0,0,0
PA301368,0,0,0,0
PA301966,0,0,0,0
PA301320,0,0,0,0
PA300423,0,0,0,0
PA300496,0,0,0,0
PA301397,1,0,1,0
PA300832,1,0,1,0
PA300807,0,0,0,0
PA301558,0,0,0,0
PA300540,0,0,0,0
PA301252,1,0,1,0
PA300578,0,0,0,0
PA300440,0,0,0,0
PA300383,0,0,0,0
PA301510,0,0,0,0
PA301298,1,0,1,0
PA300990,0,0,0,0
PA300627,1,0,1,0
PA300286,0,0,0,0
PA300845,0,0,0,0
PA301212,1,0,1,0
PA301400,0,0,0,0
PA301600,0,0,0,0
PA300754,0,0,0,0
PA301577,1,0,1,0
PA300235,1,0,1,0
PA300925,0,0,0,0
PA301606,0,0,0,0
PA301198,1,0,1,0
PA301800,0,0,0,0
PA301605,1,0,1,0
PA301798,1,0,1,0
PA301358,0,0,0,0
PA301547,1,0,1,0
PA301756,0,0,0,0
PA301688,0,0,0,0
PA300556,0,0,0,0
PA301104,1,0,1,0
PA301226,0,0,0,0
PA300548,0,0,0,0
PA301766,0,0,0,0
PA300843,0,0,0,0
PA300907,1,0,1,0
PA300099,1,0,1,0
PA301719,0,0,0,0
PA301649,0,0,0,0
PA300809,0,0,0,0
PA300842,0,0,0,0
PA301020,1,0,1,0
PA300808,0,0,0,0
PA300354,0,0,0,0
PA301835,1,0,1,0
PA301981,0,0,0,0
PA301980,0,0,0,0
PA300930,0,0,0,0
PA301560,0,0,0,0
PA301204,0,0,0,0
PA300310,0,0,0,0
PA300098,0,0,0,0
PA300558,0,0,0,0
PA301341,0,0,0,0
PA300023,1,0,1,0
PA300308,0,0,0,0
PA300402,0,0,0,0
PA301840,0,0,0,0
PA301043,0,0,0,0
PA301485,0,0,0,0
PA300474,1,0,1,0
PA300416,1,0,1,0
PA300100,1,0,1,0
PA300068,1,0,1,0
PA301911,0,0,0,0
PA301297,0,0,0,0
PA301419,0,0,0,0
PA301748,0,0,0,0
PA300947,0,0,0,0
PA301801,0,0,0,0
PA300404,0,0,0,0
PA301247,0,0,0,0
PA301180,1,0,1,0
PA300253,0,0,0,0
PA300541,0,0,0,0
PA301062,0,0,0,0
PA301085,0,0,0,0
PA300455,1,0,1,0
PA301940,0,0,0,0
PA300277,1,0,1,0
PA300804,0,0,0,0
PA301881,0,0,0,0
PA300825,0,0,0,0
PA301694,0,0,0,0
PA300103,0,0,0,0
PA301338,0,0,0,0
PA300346,0,0,0,0
PA301524,0,0,0,0
PA301312,0,0,0,0
PA300121,0,0,0,0
PA300576,0,0,0,0
PA301162,0,0,0,0
PA301906,0,0,0,0
PA301939,0,0,0,0
PA301870,0,0,0,0
PA301022,1,0,1,0
PA301375,0,0,0,0
PA301503,0,0,0,0
PA301505,0,0,0,0
PA301042,1,0,1,0
PA301934,0,0,0,0
PA300215,0,0,0,0
PA301404,0,0,0,0
PA300727,0,0,0,0
PA301727,1,0,1,0
PA301876,0,0,0,0
PA300056,0,0,0,0
PA300067,1,0,1,0
PA301546,1,0,1,0
PA300519,0,0,0,0
PA301197,1,0,1,0
PA301687,0,0,0,0
PA300320,1,0,1,0
PA300902,0,0,0,0
PA300195,0,0,0,0
PA300840,1,0,1,0
PA300769,1,0,1,0
PA301386,0,0,0,0
PA301574,0,0,0,0
PA300047,1,0,1,0
PA300533,0,0,0,0
PA300163,0,0,0,0
PA301673,0,0,0,0
PA300092,0,0,0,0
PA300505,0,0,0,0
PA301405,0,0,0,0
PA301323,0,0,0,0
PA301540,0,0,0,0
PA300654,0,0,0,0
PA301225,1,0,1,0
PA301044,0,0,0,0
PA300250,0,0,0,0
PA300550,0,0,0,0
PA301239,0,0,0,0
PA300992,0,0,0,0
PA301484,1,0,1,0
PA301633,0,0,0,0
PA300021,0,0,0,0
PA301372,0,0,0,0
PA300230,0,0,0,0
PA300153,0,0,0,0
PA301526,0,0,0,0
PA300233,0,0,0,0
PA300991,0,0,0,0
PA300911,0,0,0,0
PA301196,1,0,1,0
PA301173,0,0,0,0
PA301512,0,0,0,0
PA300642,0,0,0,0
PA301143,0,0,0,0
PA300433,1,0,1,0
PA300682,0,0,0,0
PA301129,0,0,0,0
PA300836,0,0,0,0
PA300031,1,0,1,0
PA300787,1,0,1,0
PA301695,0,0,0,0
PA300544,0,0,0,0
PA300522,0,0,0,0
PA300897,0,0,0,0
PA301240,0,0,0,0
PA301749,0,0,0,0
PA300124,1,0,1,0
PA301833,0,0,0,0
PA300750,0,0,0,0
PA301399,1,0,1,0
PA301343,0,0,0,0
PA300188,0,0,0,0
PA300878,0,0,0,0
PA301784,0,0,0,0
PA301533,1,0,1,0
PA300934,0,0,0,0
PA300079,0,0,0,0
PA300922,0,0,0,0
PA301060,0,0,0,0
PA300734,0,0,0,0
PA300898,0,0,0,0
PA300621,0,0,0,0
PA301827,0,0,0,0
PA300697,0,0,0,0
PA300511,0,0,0,0
PA301794,0,0,0,0
PA300824,0,0,0,0
PA300871,0,0,0,0
PA301370,0,0,0,0
PA301611,0,0,0,0
PA300745,0,0,0,0
PA300729,0,0,0,0
PA301324,1,0,1,0
PA301506,0,0,0,0
PA300115,0,0,0,0
PA300599,0,0,0,0
PA301957,0,0,0,0
PA301065,0,0,0,0
PA300966,0,0,0,0
PA300301,1,0,1,0
PA301641,0,0,0,0
PA300685,0,0,0,0
PA300181,1,0,1,0
PA301125,1,0,1,0
PA301000,0,0,0,0
PA300788,0,0,0,0
PA300704,0,0,0,0
PA300326,0,0,0,0
PA300589,0,0,0,0
PA301325,1,0,1,0
PA301862,0,0,0,0
PA300722,0,0,0,0
PA300957,0,0,0,0
PA301142,0,0,0,0
PA301303,0,0,0,0
PA301068,0,0,0,0
PA300777,0,0,0,0
PA300839,0,0,0,0
PA301994,0,0,0,0
PA301915,0,0,0,0
PA300406,0,0,0,0
PA301787,0,0,0,0
PA301765,0,0,0,0
PA300027,0,0,0,0
PA301592,0,0,0,0
PA301674,0,0,0,0
PA300643,1,0,1,0
PA301951,0,0,0,0
PA300317,1,0,1,0
PA300033,0,0,0,0
PA300332,0,0,0,0
PA300297,1,0,1,0
PA301675,0,0,0,0
PA301340,0,0,0,0
PA301536,1,0,1,0
PA301657,0,0,0,0
PA300006,0,0,0,0
PA300831,0,0,0,0
PA301868,0,0,0,0
PA300464,0,0,0,0
PA300699,1,0,1,0
PA301090,0,0,0,0
PA301371,0,0,0,0
PA300956,0,0,0,0
PA300498,0,0,0,0
PA301565,0,0,0,0
PA300444,1,0,1,0
PA301744,1,0,1,0
PA300431,0,0,0,0
PA301413,0,0,0,0
PA301087,0,0,0,0
PA301572,0,0,0,0
PA300101,0,0,0,0
PA301235,0,0,0,0
PA301802,0,0,0,0
PA301021,1,0,1,0
PA301872,0,0,0,0
PA301682,0,0,0,0
PA300728,0,0,0,0
PA300797,0,0,0,0
PA301402,1,0,1,0
PA301430,0,0,0,0
PA300774,0,0,0,0
PA300283,0,0,0,0
PA300275,0,0,0,0
PA301163,0,0,0,0
PA300055,0,0,0,0
PA301847,0,0,0,0
PA300173,0,0,0,0
PA300294,0,0,0,0
PA300053,1,0,1,0
PA300806,0,0,0,0
PA300785,0,0,0,0
PA300184,0,0,0,0
PA300117,0,0,0,0
PA301493,1,0,1,0
PA301728,0,0,0,0
PA301789,1,0,1,0
PA300942,0,0,0,0
PA300185,0,0,0,0
PA300581,0,0,0,0
PA300996,0,0,0,0
PA301453,0,0,0,0
PA300764,0,0,0,0
PA301377,0,0,0,0
PA301398,1,0,1,0
PA300158,0,0,0,0
PA300247,0,0,0,0
PA301514,0,0,0,0
PA300730,1,0,1,0
PA300403,0,0,0,0
PA301036,0,0,0,0
PA300366,1,0,1,0
PA300468,0,0,0,0
PA300499,0,0,0,0
PA301114,0,0,0,0
PA301796,1,0,1,0
PA301418,0,0,0,0
PA301943,1,0,1,0
PA300585,0,0,0,0
PA301591,0,0,0,0
PA301159,0,0,0,0
PA300758,0,0,0,0
PA300651,1,0,1,0
PA300030,0,0,0,0
PA300421,0,0,0,0
PA300266,0,0,0,0
PA301651,0,0,0,0
PA301422,0,0,0,0
PA300274,1,0,1,0
PA301747,0,0,0,0
PA300447,0,0,0,0
PA300302,0,0,0,0
PA301871,0,0,0,0
PA300904,0,0,0,0
PA301286,1,0,1,0
PA300970,0,0,0,0
PA300228,0,0,0,0
PA301052,0,0,0,0
PA300171,0,0,0,0
PA301553,0,0,0,0
PA301426,1,0,1,0
PA300408,0,0,0,0
PA301245,0,0,0,0
PA300372,0,0,0,0
PA300167,1,0,1,0
PA300524,0,0,0,0
PA301613,0,0,0,0
PA301178,1,0,1,0
PA300720,0,0,0,0
PA300993,0,0,0,0
PA300579,0,0,0,0
PA300382,0,0,0,0
PA300466,1,0,1,0
PA300486,0,0,0,0
PA301907,0,0,0,0
PA300041,0,0,0,0
PA301166,0,0,0,0
PA300169,0,0,0,0
PA301470,0,0,0,0
PA300397,0,0,0,0
PA301260,0,0,0,0
PA301917,0,0,0,0
PA301118_DUP,0,0,0,0
PA300917_DUP,0,0,0,0
PA301837_DUP,0,0,0,0
PA300503_DUP,1,0,1,0
PA301409_DUP,0,0,0,0
PA301795_DUP,1,0,1,0
PA300353_DUP,0,0,0,0
PA300984_DUP,0,0,0,0
PA300038_DUP,0,0,0,0
PA301158_DUP,0,0,0,0
PA301653_DUP,0,0,0,0
PA301392_DUP,0,0,0,0
PA301016_DUP,1,0,1,0
PA301929_DUP,0,0,0,0
PA301553_DUP,0,0,0,0
PA300363_DUP,0,0,0,0
PA301797_DUP,0,0,0,0
PA301187_DUP,0,0,0,0
PA300956_DUP,0,0,0,0
PA301838_DUP,0,0,0,0
PA301037_DUP,0,0,0,0
PA301005_DUP,0,0,0,0
PA301681_DUP,0,0,0,0
PA301564_DUP,0,0,0,0
PA301004_DUP,0,0,0,0
PA300847_DUP,0,0,0,0
PA301516_DUP,0,0,0,0
PA301026_DUP,1,0,1,0
PA301342_DUP,1,0,1,0
PA300114_DUP,1,0,1,0
PA301745_DUP,0,0,0,0
PA301320_DUP,0,0,0,0
PA301984_DUP,1,0,1,0
PA301490_DUP,0,0,0,0
PA301847_DUP,0,0,0,0
PA300228_DUP,0,0,0,0
PA301464_DUP,0,0,0,0
PA301639_DUP,1,0,1,0
PA300372_DUP,0,0,0,0
PA300743_DUP,0,0,0,0
PA300455_DUP,1,0,1,0
PA301495_DUP,0,0,0,0
PA301899_DUP,0,0,0,0
PA301702_DUP,0,0,0,0
