Provider_NPI,total_claims,total_billed_amount,average_billed_amount,median_billed_amount,total_allowed_amount,average_allowed_amount,total_paid_amount,average_paid_amount,average_processing_latency,average_retry_count,denial_count,denial_rate,SLA_breach_count,SLA_breach_rate
1003101346.0,1,1443.05,1443.05,1443.05,1154.44,1154.44,1154.44,1154.44,3.0,2.0,0,0.0,0,0.0
1003270430.0,6,4895.34,815.89,762.395,3654.11,609.0183333333333,4765.62,794.27,0.0,1.0,0,0.0,0,0.0
1003293465.0,4,6769.03,1692.2575,1806.235,5045.71,1261.4275,5045.71,1261.4275,1.5,1.25,0,0.0,0,0.0
1003397878.0,2,1523.42,761.71,761.71,1212.83,606.415,1212.83,606.415,-1.0,1.0,0,0.0,0,0.0
1003437344.0,4,17777.420000000002,4444.3550000000005,1360.35,14221.9,3555.475,-8622.78,-2155.695,-1.25,0.5,0,0.0,0,0.0
1003804725.0,1,704.2,704.2,704.2,0.0,0.0,0.0,0.0,-1.0,3.0,0,0.0,0,0.0
1003858176.0,1,780.27,780.27,780.27,624.21,624.21,624.21,624.21,2.0,1.0,0,0.0,0,0.0
1003866732.0,2,2431.8199999999997,1215.9099999999999,1215.9099999999999,1945.4499999999998,972.7249999999999,1945.4499999999998,972.7249999999999,-4.0,2.0,0,0.0,0,0.0
1003866740.0,10,7599.679999999999,759.968,748.44,6079.79,607.979,6079.79,607.979,-2.6,1.2,1,0.1,0,0.0
1013002765.0,1,226.25,226.25,226.25,0.0,0.0,0.0,0.0,-6.0,1.0,0,0.0,0,0.0
1013088756.0,2,1442.84,721.42,721.42,1154.27,577.135,1154.27,577.135,-1.0,1.5,0,0.0,0,0.0
1013105568.0,4,5253.37,1313.3425,1514.705,3382.95,845.7375,3382.95,845.7375,-6.75,1.0,1,0.25,0,0.0
1013162148.0,1,1053.94,1053.94,1053.94,0.0,0.0,0.0,0.0,3.0,1.0,0,0.0,0,0.0
1013277060.0,5,7574.71,1514.942,1201.65,5875.21,1175.042,5875.21,1175.042,-1.4,0.4,0,0.0,0,0.0
1013334002.0,5,6420.82,1284.164,1337.16,4742.79,948.558,4742.79,948.558,-1.6,0.2,0,0.0,0,0.0
1013345149.0,11,14852.35,1350.2136363636364,1330.86,12203.32,1109.3927272727271,12203.32,1109.3927272727271,-0.7272727272727273,0.6363636363636364,0,0.0,0,0.0
1013355726.0,10,15051.94,1505.194,1241.085,10436.24,1043.624,10436.24,1043.624,-0.7,1.0,0,0.0,0,0.0
1013436260.0,1,809.28,809.28,809.28,572.96,572.96,572.96,572.96,-6.0,2.0,0,0.0,0,0.0
1013588466.0,1,2670.57,2670.57,2670.57,2136.46,2136.46,2136.46,2136.46,0.0,0.0,0,0.0,0,0.0
1013908201.0,3,6527.639999999999,2175.8799999999997,2248.21,5222.12,1740.7066666666667,5222.12,1740.7066666666667,-1.0,0.0,0,0.0,0,0.0
1013933944.0,1,1398.92,1398.92,1398.92,1119.14,1119.14,1119.14,1119.14,-1.0,0.0,0,0.0,0,0.0
1013944479.0,3,4882.09,1627.3633333333335,1504.13,3724.44,1241.48,3724.44,1241.48,-1.0,1.3333333333333333,0,0.0,0,0.0
1013951706.0,1,859.75,859.75,859.75,687.8,687.8,687.8,687.8,2.0,2.0,0,0.0,0,0.0
1013995133.0,13,9757.19,750.553076923077,723.14,7805.599999999999,600.4307692307692,7805.599999999999,600.4307692307692,0.15384615384615385,0.38461538461538464,0,0.0,0,0.0
1013997691.0,1,989.36,989.36,989.36,791.48,791.48,791.48,791.48,6.0,0.0,0,0.0,0,0.0
1023009339.0,2,1918.15,959.075,959.075,1918.15,959.075,1918.15,959.075,0.5,2.0,0,0.0,0,0.0
1023062098.0,1,295.28,295.28,295.28,236.22,236.22,236.22,236.22,-6.0,3.0,0,0.0,0,0.0
1023177250.0,1,13043.23,13043.23,13043.23,10434.59,10434.59,10434.59,10434.59,-3.0,0.0,0,0.0,0,0.0
1023191467.0,3,11394.53,3798.1766666666667,833.28,11010.67,3670.2233333333334,11010.67,3670.2233333333334,0.6666666666666666,1.0,0,0.0,0,0.0
1023240520.0,1,496.28,496.28,496.28,397.02,397.02,397.02,397.02,2.0,0.0,0,0.0,0,0.0
1023271855.0,3,6344.75,2114.9166666666665,2127.08,4569.93,1523.3100000000002,4569.93,1523.3100000000002,0.6666666666666666,0.3333333333333333,0,0.0,0,0.0
1023284924.0,1,819.04,819.04,819.04,655.22,655.22,655.22,655.22,0.0,0.0,0,0.0,0,0.0
1023328002.0,2,10660.18,5330.09,5330.09,8528.130000000001,4264.0650000000005,8528.130000000001,4264.0650000000005,0.0,1.0,0,0.0,0,0.0
1023351913.0,2,2788.84,1394.42,1394.42,2231.0699999999997,1115.5349999999999,2231.0699999999997,1115.5349999999999,-3.0,1.0,0,0.0,0,0.0
1023432424.0,1,1137.2,1137.2,1137.2,725.09,725.09,725.09,725.09,5.0,0.0,0,0.0,0,0.0
1023474244.0,2,3635.0,1817.5,1817.5,2778.71,1389.355,2778.71,1389.355,1.0,0.0,0,0.0,0,0.0
1023560331.0,1,746.01,746.01,746.01,596.81,596.81,596.81,596.81,-8.0,0.0,0,0.0,0,0.0
1023603024.0,4,3309.75,827.4375,785.27,2722.03,680.5075,2722.03,680.5075,-1.25,1.5,0,0.0,0,0.0
1023629425.0,1,727.6,727.6,727.6,727.6,727.6,727.6,727.6,2.0,1.0,0,0.0,0,0.0
1023663879.0,2,2002.76,1001.38,1001.38,1417.29,708.645,1417.29,708.645,-5.0,1.5,0,0.0,0,0.0
1023668183.0,1,392.91,392.91,392.91,314.34,314.34,314.34,314.34,-2.0,3.0,0,0.0,0,0.0
1023671740.0,7,56262.1100939033,8037.4442991290425,998.95,6794.82,970.6885714285714,6794.82,970.6885714285714,-3.0,0.42857142857142855,0,0.0,0,0.0
1033166095.0,2,2806.37,1403.185,1403.185,1872.31,936.155,1872.31,936.155,0.0,1.5,0,0.0,0,0.0
1033210166.0,1,1139.72,1139.72,1139.72,911.78,911.78,911.78,911.78,3.0,0.0,0,0.0,0,0.0
1033214416.0,13,19551.23,1503.940769230769,1420.79,15895.15,1222.7038461538461,15895.15,1222.7038461538461,-0.8333333333333334,1.2307692307692308,0,0.0,0,0.0
1033218565.0,1,733.64,733.64,733.64,400.51,400.51,400.51,400.51,1.0,0.0,0,0.0,0,0.0
1033284666.0,1,1099.49,1099.49,1099.49,879.6,879.6,879.6,879.6,-2.0,0.0,0,0.0,0,0.0
1033298757.0,3,4079.46,1359.82,1316.55,2704.36,901.4533333333334,2704.36,901.4533333333334,-1.3333333333333333,1.0,0,0.0,0,0.0
1033304373.0,1,1408.91,1408.91,1408.91,1127.13,1127.13,1127.13,1127.13,5.0,1.0,0,0.0,0,0.0
1033321989.0,3,5131.15,1710.3833333333332,1848.64,3554.1,1184.7,3554.1,1184.7,-1.6666666666666667,0.0,0,0.0,0,0.0
1033359468.0,2,11574.61,5787.305,5787.305,11376.12,5688.06,11376.12,5688.06,-4.5,3.0,0,0.0,0,0.0
1033400205.0,1,1693.37,1693.37,1693.37,1693.37,1693.37,1693.37,1693.37,2.0,0.0,0,0.0,0,0.0
1033428214.0,1,1716.93,1716.93,1716.93,1188.46,1188.46,1188.46,1188.46,6.0,2.0,0,0.0,0,0.0
1033514302.0,2,2319.07,1159.535,1159.535,2081.28,1040.64,2081.28,1040.64,-0.5,1.5,0,0.0,0,0.0
1033573183.0,2,1914.1,957.05,957.05,1167.49,583.745,1167.49,583.745,1.5,0.5,0,0.0,0,0.0
1033579412.0,2,2365.65,1182.825,1182.825,0.0,0.0,0.0,0.0,-3.0,1.0,0,0.0,0,0.0
1033605613.0,2,4619.780000000001,2309.8900000000003,2309.8900000000003,2130.88,1065.44,2130.88,1065.44,0.0,3.0,0,0.0,0,0.0
1033618616.0,1,817.73,817.73,817.73,654.18,654.18,654.18,654.18,2.0,0.0,0,0.0,0,0.0
1033619804.0,1,1080.0,1080.0,1080.0,1080.0,1080.0,1080.0,1080.0,1.0,0.0,0,0.0,0,0.0
1033756861.0,3,3278.18,1092.7266666666667,851.0,2371.79,790.5966666666667,2371.79,790.5966666666667,1.0,1.3333333333333333,0,0.0,0,0.0
1043263080.0,1,789.1,789.1,789.1,759.1,759.1,759.1,759.1,0.0,2.0,0,0.0,0,0.0
1043263221.0,1,1618.48,1618.48,1618.48,1588.48,1588.48,1588.48,1588.48,-2.0,0.0,0,0.0,0,0.0
1043299001.0,1,573.98,573.98,573.98,459.18,459.18,459.18,459.18,-4.0,0.0,0,0.0,0,0.0
1043307580.0,2,2187.4700000000003,1093.7350000000001,1093.7350000000001,1749.98,874.99,1749.98,874.99,-6.0,1.5,0,0.0,0,0.0
1043315286.0,3,3770.15,1256.7166666666667,1225.73,3016.1,1005.3666666666667,1707.74,569.2466666666667,-0.6666666666666666,0.3333333333333333,0,0.0,0,0.0
1043389398.0,1,1067.41,1067.41,1067.41,853.92,853.92,853.92,853.92,1.0,0.0,0,0.0,0,0.0
1043510241.0,4,5799.2,1449.8,1488.205,4639.37,1159.8425,4639.37,1159.8425,0.0,1.0,0,0.0,0,0.0
1043512023.0,1,912.98,912.98,912.98,730.38,730.38,730.38,730.38,0.0,0.0,0,0.0,0,0.0
1043790983.0,1,1700.38,1700.38,1700.38,1173.9,1173.9,1173.9,1173.9,2.0,0.0,0,0.0,0,0.0
1043796733.0,2,3265.87,1632.935,1632.935,2612.68,1306.34,2612.68,1306.34,-8.0,1.5,0,0.0,0,0.0
1053311373.0,1,1053.94,1053.94,1053.94,843.15,843.15,843.15,843.15,-1.0,3.0,0,0.0,0,0.0
1053326751.0,2,3435.08,1717.54,1717.54,2564.9700000000003,1282.4850000000001,-759.3700000000001,-379.68500000000006,-1.0,0.0,0,0.0,0,0.0
1053481630.0,1,119.05,119.05,119.05,0.0,0.0,0.0,0.0,2.0,3.0,0,0.0,0,0.0
1053482273.0,51,50628.45,992.7147058823529,932.56,32208.15,631.5323529411766,30535.85,598.7421568627451,-2.22,0.7058823529411765,0,0.0,0,0.0
1053582098.0,3,1904.22,634.74,583.2,1523.3799999999999,507.7933333333333,1523.3799999999999,507.7933333333333,0.3333333333333333,1.0,0,0.0,0,0.0
1053637249.0,1,1330.86,1330.86,1330.86,1064.69,1064.69,1064.69,1064.69,-2.0,0.0,0,0.0,0,0.0
1053780734.0,1,2085.17,2085.17,2085.17,1668.14,1668.14,1668.14,1668.14,3.0,0.0,0,0.0,0,0.0
1053789511.0,1,1517.56,1517.56,1517.56,1214.05,1214.05,1214.05,1214.05,-1.0,0.0,0,0.0,0,0.0
1053839795.0,1,10159.86,10159.86,10159.86,8127.89,8127.89,8127.89,8127.89,-3.0,3.0,0,0.0,0,0.0
1053853234.0,1,6258.47,6258.47,6258.47,5006.77,5006.77,5006.77,5006.77,-2.0,2.0,0,0.0,0,0.0
1053980110.0,1,994.99,994.99,994.99,614.77,614.77,614.77,614.77,-1.0,0.0,0,0.0,0,0.0
1063411874.0,1,1199.19,1199.19,1199.19,776.12,776.12,776.12,776.12,-2.0,2.0,0,0.0,0,0.0
1063422756.0,1,708.9,708.9,708.9,383.18,383.18,383.18,383.18,1.0,0.0,0,0.0,0,0.0
1063433720.0,1,1270.89,1270.89,1270.89,1016.72,1016.72,1016.72,1016.72,-1.0,2.0,0,0.0,0,0.0
1063438133.0,1,1284.76,1284.76,1284.76,1027.8,1027.8,1027.8,1027.8,-3.0,0.0,0,0.0,0,0.0
1063462976.0,2,1690.15,845.075,845.075,982.5,491.25,982.5,491.25,-3.0,1.0,0,0.0,0,0.0
1063617744.0,3,3323.46,1107.82,1325.25,2235.87,745.29,2235.87,745.29,-4.666666666666667,1.0,0,0.0,0,0.0
1063654341.0,2,2586.48,1293.24,1293.24,2065.04,1032.52,2065.04,1032.52,-1.0,0.0,0,0.0,0,0.0
1063668473.0,4,7772.889999999999,1943.2224999999999,1620.445,6218.33,1554.5825,6218.33,1554.5825,0.25,2.25,0,0.0,0,0.0
1063683332.0,1,987.0,987.0,987.0,789.6,789.6,789.6,789.6,6.0,0.0,0,0.0,0,0.0
1063723617.0,3,3299.5099999999998,1099.8366666666666,950.81,2639.5899999999997,879.8633333333332,2639.5899999999997,879.8633333333332,-1.0,1.0,0,0.0,0,0.0
1073091328.0,4,53366.64,13341.66,16338.685000000001,42506.95,10626.7375,42506.95,10626.7375,0.0,0.0,0,0.0,0,0.0
1073144028.0,1,1632.05,1632.05,1632.05,1305.64,1305.64,1305.64,1305.64,2.0,0.0,0,0.0,0,0.0
1073192985.0,3,3151.91,1050.6366666666665,963.64,2335.12,778.3733333333333,2335.12,778.3733333333333,-4.0,1.0,0,0.0,0,0.0
1073547154.0,2,2447.99,1223.995,1223.995,1958.4099999999999,979.2049999999999,1958.4099999999999,979.2049999999999,0.5,1.5,0,0.0,0,0.0
1073552022.0,18,17498.74,972.1522222222223,769.92,13674.86,759.7144444444444,13674.86,759.7144444444444,1.2222222222222223,1.1666666666666667,0,0.0,0,0.0
1073576740.0,1,1001.68,1001.68,1001.68,801.35,801.35,801.35,801.35,-3.0,0.0,0,0.0,0,0.0
1073583472.0,17,20886.13,1228.5958823529413,1150.09,17358.58,1021.0929411764707,17358.58,1021.0929411764707,-1.4705882352941178,0.7058823529411765,0,0.0,0,0.0
1073740098.0,1,1931.88,1931.88,1931.88,1363.3,1363.3,1363.3,1363.3,-3.0,3.0,0,0.0,0,0.0
1073802492.0,1,778.36,778.36,778.36,613.56,613.56,613.56,613.56,2.0,0.0,0,0.0,0,0.0
1083009997.0,2,2273.5699999999997,1136.7849999999999,1136.7849999999999,1446.08,723.04,1446.08,723.04,0.0,0.0,0,0.0,0,0.0
1083086359.0,2,1989.47,994.735,994.735,1218.78,609.39,1218.78,609.39,0.5,1.5,0,0.0,0,0.0
1083145981.0,7,7152.62,1021.8028571428571,963.64,5722.08,817.4399999999999,5722.08,817.4399999999999,-4.714285714285714,0.8571428571428571,0,0.0,0,0.0
1083183180.0,2,1179.42,589.71,589.71,943.54,471.77,943.54,471.77,-1.5,2.5,0,0.0,0,0.0
1083606495.0,1,1199.19,1199.19,1199.19,772.95,772.95,772.95,772.95,4.0,0.0,0,0.0,0,0.0
1083629661.0,1,1029.87,1029.87,1029.87,823.89,823.89,823.89,823.89,2.0,0.0,0,0.0,0,0.0
1083685986.0,1,2118.28,2118.28,2118.28,1694.63,1694.63,1694.63,1694.63,0.0,0.0,0,0.0,0,0.0
1083860845.0,3,3423.1499999999996,1141.05,1261.24,1729.54,576.5133333333333,1729.54,576.5133333333333,-6.0,0.0,0,0.0,0,0.0
1083953442.0,5,23988.37,4797.674,1137.83,19190.76,3838.1519999999996,19190.76,3838.1519999999996,-2.6,1.8,0,0.0,0,0.0
1083959472.0,1,1196.93,1196.93,1196.93,771.16,771.16,771.16,771.16,-6.0,0.0,0,0.0,0,0.0
1083984587.0,1,1056.4,1056.4,1056.4,845.12,845.12,845.12,845.12,-3.0,0.0,0,0.0,0,0.0
1093026619.0,1,1659.17,1659.17,1659.17,1327.33,1327.33,1327.33,1327.33,4.0,0.0,0,0.0,0,0.0
1093054447.0,1,1241.69,1241.69,1241.69,993.36,993.36,993.36,993.36,5.0,0.0,0,0.0,0,0.0
1093259681.0,1,811.1,811.1,811.1,811.1,811.1,811.1,811.1,3.0,2.0,0,0.0,0,0.0
1093271579.0,7,8728.91,1246.9871428571428,1198.01,6438.3099999999995,919.7585714285714,6438.3099999999995,919.7585714285714,0.5714285714285714,0.2857142857142857,0,0.0,0,0.0
1093288797.0,1,926.5,926.5,926.5,554.8,554.8,554.8,554.8,-2.0,0.0,0,0.0,0,0.0
1093387524.0,1,9114.75,9114.75,9114.75,7291.8,7291.8,7291.8,7291.8,1.0,1.0,0,0.0,0,0.0
1093702177.0,2,250.77999999999997,125.38999999999999,125.38999999999999,2695.69,1347.845,2695.69,1347.845,0.5,3.0,0,0.0,0,0.0
1093703639.0,4,3037.83,759.4575,677.6949999999999,1792.87,448.2175,1792.87,448.2175,0.5,0.75,0,0.0,0,0.0
1093855736.0,3,8292.09,2764.03,763.65,6511.45,2170.483333333333,6511.45,2170.483333333333,0.3333333333333333,1.0,0,0.0,0,0.0
1093932683.0,3,4360.3,1453.4333333333334,1244.07,1606.27,535.4233333333333,1606.27,535.4233333333333,-2.0,0.0,0,0.0,0,0.0
1104056209.0,8,44874.92,5609.365,1820.97,35349.55,4418.69375,35349.55,4418.69375,-2.875,0.0,0,0.0,0,0.0
1104128487.0,3,3870.5,1290.1666666666667,1483.73,3709.6,1236.5333333333333,3709.6,1236.5333333333333,-1.3333333333333333,1.3333333333333333,0,0.0,0,0.0
1104150754.0,7,8736.84,1248.1200000000001,1201.04,7047.65,1006.8071428571428,7047.65,1006.8071428571428,-0.14285714285714285,0.8571428571428571,0,0.0,0,0.0
1104200492.0,1,2266.06,2266.06,2266.06,1812.85,1812.85,1812.85,1812.85,-3.0,0.0,0,0.0,0,0.0
1104247188.0,3,40078.270000000004,13359.423333333334,13730.34,35409.18,11803.06,35409.18,11803.06,0.0,2.0,0,0.0,0,0.0
1104249473.0,2,3805.63,1902.815,1902.815,3404.0,1702.0,3404.0,1702.0,-2.0,1.0,0,0.0,0,0.0
1104250786.0,5,5915.08,1183.016,1053.94,4732.05,946.4100000000001,4732.05,946.4100000000001,-2.4,1.0,0,0.0,0,0.0
1104288976.0,37,50279.67,1358.9099999999999,1244.06,43306.11,1170.4354054054054,43306.11,1170.4354054054054,-1.3243243243243243,0.7297297297297297,1,0.02702702702702703,0,0.0
1104316272.0,5,7746.53,1549.306,1633.26,6016.97,1203.394,6016.97,1203.394,-1.5,1.0,0,0.0,0,0.0
1104803444.0,2,17644.19,8822.095,8822.095,14330.45,7165.225,14330.45,7165.225,-1.5,1.5,0,0.0,0,0.0
1104860808.0,1,953.4,953.4,953.4,762.72,762.72,762.72,762.72,0.0,3.0,0,0.0,0,0.0
1104875095.0,1,299.63,299.63,299.63,239.7,239.7,239.7,239.7,2.0,0.0,0,0.0,0,0.0
1104879469.0,2,1510.87,755.435,755.435,1208.69,604.345,1208.69,604.345,-1.5,0.5,0,0.0,0,0.0
1104905702.0,2,3223.85,1611.925,1611.925,2392.68,1196.34,2392.68,1196.34,-5.5,2.0,0,0.0,0,0.0
1104917780.0,2,2639.77,1319.885,1319.885,1929.13,964.565,1929.13,964.565,-5.0,0.0,0,0.0,0,0.0
1104939487.0,1,779.76,779.76,779.76,779.76,779.76,779.76,779.76,4.0,0.0,0,0.0,0,0.0
1104998624.0,2,2035.43,1017.715,1017.715,1628.36,814.18,1628.36,814.18,-4.0,0.0,0,0.0,0,0.0
1114050903.0,5,6046.78,1209.356,1362.91,5196.65,1039.33,5196.65,1039.33,-1.0,1.8,0,0.0,0,0.0
1114074622.0,7,60068.133268718,8581.161895531142,1250.69,31799.690000000002,4542.812857142858,32777.31,4682.472857142857,-3.0,0.5714285714285714,0,0.0,0,0.0
1114171949.0,4,25318.28,6329.57,1762.1799999999998,20254.620000000003,5063.655000000001,20254.620000000003,5063.655000000001,1.0,0.5,0,0.0,0,0.0
1114213972.0,1,701.97,701.97,701.97,561.58,561.58,561.58,561.58,-7.0,1.0,0,0.0,0,0.0
1114218385.0,1,2198.02,2198.02,2198.02,1572.02,1572.02,1572.02,1572.02,3.0,3.0,0,0.0,0,0.0
1114278009.0,2,1759.38,879.69,879.69,782.37,391.185,782.37,391.185,0.0,0.0,0,0.0,0,0.0
1114462272.0,2,2074.67,1037.335,1037.335,1487.92,743.96,1487.92,743.96,0.0,0.5,0,0.0,0,0.0
1114481447.0,2,2337.8199999999997,1168.9099999999999,1168.9099999999999,2100.0,1050.0,2100.0,1050.0,2.0,3.0,0,0.0,0,0.0
1114498540.0,1,267.5,267.5,267.5,27.6,27.6,27.6,27.6,-4.0,0.0,0,0.0,0,0.0
1114548930.0,1,774.25,774.25,774.25,434.7,434.7,434.7,434.7,-4.0,1.0,0,0.0,0,0.0
1114553948.0,3,3698.08,1232.6933333333334,1183.23,3419.56,1139.8533333333332,3419.56,1139.8533333333332,-0.3333333333333333,1.0,0,0.0,0,0.0
1114906906.0,3,2114.94,704.98,719.2,1808.5900000000001,602.8633333333333,1808.5900000000001,602.8633333333333,2.0,2.0,0,0.0,0,0.0
1124016696.0,3,5612.29,1870.7633333333333,1798.93,4117.04,1372.3466666666666,4117.04,1372.3466666666666,1.6666666666666667,0.6666666666666666,0,0.0,0,0.0
1124059753.0,2,2902.58,1451.29,1451.29,2322.06,1161.03,2322.06,1161.03,-3.0,1.0,0,0.0,0,0.0
1124078019.0,5,6779.51,1355.902,1028.58,5240.27,1048.054,5240.27,1048.054,-0.2,0.4,0,0.0,0,0.0
1124084488.0,2,1390.51,695.255,695.255,1390.51,695.255,1390.51,695.255,-2.5,1.5,0,0.0,0,0.0
1124169073.0,2,4511.9,2255.95,2255.95,4049.8199999999997,2024.9099999999999,4049.8199999999997,2024.9099999999999,2.5,1.0,0,0.0,0,0.0
1124177407.0,3,4622.57,1540.8566666666666,1472.81,3391.19,1130.3966666666668,3391.19,1130.3966666666668,-2.3333333333333335,0.3333333333333333,0,0.0,0,0.0
1124224928.0,1,865.31,865.31,865.31,692.24,692.24,692.24,692.24,-2.0,0.0,0,0.0,0,0.0
1124270715.0,26,43327.72,1666.4507692307693,887.46,33495.53,1288.2896153846154,33495.53,1288.2896153846154,-0.038461538461538464,0.8076923076923077,0,0.0,0,0.0
1124272547.0,1,615.2,615.2,615.2,492.16,492.16,492.16,492.16,2.0,0.0,0,0.0,0,0.0
1124320106.0,1,1569.11,1569.11,1569.11,1244.4,1244.4,1244.4,1244.4,4.0,1.0,0,0.0,0,0.0
1124373022.0,3,989.36,329.7866666666667,853.36,1608.52,536.1733333333333,1608.52,536.1733333333333,-0.3333333333333333,0.0,0,0.0,0,0.0
1124373113.0,4,5463.01,1365.7525,1378.1950000000002,3139.2299999999996,784.8074999999999,3139.2299999999996,784.8074999999999,-2.25,0.0,0,0.0,0,0.0
1124381793.0,1,1108.23,1108.23,1108.23,886.58,886.58,886.58,886.58,-3.0,0.0,0,0.0,0,0.0
1124430319.0,20,54716.630000000005,2735.8315000000002,1053.94,43027.65,2151.3825,43785.45,2189.2725,-2.35,0.95,0,0.0,0,0.0
1124539648.0,1,1367.87,1367.87,1367.87,1367.87,1367.87,1367.87,1367.87,-1.0,2.0,0,0.0,0,0.0
1124571815.0,2,1352.75,676.375,676.375,1352.75,676.375,1352.75,676.375,2.0,0.5,0,0.0,0,0.0
1134172489.0,2,13918.36,6959.18,6959.18,11134.68,5567.34,11134.68,5567.34,-3.0,0.0,0,0.0,0,0.0
1134227689.0,2,1287.64,643.82,643.82,1140.77,570.385,1140.77,570.385,-1.0,1.0,0,0.0,0,0.0
1134246747.0,1,1089.67,1089.67,1089.67,688.36,688.36,688.36,688.36,6.0,0.0,0,0.0,0,0.0
1134276074.0,1,2254.72,2254.72,2254.72,1708.7,1708.7,1708.7,1708.7,3.0,0.0,0,0.0,0,0.0
1134306368.0,5,14145.09,2829.018,816.8,10756.86,2151.3720000000003,10756.86,2151.3720000000003,0.5,1.8,0,0.0,0,0.0
1134351760.0,6,5003.719999999999,833.9533333333333,839.405,3520.82,586.8033333333334,3520.82,586.8033333333334,-0.6666666666666666,1.0,0,0.0,0,0.0
1134422470.0,1,1938.43,1938.43,1938.43,1550.74,1550.74,1550.74,1550.74,-6.0,0.0,0,0.0,0,0.0
1134512650.0,1,1469.32,1469.32,1469.32,1175.46,1175.46,1175.46,1175.46,-1.0,2.0,0,0.0,0,0.0
1134527708.0,3,888.74,296.24666666666667,69.58,538.5,179.5,538.5,179.5,-2.3333333333333335,0.6666666666666666,0,0.0,0,0.0
1134532062.0,2,2096.4399999999996,1048.2199999999998,1048.2199999999998,2096.4399999999996,1048.2199999999998,2096.4399999999996,1048.2199999999998,-5.0,0.0,0,0.0,0,0.0
1134586043.0,1,2622.21,2622.21,2622.21,2097.77,2097.77,2097.77,2097.77,5.0,0.0,0,0.0,0,0.0
1134606403.0,44,28539.18,648.6177272727273,812.9,39305.01,893.2956818181818,40605.63,922.8552272727272,-1.0454545454545454,0.8181818181818182,1,0.022727272727272728,0,0.0
1144209271.0,1,1742.48,1742.48,1742.48,1742.48,1742.48,1742.48,1742.48,-2.0,0.0,0,0.0,0,0.0
1144227588.0,1,1268.21,1268.21,1268.21,1014.56,1014.56,1014.56,1014.56,1.0,0.0,0,0.0,0,0.0
1144230640.0,2,3009.8999999999996,1504.9499999999998,1504.9499999999998,2407.92,1203.96,2407.92,1203.96,-2.0,0.5,0,0.0,0,0.0
1144419284.0,5,6007.45,1201.49,1382.11,4623.49,924.698,4623.49,924.698,-1.2,0.8,0,0.0,0,0.0
1144419813.0,1,972.39,972.39,972.39,777.91,777.91,777.91,777.91,-1.0,2.0,0,0.0,0,0.0
1144589425.0,3,3410.3,1136.7666666666667,1058.3,2359.16,786.3866666666667,2359.16,786.3866666666667,0.6666666666666666,0.6666666666666666,0,0.0,0,0.0
1144692674.0,7,10334.92,1476.4171428571428,1469.32,8085.18,1155.0257142857142,8085.18,1155.0257142857142,2.0,0.8571428571428571,0,0.0,0,0.0
1144695081.0,2,2245.87,1122.935,1122.935,1796.69,898.345,1796.69,898.345,0.0,0.5,0,0.0,0,0.0
1144733031.0,6,7922.290000000001,1320.381666666667,1192.4,5971.54,995.2566666666667,5971.54,995.2566666666667,-1.1666666666666667,0.8333333333333334,0,0.0,0,0.0
1144890013.0,1,843.63,843.63,843.63,771.79,771.79,771.79,771.79,-1.0,0.0,0,0.0,0,0.0
1154308518.0,2,1200.88,600.44,600.44,960.71,480.355,960.71,480.355,-2.5,1.5,0,0.0,0,0.0
1154342335.0,2,3327.34,1663.67,1663.67,2291.64,1145.82,2291.64,1145.82,-2.0,1.5,0,0.0,0,0.0
1154368553.0,1,254.9,254.9,254.9,203.92,203.92,203.92,203.92,-5.0,0.0,0,0.0,0,0.0
1154386431.0,4,4052.18,1013.045,928.46,3241.75,810.4375,3241.75,810.4375,-3.25,1.5,0,0.0,0,0.0
1154464097.0,7,89323.5986432947,12760.514091899242,1643.4,7112.55,1016.0785714285714,7112.55,1016.0785714285714,-2.4285714285714284,0.8571428571428571,0,0.0,0,0.0
1154510808.0,1,1637.98,1637.98,1637.98,1637.98,1637.98,1637.98,1637.98,1.0,3.0,0,0.0,0,0.0
1154600344.0,2,1965.56,982.78,982.78,1268.08,634.04,1268.08,634.04,-5.5,1.5,0,0.0,0,0.0
1154625606.0,1,1473.16,1473.16,1473.16,995.54,995.54,995.54,995.54,1.0,0.0,0,0.0,0,0.0
1154746899.0,1,2063.6,2063.6,2063.6,1650.88,1650.88,1650.88,1650.88,-4.0,3.0,0,0.0,0,0.0
1154747590.0,1,1100.5,1100.5,1100.5,245.11,245.11,245.11,245.11,-2.0,0.0,0,0.0,0,0.0
1154776532.0,2,2743.5,1371.75,1371.75,2194.79,1097.395,2194.79,1097.395,0.5,0.0,0,0.0,0,0.0
1154807584.0,2,1033.26,516.63,516.63,963.26,481.63,963.26,481.63,-3.0,0.5,0,0.0,0,0.0
1154891562.0,10,60666.229999999996,6066.623,6807.66,48334.64,4833.464,50279.76,5027.976000000001,0.3,1.4,0,0.0,0,0.0
1154945483.0,6,6147.55,1024.5916666666667,1013.01,4553.71,758.9516666666667,4553.71,758.9516666666667,-0.5,1.1666666666666667,0,0.0,0,0.0
1164083374.0,2,1681.18,840.59,840.59,973.0500000000001,486.52500000000003,973.0500000000001,486.52500000000003,3.0,2.0,0,0.0,0,0.0
1164403622.0,3,2324.56,774.8533333333334,983.28,1859.66,619.8866666666667,1859.66,619.8866666666667,-0.6666666666666666,0.3333333333333333,0,0.0,0,0.0
1164451613.0,21,19821.05,943.8595238095238,1054.29,15856.99,755.0947619047619,16178.64,770.4114285714286,-3.0952380952380953,0.42857142857142855,0,0.0,0,0.0
1164463840.0,6,8105.41,1350.9016666666666,1426.875,6095.56,1015.9266666666667,6095.56,1015.9266666666667,-0.5,0.8333333333333334,0,0.0,0,0.0
1164472478.0,2,1912.67,956.335,956.335,1343.73,671.865,1343.73,671.865,-1.0,1.5,0,0.0,0,0.0
1164485363.0,3,3068.19,1022.73,1397.21,2454.56,818.1866666666666,2454.56,818.1866666666666,-3.0,2.0,0,0.0,0,0.0
1164496006.0,2,1267.24,633.62,633.62,827.4,413.7,827.4,413.7,1.0,0.0,0,0.0,0,0.0
1164496410.0,1,1528.98,1528.98,1528.98,1223.17,1223.17,1223.17,1223.17,2.0,1.0,0,0.0,0,0.0
1164501896.0,3,3274.59,1091.53,899.65,2279.32,759.7733333333334,2279.32,759.7733333333334,-3.0,1.3333333333333333,0,0.0,0,0.0
1164642419.0,3,8824.23,2941.41,3386.35,7059.39,2353.13,7059.39,2353.13,-1.0,0.0,0,0.0,0,0.0
1164676680.0,2,3178.12,1589.06,1589.06,1169.55,584.775,1169.55,584.775,0.0,0.5,0,0.0,0,0.0
1164778031.0,1,627.65,627.65,627.65,502.12,502.12,502.12,502.12,3.0,3.0,0,0.0,0,0.0
1164846283.0,11,12155.529999999999,1105.0481818181818,815.89,9606.9,873.3545454545455,9606.9,873.3545454545455,-0.8181818181818182,1.2727272727272727,0,0.0,0,0.0
1164876546.0,1,101.17,101.17,101.17,71.17,71.17,71.17,71.17,-8.0,0.0,0,0.0,0,0.0
1164978912.0,2,2296.2,1148.1,1148.1,1464.1599999999999,732.0799999999999,3188.14,1594.07,-4.5,1.5,0,0.0,0,0.0
1174019327.0,5,7821.28,1564.2559999999999,1559.16,5892.65,1178.53,5892.65,1178.53,2.2,0.6,0,0.0,0,0.0
1174031256.0,1,8067.6,8067.6,8067.6,6454.09,6454.09,6454.09,6454.09,3.0,0.0,0,0.0,0,0.0
1174044697.0,3,2905.8199999999997,968.6066666666666,815.37,2905.8199999999997,968.6066666666666,2905.8199999999997,968.6066666666666,0.3333333333333333,3.0,0,0.0,0,0.0
1174139158.0,2,2374.49,1187.245,1187.245,1713.19,856.595,1713.19,856.595,-0.5,1.5,0,0.0,0,0.0
1174512792.0,4,4964.96,1241.24,1065.085,3227.6499999999996,806.9124999999999,3227.6499999999996,806.9124999999999,-1.75,1.75,0,0.0,0,0.0
1174525943.0,3,3817.1499999999996,1272.3833333333332,1508.81,3053.7,1017.9,3053.7,1017.9,-2.3333333333333335,1.6666666666666667,0,0.0,0,0.0
1174549786.0,6,6390.88,1065.1466666666668,1059.15,4636.16,772.6933333333333,4636.16,772.6933333333333,-1.8333333333333333,1.3333333333333333,0,0.0,0,0.0
1174552293.0,2,3303.12,1651.56,1651.56,2642.5,1321.25,2642.5,1321.25,-5.0,0.0,0,0.0,0,0.0
1174555692.0,2,1134.3999999999999,567.1999999999999,567.1999999999999,907.52,453.76,907.52,453.76,4.0,1.5,0,0.0,0,0.0
1174579262.0,1,2207.87,2207.87,2207.87,1616.46,1616.46,1616.46,1616.46,0.0,3.0,0,0.0,0,0.0
1174580831.0,4,2331.59,582.8975,653.31,1865.28,466.32,1865.28,466.32,2.0,0.5,0,0.0,0,0.0
1174625057.0,4,11427.61,2856.9025,1502.83,11175.429999999998,2793.8574999999996,11175.429999999998,2793.8574999999996,-1.0,1.5,0,0.0,0,0.0
1174630693.0,1,1639.27,1639.27,1639.27,1125.01,1125.01,1125.01,1125.01,-6.0,1.0,0,0.0,0,0.0
1174641658.0,4,21210.96,5302.74,4587.969999999999,16968.76,4242.19,16968.76,4242.19,1.25,0.75,0,0.0,0,0.0
1174650824.0,4,3415.3,853.825,909.135,3275.3,818.825,3275.3,818.825,-3.6666666666666665,0.25,0,0.0,0,0.0
1174718050.0,3,4282.65,1427.55,1405.13,3426.1099999999997,1142.0366666666666,3426.1099999999997,1142.0366666666666,-3.3333333333333335,0.0,0,0.0,0,0.0
1174820898.0,3,3005.04,1001.68,1001.68,2035.2600000000002,678.4200000000001,2825.15,941.7166666666667,-3.0,1.0,0,0.0,0,0.0
1174828362.0,1,1567.61,1567.61,1567.61,1067.68,1067.68,1067.68,1067.68,4.0,0.0,0,0.0,0,0.0
1174857825.0,1,12853.85,12853.85,12853.85,10283.08,10283.08,10283.08,10283.08,-4.0,0.0,0,0.0,0,0.0
1174878813.0,4,4953.360000000001,1238.3400000000001,1192.865,3778.45,944.6125,3778.45,944.6125,1.0,1.25,0,0.0,0,0.0
1174927669.0,22,115110.89166891629,5232.313257678013,817.05,13850.07,629.5486363636363,13850.07,629.5486363636363,-2.0454545454545454,0.45454545454545453,0,0.0,0,0.0
1184004590.0,11,15839.86,1439.9872727272727,1531.33,12485.49,1135.0445454545454,12485.49,1135.0445454545454,-0.6363636363636364,0.9090909090909091,0,0.0,0,0.0
1184006447.0,7,23764.43,3394.9185714285713,977.08,19291.06,2755.8657142857146,19291.06,2755.8657142857146,0.2857142857142857,1.1428571428571428,0,0.0,0,0.0
1184094534.0,1,704.32,704.32,704.32,563.46,563.46,563.46,563.46,-2.0,0.0,0,0.0,0,0.0
1184138356.0,3,22958.34,7652.78,6936.12,18366.68,6122.2266666666665,18366.68,6122.2266666666665,1.0,1.3333333333333333,0,0.0,0,0.0
1184256679.0,2,2169.64,1084.82,1084.82,1443.55,721.775,1443.55,721.775,-4.0,1.5,0,0.0,0,0.0
1184612764.0,3,3242.8599999999997,1080.9533333333331,872.62,2594.33,864.7766666666666,2594.33,864.7766666666666,-1.3333333333333333,0.6666666666666666,0,0.0,0,0.0
1184613234.0,3,4806.9,1602.3,1429.3,3831.83,1277.2766666666666,3831.83,1277.2766666666666,-1.3333333333333333,0.3333333333333333,0,0.0,0,0.0
1184645434.0,1,632.45,632.45,632.45,505.96,505.96,505.96,505.96,-3.0,0.0,0,0.0,0,0.0
1184670549.0,1,778.05,778.05,778.05,570.93,570.93,570.93,570.93,1.0,0.0,0,0.0,0,0.0
1184670663.0,10,30274.09,3027.409,1207.6399999999999,21061.38,2106.138,22573.82,2257.382,-1.0,1.0,0,0.0,0,0.0
1184718512.0,1,113.8,113.8,113.8,113.8,113.8,113.8,113.8,-2.0,0.0,0,0.0,0,0.0
1184725210.0,1,2414.82,2414.82,2414.82,1745.46,1745.46,1745.46,1745.46,2.0,1.0,0,0.0,0,0.0
1184857195.0,1,1438.78,1438.78,1438.78,1151.02,1151.02,1151.02,1151.02,5.0,0.0,0,0.0,0,0.0
1184884678.0,3,4475.870000000001,1491.956666666667,1341.45,3028.82,1009.6066666666667,3028.82,1009.6066666666667,-0.3333333333333333,1.0,1,0.3333333333333333,0,0.0
1184979437.0,1,1679.04,1679.04,1679.04,1158.9,1158.9,1158.9,1158.9,-6.0,0.0,0,0.0,0,0.0
1194003657.0,4,11551.640000000001,2887.9100000000003,1054.665,9241.35,2310.3375,9241.35,2310.3375,-3.0,0.25,0,0.0,0,0.0
1194064543.0,4,2748.01,687.0025,757.55,1908.42,477.105,1908.42,477.105,-0.75,0.25,0,0.0,0,0.0
1194077297.0,5,21670.469999999998,4334.093999999999,1961.32,17336.38,3467.2760000000003,32252.54,6450.508,-0.25,1.8,0,0.0,0,0.0
1194087593.0,1,1245.98,1245.98,1245.98,996.78,996.78,996.78,996.78,-5.0,0.0,0,0.0,0,0.0
1194174482.0,3,3267.3199999999997,1089.1066666666666,1245.19,2613.85,871.2833333333333,2613.85,871.2833333333333,-3.3333333333333335,0.6666666666666666,0,0.0,0,0.0
1194176834.0,1,1088.1,1088.1,1088.1,1088.1,1088.1,1088.1,1088.1,-3.0,0.0,0,0.0,0,0.0
1194179721.0,1,859.73,859.73,859.73,687.79,687.79,687.79,687.79,0.0,3.0,0,0.0,0,0.0
1194252700.0,7,22951.6,3278.7999999999997,1584.43,18361.23,2623.032857142857,18361.23,2623.032857142857,0.2857142857142857,0.7142857142857143,0,0.0,0,0.0
1194274720.0,2,2258.05,1129.025,1129.025,1806.44,903.22,1806.44,903.22,-5.5,1.5,0,0.0,0,0.0
1194282756.0,4,10600.84,2650.21,2752.1850000000004,8109.93,2027.4825,8109.93,2027.4825,-1.5,1.25,0,0.0,0,0.0
1194283382.0,1,1189.94,1189.94,1189.94,765.55,765.55,765.55,765.55,-3.0,0.0,0,0.0,0,0.0
1194326132.0,5,25678.550000000003,5135.710000000001,2085.17,20542.83,4108.566000000001,20542.83,4108.566000000001,-1.6,0.4,0,0.0,0,0.0
1194706655.0,1,2438.58,2438.58,2438.58,1768.19,1768.19,1768.19,1768.19,-2.0,2.0,0,0.0,0,0.0
1194713404.0,1,1050.05,1050.05,1050.05,840.04,840.04,840.04,840.04,-4.0,0.0,0,0.0,0,0.0
1194732438.0,1,723.89,723.89,723.89,369.45,369.45,369.45,369.45,-6.0,1.0,0,0.0,0,0.0
1194741611.0,1,1173.73,1173.73,1173.73,1123.73,1123.73,1123.73,1123.73,1.0,0.0,0,0.0,0,0.0
1194767269.0,2,1005.15,502.575,502.575,804.1099999999999,402.05499999999995,804.1099999999999,402.05499999999995,-4.5,0.0,0,0.0,0,0.0
1194790055.0,2,1722.92,861.46,861.46,239.7,119.85,239.7,119.85,-3.0,0.0,0,0.0,0,0.0
1194799023.0,2,1632.17,816.085,816.085,1456.76,728.38,1456.76,728.38,3.5,0.0,0,0.0,0,0.0
1194908954.0,3,5283.879999999999,1761.293333333333,1605.32,4695.7,1565.2333333333333,4695.7,1565.2333333333333,0.0,1.6666666666666667,0,0.0,0,0.0
1194919993.0,2,3229.8500000000004,1614.9250000000002,1614.9250000000002,2583.88,1291.94,2583.88,1291.94,0.5,0.5,0,0.0,0,0.0
1194941542.0,1,1215.54,1215.54,1215.54,972.43,972.43,972.43,972.43,0.0,0.0,0,0.0,0,0.0
1205013539.0,1,1278.99,1278.99,1278.99,1023.2,1023.2,1023.2,1023.2,-4.0,0.0,0,0.0,0,0.0
1205163540.0,1,13326.78,13326.78,13326.78,13326.78,13326.78,13326.78,13326.78,1.0,0.0,0,0.0,0,0.0
1205188448.0,1,1116.49,1116.49,1116.49,1116.49,1116.49,1116.49,1116.49,-3.0,3.0,0,0.0,0,0.0
1205219003.0,2,1344.75,672.375,672.375,889.3900000000001,444.69500000000005,889.3900000000001,444.69500000000005,3.0,0.0,0,0.0,0,0.0
1205230844.0,2,1970.28,985.14,985.14,1392.44,696.22,1392.44,696.22,-0.5,1.0,0,0.0,0,0.0
1205236072.0,6,6786.43,1131.0716666666667,1288.32,5648.23,941.3716666666666,5648.23,941.3716666666666,-2.0,1.5,0,0.0,0,0.0
1205255304.0,1,735.41,735.41,735.41,482.98,482.98,482.98,482.98,4.0,3.0,0,0.0,0,0.0
1205344603.0,3,3726.9300000000003,1242.3100000000002,926.5,1499.14,499.71333333333337,-16.74000000000001,-5.580000000000003,0.0,0.0,0,0.0,0,0.0
1205362837.0,4,5943.26,1485.815,1428.42,3783.94,945.985,3783.94,945.985,-2.0,1.5,0,0.0,0,0.0
1205444049.0,1,795.46,795.46,795.46,636.38,636.38,636.38,636.38,-8.0,0.0,0,0.0,0,0.0
1205839164.0,1,28332.91,28332.91,28332.91,22666.33,22666.33,22666.33,22666.33,-2.0,2.0,0,0.0,0,0.0
1205886223.0,3,4241.26,1413.7533333333333,1189.94,3393.01,1131.0033333333333,3393.01,1131.0033333333333,-2.6666666666666665,0.0,0,0.0,0,0.0
1205889540.0,2,1605.49,802.745,802.745,937.33,468.665,937.33,468.665,3.0,1.5,0,0.0,0,0.0
1205896719.0,3,3344.12,1114.7066666666667,1228.27,2488.91,829.6366666666667,2488.91,829.6366666666667,-2.3333333333333335,1.0,0,0.0,0,0.0
1205994761.0,9,12543.75,1393.75,1273.2,10481.89,1164.6544444444444,8444.75,938.3055555555555,0.4444444444444444,1.5555555555555556,0,0.0,0,0.0
1215089602.0,1,826.37,826.37,826.37,791.37,791.37,791.37,791.37,-3.0,3.0,0,0.0,0,0.0
1215099007.0,1,1192.4,1192.4,1192.4,953.92,953.92,953.92,953.92,,0.0,0,0.0,0,0.0
1215168992.0,3,4598.91,1532.97,1335.19,3492.7200000000003,1164.24,4974.41,1658.1366666666665,-1.6666666666666667,1.0,0,0.0,0,0.0
1215182712.0,2,3559.6899999999996,1779.8449999999998,1779.8449999999998,2662.65,1331.325,2662.65,1331.325,-0.5,0.0,0,0.0,0,0.0
1215210273.0,554,1209301.6020557885,2182.854877357019,1274.04,542453.64,979.1581949458484,546961.41,987.294963898917,-0.5628415300546448,0.8429602888086642,5,0.009025270758122744,0,0.0
1215332762.0,27,28895.440000000002,1070.2014814814816,970.94,23116.12,856.1525925925926,23116.12,856.1525925925926,-0.14814814814814814,1.1111111111111112,0,0.0,0,0.0
1215364682.0,3,4940.2,1646.7333333333333,1703.15,3952.1099999999997,1317.37,3952.1099999999997,1317.37,-0.3333333333333333,1.3333333333333333,0,0.0,0,0.0
1215437991.0,4,5442.61,1360.6525,1353.875,3869.0,967.25,4766.5199999999995,1191.6299999999999,-2.0,0.5,0,0.0,0,0.0
1215567474.0,2,3014.79,1507.395,1507.395,2326.16,1163.08,2326.16,1163.08,4.5,0.0,0,0.0,0,0.0
1215901970.0,3,4080.3599999999997,1360.12,1347.23,3264.31,1088.1033333333332,3264.31,1088.1033333333332,-2.6666666666666665,1.3333333333333333,0,0.0,0,0.0
1215907951.0,1,1326.82,1326.82,1326.82,1061.45,1061.45,1061.45,1061.45,-4.0,0.0,1,1.0,0,0.0
1215914791.0,8,11625.3,1453.1625,1602.79,8931.62,1116.4525,8931.62,1116.4525,1.5,0.5,1,0.125,0,0.0
1215923131.0,4,5880.91,1470.2275,1492.15,4899.84,1224.96,4899.84,1224.96,-0.5,0.0,0,0.0,0,0.0
1215963335.0,2,2572.08,1286.04,1286.04,2057.66,1028.83,2057.66,1028.83,-2.0,2.0,0,0.0,0,0.0
1225073034.0,2,2527.59,1263.795,1263.795,2022.0700000000002,1011.0350000000001,2022.0700000000002,1011.0350000000001,-3.0,0.0,0,0.0,0,0.0
1225085319.0,6,6356.780000000001,1059.4633333333334,985.6700000000001,4971.610000000001,828.6016666666668,4971.610000000001,828.6016666666668,-2.2,0.5,0,0.0,0,0.0
1225113442.0,2,1578.2,789.1,789.1,1262.58,631.29,1262.58,631.29,-5.0,1.0,0,0.0,0,0.0
1225215452.0,4,4892.58,1223.145,1129.6,3175.87,793.9675,3175.87,793.9675,-2.0,2.0,0,0.0,0,0.0
1225282056.0,4,8379.39,2094.8475,2118.21,6580.110000000001,1645.0275000000001,6580.110000000001,1645.0275000000001,-6.25,0.75,0,0.0,0,0.0
1225528151.0,12,68906.73,5742.2275,1673.02,59330.939999999995,4944.245,59330.939999999995,4944.245,0.25,0.5,0,0.0,0,0.0
1225573025.0,3,2674.39,891.4633333333333,851.0,1769.83,589.9433333333333,1769.83,589.9433333333333,-1.0,0.3333333333333333,0,0.0,0,0.0
1225573694.0,11,18007.43,1637.0390909090909,1517.11,12466.0,1133.2727272727273,13590.49,1235.499090909091,-0.2727272727272727,0.5454545454545454,0,0.0,0,0.0
1225585383.0,1,815.89,815.89,815.89,466.31,466.31,466.31,466.31,0.0,0.0,0,0.0,0,0.0
1225684368.0,16,16104.02,1006.50125,1052.815,10920.43,682.526875,12883.35,805.209375,-3.5,1.6875,0,0.0,0,0.0
1235123993.0,1,1188.92,1188.92,1188.92,951.13,951.13,951.13,951.13,-6.0,2.0,0,0.0,0,0.0
1235256637.0,3,3826.95,1275.6499999999999,874.87,3292.33,1097.4433333333334,3292.33,1097.4433333333334,-2.0,1.0,0,0.0,0,0.0
1235372707.0,1,1461.22,1461.22,1461.22,983.67,983.67,983.67,983.67,-2.0,0.0,0,0.0,0,0.0
1235560087.0,7,9438.01,1348.287142857143,1391.3,7375.46,1053.6371428571429,8288.04,1184.0057142857145,-0.42857142857142855,1.0,0,0.0,0,0.0
1235588625.0,4,3956.4300000000003,989.1075000000001,990.96,2969.95,742.4875,2969.95,742.4875,-5.75,0.0,0,0.0,0,0.0
1245214477.0,2,1848.22,924.11,924.11,1478.54,739.27,1478.54,739.27,-2.0,0.5,0,0.0,0,0.0
1245226190.0,11,20738.29,1885.299090909091,1807.31,15861.85,1441.9863636363636,15861.85,1441.9863636363636,0.09090909090909091,0.2727272727272727,0,0.0,0,0.0
1245253160.0,1,1016.3,1016.3,1016.3,813.04,813.04,813.04,813.04,2.0,0.0,0,0.0,0,0.0
1245256189.0,1,715.2,715.2,715.2,572.16,572.16,572.16,572.16,-1.0,0.0,0,0.0,0,0.0
1245266337.0,2,3161.98,1580.99,1580.99,2729.6800000000003,1364.8400000000001,2729.6800000000003,1364.8400000000001,-3.0,2.5,0,0.0,0,0.0
1245283530.0,6,40545.34,6757.556666666666,5571.48,29578.21,4929.701666666667,31877.07,5312.845,-0.3333333333333333,0.5,0,0.0,0,0.0
1245292788.0,1,704.26,704.26,704.26,563.4,563.4,563.4,563.4,0.0,1.0,0,0.0,0,0.0
1245340264.0,2,2060.42,1030.21,1030.21,1057.65,528.825,1057.65,528.825,1.5,1.0,0,0.0,0,0.0
1245344316.0,5,6801.799999999999,1360.36,1246.11,5918.23,1183.646,5918.23,1183.646,2.0,0.0,0,0.0,0,0.0
1245399468.0,3,28424.77,9474.923333333334,8821.67,28424.77,9474.923333333334,28424.77,9474.923333333334,4.666666666666667,0.6666666666666666,0,0.0,0,0.0
1245695774.0,7,8899.150000000001,1271.3071428571432,1063.19,6654.76,950.6800000000001,6654.76,950.6800000000001,-0.7142857142857143,1.4285714285714286,0,0.0,0,0.0
1245720168.0,2,1447.78,723.89,723.89,795.04,397.52,795.04,397.52,-6.0,2.0,0,0.0,0,0.0
1255006862.0,5,6610.349999999999,1322.07,1182.37,5288.31,1057.662,5288.31,1057.662,-3.2,0.8,0,0.0,0,0.0
1255319976.0,3,160274.90988534602,53424.96996178201,1861.0,3413.25,1137.75,3413.25,1137.75,0.6666666666666666,0.0,0,0.0,0,0.0
1255339750.0,1,1031.81,1031.81,1031.81,1031.81,1031.81,1031.81,1031.81,2.0,0.0,0,0.0,0,0.0
1255354361.0,1,1207.48,1207.48,1207.48,965.98,965.98,965.98,965.98,1.0,0.0,0,0.0,0,0.0
1255380127.0,2,1963.6499999999999,981.8249999999999,981.8249999999999,1339.23,669.615,1339.23,669.615,2.5,1.0,0,0.0,0,0.0
1255401519.0,4,5323.72,1330.93,1383.885,4103.8,1025.95,4103.8,1025.95,0.5,1.75,0,0.0,0,0.0
1255433736.0,3,12570.22,4190.073333333333,972.39,10056.17,3352.056666666667,10056.17,3352.056666666667,2.6666666666666665,2.3333333333333335,0,0.0,0,0.0
1255591780.0,3,2317.29,772.43,744.32,1853.8400000000001,617.9466666666667,1853.8400000000001,617.9466666666667,-1.6666666666666667,1.0,0,0.0,0,0.0
1255629747.0,1,778.78,778.78,778.78,437.35,437.35,437.35,437.35,-5.0,0.0,0,0.0,0,0.0
1255646857.0,2,2440.1800000000003,1220.0900000000001,1220.0900000000001,1952.1399999999999,976.0699999999999,1952.1399999999999,976.0699999999999,-2.5,0.0,0,0.0,0,0.0
1255701942.0,4,4809.91,1202.4775,1453.2,3847.9399999999996,961.9849999999999,3847.9399999999996,961.9849999999999,0.75,0.75,0,0.0,0,0.0
1255880647.0,2,2455.11,1227.555,1227.555,1964.09,982.045,1964.09,982.045,-1.5,0.5,0,0.0,0,0.0
1265026249.0,2,2408.75,1204.375,1204.375,1926.98,963.49,1926.98,963.49,-2.0,1.0,0,0.0,0,0.0
1265460794.0,1,11224.45,11224.45,11224.45,8979.55,8979.55,8979.55,8979.55,-4.0,0.0,0,0.0,0,0.0
1265532915.0,15,12577.96,838.5306666666667,784.89,10062.44,670.8293333333334,10062.44,670.8293333333334,-3.8666666666666667,1.3333333333333333,1,0.06666666666666667,0,0.0
1265601488.0,6,7833.0,1305.5,1341.475,5707.22,951.2033333333334,6531.59,1088.5983333333334,-2.1666666666666665,0.6666666666666666,0,0.0,0,0.0
1265785232.0,4,14541.439999999999,3635.3599999999997,916.155,11446.76,2861.69,11446.76,2861.69,-1.5,2.75,0,0.0,0,0.0
1265816300.0,1,1245.43,1245.43,1245.43,1245.43,1245.43,1245.43,1245.43,2.0,0.0,0,0.0,0,0.0
1265817639.0,2,29058.04,14529.02,14529.02,23246.43,11623.215,23246.43,11623.215,-1.5,2.5,0,0.0,0,0.0
1265858773.0,6,5331.87,888.645,778.78,3707.13,617.855,3707.13,617.855,1.8333333333333333,2.0,0,0.0,0,0.0
1265897532.0,1,1145.03,1145.03,1145.03,1110.03,1110.03,1110.03,1110.03,-1.0,1.0,0,0.0,0,0.0
1275017915.0,1,1737.74,1737.74,1737.74,1390.2,1390.2,1390.2,1390.2,-5.0,0.0,0,0.0,0,0.0
1275552812.0,5,4832.91,966.582,1069.61,3681.41,736.2819999999999,3681.41,736.2819999999999,2.4,0.6,0,0.0,0,0.0
1275574931.0,8,8475.17,1059.39625,915.28,6780.18,847.5225,6780.18,847.5225,-5.0,0.75,0,0.0,0,0.0
1275605792.0,3,3414.06,1138.02,1165.23,2520.78,840.2600000000001,2520.78,840.2600000000001,-2.0,1.3333333333333333,0,0.0,0,0.0
1275647752.0,1,1886.23,1886.23,1886.23,1373.85,1373.85,1373.85,1373.85,-4.0,0.0,0,0.0,0,0.0
1275715286.0,2,2292.78,1146.39,1146.39,2292.78,1146.39,2292.78,1146.39,-2.0,0.0,0,0.0,0,0.0
1275751448.0,1,987.0,987.0,987.0,987.0,987.0,987.0,987.0,3.0,2.0,0,0.0,0,0.0
1275783615.0,1,982.22,982.22,982.22,982.22,982.22,-982.22,-982.22,3.0,0.0,0,0.0,0,0.0
1275920001.0,5,4739.2,947.8399999999999,843.15,3791.29,758.258,3791.29,758.258,-1.4,0.8,0,0.0,0,0.0
1285018226.0,4,12470.85,3117.7125,2412.955,12298.41,3074.6025,12298.41,3074.6025,0.25,0.75,0,0.0,0,0.0
1285057281.0,2,2786.79,1393.395,1393.395,1858.42,929.21,1858.42,929.21,2.5,0.5,0,0.0,0,0.0
1285083469.0,12,11477.380000000001,956.4483333333334,945.28,8113.18,676.0983333333334,9725.630000000001,810.4691666666668,-1.9166666666666667,0.9166666666666666,0,0.0,0,0.0
1285171199.0,1,1931.85,1931.85,1931.85,1359.08,1359.08,1359.08,1359.08,4.0,1.0,0,0.0,0,0.0
1285171934.0,2,1738.3600000000001,869.1800000000001,869.1800000000001,1390.6599999999999,695.3299999999999,1390.6599999999999,695.3299999999999,-2.0,1.5,0,0.0,0,0.0
1285185173.0,1,1602.55,1602.55,1602.55,0.0,0.0,0.0,0.0,-3.0,0.0,0,0.0,0,0.0
1285293217.0,1,1466.14,1466.14,1466.14,988.35,988.35,988.35,988.35,0.0,2.0,0,0.0,0,0.0
1285630533.0,1,791.94,791.94,791.94,633.54,633.54,633.54,633.54,0.0,0.0,0,0.0,0,0.0
1285644799.0,2,3361.6400000000003,1680.8200000000002,1680.8200000000002,2689.31,1344.655,4368.48,2184.24,-0.5,0.0,0,0.0,0,0.0
1285648055.0,4,2851.24,712.81,663.69,1909.42,477.355,1909.42,477.355,-0.75,1.0,0,0.0,0,0.0
1285650937.0,2,3389.05,1694.525,1694.525,0.0,0.0,0.0,0.0,-1.0,0.0,0,0.0,0,0.0
1285663328.0,3,1940.31,646.77,811.5,1290.0900000000001,430.03000000000003,1290.0900000000001,430.03000000000003,0.5,1.0,0,0.0,0,0.0
1285683045.0,2,28851.67,14425.835,14425.835,23081.32,11540.66,23081.32,11540.66,-3.0,2.5,0,0.0,0,0.0
1285727396.0,3,3812.31,1270.77,1321.59,2863.45,954.4833333333332,2863.45,954.4833333333332,-3.6666666666666665,0.3333333333333333,0,0.0,0,0.0
1285759464.0,2,1920.9899999999998,960.4949999999999,960.4949999999999,1860.9899999999998,930.4949999999999,1860.9899999999998,930.4949999999999,-6.5,0.5,0,0.0,0,0.0
1285836080.0,2,2307.55,1153.775,1153.775,1846.03,923.015,3604.23,1802.115,2.0,1.5,0,0.0,0,0.0
1285915603.0,2,2243.88,1121.94,1121.94,1795.1,897.55,1795.1,897.55,2.5,2.5,0,0.0,0,0.0
1295011757.0,1,1095.16,1095.16,1095.16,876.13,876.13,876.13,876.13,2.0,0.0,0,0.0,0,0.0
1295014116.0,6,28136.5,4689.416666666667,1476.79,27010.940000000002,4501.823333333334,27550.06,4591.676666666667,1.0,0.6666666666666666,0,0.0,0,0.0
1295032803.0,6,9895.94,1649.3233333333335,1337.65,7916.75,1319.4583333333333,7916.75,1319.4583333333333,1.3333333333333333,1.1666666666666667,0,0.0,0,0.0
1295104958.0,1,782.37,782.37,782.37,625.9,625.9,625.9,625.9,1.0,1.0,0,0.0,0,0.0
1295145191.0,6,35742.42,5957.07,1197.025,30280.23,5046.705,30280.23,5046.705,-2.1666666666666665,1.0,0,0.0,0,0.0
1295236503.0,1,1669.82,1669.82,1669.82,0.0,0.0,0.0,0.0,-2.0,3.0,0,0.0,0,0.0
1295286045.0,3,4376.11,1458.7033333333331,1545.04,3500.89,1166.9633333333334,3500.89,1166.9633333333334,-0.3333333333333333,1.3333333333333333,0,0.0,0,0.0
1295388239.0,6,7916.66,1319.4433333333334,1195.795,6500.64,1083.44,7065.47,1177.5783333333334,0.8333333333333334,1.0,0,0.0,0,0.0
1295732188.0,1,1079.62,1079.62,1079.62,863.7,863.7,863.7,863.7,-2.0,0.0,0,0.0,0,0.0
1295824001.0,4,21358.47,5339.6175,4886.084999999999,17253.77,4313.4425,17253.77,4313.4425,1.5,0.5,0,0.0,0,0.0
1306048632.0,1,1437.18,1437.18,1437.18,0.0,0.0,0.0,0.0,1.0,0.0,0,0.0,0,0.0
1306145289.0,3,5030.36,1676.7866666666666,1595.96,4024.2599999999998,1341.4199999999998,4024.2599999999998,1341.4199999999998,-2.6666666666666665,0.3333333333333333,0,0.0,0,0.0
1306164082.0,1,5150.46,5150.46,5150.46,0.0,0.0,0.0,0.0,-3.0,3.0,0,0.0,0,0.0
1306240502.0,6,5546.01,924.335,824.42,4436.78,739.4633333333333,4436.78,739.4633333333333,-0.16666666666666666,0.16666666666666666,0,0.0,0,0.0
1306377643.0,1,11114.34,11114.34,11114.34,8891.47,8891.47,8891.47,8891.47,0.0,0.0,0,0.0,0,0.0
1306800602.0,1,615.2,615.2,615.2,492.16,492.16,492.16,492.16,1.0,1.0,0,0.0,0,0.0
1306831490.0,7,7741.120000000001,1105.8742857142859,828.65,5325.99,760.8557142857143,6619.4,945.6285714285714,-1.8571428571428572,1.0,0,0.0,0,0.0
1306832845.0,1,236.3,236.3,236.3,236.3,236.3,236.3,236.3,2.0,2.0,0,0.0,0,0.0
1306844519.0,5,2936.15,587.23,270.07,2786.15,557.23,2786.15,557.23,1.4,0.6,0,0.0,0,0.0
1316037633.0,1,10475.86,10475.86,10475.86,8380.68,8380.68,8380.68,8380.68,-2.0,0.0,0,0.0,0,0.0
1316233174.0,3,31272.58,10424.193333333335,13401.75,25018.07,8339.356666666667,25018.07,8339.356666666667,-1.3333333333333333,0.0,0,0.0,0,0.0
1316374283.0,3,2724.92,908.3066666666667,922.3,2179.94,726.6466666666666,2179.94,726.6466666666666,-0.6666666666666666,2.3333333333333335,0,0.0,0,0.0
1316471162.0,1,1192.05,1192.05,1192.05,0.0,0.0,0.0,0.0,-4.0,1.0,0,0.0,0,0.0
1316573405.0,1,1539.36,1539.36,1539.36,1231.49,1231.49,1231.49,1231.49,3.0,1.0,0,0.0,0,0.0
1316902414.0,1,596.44,596.44,596.44,477.15,477.15,477.15,477.15,-1.0,1.0,0,0.0,0,0.0
1316927445.0,1,1135.17,1135.17,1135.17,908.14,908.14,908.14,908.14,-2.0,1.0,0,0.0,0,0.0
1316937691.0,6,5774.4800000000005,962.4133333333334,855.5699999999999,4064.29,677.3816666666667,4064.29,677.3816666666667,-0.16666666666666666,0.5,1,0.16666666666666666,0,0.0
1316945066.0,1,1214.26,1214.26,1214.26,971.41,971.41,971.41,971.41,-2.0,1.0,0,0.0,0,0.0
1316972599.0,3,2810.39,936.7966666666666,987.0,1693.98,564.66,1693.98,564.66,1.6666666666666667,1.0,0,0.0,0,0.0
1326133216.0,3,3765.1,1255.0333333333333,1309.28,3012.07,1004.0233333333334,3012.07,1004.0233333333334,-3.5,2.0,0,0.0,0,0.0
1326288143.0,5,66177.59,13235.518,13462.68,66177.59,13235.518,66177.59,13235.518,-3.2,0.6,0,0.0,0,0.0
1326312315.0,6,7739.33,1289.8883333333333,1124.4,6006.450000000001,1001.0750000000002,6006.450000000001,1001.0750000000002,1.8,1.3333333333333333,0,0.0,0,0.0
1326373861.0,2,2316.55,1158.275,1158.275,1666.83,833.415,1666.83,833.415,-3.5,2.0,0,0.0,0,0.0
1326611187.0,1,811.1,811.1,811.1,648.9,648.9,648.9,648.9,5.0,2.0,0,0.0,0,0.0
1326703430.0,1,1201.65,1201.65,1201.65,796.6,796.6,796.6,796.6,1.0,0.0,0,0.0,0,0.0
1336101302.0,6,5864.7699999999995,977.4616666666666,850.25,4970.74,828.4566666666666,4970.74,828.4566666666666,-2.6666666666666665,0.6666666666666666,0,0.0,0,0.0
1336146141.0,2,2164.25,1082.125,1082.125,2104.25,1052.125,2104.25,1052.125,3.5,2.5,0,0.0,0,0.0
1336152347.0,4,6434.32,1608.58,1629.29,4964.55,1241.1375,4964.55,1241.1375,-1.75,0.75,0,0.0,0,0.0
1336231091.0,2,1260.07,630.035,630.035,1008.06,504.03,1008.06,504.03,0.0,0.0,0,0.0,0,0.0
1336255264.0,5,19814.71,3962.942,2008.68,15480.73,3096.1459999999997,15480.73,3096.1459999999997,1.0,0.0,0,0.0,0,0.0
1336265982.0,1,1137.68,1137.68,1137.68,723.75,723.75,723.75,723.75,-7.0,2.0,0,0.0,0,0.0
1336268234.0,1,11906.59,11906.59,11906.59,11906.59,11906.59,11906.59,11906.59,0.0,0.0,0,0.0,0,0.0
1336326248.0,1,1536.1,1536.1,1536.1,1228.88,1228.88,1228.88,1228.88,-4.0,0.0,0,0.0,0,0.0
1336329788.0,1,2004.5,2004.5,2004.5,1417.21,1417.21,1417.21,1417.21,5.0,3.0,0,0.0,0,0.0
1336345578.0,1,615059.679949362,615059.679949362,615059.679949362,6497.71,6497.71,6497.71,6497.71,1.0,0.0,0,0.0,0,0.0
1336378892.0,1,963.64,963.64,963.64,584.51,584.51,584.51,584.51,-4.0,0.0,0,0.0,0,0.0
1336382944.0,4,4741.42,1185.355,1311.85,3386.6499999999996,846.6624999999999,3386.6499999999996,846.6624999999999,-1.75,0.5,0,0.0,0,0.0
1336493311.0,1,1196.7,1196.7,1196.7,957.36,957.36,957.36,957.36,-2.0,1.0,0,0.0,0,0.0
1336516178.0,1,1212.61,1212.61,1212.61,1212.61,1212.61,1212.61,1212.61,4.0,1.0,0,0.0,0,0.0
1336579572.0,3,3214.1000000000004,1071.3666666666668,843.63,2384.87,794.9566666666666,2384.87,794.9566666666666,-3.0,0.3333333333333333,0,0.0,0,0.0
1336583004.0,2,2987.08,1493.54,1493.54,2054.81,1027.405,2054.81,1027.405,1.0,0.0,0,0.0,0,0.0
1336602838.0,2,2576.23,1288.115,1288.115,2576.23,1288.115,2576.23,1288.115,-3.0,1.5,0,0.0,0,0.0
1336637438.0,3,4093.54,1364.5133333333333,1416.28,4003.54,1334.5133333333333,4003.54,1334.5133333333333,-3.6666666666666665,0.3333333333333333,0,0.0,0,0.0
1336677426.0,1,265.62,265.62,265.62,212.5,212.5,212.5,212.5,0.0,2.0,0,0.0,0,0.0
1346221553.0,4,17217.57,4304.3925,1396.645,13214.859999999999,3303.7149999999997,13214.859999999999,3303.7149999999997,-5.0,1.0,0,0.0,0,0.0
1346228061.0,2,3353.26,1676.63,1676.63,2534.07,1267.035,3173.09,1586.545,1.0,2.5,0,0.0,0,0.0
1346228905.0,6,29133.44,4855.573333333333,983.55,28428.94,4738.156666666667,28428.94,4738.156666666667,-2.0,1.5,0,0.0,0,0.0
1346240470.0,1,774.25,774.25,774.25,619.4,619.4,619.4,619.4,2.0,0.0,0,0.0,0,0.0
1346241213.0,1,6718.23,6718.23,6718.23,5374.58,5374.58,5374.58,5374.58,-3.0,0.0,0,0.0,0,0.0
1346248986.0,5,4585.01,917.0020000000001,1035.49,3464.48,692.896,3464.48,692.896,1.0,1.0,0,0.0,0,0.0
1346619244.0,1,1525.15,1525.15,1525.15,1037.38,1037.38,1037.38,1037.38,-4.0,0.0,0,0.0,0,0.0
1346659927.0,2,16386.19,8193.095,8193.095,13482.949999999999,6741.474999999999,13482.949999999999,6741.474999999999,-4.0,2.0,0,0.0,0,0.0
1346707254.0,1,918.37,918.37,918.37,918.37,918.37,918.37,918.37,-5.0,2.0,0,0.0,0,0.0
1346755154.0,2,3491.63,1745.815,1745.815,3491.63,1745.815,3491.63,1745.815,-7.0,1.5,0,0.0,0,0.0
1346772373.0,2,3215.52,1607.76,1607.76,2386.02,1193.01,2386.02,1193.01,-4.0,0.5,0,0.0,0,0.0
1346895638.0,1,861.99,861.99,861.99,861.99,861.99,861.99,861.99,-4.0,0.0,0,0.0,0,0.0
1356318091.0,5,6371.75,1274.35,1284.23,4684.799999999999,936.9599999999998,4684.799999999999,936.9599999999998,-1.8,1.2,0,0.0,0,0.0
1356369078.0,4,3357.87,839.4675,824.0550000000001,1971.19,492.7975,1971.19,492.7975,-2.25,0.75,0,0.0,0,0.0
1356391635.0,2,2133.25,1066.625,1066.625,1706.6,853.3,1706.6,853.3,-4.5,0.0,0,0.0,0,0.0
1356482970.0,9,7442.62,826.9577777777778,830.83,5953.97,661.5522222222222,5953.97,661.5522222222222,-3.111111111111111,1.3333333333333333,0,0.0,0,0.0
1356491534.0,1,1309.29,1309.29,1309.29,1279.29,1279.29,1279.29,1279.29,5.0,0.0,0,0.0,0,0.0
1356565170.0,2,3036.83,1518.415,1518.415,3036.83,1518.415,3036.83,1518.415,-2.5,0.5,0,0.0,0,0.0
1356643035.0,3,5242.1,1747.3666666666668,1588.02,3824.08,1274.6933333333334,5649.700000000001,1883.2333333333336,0.3333333333333333,0.0,0,0.0,0,0.0
1356676514.0,3,2107.79,702.5966666666667,338.95,1686.23,562.0766666666667,1686.23,562.0766666666667,-2.3333333333333335,1.0,0,0.0,0,0.0
1356682959.0,5,6420.1900000000005,1284.038,1259.0,4949.75,989.95,4949.75,989.95,0.4,0.0,0,0.0,0,0.0
1356972533.0,1,1337.65,1337.65,1337.65,1070.12,1070.12,1070.12,1070.12,-5.0,0.0,0,0.0,0,0.0
1366425266.0,4,1828.44,457.11,982.22,2925.27,731.3175,2925.27,731.3175,-1.0,0.25,0,0.0,0,0.0
1366456287.0,10,16858.8,1685.8799999999999,1600.56,11326.82,1132.682,11326.82,1132.682,0.3,1.4,0,0.0,0,0.0
1366465866.0,1,853.95,853.95,853.95,0.0,0.0,0.0,0.0,0.0,1.0,0,0.0,0,0.0
1366481293.0,2,2274.12,1137.06,1137.06,1771.31,885.655,1771.31,885.655,-1.5,0.0,1,0.5,0,0.0
1366514887.0,1,763.65,763.65,763.65,424.52,424.52,424.52,424.52,-3.0,0.0,0,0.0,0,0.0
1366531618.0,1,9463.24,9463.24,9463.24,7570.59,7570.59,7570.59,7570.59,1.0,3.0,0,0.0,0,0.0
1366630949.0,2,1980.67,990.335,990.335,1279.69,639.845,1279.69,639.845,3.0,1.0,0,0.0,0,0.0
1366818270.0,3,3321.2400000000002,1107.0800000000002,1063.19,2470.59,823.5300000000001,2470.59,823.5300000000001,0.3333333333333333,0.0,0,0.0,0,0.0
1366882573.0,1,1337.65,1337.65,1337.65,1070.12,1070.12,1070.12,1070.12,-2.0,3.0,0,0.0,0,0.0
1366942831.0,12,12729.28,1060.7733333333333,932.76,9437.82,786.485,9437.82,786.485,-0.16666666666666666,0.5,0,0.0,0,0.0
1376088930.0,1,11172.46,11172.46,11172.46,8937.97,8937.97,8937.97,8937.97,-3.0,1.0,0,0.0,0,0.0
1376159236.0,2,2049.88,1024.94,1024.94,1453.5,726.75,1453.5,726.75,-0.5,0.0,0,0.0,0,0.0
1376546143.0,1,1208.13,1208.13,1208.13,966.49,966.49,966.49,966.49,-1.0,1.0,0,0.0,0,0.0
1376579557.0,1,1132.29,1132.29,1132.29,1097.29,1097.29,1097.29,1097.29,-6.0,0.0,0,0.0,0,0.0
1376586578.0,1,1140.56,1140.56,1140.56,751.47,751.47,751.47,751.47,-6.0,0.0,0,0.0,0,0.0
1376588871.0,1,841.01,841.01,841.01,841.01,841.01,841.01,841.01,1.0,0.0,0,0.0,0,0.0
1376603837.0,1,2335.26,2335.26,2335.26,0.0,0.0,0.0,0.0,-2.0,0.0,0,0.0,0,0.0
1376640656.0,3,4313.98,1437.993333333333,1601.82,3451.2200000000003,1150.4066666666668,3451.2200000000003,1150.4066666666668,-3.0,0.6666666666666666,0,0.0,0,0.0
1376662262.0,1,1750.4,1750.4,1750.4,1400.29,1400.29,1400.29,1400.29,0.0,1.0,0,0.0,0,0.0
1376701300.0,1,1175.69,1175.69,1175.69,1175.69,1175.69,1175.69,1175.69,-2.0,1.0,0,0.0,0,0.0
1376725952.0,3,5196.6,1732.2,1734.42,4157.28,1385.76,4157.28,1385.76,-4.666666666666667,0.0,0,0.0,0,0.0
1376784868.0,2,2399.89,1199.945,1199.945,2399.89,1199.945,2399.89,1199.945,1.5,2.0,0,0.0,0,0.0
1376889055.0,1,1201.2,1201.2,1201.2,1201.2,1201.2,1201.2,1201.2,4.0,3.0,0,0.0,0,0.0
1386012359.0,1,1951.44,1951.44,1951.44,1561.16,1561.16,1561.16,1561.16,-3.0,2.0,0,0.0,0,0.0
1386651297.0,2,1778.08,889.04,889.04,0.0,0.0,0.0,0.0,-0.5,0.0,0,0.0,0,0.0
1386708154.0,6,7074.86,1179.1433333333332,1199.565,5113.84,852.3066666666667,5113.84,852.3066666666667,1.3333333333333333,1.1666666666666667,0,0.0,0,0.0
1386758043.0,2,1987.3000000000002,993.6500000000001,993.6500000000001,1987.3000000000002,993.6500000000001,1987.3000000000002,993.6500000000001,0.0,2.0,0,0.0,0,0.0
1386763654.0,3,5112.89,1704.2966666666669,1709.93,3906.25,1302.0833333333333,3906.25,1302.0833333333333,-1.6666666666666667,1.0,0,0.0,0,0.0
1386777266.0,2,3079.0,1539.5,1539.5,2279.86,1139.93,2279.86,1139.93,-5.0,1.0,0,0.0,0,0.0
1386880433.0,1,916.58,916.58,916.58,733.26,733.26,733.26,733.26,-3.0,1.0,0,0.0,0,0.0
1386942597.0,2,1858.62,929.31,929.31,1486.88,743.44,1486.88,743.44,2.5,0.5,0,0.0,0,0.0
1386949998.0,1,1053.94,1053.94,1053.94,660.88,660.88,660.88,660.88,-1.0,3.0,0,0.0,0,0.0
1386952034.0,145,266058.08,1834.8833103448278,1244.83,171367.95,1181.8479310344828,171384.81,1181.9642068965518,-1.0,0.7241379310344828,2,0.013793103448275862,0,0.0
1396037230.0,3,2353.2200000000003,784.4066666666668,774.25,1882.58,627.5266666666666,1882.58,627.5266666666666,-4.0,0.3333333333333333,0,0.0,0,0.0
1396062394.0,1,778.78,778.78,778.78,436.62,436.62,436.62,436.62,3.0,3.0,0,0.0,0,0.0
1396094017.0,2,24554.02,12277.01,12277.01,19643.21,9821.605,19643.21,9821.605,-2.0,0.5,0,0.0,0,0.0
1396105300.0,3,5480.34,1826.78,1731.23,2950.8199999999997,983.6066666666666,2950.8199999999997,983.6066666666666,-1.6666666666666667,0.6666666666666666,0,0.0,0,0.0
1396108213.0,1,1785.1,1785.1,1785.1,1428.07,1428.07,1428.07,1428.07,1.0,0.0,0,0.0,0,0.0
1396109500.0,1,1034.34,1034.34,1034.34,827.48,827.48,827.48,827.48,-4.0,0.0,0,0.0,0,0.0
1396181590.0,4,2443.02,610.755,404.025,2443.02,610.755,2443.02,610.755,-2.25,0.0,0,0.0,0,0.0
1396188801.0,3,2410.94,803.6466666666666,828.65,1372.95,457.65000000000003,1372.95,457.65000000000003,0.0,1.0,0,0.0,0,0.0
1396267068.0,1,1386.32,1386.32,1386.32,922.66,922.66,922.66,922.66,3.0,2.0,0,0.0,0,0.0
1396270831.0,4,4482.01,1120.5025,1140.005,3027.91,756.9775,3027.91,756.9775,1.25,0.0,0,0.0,0,0.0
1396275459.0,7,8240.98,1177.282857142857,1119.3,6592.84,941.8342857142858,6592.84,941.8342857142858,-2.142857142857143,0.5714285714285714,0,0.0,0,0.0
1396279907.0,2,1514.0,757.0,757.0,1362.6,681.3,1362.6,681.3,-1.5,1.0,0,0.0,0,0.0
1396282208.0,1,16103.5,16103.5,16103.5,0.0,0.0,0.0,0.0,0.0,3.0,0,0.0,0,0.0
1396314118.0,1,1026.45,1026.45,1026.45,1026.45,1026.45,1026.45,1026.45,-1.0,0.0,0,0.0,0,0.0
1396338703.0,1,1108.13,1108.13,1108.13,886.5,886.5,886.5,886.5,-5.0,0.0,0,0.0,0,0.0
1396366308.0,2,30534.440000000002,15267.220000000001,15267.220000000001,0.0,0.0,0.0,0.0,-7.5,0.0,0,0.0,0,0.0
1396395075.0,2,2670.9700000000003,1335.4850000000001,1335.4850000000001,1999.18,999.59,1999.18,999.59,-3.0,3.0,0,0.0,0,0.0
1396746988.0,6,9737.89,1622.9816666666666,1646.925,7474.19,1245.6983333333333,7474.19,1245.6983333333333,-1.0,1.3333333333333333,0,0.0,0,0.0
1396784880.0,2,2447.56,1223.78,1223.78,1958.0299999999997,979.0149999999999,1958.0299999999997,979.0149999999999,2.0,0.0,0,0.0,0,0.0
1396813861.0,5,11298.94,2259.788,1130.91,10627.140000000001,2125.4280000000003,10627.140000000001,2125.4280000000003,-0.4,0.2,0,0.0,0,0.0
1396836029.0,2,9182.869999999999,4591.4349999999995,4591.4349999999995,6998.29,3499.145,6998.29,3499.145,-2.5,1.5,0,0.0,0,0.0
1396891016.0,2,2842.56,1421.28,1421.28,2087.65,1043.825,2087.65,1043.825,2.5,0.0,1,0.5,0,0.0
1396926994.0,6,5897.68,982.9466666666667,887.145,5232.68,872.1133333333333,5232.68,872.1133333333333,-1.1666666666666667,0.5,0,0.0,0,0.0
1407119431.0,4,3380.21,845.0525,837.3499999999999,1424.91,356.2275,2704.15,676.0375,-1.5,1.0,0,0.0,0,0.0
1407166671.0,1,1851.21,1851.21,1851.21,1480.97,1480.97,1480.97,1480.97,-1.0,0.0,0,0.0,0,0.0
1407171721.0,2,1679.72,839.86,839.86,726.28,363.14,726.28,363.14,1.0,0.0,0,0.0,0,0.0
1407306418.0,1,848.16,848.16,848.16,492.13,492.13,492.13,492.13,6.0,2.0,0,0.0,0,0.0
1407332984.0,1,979.23,979.23,979.23,979.23,979.23,979.23,979.23,0.0,1.0,0,0.0,0,0.0
1407369390.0,3,2037.05,679.0166666666667,302.48,1916.55,638.85,1916.55,638.85,2.6666666666666665,1.0,0,0.0,0,0.0
1407843576.0,2,2332.56,1166.28,1166.28,2332.56,1166.28,2332.56,1166.28,-5.5,1.5,0,0.0,0,0.0
1407889652.0,3,1968.33,656.11,847.28,1574.68,524.8933333333333,1574.68,524.8933333333333,-2.0,0.3333333333333333,0,0.0,0,0.0
1407891336.0,4,5728.74,1432.185,1566.395,4212.4400000000005,1053.1100000000001,4212.4400000000005,1053.1100000000001,-1.0,2.0,0,0.0,0,0.0
1407900343.0,3,2682.31,894.1033333333334,769.92,2145.86,715.2866666666667,2145.86,715.2866666666667,1.3333333333333333,0.0,0,0.0,0,0.0
1417005919.0,1,583.2,583.2,583.2,466.56,466.56,466.56,466.56,3.0,0.0,0,0.0,0,0.0
1417011487.0,1,738.36,738.36,738.36,590.69,590.69,590.69,590.69,3.0,0.0,0,0.0,0,0.0
1417025917.0,4,5088.299999999999,1272.0749999999998,1283.145,4210.25,1052.5625,4210.25,1052.5625,-1.0,0.5,0,0.0,0,0.0
1417063819.0,1,1204.95,1204.95,1204.95,963.96,963.96,963.96,963.96,4.0,0.0,0,0.0,0,0.0
1417068545.0,1,1233.64,1233.64,1233.64,986.91,986.91,986.91,986.91,0.0,0.0,0,0.0,0,0.0
1417244989.0,2,1744.0300000000002,872.0150000000001,872.0150000000001,1395.24,697.62,1395.24,697.62,-1.0,2.5,0,0.0,0,0.0
1417284043.0,1,9702.95,9702.95,9702.95,7762.37,7762.37,7762.37,7762.37,-5.0,2.0,0,0.0,0,0.0
1417336264.0,3,14799.64,4933.213333333333,1730.11,11839.720000000001,3946.5733333333337,11839.720000000001,3946.5733333333337,2.0,1.6666666666666667,0,0.0,0,0.0
1417342163.0,7,2532194.63419413,361742.09059916146,2054.1,6652.969999999999,950.4242857142856,6652.969999999999,950.4242857142856,-1.0,1.4285714285714286,0,0.0,0,0.0
1417377813.0,3,3624.5600000000004,1208.1866666666667,1053.94,2434.21,811.4033333333333,2434.21,811.4033333333333,5.333333333333333,0.0,0,0.0,0,0.0
1417426701.0,2,3340.02,1670.01,1670.01,2485.6099999999997,1242.8049999999998,2485.6099999999997,1242.8049999999998,-4.0,2.5,0,0.0,0,0.0
1417440264.0,2,1213.66,606.83,606.83,1213.66,606.83,1213.66,606.83,-5.5,3.0,0,0.0,0,0.0
1417473851.0,3,14790.39,4930.13,1546.29,14142.0,4714.0,14142.0,4714.0,0.6666666666666666,1.0,0,0.0,0,0.0
1417519000.0,1,1115.67,1115.67,1115.67,1115.67,1115.67,1115.67,1115.67,-4.0,0.0,0,0.0,0,0.0
1417985474.0,2,-136.0,-68.0,-68.0,1914.4,957.2,1914.4,957.2,-1.0,0.5,0,0.0,0,0.0
1427001445.0,1,119.05,119.05,119.05,95.24,95.24,175.55,175.55,4.0,0.0,0,0.0,0,0.0
1427009026.0,6,9857.92,1642.9866666666667,1679.4099999999999,7515.67,1252.6116666666667,7515.67,1252.6116666666667,-0.6666666666666666,0.6666666666666666,0,0.0,0,0.0
1427097716.0,11,8516.83,774.2572727272727,693.01,6813.49,619.4081818181818,6813.49,619.4081818181818,-1.6,1.1818181818181819,0,0.0,0,0.0
1427175090.0,1,1748.44,1748.44,1748.44,1398.75,1398.75,1398.75,1398.75,-3.0,0.0,0,0.0,0,0.0
1427184654.0,4,26693.190000000002,6673.297500000001,6417.52,22438.870000000003,5609.717500000001,22438.870000000003,5609.717500000001,1.0,0.5,0,0.0,0,0.0
1427363597.0,3,4760.88,1586.96,1673.97,3808.7000000000003,1269.5666666666668,3808.7000000000003,1269.5666666666668,0.6666666666666666,1.3333333333333333,0,0.0,0,0.0
1427384353.0,3,4157.67,1385.89,1497.56,3326.12,1108.7066666666667,3326.12,1108.7066666666667,4.666666666666667,0.0,0,0.0,0,0.0
1427418276.0,3,3046.42,1015.4733333333334,1039.18,2193.09,731.0300000000001,2193.09,731.0300000000001,-3.6666666666666665,0.0,1,0.3333333333333333,0,0.0
1427438043.0,3,6116.3,2038.7666666666667,2064.71,4712.6,1570.8666666666668,4712.6,1570.8666666666668,-6.0,0.0,0,0.0,0,0.0
1427545375.0,2,32256.14,16128.07,16128.07,25804.9,12902.45,25804.9,12902.45,1.0,2.0,0,0.0,0,0.0
1427593896.0,7,10067.09,1438.1557142857143,1210.9,7685.4400000000005,1097.92,7685.4400000000005,1097.92,-1.7142857142857142,1.4285714285714286,1,0.14285714285714285,0,0.0
1427605534.0,3,5343.97,1781.3233333333335,1890.48,4090.84,1363.6133333333335,4090.84,1363.6133333333335,0.6666666666666666,1.0,0,0.0,0,0.0
1427651041.0,3,3053.2,1017.7333333333332,855.64,2033.13,677.71,2033.13,677.71,0.3333333333333333,0.0,0,0.0,0,0.0
1427677723.0,1,648.25,648.25,648.25,648.25,648.25,648.25,648.25,6.0,1.0,0,0.0,0,0.0
1437104916.0,4,5318.57,1329.6425,1464.4250000000002,3936.82,984.205,7067.679999999999,1766.9199999999998,-2.0,0.25,0,0.0,0,0.0
1437122843.0,1,978.56,978.56,978.56,782.85,782.85,782.85,782.85,-4.0,0.0,0,0.0,0,0.0
1437216132.0,2,2960.62,1480.31,1480.31,2368.46,1184.23,2368.46,1184.23,-1.5,1.5,0,0.0,0,0.0
1437303955.0,1,1333.32,1333.32,1333.32,1066.66,1066.66,1066.66,1066.66,6.0,0.0,0,0.0,0,0.0
1437547783.0,4,4235.52,1058.88,944.8599999999999,3258.8700000000003,814.7175000000001,3258.8700000000003,814.7175000000001,-2.5,1.0,0,0.0,0,0.0
1437569837.0,3,3256.7,1085.5666666666666,1068.79,2605.36,868.4533333333334,2605.36,868.4533333333334,-2.6666666666666665,1.0,0,0.0,0,0.0
1437697273.0,6,11709.75,1951.625,1995.62,9710.35,1618.3916666666667,9710.35,1618.3916666666667,-1.5,1.0,0,0.0,0,0.0
1437708237.0,1,817.73,817.73,817.73,654.18,654.18,654.18,654.18,2.0,0.0,0,0.0,0,0.0
1447221247.0,2,2003.95,1001.975,1001.975,1603.17,801.585,1603.17,801.585,-4.5,1.0,0,0.0,0,0.0
1447226584.0,3,3236.19,1078.73,1146.66,3131.19,1043.73,3131.19,1043.73,0.3333333333333333,0.0,0,0.0,0,0.0
1447423900.0,5,8282.77,1656.554,782.92,6855.6,1371.1200000000001,6855.6,1371.1200000000001,2.8,0.2,0,0.0,0,0.0
1447435862.0,8,7638.98,954.8725,1195.61,8604.14,1075.5175,8604.14,1075.5175,0.875,0.5,0,0.0,0,0.0
1447540315.0,11,19162.81,1742.0736363636365,1909.87,12934.61,1175.8736363636365,12934.61,1175.8736363636365,-1.6363636363636365,1.1818181818181819,0,0.0,0,0.0
1447544010.0,9,20308.39,2256.487777777778,1805.79,15506.97,1722.9966666666667,15506.97,1722.9966666666667,-2.888888888888889,2.2222222222222223,0,0.0,0,0.0
1447578125.0,2,1694.96,847.48,847.48,1355.96,677.98,1355.96,677.98,-0.5,2.0,0,0.0,0,0.0
1447615455.0,4,6625.83,1656.4575,1890.665,5300.67,1325.1675,8464.77,2116.1925,-4.0,0.75,0,0.0,0,0.0
1447694344.0,3,3260.0,1086.6666666666667,987.53,2695.61,898.5366666666667,3846.2999999999997,1282.1,-0.3333333333333333,0.3333333333333333,0,0.0,0,0.0
1457304966.0,4,3309.74,827.435,793.435,2088.6,522.15,2088.6,522.15,-1.6666666666666667,0.0,0,0.0,0,0.0
1457309122.0,3,2683.8199999999997,894.6066666666666,642.38,2147.04,715.68,2147.04,715.68,2.3333333333333335,1.0,0,0.0,0,0.0
1457403503.0,1,1510.8,1510.8,1510.8,1208.62,1208.62,1208.62,1208.62,-1.0,2.0,0,0.0,0,0.0
1457418659.0,2,2773.85,1386.925,1386.925,1849.45,924.725,1849.45,924.725,-0.5,0.0,0,0.0,0,0.0
1457461477.0,4,2396.73,599.1825,511.15,2256.73,564.1825,2256.73,564.1825,-5.0,1.25,0,0.0,0,0.0
1457586620.0,1,926.5,926.5,926.5,741.2,741.2,741.2,741.2,-1.0,1.0,0,0.0,0,0.0
1457772402.0,2,18007.34,9003.67,9003.67,14405.880000000001,7202.9400000000005,14405.880000000001,7202.9400000000005,4.5,1.0,0,0.0,0,0.0
1457802332.0,1,1006.71,1006.71,1006.71,1006.71,1006.71,1006.71,1006.71,2.0,3.0,0,0.0,0,0.0
1457803769.0,1,317.09,317.09,317.09,253.68,253.68,253.68,253.68,-4.0,3.0,0,0.0,0,0.0
1457825192.0,2,1883.0500000000002,941.5250000000001,941.5250000000001,1883.0500000000002,941.5250000000001,1883.0500000000002,941.5250000000001,-5.5,1.0,0,0.0,0,0.0
1457860173.0,2,2301.26,1150.63,1150.63,1841.03,920.515,1841.03,920.515,0.0,1.5,0,0.0,0,0.0
1467027482.0,2,2476.41,1238.205,1238.205,1981.13,990.565,1981.13,990.565,3.5,1.5,0,0.0,0,0.0
1467127613.0,2,1140.49,570.245,570.245,539.6,269.8,539.6,269.8,-3.0,1.5,0,0.0,0,0.0
1467413906.0,1,10017.09,10017.09,10017.09,8013.67,8013.67,8013.67,8013.67,-2.0,0.0,0,0.0,0,0.0
1467430124.0,24,161087.2022307554,6711.966759614809,875.98,15783.380000000001,657.6408333333334,15783.380000000001,657.6408333333334,-2.25,0.8333333333333334,0,0.0,0,0.0
1467482539.0,1,799.77,799.77,799.77,799.77,799.77,799.77,799.77,-3.0,1.0,0,0.0,0,0.0
1467483255.0,2,19808.75,9904.375,9904.375,15847.0,7923.5,15847.0,7923.5,-4.0,1.0,0,0.0,0,0.0
1467483297.0,1,1346.18,1346.18,1346.18,1076.94,1076.94,1076.94,1076.94,5.0,0.0,0,0.0,0,0.0
1467543892.0,2,2321.8,1160.9,1160.9,2321.8,1160.9,2321.8,1160.9,0.5,0.5,0,0.0,0,0.0
1467606681.0,2,3575.2200000000003,1787.6100000000001,1787.6100000000001,2860.18,1430.09,2860.18,1430.09,1.0,0.0,0,0.0,0,0.0
1467642942.0,2,2379.88,1189.94,1189.94,1903.9,951.95,1903.9,951.95,3.0,2.0,0,0.0,0,0.0
1467669218.0,3,4488.96,1496.32,1664.58,4488.96,1496.32,4488.96,1496.32,-0.6666666666666666,0.6666666666666666,0,0.0,0,0.0
1467785782.0,4,13887.3,3471.825,1411.2849999999999,12968.18,3242.045,12968.18,3242.045,-0.25,1.5,0,0.0,0,0.0
1467850727.0,1,658.38,658.38,658.38,343.64,343.64,343.64,343.64,4.0,2.0,0,0.0,0,0.0
1467873315.0,2,2905.23,1452.615,1452.615,2324.19,1162.095,2324.19,1162.095,0.5,0.0,0,0.0,0,0.0
1467928671.0,3,4499.1900000000005,1499.7300000000002,1435.31,3599.35,1199.7833333333333,3599.35,1199.7833333333333,3.0,1.3333333333333333,0,0.0,0,0.0
1467947101.0,1,2021.63,2021.63,2021.63,1432.63,1432.63,1432.63,1432.63,1.0,1.0,0,0.0,0,0.0
1467967588.0,5,5044.38,1008.876,851.0,1586.6399999999999,317.328,1586.6399999999999,317.328,-0.8,1.4,0,0.0,0,0.0
1477119105.0,3,3290.51,1096.8366666666668,1096.9,2259.58,753.1933333333333,2259.58,753.1933333333333,-3.6666666666666665,1.0,0,0.0,0,0.0
1477131878.0,1,1731.42,1731.42,1731.42,1385.13,1385.13,1385.13,1385.13,-2.0,0.0,0,0.0,0,0.0
1477188217.0,2,1439.2800000000002,719.6400000000001,719.6400000000001,1439.2800000000002,719.6400000000001,1439.2800000000002,719.6400000000001,-2.5,0.0,0,0.0,0,0.0
1477509859.0,2,2468.8199999999997,1234.4099999999999,1234.4099999999999,2142.12,1071.06,2142.12,1071.06,-4.5,1.0,0,0.0,0,0.0
1477519908.0,3,2197.81,732.6033333333334,622.06,1758.27,586.09,1758.27,586.09,-0.3333333333333333,1.0,0,0.0,0,0.0
1477549731.0,1,643.82,643.82,643.82,515.06,515.06,515.06,515.06,0.0,0.0,0,0.0,0,0.0
1477741999.0,2,29288.03,14644.015,14644.015,23430.41,11715.205,23430.41,11715.205,-6.0,2.0,0,0.0,0,0.0
1477819886.0,2,2307.4300000000003,1153.7150000000001,1153.7150000000001,1845.95,922.975,1845.95,922.975,-1.5,1.5,0,0.0,0,0.0
1477859254.0,1,791.94,791.94,791.94,791.94,791.94,791.94,791.94,-3.0,2.0,0,0.0,0,0.0
1477890267.0,2,2663.59,1331.795,1331.795,1944.47,972.235,1944.47,972.235,0.0,0.0,0,0.0,0,0.0
1487107447.0,1,869.64,869.64,869.64,695.4,695.4,695.4,695.4,-6.0,3.0,0,0.0,0,0.0
1487124707.0,1,918.37,918.37,918.37,918.37,918.37,918.37,918.37,-6.0,0.0,0,0.0,0,0.0
1487280384.0,1,11536.87,11536.87,11536.87,9229.49,9229.49,9229.49,9229.49,0.0,1.0,0,0.0,0,0.0
1487602918.0,1,884.35,884.35,884.35,884.35,884.35,884.35,884.35,-8.0,0.0,0,0.0,0,0.0
1487640207.0,2,20905.280000000002,10452.640000000001,10452.640000000001,16724.21,8362.105,16724.21,8362.105,-1.0,2.0,0,0.0,0,0.0
1487655064.0,1,285.96,285.96,285.96,228.76,228.76,228.76,228.76,-2.0,2.0,0,0.0,0,0.0
1487665733.0,2,2746.8999999999996,1373.4499999999998,1373.4499999999998,2385.5699999999997,1192.7849999999999,2385.5699999999997,1192.7849999999999,-3.0,0.0,0,0.0,0,0.0
1487706214.0,1,1604.48,1604.48,1604.48,1097.18,1097.18,1097.18,1097.18,5.0,1.0,0,0.0,0,0.0
1487869467.0,1,1914.68,1914.68,1914.68,1914.68,1914.68,1914.68,1914.68,0.0,2.0,0,0.0,0,0.0
1487898946.0,2,1995.98,997.99,997.99,1596.76,798.38,1596.76,798.38,1.0,2.0,0,0.0,0,0.0
1497071161.0,1,1249.14,1249.14,1249.14,1249.14,1249.14,1249.14,1249.14,2.0,1.0,0,0.0,0,0.0
1497161483.0,4,3835.75,958.9375,902.22,2885.13,721.2825,2885.13,721.2825,-1.5,1.25,0,0.0,0,0.0
1497175160.0,1,1414.52,1414.52,1414.52,1131.62,1131.62,1131.62,1131.62,-6.0,0.0,0,0.0,0,0.0
1497181697.0,2,2907.45,1453.725,1453.725,2510.21,1255.105,2510.21,1255.105,-1.5,0.0,0,0.0,0,0.0
1497201347.0,3,11105.84,3701.9466666666667,667.66,8698.27,2899.4233333333336,8698.27,2899.4233333333336,1.3333333333333333,0.6666666666666666,0,0.0,0,0.0
1497723407.0,4,2216.27,554.0675,532.985,1554.81,388.7025,1554.81,388.7025,0.25,0.25,0,0.0,0,0.0
1497760243.0,1,12225.18,12225.18,12225.18,9780.14,9780.14,9780.14,9780.14,-2.0,0.0,0,0.0,0,0.0
1497764526.0,1,983.28,983.28,983.28,786.63,786.63,786.63,786.63,3.0,0.0,0,0.0,0,0.0
1497773055.0,5,7734.22,1546.844,1461.94,5630.24,1126.048,5630.24,1126.048,-2.6,0.4,0,0.0,0,0.0
1497786818.0,1,1189.94,1189.94,1189.94,951.95,951.95,951.95,951.95,1.0,3.0,0,0.0,0,0.0
1497801153.0,3,4638.52,1546.1733333333334,1546.3,4330.32,1443.4399999999998,4330.32,1443.4399999999998,0.0,0.0,0,0.0,0,0.0
1497842553.0,5,6597.74,1319.548,1342.88,5278.24,1055.648,5278.24,1055.648,-0.4,1.0,0,0.0,0,0.0
1497842777.0,2,3653.67,1826.835,1826.835,2737.9399999999996,1368.9699999999998,2737.9399999999996,1368.9699999999998,-1.5,0.0,0,0.0,0,0.0
1497868772.0,1,14858.12,14858.12,14858.12,14823.12,14823.12,14823.12,14823.12,0.0,3.0,0,0.0,0,0.0
1497955678.0,1,851.0,851.0,851.0,680.8,680.8,680.8,680.8,0.0,0.0,0,0.0,0,0.0
1508010836.0,8,23608.489999999998,2951.0612499999997,1055.17,18707.83,2338.47875,18707.83,2338.47875,-0.75,1.25,0,0.0,0,0.0
1508027319.0,1,1197.19,1197.19,1197.19,771.35,771.35,771.35,771.35,-2.0,3.0,0,0.0,0,0.0
1508027848.0,1,1053.94,1053.94,1053.94,843.15,843.15,843.15,843.15,4.0,0.0,0,0.0,0,0.0
1508262916.0,7,6763.5599999999995,966.222857142857,994.5,4851.71,693.1014285714285,4851.71,693.1014285714285,-3.2857142857142856,0.8571428571428571,0,0.0,0,0.0
1508276940.0,1,1818.82,1818.82,1818.82,1268.66,1268.66,1268.66,1268.66,-6.0,1.0,0,0.0,0,0.0
1508306861.0,3,122816.82292789001,40938.940975963334,1421.27,3584.05,1194.6833333333334,3584.05,1194.6833333333334,-6.0,0.0,0,0.0,0,0.0
1508360413.0,1,1188.49,1188.49,1188.49,764.39,764.39,764.39,764.39,-1.0,0.0,0,0.0,0,0.0
1508364241.0,1,1240.94,1240.94,1240.94,806.35,806.35,806.35,806.35,-4.0,2.0,0,0.0,0,0.0
1508366030.0,3,2710.51,903.5033333333334,803.77,2020.83,673.61,2020.83,673.61,-2.6666666666666665,2.3333333333333335,0,0.0,0,0.0
1508375510.0,1,1374.17,1374.17,1374.17,1099.35,1099.35,1099.35,1099.35,-4.0,3.0,0,0.0,0,0.0
1508472804.0,1,983.28,983.28,983.28,786.63,786.63,786.63,786.63,4.0,0.0,0,0.0,0,0.0
1508826983.0,5,7406.049999999999,1481.2099999999998,1355.88,5557.47,1111.4940000000001,5557.47,1111.4940000000001,-1.4,0.4,0,0.0,0,0.0
1508964883.0,1,571.89,571.89,571.89,457.51,457.51,457.51,457.51,4.0,0.0,0,0.0,0,0.0
1508979683.0,13,68054.096573698,5234.930505669077,824.26,8653.73,665.6715384615384,8653.73,665.6715384615384,-1.6923076923076923,0.6923076923076923,0,0.0,0,0.0
1518129212.0,1,1194.86,1194.86,1194.86,955.89,955.89,955.89,955.89,5.0,0.0,0,0.0,0,0.0
1518239219.0,5,7213.450000000001,1442.69,1532.94,5400.92,1080.184,5400.92,1080.184,-3.6,1.0,0,0.0,0,0.0
1518337880.0,8,14658.55,1832.31875,1929.5,11136.55,1392.06875,12773.71,1596.71375,-0.25,1.125,0,0.0,0,0.0
1518384213.0,1,1694.65,1694.65,1694.65,1170.91,1170.91,1170.91,1170.91,0.0,0.0,0,0.0,0,0.0
1518388354.0,2,2913.38,1456.69,1456.69,2330.7,1165.35,2330.7,1165.35,-2.5,0.5,0,0.0,0,0.0
1518398049.0,1,738.36,738.36,738.36,497.15,497.15,497.15,497.15,-2.0,0.0,0,0.0,0,0.0
1518441260.0,1,744.3,744.3,744.3,595.44,595.44,595.44,595.44,-1.0,2.0,0,0.0,0,0.0
1518444009.0,7,11154.12,1593.4457142857143,1746.45,5661.29,808.7557142857142,5661.29,808.7557142857142,-3.2857142857142856,1.2857142857142858,0,0.0,0,0.0
1518467174.0,2,1783.32,891.66,891.66,1426.66,713.33,1426.66,713.33,-4.5,1.5,0,0.0,0,0.0
1518528579.0,2,2705.54,1352.77,1352.77,2705.54,1352.77,2705.54,1352.77,-1.5,0.0,0,0.0,0,0.0
1518591809.0,1,771.19,771.19,771.19,485.53,485.53,485.53,485.53,3.0,2.0,0,0.0,0,0.0
1518901107.0,1,1262.44,1262.44,1262.44,1009.95,1009.95,1009.95,1009.95,,3.0,0,0.0,0,0.0
1518930619.0,1,890.97,890.97,890.97,855.97,855.97,855.97,855.97,-4.0,0.0,0,0.0,0,0.0
1518935220.0,2,3128.87,1564.435,1564.435,2503.09,1251.545,2503.09,1251.545,-1.5,0.0,0,0.0,0,0.0
1518945278.0,3,5515.58,1838.5266666666666,1863.91,4385.77,1461.9233333333334,4385.77,1461.9233333333334,-3.0,0.6666666666666666,0,0.0,0,0.0
1518948595.0,7,7725.7,1103.6714285714286,1141.81,5508.54,786.9342857142857,5508.54,786.9342857142857,-1.4285714285714286,1.0,0,0.0,0,0.0
1518963230.0,1,12484.35,12484.35,12484.35,9987.47,9987.47,9987.47,9987.47,-4.0,1.0,0,0.0,0,0.0
1528042561.0,9,10701.57,1189.0633333333333,1114.51,8827.19,980.798888888889,10271.59,1141.2877777777778,-0.8888888888888888,1.0,0,0.0,0,0.0
1528082336.0,5,14285.560000000001,2857.112,755.4,10968.78,2193.7560000000003,10968.78,2193.7560000000003,-1.0,2.2,0,0.0,0,0.0
1528115458.0,1,1192.4,1192.4,1192.4,953.92,953.92,953.92,953.92,-1.0,1.0,0,0.0,0,0.0
1528147824.0,2,24772.239999999998,12386.119999999999,12386.119999999999,19817.8,9908.9,19817.8,9908.9,1.5,1.5,0,0.0,0,0.0
1528195724.0,1,1251.92,1251.92,1251.92,1001.52,1001.52,1001.52,1001.52,0.0,3.0,0,0.0,0,0.0
1528311958.0,4,5033.4,1258.35,1137.44,3705.08,926.27,3705.08,926.27,-1.0,0.25,0,0.0,0,0.0
1528377454.0,1,1089.67,1089.67,1089.67,1089.67,1089.67,1089.67,1089.67,-1.0,2.0,0,0.0,0,0.0
1528390507.0,1,849.14,849.14,849.14,495.34,495.34,495.34,495.34,2.0,2.0,0,0.0,0,0.0
1528499969.0,5,2991.3500000000004,598.2700000000001,291.17,2606.42,521.284,2606.42,521.284,0.6,1.2,0,0.0,0,0.0
1528538808.0,2,1676.14,838.07,838.07,971.1,485.55,971.1,485.55,-2.0,0.0,0,0.0,0,0.0
1528573037.0,2,2892.7,1446.35,1446.35,1942.8,971.4,1942.8,971.4,-2.0,2.0,0,0.0,0,0.0
1538108725.0,1,915.48,915.48,915.48,574.48,574.48,574.48,574.48,-6.0,0.0,0,0.0,0,0.0
1538110556.0,1,118.43,118.43,118.43,88.43,88.43,88.43,88.43,-5.0,0.0,0,0.0,0,0.0
1538209077.0,2,3957.94,1978.97,1978.97,3166.36,1583.18,3166.36,1583.18,1.0,0.0,0,0.0,0,0.0
1538247762.0,1,1489.57,1489.57,1489.57,1489.57,1489.57,1489.57,1489.57,-5.0,0.0,0,0.0,0,0.0
1538284401.0,3,3952.16,1317.3866666666665,1307.53,2788.92,929.64,2788.92,929.64,-2.0,1.3333333333333333,0,0.0,0,0.0
1538313861.0,1,2051.74,2051.74,2051.74,0.0,0.0,0.0,0.0,-1.0,2.0,0,0.0,0,0.0
1538349469.0,47,74942.81,1594.5278723404256,1847.46,60074.01,1278.170425531915,60074.01,1278.170425531915,-2.8297872340425534,1.0851063829787233,0,0.0,0,0.0
1538399118.0,6,7481.99,1246.9983333333332,1132.42,5428.5,904.75,5428.5,904.75,-2.5,0.8333333333333334,0,0.0,0,0.0
1538422977.0,3,4034.58,1344.86,1341.45,842.33,280.7766666666667,842.33,280.7766666666667,2.0,1.0,0,0.0,0,0.0
1538460878.0,2,2907.4,1453.7,1453.7,1953.12,976.56,1953.12,976.56,-5.5,1.5,0,0.0,0,0.0
1538526207.0,1,1519.07,1519.07,1519.07,1215.25,1215.25,1215.25,1215.25,-5.0,0.0,0,0.0,0,0.0
1538643036.0,5,3945.88,789.176,753.7,3797.02,759.404,3797.02,759.404,-1.4,2.0,0,0.0,0,0.0
1548244171.0,2,2446.0,1223.0,1223.0,2446.0,1223.0,2446.0,1223.0,4.5,1.0,0,0.0,0,0.0
1548266547.0,5,6553.2,1310.6399999999999,1400.54,6553.2,1310.6399999999999,6553.2,1310.6399999999999,-3.2,1.2,0,0.0,0,0.0
1548278476.0,1,8587.93,8587.93,8587.93,6870.35,6870.35,6870.35,6870.35,-6.0,0.0,0,0.0,0,0.0
1548291222.0,9,7261.11,806.79,811.1,6026.57,669.6188888888888,6026.57,669.6188888888888,-0.5,0.5555555555555556,0,0.0,0,0.0
1548293343.0,9,12596.44,1399.6044444444444,1433.77,10077.11,1119.6788888888889,10077.11,1119.6788888888889,1.0,0.7777777777777778,0,0.0,0,0.0
1548306343.0,1,1396.74,1396.74,1396.74,1117.39,1117.39,1117.39,1117.39,3.0,0.0,0,0.0,0,0.0
1548320435.0,1,714.4,714.4,714.4,453.09,453.09,453.09,453.09,5.0,3.0,1,1.0,0,0.0
1548393937.0,1,743.85,743.85,743.85,595.08,595.08,595.08,595.08,-1.0,3.0,0,0.0,0,0.0
1548472475.0,2,5349.57,2674.785,2674.785,4279.68,2139.84,4279.68,2139.84,-1.5,0.0,0,0.0,0,0.0
1548538010.0,2,1787.74,893.87,893.87,1430.1799999999998,715.0899999999999,1430.1799999999998,715.0899999999999,-5.5,0.0,0,0.0,0,0.0
1548569924.0,2,1971.28,985.64,985.64,1577.02,788.51,1577.02,788.51,-1.0,1.0,0,0.0,0,0.0
1548622285.0,1,1623.17,1623.17,1623.17,1166.35,1166.35,1166.35,1166.35,4.0,0.0,0,0.0,0,0.0
1548634991.0,5,6607.37,1321.474,1341.92,5285.92,1057.184,5285.92,1057.184,1.4,0.4,0,0.0,0,0.0
1548745383.0,1,1512.77,1512.77,1512.77,1210.21,1210.21,1210.21,1210.21,-2.0,0.0,0,0.0,0,0.0
1548750573.0,4,3605.92,901.48,851.0,2884.73,721.1825,2884.73,721.1825,-2.75,1.5,0,0.0,0,0.0
1548760119.0,4,6219.57,1554.8925,1614.78,4975.64,1243.91,4975.64,1243.91,-2.25,0.75,0,0.0,0,0.0
1548788771.0,15,76771.61,5118.107333333333,1585.12,60788.700000000004,4052.5800000000004,60788.700000000004,4052.5800000000004,0.13333333333333333,0.4666666666666667,0,0.0,0,0.0
1558308825.0,111,227322.2252238903,2047.9479749900026,1246.85,107043.23,964.3534234234234,110146.45,992.3103603603603,-1.128440366972477,0.8468468468468469,0,0.0,0,0.0
1558310052.0,1,1156.41,1156.41,1156.41,738.72,738.72,738.72,738.72,3.0,0.0,0,0.0,0,0.0
1558355305.0,4,3392.5699999999997,848.1424999999999,830.01,2714.06,678.515,2714.06,678.515,-6.0,0.25,0,0.0,0,0.0
1558528356.0,5,5774.22,1154.844,1274.99,4005.08,801.016,4768.46,953.692,-0.2,1.2,0,0.0,0,0.0
1558529206.0,3,3646.38,1215.46,999.08,2917.12,972.3733333333333,2917.12,972.3733333333333,-0.3333333333333333,1.0,0,0.0,0,0.0
1558657312.0,2,2199.36,1099.68,1099.68,1573.0900000000001,786.5450000000001,1573.0900000000001,786.5450000000001,-0.5,1.0,0,0.0,0,0.0
1558782888.0,2,2523.3999999999996,1261.6999999999998,1261.6999999999998,1859.71,929.855,1859.71,929.855,-1.0,0.0,0,0.0,0,0.0
1558797266.0,3,4402.72,1467.5733333333335,1340.11,3149.38,1049.7933333333333,3149.38,1049.7933333333333,0.6666666666666666,0.0,0,0.0,0,0.0
1558898882.0,2,2719.48,1359.74,1359.74,1802.78,901.39,1802.78,901.39,-1.5,1.0,0,0.0,0,0.0
1558916890.0,2,3292.0,1646.0,1646.0,2447.2,1223.6,2447.2,1223.6,0.5,1.5,0,0.0,0,0.0
1558984633.0,1,1449.66,1449.66,1449.66,973.33,973.33,973.33,973.33,1.0,3.0,0,0.0,0,0.0
1568061059.0,1,1003.86,1003.86,1003.86,1003.86,1003.86,1003.86,1003.86,0.0,3.0,1,1.0,0,0.0
1568404838.0,1,1651.74,1651.74,1651.74,1651.74,1651.74,1651.74,1651.74,1.0,0.0,0,0.0,0,0.0
1568432144.0,2,1994.25,997.125,997.125,1222.6,611.3,1222.6,611.3,2.5,1.0,0,0.0,0,0.0
1568440287.0,2,3076.21,1538.105,1538.105,2088.17,1044.085,2088.17,1044.085,-3.0,1.0,0,0.0,0,0.0
1568553519.0,5,5271.8,1054.3600000000001,937.09,3850.9799999999996,770.1959999999999,3850.9799999999996,770.1959999999999,2.4,1.8,0,0.0,0,0.0
1568555498.0,1,1598.38,1598.38,1598.38,1598.38,1598.38,1598.38,1598.38,-4.0,1.0,0,0.0,0,0.0
1568602472.0,1,865.31,865.31,865.31,692.24,692.24,692.24,692.24,-2.0,1.0,0,0.0,0,0.0
1568606051.0,1,1691.54,1691.54,1691.54,1353.24,1353.24,1353.24,1353.24,0.0,0.0,0,0.0,0,0.0
1568647519.0,1,111044.094158186,111044.094158186,111044.094158186,986.36,986.36,986.36,986.36,3.0,0.0,0,0.0,0,0.0
1568664613.0,16,15626.07,976.629375,1075.17,15051.07,940.691875,15051.07,940.691875,-1.75,0.4375,1,0.0625,0,0.0
1568672939.0,9,19398.23,2155.358888888889,1063.3,14855.390000000001,1650.598888888889,14855.390000000001,1650.598888888889,-2.2222222222222223,1.2222222222222223,0,0.0,0,0.0
1568748242.0,1,1233.8,1233.8,1233.8,800.64,800.64,800.64,800.64,-2.0,0.0,0,0.0,0,0.0
1568806297.0,3,3431.68,1143.8933333333332,1052.92,2464.4,821.4666666666667,2464.4,821.4666666666667,-1.6666666666666667,0.6666666666666666,0,0.0,0,0.0
1568818151.0,4,4626.64,1156.66,1160.335,3701.31,925.3275,3701.31,925.3275,-3.25,0.25,0,0.0,0,0.0
1568856045.0,2,2117.8,1058.9,1058.9,1694.26,847.13,1694.26,847.13,-4.5,1.5,0,0.0,0,0.0
1568904480.0,2,1644.56,822.28,822.28,1315.63,657.815,1315.63,657.815,-1.5,0.0,0,0.0,0,0.0
1578235735.0,2,2496.7700000000004,1248.3850000000002,1248.3850000000002,1997.45,998.725,1997.45,998.725,-2.5,0.0,0,0.0,0,0.0
1578539979.0,1,1574.1,1574.1,1574.1,1072.88,1072.88,1072.88,1072.88,3.0,2.0,0,0.0,0,0.0
1578560090.0,2,12672.34,6336.17,6336.17,12672.34,6336.17,12672.34,6336.17,-3.0,1.0,0,0.0,0,0.0
1578573085.0,2,15151.369999999999,7575.6849999999995,7575.6849999999995,12121.09,6060.545,12121.09,6060.545,-0.5,1.0,0,0.0,0,0.0
1578574521.0,4,3511.9799999999996,877.9949999999999,877.9949999999999,2761.56,690.39,2761.56,690.39,-2.0,0.0,0,0.0,0,0.0
1578599775.0,1,605.83,605.83,605.83,605.83,605.83,605.83,605.83,-4.0,0.0,0,0.0,0,0.0
1578677456.0,7,8433.75,1204.8214285714287,1411.41,8188.75,1169.8214285714287,8188.75,1169.8214285714287,2.7142857142857144,1.0,0,0.0,0,0.0
1578774477.0,3,3741.16,1247.0533333333333,1260.24,3741.16,1247.0533333333333,3741.16,1247.0533333333333,0.3333333333333333,0.6666666666666666,0,0.0,0,0.0
1578795894.0,2,20553.440000000002,10276.720000000001,10276.720000000001,16442.74,8221.37,16442.74,8221.37,-2.5,0.0,0,0.0,0,0.0
1578821005.0,1,1452.8,1452.8,1452.8,1162.24,1162.24,1162.24,1162.24,2.0,0.0,0,0.0,0,0.0
1578928826.0,9,14060.5,1562.2777777777778,1333.32,9234.230000000001,1026.0255555555557,9234.230000000001,1026.0255555555557,-1.6666666666666667,0.3333333333333333,0,0.0,0,0.0
1588080030.0,1,836.23,836.23,836.23,668.98,668.98,1455.54,1455.54,1.0,1.0,0,0.0,0,0.0
1588081681.0,20,18114.75,905.7375,951.62,14868.86,743.443,14868.86,743.443,-0.6,0.65,0,0.0,0,0.0
1588088025.0,2,1861.3600000000001,930.6800000000001,930.6800000000001,1489.0900000000001,744.5450000000001,1489.0900000000001,744.5450000000001,-2.5,1.5,0,0.0,0,0.0
1588294045.0,2,1702.0,851.0,851.0,1361.6,680.8,1361.6,680.8,-2.0,0.0,0,0.0,0,0.0
1588616742.0,1,642.78,642.78,642.78,514.22,514.22,514.22,514.22,-5.0,3.0,0,0.0,0,0.0
1588635973.0,1,1690.12,1690.12,1690.12,1352.1,1352.1,1352.1,1352.1,2.0,2.0,0,0.0,0,0.0
1588636351.0,1,1314.89,1314.89,1314.89,1051.91,1051.91,1051.91,1051.91,-1.0,1.0,0,0.0,0,0.0
1588732747.0,1,748.44,748.44,748.44,598.76,598.76,598.76,598.76,0.0,0.0,0,0.0,0,0.0
1588912703.0,2,3317.3599999999997,1658.6799999999998,1658.6799999999998,3006.3,1503.15,3006.3,1503.15,-1.0,0.0,0,0.0,0,0.0
1588925804.0,5,7757.99,1551.598,1571.09,5713.49,1142.6979999999999,5713.49,1142.6979999999999,-3.0,0.8,0,0.0,0,0.0
1588952618.0,1,1023.26,1023.26,1023.26,818.6,818.6,818.6,818.6,-1.0,0.0,0,0.0,0,0.0
1588964399.0,1,14512.21,14512.21,14512.21,11609.77,11609.77,11609.77,11609.77,4.0,0.0,0,0.0,0,0.0
1598053472.0,17,14044.68,826.1576470588235,797.72,11235.49,660.9111764705882,11796.82,693.9305882352941,-4.0588235294117645,0.7647058823529411,0,0.0,0,0.0
1598095325.0,2,1921.94,960.97,960.97,1921.94,960.97,1921.94,960.97,-0.5,0.0,0,0.0,0,0.0
1598152019.0,3,1915.78,638.5933333333334,507.76,1532.63,510.8766666666667,1532.63,510.8766666666667,-3.6666666666666665,0.0,1,0.3333333333333333,0,0.0
1598756686.0,1,1174.9,1174.9,1174.9,939.92,939.92,939.92,939.92,-2.0,2.0,0,0.0,0,0.0
1598765398.0,7,4955.37,707.91,706.09,3964.3,566.3285714285714,3964.3,566.3285714285714,-1.2857142857142858,1.0,0,0.0,0,0.0
1598776742.0,1,643.82,643.82,643.82,643.82,643.82,643.82,643.82,-4.0,2.0,0,0.0,0,0.0
1598788218.0,2,2346.42,1173.21,1173.21,1769.7800000000002,884.8900000000001,1769.7800000000002,884.8900000000001,0.0,1.0,0,0.0,0,0.0
1598898389.0,2,2753.96,1376.98,1376.98,2203.17,1101.585,2203.17,1101.585,-4.0,0.0,0,0.0,0,0.0
1609057223.0,1,1623.01,1623.01,1623.01,1298.42,1298.42,1298.42,1298.42,-4.0,0.0,0,0.0,0,0.0
1609120682.0,2,2646.15,1323.075,1323.075,1932.46,966.23,1932.46,966.23,-3.5,0.0,0,0.0,0,0.0
1609201060.0,2,1932.8200000000002,966.4100000000001,966.4100000000001,1932.8200000000002,966.4100000000001,1932.8200000000002,966.4100000000001,-7.0,0.5,0,0.0,0,0.0
1609207034.0,1,1320.61,1320.61,1320.61,1056.49,1056.49,1056.49,1056.49,6.0,0.0,0,0.0,0,0.0
1609231927.0,1,1338.01,1338.01,1338.01,884.89,884.89,884.89,884.89,-3.0,0.0,0,0.0,0,0.0
1609289883.0,1,763.65,763.65,763.65,610.92,610.92,610.92,610.92,0.0,0.0,0,0.0,0,0.0
1609298751.0,1,1595.09,1595.09,1595.09,1216.16,1216.16,1216.16,1216.16,-1.0,1.0,0,0.0,0,0.0
1609374842.0,1,851.0,851.0,851.0,680.8,680.8,680.8,680.8,1.0,0.0,0,0.0,0,0.0
1609384700.0,10,13511.630000000001,1351.163,1341.685,9523.88,952.3879999999999,9523.88,952.3879999999999,0.3,0.5,0,0.0,0,0.0
1609814219.0,1,995.75,995.75,995.75,611.68,611.68,611.68,611.68,2.0,1.0,0,0.0,0,0.0
1609817220.0,4,3386.4,846.6,955.125,2709.14,677.285,2860.6499999999996,715.1624999999999,3.75,0.0,0,0.0,0,0.0
1609820125.0,44,501338.83999999997,11394.064545454545,2004.0,380240.58999999997,8641.83159090909,380240.58999999997,8641.83159090909,-1.1363636363636365,0.8409090909090909,0,0.0,0,0.0
1609842152.0,1,840.2,840.2,840.2,840.2,840.2,840.2,840.2,0.0,0.0,0,0.0,0,0.0
1609854439.0,2,2031.92,1015.96,1015.96,1625.55,812.775,1625.55,812.775,-0.5,1.0,0,0.0,0,0.0
1609928134.0,2,2034.12,1017.06,1017.06,1627.28,813.64,1627.28,813.64,-3.0,1.5,0,0.0,0,0.0
1619019791.0,5,3242.2999999999997,648.4599999999999,596.8,2593.8599999999997,518.7719999999999,3530.45,706.0899999999999,0.4,1.0,0,0.0,0,0.0
1619038536.0,2,2839.5,1419.75,1419.75,2769.5,1384.75,2769.5,1384.75,3.5,1.0,0,0.0,0,0.0
1619061769.0,1,797.72,797.72,797.72,0.0,0.0,0.0,0.0,3.0,3.0,0,0.0,0,0.0
1619232295.0,2,2597.24,1298.62,1298.62,2077.78,1038.89,2077.78,1038.89,4.0,0.0,0,0.0,0,0.0
1619274388.0,2,3005.08,1502.54,1502.54,2217.66,1108.83,2217.66,1108.83,-3.0,0.0,0,0.0,0,0.0
1619351160.0,23,22143.91,962.778695652174,886.61,17714.98,770.2165217391304,17714.98,770.2165217391304,-0.21739130434782608,1.0869565217391304,1,0.043478260869565216,0,0.0
1619597143.0,1,1770.23,1770.23,1770.23,1416.18,1416.18,1416.18,1416.18,-4.0,0.0,1,1.0,0,0.0
1629071758.0,4,4049.1,1012.275,1034.01,3239.27,809.8175,3239.27,809.8175,0.5,1.0,0,0.0,0,0.0
1629077235.0,1,728.83,728.83,728.83,583.05,583.05,583.05,583.05,1.0,0.0,0,0.0,0,0.0
1629102819.0,2,2660.62,1330.31,1330.31,2128.49,1064.245,2128.49,1064.245,3.5,0.0,0,0.0,0,0.0
1629279666.0,3,3777.0699999999997,1259.0233333333333,1076.28,2842.81,947.6033333333334,2842.81,947.6033333333334,2.3333333333333335,2.0,0,0.0,0,0.0
1629328836.0,5,17524.51,3504.9019999999996,1529.84,14019.61,2803.922,14019.61,2803.922,1.0,1.0,0,0.0,0,0.0
1629329735.0,4,3478.25,869.5625,727.6,2869.8,717.45,2869.8,717.45,-0.5,0.0,0,0.0,0,0.0
1629499751.0,3,2331.0899999999997,777.0299999999999,574.37,1772.7199999999998,590.9066666666666,1772.7199999999998,590.9066666666666,-4.0,1.3333333333333333,0,0.0,0,0.0
1629556527.0,2,2394.05,1197.025,1197.025,1553.98,776.99,1553.98,776.99,-6.5,0.0,0,0.0,0,0.0
1629649751.0,1,727.95,727.95,727.95,395.97,395.97,395.97,395.97,-4.0,1.0,0,0.0,0,0.0
1639172810.0,8,6049.04,756.13,748.44,2777.95,347.24375,4839.29,604.91125,-3.75,1.125,0,0.0,0,0.0
1639221302.0,1,847.28,847.28,847.28,677.83,677.83,677.83,677.83,-7.0,3.0,0,0.0,0,0.0
1639240393.0,1,989.36,989.36,989.36,791.48,791.48,791.48,791.48,2.0,2.0,0,0.0,0,0.0
1639271794.0,6,4809.13,801.5216666666666,769.92,3847.33,641.2216666666667,3847.33,641.2216666666667,1.1666666666666667,0.3333333333333333,0,0.0,0,0.0
1639413925.0,1,1843.16,1843.16,1843.16,1474.53,1474.53,1474.53,1474.53,2.0,3.0,0,0.0,0,0.0
1639514094.0,3,3257.88,1085.96,1151.18,2606.29,868.7633333333333,2606.29,868.7633333333333,-2.6666666666666665,1.0,0,0.0,0,0.0
1639518798.0,5,17629.16,3525.832,1201.65,14103.32,2820.6639999999998,14103.32,2820.6639999999998,2.0,1.0,0,0.0,0,0.0
1639533763.0,1,1192.77,1192.77,1192.77,954.22,954.22,954.22,954.22,1.0,0.0,0,0.0,0,0.0
1639534290.0,7,33892.65,4841.807142857143,1507.46,26744.81,3820.687142857143,26744.81,3820.687142857143,-1.2857142857142858,1.0,0,0.0,0,0.0
1639576812.0,3,4376.75,1458.9166666666667,1466.86,3403.15,1134.3833333333334,3403.15,1134.3833333333334,-2.0,1.6666666666666667,0,0.0,0,0.0
1639593338.0,2,16975.17,8487.585,8487.585,13580.13,6790.065,15296.3,7648.15,-5.5,2.5,0,0.0,0,0.0
1639693492.0,1,1330.86,1330.86,1330.86,1064.69,1064.69,1064.69,1064.69,5.0,1.0,0,0.0,0,0.0
1639699309.0,2,1886.34,943.17,943.17,1509.06,754.53,1509.06,754.53,-3.0,1.5,0,0.0,0,0.0
1639760804.0,3,4226.849999999999,1408.9499999999998,880.88,3008.68,1002.8933333333333,3008.68,1002.8933333333333,-1.0,0.3333333333333333,0,0.0,0,0.0
1649260845.0,3,84752.36084110459,28250.786947034863,324.68,1187.57,395.8566666666666,1187.57,395.8566666666666,-2.3333333333333335,1.3333333333333333,0,0.0,0,0.0
1649368523.0,1,511.33,511.33,511.33,222.66,222.66,222.66,222.66,4.0,0.0,0,0.0,0,0.0
1649509514.0,2,2666.58,1333.29,1333.29,2133.2799999999997,1066.6399999999999,2133.2799999999997,1066.6399999999999,3.5,0.0,0,0.0,0,0.0
1649520644.0,2,2699.5,1349.75,1349.75,1788.33,894.165,1788.33,894.165,2.0,1.0,0,0.0,0,0.0
1649526773.0,2,3890.2200000000003,1945.1100000000001,1945.1100000000001,3112.1899999999996,1556.0949999999998,3112.1899999999996,1556.0949999999998,0.5,1.5,0,0.0,0,0.0
1649628009.0,6,5296.78,882.7966666666666,837.45,4941.23,823.5383333333333,4941.23,823.5383333333333,0.16666666666666666,0.16666666666666666,0,0.0,0,0.0
1649814138.0,3,2078.62,692.8733333333333,664.6,1488.1799999999998,496.05999999999995,1488.1799999999998,496.05999999999995,-1.6666666666666667,1.6666666666666667,0,0.0,0,0.0
1649829532.0,9,11455.14,1272.7933333333333,1076.28,8261.05,917.8944444444444,6539.01,726.5566666666667,-0.5555555555555556,1.1111111111111112,0,0.0,0,0.0
1649947797.0,2,2737.75,1368.875,1368.875,2190.2,1095.1,2190.2,1095.1,-0.5,0.5,0,0.0,0,0.0
1659312072.0,2,2726.95,1363.475,1363.475,2541.65,1270.825,2541.65,1270.825,1.5,1.5,0,0.0,0,0.0
1659319135.0,3,3988.34,1329.4466666666667,1290.43,1643.48,547.8266666666667,1643.48,547.8266666666667,1.6666666666666667,1.0,0,0.0,0,0.0
1659330496.0,1,143459.276189788,143459.276189788,143459.276189788,1346.18,1346.18,1346.18,1346.18,-5.0,0.0,0,0.0,0,0.0
1659348506.0,2,1694.01,847.005,847.005,1355.21,677.605,1355.21,677.605,2.0,1.0,0,0.0,0,0.0
1659371870.0,13,9085.55,698.8884615384615,714.38,7291.7,560.9,7291.7,560.9,-3.6153846153846154,0.6923076923076923,0,0.0,0,0.0
1659392819.0,1,868.39,868.39,868.39,0.0,0.0,0.0,0.0,-4.0,0.0,0,0.0,0,0.0
1659436996.0,2,1595.44,797.72,797.72,1525.44,762.72,1525.44,762.72,-3.5,1.5,0,0.0,0,0.0
1659476356.0,1,1627.2,1627.2,1627.2,1301.75,1301.75,1301.75,1301.75,-6.0,0.0,0,0.0,0,0.0
1659518553.0,1,1058.88,1058.88,1058.88,726.76,726.76,726.76,726.76,-1.0,3.0,0,0.0,0,0.0
1659744167.0,1,995.73,995.73,995.73,796.59,796.59,796.59,796.59,2.0,0.0,0,0.0,0,0.0
1659818623.0,2,2296.34,1148.17,1148.17,1207.99,603.995,1207.99,603.995,1.0,0.5,0,0.0,0,0.0
1659927556.0,7,35865.91,5123.7014285714295,1676.52,29147.79,4163.97,35489.74,5069.962857142857,-2.2857142857142856,0.8571428571428571,0,0.0,0,0.0
1659966398.0,4,3400.24,850.06,924.025,2971.1000000000004,742.7750000000001,2971.1000000000004,742.7750000000001,-0.5,1.0,0,0.0,0,0.0
1669010369.0,1,1189.94,1189.94,1189.94,951.95,951.95,951.95,951.95,-3.0,0.0,0,0.0,0,0.0
1669063277.0,3,3880.32,1293.44,1413.89,3104.25,1034.75,3104.25,1034.75,-4.333333333333333,2.3333333333333335,0,0.0,0,0.0
1669078879.0,1,706.39,706.39,706.39,565.11,565.11,565.11,565.11,3.0,0.0,0,0.0,0,0.0
1669461281.0,1,10379.18,10379.18,10379.18,8303.35,8303.35,8303.35,8303.35,-1.0,0.0,0,0.0,0,0.0
1669474425.0,1,512.25,512.25,512.25,512.25,512.25,512.25,512.25,2.0,1.0,0,0.0,0,0.0
1669475166.0,1,1969.32,1969.32,1969.32,1575.47,1575.47,1575.47,1575.47,3.0,0.0,0,0.0,0,0.0
1669479929.0,1,793.98,793.98,793.98,605.91,605.91,605.91,605.91,3.0,0.0,0,0.0,0,0.0
1669548392.0,1,1199.19,1199.19,1199.19,959.35,959.35,959.35,959.35,5.0,0.0,0,0.0,0,0.0
1669634903.0,2,2474.4,1237.2,1237.2,1793.1200000000001,896.5600000000001,1793.1200000000001,896.5600000000001,-4.0,0.0,0,0.0,0,0.0
1669644068.0,2,1704.0,852.0,852.0,1286.53,643.265,1286.53,643.265,-6.0,2.5,0,0.0,0,0.0
1669802419.0,3,3988.45,1329.4833333333333,1073.09,3035.88,1011.96,3035.88,1011.96,-4.333333333333333,0.6666666666666666,0,0.0,0,0.0
1669830832.0,13,41291.31,3176.254615384615,1337.65,24855.079999999998,1911.9292307692306,24855.079999999998,1911.9292307692306,-1.4615384615384615,0.46153846153846156,0,0.0,0,0.0
1669840633.0,12,56611.03,4717.5858333333335,1334.255,42334.39,3527.8658333333333,43600.95,3633.4125,0.5,0.6666666666666666,0,0.0,0,0.0
1669879664.0,3,3125.46,1041.82,1130.94,2500.41,833.4699999999999,2500.41,833.4699999999999,-3.3333333333333335,1.0,0,0.0,0,0.0
1669884854.0,2,13811.130000000001,6905.5650000000005,6905.5650000000005,11048.9,5524.45,11048.9,5524.45,2.0,1.5,0,0.0,0,0.0
1669911764.0,1,1362.84,1362.84,1362.84,1090.28,1090.28,1090.28,1090.28,0.0,0.0,0,0.0,0,0.0
1669915864.0,1,795.46,795.46,795.46,449.98,449.98,449.98,449.98,-5.0,0.0,0,0.0,0,0.0
1669985032.0,1,952.1,952.1,952.1,761.68,761.68,761.68,761.68,-8.0,3.0,0,0.0,0,0.0
1669986998.0,11,13422.58,1220.2345454545455,1137.2,10343.65,940.3318181818181,10343.65,940.3318181818181,-3.3636363636363638,1.0,0,0.0,0,0.0
1679124010.0,1,299.63,299.63,299.63,239.7,239.7,239.7,239.7,0.0,0.0,0,0.0,0,0.0
1679188437.0,7,16090.4,2298.6285714285714,1410.26,12734.39,1819.1985714285713,12734.39,1819.1985714285713,-0.14285714285714285,1.0,0,0.0,0,0.0
1679535637.0,1,718.78,718.78,718.78,683.78,683.78,683.78,683.78,-6.0,0.0,0,0.0,0,0.0
1679581532.0,1,664.6,664.6,664.6,664.6,664.6,664.6,664.6,0.0,0.0,0,0.0,0,0.0
1679634257.0,2,2466.7,1233.35,1233.35,1973.36,986.68,1973.36,986.68,-2.0,3.0,0,0.0,0,0.0
1679646509.0,3,2640.75,880.25,831.87,1752.44,584.1466666666666,1752.44,584.1466666666666,-1.6666666666666667,0.0,0,0.0,0,0.0
1679678197.0,5,4454.2,890.8399999999999,748.44,3563.38,712.676,3563.38,712.676,-3.0,0.0,0,0.0,0,0.0
1679686992.0,1,697.47,697.47,697.47,557.97,557.97,557.97,557.97,1.0,0.0,0,0.0,0,0.0
1679761027.0,1,1773.11,1773.11,1773.11,1418.48,1418.48,1418.48,1418.48,-6.0,0.0,0,0.0,0,0.0
1679786784.0,4,9379.22,2344.805,1436.0,6944.15,1736.0375,6944.15,1736.0375,-4.75,2.0,0,0.0,0,0.0
1679810469.0,1,1063.19,1063.19,1063.19,850.55,850.55,850.55,850.55,-5.0,2.0,0,0.0,0,0.0
1679822993.0,1,1927.41,1927.41,1927.41,1541.93,1541.93,1541.93,1541.93,-7.0,0.0,0,0.0,0,0.0
1679900229.0,2,2658.24,1329.12,1329.12,1754.74,877.37,1754.74,877.37,0.0,0.0,0,0.0,0,0.0
1679931646.0,7,7322.77,1046.1100000000001,945.64,5963.27,851.8957142857143,5963.27,851.8957142857143,-2.142857142857143,0.0,0,0.0,0,0.0
1679933055.0,7,10064.08,1437.7257142857143,1461.06,6327.41,903.9157142857142,6327.41,903.9157142857142,-0.14285714285714285,0.7142857142857143,0,0.0,0,0.0
1679948319.0,6,6579.81,1096.635,1145.105,5263.88,877.3133333333334,5263.88,877.3133333333334,-0.16666666666666666,0.6666666666666666,0,0.0,0,0.0
1689130338.0,1,120.83,120.83,120.83,96.66,96.66,96.66,96.66,2.0,2.0,0,0.0,0,0.0
1689141376.0,2,2488.47,1244.235,1244.235,1990.78,995.39,1990.78,995.39,-3.0,0.5,0,0.0,0,0.0
1689198863.0,3,4895.25,1631.75,1609.16,3778.69,1259.5633333333333,3778.69,1259.5633333333333,1.3333333333333333,1.0,0,0.0,0,0.0
1689628232.0,2,2863.4700000000003,1431.7350000000001,1431.7350000000001,2545.65,1272.825,2545.65,1272.825,-4.0,1.0,0,0.0,0,0.0
1689688988.0,28,27518.68,982.8100000000001,886.61,22014.75,786.2410714285714,22014.75,786.2410714285714,-1.75,0.8214285714285714,0,0.0,0,0.0
1689692246.0,2,3153.59,1576.795,1576.795,3153.59,1576.795,3153.59,1576.795,-4.0,0.5,0,0.0,0,0.0
1689722431.0,2,1824.44,912.22,912.22,1088.54,544.27,1088.54,544.27,4.0,1.0,0,0.0,0,0.0
1689760092.0,8,18361.98,2295.2475,1195.71,15760.8,1970.1,15760.8,1970.1,-0.14285714285714285,1.0,1,0.125,0,0.0
1689766206.0,1,1119.03,1119.03,1119.03,1119.03,1119.03,1119.03,1119.03,0.0,3.0,0,0.0,0,0.0
1689781346.0,6,18378.97,3063.161666666667,1220.56,18168.97,3028.161666666667,18168.97,3028.161666666667,1.8333333333333333,1.3333333333333333,0,0.0,0,0.0
1689857385.0,9,4740.4,526.7111111111111,270.07,3792.38,421.3755555555556,3792.38,421.3755555555556,1.3333333333333333,0.5555555555555556,0,0.0,0,0.0
1689864035.0,4,22021.09,5505.2725,1943.17,17244.06,4311.015,17244.06,4311.015,-0.75,0.0,0,0.0,0,0.0
1689921306.0,3,4272.3099999999995,1424.1033333333332,1421.98,3987.91,1329.3033333333333,3987.91,1329.3033333333333,-3.0,0.6666666666666666,0,0.0,0,0.0
1699016527.0,2,3089.0699999999997,1544.5349999999999,1544.5349999999999,2287.26,1143.63,2287.26,1143.63,4.0,0.0,0,0.0,0,0.0
1699115600.0,1,2043.57,2043.57,2043.57,1634.85,1634.85,1634.85,1634.85,0.0,1.0,0,0.0,0,0.0
1699173245.0,2,3080.8999999999996,1540.4499999999998,1540.4499999999998,2464.74,1232.37,2464.74,1232.37,-1.0,1.5,1,0.5,0,0.0
1699288449.0,2,1908.76,954.38,954.38,1527.02,763.51,1527.02,763.51,-0.5,1.0,0,0.0,0,0.0
1699322164.0,3,2673.2200000000003,891.0733333333334,866.78,2138.56,712.8533333333334,2138.56,712.8533333333334,2.6666666666666665,0.0,0,0.0,0,0.0
1699703686.0,17,22213.95,1306.7029411764706,1308.37,17399.37,1023.4923529411764,17399.37,1023.4923529411764,-1.7647058823529411,0.7058823529411765,0,0.0,0,0.0
1699774646.0,2,2017.85,1008.925,1008.925,1614.27,807.135,1614.27,807.135,0.0,1.5,0,0.0,0,0.0
1699778902.0,1,735.28,735.28,735.28,588.24,588.24,588.24,588.24,-4.0,0.0,0,0.0,0,0.0
1699785089.0,1,1293.61,1293.61,1293.61,851.96,851.96,851.96,851.96,1.0,2.0,0,0.0,0,0.0
1699817775.0,14,20484.69,1463.1921428571427,1444.83,15432.05,1102.2892857142856,15432.05,1102.2892857142856,0.8571428571428571,0.8571428571428571,0,0.0,0,0.0
1699833129.0,3,2328.21,776.07,719.64,1303.38,434.46000000000004,1303.38,434.46000000000004,4.333333333333333,0.6666666666666666,0,0.0,0,0.0
1700135522.0,2,2518.34,1259.17,1259.17,2014.67,1007.335,2014.67,1007.335,-2.0,2.0,0,0.0,0,0.0
1700237633.0,77,76546.05,994.1045454545455,932.56,63028.44,818.5511688311689,62369.31,809.991038961039,-0.44155844155844154,0.9090909090909091,1,0.012987012987012988,0,0.0
1700238508.0,2,1796.79,898.395,898.395,1072.98,536.49,1072.98,536.49,-1.5,0.0,0,0.0,0,0.0
1700392438.0,2,2511.33,1255.665,1255.665,1825.63,912.815,1825.63,912.815,1.5,0.0,0,0.0,0,0.0
1700470580.0,3,4887.46,1629.1533333333334,1422.65,3728.47,1242.8233333333333,3728.47,1242.8233333333333,-1.0,0.3333333333333333,0,0.0,0,0.0
1700816683.0,4,27923.0,6980.75,6980.75,22338.440000000002,5584.610000000001,22338.440000000002,5584.610000000001,-0.5,0.0,0,0.0,0,0.0
1700827896.0,3,3770.67,1256.89,1259.77,3016.55,1005.5166666666668,3016.55,1005.5166666666668,0.0,1.3333333333333333,0,0.0,0,0.0
1700838034.0,1,1806.86,1806.86,1806.86,1445.49,1445.49,1445.49,1445.49,-4.0,0.0,0,0.0,0,0.0
1700842887.0,8,8634.03,1079.25375,992.6400000000001,8354.03,1044.25375,8354.03,1044.25375,0.75,0.5,0,0.0,0,0.0
1700864352.0,9,4346.99,482.99888888888887,689.08,5781.31,642.3677777777779,5781.31,642.3677777777779,2.7777777777777777,0.7777777777777778,0,0.0,0,0.0
1700866605.0,2,1634.7,817.35,817.35,629.66,314.83,629.66,314.83,-2.0,1.5,0,0.0,0,0.0
1700900867.0,1,1357.03,1357.03,1357.03,901.75,901.75,901.75,901.75,-3.0,0.0,0,0.0,0,0.0
1700936440.0,1,851.0,851.0,851.0,494.4,494.4,494.4,494.4,-5.0,0.0,0,0.0,0,0.0
1710051354.0,4,5641.95,1410.4875,1264.09,4140.77,1035.1925,4140.77,1035.1925,-3.25,0.75,0,0.0,0,0.0
1710136999.0,3,3792.49,1264.1633333333332,1269.39,3344.86,1114.9533333333334,3344.86,1114.9533333333334,-3.6666666666666665,0.3333333333333333,0,0.0,0,0.0
1710160098.0,1,865.31,865.31,865.31,507.4,507.4,507.4,507.4,1.0,0.0,0,0.0,0,0.0
1710288766.0,5,6996.0,1399.2,1333.32,3565.36,713.072,3565.36,713.072,-2.0,0.8,0,0.0,0,0.0
1710443890.0,1,1143.68,1143.68,1143.68,1143.68,1143.68,1143.68,1143.68,-2.0,0.0,0,0.0,0,0.0
1710465190.0,4,4462.55,1115.6375,1084.63,3197.22,799.305,3197.22,799.305,-2.0,1.25,0,0.0,0,0.0
1710559836.0,5,8042.88,1608.576,1817.5,5524.64,1104.928,5524.64,1104.928,0.6,0.4,0,0.0,0,0.0
1710590880.0,2,2649.05,1324.525,1324.525,2119.23,1059.615,2119.23,1059.615,-3.5,0.0,0,0.0,0,0.0
1710925250.0,2,117629.58361322,58814.79180661,58814.79180661,1742.65,871.325,1742.65,871.325,-0.5,0.0,0,0.0,0,0.0
1720004450.0,2,1625.49,812.745,812.745,1555.49,777.745,1555.49,777.745,0.0,1.0,0,0.0,0,0.0
1720014186.0,1,727.6,727.6,727.6,0.0,0.0,0.0,0.0,6.0,0.0,0,0.0,0,0.0
1720015993.0,2,29097.019999999997,14548.509999999998,14548.509999999998,23277.61,11638.805,23277.61,11638.805,-0.5,0.0,0,0.0,0,0.0
1720029333.0,3,1648.27,549.4233333333333,693.01,0.0,0.0,0.0,0.0,0.0,2.3333333333333335,0,0.0,0,0.0
1720059389.0,1,733.64,733.64,733.64,586.91,586.91,586.91,586.91,-5.0,0.0,0,0.0,0,0.0
1720111677.0,1,2161.87,2161.87,2161.87,1547.14,1547.14,1547.14,1547.14,-2.0,3.0,0,0.0,0,0.0
1720454507.0,1,1206.42,1206.42,1206.42,965.14,965.14,965.14,965.14,-1.0,2.0,0,0.0,0,0.0
1720607377.0,4,5951.9,1487.975,1194.86,4577.19,1144.2975,4577.19,1144.2975,0.0,3.0,0,0.0,0,0.0
1720696578.0,1,1165.33,1165.33,1165.33,932.26,932.26,932.26,932.26,-4.0,3.0,0,0.0,0,0.0
1730104217.0,1,1067.6,1067.6,1067.6,854.08,854.08,854.08,854.08,1.0,0.0,0,0.0,0,0.0
1730121435.0,6,21220.690000000002,3536.781666666667,2057.175,16407.3,2734.5499999999997,18825.9,3137.65,2.8333333333333335,0.0,0,0.0,0,0.0
1730132515.0,7,7816.42,1116.6314285714286,1001.85,5707.66,815.38,5707.66,815.38,-1.1428571428571428,0.7142857142857143,0,0.0,0,0.0
1730144593.0,20,19414.27,970.7135000000001,970.94,15531.26,776.563,15979.57,798.9784999999999,1.5,1.0,1,0.05,0,0.0
1730179847.0,1,1330.94,1330.94,1330.94,1064.75,1064.75,1064.75,1064.75,0.0,0.0,0,0.0,0,0.0
1730207663.0,3,4284.16,1428.0533333333333,1555.64,3427.3199999999997,1142.4399999999998,3427.3199999999997,1142.4399999999998,1.6666666666666667,1.0,0,0.0,0,0.0
1730248972.0,2,3357.38,1678.69,1678.69,2315.17,1157.585,2315.17,1157.585,-3.0,0.0,0,0.0,0,0.0
1730253626.0,3,2484.52,828.1733333333333,755.0,1801.22,600.4066666666666,1801.22,600.4066666666666,-0.3333333333333333,0.3333333333333333,0,0.0,0,0.0
1730284605.0,2,3034.46,1517.23,1517.23,2123.9500000000003,1061.9750000000001,2123.9500000000003,1061.9750000000001,-1.0,0.0,0,0.0,0,0.0
1730305004.0,1,12305.75,12305.75,12305.75,9844.59,9844.59,9844.59,9844.59,-3.0,1.0,0,0.0,0,0.0
1730311143.0,1,899.07,899.07,899.07,719.26,719.26,719.26,719.26,5.0,0.0,0,0.0,0,0.0
1730312745.0,1,1067.41,1067.41,1067.41,667.52,667.52,667.52,667.52,-6.0,2.0,0,0.0,0,0.0
1730488818.0,1,795.46,795.46,795.46,636.38,636.38,636.38,636.38,-4.0,0.0,0,0.0,0,0.0
1730587072.0,5,4589.38,917.876,915.48,3687.6000000000004,737.5200000000001,3687.6000000000004,737.5200000000001,-0.8,0.6,0,0.0,0,0.0
1730645631.0,1,1269.56,1269.56,1269.56,829.27,829.27,829.27,829.27,2.0,0.0,0,0.0,0,0.0
1730668419.0,2,1982.4199999999998,991.2099999999999,991.2099999999999,1213.1399999999999,606.5699999999999,1213.1399999999999,606.5699999999999,0.0,1.5,0,0.0,0,0.0
1740230945.0,3,3977.34,1325.78,1341.93,2676.06,892.02,2676.06,892.02,2.6666666666666665,1.0,0,0.0,0,0.0
1740251883.0,6,11628.26,1938.0433333333333,2048.15,9302.630000000001,1550.4383333333335,9302.630000000001,1550.4383333333335,0.16666666666666666,0.3333333333333333,0,0.0,0,0.0
1740271022.0,1,778.78,778.78,778.78,623.02,623.02,623.02,623.02,-3.0,0.0,0,0.0,0,0.0
1740283977.0,1,843.55,843.55,843.55,674.82,674.82,674.82,674.82,-1.0,3.0,0,0.0,0,0.0
1740296508.0,2,2256.04,1128.02,1128.02,0.0,0.0,0.0,0.0,-1.5,1.5,0,0.0,0,0.0
1740364009.0,7,7534.83,1076.4042857142856,1192.4,3293.12,470.44571428571425,3293.12,470.44571428571425,-1.7142857142857142,0.5714285714285714,0,0.0,0,0.0
1740373679.0,4,5545.91,1386.4775,1426.135,4436.68,1109.17,4436.68,1109.17,-0.5,0.0,0,0.0,0,0.0
1740387018.0,5,6334.58,1266.916,1264.01,5138.9400000000005,1027.788,5138.9400000000005,1027.788,-1.8,1.8,0,0.0,0,0.0
1740513928.0,6,8280.81,1380.135,1129.025,6251.86,1041.9766666666667,6251.86,1041.9766666666667,0.16666666666666666,0.3333333333333333,0,0.0,0,0.0
1740529668.0,5,6420.3,1284.06,1253.56,5478.57,1095.714,5478.57,1095.714,-0.6,0.0,0,0.0,0,0.0
1740536036.0,1,1089.14,1089.14,1089.14,871.3,871.3,871.3,871.3,-1.0,0.0,0,0.0,0,0.0
1740653922.0,2,3818.66,1909.33,1909.33,3054.8900000000003,1527.4450000000002,3054.8900000000003,1527.4450000000002,1.5,1.0,0,0.0,0,0.0
1740666767.0,5,22254.449999999997,4450.889999999999,940.28,15735.83,3147.166,15735.83,3147.166,-3.0,0.6,0,0.0,0,0.0
1740708858.0,2,1853.0,926.5,926.5,0.0,0.0,1121.39,560.695,-4.0,1.0,0,0.0,0,0.0
1750310884.0,2,2252.95,1126.475,1126.475,1802.37,901.185,1802.37,901.185,3.5,1.5,0,0.0,0,0.0
1750314183.0,3,4928.139999999999,1642.7133333333331,1613.45,3942.51,1314.17,3942.51,1314.17,-4.333333333333333,0.3333333333333333,0,0.0,0,0.0
1750339511.0,1,874.36,874.36,874.36,699.49,699.49,699.49,699.49,1.0,3.0,0,0.0,0,0.0
1750381281.0,2,2333.91,1166.955,1166.955,1867.1,933.55,1867.1,933.55,-5.0,0.5,0,0.0,0,0.0
1750392304.0,2,2215.2000000000003,1107.6000000000001,1107.6000000000001,1587.52,793.76,1587.52,793.76,-0.5,0.0,0,0.0,0,0.0
1750393682.0,1,1329.81,1329.81,1329.81,877.44,877.44,877.44,877.44,-5.0,0.0,0,0.0,0,0.0
1750486106.0,6,7094.8,1182.4666666666667,1263.415,5117.9,852.9833333333332,5117.9,852.9833333333332,-1.6666666666666667,1.1666666666666667,0,0.0,0,0.0
1750508651.0,1,1615.63,1615.63,1615.63,1292.51,1292.51,1292.51,1292.51,2.0,0.0,0,0.0,0,0.0
1750530424.0,3,3149.07,1049.69,841.01,2146.46,715.4866666666667,2146.46,715.4866666666667,-1.0,1.0,0,0.0,0,0.0
1750546313.0,4,12588.85,3147.2125,1487.52,10071.07,2517.7675,10071.07,2517.7675,1.5,0.0,0,0.0,0,0.0
1750566386.0,1,846.35,846.35,846.35,677.07,677.07,677.07,677.07,3.0,0.0,0,0.0,0,0.0
1750633855.0,1,2010.92,2010.92,2010.92,1608.73,1608.73,1608.73,1608.73,-7.0,0.0,0,0.0,0,0.0
1750657722.0,3,2330.94,776.98,744.32,1500.01,500.00333333333333,1500.01,500.00333333333333,-0.6666666666666666,1.6666666666666667,0,0.0,0,0.0
1750660726.0,1,1396.95,1396.95,1396.95,934.37,934.37,934.37,934.37,3.0,1.0,0,0.0,0,0.0
1750746285.0,1,884.44,884.44,884.44,854.44,854.44,854.44,854.44,0.0,0.0,0,0.0,0,0.0
1750830600.0,1,1531.33,1531.33,1531.33,0.0,0.0,0.0,0.0,3.0,0.0,0,0.0,0,0.0
1750838686.0,6,7758.49,1293.0816666666667,1366.1599999999999,7035.78,1172.6299999999999,7035.78,1172.6299999999999,-4.166666666666667,0.0,0,0.0,0,0.0
1750887972.0,1,814.81,814.81,814.81,651.84,651.84,651.84,651.84,1.0,0.0,0,0.0,0,0.0
1750992459.0,1,1568.83,1568.83,1568.83,1533.83,1533.83,1533.83,1533.83,-1.0,0.0,0,0.0,0,0.0
1760415939.0,2,18748.54,9374.27,9374.27,14998.83,7499.415,14998.83,7499.415,-1.0,0.0,0,0.0,0,0.0
1760426969.0,4,3787.2799999999997,946.8199999999999,925.17,3647.2799999999997,911.8199999999999,3647.2799999999997,911.8199999999999,-3.0,0.5,0,0.0,0,0.0
1760443469.0,2,2006.94,1003.47,1003.47,1605.54,802.77,1605.54,802.77,2.0,1.0,0,0.0,0,0.0
1760450910.0,1,529.26,529.26,529.26,0.0,0.0,0.0,0.0,-6.0,1.0,0,0.0,0,0.0
1760499545.0,1,1433.24,1433.24,1433.24,1433.24,1433.24,1433.24,1433.24,-1.0,0.0,0,0.0,0,0.0
1760586325.0,1,922.88,922.88,922.88,738.3,738.3,738.3,738.3,0.0,1.0,0,0.0,0,0.0
1760695878.0,1,1486.6,1486.6,1486.6,1189.26,1189.26,1189.26,1189.26,-5.0,0.0,0,0.0,0,0.0
1760823397.0,1,710.35,710.35,710.35,568.27,568.27,568.27,568.27,-3.0,0.0,0,0.0,0,0.0
1760836977.0,1,784.12,784.12,784.12,627.28,627.28,627.28,627.28,-5.0,0.0,0,0.0,0,0.0
1760874549.0,3,154741.132531469,51580.37751048966,1594.41,3320.48,1106.8266666666666,3320.48,1106.8266666666666,-0.6666666666666666,0.6666666666666666,0,0.0,0,0.0
1760932248.0,2,2022.65,1011.325,1011.325,945.31,472.655,945.31,472.655,-2.0,1.0,0,0.0,0,0.0
1760958813.0,1,1421.42,1421.42,1421.42,1137.14,1137.14,1137.14,1137.14,-6.0,0.0,0,0.0,0,0.0
1770048217.0,2,1571.9,785.95,785.95,1511.9,755.95,1511.9,755.95,-2.5,1.0,0,0.0,0,0.0
1770097123.0,2,3175.6000000000004,1587.8000000000002,1587.8000000000002,800.97,400.485,800.97,400.485,-6.5,0.5,0,0.0,0,0.0
1770119588.0,1,1504.39,1504.39,1504.39,1203.5,1203.5,1203.5,1203.5,4.0,0.0,0,0.0,0,0.0
1770125932.0,1,804.48,804.48,804.48,643.58,643.58,643.58,643.58,6.0,2.0,1,1.0,0,0.0
1770167389.0,1,980.59,980.59,980.59,784.48,784.48,2218.82,2218.82,3.0,0.0,0,0.0,0,0.0
1770529950.0,6,7262.01,1210.335,1166.48,5512.530000000001,918.7550000000001,5512.530000000001,918.7550000000001,-0.3333333333333333,1.0,0,0.0,0,0.0
1770531600.0,1,769.92,769.92,769.92,739.92,739.92,739.92,739.92,-4.0,0.0,0,0.0,0,0.0
1770547804.0,3,3204.0699999999997,1068.0233333333333,815.89,2052.61,684.2033333333334,2052.61,684.2033333333334,0.3333333333333333,1.0,0,0.0,0,0.0
1770678260.0,2,2146.58,1073.29,1073.29,789.18,394.59,789.18,394.59,-4.0,1.5,0,0.0,0,0.0
1770696643.0,1,1418.13,1418.13,1418.13,1383.13,1383.13,1383.13,1383.13,-1.0,0.0,0,0.0,0,0.0
1770699621.0,1,1427.57,1427.57,1427.57,1142.04,1142.04,1142.04,1142.04,-5.0,0.0,0,0.0,0,0.0
1770721508.0,1,615.2,615.2,615.2,305.76,305.76,305.76,305.76,-1.0,2.0,0,0.0,0,0.0
1770744013.0,5,7925.58,1585.116,1946.71,6730.36,1346.072,6730.36,1346.072,-1.6,1.0,0,0.0,0,0.0
1770760902.0,2,2174.78,1087.39,1087.39,1681.5100000000002,840.7550000000001,1681.5100000000002,840.7550000000001,-3.0,1.5,1,0.5,0,0.0
1770770273.0,1,859.73,859.73,859.73,687.79,687.79,687.79,687.79,1.0,0.0,0,0.0,0,0.0
1770785644.0,2,1802.44,901.22,901.22,1350.79,675.395,1350.79,675.395,-0.5,1.5,0,0.0,0,0.0
1770821670.0,2,3125.4700000000003,1562.7350000000001,1562.7350000000001,1185.03,592.515,1185.03,592.515,-0.5,1.5,0,0.0,0,0.0
1770822496.0,2,2784.05,1392.025,1392.025,2227.23,1113.615,2227.23,1113.615,-7.5,1.0,0,0.0,0,0.0
1770834244.0,4,13265.249999999998,3316.3124999999995,1192.69,10612.199999999999,2653.0499999999997,10612.199999999999,2653.0499999999997,0.3333333333333333,1.75,0,0.0,0,0.0
1770865644.0,1,744.32,744.32,744.32,595.46,595.46,595.46,595.46,-7.0,0.0,0,0.0,0,0.0
1770988735.0,1,926.5,926.5,926.5,926.5,926.5,926.5,926.5,4.0,0.0,0,0.0,0,0.0
1770991291.0,14,20335.68,1452.5485714285714,1428.52,16002.92,1143.0657142857142,16002.92,1143.0657142857142,-2.2142857142857144,0.9285714285714286,0,0.0,0,0.0
1780051136.0,4,4885.67,1221.4175,1296.8200000000002,4246.29,1061.5725,4246.29,1061.5725,-3.0,1.75,0,0.0,0,0.0
1780064808.0,6,7569.84,1261.64,1261.63,5295.75,882.625,5295.75,882.625,0.0,0.8333333333333334,0,0.0,0,0.0
1780101204.0,1,1196.72,1196.72,1196.72,957.38,957.38,1486.61,1486.61,5.0,0.0,0,0.0,0,0.0
1780123372.0,2,20578.98,10289.49,10289.49,16463.18,8231.59,16463.18,8231.59,-2.0,0.0,0,0.0,0,0.0
1780155200.0,1,1576.51,1576.51,1576.51,1261.21,1261.21,1261.21,1261.21,-1.0,3.0,0,0.0,0,0.0
1780165175.0,1,1644.13,1644.13,1644.13,1229.16,1229.16,1229.16,1229.16,3.0,3.0,0,0.0,0,0.0
1780183145.0,2,2479.84,1239.92,1239.92,1983.85,991.925,1983.85,991.925,1.0,0.0,0,0.0,0,0.0
1780606608.0,8,7783.28,972.91,897.45,6547.1,818.3875,7336.7,917.0875,-1.2857142857142858,0.625,0,0.0,0,0.0
1780607754.0,1,995.75,995.75,995.75,610.2,610.2,610.2,610.2,0.0,0.0,0,0.0,0,0.0
1780635078.0,2,2863.27,1431.635,1431.635,2290.63,1145.315,2290.63,1145.315,-3.5,0.0,0,0.0,0,0.0
1780698506.0,8,9858.460000000001,1232.3075000000001,970.255,7479.63,934.95375,7479.63,934.95375,-2.125,0.625,0,0.0,0,0.0
1780717579.0,2,1046.96,523.48,523.48,837.5600000000001,418.78000000000003,837.5600000000001,418.78000000000003,0.5,2.0,0,0.0,0,0.0
1780757856.0,7,5441.48,777.3542857142857,1008.62,4614.679999999999,659.2399999999999,4614.679999999999,659.2399999999999,-2.0,1.0,0,0.0,0,0.0
1780842104.0,3,2268.33,756.11,709.25,2268.33,756.11,2268.33,756.11,4.0,0.6666666666666666,0,0.0,0,0.0
1780847517.0,3,5987.87,1995.9566666666667,2272.82,4790.31,1596.7700000000002,4790.31,1596.7700000000002,3.6666666666666665,0.0,0,0.0,0,0.0
1780879023.0,6,7245.97,1207.6616666666666,1205.125,4498.09,749.6816666666667,4498.09,749.6816666666667,-0.6666666666666666,1.5,1,0.16666666666666666,0,0.0
1780918045.0,1,1847.95,1847.95,1847.95,1448.4,1448.4,1448.4,1448.4,4.0,3.0,0,0.0,0,0.0
1790055952.0,1,1566.22,1566.22,1566.22,1090.72,1090.72,1090.72,1090.72,3.0,3.0,0,0.0,0,0.0
1790056877.0,1,915.48,915.48,915.48,547.29,547.29,547.29,547.29,-6.0,1.0,1,1.0,0,0.0
1790223352.0,2,2625.17,1312.585,1312.585,2100.13,1050.065,2100.13,1050.065,3.0,1.0,0,0.0,0,0.0
1790247476.0,4,6966.1,1741.525,1497.295,6386.42,1596.605,6386.42,1596.605,1.0,0.75,0,0.0,0,0.0
1790249837.0,1,1451.06,1451.06,1451.06,1160.85,1160.85,1160.85,1160.85,0.0,1.0,0,0.0,0,0.0
1790376424.0,1,760.19,760.19,760.19,608.15,608.15,608.15,608.15,,0.0,0,0.0,0,0.0
1790723633.0,3,4086.76,1362.2533333333333,1387.63,2902.7200000000003,967.5733333333334,2902.7200000000003,967.5733333333334,0.0,1.0,0,0.0,0,0.0
1790775229.0,1,302.48,302.48,302.48,241.98,241.98,241.98,241.98,3.0,0.0,0,0.0,0,0.0
1790821023.0,2,1476.72,738.36,738.36,1181.38,590.69,1181.38,590.69,-2.5,0.5,0,0.0,0,0.0
1790855187.0,2,1801.28,900.64,900.64,1441.03,720.515,1441.03,720.515,0.5,0.0,0,0.0,0,0.0
1790896611.0,1,1566.06,1566.06,1566.06,1566.06,1566.06,1566.06,1566.06,-1.0,0.0,0,0.0,0,0.0
1801057690.0,3,4245.0,1415.0,1439.06,3497.41,1165.8033333333333,3497.41,1165.8033333333333,-0.3333333333333333,1.0,0,0.0,0,0.0
1801063268.0,1,735.28,735.28,735.28,735.28,735.28,735.28,735.28,-1.0,0.0,0,0.0,0,0.0
1801219258.0,2,3222.86,1611.43,1611.43,2393.96,1196.98,2393.96,1196.98,0.0,1.0,0,0.0,0,0.0
1801261029.0,4,2533.25,633.3125,751.415,1586.57,396.6425,1586.57,396.6425,-1.25,0.5,0,0.0,0,0.0
1801284443.0,6,11337.55,1889.5916666666665,1741.48,8518.23,1419.705,8518.23,1419.705,-1.6666666666666667,1.3333333333333333,1,0.16666666666666666,0,0.0
1801298070.0,2,2652.52,1326.26,1326.26,2122.02,1061.01,2122.02,1061.01,-0.5,3.0,0,0.0,0,0.0
1801376306.0,7,11491.36,1641.6228571428571,1488.1,8844.17,1263.452857142857,8844.17,1263.452857142857,-2.142857142857143,0.7142857142857143,0,0.0,0,0.0
1801837810.0,2,2159.63,1079.815,1079.815,595.46,297.73,1023.9,511.95,-3.0,1.0,0,0.0,0,0.0
1801898556.0,16,44589.89,2786.868125,1446.4,35064.47,2191.529375,35064.47,2191.529375,-2.933333333333333,0.4375,1,0.0625,0,0.0
1811007800.0,3,85297.3187296611,28432.4395765537,1083.03,2712.43,904.1433333333333,2712.43,904.1433333333333,-0.3333333333333333,2.0,0,0.0,0,0.0
1811063795.0,4,4432.03,1108.0075,1053.995,4045.6499999999996,1011.4124999999999,4045.6499999999996,1011.4124999999999,3.75,0.0,0,0.0,0,0.0
1811123664.0,1,727.6,727.6,727.6,582.08,582.08,582.08,582.08,1.0,0.0,0,0.0,0,0.0
1811149586.0,1,914.78,914.78,914.78,914.78,914.78,914.78,914.78,-7.0,0.0,0,0.0,0,0.0
1811171978.0,3,4183.12,1394.3733333333332,1217.28,3184.97,1061.6566666666665,5085.73,1695.243333333333,-4.666666666666667,0.6666666666666666,0,0.0,0,0.0
1811279136.0,1,1058.3,1058.3,1058.3,846.64,846.64,846.64,846.64,1.0,2.0,0,0.0,0,0.0
1811347651.0,1,647.38,647.38,647.38,517.91,517.91,517.91,517.91,3.0,2.0,0,0.0,0,0.0
1811429806.0,2,1632.95,816.475,816.475,1306.36,653.18,1306.36,653.18,-0.5,1.0,0,0.0,0,0.0
1811465602.0,1,1377.48,1377.48,1377.48,1377.48,1377.48,1377.48,1377.48,3.0,0.0,0,0.0,0,0.0
1811571417.0,10,7555.16,755.516,632.45,6044.12,604.412,6044.12,604.412,2.2,1.3,0,0.0,0,0.0
1811947245.0,6,9697.6,1616.2666666666667,1694.915,7513.58,1252.2633333333333,7513.58,1252.2633333333333,-0.8333333333333334,1.6666666666666667,0,0.0,0,0.0
1811975535.0,9,65708.51,7300.945555555555,1868.34,52380.4,5820.044444444445,52380.4,5820.044444444445,0.4444444444444444,0.7777777777777778,0,0.0,0,0.0
1821006867.0,21,30187.739999999998,1437.5114285714285,1003.87,26350.25,1254.7738095238096,26350.25,1254.7738095238096,-3.1904761904761907,0.38095238095238093,0,0.0,0,0.0
1821010448.0,1,1476.0,1476.0,1476.0,1090.61,1090.61,1090.61,1090.61,1.0,1.0,0,0.0,0,0.0
1821068818.0,4,3041.72,760.43,760.43,2433.3199999999997,608.3299999999999,2433.3199999999997,608.3299999999999,-2.75,1.0,0,0.0,0,0.0
1821091083.0,1,778.36,778.36,778.36,250.43,250.43,250.43,250.43,-4.0,0.0,0,0.0,0,0.0
1821232869.0,2,25205.199999999997,12602.599999999999,12602.599999999999,25205.199999999997,12602.599999999999,25205.199999999997,12602.599999999999,-2.0,1.5,0,0.0,0,0.0
1821234246.0,1,824.42,824.42,824.42,659.53,659.53,659.53,659.53,2.0,0.0,0,0.0,0,0.0
1821239708.0,2,16154.41,8077.205,8077.205,12923.53,6461.765,12923.53,6461.765,-1.5,1.0,0,0.0,0,0.0
1821251612.0,5,9377.19,1875.438,2155.69,7315.360000000001,1463.0720000000001,7315.360000000001,1463.0720000000001,-2.4,0.6,0,0.0,0,0.0
1821309089.0,1,1285.48,1285.48,1285.48,841.99,841.99,841.99,841.99,-2.0,0.0,0,0.0,0,0.0
1821324948.0,1,1273.68,1273.68,1273.68,1018.95,1018.95,1018.95,1018.95,-1.0,0.0,0,0.0,0,0.0
1821341249.0,5,7219.82,1443.964,1309.01,5439.299999999999,1087.86,7021.98,1404.396,-1.4,0.4,0,0.0,0,0.0
1821652793.0,1,1130.88,1130.88,1130.88,904.71,904.71,904.71,904.71,-5.0,0.0,0,0.0,0,0.0
1831142389.0,1,1194.86,1194.86,1194.86,1194.86,1194.86,1194.86,1194.86,-2.0,3.0,0,0.0,0,0.0
1831151455.0,1,859.14,859.14,859.14,687.3,687.3,687.3,687.3,4.0,0.0,0,0.0,0,0.0
1831219328.0,1,922.3,922.3,922.3,737.84,737.84,737.84,737.84,6.0,0.0,0,0.0,0,0.0
1831287655.0,1,1259.0,1259.0,1259.0,1007.2,1007.2,1007.2,1007.2,0.0,0.0,0,0.0,0,0.0
1831293406.0,3,2584.89,861.63,774.25,1029.4,343.1333333333334,4038.7000000000003,1346.2333333333333,-3.3333333333333335,0.0,0,0.0,0,0.0
1831296052.0,2,2284.05,1142.025,1142.025,1642.46,821.23,1642.46,821.23,0.5,0.5,0,0.0,0,0.0
1831361344.0,2,1673.09,836.545,836.545,1433.1899999999998,716.5949999999999,1433.1899999999998,716.5949999999999,4.0,1.0,0,0.0,0,0.0
1831555358.0,2,2288.85,1144.425,1144.425,1594.02,797.01,1594.02,797.01,-4.5,0.5,0,0.0,0,0.0
1831634989.0,14,13840.48,988.6057142857143,988.23,11072.36,790.8828571428572,11072.36,790.8828571428572,-2.7857142857142856,0.35714285714285715,0,0.0,0,0.0
1831655380.0,4,13963.42,3490.855,1627.755,10617.73,2654.4325,10617.73,2654.4325,-0.5,0.5,0,0.0,0,0.0
1841200664.0,3,28933.04,9644.346666666666,8567.45,28933.04,9644.346666666666,28933.04,9644.346666666666,2.0,1.3333333333333333,0,0.0,0,0.0
1841215985.0,1,1331.34,1331.34,1331.34,1301.34,1301.34,1301.34,1301.34,0.0,3.0,0,0.0,0,0.0
1841226347.0,4,4190.26,1047.565,945.0150000000001,1895.03,473.7575,5109.65,1277.4125,-0.25,0.75,0,0.0,0,0.0
1841255437.0,3,2817.0699999999997,939.0233333333332,663.53,0.0,0.0,0.0,0.0,-2.3333333333333335,0.0,0,0.0,0,0.0
1841258035.0,5,1496.28,299.256,270.07,3243.2799999999997,648.656,3243.2799999999997,648.656,0.6,0.2,0,0.0,0,0.0
1841298999.0,1,939.26,939.26,939.26,751.41,751.41,751.41,751.41,-5.0,0.0,0,0.0,0,0.0
1841308020.0,2,2296.0299999999997,1148.0149999999999,1148.0149999999999,1836.83,918.415,1836.83,918.415,-1.0,1.5,0,0.0,0,0.0
1841366812.0,113,134052.97,1186.3094690265486,1138.04,101198.47,895.5616814159292,101772.81,900.6443362831858,-1.2678571428571428,0.9469026548672567,1,0.008849557522123894,0,0.0
1841394418.0,3,3020.16,1006.7199999999999,1038.4,2231.3,743.7666666666668,2231.3,743.7666666666668,3.0,1.0,0,0.0,0,0.0
1841444973.0,3,5047.42,1682.4733333333334,1556.66,4037.94,1345.98,4037.94,1345.98,-0.6666666666666666,0.3333333333333333,0,0.0,0,0.0
1841458882.0,1,1665.43,1665.43,1665.43,1332.33,1332.33,1332.33,1332.33,3.0,0.0,0,0.0,0,0.0
1841530946.0,1,723.89,723.89,723.89,723.89,723.89,723.89,723.89,1.0,0.0,0,0.0,0,0.0
1841598919.0,2,1329.2,664.6,664.6,799.68,399.84,799.68,399.84,1.0,1.0,0,0.0,0,0.0
1841703253.0,6,10396.96,1732.8266666666666,1771.7799999999997,8131.21,1355.2016666666666,8131.21,1355.2016666666666,-0.5,1.0,0,0.0,0,0.0
1841709763.0,5,5477.78,1095.556,1046.37,4192.55,838.51,4192.55,838.51,1.0,0.4,0,0.0,0,0.0
1841756749.0,2,1363.46,681.73,681.73,1363.46,681.73,1363.46,681.73,-3.0,2.5,0,0.0,0,0.0
1841763323.0,1,646.21,646.21,646.21,646.21,646.21,646.21,646.21,5.0,0.0,0,0.0,0,0.0
1851320147.0,7,8134.8099999999995,1162.1157142857141,1208.1,7039.87,1005.6957142857143,7039.87,1005.6957142857143,0.14285714285714285,1.5714285714285714,0,0.0,0,0.0
1851347223.0,3,3478.96,1159.6533333333334,964.65,2567.13,855.71,2567.13,855.71,1.3333333333333333,1.0,0,0.0,0,0.0
1851389605.0,1,1188.49,1188.49,1188.49,950.79,950.79,950.79,950.79,-3.0,1.0,0,0.0,0,0.0
1851397475.0,1,11377.8,11377.8,11377.8,9102.23,9102.23,9102.23,9102.23,-4.0,1.0,0,0.0,0,0.0
1851470157.0,3,832127.452361842,277375.8174539473,7141.26,15994.240000000002,5331.413333333334,15994.240000000002,5331.413333333334,0.6666666666666666,0.3333333333333333,0,0.0,0,0.0
1851552186.0,2,3823.7799999999997,1911.8899999999999,1911.8899999999999,3059.02,1529.51,3059.02,1529.51,-4.0,1.0,0,0.0,0,0.0
1851562367.0,5,7112.860000000001,1422.5720000000001,1192.4,4139.12,827.824,5555.16,1111.032,-1.0,0.6,0,0.0,0,0.0
1851662233.0,1,1768.16,1768.16,1768.16,1414.53,1414.53,1414.53,1414.53,2.0,0.0,0,0.0,0,0.0
1851693832.0,1,828.65,828.65,828.65,476.52,476.52,476.52,476.52,-6.0,0.0,0,0.0,0,0.0
1851712053.0,2,2441.99,1220.995,1220.995,1770.78,885.39,1770.78,885.39,-2.5,0.0,0,0.0,0,0.0
1851767461.0,3,2660.71,886.9033333333333,782.21,1569.37,523.1233333333333,1569.37,523.1233333333333,-0.3333333333333333,0.6666666666666666,0,0.0,0,0.0
1851806079.0,2,3242.42,1621.21,1621.21,1074.2,537.1,1074.2,537.1,0.0,0.5,0,0.0,0,0.0
1851890107.0,2,976.55,488.275,488.275,594.86,297.43,594.86,297.43,-1.5,1.0,0,0.0,0,0.0
1861099087.0,1,1207.01,1207.01,1207.01,1207.01,1207.01,1207.01,1207.01,3.0,0.0,0,0.0,0,0.0
1861402869.0,2,3282.49,1641.245,1641.245,2626.0,1313.0,2626.0,1313.0,-1.0,0.0,0,0.0,0,0.0
1861455057.0,4,3591.5199999999995,897.8799999999999,1387.0549999999998,4089.49,1022.3725,4089.49,1022.3725,-3.0,0.25,0,0.0,0,0.0
1861480709.0,1,841.01,841.01,841.01,672.81,672.81,672.81,672.81,-1.0,0.0,0,0.0,0,0.0
1861563439.0,3,33783.97,11261.323333333334,11124.75,27027.17,9009.056666666665,27027.17,9009.056666666665,-5.0,1.3333333333333333,0,0.0,0,0.0
1861652604.0,10,16940.7,1694.0700000000002,1504.7350000000001,16590.7,1659.0700000000002,16590.7,1659.0700000000002,3.1,0.9,0,0.0,0,0.0
1861686776.0,4,64241.39,16060.3475,15886.955,51393.09,12848.2725,51393.09,12848.2725,-3.0,0.25,0,0.0,0,0.0
1861711301.0,1,1227.66,1227.66,1227.66,1192.66,1192.66,1192.66,1192.66,-4.0,0.0,0,0.0,0,0.0
1861817504.0,6,6120.97,1020.1616666666667,928.16,4405.97,734.3283333333334,4405.97,734.3283333333334,0.0,0.8333333333333334,0,0.0,0,0.0
1861840795.0,1,646.21,646.21,646.21,330.57,330.57,330.57,330.57,-5.0,0.0,0,0.0,0,0.0
1871065516.0,2,2335.42,1167.71,1167.71,1558.4,779.2,1558.4,779.2,-0.5,0.0,0,0.0,0,0.0
1871070417.0,2,2955.79,1477.895,1477.895,1991.8400000000001,995.9200000000001,1991.8400000000001,995.9200000000001,-1.5,1.0,0,0.0,0,0.0
1871083725.0,3,2943.3199999999997,981.1066666666666,824.26,2354.6899999999996,784.8966666666665,2354.6899999999996,784.8966666666665,0.0,0.0,0,0.0,0,0.0
1871132365.0,3,2968.5099999999998,989.5033333333332,769.62,2754.59,918.1966666666667,2754.59,918.1966666666667,0.6666666666666666,2.0,0,0.0,0,0.0
1871169193.0,2,1831.35,915.675,915.675,1446.02,723.01,1446.02,723.01,0.5,0.0,0,0.0,0,0.0
1871523795.0,3,3743.41,1247.8033333333333,1201.65,2994.73,998.2433333333333,2994.73,998.2433333333333,1.0,0.0,0,0.0,0,0.0
1871626267.0,3,3834.91,1278.3033333333333,1006.63,1919.6100000000001,639.87,1919.6100000000001,639.87,0.3333333333333333,0.0,0,0.0,0,0.0
1871671990.0,5,29392.47,5878.494000000001,1518.92,23513.980000000003,4702.796,23513.980000000003,4702.796,1.2,0.4,0,0.0,0,0.0
1871680496.0,1,1290.54,1290.54,1290.54,1032.42,1032.42,1032.42,1032.42,1.0,1.0,0,0.0,0,0.0
1871713495.0,1,799.77,799.77,799.77,799.77,799.77,799.77,799.77,-3.0,0.0,0,0.0,0,0.0
1871868703.0,2,1625.5,812.75,812.75,1300.3899999999999,650.1949999999999,1300.3899999999999,650.1949999999999,-2.5,2.0,0,0.0,0,0.0
1881061059.0,6,7055.71,1175.9516666666666,1168.04,4295.51,715.9183333333334,7205.56,1200.9266666666667,-3.5,1.1666666666666667,0,0.0,0,0.0
1881087336.0,5,6088.74,1217.748,1088.1,4315.13,863.0260000000001,4315.13,863.0260000000001,0.2,1.2,0,0.0,0,0.0
1881131423.0,4,4077.3,1019.325,1053.94,3261.83,815.4575,3261.83,815.4575,-1.75,0.75,0,0.0,0,0.0
1881237220.0,1,510.21,510.21,510.21,510.21,510.21,510.21,510.21,4.0,0.0,0,0.0,0,0.0
1881261832.0,1,782.21,782.21,782.21,625.77,625.77,625.77,625.77,-3.0,1.0,0,0.0,0,0.0
1881639714.0,3,34818.27,11606.089999999998,10935.59,27854.62,9284.873333333333,27854.62,9284.873333333333,0.0,0.6666666666666666,0,0.0,0,0.0
1881641629.0,8,8643.39,1080.42375,1148.005,6914.65,864.33125,6914.65,864.33125,-5.0,1.375,0,0.0,0,0.0
1881705994.0,2,2089.8,1044.9,1044.9,1354.85,677.425,1354.85,677.425,2.0,0.0,0,0.0,0,0.0
1881719763.0,3,2575.0,858.3333333333334,784.12,2575.0,858.3333333333334,2575.0,858.3333333333334,-1.0,0.6666666666666666,0,0.0,0,0.0
1881773232.0,5,6392.9,1278.58,1365.31,4376.32,875.2639999999999,4376.32,875.2639999999999,-0.2,1.2,0,0.0,0,0.0
1881836195.0,6,19006.09,3167.681666666667,1526.78,15542.17,2590.3616666666667,15542.17,2590.3616666666667,-1.8333333333333333,1.6666666666666667,1,0.16666666666666666,0,0.0
1881923126.0,6,7580.04,1263.34,1369.35,5320.0,886.6666666666666,5320.0,886.6666666666666,0.6666666666666666,1.3333333333333333,0,0.0,0,0.0
1881982510.0,1,1235.59,1235.59,1235.59,802.07,802.07,802.07,802.07,-2.0,0.0,0,0.0,0,0.0
1891005047.0,5,21572.3,4314.46,1588.02,5000.88,1000.176,5000.88,1000.176,-0.8,1.6,1,0.2,0,0.0
1891010393.0,1,1330.86,1330.86,1330.86,1064.69,1064.69,1064.69,1064.69,4.0,0.0,0,0.0,0,0.0
1891046876.0,2,20679.1,10339.55,10339.55,20679.1,10339.55,20679.1,10339.55,-0.5,0.5,0,0.0,0,0.0
1891060828.0,1,315.15,315.15,315.15,252.12,252.12,252.12,252.12,0.0,3.0,0,0.0,0,0.0
1891082194.0,2,3020.9300000000003,1510.4650000000001,1510.4650000000001,2634.09,1317.045,2634.09,1317.045,0.0,1.5,0,0.0,0,0.0
1891098513.0,2,1747.26,873.63,873.63,1384.4499999999998,692.2249999999999,1384.4499999999998,692.2249999999999,-3.5,1.0,0,0.0,0,0.0
1891102224.0,1,1192.4,1192.4,1192.4,953.92,953.92,953.92,953.92,-1.0,3.0,0,0.0,0,0.0
1891136149.0,7,51044.369999999995,7292.052857142857,8416.67,40835.5,5833.642857142857,40835.5,5833.642857142857,0.14285714285714285,1.2857142857142858,0,0.0,0,0.0
1891142238.0,1,1053.94,1053.94,1053.94,0.0,0.0,0.0,0.0,-2.0,0.0,0,0.0,0,0.0
1891162962.0,9,17672.22,1963.5800000000002,763.65,13397.58,1488.62,13397.58,1488.62,-0.8571428571428571,1.4444444444444444,0,0.0,0,0.0
1891181517.0,1,1609.51,1609.51,1609.51,1287.62,1287.62,1287.62,1287.62,-6.0,0.0,1,1.0,0,0.0
1891181848.0,3,3840.33,1280.11,1460.5,3366.09,1122.03,3366.09,1122.03,-3.0,1.0,0,0.0,0,0.0
1891213179.0,2,1870.07,935.035,935.035,1496.03,748.015,1496.03,748.015,2.5,0.0,0,0.0,0,0.0
1891227179.0,3,4099.3,1366.4333333333334,1053.94,3093.03,1031.01,3093.03,1031.01,-3.6666666666666665,0.3333333333333333,0,0.0,0,0.0
1891257390.0,2,2155.3,1077.65,1077.65,1351.4299999999998,675.7149999999999,1351.4299999999998,675.7149999999999,-0.5,1.0,0,0.0,0,0.0
1891294518.0,3,3827.4,1275.8,1463.88,3589.21,1196.4033333333334,3589.21,1196.4033333333334,0.3333333333333333,1.6666666666666667,0,0.0,0,0.0
1891395620.0,2,22182.29,11091.145,11091.145,17745.83,8872.915,17745.83,8872.915,1.5,0.0,0,0.0,0,0.0
1891709192.0,1,295.28,295.28,295.28,236.22,236.22,236.22,236.22,-6.0,0.0,0,0.0,0,0.0
1891731956.0,1,1327.09,1327.09,1327.09,875.26,875.26,875.26,875.26,1.0,0.0,0,0.0,0,0.0
1891835351.0,1,8290.69,8290.69,8290.69,6632.54,6632.54,6632.54,6632.54,1.0,1.0,0,0.0,0,0.0
1891853446.0,1,1558.29,1558.29,1558.29,1065.77,1065.77,1065.77,1065.77,3.0,0.0,0,0.0,0,0.0
1891856134.0,2,14034.17,7017.085,7017.085,12270.61,6135.305,12270.61,6135.305,-0.5,0.0,0,0.0,0,0.0
1891953048.0,2,1796.4099999999999,898.2049999999999,898.2049999999999,1392.0700000000002,696.0350000000001,1392.0700000000002,696.0350000000001,0.5,0.0,0,0.0,0,0.0
1891964789.0,3,3654.6000000000004,1218.2,916.58,2920.05,973.35,2920.05,973.35,-3.0,0.0,0,0.0,0,0.0
1902040454.0,1,1192.4,1192.4,1192.4,767.52,767.52,767.52,767.52,2.0,0.0,0,0.0,0,0.0
1902206857.0,1,949.88,949.88,949.88,573.5,573.5,573.5,573.5,3.0,0.0,0,0.0,0,0.0
1902214133.0,1,727.6,727.6,727.6,582.08,582.08,582.08,582.08,-5.0,0.0,0,0.0,0,0.0
1902490394.0,2,2348.07,1174.035,1174.035,2068.88,1034.44,2068.88,1034.44,-1.0,0.5,0,0.0,0,0.0
1902802705.0,2,14352.61,7176.305,7176.305,11482.08,5741.04,11482.08,5741.04,-3.5,0.5,0,0.0,0,0.0
1902812563.0,1,910.25,910.25,910.25,728.2,728.2,728.2,728.2,-6.0,0.0,0,0.0,0,0.0
1902856123.0,1,1854.91,1854.91,1854.91,1297.53,1297.53,1297.53,1297.53,1.0,0.0,0,0.0,0,0.0
1902897820.0,2,3186.55,1593.275,1593.275,2362.8599999999997,1181.4299999999998,2362.8599999999997,1181.4299999999998,2.0,1.5,0,0.0,0,0.0
1902921380.0,2,7822.459999999999,3911.2299999999996,3911.2299999999996,6071.57,3035.785,6071.57,3035.785,1.0,0.0,0,0.0,0,0.0
1912079039.0,2,4054.5,2027.25,2027.25,3060.8,1530.4,3060.8,1530.4,0.5,1.0,0,0.0,0,0.0
1912170457.0,4,4153.860000000001,1038.4650000000001,1055.7350000000001,3481.81,870.4525,3481.81,870.4525,1.75,0.0,0,0.0,0,0.0
1912249590.0,2,1870.99,935.495,935.495,1496.78,748.39,1496.78,748.39,-4.0,3.0,0,0.0,0,0.0
1912272899.0,4,4572.280000000001,1143.0700000000002,1177.0700000000002,4572.280000000001,1143.0700000000002,4572.280000000001,1143.0700000000002,-2.25,1.5,0,0.0,0,0.0
1912906850.0,1,1198.01,1198.01,1198.01,958.42,958.42,958.42,958.42,0.0,0.0,0,0.0,0,0.0
1912923285.0,1,811.1,811.1,811.1,648.9,648.9,648.9,648.9,-3.0,3.0,0,0.0,0,0.0
1912927344.0,1,2232.64,2232.64,2232.64,1786.11,1786.11,1786.11,1786.11,5.0,0.0,0,0.0,0,0.0
1912939703.0,2,3052.6499999999996,1526.3249999999998,1526.3249999999998,2442.1,1221.05,2442.1,1221.05,0.5,1.0,0,0.0,0,0.0
1912960758.0,2,1486.17,743.085,743.085,1188.93,594.465,1188.93,594.465,-1.5,2.0,0,0.0,0,0.0
1922012350.0,1,1393.61,1393.61,1393.61,1114.88,1114.88,1114.88,1114.88,1.0,2.0,0,0.0,0,0.0
1922177229.0,1,1060.64,1060.64,1060.64,1025.64,1025.64,1025.64,1025.64,0.0,0.0,0,0.0,0,0.0
1922258367.0,1,1355.5,1355.5,1355.5,-996.91,-996.91,996.91,996.91,2.0,0.0,0,0.0,0,0.0
1922301472.0,1,1885.2,1885.2,1885.2,1508.16,1508.16,1508.16,1508.16,3.0,1.0,0,0.0,0,0.0
1922423359.0,2,2910.44,1455.22,1455.22,2328.34,1164.17,2328.34,1164.17,-3.0,0.0,0,0.0,0,0.0
1922515907.0,2,886.69,443.345,443.345,709.38,354.69,709.38,354.69,2.5,0.0,0,0.0,0,0.0
1922578202.0,2,1559.26,779.63,779.63,1063.6100000000001,531.8050000000001,1063.6100000000001,531.8050000000001,-4.0,1.5,0,0.0,0,0.0
1932146461.0,7,9265.82,1323.6885714285713,1201.04,7070.37,1010.0528571428571,7070.37,1010.0528571428571,-1.1428571428571428,0.42857142857142855,0,0.0,0,0.0
1932193224.0,1,764.88,764.88,764.88,611.91,611.91,611.91,611.91,1.0,0.0,0,0.0,0,0.0
1932411493.0,1,1154.54,1154.54,1154.54,923.62,923.62,923.62,923.62,1.0,2.0,0,0.0,0,0.0
1932416195.0,2,2763.96,1381.98,1381.98,1899.36,949.68,1899.36,949.68,-2.0,0.0,0,0.0,0,0.0
1932440146.0,1,1584.17,1584.17,1584.17,1267.34,1267.34,1267.34,1267.34,-2.0,0.0,0,0.0,0,0.0
1932450160.0,1,131.5,131.5,131.5,74.36,74.36,74.36,74.36,2.0,0.0,0,0.0,0,0.0
1932490109.0,2,2917.62,1458.81,1458.81,2917.62,1458.81,2917.62,1458.81,-3.5,1.5,0,0.0,0,0.0
1932539608.0,3,3036.2200000000003,1012.0733333333334,1069.61,2428.99,809.6633333333333,2428.99,809.6633333333333,-2.0,1.3333333333333333,0,0.0,0,0.0
1932588795.0,1,1264.49,1264.49,1264.49,825.2,825.2,825.2,825.2,6.0,0.0,0,0.0,0,0.0
1932630282.0,5,7493.32,1498.664,1337.65,5216.98,1043.396,5216.98,1043.396,-2.4,0.0,0,0.0,0,0.0
1942256508.0,1,1173.1,1173.1,1173.1,1173.1,1173.1,1173.1,1173.1,0.0,3.0,0,0.0,0,0.0
1942329909.0,1,877.65,877.65,877.65,702.12,702.12,702.12,702.12,1.0,2.0,0,0.0,0,0.0
1942385554.0,1,604.34,604.34,604.34,483.48,483.48,483.48,483.48,0.0,3.0,0,0.0,0,0.0
1942392600.0,1,772.49,772.49,772.49,742.49,742.49,742.49,742.49,4.0,1.0,0,0.0,0,0.0
1942506837.0,2,4197.88,2098.94,2098.94,3176.58,1588.29,3176.58,1588.29,0.5,0.0,0,0.0,0,0.0
1942510508.0,1,1507.78,1507.78,1507.78,1206.23,1206.23,1206.23,1206.23,2.0,0.0,0,0.0,0,0.0
1942518550.0,7,10177.39,1453.912857142857,1264.49,4330.0599999999995,618.5799999999999,6868.219999999999,981.1742857142856,-2.7142857142857144,1.0,0,0.0,0,0.0
1942606454.0,6,6888.75,1148.125,1151.58,5301.18,883.5300000000001,5301.18,883.5300000000001,-1.6666666666666667,0.16666666666666666,0,0.0,0,0.0
1942774153.0,1,841.01,841.01,841.01,672.81,672.81,672.81,672.81,1.0,2.0,0,0.0,0,0.0
1952307530.0,4,2346.22,586.555,525.79,1573.55,393.3875,1573.55,393.3875,0.0,0.75,0,0.0,0,0.0
1952332298.0,1,779.82,779.82,779.82,779.82,779.82,779.82,779.82,-4.0,1.0,0,0.0,0,0.0
1952351306.0,2,3437.62,1718.81,1718.81,1287.86,643.93,1287.86,643.93,2.0,1.5,0,0.0,0,0.0
1952409765.0,2,16689.22,8344.61,8344.61,13351.38,6675.69,13351.38,6675.69,-6.0,1.0,0,0.0,0,0.0
1952427163.0,2,3446.73,1723.365,1723.365,2757.4,1378.7,2757.4,1378.7,0.0,0.5,0,0.0,0,0.0
1952470411.0,4,3224.35,806.0875,838.25,2274.82,568.705,2274.82,568.705,-4.0,1.5,0,0.0,0,0.0
1952598468.0,2,3118.71,1559.355,1559.355,2368.3199999999997,1184.1599999999999,2368.3199999999997,1184.1599999999999,-3.5,0.0,0,0.0,0,0.0
1952599623.0,4,3058.2,764.55,783.0,2720.87,680.2175,2720.87,680.2175,-4.25,0.5,0,0.0,0,0.0
1952613416.0,1,1035.35,1035.35,1035.35,828.27,828.27,828.27,828.27,1.0,0.0,1,1.0,0,0.0
1952651713.0,2,1886.3400000000001,943.1700000000001,943.1700000000001,1509.06,754.53,1509.06,754.53,2.5,0.0,0,0.0,0,0.0
1952756884.0,2,1497.96,748.98,748.98,1497.96,748.98,1497.96,748.98,1.0,0.0,0,0.0,0,0.0
1952967234.0,1,851.0,851.0,851.0,680.8,680.8,680.8,680.8,-7.0,0.0,0,0.0,0,0.0
1962425611.0,2,2989.28,1494.64,1494.64,1775.49,887.745,1775.49,887.745,4.5,0.5,0,0.0,0,0.0
1962473306.0,2,1114.08,557.04,557.04,865.92,432.96,865.92,432.96,-3.5,0.0,0,0.0,0,0.0
1962531004.0,1,866.52,866.52,866.52,693.2,693.2,693.2,693.2,-5.0,0.0,0,0.0,0,0.0
1962594622.0,3,2623.88,874.6266666666667,639.76,2099.11,699.7033333333334,2099.11,699.7033333333334,1.6666666666666667,0.0,0,0.0,0,0.0
1962663211.0,2,2119.59,1059.795,1059.795,1509.27,754.635,1509.27,754.635,2.0,2.0,0,0.0,0,0.0
1962709980.0,2,2042.6999999999998,1021.3499999999999,1021.3499999999999,616.11,308.055,616.11,308.055,-1.5,2.5,0,0.0,0,0.0
1962761379.0,1,1138.92,1138.92,1138.92,911.14,911.14,911.14,911.14,2.0,0.0,0,0.0,0,0.0
1962777136.0,2,2196.88,1098.44,1098.44,1757.5,878.75,1757.5,878.75,0.5,1.0,0,0.0,0,0.0
1962823211.0,8,8510.33,1063.79125,935.155,5880.62,735.0775,6871.64,858.955,-0.5,1.375,0,0.0,0,0.0
1962867762.0,3,22516.71,7505.57,1340.11,17647.84,5882.613333333334,17647.84,5882.613333333334,-2.6666666666666665,0.6666666666666666,0,0.0,0,0.0
1962882191.0,1,9242.09,9242.09,9242.09,7393.67,7393.67,7393.67,7393.67,3.0,0.0,0,0.0,0,0.0
1962890723.0,1,2883.91,2883.91,2883.91,2307.13,2307.13,2307.13,2307.13,-1.0,0.0,0,0.0,0,0.0
1962896548.0,7,5831.02,833.0028571428572,899.07,4787.28,683.8971428571429,4787.28,683.8971428571429,1.2857142857142858,1.7142857142857142,0,0.0,0,0.0
1962997569.0,1,1293.75,1293.75,1293.75,979.31,979.31,979.31,979.31,-4.0,2.0,0,0.0,0,0.0
1972049641.0,1,1769.3,1769.3,1769.3,1415.44,1415.44,1415.44,1415.44,0.0,0.0,0,0.0,0,0.0
1972135390.0,6,7401.58,1233.5966666666666,1001.68,5921.31,986.8850000000001,5921.31,986.8850000000001,-2.8333333333333335,0.3333333333333333,1,0.16666666666666666,0,0.0
1972158475.0,5,4640.4400000000005,928.0880000000001,842.39,3155.1400000000003,631.028,3155.1400000000003,631.028,-0.8,1.2,0,0.0,0,0.0
1972196541.0,12,79936.54,6661.378333333333,2257.04,64162.98,5346.915,64162.98,5346.915,-0.8333333333333334,0.75,0,0.0,0,0.0
1972509701.0,2,32223.93,16111.965,16111.965,32223.93,16111.965,32223.93,16111.965,1.0,1.5,0,0.0,0,0.0
1972531945.0,3,23482.03,7827.343333333333,1837.36,18494.63,6164.876666666667,18494.63,6164.876666666667,1.0,0.0,0,0.0,0,0.0
1972584795.0,1,795.46,795.46,795.46,0.0,0.0,0.0,0.0,-6.0,2.0,0,0.0,0,0.0
1972594877.0,22,19915.85,905.2659090909091,885.96,15932.800000000001,724.2181818181818,15932.800000000001,724.2181818181818,0.7727272727272727,0.8181818181818182,0,0.0,0,0.0
1972731800.0,1,1668.35,1668.35,1668.35,1148.28,1148.28,1148.28,1148.28,2.0,0.0,0,0.0,0,0.0
1972788537.0,2,3403.67,1701.835,1701.835,2361.41,1180.705,2361.41,1180.705,-0.5,1.5,0,0.0,0,0.0
1982002945.0,2,3137.7200000000003,1568.8600000000001,1568.8600000000001,2510.17,1255.085,2510.17,1255.085,0.5,1.5,0,0.0,0,0.0
1982062485.0,12,30856.92,2571.41,1925.28,24554.82,2046.235,24554.82,2046.235,-0.8333333333333334,0.8333333333333334,0,0.0,0,0.0
1982083564.0,1,779.82,779.82,779.82,779.82,779.82,779.82,779.82,-2.0,2.0,0,0.0,0,0.0
1982103511.0,3,3425.62,1141.8733333333332,1122.19,2740.53,913.5100000000001,2740.53,913.5100000000001,-5.333333333333333,0.3333333333333333,0,0.0,0,0.0
1982132189.0,1,962.45,962.45,962.45,583.56,583.56,583.56,583.56,1.0,0.0,0,0.0,0,0.0
1982151635.0,3,3491.29,1163.7633333333333,1082.85,2441.75,813.9166666666666,2441.75,813.9166666666666,-2.3333333333333335,0.0,0,0.0,0,0.0
1982607537.0,5,6955.71,1391.142,1459.56,5574.82,1114.964,5574.82,1114.964,0.0,1.8,0,0.0,0,0.0
1982657292.0,1,782.37,782.37,782.37,625.9,625.9,625.9,625.9,4.0,0.0,0,0.0,0,0.0
1982658035.0,1,976.69,976.69,976.69,781.35,781.35,781.35,781.35,-2.0,3.0,0,0.0,0,0.0
1982662557.0,6,6438.299999999999,1073.05,1015.365,5150.6,858.4333333333334,5150.6,858.4333333333334,-2.8333333333333335,1.0,0,0.0,0,0.0
1982783338.0,2,1991.46,995.73,995.73,1792.3200000000002,896.1600000000001,1792.3200000000002,896.1600000000001,-5.0,0.0,0,0.0,0,0.0
1982783692.0,1,1254.82,1254.82,1254.82,1003.86,1003.86,1003.86,1003.86,-2.0,3.0,0,0.0,0,0.0
1982865796.0,1,889.7,889.7,889.7,711.76,711.76,711.76,711.76,-1.0,0.0,0,0.0,0,0.0
1982870259.0,1,1782.31,1782.31,1782.31,0.0,0.0,0.0,0.0,-7.0,0.0,0,0.0,0,0.0
1982955290.0,1,744.3,744.3,744.3,565.81,565.81,565.81,565.81,1.0,1.0,0,0.0,0,0.0
1982961439.0,2,1642.52,821.26,821.26,1314.01,657.005,1314.01,657.005,-1.5,2.0,0,0.0,0,0.0
1992113898.0,4,21780.94,5445.235,5283.12,17241.19,4310.2975,17241.19,4310.2975,-2.5,1.0,0,0.0,0,0.0
1992137426.0,5,7903.86,1580.772,1639.24,5645.88,1129.176,5645.88,1129.176,3.2,0.6,0,0.0,0,0.0
1992161780.0,3,5198.04,1732.68,2119.59,4158.41,1386.1366666666665,4158.41,1386.1366666666665,-1.3333333333333333,0.3333333333333333,0,0.0,0,0.0
1992170112.0,3,3327.15,1109.05,1183.93,2129.11,709.7033333333334,2129.11,709.7033333333334,3.3333333333333335,2.6666666666666665,0,0.0,0,0.0
1992176283.0,1,672.7,672.7,672.7,538.16,538.16,538.16,538.16,-2.0,0.0,0,0.0,0,0.0
1992701825.0,1,2359.43,2359.43,2359.43,1887.54,1887.54,1887.54,1887.54,-3.0,0.0,0,0.0,0,0.0
1992755292.0,2,1969.81,984.905,984.905,1284.25,642.125,1284.25,642.125,-1.0,1.5,0,0.0,0,0.0
1992809305.0,1,1347.42,1347.42,1347.42,1077.93,1077.93,1077.93,1077.93,-1.0,0.0,0,0.0,0,0.0
1992867006.0,1,1813.48,1813.48,1813.48,1450.78,1450.78,1450.78,1450.78,-2.0,0.0,0,0.0,0,0.0
1992880736.0,19,17788.21,936.2215789473684,947.34,14198.19,747.2731578947369,14198.19,747.2731578947369,-4.2631578947368425,1.0526315789473684,0,0.0,0,0.0
1992882245.0,5,7525.18,1505.036,1330.86,5460.9400000000005,1092.188,5460.9400000000005,1092.188,-2.8,1.6,0,0.0,0,0.0
1992923486.0,2,24020.78,12010.39,12010.39,19216.61,9608.305,19216.61,9608.305,0.0,2.0,0,0.0,0,0.0
