Provider_NPI,Predominant_Record_Type,Total_Records,Flagged_Records,Flagged_Record_Percentage,ML_Anomaly_Count,Statistical_Anomaly_Count,Rule_Violation_Count,Consensus_Level_2_Count,Consensus_Level_3_Count,High_Risk_Record_Count,Critical_Risk_Record_Count,Average_Risk_Score,Maximum_Risk_Score,Denial_Rate_Percentage,Provider_Risk_Level,Provider_Status,Primary_Risk_Factors
1215210273,MEDICAL_CLAIM,554,512,92.42,53,554,300,284,30,210,13,44.33,93.71,0.91,HIGH-RISK PROVIDER PATTERN,PROVIDER REQUIRING REVIEW,13 critical-risk records; 210 high-risk records; 92.4% flagged records; Average claim risk score = 44.3
1609820125,MEDICAL_CLAIM,44,25,56.82,11,26,28,6,8,8,9,38.85,79.93,0.0,HIGH-RISK PROVIDER PATTERN,PROVIDER REQUIRING REVIEW,9 critical-risk records; 8 high-risk records; 56.8% flagged records; Average claim risk score = 38.8
1841366812,MEDICAL_CLAIM,113,100,88.5,0,75,85,73,0,36,4,45.24,88.98,0.89,HIGH-RISK PROVIDER PATTERN,PROVIDER REQUIRING REVIEW,4 critical-risk records; 36 high-risk records; 88.5% flagged records; Average claim risk score = 45.2
1386952034,MEDICAL_CLAIM,145,104,71.72,8,56,92,73,5,36,2,38.51,80.4,1.39,HIGH-RISK PROVIDER PATTERN,PROVIDER REQUIRING REVIEW,2 critical-risk records; 36 high-risk records; 71.7% flagged records; Average claim risk score = 38.5
1225528151,MEDICAL_CLAIM,12,6,50.0,0,6,7,2,0,2,2,32.76,75.49,0.0,HIGH-RISK PROVIDER PATTERN,PROVIDER REQUIRING REVIEW,2 critical-risk records; 2 high-risk records; 50.0% flagged records
1972196541,MEDICAL_CLAIM,12,9,75.0,1,8,7,2,1,1,2,37.36,79.99,0.0,HIGH-RISK PROVIDER PATTERN,PROVIDER REQUIRING REVIEW,2 critical-risk records; 1 high-risk records; 75.0% flagged records; Average claim risk score = 37.4
1689688988,MEDICAL_CLAIM,28,28,100.0,0,27,20,17,0,16,1,50.22,75.48,0.0,HIGH-RISK PROVIDER PATTERN,PROVIDER REQUIRING REVIEW,1 critical-risk records; 16 high-risk records; 100.0% flagged records; Average claim risk score = 50.2
1558308825,MEDICAL_CLAIM,111,84,75.68,3,43,67,63,2,10,1,35.36,80.99,0.0,HIGH-RISK PROVIDER PATTERN,PROVIDER REQUIRING REVIEW,1 critical-risk records; 10 high-risk records; 75.7% flagged records; Average claim risk score = 35.4
1598053472,MEDICAL_CLAIM,17,15,88.24,0,17,21,15,0,7,1,50.61,80.39,0.0,HIGH-RISK PROVIDER PATTERN,PROVIDER REQUIRING REVIEW,1 critical-risk records; 7 high-risk records; 88.2% flagged records; Average claim risk score = 50.6
1225684368,MEDICAL_CLAIM,16,16,100.0,0,16,17,13,1,7,1,50.25,80.65,0.0,HIGH-RISK PROVIDER PATTERN,PROVIDER REQUIRING REVIEW,1 critical-risk records; 7 high-risk records; 100.0% flagged records; Average claim risk score = 50.2
1164451613,MEDICAL_CLAIM,21,18,85.71,0,19,19,17,0,6,1,42.34,75.15,0.0,HIGH-RISK PROVIDER PATTERN,PROVIDER REQUIRING REVIEW,1 critical-risk records; 6 high-risk records; 85.7% flagged records; Average claim risk score = 42.3
1700237633,MEDICAL_CLAIM,77,44,57.14,0,42,42,37,0,5,1,31.38,76.17,1.3,HIGH-RISK PROVIDER PATTERN,PROVIDER REQUIRING REVIEW,1 critical-risk records; 5 high-risk records; 57.1% flagged records
1326288143,MEDICAL_CLAIM,5,5,100.0,0,5,5,5,0,4,1,74.49,75.12,0.0,HIGH-RISK PROVIDER PATTERN,PROVIDER REQUIRING REVIEW,1 critical-risk records; 4 high-risk records; 100.0% flagged records; Average claim risk score = 74.5
1659927556,MEDICAL_CLAIM,7,7,100.0,1,6,9,2,0,3,1,52.56,95.55,0.0,HIGH-RISK PROVIDER PATTERN,PROVIDER REQUIRING REVIEW,1 critical-risk records; 3 high-risk records; 100.0% flagged records; Average claim risk score = 52.6
1134606403,MEDICAL_CLAIM,44,27,61.36,1,15,29,24,0,3,1,32.85,89.36,2.27,HIGH-RISK PROVIDER PATTERN,PROVIDER REQUIRING REVIEW,1 critical-risk records; 3 high-risk records; 61.4% flagged records
1245283530,MEDICAL_CLAIM,6,5,83.33,0,4,5,2,0,2,1,45.28,76.34,0.0,HIGH-RISK PROVIDER PATTERN,PROVIDER REQUIRING REVIEW,1 critical-risk records; 2 high-risk records; 83.3% flagged records; Average claim risk score = 45.3
1821006867,MEDICAL_CLAIM,21,17,80.95,1,18,17,14,0,2,1,41.77,75.64,0.0,HIGH-RISK PROVIDER PATTERN,PROVIDER REQUIRING REVIEW,1 critical-risk records; 2 high-risk records; 81.0% flagged records; Average claim risk score = 41.8
1154891562,MEDICAL_CLAIM,10,7,70.0,0,7,4,3,0,2,1,38.62,75.34,0.0,HIGH-RISK PROVIDER PATTERN,PROVIDER REQUIRING REVIEW,1 critical-risk records; 2 high-risk records; 70.0% flagged records; Average claim risk score = 38.6
1730144593,MEDICAL_CLAIM,20,19,95.0,0,19,8,6,0,2,1,38.19,76.05,5.0,HIGH-RISK PROVIDER PATTERN,PROVIDER REQUIRING REVIEW,1 critical-risk records; 2 high-risk records; 95.0% flagged records; Average claim risk score = 38.2
1972509701,MEDICAL_CLAIM,2,2,100.0,0,2,2,1,0,1,1,68.14,85.39,0.0,HIGH-RISK PROVIDER PATTERN,PROVIDER REQUIRING REVIEW,1 critical-risk records; 1 high-risk records; 100.0% flagged records; Average claim risk score = 68.1
1194077297,MEDICAL_CLAIM,5,4,80.0,1,2,6,1,1,1,1,49.46,100.0,0.0,HIGH-RISK PROVIDER PATTERN,PROVIDER REQUIRING REVIEW,1 critical-risk records; 1 high-risk records; 80.0% flagged records; Average claim risk score = 49.5
1447615455,MEDICAL_CLAIM,4,3,75.0,0,3,5,2,0,1,1,45.76,82.52,0.0,HIGH-RISK PROVIDER PATTERN,PROVIDER REQUIRING REVIEW,1 critical-risk records; 1 high-risk records; 75.0% flagged records; Average claim risk score = 45.8
1942518550,MEDICAL_CLAIM,7,6,85.71,0,2,8,1,1,1,1,39.1,81.28,0.0,HIGH-RISK PROVIDER PATTERN,PROVIDER REQUIRING REVIEW,1 critical-risk records; 1 high-risk records; 85.7% flagged records; Average claim risk score = 39.1
1295145191,MEDICAL_CLAIM,6,3,50.0,1,2,7,2,0,1,1,34.23,75.69,0.0,HIGH-RISK PROVIDER PATTERN,PROVIDER REQUIRING REVIEW,1 critical-risk records; 1 high-risk records; 50.0% flagged records
1541564391,PHARMACY_CLAIM,1,1,100.0,1,1,3,0,1,0,1,99.77,99.77,0.0,HIGH-RISK PROVIDER PATTERN,PROVIDER REQUIRING REVIEW,1 critical-risk records; 100.0% flagged records; Average claim risk score = 99.8
1416354126,PHARMACY_CLAIM,1,1,100.0,0,1,2,0,1,0,1,93.11,93.11,100.0,HIGH-RISK PROVIDER PATTERN,PROVIDER REQUIRING REVIEW,1 critical-risk records; 100.0% flagged records; Average claim risk score = 93.1; Empirical claim denial rate = 100.0%
1870248593,PHARMACY_CLAIM,1,1,100.0,1,1,2,0,1,0,1,89.87,89.87,100.0,HIGH-RISK PROVIDER PATTERN,PROVIDER REQUIRING REVIEW,1 critical-risk records; 100.0% flagged records; Average claim risk score = 89.9; Empirical claim denial rate = 100.0%
1318224454,PHARMACY_CLAIM,1,1,100.0,0,1,2,1,0,0,1,89.17,89.17,0.0,HIGH-RISK PROVIDER PATTERN,PROVIDER REQUIRING REVIEW,1 critical-risk records; 100.0% flagged records; Average claim risk score = 89.2
1184379255,PHARMACY_CLAIM,1,1,100.0,0,1,3,1,0,0,1,88.95,88.95,100.0,HIGH-RISK PROVIDER PATTERN,PROVIDER REQUIRING REVIEW,1 critical-risk records; 100.0% flagged records; Average claim risk score = 89.0; Empirical claim denial rate = 100.0%
1160754643,PHARMACY_CLAIM,1,1,100.0,0,1,2,1,0,0,1,88.51,88.51,0.0,HIGH-RISK PROVIDER PATTERN,PROVIDER REQUIRING REVIEW,1 critical-risk records; 100.0% flagged records; Average claim risk score = 88.5
1551868694,PHARMACY_CLAIM,1,1,100.0,0,1,4,1,0,0,1,88.34,88.34,0.0,HIGH-RISK PROVIDER PATTERN,PROVIDER REQUIRING REVIEW,1 critical-risk records; 100.0% flagged records; Average claim risk score = 88.3
1507355825,PHARMACY_CLAIM,1,1,100.0,0,1,3,1,0,0,1,86.3,86.3,0.0,HIGH-RISK PROVIDER PATTERN,PROVIDER REQUIRING REVIEW,1 critical-risk records; 100.0% flagged records; Average claim risk score = 86.3
1307832067,PHARMACY_CLAIM,1,1,100.0,0,1,2,1,0,0,1,85.25,85.25,0.0,HIGH-RISK PROVIDER PATTERN,PROVIDER REQUIRING REVIEW,1 critical-risk records; 100.0% flagged records; Average claim risk score = 85.2
1735620608,PHARMACY_CLAIM,1,1,100.0,0,1,3,1,0,0,1,85.1,85.1,0.0,HIGH-RISK PROVIDER PATTERN,PROVIDER REQUIRING REVIEW,1 critical-risk records; 100.0% flagged records; Average claim risk score = 85.1
1274003795,PHARMACY_CLAIM,1,1,100.0,0,1,2,1,0,0,1,85.08,85.08,0.0,HIGH-RISK PROVIDER PATTERN,PROVIDER REQUIRING REVIEW,1 critical-risk records; 100.0% flagged records; Average claim risk score = 85.1
1640525944,PHARMACY_CLAIM,1,1,100.0,0,1,2,1,0,0,1,85.02,85.02,0.0,HIGH-RISK PROVIDER PATTERN,PROVIDER REQUIRING REVIEW,1 critical-risk records; 100.0% flagged records; Average claim risk score = 85.0
1295604430,PHARMACY_CLAIM,1,1,100.0,0,1,2,1,0,0,1,82.71,82.71,100.0,HIGH-RISK PROVIDER PATTERN,PROVIDER REQUIRING REVIEW,1 critical-risk records; 100.0% flagged records; Average claim risk score = 82.7; Empirical claim denial rate = 100.0%
1560517239,PHARMACY_CLAIM,1,1,100.0,0,1,2,1,0,0,1,82.64,82.64,0.0,HIGH-RISK PROVIDER PATTERN,PROVIDER REQUIRING REVIEW,1 critical-risk records; 100.0% flagged records; Average claim risk score = 82.6
1383304048,PHARMACY_CLAIM,1,1,100.0,0,1,2,1,0,0,1,82.45,82.45,0.0,HIGH-RISK PROVIDER PATTERN,PROVIDER REQUIRING REVIEW,1 critical-risk records; 100.0% flagged records; Average claim risk score = 82.5
1108943532,PHARMACY_CLAIM,1,1,100.0,0,1,4,1,0,0,1,81.28,81.28,0.0,HIGH-RISK PROVIDER PATTERN,PROVIDER REQUIRING REVIEW,1 critical-risk records; 100.0% flagged records; Average claim risk score = 81.3
1950052993,PHARMACY_CLAIM,1,1,100.0,0,1,2,1,0,0,1,81.07,81.07,0.0,HIGH-RISK PROVIDER PATTERN,PROVIDER REQUIRING REVIEW,1 critical-risk records; 100.0% flagged records; Average claim risk score = 81.1
1148843631,PHARMACY_CLAIM,1,1,100.0,0,1,3,1,0,0,1,80.81,80.81,0.0,HIGH-RISK PROVIDER PATTERN,PROVIDER REQUIRING REVIEW,1 critical-risk records; 100.0% flagged records; Average claim risk score = 80.8
1205839164,MEDICAL_CLAIM,1,1,100.0,1,1,1,0,1,0,1,79.68,79.68,0.0,HIGH-RISK PROVIDER PATTERN,PROVIDER REQUIRING REVIEW,1 critical-risk records; 100.0% flagged records; Average claim risk score = 79.7
1418661594,PHARMACY_CLAIM,1,1,100.0,0,1,2,1,0,0,1,76.72,76.72,0.0,HIGH-RISK PROVIDER PATTERN,PROVIDER REQUIRING REVIEW,1 critical-risk records; 100.0% flagged records; Average claim risk score = 76.7
1119210650,PHARMACY_CLAIM,1,1,100.0,0,1,2,1,0,0,1,76.66,76.66,100.0,HIGH-RISK PROVIDER PATTERN,PROVIDER REQUIRING REVIEW,1 critical-risk records; 100.0% flagged records; Average claim risk score = 76.7; Empirical claim denial rate = 100.0%
1073295748,PHARMACY_CLAIM,1,1,100.0,0,1,3,1,0,0,1,76.31,76.31,100.0,HIGH-RISK PROVIDER PATTERN,PROVIDER REQUIRING REVIEW,1 critical-risk records; 100.0% flagged records; Average claim risk score = 76.3; Empirical claim denial rate = 100.0%
1528147824,MEDICAL_CLAIM,2,2,100.0,0,2,2,1,0,0,1,63.11,83.19,0.0,HIGH-RISK PROVIDER PATTERN,PROVIDER REQUIRING REVIEW,1 critical-risk records; 100.0% flagged records; Average claim risk score = 63.1
1033359468,MEDICAL_CLAIM,2,2,100.0,0,2,2,1,0,0,1,57.23,75.26,0.0,HIGH-RISK PROVIDER PATTERN,PROVIDER REQUIRING REVIEW,1 critical-risk records; 100.0% flagged records; Average claim risk score = 57.2
1104247188,MEDICAL_CLAIM,3,3,100.0,0,3,1,1,0,0,1,55.73,75.27,0.0,HIGH-RISK PROVIDER PATTERN,PROVIDER REQUIRING REVIEW,1 critical-risk records; 100.0% flagged records; Average claim risk score = 55.7
1104803444,MEDICAL_CLAIM,2,2,100.0,0,1,2,1,0,0,1,52.52,75.01,0.0,HIGH-RISK PROVIDER PATTERN,PROVIDER REQUIRING REVIEW,1 critical-risk records; 100.0% flagged records; Average claim risk score = 52.5
1669884854,MEDICAL_CLAIM,2,1,50.0,0,2,2,1,0,0,1,47.44,83.0,0.0,HIGH-RISK PROVIDER PATTERN,PROVIDER REQUIRING REVIEW,1 critical-risk records; 50.0% flagged records; Average claim risk score = 47.4
1811171978,MEDICAL_CLAIM,3,3,100.0,0,2,5,1,0,0,1,45.65,75.17,0.0,HIGH-RISK PROVIDER PATTERN,PROVIDER REQUIRING REVIEW,1 critical-risk records; 100.0% flagged records; Average claim risk score = 45.7
1962867762,MEDICAL_CLAIM,3,2,66.67,0,1,3,1,0,0,1,41.43,75.01,0.0,HIGH-RISK PROVIDER PATTERN,PROVIDER REQUIRING REVIEW,1 critical-risk records; 66.7% flagged records; Average claim risk score = 41.4
1487640207,MEDICAL_CLAIM,2,1,50.0,0,1,1,1,0,0,1,40.11,75.18,0.0,HIGH-RISK PROVIDER PATTERN,PROVIDER REQUIRING REVIEW,1 critical-risk records; 50.0% flagged records; Average claim risk score = 40.1
1285836080,MEDICAL_CLAIM,2,1,50.0,0,1,2,1,0,0,1,39.45,75.41,0.0,HIGH-RISK PROVIDER PATTERN,PROVIDER REQUIRING REVIEW,1 critical-risk records; 50.0% flagged records; Average claim risk score = 39.5
1003437344,MEDICAL_CLAIM,4,2,50.0,0,2,3,1,0,0,1,35.42,94.63,0.0,HIGH-RISK PROVIDER PATTERN,PROVIDER REQUIRING REVIEW,1 critical-risk records; 50.0% flagged records; Average claim risk score = 35.4
1114171949,MEDICAL_CLAIM,4,1,25.0,0,2,2,1,0,0,1,27.67,75.07,0.0,HIGH-RISK PROVIDER PATTERN,PROVIDER REQUIRING REVIEW,1 critical-risk records; 25.0% flagged records
UNKNOWN_PROVIDER,PHARMACY_CLAIM,60,39,65.0,18,25,20,13,5,12,0,35.56,69.96,12.73,HIGH-RISK PROVIDER PATTERN,PROVIDER REQUIRING REVIEW,12 high-risk records; 65.0% flagged records; Average claim risk score = 35.6
1265532915,MEDICAL_CLAIM,15,15,100.0,0,15,14,14,0,9,0,52.31,61.89,6.67,HIGH-RISK PROVIDER PATTERN,PROVIDER REQUIRING REVIEW,9 high-risk records; 100.0% flagged records; Average claim risk score = 52.3
1992880736,MEDICAL_CLAIM,19,17,89.47,0,19,17,16,0,8,0,48.27,65.09,0.0,HIGH-RISK PROVIDER PATTERN,PROVIDER REQUIRING REVIEW,8 high-risk records; 89.5% flagged records; Average claim risk score = 48.3
1619351160,MEDICAL_CLAIM,23,23,100.0,0,23,10,10,0,8,0,40.52,52.88,4.35,HIGH-RISK PROVIDER PATTERN,PROVIDER REQUIRING REVIEW,8 high-risk records; 100.0% flagged records; Average claim risk score = 40.5
1538349469,MEDICAL_CLAIM,47,35,74.47,0,30,35,18,0,8,0,36.31,64.48,0.0,HIGH-RISK PROVIDER PATTERN,PROVIDER REQUIRING REVIEW,8 high-risk records; 74.5% flagged records; Average claim risk score = 36.3
1215332762,MEDICAL_CLAIM,27,22,81.48,0,26,13,13,0,6,0,38.16,58.32,0.0,HIGH-RISK PROVIDER PATTERN,PROVIDER REQUIRING REVIEW,6 high-risk records; 81.5% flagged records; Average claim risk score = 38.2
1003866740,MEDICAL_CLAIM,10,9,90.0,0,10,7,7,0,5,0,46.76,65.78,10.0,HIGH-RISK PROVIDER PATTERN,PROVIDER REQUIRING REVIEW,5 high-risk records; 90.0% flagged records; Average claim risk score = 46.8
1467430124,MEDICAL_CLAIM,24,22,91.67,0,23,20,17,2,5,0,45.88,73.22,0.0,HIGH-RISK PROVIDER PATTERN,PROVIDER REQUIRING REVIEW,5 high-risk records; 91.7% flagged records; Average claim risk score = 45.9
1861686776,MEDICAL_CLAIM,4,4,100.0,0,4,4,4,0,4,0,73.93,74.58,0.0,HIGH-RISK PROVIDER PATTERN,PROVIDER REQUIRING REVIEW,4 high-risk records; 100.0% flagged records; Average claim risk score = 73.9
1013105568,MEDICAL_CLAIM,4,4,100.0,1,4,4,3,1,4,0,68.49,73.68,25.0,HIGH-RISK PROVIDER PATTERN,PROVIDER REQUIRING REVIEW,4 high-risk records; 100.0% flagged records; Average claim risk score = 68.5; Empirical claim denial rate = 25.0%
1881836195,MEDICAL_CLAIM,6,6,100.0,0,6,5,5,0,4,0,50.97,68.2,16.67,HIGH-RISK PROVIDER PATTERN,PROVIDER REQUIRING REVIEW,4 high-risk records; 100.0% flagged records; Average claim risk score = 51.0
1689760092,MEDICAL_CLAIM,8,8,100.0,0,8,4,4,0,4,0,44.53,74.93,14.29,HIGH-RISK PROVIDER PATTERN,PROVIDER REQUIRING REVIEW,4 high-risk records; 100.0% flagged records; Average claim risk score = 44.5
1578928826,MEDICAL_CLAIM,9,7,77.78,0,6,6,4,0,4,0,39.47,65.13,0.0,HIGH-RISK PROVIDER PATTERN,PROVIDER REQUIRING REVIEW,4 high-risk records; 77.8% flagged records; Average claim risk score = 39.5
1104288976,MEDICAL_CLAIM,37,27,72.97,0,12,21,21,0,4,0,33.33,59.72,2.7,HIGH-RISK PROVIDER PATTERN,PROVIDER REQUIRING REVIEW,4 high-risk records; 73.0% flagged records
1184670663,MEDICAL_CLAIM,10,4,40.0,0,3,7,3,0,4,0,32.8,73.7,0.0,HIGH-RISK PROVIDER PATTERN,PROVIDER REQUIRING REVIEW,4 high-risk records; 40.0% flagged records
1861563439,MEDICAL_CLAIM,3,3,100.0,0,3,3,3,0,3,0,64.91,73.55,0.0,HIGH-RISK PROVIDER PATTERN,PROVIDER REQUIRING REVIEW,3 high-risk records; 100.0% flagged records; Average claim risk score = 64.9
1598152019,MEDICAL_CLAIM,3,3,100.0,0,3,3,3,0,3,0,61.61,64.56,33.33,HIGH-RISK PROVIDER PATTERN,PROVIDER REQUIRING REVIEW,3 high-risk records; 100.0% flagged records; Average claim risk score = 61.6; Empirical claim denial rate = 33.3%
1427418276,MEDICAL_CLAIM,3,3,100.0,0,3,3,3,0,3,0,60.05,62.21,33.33,HIGH-RISK PROVIDER PATTERN,PROVIDER REQUIRING REVIEW,3 high-risk records; 100.0% flagged records; Average claim risk score = 60.1; Empirical claim denial rate = 33.3%
1891005047,MEDICAL_CLAIM,5,5,100.0,1,5,3,2,1,3,0,54.0,67.25,20.0,HIGH-RISK PROVIDER PATTERN,PROVIDER REQUIRING REVIEW,3 high-risk records; 100.0% flagged records; Average claim risk score = 54.0
1801284443,MEDICAL_CLAIM,6,6,100.0,0,6,6,4,0,3,0,50.96,73.3,16.67,HIGH-RISK PROVIDER PATTERN,PROVIDER REQUIRING REVIEW,3 high-risk records; 100.0% flagged records; Average claim risk score = 51.0
1780879023,MEDICAL_CLAIM,6,6,100.0,1,6,4,5,0,3,0,49.13,58.51,16.67,HIGH-RISK PROVIDER PATTERN,PROVIDER REQUIRING REVIEW,3 high-risk records; 100.0% flagged records; Average claim risk score = 49.1
1114074622,MEDICAL_CLAIM,7,5,71.43,0,2,9,3,0,3,0,47.76,74.78,0.0,HIGH-RISK PROVIDER PATTERN,PROVIDER REQUIRING REVIEW,3 high-risk records; 71.4% flagged records; Average claim risk score = 47.8
1972135390,MEDICAL_CLAIM,6,5,83.33,0,6,5,5,0,3,0,46.74,54.95,16.67,HIGH-RISK PROVIDER PATTERN,PROVIDER REQUIRING REVIEW,3 high-risk records; 83.3% flagged records; Average claim risk score = 46.7
1427593896,MEDICAL_CLAIM,7,6,85.71,0,7,4,4,0,3,0,43.21,57.66,14.29,HIGH-RISK PROVIDER PATTERN,PROVIDER REQUIRING REVIEW,3 high-risk records; 85.7% flagged records; Average claim risk score = 43.2
1447544010,MEDICAL_CLAIM,9,6,66.67,0,5,6,1,0,3,0,35.24,65.08,0.0,HIGH-RISK PROVIDER PATTERN,PROVIDER REQUIRING REVIEW,3 high-risk records; 66.7% flagged records; Average claim risk score = 35.2
1669840633,MEDICAL_CLAIM,12,7,58.33,0,7,7,2,0,3,0,34.11,73.79,0.0,HIGH-RISK PROVIDER PATTERN,PROVIDER REQUIRING REVIEW,3 high-risk records; 58.3% flagged records
1124430319,MEDICAL_CLAIM,20,10,50.0,0,9,16,2,0,3,0,30.67,74.53,0.0,HIGH-RISK PROVIDER PATTERN,PROVIDER REQUIRING REVIEW,3 high-risk records; 50.0% flagged records
1548788771,MEDICAL_CLAIM,15,8,53.33,1,5,8,1,0,3,0,29.26,73.46,0.0,HIGH-RISK PROVIDER PATTERN,PROVIDER REQUIRING REVIEW,3 high-risk records; 53.3% flagged records
1811975535,MEDICAL_CLAIM,9,6,66.67,0,6,2,0,0,3,0,29.16,50.59,0.0,HIGH-RISK PROVIDER PATTERN,PROVIDER REQUIRING REVIEW,3 high-risk records; 66.7% flagged records
1053482273,MEDICAL_CLAIM,51,31,60.78,1,13,36,1,0,3,0,28.07,66.78,0.0,HIGH-RISK PROVIDER PATTERN,PROVIDER REQUIRING REVIEW,3 high-risk records; 60.8% flagged records
1477741999,MEDICAL_CLAIM,2,2,100.0,0,2,2,2,0,2,0,74.22,74.52,0.0,HIGH-RISK PROVIDER PATTERN,PROVIDER REQUIRING REVIEW,2 high-risk records; 100.0% flagged records; Average claim risk score = 74.2
1639593338,MEDICAL_CLAIM,2,2,100.0,0,1,4,2,0,2,0,71.9,74.87,0.0,HIGH-RISK PROVIDER PATTERN,PROVIDER REQUIRING REVIEW,2 high-risk records; 100.0% flagged records; Average claim risk score = 71.9
1285683045,MEDICAL_CLAIM,2,2,100.0,0,2,2,2,0,2,0,70.84,74.81,0.0,HIGH-RISK PROVIDER PATTERN,PROVIDER REQUIRING REVIEW,2 high-risk records; 100.0% flagged records; Average claim risk score = 70.8
1908045857,PHARMACY_CLAIM,2,2,100.0,2,2,2,0,2,2,0,69.94,69.94,0.0,HIGH-RISK PROVIDER PATTERN,PROVIDER REQUIRING REVIEW,2 high-risk records; 100.0% flagged records; Average claim risk score = 69.9
1129091098,PHARMACY_CLAIM,2,2,100.0,2,2,2,0,2,2,0,69.85,69.85,0.0,HIGH-RISK PROVIDER PATTERN,PROVIDER REQUIRING REVIEW,2 high-risk records; 100.0% flagged records; Average claim risk score = 69.8
1949306366,PRIOR_AUTH,2,2,100.0,2,2,2,0,2,2,0,69.83,69.83,100.0,HIGH-RISK PROVIDER PATTERN,PROVIDER REQUIRING REVIEW,2 high-risk records; 100.0% flagged records; Average claim risk score = 69.8; Empirical claim denial rate = 100.0%
1203251898,PHARMACY_CLAIM,2,2,100.0,2,2,2,0,2,2,0,69.74,69.74,0.0,HIGH-RISK PROVIDER PATTERN,PROVIDER REQUIRING REVIEW,2 high-risk records; 100.0% flagged records; Average claim risk score = 69.7
1150769152,PHARMACY_CLAIM,2,2,100.0,2,2,2,0,2,2,0,69.58,69.58,0.0,HIGH-RISK PROVIDER PATTERN,PROVIDER REQUIRING REVIEW,2 high-risk records; 100.0% flagged records; Average claim risk score = 69.6
1992962117,PHARMACY_CLAIM,2,2,100.0,0,2,2,0,2,2,0,69.47,69.47,100.0,HIGH-RISK PROVIDER PATTERN,PROVIDER REQUIRING REVIEW,2 high-risk records; 100.0% flagged records; Average claim risk score = 69.5; Empirical claim denial rate = 100.0%
1396094017,MEDICAL_CLAIM,2,2,100.0,0,2,2,2,0,2,0,66.22,72.87,0.0,HIGH-RISK PROVIDER PATTERN,PROVIDER REQUIRING REVIEW,2 high-risk records; 100.0% flagged records; Average claim risk score = 66.2
1993962280,PRIOR_AUTH,2,2,100.0,2,2,2,2,0,2,0,65.66,65.66,100.0,HIGH-RISK PROVIDER PATTERN,PROVIDER REQUIRING REVIEW,2 high-risk records; 100.0% flagged records; Average claim risk score = 65.7; Empirical claim denial rate = 100.0%
1780123372,MEDICAL_CLAIM,2,2,100.0,0,2,2,2,0,2,0,65.62,73.36,0.0,HIGH-RISK PROVIDER PATTERN,PROVIDER REQUIRING REVIEW,2 high-risk records; 100.0% flagged records; Average claim risk score = 65.6
1124579929,PRIOR_AUTH,2,2,100.0,2,2,2,2,0,2,0,65.59,65.59,100.0,HIGH-RISK PROVIDER PATTERN,PROVIDER REQUIRING REVIEW,2 high-risk records; 100.0% flagged records; Average claim risk score = 65.6; Empirical claim denial rate = 100.0%
1952409765,MEDICAL_CLAIM,2,2,100.0,0,2,2,2,0,2,0,65.31,65.31,0.0,HIGH-RISK PROVIDER PATTERN,PROVIDER REQUIRING REVIEW,2 high-risk records; 100.0% flagged records; Average claim risk score = 65.3
1821232869,MEDICAL_CLAIM,2,2,100.0,1,2,1,2,0,2,0,65.18,74.55,0.0,HIGH-RISK PROVIDER PATTERN,PROVIDER REQUIRING REVIEW,2 high-risk records; 100.0% flagged records; Average claim risk score = 65.2
1770760902,MEDICAL_CLAIM,2,2,100.0,0,2,2,2,0,2,0,64.62,69.03,50.0,HIGH-RISK PROVIDER PATTERN,PROVIDER REQUIRING REVIEW,2 high-risk records; 100.0% flagged records; Average claim risk score = 64.6; Empirical claim denial rate = 50.0%
1180138860,PHARMACY_CLAIM,2,2,100.0,0,2,2,2,0,2,0,64.37,64.37,0.0,HIGH-RISK PROVIDER PATTERN,PROVIDER REQUIRING REVIEW,2 high-risk records; 100.0% flagged records; Average claim risk score = 64.4
1479140045,PHARMACY_CLAIM,2,2,100.0,0,2,2,2,0,2,0,62.67,62.67,0.0,HIGH-RISK PROVIDER PATTERN,PROVIDER REQUIRING REVIEW,2 high-risk records; 100.0% flagged records; Average claim risk score = 62.7
1366481293,MEDICAL_CLAIM,2,2,100.0,0,2,2,2,0,2,0,60.92,62.53,50.0,HIGH-RISK PROVIDER PATTERN,PROVIDER REQUIRING REVIEW,2 high-risk records; 100.0% flagged records; Average claim risk score = 60.9; Empirical claim denial rate = 50.0%
1578560090,MEDICAL_CLAIM,2,2,100.0,0,2,2,2,0,2,0,59.68,59.68,0.0,HIGH-RISK PROVIDER PATTERN,PROVIDER REQUIRING REVIEW,2 high-risk records; 100.0% flagged records; Average claim risk score = 59.7
1467483255,MEDICAL_CLAIM,2,2,100.0,0,2,2,2,0,2,0,59.53,60.06,0.0,HIGH-RISK PROVIDER PATTERN,PROVIDER REQUIRING REVIEW,2 high-risk records; 100.0% flagged records; Average claim risk score = 59.5
1396366308,MEDICAL_CLAIM,2,2,100.0,2,2,2,1,1,2,0,58.95,61.09,0.0,HIGH-RISK PROVIDER PATTERN,PROVIDER REQUIRING REVIEW,2 high-risk records; 100.0% flagged records; Average claim risk score = 59.0
1265817639,MEDICAL_CLAIM,2,2,100.0,0,2,1,1,0,2,0,58.65,66.66,0.0,HIGH-RISK PROVIDER PATTERN,PROVIDER REQUIRING REVIEW,2 high-risk records; 100.0% flagged records; Average claim risk score = 58.6
1716003077,PHARMACY_CLAIM,2,2,100.0,0,2,2,2,0,2,0,58.03,58.03,100.0,HIGH-RISK PROVIDER PATTERN,PROVIDER REQUIRING REVIEW,2 high-risk records; 100.0% flagged records; Average claim risk score = 58.0; Empirical claim denial rate = 100.0%
1541910389,PRIOR_AUTH,2,2,100.0,0,2,2,2,0,2,0,57.96,57.96,0.0,HIGH-RISK PROVIDER PATTERN,PROVIDER REQUIRING REVIEW,2 high-risk records; 100.0% flagged records; Average claim risk score = 58.0
1821239708,MEDICAL_CLAIM,2,2,100.0,0,2,2,2,0,2,0,57.94,58.43,0.0,HIGH-RISK PROVIDER PATTERN,PROVIDER REQUIRING REVIEW,2 high-risk records; 100.0% flagged records; Average claim risk score = 57.9
1272708589,PRIOR_AUTH,2,2,100.0,0,2,2,2,0,2,0,57.59,57.59,100.0,HIGH-RISK PROVIDER PATTERN,PROVIDER REQUIRING REVIEW,2 high-risk records; 100.0% flagged records; Average claim risk score = 57.6; Empirical claim denial rate = 100.0%
1039979042,PRIOR_AUTH,2,2,100.0,0,2,2,2,0,2,0,57.56,57.56,0.0,HIGH-RISK PROVIDER PATTERN,PROVIDER REQUIRING REVIEW,2 high-risk records; 100.0% flagged records; Average claim risk score = 57.6
1380469104,PHARMACY_CLAIM,2,2,100.0,0,2,2,2,0,2,0,57.21,57.21,0.0,HIGH-RISK PROVIDER PATTERN,PROVIDER REQUIRING REVIEW,2 high-risk records; 100.0% flagged records; Average claim risk score = 57.2
1018633194,PHARMACY_CLAIM,2,2,100.0,0,2,2,2,0,2,0,57.14,57.14,0.0,HIGH-RISK PROVIDER PATTERN,PROVIDER REQUIRING REVIEW,2 high-risk records; 100.0% flagged records; Average claim risk score = 57.1
1756261117,PHARMACY_CLAIM,2,2,100.0,0,2,2,2,0,2,0,56.88,56.88,0.0,HIGH-RISK PROVIDER PATTERN,PROVIDER REQUIRING REVIEW,2 high-risk records; 100.0% flagged records; Average claim risk score = 56.9
1184884678,MEDICAL_CLAIM,3,3,100.0,0,3,2,2,0,2,0,56.8,67.25,33.33,HIGH-RISK PROVIDER PATTERN,PROVIDER REQUIRING REVIEW,2 high-risk records; 100.0% flagged records; Average claim risk score = 56.8; Empirical claim denial rate = 33.3%
1631923864,PHARMACY_CLAIM,2,2,100.0,0,2,2,2,0,2,0,56.7,56.7,0.0,HIGH-RISK PROVIDER PATTERN,PROVIDER REQUIRING REVIEW,2 high-risk records; 100.0% flagged records; Average claim risk score = 56.7
1713291579,PHARMACY_CLAIM,2,2,100.0,0,2,2,2,0,2,0,56.4,56.4,0.0,HIGH-RISK PROVIDER PATTERN,PROVIDER REQUIRING REVIEW,2 high-risk records; 100.0% flagged records; Average claim risk score = 56.4
1845678368,PRIOR_AUTH,2,2,100.0,2,2,0,2,0,2,0,55.97,55.97,100.0,HIGH-RISK PROVIDER PATTERN,PROVIDER REQUIRING REVIEW,2 high-risk records; 100.0% flagged records; Average claim risk score = 56.0; Empirical claim denial rate = 100.0%
1530328581,PRIOR_AUTH,2,2,100.0,2,2,0,2,0,2,0,55.94,55.94,0.0,HIGH-RISK PROVIDER PATTERN,PROVIDER REQUIRING REVIEW,2 high-risk records; 100.0% flagged records; Average claim risk score = 55.9
1892223805,PHARMACY_CLAIM,2,2,100.0,2,2,0,2,0,2,0,55.71,55.71,0.0,HIGH-RISK PROVIDER PATTERN,PROVIDER REQUIRING REVIEW,2 high-risk records; 100.0% flagged records; Average claim risk score = 55.7
1280401689,PHARMACY_CLAIM,2,2,100.0,2,2,0,2,0,2,0,55.68,55.68,0.0,HIGH-RISK PROVIDER PATTERN,PROVIDER REQUIRING REVIEW,2 high-risk records; 100.0% flagged records; Average claim risk score = 55.7
1877825519,PHARMACY_CLAIM,2,2,100.0,0,2,2,2,0,2,0,55.33,55.33,0.0,HIGH-RISK PROVIDER PATTERN,PROVIDER REQUIRING REVIEW,2 high-risk records; 100.0% flagged records; Average claim risk score = 55.3
1184138356,MEDICAL_CLAIM,3,3,100.0,0,3,2,2,0,2,0,55.24,58.68,0.0,HIGH-RISK PROVIDER PATTERN,PROVIDER REQUIRING REVIEW,2 high-risk records; 100.0% flagged records; Average claim risk score = 55.2
1992923486,MEDICAL_CLAIM,2,2,100.0,0,2,1,1,0,2,0,54.83,59.18,0.0,HIGH-RISK PROVIDER PATTERN,PROVIDER REQUIRING REVIEW,2 high-risk records; 100.0% flagged records; Average claim risk score = 54.8
1679333131,PHARMACY_CLAIM,2,2,100.0,0,2,2,2,0,2,0,54.41,54.41,0.0,HIGH-RISK PROVIDER PATTERN,PROVIDER REQUIRING REVIEW,2 high-risk records; 100.0% flagged records; Average claim risk score = 54.4
1073091328,MEDICAL_CLAIM,4,4,100.0,0,3,2,1,0,2,0,53.96,74.99,0.0,HIGH-RISK PROVIDER PATTERN,PROVIDER REQUIRING REVIEW,2 high-risk records; 100.0% flagged records; Average claim risk score = 54.0
1316233174,MEDICAL_CLAIM,3,2,66.67,0,2,2,2,0,2,0,52.68,74.03,0.0,HIGH-RISK PROVIDER PATTERN,PROVIDER REQUIRING REVIEW,2 high-risk records; 66.7% flagged records; Average claim risk score = 52.7
1420084249,PRIOR_AUTH,2,2,100.0,2,2,0,0,0,2,0,51.57,51.57,100.0,HIGH-RISK PROVIDER PATTERN,PROVIDER REQUIRING REVIEW,2 high-risk records; 100.0% flagged records; Average claim risk score = 51.6; Empirical claim denial rate = 100.0%
1756550744,PRIOR_AUTH,2,2,100.0,0,2,0,0,0,2,0,51.33,51.33,100.0,HIGH-RISK PROVIDER PATTERN,PROVIDER REQUIRING REVIEW,2 high-risk records; 100.0% flagged records; Average claim risk score = 51.3; Empirical claim denial rate = 100.0%
1661761727,PHARMACY_CLAIM,2,2,100.0,0,2,0,0,0,2,0,51.3,51.3,100.0,HIGH-RISK PROVIDER PATTERN,PROVIDER REQUIRING REVIEW,2 high-risk records; 100.0% flagged records; Average claim risk score = 51.3; Empirical claim denial rate = 100.0%
1310975650,PRIOR_AUTH,2,2,100.0,0,2,0,0,0,2,0,51.28,51.28,100.0,HIGH-RISK PROVIDER PATTERN,PROVIDER REQUIRING REVIEW,2 high-risk records; 100.0% flagged records; Average claim risk score = 51.3; Empirical claim denial rate = 100.0%
1117556642,PHARMACY_CLAIM,2,2,100.0,0,2,0,0,0,2,0,51.22,51.22,0.0,HIGH-RISK PROVIDER PATTERN,PROVIDER REQUIRING REVIEW,2 high-risk records; 100.0% flagged records; Average claim risk score = 51.2
1605039700,PRIOR_AUTH,2,2,100.0,0,2,0,0,0,2,0,50.94,50.94,0.0,HIGH-RISK PROVIDER PATTERN,PROVIDER REQUIRING REVIEW,2 high-risk records; 100.0% flagged records; Average claim risk score = 50.9
1136527549,PHARMACY_CLAIM,2,2,100.0,0,2,0,0,0,2,0,50.93,50.93,0.0,HIGH-RISK PROVIDER PATTERN,PROVIDER REQUIRING REVIEW,2 high-risk records; 100.0% flagged records; Average claim risk score = 50.9
1564635047,PRIOR_AUTH,2,2,100.0,0,2,0,0,0,2,0,50.87,50.87,0.0,HIGH-RISK PROVIDER PATTERN,PROVIDER REQUIRING REVIEW,2 high-risk records; 100.0% flagged records; Average claim risk score = 50.9
1864975599,PHARMACY_CLAIM,2,2,100.0,0,2,0,0,0,2,0,50.84,50.84,0.0,HIGH-RISK PROVIDER PATTERN,PROVIDER REQUIRING REVIEW,2 high-risk records; 100.0% flagged records; Average claim risk score = 50.8
1866525840,PHARMACY_CLAIM,2,2,100.0,0,2,0,0,0,2,0,50.68,50.68,100.0,HIGH-RISK PROVIDER PATTERN,PROVIDER REQUIRING REVIEW,2 high-risk records; 100.0% flagged records; Average claim risk score = 50.7; Empirical claim denial rate = 100.0%
1427545375,MEDICAL_CLAIM,2,2,100.0,0,2,0,0,0,2,0,50.12,50.12,0.0,HIGH-RISK PROVIDER PATTERN,PROVIDER REQUIRING REVIEW,2 high-risk records; 100.0% flagged records; Average claim risk score = 50.1
1740666767,MEDICAL_CLAIM,5,5,100.0,0,3,4,1,0,2,0,49.36,72.65,0.0,HIGH-RISK PROVIDER PATTERN,PROVIDER REQUIRING REVIEW,2 high-risk records; 100.0% flagged records; Average claim risk score = 49.4
1881639714,MEDICAL_CLAIM,3,3,100.0,0,3,1,1,0,2,0,48.32,60.74,0.0,HIGH-RISK PROVIDER PATTERN,PROVIDER REQUIRING REVIEW,2 high-risk records; 100.0% flagged records; Average claim risk score = 48.3
1174625057,MEDICAL_CLAIM,4,3,75.0,0,3,6,2,0,2,0,46.28,74.59,0.0,HIGH-RISK PROVIDER PATTERN,PROVIDER REQUIRING REVIEW,2 high-risk records; 75.0% flagged records; Average claim risk score = 46.3
1841226347,MEDICAL_CLAIM,4,2,50.0,0,2,6,2,0,2,0,46.05,74.43,0.0,HIGH-RISK PROVIDER PATTERN,PROVIDER REQUIRING REVIEW,2 high-risk records; 50.0% flagged records; Average claim risk score = 46.0
1205344603,MEDICAL_CLAIM,3,2,66.67,0,0,4,2,0,2,0,45.35,69.56,0.0,HIGH-RISK PROVIDER PATTERN,PROVIDER REQUIRING REVIEW,2 high-risk records; 66.7% flagged records; Average claim risk score = 45.3
1346228905,MEDICAL_CLAIM,6,5,83.33,0,4,5,1,0,2,0,41.96,74.59,0.0,HIGH-RISK PROVIDER PATTERN,PROVIDER REQUIRING REVIEW,2 high-risk records; 83.3% flagged records; Average claim risk score = 42.0
1801898556,MEDICAL_CLAIM,16,14,87.5,1,6,13,14,0,2,0,41.08,60.81,6.67,HIGH-RISK PROVIDER PATTERN,PROVIDER REQUIRING REVIEW,2 high-risk records; 87.5% flagged records; Average claim risk score = 41.1
1528082336,MEDICAL_CLAIM,5,4,80.0,0,3,3,0,0,2,0,39.25,52.49,0.0,HIGH-RISK PROVIDER PATTERN,PROVIDER REQUIRING REVIEW,2 high-risk records; 80.0% flagged records; Average claim risk score = 39.2
1700816683,MEDICAL_CLAIM,4,2,50.0,0,2,2,2,0,2,0,37.55,56.82,0.0,HIGH-RISK PROVIDER PATTERN,PROVIDER REQUIRING REVIEW,2 high-risk records; 50.0% flagged records; Average claim risk score = 37.5
1639534290,MEDICAL_CLAIM,7,3,42.86,0,3,6,2,0,2,0,36.64,73.28,0.0,HIGH-RISK PROVIDER PATTERN,PROVIDER REQUIRING REVIEW,2 high-risk records; 42.9% flagged records; Average claim risk score = 36.6
1295014116,MEDICAL_CLAIM,6,4,66.67,0,4,3,0,0,2,0,35.98,61.52,0.0,HIGH-RISK PROVIDER PATTERN,PROVIDER REQUIRING REVIEW,2 high-risk records; 66.7% flagged records; Average claim risk score = 36.0
1679931646,MEDICAL_CLAIM,7,5,71.43,0,4,5,2,0,2,0,35.95,52.82,0.0,HIGH-RISK PROVIDER PATTERN,PROVIDER REQUIRING REVIEW,2 high-risk records; 71.4% flagged records; Average claim risk score = 35.9
1104056209,MEDICAL_CLAIM,8,6,75.0,0,5,6,0,0,2,0,35.17,50.37,0.0,HIGH-RISK PROVIDER PATTERN,PROVIDER REQUIRING REVIEW,2 high-risk records; 75.0% flagged records; Average claim risk score = 35.2
1003270430,MEDICAL_CLAIM,6,4,66.67,0,3,5,0,0,2,0,34.29,64.82,0.0,HIGH-RISK PROVIDER PATTERN,PROVIDER REQUIRING REVIEW,2 high-risk records; 66.7% flagged records
1417342163,MEDICAL_CLAIM,7,4,57.14,1,4,3,1,1,2,0,30.41,73.74,0.0,HIGH-RISK PROVIDER PATTERN,PROVIDER REQUIRING REVIEW,2 high-risk records; 57.1% flagged records
1225573694,MEDICAL_CLAIM,11,6,54.55,0,3,7,0,0,2,0,27.21,63.06,0.0,HIGH-RISK PROVIDER PATTERN,PROVIDER REQUIRING REVIEW,2 high-risk records; 54.5% flagged records
1174927669,MEDICAL_CLAIM,22,12,54.55,0,7,13,1,0,2,0,25.46,55.82,0.0,HIGH-RISK PROVIDER PATTERN,PROVIDER REQUIRING REVIEW,2 high-risk records; 54.5% flagged records
1669830832,MEDICAL_CLAIM,13,5,38.46,0,4,8,2,0,2,0,25.21,73.34,0.0,HIGH-RISK PROVIDER PATTERN,PROVIDER REQUIRING REVIEW,2 high-risk records; 38.5% flagged records
1124270715,MEDICAL_CLAIM,26,12,46.15,0,10,12,0,0,2,0,24.88,51.11,0.0,HIGH-RISK PROVIDER PATTERN,PROVIDER REQUIRING REVIEW,2 high-risk records; 46.2% flagged records
1013355726,MEDICAL_CLAIM,10,4,40.0,0,3,4,1,0,2,0,22.55,52.56,0.0,HIGH-RISK PROVIDER PATTERN,PROVIDER REQUIRING REVIEW,2 high-risk records; 40.0% flagged records
1257244567,PHARMACY_CLAIM,1,1,100.0,0,1,3,1,0,1,0,74.78,74.78,100.0,HIGH-RISK PROVIDER PATTERN,PROVIDER REQUIRING REVIEW,1 high-risk records; 100.0% flagged records; Average claim risk score = 74.8; Empirical claim denial rate = 100.0%
1419231348,PHARMACY_CLAIM,1,1,100.0,0,1,2,1,0,1,0,73.41,73.41,0.0,HIGH-RISK PROVIDER PATTERN,PROVIDER REQUIRING REVIEW,1 high-risk records; 100.0% flagged records; Average claim risk score = 73.4
1023177250,MEDICAL_CLAIM,1,1,100.0,0,1,1,1,0,1,0,73.39,73.39,0.0,HIGH-RISK PROVIDER PATTERN,PROVIDER REQUIRING REVIEW,1 high-risk records; 100.0% flagged records; Average claim risk score = 73.4
1174857825,MEDICAL_CLAIM,1,1,100.0,0,1,1,1,0,1,0,73.37,73.37,0.0,HIGH-RISK PROVIDER PATTERN,PROVIDER REQUIRING REVIEW,1 high-risk records; 100.0% flagged records; Average claim risk score = 73.4
1518963230,MEDICAL_CLAIM,1,1,100.0,0,1,1,1,0,1,0,73.26,73.26,0.0,HIGH-RISK PROVIDER PATTERN,PROVIDER REQUIRING REVIEW,1 high-risk records; 100.0% flagged records; Average claim risk score = 73.3
1730305004,MEDICAL_CLAIM,1,1,100.0,0,1,1,1,0,1,0,72.88,72.88,0.0,HIGH-RISK PROVIDER PATTERN,PROVIDER REQUIRING REVIEW,1 high-risk records; 100.0% flagged records; Average claim risk score = 72.9
1497760243,MEDICAL_CLAIM,1,1,100.0,0,1,1,1,0,1,0,72.45,72.45,0.0,HIGH-RISK PROVIDER PATTERN,PROVIDER REQUIRING REVIEW,1 high-risk records; 100.0% flagged records; Average claim risk score = 72.5
1722034996,PHARMACY_CLAIM,1,1,100.0,0,1,3,0,0,1,0,71.63,71.63,0.0,HIGH-RISK PROVIDER PATTERN,PROVIDER REQUIRING REVIEW,1 high-risk records; 100.0% flagged records; Average claim risk score = 71.6
1927879328,PHARMACY_CLAIM,1,1,100.0,0,1,2,1,0,1,0,71.57,71.57,100.0,HIGH-RISK PROVIDER PATTERN,PROVIDER REQUIRING REVIEW,1 high-risk records; 100.0% flagged records; Average claim risk score = 71.6; Empirical claim denial rate = 100.0%
1888683385,PHARMACY_CLAIM,1,1,100.0,0,1,3,1,0,1,0,71.51,71.51,0.0,HIGH-RISK PROVIDER PATTERN,PROVIDER REQUIRING REVIEW,1 high-risk records; 100.0% flagged records; Average claim risk score = 71.5
1787233815,PHARMACY_CLAIM,1,1,100.0,1,1,1,0,1,1,0,70.0,70.0,100.0,HIGH-RISK PROVIDER PATTERN,PROVIDER REQUIRING REVIEW,1 high-risk records; 100.0% flagged records; Average claim risk score = 70.0; Empirical claim denial rate = 100.0%
1035687794,PHARMACY_CLAIM,1,1,100.0,1,1,1,0,1,1,0,69.99,69.99,0.0,HIGH-RISK PROVIDER PATTERN,PROVIDER REQUIRING REVIEW,1 high-risk records; 100.0% flagged records; Average claim risk score = 70.0
1922258367,MEDICAL_CLAIM,1,1,100.0,0,0,2,1,0,1,0,69.99,69.99,0.0,HIGH-RISK PROVIDER PATTERN,PROVIDER REQUIRING REVIEW,1 high-risk records; 100.0% flagged records; Average claim risk score = 70.0
1385445111,PHARMACY_CLAIM,1,1,100.0,1,1,1,0,1,1,0,69.98,69.98,100.0,HIGH-RISK PROVIDER PATTERN,PROVIDER REQUIRING REVIEW,1 high-risk records; 100.0% flagged records; Average claim risk score = 70.0; Empirical claim denial rate = 100.0%
1985224018,PHARMACY_CLAIM,1,1,100.0,1,1,1,0,1,1,0,69.97,69.97,100.0,HIGH-RISK PROVIDER PATTERN,PROVIDER REQUIRING REVIEW,1 high-risk records; 100.0% flagged records; Average claim risk score = 70.0; Empirical claim denial rate = 100.0%
1875128996,PHARMACY_CLAIM,1,1,100.0,1,1,1,0,1,1,0,69.92,69.92,0.0,HIGH-RISK PROVIDER PATTERN,PROVIDER REQUIRING REVIEW,1 high-risk records; 100.0% flagged records; Average claim risk score = 69.9
1290118575,PHARMACY_CLAIM,1,1,100.0,1,1,1,0,1,1,0,69.9,69.9,100.0,HIGH-RISK PROVIDER PATTERN,PROVIDER REQUIRING REVIEW,1 high-risk records; 100.0% flagged records; Average claim risk score = 69.9; Empirical claim denial rate = 100.0%
1427001445,MEDICAL_CLAIM,1,1,100.0,0,1,2,0,0,1,0,69.88,69.88,0.0,HIGH-RISK PROVIDER PATTERN,PROVIDER REQUIRING REVIEW,1 high-risk records; 100.0% flagged records; Average claim risk score = 69.9
1579193203,PHARMACY_CLAIM,1,1,100.0,1,1,1,0,1,1,0,69.88,69.88,100.0,HIGH-RISK PROVIDER PATTERN,PROVIDER REQUIRING REVIEW,1 high-risk records; 100.0% flagged records; Average claim risk score = 69.9; Empirical claim denial rate = 100.0%
1081528135,PHARMACY_CLAIM,1,1,100.0,1,1,1,0,1,1,0,69.86,69.86,100.0,HIGH-RISK PROVIDER PATTERN,PROVIDER REQUIRING REVIEW,1 high-risk records; 100.0% flagged records; Average claim risk score = 69.9; Empirical claim denial rate = 100.0%
1263476604,PHARMACY_CLAIM,1,1,100.0,1,1,1,0,1,1,0,69.82,69.82,100.0,HIGH-RISK PROVIDER PATTERN,PROVIDER REQUIRING REVIEW,1 high-risk records; 100.0% flagged records; Average claim risk score = 69.8; Empirical claim denial rate = 100.0%
1627113217,PHARMACY_CLAIM,1,1,100.0,0,1,3,0,0,1,0,69.8,69.8,0.0,HIGH-RISK PROVIDER PATTERN,PROVIDER REQUIRING REVIEW,1 high-risk records; 100.0% flagged records; Average claim risk score = 69.8
1510427825,PHARMACY_CLAIM,1,1,100.0,1,1,1,0,1,1,0,69.77,69.77,0.0,HIGH-RISK PROVIDER PATTERN,PROVIDER REQUIRING REVIEW,1 high-risk records; 100.0% flagged records; Average claim risk score = 69.8
1914396988,PHARMACY_CLAIM,1,1,100.0,1,1,1,0,1,1,0,69.75,69.75,0.0,HIGH-RISK PROVIDER PATTERN,PROVIDER REQUIRING REVIEW,1 high-risk records; 100.0% flagged records; Average claim risk score = 69.8
1109448042,PHARMACY_CLAIM,1,1,100.0,1,1,1,0,1,1,0,69.7,69.7,100.0,HIGH-RISK PROVIDER PATTERN,PROVIDER REQUIRING REVIEW,1 high-risk records; 100.0% flagged records; Average claim risk score = 69.7; Empirical claim denial rate = 100.0%
1063193327,PHARMACY_CLAIM,1,1,100.0,1,1,1,0,1,1,0,69.69,69.69,100.0,HIGH-RISK PROVIDER PATTERN,PROVIDER REQUIRING REVIEW,1 high-risk records; 100.0% flagged records; Average claim risk score = 69.7; Empirical claim denial rate = 100.0%
1304059508,PHARMACY_CLAIM,1,1,100.0,1,1,1,0,1,1,0,69.6,69.6,100.0,HIGH-RISK PROVIDER PATTERN,PROVIDER REQUIRING REVIEW,1 high-risk records; 100.0% flagged records; Average claim risk score = 69.6; Empirical claim denial rate = 100.0%
1426970841,PHARMACY_CLAIM,1,1,100.0,0,1,1,0,1,1,0,69.5,69.5,0.0,HIGH-RISK PROVIDER PATTERN,PROVIDER REQUIRING REVIEW,1 high-risk records; 100.0% flagged records; Average claim risk score = 69.5
1935754678,PHARMACY_CLAIM,1,1,100.0,0,1,1,0,1,1,0,69.49,69.49,100.0,HIGH-RISK PROVIDER PATTERN,PROVIDER REQUIRING REVIEW,1 high-risk records; 100.0% flagged records; Average claim risk score = 69.5; Empirical claim denial rate = 100.0%
1087213139,PHARMACY_CLAIM,1,1,100.0,0,1,1,0,1,1,0,69.48,69.48,0.0,HIGH-RISK PROVIDER PATTERN,PROVIDER REQUIRING REVIEW,1 high-risk records; 100.0% flagged records; Average claim risk score = 69.5
1866266789,PHARMACY_CLAIM,1,1,100.0,0,1,1,0,1,1,0,69.46,69.46,100.0,HIGH-RISK PROVIDER PATTERN,PROVIDER REQUIRING REVIEW,1 high-risk records; 100.0% flagged records; Average claim risk score = 69.5; Empirical claim denial rate = 100.0%
1010392038,PHARMACY_CLAIM,1,1,100.0,0,0,2,1,0,1,0,69.43,69.43,0.0,HIGH-RISK PROVIDER PATTERN,PROVIDER REQUIRING REVIEW,1 high-risk records; 100.0% flagged records; Average claim risk score = 69.4
1672565611,PHARMACY_CLAIM,1,1,100.0,0,1,1,0,1,1,0,69.32,69.32,0.0,HIGH-RISK PROVIDER PATTERN,PROVIDER REQUIRING REVIEW,1 high-risk records; 100.0% flagged records; Average claim risk score = 69.3
1790056877,MEDICAL_CLAIM,1,1,100.0,0,1,1,1,0,1,0,69.2,69.2,100.0,HIGH-RISK PROVIDER PATTERN,PROVIDER REQUIRING REVIEW,1 high-risk records; 100.0% flagged records; Average claim risk score = 69.2; Empirical claim denial rate = 100.0%
1228295736,PHARMACY_CLAIM,1,1,100.0,0,1,3,0,0,1,0,69.08,69.08,0.0,HIGH-RISK PROVIDER PATTERN,PROVIDER REQUIRING REVIEW,1 high-risk records; 100.0% flagged records; Average claim risk score = 69.1
1867536255,PHARMACY_CLAIM,1,1,100.0,0,1,2,1,0,1,0,68.88,68.88,0.0,HIGH-RISK PROVIDER PATTERN,PROVIDER REQUIRING REVIEW,1 high-risk records; 100.0% flagged records; Average claim risk score = 68.9
1891181517,MEDICAL_CLAIM,1,1,100.0,0,1,1,1,0,1,0,68.79,68.79,100.0,HIGH-RISK PROVIDER PATTERN,PROVIDER REQUIRING REVIEW,1 high-risk records; 100.0% flagged records; Average claim risk score = 68.8; Empirical claim denial rate = 100.0%
1934720606,PHARMACY_CLAIM,1,1,100.0,0,1,2,1,0,1,0,68.65,68.65,0.0,HIGH-RISK PROVIDER PATTERN,PROVIDER REQUIRING REVIEW,1 high-risk records; 100.0% flagged records; Average claim risk score = 68.7
1033538413,PHARMACY_CLAIM,1,1,100.0,0,1,2,1,0,1,0,68.24,68.24,0.0,HIGH-RISK PROVIDER PATTERN,PROVIDER REQUIRING REVIEW,1 high-risk records; 100.0% flagged records; Average claim risk score = 68.2
1104747811,PHARMACY_CLAIM,1,1,100.0,0,1,1,1,0,1,0,67.39,67.39,0.0,HIGH-RISK PROVIDER PATTERN,PROVIDER REQUIRING REVIEW,1 high-risk records; 100.0% flagged records; Average claim risk score = 67.4
1780101204,MEDICAL_CLAIM,1,1,100.0,0,1,2,0,0,1,0,67.08,67.08,0.0,HIGH-RISK PROVIDER PATTERN,PROVIDER REQUIRING REVIEW,1 high-risk records; 100.0% flagged records; Average claim risk score = 67.1
1053839795,MEDICAL_CLAIM,1,1,100.0,0,1,1,1,0,1,0,66.85,66.85,0.0,HIGH-RISK PROVIDER PATTERN,PROVIDER REQUIRING REVIEW,1 high-risk records; 100.0% flagged records; Average claim risk score = 66.8
1046221895,PHARMACY_CLAIM,1,1,100.0,0,1,2,1,0,1,0,65.96,65.96,0.0,HIGH-RISK PROVIDER PATTERN,PROVIDER REQUIRING REVIEW,1 high-risk records; 100.0% flagged records; Average claim risk score = 66.0
1341427811,PHARMACY_CLAIM,1,1,100.0,0,1,2,0,0,1,0,65.83,65.83,0.0,HIGH-RISK PROVIDER PATTERN,PROVIDER REQUIRING REVIEW,1 high-risk records; 100.0% flagged records; Average claim risk score = 65.8
1364082830,PHARMACY_CLAIM,1,1,100.0,1,1,1,1,0,1,0,65.66,65.66,100.0,HIGH-RISK PROVIDER PATTERN,PROVIDER REQUIRING REVIEW,1 high-risk records; 100.0% flagged records; Average claim risk score = 65.7; Empirical claim denial rate = 100.0%
1680920934,PHARMACY_CLAIM,1,1,100.0,1,1,1,1,0,1,0,65.61,65.61,100.0,HIGH-RISK PROVIDER PATTERN,PROVIDER REQUIRING REVIEW,1 high-risk records; 100.0% flagged records; Average claim risk score = 65.6; Empirical claim denial rate = 100.0%
1923434695,PHARMACY_CLAIM,1,1,100.0,0,1,2,0,0,1,0,65.6,65.6,0.0,HIGH-RISK PROVIDER PATTERN,PROVIDER REQUIRING REVIEW,1 high-risk records; 100.0% flagged records; Average claim risk score = 65.6
1793043147,PHARMACY_CLAIM,1,1,100.0,1,1,1,1,0,1,0,65.54,65.54,100.0,HIGH-RISK PROVIDER PATTERN,PROVIDER REQUIRING REVIEW,1 high-risk records; 100.0% flagged records; Average claim risk score = 65.5; Empirical claim denial rate = 100.0%
1708419735,PHARMACY_CLAIM,1,1,100.0,1,1,1,1,0,1,0,65.52,65.52,0.0,HIGH-RISK PROVIDER PATTERN,PROVIDER REQUIRING REVIEW,1 high-risk records; 100.0% flagged records; Average claim risk score = 65.5
1729596422,PHARMACY_CLAIM,1,1,100.0,1,1,1,1,0,1,0,65.52,65.52,100.0,HIGH-RISK PROVIDER PATTERN,PROVIDER REQUIRING REVIEW,1 high-risk records; 100.0% flagged records; Average claim risk score = 65.5; Empirical claim denial rate = 100.0%
1548278476,MEDICAL_CLAIM,1,1,100.0,0,1,1,1,0,1,0,65.42,65.42,0.0,HIGH-RISK PROVIDER PATTERN,PROVIDER REQUIRING REVIEW,1 high-risk records; 100.0% flagged records; Average claim risk score = 65.4
1895131053,PHARMACY_CLAIM,1,1,100.0,0,1,1,1,0,1,0,65.39,65.39,100.0,HIGH-RISK PROVIDER PATTERN,PROVIDER REQUIRING REVIEW,1 high-risk records; 100.0% flagged records; Average claim risk score = 65.4; Empirical claim denial rate = 100.0%
1505010061,PHARMACY_CLAIM,1,1,100.0,0,1,1,1,0,1,0,65.38,65.38,0.0,HIGH-RISK PROVIDER PATTERN,PROVIDER REQUIRING REVIEW,1 high-risk records; 100.0% flagged records; Average claim risk score = 65.4
1377119058,PHARMACY_CLAIM,1,1,100.0,0,1,1,1,0,1,0,65.35,65.35,0.0,HIGH-RISK PROVIDER PATTERN,PROVIDER REQUIRING REVIEW,1 high-risk records; 100.0% flagged records; Average claim risk score = 65.3
1216219100,PRIOR_AUTH,1,1,100.0,0,1,1,1,0,1,0,65.25,65.25,100.0,HIGH-RISK PROVIDER PATTERN,PROVIDER REQUIRING REVIEW,1 high-risk records; 100.0% flagged records; Average claim risk score = 65.2; Empirical claim denial rate = 100.0%
1720064434,PHARMACY_CLAIM,1,1,100.0,0,1,1,1,0,1,0,65.25,65.25,0.0,HIGH-RISK PROVIDER PATTERN,PROVIDER REQUIRING REVIEW,1 high-risk records; 100.0% flagged records; Average claim risk score = 65.2
1662783537,PHARMACY_CLAIM,1,1,100.0,0,1,1,1,0,1,0,65.23,65.23,100.0,HIGH-RISK PROVIDER PATTERN,PROVIDER REQUIRING REVIEW,1 high-risk records; 100.0% flagged records; Average claim risk score = 65.2; Empirical claim denial rate = 100.0%
1132267014,PHARMACY_CLAIM,1,1,100.0,0,1,1,1,0,1,0,65.19,65.19,0.0,HIGH-RISK PROVIDER PATTERN,PROVIDER REQUIRING REVIEW,1 high-risk records; 100.0% flagged records; Average claim risk score = 65.2
1794322091,PHARMACY_CLAIM,1,1,100.0,0,1,1,1,0,1,0,65.18,65.18,0.0,HIGH-RISK PROVIDER PATTERN,PROVIDER REQUIRING REVIEW,1 high-risk records; 100.0% flagged records; Average claim risk score = 65.2
1395921470,PHARMACY_CLAIM,1,1,100.0,0,1,1,1,0,1,0,65.17,65.17,100.0,HIGH-RISK PROVIDER PATTERN,PROVIDER REQUIRING REVIEW,1 high-risk records; 100.0% flagged records; Average claim risk score = 65.2; Empirical claim denial rate = 100.0%
1502049183,PRIOR_AUTH,1,1,100.0,0,1,1,1,0,1,0,65.17,65.17,100.0,HIGH-RISK PROVIDER PATTERN,PROVIDER REQUIRING REVIEW,1 high-risk records; 100.0% flagged records; Average claim risk score = 65.2; Empirical claim denial rate = 100.0%
1808984662,PHARMACY_CLAIM,1,1,100.0,0,1,1,1,0,1,0,65.16,65.16,0.0,HIGH-RISK PROVIDER PATTERN,PROVIDER REQUIRING REVIEW,1 high-risk records; 100.0% flagged records; Average claim risk score = 65.2
1399546924,PHARMACY_CLAIM,1,1,100.0,0,1,1,1,0,1,0,65.15,65.15,0.0,HIGH-RISK PROVIDER PATTERN,PROVIDER REQUIRING REVIEW,1 high-risk records; 100.0% flagged records; Average claim risk score = 65.2
1181614512,PHARMACY_CLAIM,1,1,100.0,0,1,1,1,0,1,0,65.07,65.07,100.0,HIGH-RISK PROVIDER PATTERN,PROVIDER REQUIRING REVIEW,1 high-risk records; 100.0% flagged records; Average claim risk score = 65.1; Empirical claim denial rate = 100.0%
1448578823,PHARMACY_CLAIM,1,1,100.0,0,1,1,1,0,1,0,65.05,65.05,100.0,HIGH-RISK PROVIDER PATTERN,PROVIDER REQUIRING REVIEW,1 high-risk records; 100.0% flagged records; Average claim risk score = 65.0; Empirical claim denial rate = 100.0%
1528164887,PHARMACY_CLAIM,1,1,100.0,0,1,1,1,0,1,0,65.0,65.0,100.0,HIGH-RISK PROVIDER PATTERN,PROVIDER REQUIRING REVIEW,1 high-risk records; 100.0% flagged records; Average claim risk score = 65.0; Empirical claim denial rate = 100.0%
1254204165,PHARMACY_CLAIM,1,1,100.0,0,1,1,1,0,1,0,64.94,64.94,0.0,HIGH-RISK PROVIDER PATTERN,PROVIDER REQUIRING REVIEW,1 high-risk records; 100.0% flagged records; Average claim risk score = 64.9
1297191040,PRIOR_AUTH,1,1,100.0,0,1,1,1,0,1,0,64.92,64.92,100.0,HIGH-RISK PROVIDER PATTERN,PROVIDER REQUIRING REVIEW,1 high-risk records; 100.0% flagged records; Average claim risk score = 64.9; Empirical claim denial rate = 100.0%
1551929601,PHARMACY_CLAIM,1,1,100.0,0,1,1,1,0,1,0,64.9,64.9,0.0,HIGH-RISK PROVIDER PATTERN,PROVIDER REQUIRING REVIEW,1 high-risk records; 100.0% flagged records; Average claim risk score = 64.9
1688891117,PHARMACY_CLAIM,1,1,100.0,0,1,1,1,0,1,0,64.87,64.87,0.0,HIGH-RISK PROVIDER PATTERN,PROVIDER REQUIRING REVIEW,1 high-risk records; 100.0% flagged records; Average claim risk score = 64.9
1770167389,MEDICAL_CLAIM,1,1,100.0,0,0,2,0,0,1,0,64.76,64.76,0.0,HIGH-RISK PROVIDER PATTERN,PROVIDER REQUIRING REVIEW,1 high-risk records; 100.0% flagged records; Average claim risk score = 64.8
1596125668,PHARMACY_CLAIM,1,1,100.0,0,1,1,1,0,1,0,64.74,64.74,0.0,HIGH-RISK PROVIDER PATTERN,PROVIDER REQUIRING REVIEW,1 high-risk records; 100.0% flagged records; Average claim risk score = 64.7
1666082686,PHARMACY_CLAIM,1,1,100.0,0,0,2,0,0,1,0,64.66,64.66,0.0,HIGH-RISK PROVIDER PATTERN,PROVIDER REQUIRING REVIEW,1 high-risk records; 100.0% flagged records; Average claim risk score = 64.7
1505096372,PHARMACY_CLAIM,1,1,100.0,0,1,1,1,0,1,0,64.63,64.63,0.0,HIGH-RISK PROVIDER PATTERN,PROVIDER REQUIRING REVIEW,1 high-risk records; 100.0% flagged records; Average claim risk score = 64.6
1588080030,MEDICAL_CLAIM,1,1,100.0,0,0,2,0,0,1,0,64.63,64.63,0.0,HIGH-RISK PROVIDER PATTERN,PROVIDER REQUIRING REVIEW,1 high-risk records; 100.0% flagged records; Average claim risk score = 64.6
1871144948,PHARMACY_CLAIM,1,1,100.0,0,1,1,1,0,1,0,64.56,64.56,0.0,HIGH-RISK PROVIDER PATTERN,PROVIDER REQUIRING REVIEW,1 high-risk records; 100.0% flagged records; Average claim risk score = 64.6
1643990819,PHARMACY_CLAIM,1,1,100.0,0,1,1,1,0,1,0,64.53,64.53,100.0,HIGH-RISK PROVIDER PATTERN,PROVIDER REQUIRING REVIEW,1 high-risk records; 100.0% flagged records; Average claim risk score = 64.5; Empirical claim denial rate = 100.0%
1584602285,PHARMACY_CLAIM,1,1,100.0,0,1,3,0,0,1,0,64.5,64.5,0.0,HIGH-RISK PROVIDER PATTERN,PROVIDER REQUIRING REVIEW,1 high-risk records; 100.0% flagged records; Average claim risk score = 64.5
1768266960,PHARMACY_CLAIM,1,1,100.0,0,1,1,1,0,1,0,64.49,64.49,0.0,HIGH-RISK PROVIDER PATTERN,PROVIDER REQUIRING REVIEW,1 high-risk records; 100.0% flagged records; Average claim risk score = 64.5
1451472383,PHARMACY_CLAIM,1,1,100.0,0,1,1,1,0,1,0,64.44,64.44,0.0,HIGH-RISK PROVIDER PATTERN,PROVIDER REQUIRING REVIEW,1 high-risk records; 100.0% flagged records; Average claim risk score = 64.4
1887655335,PHARMACY_CLAIM,1,1,100.0,0,0,2,0,0,1,0,64.28,64.28,0.0,HIGH-RISK PROVIDER PATTERN,PROVIDER REQUIRING REVIEW,1 high-risk records; 100.0% flagged records; Average claim risk score = 64.3
1680741437,PHARMACY_CLAIM,1,1,100.0,0,1,1,1,0,1,0,64.04,64.04,0.0,HIGH-RISK PROVIDER PATTERN,PROVIDER REQUIRING REVIEW,1 high-risk records; 100.0% flagged records; Average claim risk score = 64.0
1820115476,PHARMACY_CLAIM,1,1,100.0,0,0,3,0,0,1,0,63.88,63.88,0.0,HIGH-RISK PROVIDER PATTERN,PROVIDER REQUIRING REVIEW,1 high-risk records; 100.0% flagged records; Average claim risk score = 63.9
1358877330,PHARMACY_CLAIM,1,1,100.0,0,0,3,0,0,1,0,63.83,63.83,0.0,HIGH-RISK PROVIDER PATTERN,PROVIDER REQUIRING REVIEW,1 high-risk records; 100.0% flagged records; Average claim risk score = 63.8
1517184717,PHARMACY_CLAIM,1,1,100.0,0,1,1,1,0,1,0,63.77,63.77,0.0,HIGH-RISK PROVIDER PATTERN,PROVIDER REQUIRING REVIEW,1 high-risk records; 100.0% flagged records; Average claim risk score = 63.8
1921028719,PHARMACY_CLAIM,1,1,100.0,0,1,1,1,0,1,0,63.74,63.74,0.0,HIGH-RISK PROVIDER PATTERN,PROVIDER REQUIRING REVIEW,1 high-risk records; 100.0% flagged records; Average claim risk score = 63.7
1009394467,PHARMACY_CLAIM,1,1,100.0,0,1,1,1,0,1,0,63.71,63.71,0.0,HIGH-RISK PROVIDER PATTERN,PROVIDER REQUIRING REVIEW,1 high-risk records; 100.0% flagged records; Average claim risk score = 63.7
1720111677,MEDICAL_CLAIM,1,1,100.0,0,1,3,0,0,1,0,63.65,63.65,0.0,HIGH-RISK PROVIDER PATTERN,PROVIDER REQUIRING REVIEW,1 high-risk records; 100.0% flagged records; Average claim risk score = 63.6
1160097198,PHARMACY_CLAIM,1,1,100.0,0,1,1,1,0,1,0,63.64,63.64,0.0,HIGH-RISK PROVIDER PATTERN,PROVIDER REQUIRING REVIEW,1 high-risk records; 100.0% flagged records; Average claim risk score = 63.6
1937922475,PHARMACY_CLAIM,1,1,100.0,0,0,3,0,0,1,0,63.57,63.57,0.0,HIGH-RISK PROVIDER PATTERN,PROVIDER REQUIRING REVIEW,1 high-risk records; 100.0% flagged records; Average claim risk score = 63.6
1674169948,PHARMACY_CLAIM,1,1,100.0,0,1,1,1,0,1,0,63.56,63.56,0.0,HIGH-RISK PROVIDER PATTERN,PROVIDER REQUIRING REVIEW,1 high-risk records; 100.0% flagged records; Average claim risk score = 63.6
1043039284,PHARMACY_CLAIM,1,1,100.0,0,1,1,1,0,1,0,63.48,63.48,0.0,HIGH-RISK PROVIDER PATTERN,PROVIDER REQUIRING REVIEW,1 high-risk records; 100.0% flagged records; Average claim risk score = 63.5
1500415814,PHARMACY_CLAIM,1,1,100.0,0,1,1,1,0,1,0,63.48,63.48,0.0,HIGH-RISK PROVIDER PATTERN,PROVIDER REQUIRING REVIEW,1 high-risk records; 100.0% flagged records; Average claim risk score = 63.5
1461244432,PRIOR_AUTH,1,1,100.0,1,1,1,0,1,1,0,63.44,63.44,100.0,HIGH-RISK PROVIDER PATTERN,PROVIDER REQUIRING REVIEW,1 high-risk records; 100.0% flagged records; Average claim risk score = 63.4; Empirical claim denial rate = 100.0%
1424335333,PHARMACY_CLAIM,1,1,100.0,0,1,1,1,0,1,0,63.43,63.43,0.0,HIGH-RISK PROVIDER PATTERN,PROVIDER REQUIRING REVIEW,1 high-risk records; 100.0% flagged records; Average claim risk score = 63.4
1969768904,PHARMACY_CLAIM,1,1,100.0,1,1,1,0,1,1,0,63.37,63.37,100.0,HIGH-RISK PROVIDER PATTERN,PROVIDER REQUIRING REVIEW,1 high-risk records; 100.0% flagged records; Average claim risk score = 63.4; Empirical claim denial rate = 100.0%
1744111768,PHARMACY_CLAIM,1,1,100.0,0,1,1,1,0,1,0,63.34,63.34,0.0,HIGH-RISK PROVIDER PATTERN,PROVIDER REQUIRING REVIEW,1 high-risk records; 100.0% flagged records; Average claim risk score = 63.3
1146683068,PHARMACY_CLAIM,1,1,100.0,0,1,1,1,0,1,0,63.2,63.2,0.0,HIGH-RISK PROVIDER PATTERN,PROVIDER REQUIRING REVIEW,1 high-risk records; 100.0% flagged records; Average claim risk score = 63.2
1779049364,PHARMACY_CLAIM,1,1,100.0,0,0,3,0,0,1,0,63.2,63.2,0.0,HIGH-RISK PROVIDER PATTERN,PROVIDER REQUIRING REVIEW,1 high-risk records; 100.0% flagged records; Average claim risk score = 63.2
1933711543,PHARMACY_CLAIM,1,1,100.0,0,0,2,0,0,1,0,63.01,63.01,0.0,HIGH-RISK PROVIDER PATTERN,PROVIDER REQUIRING REVIEW,1 high-risk records; 100.0% flagged records; Average claim risk score = 63.0
1279300679,PHARMACY_CLAIM,1,1,100.0,0,1,3,0,0,1,0,63.0,63.0,0.0,HIGH-RISK PROVIDER PATTERN,PROVIDER REQUIRING REVIEW,1 high-risk records; 100.0% flagged records; Average claim risk score = 63.0
1713649963,PHARMACY_CLAIM,1,1,100.0,0,0,3,0,0,1,0,62.78,62.78,0.0,HIGH-RISK PROVIDER PATTERN,PROVIDER REQUIRING REVIEW,1 high-risk records; 100.0% flagged records; Average claim risk score = 62.8
1751589011,PHARMACY_CLAIM,1,1,100.0,0,0,2,0,0,1,0,62.71,62.71,0.0,HIGH-RISK PROVIDER PATTERN,PROVIDER REQUIRING REVIEW,1 high-risk records; 100.0% flagged records; Average claim risk score = 62.7
1169301810,PHARMACY_CLAIM,1,1,100.0,0,0,3,1,0,1,0,62.66,62.66,0.0,HIGH-RISK PROVIDER PATTERN,PROVIDER REQUIRING REVIEW,1 high-risk records; 100.0% flagged records; Average claim risk score = 62.7
1659330496,MEDICAL_CLAIM,1,1,100.0,0,1,1,1,0,1,0,62.63,62.63,0.0,HIGH-RISK PROVIDER PATTERN,PROVIDER REQUIRING REVIEW,1 high-risk records; 100.0% flagged records; Average claim risk score = 62.6
1187903108,PHARMACY_CLAIM,1,1,100.0,0,0,3,0,0,1,0,62.6,62.6,0.0,HIGH-RISK PROVIDER PATTERN,PROVIDER REQUIRING REVIEW,1 high-risk records; 100.0% flagged records; Average claim risk score = 62.6
1086408460,PHARMACY_CLAIM,1,1,100.0,0,1,1,1,0,1,0,62.58,62.58,0.0,HIGH-RISK PROVIDER PATTERN,PROVIDER REQUIRING REVIEW,1 high-risk records; 100.0% flagged records; Average claim risk score = 62.6
1619597143,MEDICAL_CLAIM,1,1,100.0,0,1,1,1,0,1,0,62.58,62.58,100.0,HIGH-RISK PROVIDER PATTERN,PROVIDER REQUIRING REVIEW,1 high-risk records; 100.0% flagged records; Average claim risk score = 62.6; Empirical claim denial rate = 100.0%
1749018608,PHARMACY_CLAIM,1,1,100.0,0,1,1,1,0,1,0,62.51,62.51,0.0,HIGH-RISK PROVIDER PATTERN,PROVIDER REQUIRING REVIEW,1 high-risk records; 100.0% flagged records; Average claim risk score = 62.5
1215907951,MEDICAL_CLAIM,1,1,100.0,0,1,1,1,0,1,0,62.46,62.46,100.0,HIGH-RISK PROVIDER PATTERN,PROVIDER REQUIRING REVIEW,1 high-risk records; 100.0% flagged records; Average claim risk score = 62.5; Empirical claim denial rate = 100.0%
1220686169,PHARMACY_CLAIM,1,1,100.0,0,1,1,1,0,1,0,62.4,62.4,0.0,HIGH-RISK PROVIDER PATTERN,PROVIDER REQUIRING REVIEW,1 high-risk records; 100.0% flagged records; Average claim risk score = 62.4
1036589260,PHARMACY_CLAIM,1,1,100.0,0,1,2,0,0,1,0,62.39,62.39,0.0,HIGH-RISK PROVIDER PATTERN,PROVIDER REQUIRING REVIEW,1 high-risk records; 100.0% flagged records; Average claim risk score = 62.4
1010243816,PHARMACY_CLAIM,1,1,100.0,0,1,1,1,0,1,0,62.17,62.17,0.0,HIGH-RISK PROVIDER PATTERN,PROVIDER REQUIRING REVIEW,1 high-risk records; 100.0% flagged records; Average claim risk score = 62.2
1987478866,PHARMACY_CLAIM,1,1,100.0,0,1,1,1,0,1,0,61.96,61.96,0.0,HIGH-RISK PROVIDER PATTERN,PROVIDER REQUIRING REVIEW,1 high-risk records; 100.0% flagged records; Average claim risk score = 62.0
1820972459,PHARMACY_CLAIM,1,1,100.0,0,1,1,1,0,1,0,61.9,61.9,0.0,HIGH-RISK PROVIDER PATTERN,PROVIDER REQUIRING REVIEW,1 high-risk records; 100.0% flagged records; Average claim risk score = 61.9
1508027319,MEDICAL_CLAIM,1,1,100.0,0,1,3,0,0,1,0,61.88,61.88,0.0,HIGH-RISK PROVIDER PATTERN,PROVIDER REQUIRING REVIEW,1 high-risk records; 100.0% flagged records; Average claim risk score = 61.9
1204722257,PHARMACY_CLAIM,1,1,100.0,0,0,2,0,0,1,0,61.84,61.84,0.0,HIGH-RISK PROVIDER PATTERN,PROVIDER REQUIRING REVIEW,1 high-risk records; 100.0% flagged records; Average claim risk score = 61.8
1634029372,PHARMACY_CLAIM,1,1,100.0,0,1,3,0,0,1,0,61.77,61.77,0.0,HIGH-RISK PROVIDER PATTERN,PROVIDER REQUIRING REVIEW,1 high-risk records; 100.0% flagged records; Average claim risk score = 61.8
1544083480,PHARMACY_CLAIM,1,1,100.0,0,1,1,1,0,1,0,61.76,61.76,0.0,HIGH-RISK PROVIDER PATTERN,PROVIDER REQUIRING REVIEW,1 high-risk records; 100.0% flagged records; Average claim risk score = 61.8
1030463873,PHARMACY_CLAIM,1,1,100.0,0,1,1,1,0,1,0,61.7,61.7,0.0,HIGH-RISK PROVIDER PATTERN,PROVIDER REQUIRING REVIEW,1 high-risk records; 100.0% flagged records; Average claim risk score = 61.7
1720015993,MEDICAL_CLAIM,2,2,100.0,0,2,1,1,0,1,0,61.62,74.32,0.0,HIGH-RISK PROVIDER PATTERN,PROVIDER REQUIRING REVIEW,1 high-risk records; 100.0% flagged records; Average claim risk score = 61.6
1118563477,PHARMACY_CLAIM,1,1,100.0,0,1,1,1,0,1,0,61.5,61.5,100.0,HIGH-RISK PROVIDER PATTERN,PROVIDER REQUIRING REVIEW,1 high-risk records; 100.0% flagged records; Average claim risk score = 61.5; Empirical claim denial rate = 100.0%
1483653031,PHARMACY_CLAIM,1,1,100.0,0,1,2,1,0,1,0,61.3,61.3,100.0,HIGH-RISK PROVIDER PATTERN,PROVIDER REQUIRING REVIEW,1 high-risk records; 100.0% flagged records; Average claim risk score = 61.3; Empirical claim denial rate = 100.0%
1862347988,PHARMACY_CLAIM,1,1,100.0,0,0,2,0,0,1,0,61.13,61.13,0.0,HIGH-RISK PROVIDER PATTERN,PROVIDER REQUIRING REVIEW,1 high-risk records; 100.0% flagged records; Average claim risk score = 61.1
1851397475,MEDICAL_CLAIM,1,1,100.0,0,1,1,1,0,1,0,61.11,61.11,0.0,HIGH-RISK PROVIDER PATTERN,PROVIDER REQUIRING REVIEW,1 high-risk records; 100.0% flagged records; Average claim risk score = 61.1
1514530964,PHARMACY_CLAIM,1,1,100.0,0,1,1,1,0,1,0,61.02,61.02,0.0,HIGH-RISK PROVIDER PATTERN,PROVIDER REQUIRING REVIEW,1 high-risk records; 100.0% flagged records; Average claim risk score = 61.0
1333112986,PHARMACY_CLAIM,1,1,100.0,0,0,3,1,0,1,0,60.99,60.99,0.0,HIGH-RISK PROVIDER PATTERN,PROVIDER REQUIRING REVIEW,1 high-risk records; 100.0% flagged records; Average claim risk score = 61.0
1273762016,PHARMACY_CLAIM,1,1,100.0,0,0,2,0,0,1,0,60.93,60.93,0.0,HIGH-RISK PROVIDER PATTERN,PROVIDER REQUIRING REVIEW,1 high-risk records; 100.0% flagged records; Average claim risk score = 60.9
1265460794,MEDICAL_CLAIM,1,1,100.0,0,1,1,1,0,1,0,60.86,60.86,0.0,HIGH-RISK PROVIDER PATTERN,PROVIDER REQUIRING REVIEW,1 high-risk records; 100.0% flagged records; Average claim risk score = 60.9
1198103412,PHARMACY_CLAIM,1,1,100.0,0,0,2,0,0,1,0,60.76,60.76,0.0,HIGH-RISK PROVIDER PATTERN,PROVIDER REQUIRING REVIEW,1 high-risk records; 100.0% flagged records; Average claim risk score = 60.8
1348449180,PHARMACY_CLAIM,1,1,100.0,0,1,2,1,0,1,0,60.68,60.68,100.0,HIGH-RISK PROVIDER PATTERN,PROVIDER REQUIRING REVIEW,1 high-risk records; 100.0% flagged records; Average claim risk score = 60.7; Empirical claim denial rate = 100.0%
1087242277,PHARMACY_CLAIM,1,1,100.0,0,1,1,1,0,1,0,60.39,60.39,0.0,HIGH-RISK PROVIDER PATTERN,PROVIDER REQUIRING REVIEW,1 high-risk records; 100.0% flagged records; Average claim risk score = 60.4
1153984818,PHARMACY_CLAIM,1,1,100.0,0,1,1,1,0,1,0,60.32,60.32,0.0,HIGH-RISK PROVIDER PATTERN,PROVIDER REQUIRING REVIEW,1 high-risk records; 100.0% flagged records; Average claim risk score = 60.3
1335036652,PHARMACY_CLAIM,1,1,100.0,0,1,1,1,0,1,0,60.28,60.28,0.0,HIGH-RISK PROVIDER PATTERN,PROVIDER REQUIRING REVIEW,1 high-risk records; 100.0% flagged records; Average claim risk score = 60.3
1376088930,MEDICAL_CLAIM,1,1,100.0,0,1,1,1,0,1,0,60.28,60.28,0.0,HIGH-RISK PROVIDER PATTERN,PROVIDER REQUIRING REVIEW,1 high-risk records; 100.0% flagged records; Average claim risk score = 60.3
1417284043,MEDICAL_CLAIM,1,1,100.0,0,1,1,1,0,1,0,59.98,59.98,0.0,HIGH-RISK PROVIDER PATTERN,PROVIDER REQUIRING REVIEW,1 high-risk records; 100.0% flagged records; Average claim risk score = 60.0
1669461281,MEDICAL_CLAIM,1,1,100.0,0,1,1,1,0,1,0,59.72,59.72,0.0,HIGH-RISK PROVIDER PATTERN,PROVIDER REQUIRING REVIEW,1 high-risk records; 100.0% flagged records; Average claim risk score = 59.7
1720734937,PHARMACY_CLAIM,1,1,100.0,0,1,1,1,0,1,0,59.63,59.63,0.0,HIGH-RISK PROVIDER PATTERN,PROVIDER REQUIRING REVIEW,1 high-risk records; 100.0% flagged records; Average claim risk score = 59.6
1467413906,MEDICAL_CLAIM,1,1,100.0,0,1,1,1,0,1,0,59.3,59.3,0.0,HIGH-RISK PROVIDER PATTERN,PROVIDER REQUIRING REVIEW,1 high-risk records; 100.0% flagged records; Average claim risk score = 59.3
1674082157,PHARMACY_CLAIM,1,1,100.0,0,1,1,1,0,1,0,59.15,59.15,100.0,HIGH-RISK PROVIDER PATTERN,PROVIDER REQUIRING REVIEW,1 high-risk records; 100.0% flagged records; Average claim risk score = 59.1; Empirical claim denial rate = 100.0%
1936423634,PHARMACY_CLAIM,1,1,100.0,0,1,1,1,0,1,0,59.12,59.12,0.0,HIGH-RISK PROVIDER PATTERN,PROVIDER REQUIRING REVIEW,1 high-risk records; 100.0% flagged records; Average claim risk score = 59.1
1558525099,PHARMACY_CLAIM,1,1,100.0,0,1,1,1,0,1,0,59.11,59.11,0.0,HIGH-RISK PROVIDER PATTERN,PROVIDER REQUIRING REVIEW,1 high-risk records; 100.0% flagged records; Average claim risk score = 59.1
1316037633,MEDICAL_CLAIM,1,1,100.0,0,1,1,1,0,1,0,59.06,59.06,0.0,HIGH-RISK PROVIDER PATTERN,PROVIDER REQUIRING REVIEW,1 high-risk records; 100.0% flagged records; Average claim risk score = 59.1
1461396856,PHARMACY_CLAIM,1,1,100.0,0,1,1,1,0,1,0,59.04,59.04,0.0,HIGH-RISK PROVIDER PATTERN,PROVIDER REQUIRING REVIEW,1 high-risk records; 100.0% flagged records; Average claim risk score = 59.0
1167962802,PHARMACY_CLAIM,1,1,100.0,0,1,1,1,0,1,0,59.01,59.01,100.0,HIGH-RISK PROVIDER PATTERN,PROVIDER REQUIRING REVIEW,1 high-risk records; 100.0% flagged records; Average claim risk score = 59.0; Empirical claim denial rate = 100.0%
1866690194,PHARMACY_CLAIM,1,1,100.0,0,1,1,1,0,1,0,58.84,58.84,100.0,HIGH-RISK PROVIDER PATTERN,PROVIDER REQUIRING REVIEW,1 high-risk records; 100.0% flagged records; Average claim risk score = 58.8; Empirical claim denial rate = 100.0%
1235969639,PHARMACY_CLAIM,1,1,100.0,0,1,1,1,0,1,0,58.79,58.79,100.0,HIGH-RISK PROVIDER PATTERN,PROVIDER REQUIRING REVIEW,1 high-risk records; 100.0% flagged records; Average claim risk score = 58.8; Empirical claim denial rate = 100.0%
1137173715,PHARMACY_CLAIM,1,1,100.0,0,0,2,0,0,1,0,58.77,58.77,0.0,HIGH-RISK PROVIDER PATTERN,PROVIDER REQUIRING REVIEW,1 high-risk records; 100.0% flagged records; Average claim risk score = 58.8
1963609306,PRIOR_AUTH,1,1,100.0,0,1,1,1,0,1,0,58.77,58.77,100.0,HIGH-RISK PROVIDER PATTERN,PROVIDER REQUIRING REVIEW,1 high-risk records; 100.0% flagged records; Average claim risk score = 58.8; Empirical claim denial rate = 100.0%
1666010476,PHARMACY_CLAIM,1,1,100.0,0,1,1,1,0,1,0,58.71,58.71,100.0,HIGH-RISK PROVIDER PATTERN,PROVIDER REQUIRING REVIEW,1 high-risk records; 100.0% flagged records; Average claim risk score = 58.7; Empirical claim denial rate = 100.0%
1933588753,PHARMACY_CLAIM,1,1,100.0,0,0,3,0,0,1,0,58.67,58.67,0.0,HIGH-RISK PROVIDER PATTERN,PROVIDER REQUIRING REVIEW,1 high-risk records; 100.0% flagged records; Average claim risk score = 58.7
1456715295,PRIOR_AUTH,1,1,100.0,0,1,1,1,0,1,0,58.65,58.65,100.0,HIGH-RISK PROVIDER PATTERN,PROVIDER REQUIRING REVIEW,1 high-risk records; 100.0% flagged records; Average claim risk score = 58.6; Empirical claim denial rate = 100.0%
1777035662,PRIOR_AUTH,1,1,100.0,0,1,1,1,0,1,0,58.59,58.59,100.0,HIGH-RISK PROVIDER PATTERN,PROVIDER REQUIRING REVIEW,1 high-risk records; 100.0% flagged records; Average claim risk score = 58.6; Empirical claim denial rate = 100.0%
1167235541,PHARMACY_CLAIM,1,1,100.0,0,0,4,0,0,1,0,58.46,58.46,0.0,HIGH-RISK PROVIDER PATTERN,PROVIDER REQUIRING REVIEW,1 high-risk records; 100.0% flagged records; Average claim risk score = 58.5
1389274416,PHARMACY_CLAIM,1,1,100.0,0,1,1,1,0,1,0,58.44,58.44,100.0,HIGH-RISK PROVIDER PATTERN,PROVIDER REQUIRING REVIEW,1 high-risk records; 100.0% flagged records; Average claim risk score = 58.4; Empirical claim denial rate = 100.0%
1903004042,PHARMACY_CLAIM,1,1,100.0,0,1,1,1,0,1,0,58.4,58.4,100.0,HIGH-RISK PROVIDER PATTERN,PROVIDER REQUIRING REVIEW,1 high-risk records; 100.0% flagged records; Average claim risk score = 58.4; Empirical claim denial rate = 100.0%
1960247261,PHARMACY_CLAIM,1,1,100.0,0,1,1,1,0,1,0,58.4,58.4,100.0,HIGH-RISK PROVIDER PATTERN,PROVIDER REQUIRING REVIEW,1 high-risk records; 100.0% flagged records; Average claim risk score = 58.4; Empirical claim denial rate = 100.0%
1041323170,PHARMACY_CLAIM,1,1,100.0,0,1,1,1,0,1,0,58.37,58.37,100.0,HIGH-RISK PROVIDER PATTERN,PROVIDER REQUIRING REVIEW,1 high-risk records; 100.0% flagged records; Average claim risk score = 58.4; Empirical claim denial rate = 100.0%
1925260903,PHARMACY_CLAIM,1,1,100.0,0,1,1,1,0,1,0,58.35,58.35,100.0,HIGH-RISK PROVIDER PATTERN,PROVIDER REQUIRING REVIEW,1 high-risk records; 100.0% flagged records; Average claim risk score = 58.4; Empirical claim denial rate = 100.0%
1786058104,PHARMACY_CLAIM,1,1,100.0,0,1,1,1,0,1,0,58.33,58.33,100.0,HIGH-RISK PROVIDER PATTERN,PROVIDER REQUIRING REVIEW,1 high-risk records; 100.0% flagged records; Average claim risk score = 58.3; Empirical claim denial rate = 100.0%
1926277033,PRIOR_AUTH,1,1,100.0,0,1,1,1,0,1,0,58.27,58.27,100.0,HIGH-RISK PROVIDER PATTERN,PROVIDER REQUIRING REVIEW,1 high-risk records; 100.0% flagged records; Average claim risk score = 58.3; Empirical claim denial rate = 100.0%
1463792265,PHARMACY_CLAIM,1,1,100.0,0,1,1,1,0,1,0,58.23,58.23,100.0,HIGH-RISK PROVIDER PATTERN,PROVIDER REQUIRING REVIEW,1 high-risk records; 100.0% flagged records; Average claim risk score = 58.2; Empirical claim denial rate = 100.0%
1843911066,PHARMACY_CLAIM,1,1,100.0,0,0,3,0,0,1,0,58.21,58.21,0.0,HIGH-RISK PROVIDER PATTERN,PROVIDER REQUIRING REVIEW,1 high-risk records; 100.0% flagged records; Average claim risk score = 58.2
1512566821,PHARMACY_CLAIM,1,1,100.0,0,1,1,1,0,1,0,58.1,58.1,100.0,HIGH-RISK PROVIDER PATTERN,PROVIDER REQUIRING REVIEW,1 high-risk records; 100.0% flagged records; Average claim risk score = 58.1; Empirical claim denial rate = 100.0%
1867926315,PRIOR_AUTH,1,1,100.0,0,1,1,1,0,1,0,58.09,58.09,100.0,HIGH-RISK PROVIDER PATTERN,PROVIDER REQUIRING REVIEW,1 high-risk records; 100.0% flagged records; Average claim risk score = 58.1; Empirical claim denial rate = 100.0%
1688689482,PRIOR_AUTH,1,1,100.0,0,1,1,1,0,1,0,58.02,58.02,100.0,HIGH-RISK PROVIDER PATTERN,PROVIDER REQUIRING REVIEW,1 high-risk records; 100.0% flagged records; Average claim risk score = 58.0; Empirical claim denial rate = 100.0%
1821364167,PRIOR_AUTH,1,1,100.0,0,1,1,1,0,1,0,58.0,58.0,100.0,HIGH-RISK PROVIDER PATTERN,PROVIDER REQUIRING REVIEW,1 high-risk records; 100.0% flagged records; Average claim risk score = 58.0; Empirical claim denial rate = 100.0%
1913455177,PRIOR_AUTH,1,1,100.0,0,1,1,1,0,1,0,57.99,57.99,100.0,HIGH-RISK PROVIDER PATTERN,PROVIDER REQUIRING REVIEW,1 high-risk records; 100.0% flagged records; Average claim risk score = 58.0; Empirical claim denial rate = 100.0%
1712851802,PHARMACY_CLAIM,1,1,100.0,0,1,1,1,0,1,0,57.96,57.96,100.0,HIGH-RISK PROVIDER PATTERN,PROVIDER REQUIRING REVIEW,1 high-risk records; 100.0% flagged records; Average claim risk score = 58.0; Empirical claim denial rate = 100.0%
1341287943,PHARMACY_CLAIM,1,1,100.0,0,1,1,1,0,1,0,57.95,57.95,100.0,HIGH-RISK PROVIDER PATTERN,PROVIDER REQUIRING REVIEW,1 high-risk records; 100.0% flagged records; Average claim risk score = 58.0; Empirical claim denial rate = 100.0%
1151855698,PHARMACY_CLAIM,1,1,100.0,0,1,2,0,0,1,0,57.89,57.89,0.0,HIGH-RISK PROVIDER PATTERN,PROVIDER REQUIRING REVIEW,1 high-risk records; 100.0% flagged records; Average claim risk score = 57.9
1041669927,PHARMACY_CLAIM,1,1,100.0,0,1,1,1,0,1,0,57.87,57.87,100.0,HIGH-RISK PROVIDER PATTERN,PROVIDER REQUIRING REVIEW,1 high-risk records; 100.0% flagged records; Average claim risk score = 57.9; Empirical claim denial rate = 100.0%
1518337281,PHARMACY_CLAIM,1,1,100.0,0,1,1,1,0,1,0,57.83,57.83,100.0,HIGH-RISK PROVIDER PATTERN,PROVIDER REQUIRING REVIEW,1 high-risk records; 100.0% flagged records; Average claim risk score = 57.8; Empirical claim denial rate = 100.0%
1485117496,PHARMACY_CLAIM,1,1,100.0,0,1,1,1,0,1,0,57.8,57.8,100.0,HIGH-RISK PROVIDER PATTERN,PROVIDER REQUIRING REVIEW,1 high-risk records; 100.0% flagged records; Average claim risk score = 57.8; Empirical claim denial rate = 100.0%
1727467155,PHARMACY_CLAIM,1,1,100.0,0,1,1,1,0,1,0,57.78,57.78,0.0,HIGH-RISK PROVIDER PATTERN,PROVIDER REQUIRING REVIEW,1 high-risk records; 100.0% flagged records; Average claim risk score = 57.8
1865843901,PRIOR_AUTH,1,1,100.0,0,1,1,1,0,1,0,57.77,57.77,100.0,HIGH-RISK PROVIDER PATTERN,PROVIDER REQUIRING REVIEW,1 high-risk records; 100.0% flagged records; Average claim risk score = 57.8; Empirical claim denial rate = 100.0%
1226283268,PHARMACY_CLAIM,1,1,100.0,0,1,1,1,0,1,0,57.67,57.67,100.0,HIGH-RISK PROVIDER PATTERN,PROVIDER REQUIRING REVIEW,1 high-risk records; 100.0% flagged records; Average claim risk score = 57.7; Empirical claim denial rate = 100.0%
1150204023,PHARMACY_CLAIM,1,1,100.0,0,0,3,0,0,1,0,57.57,57.57,0.0,HIGH-RISK PROVIDER PATTERN,PROVIDER REQUIRING REVIEW,1 high-risk records; 100.0% flagged records; Average claim risk score = 57.6
1841785968,PHARMACY_CLAIM,1,1,100.0,0,0,3,0,0,1,0,57.37,57.37,0.0,HIGH-RISK PROVIDER PATTERN,PROVIDER REQUIRING REVIEW,1 high-risk records; 100.0% flagged records; Average claim risk score = 57.4
1325778315,PHARMACY_CLAIM,1,1,100.0,0,0,3,0,0,1,0,57.32,57.32,0.0,HIGH-RISK PROVIDER PATTERN,PROVIDER REQUIRING REVIEW,1 high-risk records; 100.0% flagged records; Average claim risk score = 57.3
1093702177,MEDICAL_CLAIM,2,2,100.0,0,2,4,1,0,1,0,57.31,74.78,0.0,HIGH-RISK PROVIDER PATTERN,PROVIDER REQUIRING REVIEW,1 high-risk records; 100.0% flagged records; Average claim risk score = 57.3
1011880226,PHARMACY_CLAIM,1,1,100.0,0,1,2,0,0,1,0,57.27,57.27,0.0,HIGH-RISK PROVIDER PATTERN,PROVIDER REQUIRING REVIEW,1 high-risk records; 100.0% flagged records; Average claim risk score = 57.3
1443711424,PHARMACY_CLAIM,1,1,100.0,1,1,1,0,1,1,0,57.13,57.13,100.0,HIGH-RISK PROVIDER PATTERN,PROVIDER REQUIRING REVIEW,1 high-risk records; 100.0% flagged records; Average claim risk score = 57.1; Empirical claim denial rate = 100.0%
1412883052,PRIOR_AUTH,1,1,100.0,1,1,1,0,1,1,0,57.12,57.12,0.0,HIGH-RISK PROVIDER PATTERN,PROVIDER REQUIRING REVIEW,1 high-risk records; 100.0% flagged records; Average claim risk score = 57.1
1868168899,PRIOR_AUTH,1,1,100.0,0,1,1,1,0,1,0,57.09,57.09,100.0,HIGH-RISK PROVIDER PATTERN,PROVIDER REQUIRING REVIEW,1 high-risk records; 100.0% flagged records; Average claim risk score = 57.1; Empirical claim denial rate = 100.0%
1475384943,PHARMACY_CLAIM,1,1,100.0,0,1,1,1,0,1,0,57.08,57.08,100.0,HIGH-RISK PROVIDER PATTERN,PROVIDER REQUIRING REVIEW,1 high-risk records; 100.0% flagged records; Average claim risk score = 57.1; Empirical claim denial rate = 100.0%
1439593985,PHARMACY_CLAIM,1,1,100.0,0,1,2,1,0,1,0,57.01,57.01,0.0,HIGH-RISK PROVIDER PATTERN,PROVIDER REQUIRING REVIEW,1 high-risk records; 100.0% flagged records; Average claim risk score = 57.0
1924296762,PRIOR_AUTH,1,1,100.0,0,1,1,1,0,1,0,56.8,56.8,0.0,HIGH-RISK PROVIDER PATTERN,PROVIDER REQUIRING REVIEW,1 high-risk records; 100.0% flagged records; Average claim risk score = 56.8
1487107447,MEDICAL_CLAIM,1,1,100.0,0,1,1,0,0,1,0,56.74,56.74,0.0,HIGH-RISK PROVIDER PATTERN,PROVIDER REQUIRING REVIEW,1 high-risk records; 100.0% flagged records; Average claim risk score = 56.7
1164978912,MEDICAL_CLAIM,2,2,100.0,0,1,4,1,0,1,0,56.67,69.39,0.0,HIGH-RISK PROVIDER PATTERN,PROVIDER REQUIRING REVIEW,1 high-risk records; 100.0% flagged records; Average claim risk score = 56.7
1066177068,PHARMACY_CLAIM,1,1,100.0,0,1,1,1,0,1,0,56.67,56.67,0.0,HIGH-RISK PROVIDER PATTERN,PROVIDER REQUIRING REVIEW,1 high-risk records; 100.0% flagged records; Average claim risk score = 56.7
1107213023,PHARMACY_CLAIM,1,1,100.0,0,1,1,0,0,1,0,56.45,56.45,0.0,HIGH-RISK PROVIDER PATTERN,PROVIDER REQUIRING REVIEW,1 high-risk records; 100.0% flagged records; Average claim risk score = 56.5
1834234612,PRIOR_AUTH,1,1,100.0,0,1,1,1,0,1,0,56.4,56.4,100.0,HIGH-RISK PROVIDER PATTERN,PROVIDER REQUIRING REVIEW,1 high-risk records; 100.0% flagged records; Average claim risk score = 56.4; Empirical claim denial rate = 100.0%
1077088770,PHARMACY_CLAIM,1,1,100.0,0,1,1,1,0,1,0,56.39,56.39,0.0,HIGH-RISK PROVIDER PATTERN,PROVIDER REQUIRING REVIEW,1 high-risk records; 100.0% flagged records; Average claim risk score = 56.4
1306164082,MEDICAL_CLAIM,1,1,100.0,0,1,1,1,0,1,0,56.35,56.35,0.0,HIGH-RISK PROVIDER PATTERN,PROVIDER REQUIRING REVIEW,1 high-risk records; 100.0% flagged records; Average claim risk score = 56.4
1952041915,PHARMACY_CLAIM,1,1,100.0,0,1,2,0,0,1,0,56.21,56.21,0.0,HIGH-RISK PROVIDER PATTERN,PROVIDER REQUIRING REVIEW,1 high-risk records; 100.0% flagged records; Average claim risk score = 56.2
1350370839,PHARMACY_CLAIM,1,1,100.0,0,1,1,0,0,1,0,56.15,56.15,0.0,HIGH-RISK PROVIDER PATTERN,PROVIDER REQUIRING REVIEW,1 high-risk records; 100.0% flagged records; Average claim risk score = 56.1
1977390536,PRIOR_AUTH,1,1,100.0,0,1,1,1,0,1,0,56.12,56.12,100.0,HIGH-RISK PROVIDER PATTERN,PROVIDER REQUIRING REVIEW,1 high-risk records; 100.0% flagged records; Average claim risk score = 56.1; Empirical claim denial rate = 100.0%
1819073672,PRIOR_AUTH,1,1,100.0,0,1,1,1,0,1,0,56.11,56.11,100.0,HIGH-RISK PROVIDER PATTERN,PROVIDER REQUIRING REVIEW,1 high-risk records; 100.0% flagged records; Average claim risk score = 56.1; Empirical claim denial rate = 100.0%
1916005274,PHARMACY_CLAIM,1,1,100.0,1,1,0,1,0,1,0,55.97,55.97,100.0,HIGH-RISK PROVIDER PATTERN,PROVIDER REQUIRING REVIEW,1 high-risk records; 100.0% flagged records; Average claim risk score = 56.0; Empirical claim denial rate = 100.0%
1156867571,PRIOR_AUTH,1,1,100.0,0,1,1,1,0,1,0,55.95,55.95,100.0,HIGH-RISK PROVIDER PATTERN,PROVIDER REQUIRING REVIEW,1 high-risk records; 100.0% flagged records; Average claim risk score = 56.0; Empirical claim denial rate = 100.0%
1175046843,PHARMACY_CLAIM,1,1,100.0,1,1,0,1,0,1,0,55.92,55.92,100.0,HIGH-RISK PROVIDER PATTERN,PROVIDER REQUIRING REVIEW,1 high-risk records; 100.0% flagged records; Average claim risk score = 55.9; Empirical claim denial rate = 100.0%
1912368008,PHARMACY_CLAIM,1,1,100.0,1,1,0,1,0,1,0,55.91,55.91,100.0,HIGH-RISK PROVIDER PATTERN,PROVIDER REQUIRING REVIEW,1 high-risk records; 100.0% flagged records; Average claim risk score = 55.9; Empirical claim denial rate = 100.0%
1630088017,PHARMACY_CLAIM,1,1,100.0,1,1,0,1,0,1,0,55.89,55.89,100.0,HIGH-RISK PROVIDER PATTERN,PROVIDER REQUIRING REVIEW,1 high-risk records; 100.0% flagged records; Average claim risk score = 55.9; Empirical claim denial rate = 100.0%
1149766173,PHARMACY_CLAIM,1,1,100.0,1,1,0,1,0,1,0,55.87,55.87,0.0,HIGH-RISK PROVIDER PATTERN,PROVIDER REQUIRING REVIEW,1 high-risk records; 100.0% flagged records; Average claim risk score = 55.9
1700720819,PHARMACY_CLAIM,1,1,100.0,1,1,0,1,0,1,0,55.83,55.83,100.0,HIGH-RISK PROVIDER PATTERN,PROVIDER REQUIRING REVIEW,1 high-risk records; 100.0% flagged records; Average claim risk score = 55.8; Empirical claim denial rate = 100.0%
1153054014,PHARMACY_CLAIM,1,1,100.0,1,1,0,1,0,1,0,55.81,55.81,0.0,HIGH-RISK PROVIDER PATTERN,PROVIDER REQUIRING REVIEW,1 high-risk records; 100.0% flagged records; Average claim risk score = 55.8
1064168062,PHARMACY_CLAIM,1,1,100.0,1,1,0,1,0,1,0,55.79,55.79,100.0,HIGH-RISK PROVIDER PATTERN,PROVIDER REQUIRING REVIEW,1 high-risk records; 100.0% flagged records; Average claim risk score = 55.8; Empirical claim denial rate = 100.0%
1350476389,PHARMACY_CLAIM,1,1,100.0,1,1,0,1,0,1,0,55.78,55.78,100.0,HIGH-RISK PROVIDER PATTERN,PROVIDER REQUIRING REVIEW,1 high-risk records; 100.0% flagged records; Average claim risk score = 55.8; Empirical claim denial rate = 100.0%
1164842152,PHARMACY_CLAIM,1,1,100.0,0,1,1,1,0,1,0,55.74,55.74,0.0,HIGH-RISK PROVIDER PATTERN,PROVIDER REQUIRING REVIEW,1 high-risk records; 100.0% flagged records; Average claim risk score = 55.7
1336345578,MEDICAL_CLAIM,1,1,100.0,1,1,0,1,0,1,0,55.71,55.71,0.0,HIGH-RISK PROVIDER PATTERN,PROVIDER REQUIRING REVIEW,1 high-risk records; 100.0% flagged records; Average claim risk score = 55.7
1978215720,PRIOR_AUTH,1,1,100.0,0,1,1,1,0,1,0,55.71,55.71,100.0,HIGH-RISK PROVIDER PATTERN,PROVIDER REQUIRING REVIEW,1 high-risk records; 100.0% flagged records; Average claim risk score = 55.7; Empirical claim denial rate = 100.0%
1868703648,PHARMACY_CLAIM,1,1,100.0,1,1,0,1,0,1,0,55.67,55.67,100.0,HIGH-RISK PROVIDER PATTERN,PROVIDER REQUIRING REVIEW,1 high-risk records; 100.0% flagged records; Average claim risk score = 55.7; Empirical claim denial rate = 100.0%
1000407487,PHARMACY_CLAIM,1,1,100.0,0,1,1,1,0,1,0,55.66,55.66,0.0,HIGH-RISK PROVIDER PATTERN,PROVIDER REQUIRING REVIEW,1 high-risk records; 100.0% flagged records; Average claim risk score = 55.7
1407545843,PRIOR_AUTH,1,1,100.0,0,1,1,1,0,1,0,55.65,55.65,0.0,HIGH-RISK PROVIDER PATTERN,PROVIDER REQUIRING REVIEW,1 high-risk records; 100.0% flagged records; Average claim risk score = 55.6
1352554604,PHARMACY_CLAIM,1,1,100.0,0,1,1,1,0,1,0,55.62,55.62,0.0,HIGH-RISK PROVIDER PATTERN,PROVIDER REQUIRING REVIEW,1 high-risk records; 100.0% flagged records; Average claim risk score = 55.6
1802748919,PHARMACY_CLAIM,1,1,100.0,1,1,0,1,0,1,0,55.59,55.59,0.0,HIGH-RISK PROVIDER PATTERN,PROVIDER REQUIRING REVIEW,1 high-risk records; 100.0% flagged records; Average claim risk score = 55.6
1346659927,MEDICAL_CLAIM,2,2,100.0,0,1,2,1,0,1,0,55.56,74.4,0.0,HIGH-RISK PROVIDER PATTERN,PROVIDER REQUIRING REVIEW,1 high-risk records; 100.0% flagged records; Average claim risk score = 55.6
1556002386,PHARMACY_CLAIM,1,1,100.0,1,1,0,1,0,1,0,55.55,55.55,100.0,HIGH-RISK PROVIDER PATTERN,PROVIDER REQUIRING REVIEW,1 high-risk records; 100.0% flagged records; Average claim risk score = 55.5; Empirical claim denial rate = 100.0%
1844947669,PHARMACY_CLAIM,1,1,100.0,1,1,0,1,0,1,0,55.53,55.53,0.0,HIGH-RISK PROVIDER PATTERN,PROVIDER REQUIRING REVIEW,1 high-risk records; 100.0% flagged records; Average claim risk score = 55.5
1088980013,PHARMACY_CLAIM,1,1,100.0,0,1,1,1,0,1,0,55.35,55.35,0.0,HIGH-RISK PROVIDER PATTERN,PROVIDER REQUIRING REVIEW,1 high-risk records; 100.0% flagged records; Average claim risk score = 55.4
1891046876,MEDICAL_CLAIM,2,2,100.0,0,2,1,1,0,1,0,55.28,74.61,0.0,HIGH-RISK PROVIDER PATTERN,PROVIDER REQUIRING REVIEW,1 high-risk records; 100.0% flagged records; Average claim risk score = 55.3
1740708858,MEDICAL_CLAIM,2,2,100.0,0,0,4,0,0,1,0,55.22,65.49,0.0,HIGH-RISK PROVIDER PATTERN,PROVIDER REQUIRING REVIEW,1 high-risk records; 100.0% flagged records; Average claim risk score = 55.2
1029380757,PRIOR_AUTH,1,1,100.0,0,1,1,1,0,1,0,55.09,55.09,100.0,HIGH-RISK PROVIDER PATTERN,PROVIDER REQUIRING REVIEW,1 high-risk records; 100.0% flagged records; Average claim risk score = 55.1; Empirical claim denial rate = 100.0%
1748157157,PHARMACY_CLAIM,1,1,100.0,0,1,1,0,0,1,0,55.06,55.06,0.0,HIGH-RISK PROVIDER PATTERN,PROVIDER REQUIRING REVIEW,1 high-risk records; 100.0% flagged records; Average claim risk score = 55.1
1924227096,PHARMACY_CLAIM,1,1,100.0,0,1,2,0,0,1,0,55.05,55.05,0.0,HIGH-RISK PROVIDER PATTERN,PROVIDER REQUIRING REVIEW,1 high-risk records; 100.0% flagged records; Average claim risk score = 55.0
1977153018,PRIOR_AUTH,1,1,100.0,0,1,1,1,0,1,0,54.61,54.61,100.0,HIGH-RISK PROVIDER PATTERN,PROVIDER REQUIRING REVIEW,1 high-risk records; 100.0% flagged records; Average claim risk score = 54.6; Empirical claim denial rate = 100.0%
1377416408,PHARMACY_CLAIM,1,1,100.0,0,1,1,1,0,1,0,54.53,54.53,0.0,HIGH-RISK PROVIDER PATTERN,PROVIDER REQUIRING REVIEW,1 high-risk records; 100.0% flagged records; Average claim risk score = 54.5
1503326257,PHARMACY_CLAIM,1,1,100.0,0,1,1,1,0,1,0,54.51,54.51,0.0,HIGH-RISK PROVIDER PATTERN,PROVIDER REQUIRING REVIEW,1 high-risk records; 100.0% flagged records; Average claim risk score = 54.5
1319233850,PHARMACY_CLAIM,1,1,100.0,0,1,1,0,0,1,0,54.5,54.5,0.0,HIGH-RISK PROVIDER PATTERN,PROVIDER REQUIRING REVIEW,1 high-risk records; 100.0% flagged records; Average claim risk score = 54.5
1922704563,PHARMACY_CLAIM,1,1,100.0,0,1,1,0,0,1,0,54.45,54.45,0.0,HIGH-RISK PROVIDER PATTERN,PROVIDER REQUIRING REVIEW,1 high-risk records; 100.0% flagged records; Average claim risk score = 54.5
1776418550,PHARMACY_CLAIM,1,1,100.0,0,1,2,0,0,1,0,54.4,54.4,0.0,HIGH-RISK PROVIDER PATTERN,PROVIDER REQUIRING REVIEW,1 high-risk records; 100.0% flagged records; Average claim risk score = 54.4
1784964964,PRIOR_AUTH,1,1,100.0,0,1,1,1,0,1,0,54.01,54.01,0.0,HIGH-RISK PROVIDER PATTERN,PROVIDER REQUIRING REVIEW,1 high-risk records; 100.0% flagged records; Average claim risk score = 54.0
1801837810,MEDICAL_CLAIM,2,2,100.0,0,0,4,0,0,1,0,53.81,62.46,0.0,HIGH-RISK PROVIDER PATTERN,PROVIDER REQUIRING REVIEW,1 high-risk records; 100.0% flagged records; Average claim risk score = 53.8
1984854953,PHARMACY_CLAIM,1,1,100.0,0,1,2,0,0,1,0,53.79,53.79,0.0,HIGH-RISK PROVIDER PATTERN,PROVIDER REQUIRING REVIEW,1 high-risk records; 100.0% flagged records; Average claim risk score = 53.8
1477586679,PHARMACY_CLAIM,1,1,100.0,0,1,2,0,0,1,0,53.63,53.63,0.0,HIGH-RISK PROVIDER PATTERN,PROVIDER REQUIRING REVIEW,1 high-risk records; 100.0% flagged records; Average claim risk score = 53.6
1635341446,PHARMACY_CLAIM,1,1,100.0,0,1,1,1,0,1,0,53.5,53.5,0.0,HIGH-RISK PROVIDER PATTERN,PROVIDER REQUIRING REVIEW,1 high-risk records; 100.0% flagged records; Average claim risk score = 53.5
1709929294,PHARMACY_CLAIM,1,1,100.0,0,1,1,1,0,1,0,53.49,53.49,0.0,HIGH-RISK PROVIDER PATTERN,PROVIDER REQUIRING REVIEW,1 high-risk records; 100.0% flagged records; Average claim risk score = 53.5
1352200296,PHARMACY_CLAIM,1,1,100.0,0,0,3,0,0,1,0,53.07,53.07,0.0,HIGH-RISK PROVIDER PATTERN,PROVIDER REQUIRING REVIEW,1 high-risk records; 100.0% flagged records; Average claim risk score = 53.1
1948268663,PHARMACY_CLAIM,1,1,100.0,0,1,1,1,0,1,0,53.06,53.06,0.0,HIGH-RISK PROVIDER PATTERN,PROVIDER REQUIRING REVIEW,1 high-risk records; 100.0% flagged records; Average claim risk score = 53.1
1334843594,PHARMACY_CLAIM,1,1,100.0,0,1,1,0,0,1,0,52.8,52.8,0.0,HIGH-RISK PROVIDER PATTERN,PROVIDER REQUIRING REVIEW,1 high-risk records; 100.0% flagged records; Average claim risk score = 52.8
1454470387,PHARMACY_CLAIM,1,1,100.0,0,1,1,1,0,1,0,52.76,52.76,0.0,HIGH-RISK PROVIDER PATTERN,PROVIDER REQUIRING REVIEW,1 high-risk records; 100.0% flagged records; Average claim risk score = 52.8
1811938636,PHARMACY_CLAIM,1,1,100.0,0,1,1,1,0,1,0,52.73,52.73,0.0,HIGH-RISK PROVIDER PATTERN,PROVIDER REQUIRING REVIEW,1 high-risk records; 100.0% flagged records; Average claim risk score = 52.7
1699173245,MEDICAL_CLAIM,2,2,100.0,0,2,1,1,0,1,0,52.52,60.01,50.0,HIGH-RISK PROVIDER PATTERN,PROVIDER REQUIRING REVIEW,1 high-risk records; 100.0% flagged records; Average claim risk score = 52.5; Empirical claim denial rate = 50.0%
1760450910,MEDICAL_CLAIM,1,1,100.0,0,1,1,0,0,1,0,52.47,52.47,0.0,HIGH-RISK PROVIDER PATTERN,PROVIDER REQUIRING REVIEW,1 high-risk records; 100.0% flagged records; Average claim risk score = 52.5
1285046735,PHARMACY_CLAIM,1,1,100.0,0,1,1,0,0,1,0,52.45,52.45,0.0,HIGH-RISK PROVIDER PATTERN,PROVIDER REQUIRING REVIEW,1 high-risk records; 100.0% flagged records; Average claim risk score = 52.5
1003804725,MEDICAL_CLAIM,1,1,100.0,0,1,1,0,0,1,0,52.41,52.41,0.0,HIGH-RISK PROVIDER PATTERN,PROVIDER REQUIRING REVIEW,1 high-risk records; 100.0% flagged records; Average claim risk score = 52.4
1621410659,PHARMACY_CLAIM,1,1,100.0,0,1,1,1,0,1,0,52.36,52.36,100.0,HIGH-RISK PROVIDER PATTERN,PROVIDER REQUIRING REVIEW,1 high-risk records; 100.0% flagged records; Average claim risk score = 52.4; Empirical claim denial rate = 100.0%
1264088337,PHARMACY_CLAIM,1,1,100.0,0,1,1,0,0,1,0,52.28,52.28,0.0,HIGH-RISK PROVIDER PATTERN,PROVIDER REQUIRING REVIEW,1 high-risk records; 100.0% flagged records; Average claim risk score = 52.3
1335654369,PHARMACY_CLAIM,1,1,100.0,0,1,1,1,0,1,0,52.27,52.27,100.0,HIGH-RISK PROVIDER PATTERN,PROVIDER REQUIRING REVIEW,1 high-risk records; 100.0% flagged records; Average claim risk score = 52.3; Empirical claim denial rate = 100.0%
1290967371,PHARMACY_CLAIM,1,1,100.0,0,1,1,1,0,1,0,52.22,52.22,100.0,HIGH-RISK PROVIDER PATTERN,PROVIDER REQUIRING REVIEW,1 high-risk records; 100.0% flagged records; Average claim risk score = 52.2; Empirical claim denial rate = 100.0%
1263319538,PHARMACY_CLAIM,1,1,100.0,0,1,2,0,0,1,0,52.2,52.2,0.0,HIGH-RISK PROVIDER PATTERN,PROVIDER REQUIRING REVIEW,1 high-risk records; 100.0% flagged records; Average claim risk score = 52.2
1972584795,MEDICAL_CLAIM,1,1,100.0,0,1,1,0,0,1,0,52.18,52.18,0.0,HIGH-RISK PROVIDER PATTERN,PROVIDER REQUIRING REVIEW,1 high-risk records; 100.0% flagged records; Average claim risk score = 52.2
1924959347,PHARMACY_CLAIM,1,1,100.0,0,1,1,1,0,1,0,52.11,52.11,100.0,HIGH-RISK PROVIDER PATTERN,PROVIDER REQUIRING REVIEW,1 high-risk records; 100.0% flagged records; Average claim risk score = 52.1; Empirical claim denial rate = 100.0%
1295236503,MEDICAL_CLAIM,1,1,100.0,0,1,1,0,0,1,0,52.1,52.1,0.0,HIGH-RISK PROVIDER PATTERN,PROVIDER REQUIRING REVIEW,1 high-risk records; 100.0% flagged records; Average claim risk score = 52.1
1575305935,PHARMACY_CLAIM,1,1,100.0,0,1,1,1,0,1,0,52.07,52.07,100.0,HIGH-RISK PROVIDER PATTERN,PROVIDER REQUIRING REVIEW,1 high-risk records; 100.0% flagged records; Average claim risk score = 52.1; Empirical claim denial rate = 100.0%
1071552223,PRIOR_AUTH,1,1,100.0,0,1,1,1,0,1,0,51.98,51.98,100.0,HIGH-RISK PROVIDER PATTERN,PROVIDER REQUIRING REVIEW,1 high-risk records; 100.0% flagged records; Average claim risk score = 52.0; Empirical claim denial rate = 100.0%
1748821785,PHARMACY_CLAIM,1,1,100.0,0,1,1,1,0,1,0,51.95,51.95,0.0,HIGH-RISK PROVIDER PATTERN,PROVIDER REQUIRING REVIEW,1 high-risk records; 100.0% flagged records; Average claim risk score = 52.0
1982870259,MEDICAL_CLAIM,1,1,100.0,0,1,1,0,0,1,0,51.95,51.95,0.0,HIGH-RISK PROVIDER PATTERN,PROVIDER REQUIRING REVIEW,1 high-risk records; 100.0% flagged records; Average claim risk score = 52.0
1013002765,MEDICAL_CLAIM,1,1,100.0,0,1,1,0,0,1,0,51.87,51.87,0.0,HIGH-RISK PROVIDER PATTERN,PROVIDER REQUIRING REVIEW,1 high-risk records; 100.0% flagged records; Average claim risk score = 51.9
1656376328,PHARMACY_CLAIM,1,1,100.0,0,1,2,0,0,1,0,51.84,51.84,0.0,HIGH-RISK PROVIDER PATTERN,PROVIDER REQUIRING REVIEW,1 high-risk records; 100.0% flagged records; Average claim risk score = 51.8
1802185507,PHARMACY_CLAIM,1,1,100.0,0,1,1,1,0,1,0,51.84,51.84,100.0,HIGH-RISK PROVIDER PATTERN,PROVIDER REQUIRING REVIEW,1 high-risk records; 100.0% flagged records; Average claim risk score = 51.8; Empirical claim denial rate = 100.0%
1648148297,PRIOR_AUTH,1,1,100.0,0,1,1,1,0,1,0,51.83,51.83,100.0,HIGH-RISK PROVIDER PATTERN,PROVIDER REQUIRING REVIEW,1 high-risk records; 100.0% flagged records; Average claim risk score = 51.8; Empirical claim denial rate = 100.0%
1072816625,PHARMACY_CLAIM,1,1,100.0,0,1,1,1,0,1,0,51.8,51.8,0.0,HIGH-RISK PROVIDER PATTERN,PROVIDER REQUIRING REVIEW,1 high-risk records; 100.0% flagged records; Average claim risk score = 51.8
1548320435,MEDICAL_CLAIM,1,1,100.0,1,1,0,0,0,1,0,51.8,51.8,100.0,HIGH-RISK PROVIDER PATTERN,PROVIDER REQUIRING REVIEW,1 high-risk records; 100.0% flagged records; Average claim risk score = 51.8; Empirical claim denial rate = 100.0%
1988783281,PRIOR_AUTH,1,1,100.0,0,1,1,1,0,1,0,51.8,51.8,100.0,HIGH-RISK PROVIDER PATTERN,PROVIDER REQUIRING REVIEW,1 high-risk records; 100.0% flagged records; Average claim risk score = 51.8; Empirical claim denial rate = 100.0%
1634270950,PHARMACY_CLAIM,1,1,100.0,0,1,1,1,0,1,0,51.74,51.74,100.0,HIGH-RISK PROVIDER PATTERN,PROVIDER REQUIRING REVIEW,1 high-risk records; 100.0% flagged records; Average claim risk score = 51.7; Empirical claim denial rate = 100.0%
1356021603,PHARMACY_CLAIM,1,1,100.0,0,1,1,1,0,1,0,51.73,51.73,100.0,HIGH-RISK PROVIDER PATTERN,PROVIDER REQUIRING REVIEW,1 high-risk records; 100.0% flagged records; Average claim risk score = 51.7; Empirical claim denial rate = 100.0%
1740763924,PRIOR_AUTH,1,1,100.0,0,1,1,1,0,1,0,51.73,51.73,0.0,HIGH-RISK PROVIDER PATTERN,PROVIDER REQUIRING REVIEW,1 high-risk records; 100.0% flagged records; Average claim risk score = 51.7
1675747300,PHARMACY_CLAIM,1,1,100.0,0,1,1,1,0,1,0,51.72,51.72,100.0,HIGH-RISK PROVIDER PATTERN,PROVIDER REQUIRING REVIEW,1 high-risk records; 100.0% flagged records; Average claim risk score = 51.7; Empirical claim denial rate = 100.0%
1654251984,PRIOR_AUTH,1,1,100.0,0,1,1,1,0,1,0,51.69,51.69,100.0,HIGH-RISK PROVIDER PATTERN,PROVIDER REQUIRING REVIEW,1 high-risk records; 100.0% flagged records; Average claim risk score = 51.7; Empirical claim denial rate = 100.0%
1697220824,PHARMACY_CLAIM,1,1,100.0,1,1,0,0,0,1,0,51.62,51.62,100.0,HIGH-RISK PROVIDER PATTERN,PROVIDER REQUIRING REVIEW,1 high-risk records; 100.0% flagged records; Average claim risk score = 51.6; Empirical claim denial rate = 100.0%
1903990979,PHARMACY_CLAIM,1,1,100.0,0,1,1,1,0,1,0,51.54,51.54,100.0,HIGH-RISK PROVIDER PATTERN,PROVIDER REQUIRING REVIEW,1 high-risk records; 100.0% flagged records; Average claim risk score = 51.5; Empirical claim denial rate = 100.0%
1972131999,PHARMACY_CLAIM,1,1,100.0,0,1,1,1,0,1,0,51.52,51.52,100.0,HIGH-RISK PROVIDER PATTERN,PROVIDER REQUIRING REVIEW,1 high-risk records; 100.0% flagged records; Average claim risk score = 51.5; Empirical claim denial rate = 100.0%
1669985032,MEDICAL_CLAIM,1,1,100.0,0,1,1,0,0,1,0,51.47,51.47,0.0,HIGH-RISK PROVIDER PATTERN,PROVIDER REQUIRING REVIEW,1 high-risk records; 100.0% flagged records; Average claim risk score = 51.5
1325920677,PRIOR_AUTH,1,1,100.0,0,1,1,0,0,1,0,51.45,51.45,100.0,HIGH-RISK PROVIDER PATTERN,PROVIDER REQUIRING REVIEW,1 high-risk records; 100.0% flagged records; Average claim risk score = 51.5; Empirical claim denial rate = 100.0%
1972940425,PHARMACY_CLAIM,1,1,100.0,0,1,1,1,0,1,0,51.44,51.44,100.0,HIGH-RISK PROVIDER PATTERN,PROVIDER REQUIRING REVIEW,1 high-risk records; 100.0% flagged records; Average claim risk score = 51.4; Empirical claim denial rate = 100.0%
1497868772,MEDICAL_CLAIM,1,1,100.0,0,1,0,0,0,1,0,51.43,51.43,0.0,HIGH-RISK PROVIDER PATTERN,PROVIDER REQUIRING REVIEW,1 high-risk records; 100.0% flagged records; Average claim risk score = 51.4
1599885200,PHARMACY_CLAIM,1,1,100.0,0,1,0,0,0,1,0,51.42,51.42,100.0,HIGH-RISK PROVIDER PATTERN,PROVIDER REQUIRING REVIEW,1 high-risk records; 100.0% flagged records; Average claim risk score = 51.4; Empirical claim denial rate = 100.0%
1704727055,PHARMACY_CLAIM,1,1,100.0,0,1,1,1,0,1,0,51.41,51.41,100.0,HIGH-RISK PROVIDER PATTERN,PROVIDER REQUIRING REVIEW,1 high-risk records; 100.0% flagged records; Average claim risk score = 51.4; Empirical claim denial rate = 100.0%
1038193456,PHARMACY_CLAIM,1,1,100.0,0,1,1,1,0,1,0,51.39,51.39,0.0,HIGH-RISK PROVIDER PATTERN,PROVIDER REQUIRING REVIEW,1 high-risk records; 100.0% flagged records; Average claim risk score = 51.4
1423574194,PRIOR_AUTH,1,1,100.0,0,1,1,1,0,1,0,51.38,51.38,0.0,HIGH-RISK PROVIDER PATTERN,PROVIDER REQUIRING REVIEW,1 high-risk records; 100.0% flagged records; Average claim risk score = 51.4
1295676992,PHARMACY_CLAIM,1,1,100.0,0,1,1,1,0,1,0,51.36,51.36,100.0,HIGH-RISK PROVIDER PATTERN,PROVIDER REQUIRING REVIEW,1 high-risk records; 100.0% flagged records; Average claim risk score = 51.4; Empirical claim denial rate = 100.0%
1954439890,PRIOR_AUTH,1,1,100.0,0,1,1,1,0,1,0,51.36,51.36,100.0,HIGH-RISK PROVIDER PATTERN,PROVIDER REQUIRING REVIEW,1 high-risk records; 100.0% flagged records; Average claim risk score = 51.4; Empirical claim denial rate = 100.0%
1739953235,PHARMACY_CLAIM,1,1,100.0,0,1,0,0,0,1,0,51.33,51.33,100.0,HIGH-RISK PROVIDER PATTERN,PROVIDER REQUIRING REVIEW,1 high-risk records; 100.0% flagged records; Average claim risk score = 51.3; Empirical claim denial rate = 100.0%
1628247503,PHARMACY_CLAIM,1,1,100.0,0,1,0,0,0,1,0,51.31,51.31,100.0,HIGH-RISK PROVIDER PATTERN,PROVIDER REQUIRING REVIEW,1 high-risk records; 100.0% flagged records; Average claim risk score = 51.3; Empirical claim denial rate = 100.0%
1869470144,PRIOR_AUTH,1,1,100.0,0,1,1,1,0,1,0,51.29,51.29,100.0,HIGH-RISK PROVIDER PATTERN,PROVIDER REQUIRING REVIEW,1 high-risk records; 100.0% flagged records; Average claim risk score = 51.3; Empirical claim denial rate = 100.0%
1964182724,PHARMACY_CLAIM,1,1,100.0,0,1,1,1,0,1,0,51.29,51.29,100.0,HIGH-RISK PROVIDER PATTERN,PROVIDER REQUIRING REVIEW,1 high-risk records; 100.0% flagged records; Average claim risk score = 51.3; Empirical claim denial rate = 100.0%
1635902289,PHARMACY_CLAIM,1,1,100.0,0,1,0,0,0,1,0,51.27,51.27,0.0,HIGH-RISK PROVIDER PATTERN,PROVIDER REQUIRING REVIEW,1 high-risk records; 100.0% flagged records; Average claim risk score = 51.3
1567945229,PHARMACY_CLAIM,1,1,100.0,0,1,1,1,0,1,0,51.26,51.26,100.0,HIGH-RISK PROVIDER PATTERN,PROVIDER REQUIRING REVIEW,1 high-risk records; 100.0% flagged records; Average claim risk score = 51.3; Empirical claim denial rate = 100.0%
1778543564,PHARMACY_CLAIM,1,1,100.0,0,1,0,0,0,1,0,51.26,51.26,100.0,HIGH-RISK PROVIDER PATTERN,PROVIDER REQUIRING REVIEW,1 high-risk records; 100.0% flagged records; Average claim risk score = 51.3; Empirical claim denial rate = 100.0%
1883320741,PRIOR_AUTH,1,1,100.0,0,1,0,0,0,1,0,51.23,51.23,100.0,HIGH-RISK PROVIDER PATTERN,PROVIDER REQUIRING REVIEW,1 high-risk records; 100.0% flagged records; Average claim risk score = 51.2; Empirical claim denial rate = 100.0%
1171917810,PHARMACY_CLAIM,1,1,100.0,0,1,1,0,0,1,0,51.2,51.2,0.0,HIGH-RISK PROVIDER PATTERN,PROVIDER REQUIRING REVIEW,1 high-risk records; 100.0% flagged records; Average claim risk score = 51.2
1636099721,PHARMACY_CLAIM,1,1,100.0,0,1,1,1,0,1,0,51.2,51.2,0.0,HIGH-RISK PROVIDER PATTERN,PROVIDER REQUIRING REVIEW,1 high-risk records; 100.0% flagged records; Average claim risk score = 51.2
1856203176,PHARMACY_CLAIM,1,1,100.0,0,1,1,1,0,1,0,51.19,51.19,100.0,HIGH-RISK PROVIDER PATTERN,PROVIDER REQUIRING REVIEW,1 high-risk records; 100.0% flagged records; Average claim risk score = 51.2; Empirical claim denial rate = 100.0%
1394102493,PHARMACY_CLAIM,1,1,100.0,0,1,0,0,0,1,0,51.16,51.16,100.0,HIGH-RISK PROVIDER PATTERN,PROVIDER REQUIRING REVIEW,1 high-risk records; 100.0% flagged records; Average claim risk score = 51.2; Empirical claim denial rate = 100.0%
1811355489,PRIOR_AUTH,1,1,100.0,0,1,1,1,0,1,0,51.16,51.16,100.0,HIGH-RISK PROVIDER PATTERN,PROVIDER REQUIRING REVIEW,1 high-risk records; 100.0% flagged records; Average claim risk score = 51.2; Empirical claim denial rate = 100.0%
1851704461,PHARMACY_CLAIM,1,1,100.0,0,1,1,1,0,1,0,51.16,51.16,0.0,HIGH-RISK PROVIDER PATTERN,PROVIDER REQUIRING REVIEW,1 high-risk records; 100.0% flagged records; Average claim risk score = 51.2
1507705735,PRIOR_AUTH,1,1,100.0,0,1,1,1,0,1,0,51.15,51.15,100.0,HIGH-RISK PROVIDER PATTERN,PROVIDER REQUIRING REVIEW,1 high-risk records; 100.0% flagged records; Average claim risk score = 51.1; Empirical claim denial rate = 100.0%
1826971475,PHARMACY_CLAIM,1,1,100.0,0,1,0,0,0,1,0,51.13,51.13,0.0,HIGH-RISK PROVIDER PATTERN,PROVIDER REQUIRING REVIEW,1 high-risk records; 100.0% flagged records; Average claim risk score = 51.1
1092542754,PHARMACY_CLAIM,1,1,100.0,0,1,0,0,0,1,0,51.12,51.12,100.0,HIGH-RISK PROVIDER PATTERN,PROVIDER REQUIRING REVIEW,1 high-risk records; 100.0% flagged records; Average claim risk score = 51.1; Empirical claim denial rate = 100.0%
1160892587,PHARMACY_CLAIM,1,1,100.0,0,1,0,0,0,1,0,51.11,51.11,0.0,HIGH-RISK PROVIDER PATTERN,PROVIDER REQUIRING REVIEW,1 high-risk records; 100.0% flagged records; Average claim risk score = 51.1
1984184124,PHARMACY_CLAIM,1,1,100.0,0,1,1,1,0,1,0,51.04,51.04,100.0,HIGH-RISK PROVIDER PATTERN,PROVIDER REQUIRING REVIEW,1 high-risk records; 100.0% flagged records; Average claim risk score = 51.0; Empirical claim denial rate = 100.0%
1727348347,PHARMACY_CLAIM,1,1,100.0,0,1,0,0,0,1,0,51.03,51.03,100.0,HIGH-RISK PROVIDER PATTERN,PROVIDER REQUIRING REVIEW,1 high-risk records; 100.0% flagged records; Average claim risk score = 51.0; Empirical claim denial rate = 100.0%
1875598348,PHARMACY_CLAIM,1,1,100.0,0,1,0,0,0,1,0,50.98,50.98,0.0,HIGH-RISK PROVIDER PATTERN,PROVIDER REQUIRING REVIEW,1 high-risk records; 100.0% flagged records; Average claim risk score = 51.0
1180865389,PHARMACY_CLAIM,1,1,100.0,0,1,0,0,0,1,0,50.96,50.96,0.0,HIGH-RISK PROVIDER PATTERN,PROVIDER REQUIRING REVIEW,1 high-risk records; 100.0% flagged records; Average claim risk score = 51.0
1658783128,PRIOR_AUTH,1,1,100.0,0,1,1,1,0,1,0,50.94,50.94,100.0,HIGH-RISK PROVIDER PATTERN,PROVIDER REQUIRING REVIEW,1 high-risk records; 100.0% flagged records; Average claim risk score = 50.9; Empirical claim denial rate = 100.0%
1513707607,PHARMACY_CLAIM,1,1,100.0,0,1,1,1,0,1,0,50.93,50.93,100.0,HIGH-RISK PROVIDER PATTERN,PROVIDER REQUIRING REVIEW,1 high-risk records; 100.0% flagged records; Average claim risk score = 50.9; Empirical claim denial rate = 100.0%
1934413353,PHARMACY_CLAIM,1,1,100.0,0,1,1,1,0,1,0,50.92,50.92,0.0,HIGH-RISK PROVIDER PATTERN,PROVIDER REQUIRING REVIEW,1 high-risk records; 100.0% flagged records; Average claim risk score = 50.9
1633537757,PHARMACY_CLAIM,1,1,100.0,0,1,0,0,0,1,0,50.91,50.91,100.0,HIGH-RISK PROVIDER PATTERN,PROVIDER REQUIRING REVIEW,1 high-risk records; 100.0% flagged records; Average claim risk score = 50.9; Empirical claim denial rate = 100.0%
1810230089,PHARMACY_CLAIM,1,1,100.0,0,1,0,0,0,1,0,50.91,50.91,100.0,HIGH-RISK PROVIDER PATTERN,PROVIDER REQUIRING REVIEW,1 high-risk records; 100.0% flagged records; Average claim risk score = 50.9; Empirical claim denial rate = 100.0%
1935275461,PRIOR_AUTH,1,1,100.0,0,1,1,1,0,1,0,50.91,50.91,0.0,HIGH-RISK PROVIDER PATTERN,PROVIDER REQUIRING REVIEW,1 high-risk records; 100.0% flagged records; Average claim risk score = 50.9
1714655874,PRIOR_AUTH,1,1,100.0,0,1,1,0,0,1,0,50.9,50.9,100.0,HIGH-RISK PROVIDER PATTERN,PROVIDER REQUIRING REVIEW,1 high-risk records; 100.0% flagged records; Average claim risk score = 50.9; Empirical claim denial rate = 100.0%
1115553398,PHARMACY_CLAIM,1,1,100.0,0,1,0,0,0,1,0,50.89,50.89,0.0,HIGH-RISK PROVIDER PATTERN,PROVIDER REQUIRING REVIEW,1 high-risk records; 100.0% flagged records; Average claim risk score = 50.9
1074055412,PHARMACY_CLAIM,1,1,100.0,0,1,0,0,0,1,0,50.88,50.88,0.0,HIGH-RISK PROVIDER PATTERN,PROVIDER REQUIRING REVIEW,1 high-risk records; 100.0% flagged records; Average claim risk score = 50.9
1377954152,PHARMACY_CLAIM,1,1,100.0,0,1,1,1,0,1,0,50.88,50.88,0.0,HIGH-RISK PROVIDER PATTERN,PROVIDER REQUIRING REVIEW,1 high-risk records; 100.0% flagged records; Average claim risk score = 50.9
1719233497,PHARMACY_CLAIM,1,1,100.0,0,1,0,0,0,1,0,50.86,50.86,0.0,HIGH-RISK PROVIDER PATTERN,PROVIDER REQUIRING REVIEW,1 high-risk records; 100.0% flagged records; Average claim risk score = 50.9
1282826724,PHARMACY_CLAIM,1,1,100.0,0,1,0,0,0,1,0,50.82,50.82,0.0,HIGH-RISK PROVIDER PATTERN,PROVIDER REQUIRING REVIEW,1 high-risk records; 100.0% flagged records; Average claim risk score = 50.8
1021611596,PHARMACY_CLAIM,1,1,100.0,0,1,0,0,0,1,0,50.81,50.81,100.0,HIGH-RISK PROVIDER PATTERN,PROVIDER REQUIRING REVIEW,1 high-risk records; 100.0% flagged records; Average claim risk score = 50.8; Empirical claim denial rate = 100.0%
1148865076,PHARMACY_CLAIM,1,1,100.0,0,1,1,1,0,1,0,50.78,50.78,0.0,HIGH-RISK PROVIDER PATTERN,PROVIDER REQUIRING REVIEW,1 high-risk records; 100.0% flagged records; Average claim risk score = 50.8
1982635169,PHARMACY_CLAIM,1,1,100.0,0,1,0,0,0,1,0,50.78,50.78,100.0,HIGH-RISK PROVIDER PATTERN,PROVIDER REQUIRING REVIEW,1 high-risk records; 100.0% flagged records; Average claim risk score = 50.8; Empirical claim denial rate = 100.0%
1045278947,PRIOR_AUTH,1,1,100.0,0,1,1,1,0,1,0,50.77,50.77,100.0,HIGH-RISK PROVIDER PATTERN,PROVIDER REQUIRING REVIEW,1 high-risk records; 100.0% flagged records; Average claim risk score = 50.8; Empirical claim denial rate = 100.0%
1911252332,PHARMACY_CLAIM,1,1,100.0,0,1,1,1,0,1,0,50.77,50.77,100.0,HIGH-RISK PROVIDER PATTERN,PROVIDER REQUIRING REVIEW,1 high-risk records; 100.0% flagged records; Average claim risk score = 50.8; Empirical claim denial rate = 100.0%
1369753568,PRIOR_AUTH,1,1,100.0,0,1,1,1,0,1,0,50.76,50.76,100.0,HIGH-RISK PROVIDER PATTERN,PROVIDER REQUIRING REVIEW,1 high-risk records; 100.0% flagged records; Average claim risk score = 50.8; Empirical claim denial rate = 100.0%
1431464509,PRIOR_AUTH,1,1,100.0,0,1,1,1,0,1,0,50.75,50.75,100.0,HIGH-RISK PROVIDER PATTERN,PROVIDER REQUIRING REVIEW,1 high-risk records; 100.0% flagged records; Average claim risk score = 50.8; Empirical claim denial rate = 100.0%
1703733981,PHARMACY_CLAIM,1,1,100.0,0,1,0,0,0,1,0,50.75,50.75,0.0,HIGH-RISK PROVIDER PATTERN,PROVIDER REQUIRING REVIEW,1 high-risk records; 100.0% flagged records; Average claim risk score = 50.8
1927104690,PHARMACY_CLAIM,1,1,100.0,0,1,0,0,0,1,0,50.73,50.73,100.0,HIGH-RISK PROVIDER PATTERN,PROVIDER REQUIRING REVIEW,1 high-risk records; 100.0% flagged records; Average claim risk score = 50.7; Empirical claim denial rate = 100.0%
1967265298,PHARMACY_CLAIM,1,1,100.0,0,1,0,0,0,1,0,50.7,50.7,100.0,HIGH-RISK PROVIDER PATTERN,PROVIDER REQUIRING REVIEW,1 high-risk records; 100.0% flagged records; Average claim risk score = 50.7; Empirical claim denial rate = 100.0%
1205163540,MEDICAL_CLAIM,1,1,100.0,0,1,0,0,0,1,0,50.67,50.67,0.0,HIGH-RISK PROVIDER PATTERN,PROVIDER REQUIRING REVIEW,1 high-risk records; 100.0% flagged records; Average claim risk score = 50.7
1192925105,PHARMACY_CLAIM,1,1,100.0,0,1,1,1,0,1,0,50.66,50.66,0.0,HIGH-RISK PROVIDER PATTERN,PROVIDER REQUIRING REVIEW,1 high-risk records; 100.0% flagged records; Average claim risk score = 50.7
1000215586,PHARMACY_CLAIM,1,1,100.0,0,1,0,0,0,1,0,50.64,50.64,100.0,HIGH-RISK PROVIDER PATTERN,PROVIDER REQUIRING REVIEW,1 high-risk records; 100.0% flagged records; Average claim risk score = 50.6; Empirical claim denial rate = 100.0%
1681870057,PHARMACY_CLAIM,1,1,100.0,0,1,0,0,0,1,0,50.6,50.6,0.0,HIGH-RISK PROVIDER PATTERN,PROVIDER REQUIRING REVIEW,1 high-risk records; 100.0% flagged records; Average claim risk score = 50.6
1499855450,PRIOR_AUTH,1,1,100.0,0,1,1,1,0,1,0,50.56,50.56,100.0,HIGH-RISK PROVIDER PATTERN,PROVIDER REQUIRING REVIEW,1 high-risk records; 100.0% flagged records; Average claim risk score = 50.6; Empirical claim denial rate = 100.0%
1405264320,PHARMACY_CLAIM,1,1,100.0,0,1,0,0,0,1,0,50.55,50.55,0.0,HIGH-RISK PROVIDER PATTERN,PROVIDER REQUIRING REVIEW,1 high-risk records; 100.0% flagged records; Average claim risk score = 50.5
1277925817,PHARMACY_CLAIM,1,1,100.0,0,1,0,0,0,1,0,50.54,50.54,0.0,HIGH-RISK PROVIDER PATTERN,PROVIDER REQUIRING REVIEW,1 high-risk records; 100.0% flagged records; Average claim risk score = 50.5
1953601635,PHARMACY_CLAIM,1,1,100.0,0,1,1,1,0,1,0,50.54,50.54,100.0,HIGH-RISK PROVIDER PATTERN,PROVIDER REQUIRING REVIEW,1 high-risk records; 100.0% flagged records; Average claim risk score = 50.5; Empirical claim denial rate = 100.0%
1800865627,PHARMACY_CLAIM,1,1,100.0,0,1,1,1,0,1,0,50.53,50.53,0.0,HIGH-RISK PROVIDER PATTERN,PROVIDER REQUIRING REVIEW,1 high-risk records; 100.0% flagged records; Average claim risk score = 50.5
1003697645,PHARMACY_CLAIM,1,1,100.0,0,1,1,0,0,1,0,50.48,50.48,0.0,HIGH-RISK PROVIDER PATTERN,PROVIDER REQUIRING REVIEW,1 high-risk records; 100.0% flagged records; Average claim risk score = 50.5
1385191122,PHARMACY_CLAIM,1,1,100.0,0,1,0,0,0,1,0,50.46,50.46,0.0,HIGH-RISK PROVIDER PATTERN,PROVIDER REQUIRING REVIEW,1 high-risk records; 100.0% flagged records; Average claim risk score = 50.5
1411726312,PRIOR_AUTH,1,1,100.0,0,1,0,0,0,1,0,50.45,50.45,0.0,HIGH-RISK PROVIDER PATTERN,PROVIDER REQUIRING REVIEW,1 high-risk records; 100.0% flagged records; Average claim risk score = 50.5
1498679738,PRIOR_AUTH,1,1,100.0,0,1,1,1,0,1,0,50.44,50.44,100.0,HIGH-RISK PROVIDER PATTERN,PROVIDER REQUIRING REVIEW,1 high-risk records; 100.0% flagged records; Average claim risk score = 50.4; Empirical claim denial rate = 100.0%
1217079861,PRIOR_AUTH,1,1,100.0,0,1,1,1,0,1,0,50.42,50.42,100.0,HIGH-RISK PROVIDER PATTERN,PROVIDER REQUIRING REVIEW,1 high-risk records; 100.0% flagged records; Average claim risk score = 50.4; Empirical claim denial rate = 100.0%
1559140202,PHARMACY_CLAIM,1,1,100.0,0,1,0,0,0,1,0,50.42,50.42,100.0,HIGH-RISK PROVIDER PATTERN,PROVIDER REQUIRING REVIEW,1 high-risk records; 100.0% flagged records; Average claim risk score = 50.4; Empirical claim denial rate = 100.0%
1484070951,PHARMACY_CLAIM,1,1,100.0,0,1,0,0,0,1,0,50.4,50.4,0.0,HIGH-RISK PROVIDER PATTERN,PROVIDER REQUIRING REVIEW,1 high-risk records; 100.0% flagged records; Average claim risk score = 50.4
1815808566,PRIOR_AUTH,1,1,100.0,0,1,1,1,0,1,0,50.39,50.39,100.0,HIGH-RISK PROVIDER PATTERN,PROVIDER REQUIRING REVIEW,1 high-risk records; 100.0% flagged records; Average claim risk score = 50.4; Empirical claim denial rate = 100.0%
1023062098,MEDICAL_CLAIM,1,1,100.0,0,1,1,0,0,1,0,50.31,50.31,0.0,HIGH-RISK PROVIDER PATTERN,PROVIDER REQUIRING REVIEW,1 high-risk records; 100.0% flagged records; Average claim risk score = 50.3
1096194936,PRIOR_AUTH,1,1,100.0,0,1,1,1,0,1,0,50.31,50.31,100.0,HIGH-RISK PROVIDER PATTERN,PROVIDER REQUIRING REVIEW,1 high-risk records; 100.0% flagged records; Average claim risk score = 50.3; Empirical claim denial rate = 100.0%
1197025987,PHARMACY_CLAIM,1,1,100.0,0,1,0,0,0,1,0,50.3,50.3,0.0,HIGH-RISK PROVIDER PATTERN,PROVIDER REQUIRING REVIEW,1 high-risk records; 100.0% flagged records; Average claim risk score = 50.3
1198167012,PRIOR_AUTH,1,1,100.0,0,1,1,1,0,1,0,50.25,50.25,100.0,HIGH-RISK PROVIDER PATTERN,PROVIDER REQUIRING REVIEW,1 high-risk records; 100.0% flagged records; Average claim risk score = 50.2; Empirical claim denial rate = 100.0%
1934132472,PHARMACY_CLAIM,1,1,100.0,0,1,0,0,0,1,0,50.25,50.25,100.0,HIGH-RISK PROVIDER PATTERN,PROVIDER REQUIRING REVIEW,1 high-risk records; 100.0% flagged records; Average claim risk score = 50.2; Empirical claim denial rate = 100.0%
1951902403,PHARMACY_CLAIM,1,1,100.0,0,1,0,0,0,1,0,50.25,50.25,0.0,HIGH-RISK PROVIDER PATTERN,PROVIDER REQUIRING REVIEW,1 high-risk records; 100.0% flagged records; Average claim risk score = 50.2
1377463824,PHARMACY_CLAIM,1,1,100.0,0,1,1,1,0,1,0,50.21,50.21,0.0,HIGH-RISK PROVIDER PATTERN,PROVIDER REQUIRING REVIEW,1 high-risk records; 100.0% flagged records; Average claim risk score = 50.2
1694604085,PHARMACY_CLAIM,1,1,100.0,0,1,0,0,0,1,0,50.15,50.15,0.0,HIGH-RISK PROVIDER PATTERN,PROVIDER REQUIRING REVIEW,1 high-risk records; 100.0% flagged records; Average claim risk score = 50.1
1396836029,MEDICAL_CLAIM,2,2,100.0,0,1,2,1,0,1,0,50.14,66.26,0.0,HIGH-RISK PROVIDER PATTERN,PROVIDER REQUIRING REVIEW,1 high-risk records; 100.0% flagged records; Average claim risk score = 50.1
1778687151,PHARMACY_CLAIM,1,1,100.0,0,1,0,0,0,1,0,50.1,50.1,0.0,HIGH-RISK PROVIDER PATTERN,PROVIDER REQUIRING REVIEW,1 high-risk records; 100.0% flagged records; Average claim risk score = 50.1
1409569063,PHARMACY_CLAIM,1,1,100.0,0,1,0,0,0,1,0,50.09,50.09,0.0,HIGH-RISK PROVIDER PATTERN,PROVIDER REQUIRING REVIEW,1 high-risk records; 100.0% flagged records; Average claim risk score = 50.1
1644630702,PRIOR_AUTH,1,1,100.0,0,1,1,1,0,1,0,50.08,50.08,0.0,HIGH-RISK PROVIDER PATTERN,PROVIDER REQUIRING REVIEW,1 high-risk records; 100.0% flagged records; Average claim risk score = 50.1
1659476356,MEDICAL_CLAIM,1,1,100.0,0,1,1,0,0,1,0,50.05,50.05,0.0,HIGH-RISK PROVIDER PATTERN,PROVIDER REQUIRING REVIEW,1 high-risk records; 100.0% flagged records; Average claim risk score = 50.0
1285650937,MEDICAL_CLAIM,2,2,100.0,0,0,3,0,0,1,0,49.66,54.54,0.0,HIGH-RISK PROVIDER PATTERN,PROVIDER REQUIRING REVIEW,1 high-risk records; 100.0% flagged records; Average claim risk score = 49.7
1831293406,MEDICAL_CLAIM,3,3,100.0,0,1,4,1,0,1,0,49.11,70.2,0.0,HIGH-RISK PROVIDER PATTERN,PROVIDER REQUIRING REVIEW,1 high-risk records; 100.0% flagged records; Average claim risk score = 49.1
1417440264,MEDICAL_CLAIM,2,2,100.0,0,2,2,0,0,1,0,48.76,53.95,0.0,HIGH-RISK PROVIDER PATTERN,PROVIDER REQUIRING REVIEW,1 high-risk records; 100.0% flagged records; Average claim risk score = 48.8
1740296508,MEDICAL_CLAIM,2,2,100.0,0,1,2,0,0,1,0,48.6,52.3,0.0,HIGH-RISK PROVIDER PATTERN,PROVIDER REQUIRING REVIEW,1 high-risk records; 100.0% flagged records; Average claim risk score = 48.6
1578795894,MEDICAL_CLAIM,2,2,100.0,0,2,1,1,0,1,0,47.0,59.11,0.0,HIGH-RISK PROVIDER PATTERN,PROVIDER REQUIRING REVIEW,1 high-risk records; 100.0% flagged records; Average claim risk score = 47.0
1760415939,MEDICAL_CLAIM,2,2,100.0,0,2,1,1,0,1,0,46.93,58.55,0.0,HIGH-RISK PROVIDER PATTERN,PROVIDER REQUIRING REVIEW,1 high-risk records; 100.0% flagged records; Average claim risk score = 46.9
1285644799,MEDICAL_CLAIM,2,1,50.0,0,0,3,1,0,1,0,46.38,68.52,0.0,HIGH-RISK PROVIDER PATTERN,PROVIDER REQUIRING REVIEW,1 high-risk records; 50.0% flagged records; Average claim risk score = 46.4
1245399468,MEDICAL_CLAIM,3,3,100.0,0,3,0,0,0,1,0,46.16,50.86,0.0,HIGH-RISK PROVIDER PATTERN,PROVIDER REQUIRING REVIEW,1 high-risk records; 100.0% flagged records; Average claim risk score = 46.2
1932490109,MEDICAL_CLAIM,2,2,100.0,0,0,4,0,0,1,0,46.12,55.23,0.0,HIGH-RISK PROVIDER PATTERN,PROVIDER REQUIRING REVIEW,1 high-risk records; 100.0% flagged records; Average claim risk score = 46.1
1043796733,MEDICAL_CLAIM,2,2,100.0,0,2,2,0,0,1,0,45.73,52.14,0.0,HIGH-RISK PROVIDER PATTERN,PROVIDER REQUIRING REVIEW,1 high-risk records; 100.0% flagged records; Average claim risk score = 45.7
1770097123,MEDICAL_CLAIM,2,2,100.0,0,2,2,0,0,1,0,45.14,51.9,0.0,HIGH-RISK PROVIDER PATTERN,PROVIDER REQUIRING REVIEW,1 high-risk records; 100.0% flagged records; Average claim risk score = 45.1
1841200664,MEDICAL_CLAIM,3,3,100.0,0,3,0,0,0,1,0,43.8,50.95,0.0,HIGH-RISK PROVIDER PATTERN,PROVIDER REQUIRING REVIEW,1 high-risk records; 100.0% flagged records; Average claim risk score = 43.8
1457461477,MEDICAL_CLAIM,4,4,100.0,0,3,4,0,0,1,0,43.74,51.44,0.0,HIGH-RISK PROVIDER PATTERN,PROVIDER REQUIRING REVIEW,1 high-risk records; 100.0% flagged records; Average claim risk score = 43.7
1346221553,MEDICAL_CLAIM,4,4,100.0,0,2,4,1,0,1,0,42.81,73.1,0.0,HIGH-RISK PROVIDER PATTERN,PROVIDER REQUIRING REVIEW,1 high-risk records; 100.0% flagged records; Average claim risk score = 42.8
1407843576,MEDICAL_CLAIM,2,2,100.0,0,1,2,0,0,1,0,42.75,53.96,0.0,HIGH-RISK PROVIDER PATTERN,PROVIDER REQUIRING REVIEW,1 high-risk records; 100.0% flagged records; Average claim risk score = 42.7
1518467174,MEDICAL_CLAIM,2,1,50.0,0,1,4,0,0,1,0,42.41,59.97,0.0,HIGH-RISK PROVIDER PATTERN,PROVIDER REQUIRING REVIEW,1 high-risk records; 50.0% flagged records; Average claim risk score = 42.4
1891856134,MEDICAL_CLAIM,2,2,100.0,0,1,1,0,0,1,0,42.28,50.09,0.0,HIGH-RISK PROVIDER PATTERN,PROVIDER REQUIRING REVIEW,1 high-risk records; 100.0% flagged records; Average claim risk score = 42.3
1467127613,MEDICAL_CLAIM,2,2,100.0,0,1,2,0,0,1,0,41.95,50.79,0.0,HIGH-RISK PROVIDER PATTERN,PROVIDER REQUIRING REVIEW,1 high-risk records; 100.0% flagged records; Average claim risk score = 41.9
1174820898,MEDICAL_CLAIM,3,3,100.0,0,0,4,0,0,1,0,41.47,63.88,0.0,HIGH-RISK PROVIDER PATTERN,PROVIDER REQUIRING REVIEW,1 high-risk records; 100.0% flagged records; Average claim risk score = 41.5
1063462976,MEDICAL_CLAIM,2,2,100.0,0,0,4,0,0,1,0,41.34,53.17,0.0,HIGH-RISK PROVIDER PATTERN,PROVIDER REQUIRING REVIEW,1 high-risk records; 100.0% flagged records; Average claim risk score = 41.3
1538460878,MEDICAL_CLAIM,2,2,100.0,0,1,2,0,0,1,0,41.13,50.9,0.0,HIGH-RISK PROVIDER PATTERN,PROVIDER REQUIRING REVIEW,1 high-risk records; 100.0% flagged records; Average claim risk score = 41.1
1508306861,MEDICAL_CLAIM,3,3,100.0,0,3,3,1,0,1,0,41.04,62.26,0.0,HIGH-RISK PROVIDER PATTERN,PROVIDER REQUIRING REVIEW,1 high-risk records; 100.0% flagged records; Average claim risk score = 41.0
1215168992,MEDICAL_CLAIM,3,2,66.67,0,0,4,1,0,1,0,40.96,67.07,0.0,HIGH-RISK PROVIDER PATTERN,PROVIDER REQUIRING REVIEW,1 high-risk records; 66.7% flagged records; Average claim risk score = 41.0
1902802705,MEDICAL_CLAIM,2,1,50.0,0,1,1,1,0,1,0,40.81,73.85,0.0,HIGH-RISK PROVIDER PATTERN,PROVIDER REQUIRING REVIEW,1 high-risk records; 50.0% flagged records; Average claim risk score = 40.8
1891136149,MEDICAL_CLAIM,7,6,85.71,0,5,3,1,0,1,0,40.65,73.16,0.0,HIGH-RISK PROVIDER PATTERN,PROVIDER REQUIRING REVIEW,1 high-risk records; 85.7% flagged records; Average claim risk score = 40.6
1720607377,MEDICAL_CLAIM,4,4,100.0,0,4,5,0,0,1,0,40.61,63.56,0.0,HIGH-RISK PROVIDER PATTERN,PROVIDER REQUIRING REVIEW,1 high-risk records; 100.0% flagged records; Average claim risk score = 40.6
1346228061,MEDICAL_CLAIM,2,1,50.0,0,1,2,0,0,1,0,40.39,62.82,0.0,HIGH-RISK PROVIDER PATTERN,PROVIDER REQUIRING REVIEW,1 high-risk records; 50.0% flagged records; Average claim risk score = 40.4
1326133216,MEDICAL_CLAIM,3,2,66.67,0,2,4,0,0,1,0,40.23,61.24,0.0,HIGH-RISK PROVIDER PATTERN,PROVIDER REQUIRING REVIEW,1 high-risk records; 66.7% flagged records; Average claim risk score = 40.2
1063617744,MEDICAL_CLAIM,3,3,100.0,0,1,3,0,0,1,0,40.22,55.97,0.0,HIGH-RISK PROVIDER PATTERN,PROVIDER REQUIRING REVIEW,1 high-risk records; 100.0% flagged records; Average claim risk score = 40.2
1679786784,MEDICAL_CLAIM,4,4,100.0,0,4,3,0,0,1,0,40.02,50.17,0.0,HIGH-RISK PROVIDER PATTERN,PROVIDER REQUIRING REVIEW,1 high-risk records; 100.0% flagged records; Average claim risk score = 40.0
1992113898,MEDICAL_CLAIM,4,3,75.0,0,3,3,1,0,1,0,39.9,59.76,0.0,HIGH-RISK PROVIDER PATTERN,PROVIDER REQUIRING REVIEW,1 high-risk records; 75.0% flagged records; Average claim risk score = 39.9
1184256679,MEDICAL_CLAIM,2,2,100.0,0,1,2,0,0,1,0,39.65,51.04,0.0,HIGH-RISK PROVIDER PATTERN,PROVIDER REQUIRING REVIEW,1 high-risk records; 100.0% flagged records; Average claim risk score = 39.6
1366425266,MEDICAL_CLAIM,4,3,75.0,0,0,5,1,0,1,0,39.27,67.61,0.0,HIGH-RISK PROVIDER PATTERN,PROVIDER REQUIRING REVIEW,1 high-risk records; 75.0% flagged records; Average claim risk score = 39.3
1578573085,MEDICAL_CLAIM,2,1,50.0,0,1,1,1,0,1,0,39.2,73.03,0.0,HIGH-RISK PROVIDER PATTERN,PROVIDER REQUIRING REVIEW,1 high-risk records; 50.0% flagged records; Average claim risk score = 39.2
1821341249,MEDICAL_CLAIM,5,5,100.0,0,0,7,1,0,1,0,38.63,69.89,0.0,HIGH-RISK PROVIDER PATTERN,PROVIDER REQUIRING REVIEW,1 high-risk records; 100.0% flagged records; Average claim risk score = 38.6
1467785782,MEDICAL_CLAIM,4,4,100.0,0,2,3,0,0,1,0,38.19,50.74,0.0,HIGH-RISK PROVIDER PATTERN,PROVIDER REQUIRING REVIEW,1 high-risk records; 100.0% flagged records; Average claim risk score = 38.2
1700866605,MEDICAL_CLAIM,2,1,50.0,0,1,2,0,0,1,0,37.24,52.02,0.0,HIGH-RISK PROVIDER PATTERN,PROVIDER REQUIRING REVIEW,1 high-risk records; 50.0% flagged records; Average claim risk score = 37.2
1134172489,MEDICAL_CLAIM,2,1,50.0,0,1,1,1,0,1,0,37.09,73.3,0.0,HIGH-RISK PROVIDER PATTERN,PROVIDER REQUIRING REVIEW,1 high-risk records; 50.0% flagged records; Average claim risk score = 37.1
1972594877,MEDICAL_CLAIM,22,18,81.82,0,20,10,10,0,1,0,36.95,56.29,0.0,HIGH-RISK PROVIDER PATTERN,PROVIDER REQUIRING REVIEW,1 high-risk records; 81.8% flagged records; Average claim risk score = 37.0
1124373022,MEDICAL_CLAIM,3,2,66.67,0,0,5,1,0,1,0,36.65,67.47,0.0,HIGH-RISK PROVIDER PATTERN,PROVIDER REQUIRING REVIEW,1 high-risk records; 66.7% flagged records; Average claim risk score = 36.6
1427184654,MEDICAL_CLAIM,4,2,50.0,0,2,1,0,0,1,0,36.3,50.32,0.0,HIGH-RISK PROVIDER PATTERN,PROVIDER REQUIRING REVIEW,1 high-risk records; 50.0% flagged records; Average claim risk score = 36.3
1558528356,MEDICAL_CLAIM,5,3,60.0,0,2,4,0,0,1,0,36.16,63.2,0.0,HIGH-RISK PROVIDER PATTERN,PROVIDER REQUIRING REVIEW,1 high-risk records; 60.0% flagged records; Average claim risk score = 36.2
1861455057,MEDICAL_CLAIM,4,3,75.0,0,0,7,1,0,1,0,35.68,67.92,0.0,HIGH-RISK PROVIDER PATTERN,PROVIDER REQUIRING REVIEW,1 high-risk records; 75.0% flagged records; Average claim risk score = 35.7
1639172810,MEDICAL_CLAIM,8,8,100.0,0,1,10,1,0,1,0,35.43,70.15,0.0,HIGH-RISK PROVIDER PATTERN,PROVIDER REQUIRING REVIEW,1 high-risk records; 100.0% flagged records; Average claim risk score = 35.4
1417985474,MEDICAL_CLAIM,2,1,50.0,0,0,4,1,0,1,0,35.17,67.64,0.0,HIGH-RISK PROVIDER PATTERN,PROVIDER REQUIRING REVIEW,1 high-risk records; 50.0% flagged records; Average claim risk score = 35.2
1649260845,MEDICAL_CLAIM,3,2,66.67,0,1,2,1,0,1,0,34.76,62.41,0.0,HIGH-RISK PROVIDER PATTERN,PROVIDER REQUIRING REVIEW,1 high-risk records; 66.7% flagged records
1851470157,MEDICAL_CLAIM,3,2,66.67,1,2,0,1,0,1,0,34.59,55.73,0.0,HIGH-RISK PROVIDER PATTERN,PROVIDER REQUIRING REVIEW,1 high-risk records; 66.7% flagged records
1669879664,MEDICAL_CLAIM,3,2,66.67,0,2,2,1,0,1,0,34.58,50.66,0.0,HIGH-RISK PROVIDER PATTERN,PROVIDER REQUIRING REVIEW,1 high-risk records; 66.7% flagged records
1053326751,MEDICAL_CLAIM,2,1,50.0,0,0,2,1,0,1,0,34.57,67.07,0.0,HIGH-RISK PROVIDER PATTERN,PROVIDER REQUIRING REVIEW,1 high-risk records; 50.0% flagged records
1407119431,MEDICAL_CLAIM,4,2,50.0,0,1,5,1,0,1,0,34.44,69.72,0.0,HIGH-RISK PROVIDER PATTERN,PROVIDER REQUIRING REVIEW,1 high-risk records; 50.0% flagged records
1881061059,MEDICAL_CLAIM,6,4,66.67,0,3,7,1,0,1,0,34.41,69.97,0.0,HIGH-RISK PROVIDER PATTERN,PROVIDER REQUIRING REVIEW,1 high-risk records; 66.7% flagged records
1073552022,MEDICAL_CLAIM,18,12,66.67,0,18,7,6,0,1,0,33.54,53.41,0.0,HIGH-RISK PROVIDER PATTERN,PROVIDER REQUIRING REVIEW,1 high-risk records; 66.7% flagged records
1821068818,MEDICAL_CLAIM,4,3,75.0,0,2,5,0,0,1,0,33.42,58.57,0.0,HIGH-RISK PROVIDER PATTERN,PROVIDER REQUIRING REVIEW,1 high-risk records; 75.0% flagged records
1720029333,MEDICAL_CLAIM,3,1,33.33,0,1,1,0,0,1,0,32.83,52.04,0.0,HIGH-RISK PROVIDER PATTERN,PROVIDER REQUIRING REVIEW,1 high-risk records; 33.3% flagged records
1962823211,MEDICAL_CLAIM,8,5,62.5,0,4,7,0,0,1,0,32.73,71.11,0.0,HIGH-RISK PROVIDER PATTERN,PROVIDER REQUIRING REVIEW,1 high-risk records; 62.5% flagged records
1356643035,MEDICAL_CLAIM,3,1,33.33,0,1,3,1,0,1,0,32.64,68.74,0.0,HIGH-RISK PROVIDER PATTERN,PROVIDER REQUIRING REVIEW,1 high-risk records; 33.3% flagged records
1306831490,MEDICAL_CLAIM,7,5,71.43,0,1,7,0,0,1,0,32.53,64.99,0.0,HIGH-RISK PROVIDER PATTERN,PROVIDER REQUIRING REVIEW,1 high-risk records; 71.4% flagged records
1437547783,MEDICAL_CLAIM,4,2,50.0,0,1,5,0,0,1,0,32.39,58.81,0.0,HIGH-RISK PROVIDER PATTERN,PROVIDER REQUIRING REVIEW,1 high-risk records; 50.0% flagged records
1295388239,MEDICAL_CLAIM,6,4,66.67,0,4,5,0,0,1,0,32.06,69.09,0.0,HIGH-RISK PROVIDER PATTERN,PROVIDER REQUIRING REVIEW,1 high-risk records; 66.7% flagged records
1023191467,MEDICAL_CLAIM,3,1,33.33,0,1,1,1,0,1,0,32.04,73.98,0.0,HIGH-RISK PROVIDER PATTERN,PROVIDER REQUIRING REVIEW,1 high-risk records; 33.3% flagged records
1023328002,MEDICAL_CLAIM,2,1,50.0,0,1,1,1,0,1,0,31.71,60.2,0.0,HIGH-RISK PROVIDER PATTERN,PROVIDER REQUIRING REVIEW,1 high-risk records; 50.0% flagged records
1568672939,MEDICAL_CLAIM,9,6,66.67,0,5,6,1,0,1,0,31.67,72.57,0.0,HIGH-RISK PROVIDER PATTERN,PROVIDER REQUIRING REVIEW,1 high-risk records; 66.7% flagged records
1285083469,MEDICAL_CLAIM,12,9,75.0,0,5,12,1,0,1,0,31.6,68.78,0.0,HIGH-RISK PROVIDER PATTERN,PROVIDER REQUIRING REVIEW,1 high-risk records; 75.0% flagged records
1841258035,MEDICAL_CLAIM,5,3,60.0,0,1,5,1,0,1,0,31.19,67.6,0.0,HIGH-RISK PROVIDER PATTERN,PROVIDER REQUIRING REVIEW,1 high-risk records; 60.0% flagged records
1770834244,MEDICAL_CLAIM,4,2,50.0,0,3,1,1,0,1,0,31.15,59.89,0.0,HIGH-RISK PROVIDER PATTERN,PROVIDER REQUIRING REVIEW,1 high-risk records; 50.0% flagged records
1871070417,MEDICAL_CLAIM,2,1,50.0,0,2,1,0,0,1,0,31.11,50.67,0.0,HIGH-RISK PROVIDER PATTERN,PROVIDER REQUIRING REVIEW,1 high-risk records; 50.0% flagged records
1891181848,MEDICAL_CLAIM,3,2,66.67,0,1,2,0,0,1,0,30.86,53.65,0.0,HIGH-RISK PROVIDER PATTERN,PROVIDER REQUIRING REVIEW,1 high-risk records; 66.7% flagged records
1417473851,MEDICAL_CLAIM,3,2,66.67,0,2,1,0,0,1,0,30.63,50.6,0.0,HIGH-RISK PROVIDER PATTERN,PROVIDER REQUIRING REVIEW,1 high-risk records; 66.7% flagged records
1760874549,MEDICAL_CLAIM,3,2,66.67,0,1,2,1,0,1,0,30.62,62.18,0.0,HIGH-RISK PROVIDER PATTERN,PROVIDER REQUIRING REVIEW,1 high-risk records; 66.7% flagged records
1194326132,MEDICAL_CLAIM,5,1,20.0,0,1,4,1,0,1,0,30.38,74.37,0.0,HIGH-RISK PROVIDER PATTERN,PROVIDER REQUIRING REVIEW,1 high-risk records; 20.0% flagged records
1215437991,MEDICAL_CLAIM,4,2,50.0,0,0,4,0,0,1,0,30.19,64.08,0.0,HIGH-RISK PROVIDER PATTERN,PROVIDER REQUIRING REVIEW,1 high-risk records; 50.0% flagged records
1437104916,MEDICAL_CLAIM,4,2,50.0,0,1,4,1,0,1,0,30.16,69.26,0.0,HIGH-RISK PROVIDER PATTERN,PROVIDER REQUIRING REVIEW,1 high-risk records; 50.0% flagged records
1669063277,MEDICAL_CLAIM,3,2,66.67,0,2,2,0,0,1,0,30.11,50.29,0.0,HIGH-RISK PROVIDER PATTERN,PROVIDER REQUIRING REVIEW,1 high-risk records; 66.7% flagged records
1447694344,MEDICAL_CLAIM,3,1,33.33,0,0,3,1,0,1,0,29.95,68.38,0.0,HIGH-RISK PROVIDER PATTERN,PROVIDER REQUIRING REVIEW,1 high-risk records; 33.3% flagged records
1124084488,MEDICAL_CLAIM,2,1,50.0,0,1,1,0,0,1,0,29.86,51.97,0.0,HIGH-RISK PROVIDER PATTERN,PROVIDER REQUIRING REVIEW,1 high-risk records; 50.0% flagged records
1770678260,MEDICAL_CLAIM,2,1,50.0,0,1,1,0,0,1,0,29.86,58.97,0.0,HIGH-RISK PROVIDER PATTERN,PROVIDER REQUIRING REVIEW,1 high-risk records; 50.0% flagged records
1740364009,MEDICAL_CLAIM,7,4,57.14,0,3,4,0,0,1,0,29.81,52.36,0.0,HIGH-RISK PROVIDER PATTERN,PROVIDER REQUIRING REVIEW,1 high-risk records; 57.1% flagged records
1528042561,MEDICAL_CLAIM,9,5,55.56,0,6,7,0,0,1,0,29.47,64.55,0.0,HIGH-RISK PROVIDER PATTERN,PROVIDER REQUIRING REVIEW,1 high-risk records; 55.6% flagged records
1447435862,MEDICAL_CLAIM,8,6,75.0,0,1,7,1,0,1,0,29.27,67.33,0.0,HIGH-RISK PROVIDER PATTERN,PROVIDER REQUIRING REVIEW,1 high-risk records; 75.0% flagged records
1780606608,MEDICAL_CLAIM,8,5,62.5,0,0,6,0,0,1,0,29.17,62.29,0.0,HIGH-RISK PROVIDER PATTERN,PROVIDER REQUIRING REVIEW,1 high-risk records; 62.5% flagged records
1336255264,MEDICAL_CLAIM,5,1,20.0,0,2,2,1,0,1,0,29.05,73.23,0.0,HIGH-RISK PROVIDER PATTERN,PROVIDER REQUIRING REVIEW,1 high-risk records; 20.0% flagged records
1619019791,MEDICAL_CLAIM,5,3,60.0,0,1,5,0,0,1,0,28.85,64.73,0.0,HIGH-RISK PROVIDER PATTERN,PROVIDER REQUIRING REVIEW,1 high-risk records; 60.0% flagged records
1023671740,MEDICAL_CLAIM,7,3,42.86,0,2,5,1,0,1,0,28.58,62.55,0.0,HIGH-RISK PROVIDER PATTERN,PROVIDER REQUIRING REVIEW,1 high-risk records; 42.9% flagged records
1649829532,MEDICAL_CLAIM,9,5,55.56,0,2,9,1,0,1,0,28.4,53.61,0.0,HIGH-RISK PROVIDER PATTERN,PROVIDER REQUIRING REVIEW,1 high-risk records; 55.6% flagged records
1851562367,MEDICAL_CLAIM,5,2,40.0,0,2,5,1,0,1,0,28.19,69.28,0.0,HIGH-RISK PROVIDER PATTERN,PROVIDER REQUIRING REVIEW,1 high-risk records; 40.0% flagged records
1154464097,MEDICAL_CLAIM,7,3,42.86,0,4,5,1,0,1,0,27.9,62.4,0.0,HIGH-RISK PROVIDER PATTERN,PROVIDER REQUIRING REVIEW,1 high-risk records; 42.9% flagged records
1437697273,MEDICAL_CLAIM,6,4,66.67,0,3,3,0,0,1,0,27.87,52.0,0.0,HIGH-RISK PROVIDER PATTERN,PROVIDER REQUIRING REVIEW,1 high-risk records; 66.7% flagged records
1508262916,MEDICAL_CLAIM,7,4,57.14,0,3,5,0,0,1,0,27.86,50.87,0.0,HIGH-RISK PROVIDER PATTERN,PROVIDER REQUIRING REVIEW,1 high-risk records; 57.1% flagged records
1821251612,MEDICAL_CLAIM,5,3,60.0,0,1,6,0,0,1,0,27.57,57.17,0.0,HIGH-RISK PROVIDER PATTERN,PROVIDER REQUIRING REVIEW,1 high-risk records; 60.0% flagged records
1265601488,MEDICAL_CLAIM,6,3,50.0,0,1,6,0,0,1,0,27.49,70.88,0.0,HIGH-RISK PROVIDER PATTERN,PROVIDER REQUIRING REVIEW,1 high-risk records; 50.0% flagged records
1205994761,MEDICAL_CLAIM,9,3,33.33,0,4,4,1,0,1,0,27.37,66.94,0.0,HIGH-RISK PROVIDER PATTERN,PROVIDER REQUIRING REVIEW,1 high-risk records; 33.3% flagged records
1689781346,MEDICAL_CLAIM,6,3,50.0,0,4,1,0,0,1,0,27.32,50.5,0.0,HIGH-RISK PROVIDER PATTERN,PROVIDER REQUIRING REVIEW,1 high-risk records; 50.0% flagged records
1538422977,MEDICAL_CLAIM,3,2,66.67,0,2,1,0,0,1,0,27.27,51.96,0.0,HIGH-RISK PROVIDER PATTERN,PROVIDER REQUIRING REVIEW,1 high-risk records; 66.7% flagged records
1992882245,MEDICAL_CLAIM,5,3,60.0,0,3,3,0,0,1,0,26.9,52.88,0.0,HIGH-RISK PROVIDER PATTERN,PROVIDER REQUIRING REVIEW,1 high-risk records; 60.0% flagged records
1730121435,MEDICAL_CLAIM,6,2,33.33,0,3,2,1,0,1,0,26.89,69.83,0.0,HIGH-RISK PROVIDER PATTERN,PROVIDER REQUIRING REVIEW,1 high-risk records; 33.3% flagged records
1518337880,MEDICAL_CLAIM,8,4,50.0,0,4,6,1,0,1,0,26.36,68.94,0.0,HIGH-RISK PROVIDER PATTERN,PROVIDER REQUIRING REVIEW,1 high-risk records; 50.0% flagged records
1235560087,MEDICAL_CLAIM,7,3,42.86,0,0,7,0,0,1,0,26.19,62.97,0.0,HIGH-RISK PROVIDER PATTERN,PROVIDER REQUIRING REVIEW,1 high-risk records; 42.9% flagged records
1396813861,MEDICAL_CLAIM,5,3,60.0,0,2,3,1,0,1,0,26.18,60.29,0.0,HIGH-RISK PROVIDER PATTERN,PROVIDER REQUIRING REVIEW,1 high-risk records; 60.0% flagged records
1285018226,MEDICAL_CLAIM,4,1,25.0,0,1,1,1,0,1,0,25.98,60.38,0.0,HIGH-RISK PROVIDER PATTERN,PROVIDER REQUIRING REVIEW,1 high-risk records; 25.0% flagged records
1689864035,MEDICAL_CLAIM,4,2,50.0,0,1,2,1,0,1,0,25.95,73.96,0.0,HIGH-RISK PROVIDER PATTERN,PROVIDER REQUIRING REVIEW,1 high-risk records; 50.0% flagged records
1184006447,MEDICAL_CLAIM,7,4,57.14,0,3,2,0,0,1,0,25.28,51.16,0.0,HIGH-RISK PROVIDER PATTERN,PROVIDER REQUIRING REVIEW,1 high-risk records; 57.1% flagged records
1811007800,MEDICAL_CLAIM,3,1,33.33,0,2,1,1,0,1,0,25.28,55.68,0.0,HIGH-RISK PROVIDER PATTERN,PROVIDER REQUIRING REVIEW,1 high-risk records; 33.3% flagged records
1609817220,MEDICAL_CLAIM,4,1,25.0,0,2,2,0,0,1,0,24.83,62.91,0.0,HIGH-RISK PROVIDER PATTERN,PROVIDER REQUIRING REVIEW,1 high-risk records; 25.0% flagged records
1831655380,MEDICAL_CLAIM,4,2,50.0,0,1,2,1,0,1,0,24.65,58.38,0.0,HIGH-RISK PROVIDER PATTERN,PROVIDER REQUIRING REVIEW,1 high-risk records; 50.0% flagged records
1104250786,MEDICAL_CLAIM,5,1,20.0,0,1,4,0,0,1,0,24.52,50.41,0.0,HIGH-RISK PROVIDER PATTERN,PROVIDER REQUIRING REVIEW,1 high-risk records; 20.0% flagged records
1508010836,MEDICAL_CLAIM,8,3,37.5,0,4,3,2,0,1,0,24.27,73.25,0.0,HIGH-RISK PROVIDER PATTERN,PROVIDER REQUIRING REVIEW,1 high-risk records; 37.5% flagged records
1366456287,MEDICAL_CLAIM,10,4,40.0,0,7,3,0,0,1,0,23.9,52.04,0.0,HIGH-RISK PROVIDER PATTERN,PROVIDER REQUIRING REVIEW,1 high-risk records; 40.0% flagged records
1679188437,MEDICAL_CLAIM,7,4,57.14,0,3,4,1,0,1,0,23.55,58.24,0.0,HIGH-RISK PROVIDER PATTERN,PROVIDER REQUIRING REVIEW,1 high-risk records; 57.1% flagged records
1700864352,MEDICAL_CLAIM,9,2,22.22,0,5,4,1,0,1,0,22.57,67.25,0.0,HIGH-RISK PROVIDER PATTERN,PROVIDER REQUIRING REVIEW,1 high-risk records; 22.2% flagged records
1982062485,MEDICAL_CLAIM,12,5,41.67,0,3,7,1,0,1,0,22.25,66.47,0.0,HIGH-RISK PROVIDER PATTERN,PROVIDER REQUIRING REVIEW,1 high-risk records; 41.7% flagged records
1740529668,MEDICAL_CLAIM,5,1,20.0,0,0,5,0,0,1,0,21.85,54.21,0.0,HIGH-RISK PROVIDER PATTERN,PROVIDER REQUIRING REVIEW,1 high-risk records; 20.0% flagged records
1780757856,MEDICAL_CLAIM,7,2,28.57,0,2,3,0,0,1,0,19.31,53.26,0.0,HIGH-RISK PROVIDER PATTERN,PROVIDER REQUIRING REVIEW,1 high-risk records; 28.6% flagged records
1972531945,MEDICAL_CLAIM,3,1,33.33,0,1,0,0,0,1,0,18.14,50.84,0.0,HIGH-RISK PROVIDER PATTERN,PROVIDER REQUIRING REVIEW,1 high-risk records; 33.3% flagged records
1141773820,PHARMACY_CLAIM,1,1,100.0,0,1,0,0,0,0,0,49.96,49.96,0.0,HIGH-RISK PROVIDER PATTERN,PROVIDER REQUIRING REVIEW,100.0% flagged records; Average claim risk score = 50.0
1065235219,PHARMACY_CLAIM,1,1,100.0,0,1,0,0,0,0,0,49.95,49.95,0.0,HIGH-RISK PROVIDER PATTERN,PROVIDER REQUIRING REVIEW,100.0% flagged records; Average claim risk score = 50.0
1116215940,PHARMACY_CLAIM,1,1,100.0,0,1,0,0,0,0,0,49.93,49.93,0.0,HIGH-RISK PROVIDER PATTERN,PROVIDER REQUIRING REVIEW,100.0% flagged records; Average claim risk score = 49.9
1588964399,MEDICAL_CLAIM,1,1,100.0,0,1,0,0,0,0,0,49.87,49.87,0.0,HIGH-RISK PROVIDER PATTERN,PROVIDER REQUIRING REVIEW,100.0% flagged records; Average claim risk score = 49.9
1487655064,MEDICAL_CLAIM,1,1,100.0,0,1,1,1,0,0,0,49.86,49.86,0.0,HIGH-RISK PROVIDER PATTERN,PROVIDER REQUIRING REVIEW,100.0% flagged records; Average claim risk score = 49.9
1091827532,PHARMACY_CLAIM,2,2,100.0,0,2,0,0,0,0,0,49.84,49.84,0.0,HIGH-RISK PROVIDER PATTERN,PROVIDER REQUIRING REVIEW,100.0% flagged records; Average claim risk score = 49.8
1346241213,MEDICAL_CLAIM,1,1,100.0,0,1,1,1,0,0,0,49.82,49.82,0.0,HIGH-RISK PROVIDER PATTERN,PROVIDER REQUIRING REVIEW,100.0% flagged records; Average claim risk score = 49.8
1336268234,MEDICAL_CLAIM,1,1,100.0,0,1,0,0,0,0,0,49.81,49.81,0.0,HIGH-RISK PROVIDER PATTERN,PROVIDER REQUIRING REVIEW,100.0% flagged records; Average claim risk score = 49.8
1407855627,PHARMACY_CLAIM,1,1,100.0,0,1,1,1,0,0,0,49.76,49.76,0.0,HIGH-RISK PROVIDER PATTERN,PROVIDER REQUIRING REVIEW,100.0% flagged records; Average claim risk score = 49.8
1916010071,PRIOR_AUTH,1,1,100.0,0,1,1,1,0,0,0,49.75,49.75,100.0,HIGH-RISK PROVIDER PATTERN,PROVIDER REQUIRING REVIEW,100.0% flagged records; Average claim risk score = 49.8; Empirical claim denial rate = 100.0%
1264493053,PHARMACY_CLAIM,1,1,100.0,0,1,0,0,0,0,0,49.72,49.72,0.0,HIGH-RISK PROVIDER PATTERN,PROVIDER REQUIRING REVIEW,100.0% flagged records; Average claim risk score = 49.7
1568367948,PHARMACY_CLAIM,1,1,100.0,0,1,1,1,0,0,0,49.72,49.72,100.0,HIGH-RISK PROVIDER PATTERN,PROVIDER REQUIRING REVIEW,100.0% flagged records; Average claim risk score = 49.7; Empirical claim denial rate = 100.0%
1876125245,PHARMACY_CLAIM,1,1,100.0,0,1,1,1,0,0,0,49.71,49.71,100.0,HIGH-RISK PROVIDER PATTERN,PROVIDER REQUIRING REVIEW,100.0% flagged records; Average claim risk score = 49.7; Empirical claim denial rate = 100.0%
1013997691,MEDICAL_CLAIM,1,1,100.0,0,1,2,0,0,0,0,49.7,49.7,0.0,HIGH-RISK PROVIDER PATTERN,PROVIDER REQUIRING REVIEW,100.0% flagged records; Average claim risk score = 49.7
1318609838,PHARMACY_CLAIM,1,1,100.0,0,1,0,0,0,0,0,49.69,49.69,0.0,HIGH-RISK PROVIDER PATTERN,PROVIDER REQUIRING REVIEW,100.0% flagged records; Average claim risk score = 49.7
1218716340,PRIOR_AUTH,1,1,100.0,0,1,1,1,0,0,0,49.67,49.67,100.0,HIGH-RISK PROVIDER PATTERN,PROVIDER REQUIRING REVIEW,100.0% flagged records; Average claim risk score = 49.7; Empirical claim denial rate = 100.0%
1107029798,PHARMACY_CLAIM,1,1,100.0,0,1,0,0,0,0,0,49.65,49.65,0.0,HIGH-RISK PROVIDER PATTERN,PROVIDER REQUIRING REVIEW,100.0% flagged records; Average claim risk score = 49.6
1135678662,PRIOR_AUTH,1,1,100.0,1,1,0,1,0,0,0,49.62,49.62,0.0,HIGH-RISK PROVIDER PATTERN,PROVIDER REQUIRING REVIEW,100.0% flagged records; Average claim risk score = 49.6
1042347362,PRIOR_AUTH,1,1,100.0,0,1,1,1,0,0,0,49.61,49.61,100.0,HIGH-RISK PROVIDER PATTERN,PROVIDER REQUIRING REVIEW,100.0% flagged records; Average claim risk score = 49.6; Empirical claim denial rate = 100.0%
1865440149,PHARMACY_CLAIM,1,1,100.0,0,1,0,0,0,0,0,49.59,49.59,0.0,HIGH-RISK PROVIDER PATTERN,PROVIDER REQUIRING REVIEW,100.0% flagged records; Average claim risk score = 49.6
1483479259,PHARMACY_CLAIM,1,1,100.0,0,1,0,0,0,0,0,49.55,49.55,0.0,HIGH-RISK PROVIDER PATTERN,PROVIDER REQUIRING REVIEW,100.0% flagged records; Average claim risk score = 49.5
1688068022,PHARMACY_CLAIM,1,1,100.0,0,1,0,0,0,0,0,49.49,49.49,0.0,HIGH-RISK PROVIDER PATTERN,PROVIDER REQUIRING REVIEW,100.0% flagged records; Average claim risk score = 49.5
1336912259,PRIOR_AUTH,1,1,100.0,0,1,1,1,0,0,0,49.44,49.44,0.0,HIGH-RISK PROVIDER PATTERN,PROVIDER REQUIRING REVIEW,100.0% flagged records; Average claim risk score = 49.4
1985678374,PHARMACY_CLAIM,1,1,100.0,0,1,0,0,0,0,0,49.44,49.44,0.0,HIGH-RISK PROVIDER PATTERN,PROVIDER REQUIRING REVIEW,100.0% flagged records; Average claim risk score = 49.4
1699796519,PHARMACY_CLAIM,1,1,100.0,0,1,1,0,0,0,0,49.42,49.42,0.0,HIGH-RISK PROVIDER PATTERN,PROVIDER REQUIRING REVIEW,100.0% flagged records; Average claim risk score = 49.4
1196123918,PHARMACY_CLAIM,2,2,100.0,0,2,0,0,0,0,0,49.41,49.41,0.0,HIGH-RISK PROVIDER PATTERN,PROVIDER REQUIRING REVIEW,100.0% flagged records; Average claim risk score = 49.4
1863820666,PHARMACY_CLAIM,1,1,100.0,1,1,0,1,0,0,0,49.4,49.4,100.0,HIGH-RISK PROVIDER PATTERN,PROVIDER REQUIRING REVIEW,100.0% flagged records; Average claim risk score = 49.4; Empirical claim denial rate = 100.0%
1586808383,PHARMACY_CLAIM,1,1,100.0,0,1,1,0,0,0,0,49.39,49.39,0.0,HIGH-RISK PROVIDER PATTERN,PROVIDER REQUIRING REVIEW,100.0% flagged records; Average claim risk score = 49.4
1138533057,PRIOR_AUTH,1,1,100.0,0,1,1,1,0,0,0,49.38,49.38,100.0,HIGH-RISK PROVIDER PATTERN,PROVIDER REQUIRING REVIEW,100.0% flagged records; Average claim risk score = 49.4; Empirical claim denial rate = 100.0%
1690748195,PRIOR_AUTH,1,1,100.0,0,1,1,1,0,0,0,49.38,49.38,100.0,HIGH-RISK PROVIDER PATTERN,PROVIDER REQUIRING REVIEW,100.0% flagged records; Average claim risk score = 49.4; Empirical claim denial rate = 100.0%
1094162996,PHARMACY_CLAIM,1,1,100.0,0,1,0,0,0,0,0,49.36,49.36,0.0,HIGH-RISK PROVIDER PATTERN,PROVIDER REQUIRING REVIEW,100.0% flagged records; Average claim risk score = 49.4
1917832025,PHARMACY_CLAIM,2,2,100.0,0,2,0,0,0,0,0,49.32,49.32,0.0,HIGH-RISK PROVIDER PATTERN,PROVIDER REQUIRING REVIEW,100.0% flagged records; Average claim risk score = 49.3
1664118640,PHARMACY_CLAIM,1,1,100.0,0,1,1,1,0,0,0,49.31,49.31,0.0,HIGH-RISK PROVIDER PATTERN,PROVIDER REQUIRING REVIEW,100.0% flagged records; Average claim risk score = 49.3
1989107479,PHARMACY_CLAIM,1,1,100.0,0,1,0,0,0,0,0,49.3,49.3,0.0,HIGH-RISK PROVIDER PATTERN,PROVIDER REQUIRING REVIEW,100.0% flagged records; Average claim risk score = 49.3
1879206785,PRIOR_AUTH,2,2,100.0,0,2,0,2,0,0,0,49.28,49.28,0.0,HIGH-RISK PROVIDER PATTERN,PROVIDER REQUIRING REVIEW,100.0% flagged records; Average claim risk score = 49.3
1150057335,PRIOR_AUTH,1,1,100.0,0,1,1,1,0,0,0,49.27,49.27,0.0,HIGH-RISK PROVIDER PATTERN,PROVIDER REQUIRING REVIEW,100.0% flagged records; Average claim risk score = 49.3
1295148065,PHARMACY_CLAIM,1,1,100.0,0,1,0,0,0,0,0,49.26,49.26,0.0,HIGH-RISK PROVIDER PATTERN,PROVIDER REQUIRING REVIEW,100.0% flagged records; Average claim risk score = 49.3
1655386700,PRIOR_AUTH,1,1,100.0,0,1,1,1,0,0,0,49.26,49.26,100.0,HIGH-RISK PROVIDER PATTERN,PROVIDER REQUIRING REVIEW,100.0% flagged records; Average claim risk score = 49.3; Empirical claim denial rate = 100.0%
1760220382,PHARMACY_CLAIM,1,1,100.0,0,1,0,0,0,0,0,49.24,49.24,0.0,HIGH-RISK PROVIDER PATTERN,PROVIDER REQUIRING REVIEW,100.0% flagged records; Average claim risk score = 49.2
1032051449,PHARMACY_CLAIM,1,1,100.0,0,1,0,0,0,0,0,49.23,49.23,0.0,HIGH-RISK PROVIDER PATTERN,PROVIDER REQUIRING REVIEW,100.0% flagged records; Average claim risk score = 49.2
1489458815,PHARMACY_CLAIM,1,1,100.0,0,1,2,0,0,0,0,49.2,49.2,0.0,HIGH-RISK PROVIDER PATTERN,PROVIDER REQUIRING REVIEW,100.0% flagged records; Average claim risk score = 49.2
1025290027,PRIOR_AUTH,1,1,100.0,0,1,1,1,0,0,0,49.19,49.19,0.0,HIGH-RISK PROVIDER PATTERN,PROVIDER REQUIRING REVIEW,100.0% flagged records; Average claim risk score = 49.2
1862397240,PHARMACY_CLAIM,2,2,100.0,0,2,0,0,0,0,0,49.18,49.18,0.0,HIGH-RISK PROVIDER PATTERN,PROVIDER REQUIRING REVIEW,100.0% flagged records; Average claim risk score = 49.2
1623957712,PHARMACY_CLAIM,1,1,100.0,0,1,1,0,0,0,0,49.1,49.1,0.0,HIGH-RISK PROVIDER PATTERN,PROVIDER REQUIRING REVIEW,100.0% flagged records; Average claim risk score = 49.1
1248673474,PRIOR_AUTH,1,1,100.0,0,1,1,1,0,0,0,49.08,49.08,100.0,HIGH-RISK PROVIDER PATTERN,PROVIDER REQUIRING REVIEW,100.0% flagged records; Average claim risk score = 49.1; Empirical claim denial rate = 100.0%
1209129414,PHARMACY_CLAIM,1,1,100.0,0,1,1,1,0,0,0,49.05,49.05,0.0,HIGH-RISK PROVIDER PATTERN,PROVIDER REQUIRING REVIEW,100.0% flagged records; Average claim risk score = 49.0
1684175280,PHARMACY_CLAIM,1,1,100.0,0,0,2,1,0,0,0,49.04,49.04,0.0,HIGH-RISK PROVIDER PATTERN,PROVIDER REQUIRING REVIEW,100.0% flagged records; Average claim risk score = 49.0
1954252601,PRIOR_AUTH,1,1,100.0,0,1,1,1,0,0,0,49.02,49.02,100.0,HIGH-RISK PROVIDER PATTERN,PROVIDER REQUIRING REVIEW,100.0% flagged records; Average claim risk score = 49.0; Empirical claim denial rate = 100.0%
1012405528,PRIOR_AUTH,1,1,100.0,0,1,1,1,0,0,0,49.01,49.01,0.0,HIGH-RISK PROVIDER PATTERN,PROVIDER REQUIRING REVIEW,100.0% flagged records; Average claim risk score = 49.0
1165916769,PHARMACY_CLAIM,1,1,100.0,0,1,0,0,0,0,0,48.99,48.99,0.0,HIGH-RISK PROVIDER PATTERN,PROVIDER REQUIRING REVIEW,100.0% flagged records; Average claim risk score = 49.0
1630969279,PRIOR_AUTH,2,2,100.0,0,2,2,2,0,0,0,48.97,48.97,0.0,HIGH-RISK PROVIDER PATTERN,PROVIDER REQUIRING REVIEW,100.0% flagged records; Average claim risk score = 49.0
1171080042,PRIOR_AUTH,1,1,100.0,0,1,1,1,0,0,0,48.9,48.9,0.0,HIGH-RISK PROVIDER PATTERN,PROVIDER REQUIRING REVIEW,100.0% flagged records; Average claim risk score = 48.9
1664796302,PHARMACY_CLAIM,1,1,100.0,0,1,1,1,0,0,0,48.73,48.73,100.0,HIGH-RISK PROVIDER PATTERN,PROVIDER REQUIRING REVIEW,100.0% flagged records; Average claim risk score = 48.7; Empirical claim denial rate = 100.0%
1138841418,PRIOR_AUTH,1,1,100.0,0,1,1,0,0,0,0,48.71,48.71,0.0,HIGH-RISK PROVIDER PATTERN,PROVIDER REQUIRING REVIEW,100.0% flagged records; Average claim risk score = 48.7
1171095528,PRIOR_AUTH,1,1,100.0,0,1,1,1,0,0,0,48.7,48.7,100.0,HIGH-RISK PROVIDER PATTERN,PROVIDER REQUIRING REVIEW,100.0% flagged records; Average claim risk score = 48.7; Empirical claim denial rate = 100.0%
1949489132,PHARMACY_CLAIM,1,1,100.0,0,1,1,1,0,0,0,48.65,48.65,100.0,HIGH-RISK PROVIDER PATTERN,PROVIDER REQUIRING REVIEW,100.0% flagged records; Average claim risk score = 48.6; Empirical claim denial rate = 100.0%
1503277988,PHARMACY_CLAIM,1,1,100.0,0,1,1,0,0,0,0,48.56,48.56,0.0,HIGH-RISK PROVIDER PATTERN,PROVIDER REQUIRING REVIEW,100.0% flagged records; Average claim risk score = 48.6
1858766883,PHARMACY_CLAIM,1,1,100.0,0,1,1,0,0,0,0,48.55,48.55,0.0,HIGH-RISK PROVIDER PATTERN,PROVIDER REQUIRING REVIEW,100.0% flagged records; Average claim risk score = 48.5
1422956328,PHARMACY_CLAIM,1,1,100.0,0,1,1,0,0,0,0,48.54,48.54,0.0,HIGH-RISK PROVIDER PATTERN,PROVIDER REQUIRING REVIEW,100.0% flagged records; Average claim risk score = 48.5
1012804955,PHARMACY_CLAIM,1,1,100.0,0,1,1,0,0,0,0,48.49,48.49,0.0,HIGH-RISK PROVIDER PATTERN,PROVIDER REQUIRING REVIEW,100.0% flagged records; Average claim risk score = 48.5
1481202774,PHARMACY_CLAIM,1,1,100.0,0,1,0,0,0,0,0,48.45,48.45,0.0,HIGH-RISK PROVIDER PATTERN,PROVIDER REQUIRING REVIEW,100.0% flagged records; Average claim risk score = 48.5
1639221302,MEDICAL_CLAIM,1,1,100.0,0,1,1,0,0,0,0,48.45,48.45,0.0,HIGH-RISK PROVIDER PATTERN,PROVIDER REQUIRING REVIEW,100.0% flagged records; Average claim risk score = 48.5
1224754028,PHARMACY_CLAIM,1,1,100.0,0,1,0,0,0,0,0,48.43,48.43,0.0,HIGH-RISK PROVIDER PATTERN,PROVIDER REQUIRING REVIEW,100.0% flagged records; Average claim risk score = 48.4
1835776475,PRIOR_AUTH,1,1,100.0,0,1,1,1,0,0,0,48.42,48.42,0.0,HIGH-RISK PROVIDER PATTERN,PROVIDER REQUIRING REVIEW,100.0% flagged records; Average claim risk score = 48.4
1182344133,PHARMACY_CLAIM,1,1,100.0,0,1,0,0,0,0,0,48.41,48.41,0.0,HIGH-RISK PROVIDER PATTERN,PROVIDER REQUIRING REVIEW,100.0% flagged records; Average claim risk score = 48.4
1343042322,PRIOR_AUTH,1,1,100.0,0,1,1,1,0,0,0,48.39,48.39,0.0,HIGH-RISK PROVIDER PATTERN,PROVIDER REQUIRING REVIEW,100.0% flagged records; Average claim risk score = 48.4
1856583163,PRIOR_AUTH,1,1,100.0,0,1,1,1,0,0,0,48.33,48.33,0.0,HIGH-RISK PROVIDER PATTERN,PROVIDER REQUIRING REVIEW,100.0% flagged records; Average claim risk score = 48.3
1357892833,PHARMACY_CLAIM,1,1,100.0,0,1,1,0,0,0,0,48.3,48.3,0.0,HIGH-RISK PROVIDER PATTERN,PROVIDER REQUIRING REVIEW,100.0% flagged records; Average claim risk score = 48.3
1366582820,PHARMACY_CLAIM,1,1,100.0,0,1,1,1,0,0,0,48.3,48.3,100.0,HIGH-RISK PROVIDER PATTERN,PROVIDER REQUIRING REVIEW,100.0% flagged records; Average claim risk score = 48.3; Empirical claim denial rate = 100.0%
1754058577,PHARMACY_CLAIM,1,1,100.0,0,1,1,0,0,0,0,48.3,48.3,0.0,HIGH-RISK PROVIDER PATTERN,PROVIDER REQUIRING REVIEW,100.0% flagged records; Average claim risk score = 48.3
1813375333,PHARMACY_CLAIM,1,1,100.0,0,1,0,0,0,0,0,48.3,48.3,0.0,HIGH-RISK PROVIDER PATTERN,PROVIDER REQUIRING REVIEW,100.0% flagged records; Average claim risk score = 48.3
1970786776,PHARMACY_CLAIM,1,1,100.0,0,1,0,0,0,0,0,48.29,48.29,0.0,HIGH-RISK PROVIDER PATTERN,PROVIDER REQUIRING REVIEW,100.0% flagged records; Average claim risk score = 48.3
1120939662,PHARMACY_CLAIM,1,1,100.0,0,1,0,0,0,0,0,48.23,48.23,0.0,HIGH-RISK PROVIDER PATTERN,PROVIDER REQUIRING REVIEW,100.0% flagged records; Average claim risk score = 48.2
1261590276,PHARMACY_CLAIM,1,1,100.0,0,0,3,0,0,0,0,48.22,48.22,0.0,HIGH-RISK PROVIDER PATTERN,PROVIDER REQUIRING REVIEW,100.0% flagged records; Average claim risk score = 48.2
1635759623,PHARMACY_CLAIM,1,1,100.0,0,1,0,0,0,0,0,48.21,48.21,0.0,HIGH-RISK PROVIDER PATTERN,PROVIDER REQUIRING REVIEW,100.0% flagged records; Average claim risk score = 48.2
1592227338,PHARMACY_CLAIM,1,1,100.0,0,1,0,0,0,0,0,48.19,48.19,0.0,HIGH-RISK PROVIDER PATTERN,PROVIDER REQUIRING REVIEW,100.0% flagged records; Average claim risk score = 48.2
1688460770,PHARMACY_CLAIM,1,1,100.0,0,1,0,0,0,0,0,48.18,48.18,0.0,HIGH-RISK PROVIDER PATTERN,PROVIDER REQUIRING REVIEW,100.0% flagged records; Average claim risk score = 48.2
1690867322,PHARMACY_CLAIM,1,1,100.0,0,1,1,1,0,0,0,48.09,48.09,0.0,HIGH-RISK PROVIDER PATTERN,PROVIDER REQUIRING REVIEW,100.0% flagged records; Average claim risk score = 48.1
1270666360,PHARMACY_CLAIM,1,1,100.0,0,1,0,0,0,0,0,48.06,48.06,0.0,HIGH-RISK PROVIDER PATTERN,PROVIDER REQUIRING REVIEW,100.0% flagged records; Average claim risk score = 48.1
1115180225,PHARMACY_CLAIM,1,1,100.0,0,1,0,0,0,0,0,48.04,48.04,0.0,HIGH-RISK PROVIDER PATTERN,PROVIDER REQUIRING REVIEW,100.0% flagged records; Average claim risk score = 48.0
1173623631,PHARMACY_CLAIM,1,1,100.0,0,1,0,0,0,0,0,48.03,48.03,0.0,HIGH-RISK PROVIDER PATTERN,PROVIDER REQUIRING REVIEW,100.0% flagged records; Average claim risk score = 48.0
1700231324,PRIOR_AUTH,1,1,100.0,0,1,1,1,0,0,0,48.01,48.01,0.0,HIGH-RISK PROVIDER PATTERN,PROVIDER REQUIRING REVIEW,100.0% flagged records; Average claim risk score = 48.0
1805391323,PHARMACY_CLAIM,1,1,100.0,0,1,0,0,0,0,0,48.0,48.0,0.0,HIGH-RISK PROVIDER PATTERN,PROVIDER REQUIRING REVIEW,100.0% flagged records; Average claim risk score = 48.0
1535352206,PHARMACY_CLAIM,1,1,100.0,0,1,0,0,0,0,0,47.94,47.94,0.0,HIGH-RISK PROVIDER PATTERN,PROVIDER REQUIRING REVIEW,100.0% flagged records; Average claim risk score = 47.9
1217277992,PHARMACY_CLAIM,1,1,100.0,0,1,0,0,0,0,0,47.92,47.92,0.0,HIGH-RISK PROVIDER PATTERN,PROVIDER REQUIRING REVIEW,100.0% flagged records; Average claim risk score = 47.9
1511121021,PHARMACY_CLAIM,1,1,100.0,0,1,0,0,0,0,0,47.91,47.91,0.0,HIGH-RISK PROVIDER PATTERN,PROVIDER REQUIRING REVIEW,100.0% flagged records; Average claim risk score = 47.9
1682911850,PHARMACY_CLAIM,1,1,100.0,0,1,0,0,0,0,0,47.89,47.89,0.0,HIGH-RISK PROVIDER PATTERN,PROVIDER REQUIRING REVIEW,100.0% flagged records; Average claim risk score = 47.9
1215622372,PHARMACY_CLAIM,1,1,100.0,0,1,1,1,0,0,0,47.87,47.87,0.0,HIGH-RISK PROVIDER PATTERN,PROVIDER REQUIRING REVIEW,100.0% flagged records; Average claim risk score = 47.9
1353009317,PHARMACY_CLAIM,1,1,100.0,0,1,1,1,0,0,0,47.84,47.84,100.0,HIGH-RISK PROVIDER PATTERN,PROVIDER REQUIRING REVIEW,100.0% flagged records; Average claim risk score = 47.8; Empirical claim denial rate = 100.0%
1288980165,PHARMACY_CLAIM,1,1,100.0,0,1,1,1,0,0,0,47.83,47.83,0.0,HIGH-RISK PROVIDER PATTERN,PROVIDER REQUIRING REVIEW,100.0% flagged records; Average claim risk score = 47.8
1850859725,PHARMACY_CLAIM,1,1,100.0,0,1,0,0,0,0,0,47.76,47.76,0.0,HIGH-RISK PROVIDER PATTERN,PROVIDER REQUIRING REVIEW,100.0% flagged records; Average claim risk score = 47.8
1275783615,MEDICAL_CLAIM,1,1,100.0,0,0,1,1,0,0,0,47.73,47.73,0.0,HIGH-RISK PROVIDER PATTERN,PROVIDER REQUIRING REVIEW,100.0% flagged records; Average claim risk score = 47.7
1518591809,MEDICAL_CLAIM,1,1,100.0,0,0,2,0,0,0,0,47.69,47.69,0.0,HIGH-RISK PROVIDER PATTERN,PROVIDER REQUIRING REVIEW,100.0% flagged records; Average claim risk score = 47.7
1339256429,PHARMACY_CLAIM,1,1,100.0,0,0,3,0,0,0,0,47.65,47.65,0.0,HIGH-RISK PROVIDER PATTERN,PROVIDER REQUIRING REVIEW,100.0% flagged records; Average claim risk score = 47.6
1458565608,PRIOR_AUTH,1,1,100.0,0,1,1,1,0,0,0,47.54,47.54,0.0,HIGH-RISK PROVIDER PATTERN,PROVIDER REQUIRING REVIEW,100.0% flagged records; Average claim risk score = 47.5
1612904517,PRIOR_AUTH,2,2,100.0,0,2,2,2,0,0,0,47.51,47.51,0.0,HIGH-RISK PROVIDER PATTERN,PROVIDER REQUIRING REVIEW,100.0% flagged records; Average claim risk score = 47.5
1517070400,PHARMACY_CLAIM,1,1,100.0,0,1,0,0,0,0,0,47.42,47.42,0.0,HIGH-RISK PROVIDER PATTERN,PROVIDER REQUIRING REVIEW,100.0% flagged records; Average claim risk score = 47.4
1610552048,PHARMACY_CLAIM,1,1,100.0,0,1,1,1,0,0,0,47.3,47.3,0.0,HIGH-RISK PROVIDER PATTERN,PROVIDER REQUIRING REVIEW,100.0% flagged records; Average claim risk score = 47.3
1523666311,PRIOR_AUTH,1,1,100.0,0,1,1,1,0,0,0,47.29,47.29,0.0,HIGH-RISK PROVIDER PATTERN,PROVIDER REQUIRING REVIEW,100.0% flagged records; Average claim risk score = 47.3
1640394562,PHARMACY_CLAIM,1,1,100.0,0,1,0,0,0,0,0,47.24,47.24,0.0,HIGH-RISK PROVIDER PATTERN,PROVIDER REQUIRING REVIEW,100.0% flagged records; Average claim risk score = 47.2
1615527294,PHARMACY_CLAIM,1,1,100.0,0,1,1,1,0,0,0,47.21,47.21,0.0,HIGH-RISK PROVIDER PATTERN,PROVIDER REQUIRING REVIEW,100.0% flagged records; Average claim risk score = 47.2
1944976748,PHARMACY_CLAIM,1,1,100.0,0,1,0,0,0,0,0,47.2,47.2,0.0,HIGH-RISK PROVIDER PATTERN,PROVIDER REQUIRING REVIEW,100.0% flagged records; Average claim risk score = 47.2
1786060367,PHARMACY_CLAIM,1,1,100.0,0,1,1,0,0,0,0,47.14,47.14,0.0,HIGH-RISK PROVIDER PATTERN,PROVIDER REQUIRING REVIEW,100.0% flagged records; Average claim risk score = 47.1
1217220117,PHARMACY_CLAIM,1,1,100.0,0,1,1,1,0,0,0,47.12,47.12,0.0,HIGH-RISK PROVIDER PATTERN,PROVIDER REQUIRING REVIEW,100.0% flagged records; Average claim risk score = 47.1
1241267668,PRIOR_AUTH,2,2,100.0,0,2,2,2,0,0,0,47.07,47.07,0.0,HIGH-RISK PROVIDER PATTERN,PROVIDER REQUIRING REVIEW,100.0% flagged records; Average claim risk score = 47.1
1994109156,PHARMACY_CLAIM,1,1,100.0,0,1,0,0,0,0,0,46.94,46.94,0.0,HIGH-RISK PROVIDER PATTERN,PROVIDER REQUIRING REVIEW,100.0% flagged records; Average claim risk score = 46.9
1037194784,PHARMACY_CLAIM,1,1,100.0,0,1,1,1,0,0,0,46.92,46.92,0.0,HIGH-RISK PROVIDER PATTERN,PROVIDER REQUIRING REVIEW,100.0% flagged records; Average claim risk score = 46.9
1416867635,PHARMACY_CLAIM,1,1,100.0,0,1,1,1,0,0,0,46.76,46.76,100.0,HIGH-RISK PROVIDER PATTERN,PROVIDER REQUIRING REVIEW,100.0% flagged records; Average claim risk score = 46.8; Empirical claim denial rate = 100.0%
1096228913,PHARMACY_CLAIM,2,2,100.0,0,2,2,2,0,0,0,46.57,46.57,0.0,HIGH-RISK PROVIDER PATTERN,PROVIDER REQUIRING REVIEW,100.0% flagged records; Average claim risk score = 46.6
1193641354,PHARMACY_CLAIM,1,1,100.0,0,1,0,0,0,0,0,46.56,46.56,0.0,HIGH-RISK PROVIDER PATTERN,PROVIDER REQUIRING REVIEW,100.0% flagged records; Average claim risk score = 46.6
1170545426,PHARMACY_CLAIM,1,1,100.0,0,1,0,0,0,0,0,46.53,46.53,0.0,HIGH-RISK PROVIDER PATTERN,PROVIDER REQUIRING REVIEW,100.0% flagged records; Average claim risk score = 46.5
1006210294,PHARMACY_CLAIM,1,1,100.0,0,1,1,1,0,0,0,46.52,46.52,0.0,HIGH-RISK PROVIDER PATTERN,PROVIDER REQUIRING REVIEW,100.0% flagged records; Average claim risk score = 46.5
1097555750,PHARMACY_CLAIM,1,1,100.0,0,1,1,1,0,0,0,46.5,46.5,0.0,HIGH-RISK PROVIDER PATTERN,PROVIDER REQUIRING REVIEW,100.0% flagged records; Average claim risk score = 46.5
1162667799,PHARMACY_CLAIM,1,1,100.0,0,1,0,0,0,0,0,46.48,46.48,0.0,HIGH-RISK PROVIDER PATTERN,PROVIDER REQUIRING REVIEW,100.0% flagged records; Average claim risk score = 46.5
1414506889,PRIOR_AUTH,1,1,100.0,0,1,1,1,0,0,0,46.46,46.46,0.0,HIGH-RISK PROVIDER PATTERN,PROVIDER REQUIRING REVIEW,100.0% flagged records; Average claim risk score = 46.5
1062135472,PHARMACY_CLAIM,1,1,100.0,0,1,0,0,0,0,0,46.38,46.38,0.0,HIGH-RISK PROVIDER PATTERN,PROVIDER REQUIRING REVIEW,100.0% flagged records; Average claim risk score = 46.4
1614689811,PHARMACY_CLAIM,1,1,100.0,0,1,1,1,0,0,0,46.35,46.35,100.0,HIGH-RISK PROVIDER PATTERN,PROVIDER REQUIRING REVIEW,100.0% flagged records; Average claim risk score = 46.4; Empirical claim denial rate = 100.0%
1922492471,PHARMACY_CLAIM,1,1,100.0,0,0,3,0,0,0,0,46.35,46.35,0.0,HIGH-RISK PROVIDER PATTERN,PROVIDER REQUIRING REVIEW,100.0% flagged records; Average claim risk score = 46.4
1121634844,PRIOR_AUTH,1,1,100.0,0,1,1,1,0,0,0,46.26,46.26,0.0,HIGH-RISK PROVIDER PATTERN,PROVIDER REQUIRING REVIEW,100.0% flagged records; Average claim risk score = 46.3
1667016829,PRIOR_AUTH,1,1,100.0,0,1,1,0,0,0,0,46.06,46.06,100.0,HIGH-RISK PROVIDER PATTERN,PROVIDER REQUIRING REVIEW,100.0% flagged records; Average claim risk score = 46.1; Empirical claim denial rate = 100.0%
1048821556,PHARMACY_CLAIM,1,1,100.0,0,1,0,0,0,0,0,46.0,46.0,0.0,HIGH-RISK PROVIDER PATTERN,PROVIDER REQUIRING REVIEW,100.0% flagged records; Average claim risk score = 46.0
1431731061,PHARMACY_CLAIM,1,1,100.0,0,1,1,1,0,0,0,45.99,45.99,0.0,HIGH-RISK PROVIDER PATTERN,PROVIDER REQUIRING REVIEW,100.0% flagged records; Average claim risk score = 46.0
1164876546,MEDICAL_CLAIM,1,1,100.0,0,1,1,0,0,0,0,45.92,45.92,0.0,HIGH-RISK PROVIDER PATTERN,PROVIDER REQUIRING REVIEW,100.0% flagged records; Average claim risk score = 45.9
1791096756,PHARMACY_CLAIM,1,1,100.0,0,1,0,0,0,0,0,45.91,45.91,0.0,HIGH-RISK PROVIDER PATTERN,PROVIDER REQUIRING REVIEW,100.0% flagged records; Average claim risk score = 45.9
1707865465,PRIOR_AUTH,1,1,100.0,0,1,1,1,0,0,0,45.85,45.85,0.0,HIGH-RISK PROVIDER PATTERN,PROVIDER REQUIRING REVIEW,100.0% flagged records; Average claim risk score = 45.9
1778487893,PHARMACY_CLAIM,1,1,100.0,0,1,0,0,0,0,0,45.79,45.79,0.0,HIGH-RISK PROVIDER PATTERN,PROVIDER REQUIRING REVIEW,100.0% flagged records; Average claim risk score = 45.8
1239771588,PHARMACY_CLAIM,1,1,100.0,0,1,0,0,0,0,0,45.77,45.77,0.0,HIGH-RISK PROVIDER PATTERN,PROVIDER REQUIRING REVIEW,100.0% flagged records; Average claim risk score = 45.8
1122883642,PHARMACY_CLAIM,1,1,100.0,0,1,1,1,0,0,0,45.76,45.76,100.0,HIGH-RISK PROVIDER PATTERN,PROVIDER REQUIRING REVIEW,100.0% flagged records; Average claim risk score = 45.8; Empirical claim denial rate = 100.0%
1347368280,PRIOR_AUTH,1,1,100.0,0,1,1,1,0,0,0,45.75,45.75,0.0,HIGH-RISK PROVIDER PATTERN,PROVIDER REQUIRING REVIEW,100.0% flagged records; Average claim risk score = 45.8
1092341428,PRIOR_AUTH,1,1,100.0,0,1,1,1,0,0,0,45.7,45.7,0.0,HIGH-RISK PROVIDER PATTERN,PROVIDER REQUIRING REVIEW,100.0% flagged records; Average claim risk score = 45.7
1515752855,PHARMACY_CLAIM,1,1,100.0,0,1,0,0,0,0,0,45.69,45.69,0.0,HIGH-RISK PROVIDER PATTERN,PROVIDER REQUIRING REVIEW,100.0% flagged records; Average claim risk score = 45.7
1647781013,PHARMACY_CLAIM,1,1,100.0,0,1,0,0,0,0,0,45.66,45.66,0.0,HIGH-RISK PROVIDER PATTERN,PROVIDER REQUIRING REVIEW,100.0% flagged records; Average claim risk score = 45.7
1659392819,MEDICAL_CLAIM,1,1,100.0,0,0,1,0,0,0,0,45.63,45.63,0.0,HIGH-RISK PROVIDER PATTERN,PROVIDER REQUIRING REVIEW,100.0% flagged records; Average claim risk score = 45.6
1969666441,PHARMACY_CLAIM,1,1,100.0,0,1,0,0,0,0,0,45.6,45.6,0.0,HIGH-RISK PROVIDER PATTERN,PROVIDER REQUIRING REVIEW,100.0% flagged records; Average claim risk score = 45.6
1041343484,PHARMACY_CLAIM,1,1,100.0,0,1,1,1,0,0,0,45.56,45.56,0.0,HIGH-RISK PROVIDER PATTERN,PROVIDER REQUIRING REVIEW,100.0% flagged records; Average claim risk score = 45.6
1060958384,PHARMACY_CLAIM,2,2,100.0,0,2,2,2,0,0,0,45.53,45.53,0.0,HIGH-RISK PROVIDER PATTERN,PROVIDER REQUIRING REVIEW,100.0% flagged records; Average claim risk score = 45.5
1950435233,PHARMACY_CLAIM,1,1,100.0,0,1,1,1,0,0,0,45.5,45.5,0.0,HIGH-RISK PROVIDER PATTERN,PROVIDER REQUIRING REVIEW,100.0% flagged records; Average claim risk score = 45.5
1376603837,MEDICAL_CLAIM,1,1,100.0,0,0,1,0,0,0,0,45.47,45.47,0.0,HIGH-RISK PROVIDER PATTERN,PROVIDER REQUIRING REVIEW,100.0% flagged records; Average claim risk score = 45.5
1442685563,PHARMACY_CLAIM,1,1,100.0,0,1,0,0,0,0,0,45.46,45.46,0.0,HIGH-RISK PROVIDER PATTERN,PROVIDER REQUIRING REVIEW,100.0% flagged records; Average claim risk score = 45.5
1170803427,PHARMACY_CLAIM,1,1,100.0,0,1,1,1,0,0,0,45.43,45.43,0.0,HIGH-RISK PROVIDER PATTERN,PROVIDER REQUIRING REVIEW,100.0% flagged records; Average claim risk score = 45.4
1446002947,PHARMACY_CLAIM,1,1,100.0,0,1,1,1,0,0,0,45.41,45.41,0.0,HIGH-RISK PROVIDER PATTERN,PROVIDER REQUIRING REVIEW,100.0% flagged records; Average claim risk score = 45.4
1568061059,MEDICAL_CLAIM,1,1,100.0,1,1,0,0,0,0,0,45.41,45.41,100.0,HIGH-RISK PROVIDER PATTERN,PROVIDER REQUIRING REVIEW,100.0% flagged records; Average claim risk score = 45.4; Empirical claim denial rate = 100.0%
1538313861,MEDICAL_CLAIM,1,1,100.0,0,0,1,0,0,0,0,45.36,45.36,0.0,HIGH-RISK PROVIDER PATTERN,PROVIDER REQUIRING REVIEW,100.0% flagged records; Average claim risk score = 45.4
1129460526,PHARMACY_CLAIM,1,1,100.0,0,1,1,1,0,0,0,45.35,45.35,0.0,HIGH-RISK PROVIDER PATTERN,PROVIDER REQUIRING REVIEW,100.0% flagged records; Average claim risk score = 45.4
1770125932,MEDICAL_CLAIM,1,1,100.0,1,1,0,0,0,0,0,45.35,45.35,100.0,HIGH-RISK PROVIDER PATTERN,PROVIDER REQUIRING REVIEW,100.0% flagged records; Average claim risk score = 45.4; Empirical claim denial rate = 100.0%
1284922515,PHARMACY_CLAIM,1,1,100.0,0,1,1,1,0,0,0,45.34,45.34,100.0,HIGH-RISK PROVIDER PATTERN,PROVIDER REQUIRING REVIEW,100.0% flagged records; Average claim risk score = 45.3; Empirical claim denial rate = 100.0%
1026543048,PHARMACY_CLAIM,1,1,100.0,1,1,0,0,0,0,0,45.31,45.31,100.0,HIGH-RISK PROVIDER PATTERN,PROVIDER REQUIRING REVIEW,100.0% flagged records; Average claim risk score = 45.3; Empirical claim denial rate = 100.0%
1116298541,PRIOR_AUTH,1,1,100.0,0,1,1,0,0,0,0,45.29,45.29,100.0,HIGH-RISK PROVIDER PATTERN,PROVIDER REQUIRING REVIEW,100.0% flagged records; Average claim risk score = 45.3; Empirical claim denial rate = 100.0%
1417688258,PRIOR_AUTH,1,1,100.0,0,1,1,1,0,0,0,45.29,45.29,0.0,HIGH-RISK PROVIDER PATTERN,PROVIDER REQUIRING REVIEW,100.0% flagged records; Average claim risk score = 45.3
1262606131,PHARMACY_CLAIM,1,1,100.0,0,1,1,1,0,0,0,45.24,45.24,0.0,HIGH-RISK PROVIDER PATTERN,PROVIDER REQUIRING REVIEW,100.0% flagged records; Average claim risk score = 45.2
1695678294,PHARMACY_CLAIM,1,1,100.0,0,1,1,1,0,0,0,45.24,45.24,100.0,HIGH-RISK PROVIDER PATTERN,PROVIDER REQUIRING REVIEW,100.0% flagged records; Average claim risk score = 45.2; Empirical claim denial rate = 100.0%
1285185173,MEDICAL_CLAIM,1,1,100.0,0,0,1,0,0,0,0,45.22,45.22,0.0,HIGH-RISK PROVIDER PATTERN,PROVIDER REQUIRING REVIEW,100.0% flagged records; Average claim risk score = 45.2
1316471162,MEDICAL_CLAIM,1,1,100.0,0,0,1,0,0,0,0,45.22,45.22,0.0,HIGH-RISK PROVIDER PATTERN,PROVIDER REQUIRING REVIEW,100.0% flagged records; Average claim risk score = 45.2
1520271679,PHARMACY_CLAIM,1,1,100.0,0,1,0,0,0,0,0,45.2,45.2,0.0,HIGH-RISK PROVIDER PATTERN,PROVIDER REQUIRING REVIEW,100.0% flagged records; Average claim risk score = 45.2
1691423071,PHARMACY_CLAIM,1,1,100.0,0,1,0,0,0,0,0,45.2,45.2,100.0,HIGH-RISK PROVIDER PATTERN,PROVIDER REQUIRING REVIEW,100.0% flagged records; Average claim risk score = 45.2; Empirical claim denial rate = 100.0%
1262884572,PHARMACY_CLAIM,1,1,100.0,0,1,0,0,0,0,0,45.19,45.19,0.0,HIGH-RISK PROVIDER PATTERN,PROVIDER REQUIRING REVIEW,100.0% flagged records; Average claim risk score = 45.2
1502299589,PHARMACY_CLAIM,1,1,100.0,0,1,1,0,0,0,0,45.14,45.14,0.0,HIGH-RISK PROVIDER PATTERN,PROVIDER REQUIRING REVIEW,100.0% flagged records; Average claim risk score = 45.1
1033579412,MEDICAL_CLAIM,2,2,100.0,0,0,2,0,0,0,0,45.06,45.46,0.0,HIGH-RISK PROVIDER PATTERN,PROVIDER REQUIRING REVIEW,100.0% flagged records; Average claim risk score = 45.1
1117555372,PRIOR_AUTH,1,1,100.0,0,1,0,0,0,0,0,44.9,44.9,100.0,HIGH-RISK PROVIDER PATTERN,PROVIDER REQUIRING REVIEW,100.0% flagged records; Average claim risk score = 44.9; Empirical claim denial rate = 100.0%
1178794331,PHARMACY_CLAIM,1,1,100.0,0,1,1,0,0,0,0,44.89,44.89,0.0,HIGH-RISK PROVIDER PATTERN,PROVIDER REQUIRING REVIEW,100.0% flagged records; Average claim risk score = 44.9
1107555171,PHARMACY_CLAIM,1,1,100.0,0,1,1,1,0,0,0,44.88,44.88,100.0,HIGH-RISK PROVIDER PATTERN,PROVIDER REQUIRING REVIEW,100.0% flagged records; Average claim risk score = 44.9; Empirical claim denial rate = 100.0%
1908071383,PHARMACY_CLAIM,1,1,100.0,0,1,1,1,0,0,0,44.87,44.87,100.0,HIGH-RISK PROVIDER PATTERN,PROVIDER REQUIRING REVIEW,100.0% flagged records; Average claim risk score = 44.9; Empirical claim denial rate = 100.0%
1135404705,PHARMACY_CLAIM,1,1,100.0,0,1,1,1,0,0,0,44.86,44.86,100.0,HIGH-RISK PROVIDER PATTERN,PROVIDER REQUIRING REVIEW,100.0% flagged records; Average claim risk score = 44.9; Empirical claim denial rate = 100.0%
1458138585,PHARMACY_CLAIM,1,1,100.0,0,1,1,0,0,0,0,44.85,44.85,0.0,HIGH-RISK PROVIDER PATTERN,PROVIDER REQUIRING REVIEW,100.0% flagged records; Average claim risk score = 44.9
1470186290,PHARMACY_CLAIM,1,1,100.0,0,1,1,1,0,0,0,44.84,44.84,100.0,HIGH-RISK PROVIDER PATTERN,PROVIDER REQUIRING REVIEW,100.0% flagged records; Average claim risk score = 44.8; Empirical claim denial rate = 100.0%
1726181679,PRIOR_AUTH,2,2,100.0,0,2,0,0,0,0,0,44.82,44.82,0.0,HIGH-RISK PROVIDER PATTERN,PROVIDER REQUIRING REVIEW,100.0% flagged records; Average claim risk score = 44.8
1137396707,PRIOR_AUTH,1,1,100.0,0,1,1,1,0,0,0,44.81,44.81,0.0,HIGH-RISK PROVIDER PATTERN,PROVIDER REQUIRING REVIEW,100.0% flagged records; Average claim risk score = 44.8
1245747654,PRIOR_AUTH,1,1,100.0,0,1,1,1,0,0,0,44.79,44.79,0.0,HIGH-RISK PROVIDER PATTERN,PROVIDER REQUIRING REVIEW,100.0% flagged records; Average claim risk score = 44.8
1556852685,PHARMACY_CLAIM,1,1,100.0,0,1,1,1,0,0,0,44.79,44.79,0.0,HIGH-RISK PROVIDER PATTERN,PROVIDER REQUIRING REVIEW,100.0% flagged records; Average claim risk score = 44.8
1466210138,PHARMACY_CLAIM,2,2,100.0,0,2,0,0,0,0,0,44.76,44.76,100.0,HIGH-RISK PROVIDER PATTERN,PROVIDER REQUIRING REVIEW,100.0% flagged records; Average claim risk score = 44.8; Empirical claim denial rate = 100.0%
1432335427,PHARMACY_CLAIM,1,1,100.0,0,1,0,0,0,0,0,44.76,44.76,0.0,HIGH-RISK PROVIDER PATTERN,PROVIDER REQUIRING REVIEW,100.0% flagged records; Average claim risk score = 44.8
1540165390,PRIOR_AUTH,1,1,100.0,0,1,0,0,0,0,0,44.76,44.76,0.0,HIGH-RISK PROVIDER PATTERN,PROVIDER REQUIRING REVIEW,100.0% flagged records; Average claim risk score = 44.8
1673023640,PHARMACY_CLAIM,1,1,100.0,0,1,1,1,0,0,0,44.76,44.76,100.0,HIGH-RISK PROVIDER PATTERN,PROVIDER REQUIRING REVIEW,100.0% flagged records; Average claim risk score = 44.8; Empirical claim denial rate = 100.0%
1368240929,PRIOR_AUTH,1,1,100.0,0,1,1,0,0,0,0,44.74,44.74,100.0,HIGH-RISK PROVIDER PATTERN,PROVIDER REQUIRING REVIEW,100.0% flagged records; Average claim risk score = 44.7; Empirical claim denial rate = 100.0%
1953180273,PRIOR_AUTH,1,1,100.0,0,1,0,0,0,0,0,44.74,44.74,100.0,HIGH-RISK PROVIDER PATTERN,PROVIDER REQUIRING REVIEW,100.0% flagged records; Average claim risk score = 44.7; Empirical claim denial rate = 100.0%
1077058714,PRIOR_AUTH,1,1,100.0,0,1,0,0,0,0,0,44.73,44.73,0.0,HIGH-RISK PROVIDER PATTERN,PROVIDER REQUIRING REVIEW,100.0% flagged records; Average claim risk score = 44.7
1925903767,PHARMACY_CLAIM,1,1,100.0,0,1,1,1,0,0,0,44.73,44.73,0.0,HIGH-RISK PROVIDER PATTERN,PROVIDER REQUIRING REVIEW,100.0% flagged records; Average claim risk score = 44.7
1576069068,PHARMACY_CLAIM,1,1,100.0,0,1,0,0,0,0,0,44.72,44.72,100.0,HIGH-RISK PROVIDER PATTERN,PROVIDER REQUIRING REVIEW,100.0% flagged records; Average claim risk score = 44.7; Empirical claim denial rate = 100.0%
1368293615,PRIOR_AUTH,1,1,100.0,0,1,0,0,0,0,0,44.71,44.71,100.0,HIGH-RISK PROVIDER PATTERN,PROVIDER REQUIRING REVIEW,100.0% flagged records; Average claim risk score = 44.7; Empirical claim denial rate = 100.0%
1891142238,MEDICAL_CLAIM,1,1,100.0,0,0,1,0,0,0,0,44.68,44.68,0.0,HIGH-RISK PROVIDER PATTERN,PROVIDER REQUIRING REVIEW,100.0% flagged records; Average claim risk score = 44.7
1014258290,PRIOR_AUTH,1,1,100.0,0,1,0,0,0,0,0,44.56,44.56,100.0,HIGH-RISK PROVIDER PATTERN,PROVIDER REQUIRING REVIEW,100.0% flagged records; Average claim risk score = 44.6; Empirical claim denial rate = 100.0%
1053853234,MEDICAL_CLAIM,1,1,100.0,0,0,1,1,0,0,0,44.54,44.54,0.0,HIGH-RISK PROVIDER PATTERN,PROVIDER REQUIRING REVIEW,100.0% flagged records; Average claim risk score = 44.5
1247591882,PRIOR_AUTH,1,1,100.0,0,1,1,0,0,0,0,44.54,44.54,100.0,HIGH-RISK PROVIDER PATTERN,PROVIDER REQUIRING REVIEW,100.0% flagged records; Average claim risk score = 44.5; Empirical claim denial rate = 100.0%
1806449792,PHARMACY_CLAIM,1,1,100.0,0,1,1,1,0,0,0,44.52,44.52,0.0,HIGH-RISK PROVIDER PATTERN,PROVIDER REQUIRING REVIEW,100.0% flagged records; Average claim risk score = 44.5
1455857239,PHARMACY_CLAIM,1,1,100.0,0,1,0,0,0,0,0,44.51,44.51,100.0,HIGH-RISK PROVIDER PATTERN,PROVIDER REQUIRING REVIEW,100.0% flagged records; Average claim risk score = 44.5; Empirical claim denial rate = 100.0%
1730312745,MEDICAL_CLAIM,1,1,100.0,0,1,1,0,0,0,0,44.49,44.49,0.0,HIGH-RISK PROVIDER PATTERN,PROVIDER REQUIRING REVIEW,100.0% flagged records; Average claim risk score = 44.5
1830866897,PHARMACY_CLAIM,1,1,100.0,0,0,3,0,0,0,0,44.49,44.49,0.0,HIGH-RISK PROVIDER PATTERN,PROVIDER REQUIRING REVIEW,100.0% flagged records; Average claim risk score = 44.5
1553462362,PRIOR_AUTH,1,1,100.0,0,1,0,0,0,0,0,44.48,44.48,100.0,HIGH-RISK PROVIDER PATTERN,PROVIDER REQUIRING REVIEW,100.0% flagged records; Average claim risk score = 44.5; Empirical claim denial rate = 100.0%
1593241872,PRIOR_AUTH,1,1,100.0,0,1,0,0,0,0,0,44.46,44.46,100.0,HIGH-RISK PROVIDER PATTERN,PROVIDER REQUIRING REVIEW,100.0% flagged records; Average claim risk score = 44.5; Empirical claim denial rate = 100.0%
1723608062,PHARMACY_CLAIM,1,1,100.0,0,1,0,0,0,0,0,44.46,44.46,100.0,HIGH-RISK PROVIDER PATTERN,PROVIDER REQUIRING REVIEW,100.0% flagged records; Average claim risk score = 44.5; Empirical claim denial rate = 100.0%
1857767521,PHARMACY_CLAIM,1,1,100.0,0,1,0,0,0,0,0,44.41,44.41,100.0,HIGH-RISK PROVIDER PATTERN,PROVIDER REQUIRING REVIEW,100.0% flagged records; Average claim risk score = 44.4; Empirical claim denial rate = 100.0%
1209915599,PHARMACY_CLAIM,1,1,100.0,0,1,1,1,0,0,0,44.39,44.39,100.0,HIGH-RISK PROVIDER PATTERN,PROVIDER REQUIRING REVIEW,100.0% flagged records; Average claim risk score = 44.4; Empirical claim denial rate = 100.0%
1984167371,PRIOR_AUTH,1,1,100.0,0,1,0,0,0,0,0,44.39,44.39,100.0,HIGH-RISK PROVIDER PATTERN,PROVIDER REQUIRING REVIEW,100.0% flagged records; Average claim risk score = 44.4; Empirical claim denial rate = 100.0%
1430927888,PHARMACY_CLAIM,1,1,100.0,0,1,1,1,0,0,0,44.32,44.32,100.0,HIGH-RISK PROVIDER PATTERN,PROVIDER REQUIRING REVIEW,100.0% flagged records; Average claim risk score = 44.3; Empirical claim denial rate = 100.0%
1336265982,MEDICAL_CLAIM,1,1,100.0,0,1,1,0,0,0,0,44.29,44.29,0.0,HIGH-RISK PROVIDER PATTERN,PROVIDER REQUIRING REVIEW,100.0% flagged records; Average claim risk score = 44.3
1794914666,PRIOR_AUTH,1,1,100.0,0,1,1,0,0,0,0,44.29,44.29,100.0,HIGH-RISK PROVIDER PATTERN,PROVIDER REQUIRING REVIEW,100.0% flagged records; Average claim risk score = 44.3; Empirical claim denial rate = 100.0%
1830730041,PHARMACY_CLAIM,1,1,100.0,0,1,1,1,0,0,0,44.28,44.28,0.0,HIGH-RISK PROVIDER PATTERN,PROVIDER REQUIRING REVIEW,100.0% flagged records; Average claim risk score = 44.3
1656093881,PHARMACY_CLAIM,1,1,100.0,0,1,0,0,0,0,0,44.25,44.25,0.0,HIGH-RISK PROVIDER PATTERN,PROVIDER REQUIRING REVIEW,100.0% flagged records; Average claim risk score = 44.2
1872229714,PHARMACY_CLAIM,1,1,100.0,0,1,0,0,0,0,0,44.25,44.25,100.0,HIGH-RISK PROVIDER PATTERN,PROVIDER REQUIRING REVIEW,100.0% flagged records; Average claim risk score = 44.2; Empirical claim denial rate = 100.0%
1786839338,PRIOR_AUTH,2,2,100.0,0,2,0,0,0,0,0,44.18,44.18,100.0,HIGH-RISK PROVIDER PATTERN,PROVIDER REQUIRING REVIEW,100.0% flagged records; Average claim risk score = 44.2; Empirical claim denial rate = 100.0%
1294606180,PHARMACY_CLAIM,1,1,100.0,0,1,1,1,0,0,0,44.18,44.18,100.0,HIGH-RISK PROVIDER PATTERN,PROVIDER REQUIRING REVIEW,100.0% flagged records; Average claim risk score = 44.2; Empirical claim denial rate = 100.0%
1400214319,PHARMACY_CLAIM,1,1,100.0,0,1,1,1,0,0,0,44.16,44.16,100.0,HIGH-RISK PROVIDER PATTERN,PROVIDER REQUIRING REVIEW,100.0% flagged records; Average claim risk score = 44.2; Empirical claim denial rate = 100.0%
1556277149,PRIOR_AUTH,1,1,100.0,0,1,0,0,0,0,0,44.15,44.15,100.0,HIGH-RISK PROVIDER PATTERN,PROVIDER REQUIRING REVIEW,100.0% flagged records; Average claim risk score = 44.1; Empirical claim denial rate = 100.0%
1800157876,PHARMACY_CLAIM,1,1,100.0,0,1,1,1,0,0,0,44.15,44.15,100.0,HIGH-RISK PROVIDER PATTERN,PROVIDER REQUIRING REVIEW,100.0% flagged records; Average claim risk score = 44.1; Empirical claim denial rate = 100.0%
1878751327,PHARMACY_CLAIM,2,2,100.0,0,2,0,0,0,0,0,44.14,44.14,0.0,HIGH-RISK PROVIDER PATTERN,PROVIDER REQUIRING REVIEW,100.0% flagged records; Average claim risk score = 44.1
1300782254,PHARMACY_CLAIM,1,1,100.0,0,1,1,1,0,0,0,44.14,44.14,100.0,HIGH-RISK PROVIDER PATTERN,PROVIDER REQUIRING REVIEW,100.0% flagged records; Average claim risk score = 44.1; Empirical claim denial rate = 100.0%
1369264524,PRIOR_AUTH,1,1,100.0,0,1,0,0,0,0,0,44.14,44.14,100.0,HIGH-RISK PROVIDER PATTERN,PROVIDER REQUIRING REVIEW,100.0% flagged records; Average claim risk score = 44.1; Empirical claim denial rate = 100.0%
1929812369,PHARMACY_CLAIM,1,1,100.0,0,1,0,0,0,0,0,44.12,44.12,0.0,HIGH-RISK PROVIDER PATTERN,PROVIDER REQUIRING REVIEW,100.0% flagged records; Average claim risk score = 44.1
1140819346,PHARMACY_CLAIM,1,1,100.0,0,1,0,0,0,0,0,44.08,44.08,100.0,HIGH-RISK PROVIDER PATTERN,PROVIDER REQUIRING REVIEW,100.0% flagged records; Average claim risk score = 44.1; Empirical claim denial rate = 100.0%
1194732438,MEDICAL_CLAIM,1,1,100.0,0,1,1,0,0,0,0,44.08,44.08,0.0,HIGH-RISK PROVIDER PATTERN,PROVIDER REQUIRING REVIEW,100.0% flagged records; Average claim risk score = 44.1
1545510039,PHARMACY_CLAIM,1,1,100.0,0,1,0,0,0,0,0,44.07,44.07,100.0,HIGH-RISK PROVIDER PATTERN,PROVIDER REQUIRING REVIEW,100.0% flagged records; Average claim risk score = 44.1; Empirical claim denial rate = 100.0%
1328639206,PRIOR_AUTH,1,1,100.0,0,1,1,1,0,0,0,44.05,44.05,0.0,HIGH-RISK PROVIDER PATTERN,PROVIDER REQUIRING REVIEW,100.0% flagged records; Average claim risk score = 44.0
1721289607,PHARMACY_CLAIM,1,1,100.0,0,1,0,0,0,0,0,44.05,44.05,100.0,HIGH-RISK PROVIDER PATTERN,PROVIDER REQUIRING REVIEW,100.0% flagged records; Average claim risk score = 44.0; Empirical claim denial rate = 100.0%
1912896723,PHARMACY_CLAIM,1,1,100.0,0,1,0,0,0,0,0,44.04,44.04,0.0,HIGH-RISK PROVIDER PATTERN,PROVIDER REQUIRING REVIEW,100.0% flagged records; Average claim risk score = 44.0
1161988211,PRIOR_AUTH,1,1,100.0,0,1,1,0,0,0,0,44.03,44.03,100.0,HIGH-RISK PROVIDER PATTERN,PROVIDER REQUIRING REVIEW,100.0% flagged records; Average claim risk score = 44.0; Empirical claim denial rate = 100.0%
1224207246,PHARMACY_CLAIM,1,1,100.0,0,1,1,1,0,0,0,44.01,44.01,0.0,HIGH-RISK PROVIDER PATTERN,PROVIDER REQUIRING REVIEW,100.0% flagged records; Average claim risk score = 44.0
1124381793,MEDICAL_CLAIM,1,1,100.0,0,0,1,0,0,0,0,44.0,44.0,0.0,HIGH-RISK PROVIDER PATTERN,PROVIDER REQUIRING REVIEW,100.0% flagged records; Average claim risk score = 44.0
1763562462,PHARMACY_CLAIM,1,1,100.0,0,1,1,0,0,0,0,43.97,43.97,0.0,HIGH-RISK PROVIDER PATTERN,PROVIDER REQUIRING REVIEW,100.0% flagged records; Average claim risk score = 44.0
1192267023,PHARMACY_CLAIM,1,1,100.0,0,1,0,0,0,0,0,43.95,43.95,100.0,HIGH-RISK PROVIDER PATTERN,PROVIDER REQUIRING REVIEW,100.0% flagged records; Average claim risk score = 44.0; Empirical claim denial rate = 100.0%
1186172136,PHARMACY_CLAIM,1,1,100.0,0,0,2,0,0,0,0,43.92,43.92,0.0,HIGH-RISK PROVIDER PATTERN,PROVIDER REQUIRING REVIEW,100.0% flagged records; Average claim risk score = 43.9
1064509236,PHARMACY_CLAIM,1,1,100.0,0,0,2,0,0,0,0,43.9,43.9,0.0,HIGH-RISK PROVIDER PATTERN,PROVIDER REQUIRING REVIEW,100.0% flagged records; Average claim risk score = 43.9
1299115961,PHARMACY_CLAIM,1,1,100.0,0,1,0,0,0,0,0,43.9,43.9,100.0,HIGH-RISK PROVIDER PATTERN,PROVIDER REQUIRING REVIEW,100.0% flagged records; Average claim risk score = 43.9; Empirical claim denial rate = 100.0%
1864781705,PRIOR_AUTH,1,1,100.0,0,1,0,0,0,0,0,43.89,43.89,100.0,HIGH-RISK PROVIDER PATTERN,PROVIDER REQUIRING REVIEW,100.0% flagged records; Average claim risk score = 43.9; Empirical claim denial rate = 100.0%
1159312312,PHARMACY_CLAIM,1,1,100.0,0,1,1,1,0,0,0,43.88,43.88,100.0,HIGH-RISK PROVIDER PATTERN,PROVIDER REQUIRING REVIEW,100.0% flagged records; Average claim risk score = 43.9; Empirical claim denial rate = 100.0%
1029729671,PHARMACY_CLAIM,1,1,100.0,0,1,1,1,0,0,0,43.87,43.87,100.0,HIGH-RISK PROVIDER PATTERN,PROVIDER REQUIRING REVIEW,100.0% flagged records; Average claim risk score = 43.9; Empirical claim denial rate = 100.0%
1134068474,PHARMACY_CLAIM,1,1,100.0,0,1,1,0,0,0,0,43.86,43.86,0.0,HIGH-RISK PROVIDER PATTERN,PROVIDER REQUIRING REVIEW,100.0% flagged records; Average claim risk score = 43.9
1699778902,MEDICAL_CLAIM,1,1,100.0,0,0,3,0,0,0,0,43.85,43.85,0.0,HIGH-RISK PROVIDER PATTERN,PROVIDER REQUIRING REVIEW,100.0% flagged records; Average claim risk score = 43.9
1175922922,PHARMACY_CLAIM,1,1,100.0,0,1,1,1,0,0,0,43.84,43.84,100.0,HIGH-RISK PROVIDER PATTERN,PROVIDER REQUIRING REVIEW,100.0% flagged records; Average claim risk score = 43.8; Empirical claim denial rate = 100.0%
1659518553,MEDICAL_CLAIM,1,1,100.0,0,1,1,0,0,0,0,43.84,43.84,0.0,HIGH-RISK PROVIDER PATTERN,PROVIDER REQUIRING REVIEW,100.0% flagged records; Average claim risk score = 43.8
1245720168,MEDICAL_CLAIM,2,2,100.0,0,2,2,0,0,0,0,43.83,43.83,0.0,HIGH-RISK PROVIDER PATTERN,PROVIDER REQUIRING REVIEW,100.0% flagged records; Average claim risk score = 43.8
1215089602,MEDICAL_CLAIM,1,1,100.0,0,1,1,0,0,0,0,43.8,43.8,0.0,HIGH-RISK PROVIDER PATTERN,PROVIDER REQUIRING REVIEW,100.0% flagged records; Average claim risk score = 43.8
1426268529,PRIOR_AUTH,1,1,100.0,0,1,0,0,0,0,0,43.8,43.8,100.0,HIGH-RISK PROVIDER PATTERN,PROVIDER REQUIRING REVIEW,100.0% flagged records; Average claim risk score = 43.8; Empirical claim denial rate = 100.0%
1641189067,PRIOR_AUTH,1,1,100.0,0,1,0,0,0,0,0,43.79,43.79,100.0,HIGH-RISK PROVIDER PATTERN,PROVIDER REQUIRING REVIEW,100.0% flagged records; Average claim risk score = 43.8; Empirical claim denial rate = 100.0%
1257328295,PRIOR_AUTH,1,1,100.0,0,1,1,1,0,0,0,43.76,43.76,0.0,HIGH-RISK PROVIDER PATTERN,PROVIDER REQUIRING REVIEW,100.0% flagged records; Average claim risk score = 43.8
1475393115,PRIOR_AUTH,1,1,100.0,0,1,0,0,0,0,0,43.76,43.76,0.0,HIGH-RISK PROVIDER PATTERN,PROVIDER REQUIRING REVIEW,100.0% flagged records; Average claim risk score = 43.8
1514763040,PHARMACY_CLAIM,1,1,100.0,0,1,0,0,0,0,0,43.76,43.76,100.0,HIGH-RISK PROVIDER PATTERN,PROVIDER REQUIRING REVIEW,100.0% flagged records; Average claim risk score = 43.8; Empirical claim denial rate = 100.0%
1310736315,PHARMACY_CLAIM,1,1,100.0,0,1,1,1,0,0,0,43.75,43.75,0.0,HIGH-RISK PROVIDER PATTERN,PROVIDER REQUIRING REVIEW,100.0% flagged records; Average claim risk score = 43.8
1681502859,PRIOR_AUTH,1,1,100.0,0,1,0,0,0,0,0,43.75,43.75,100.0,HIGH-RISK PROVIDER PATTERN,PROVIDER REQUIRING REVIEW,100.0% flagged records; Average claim risk score = 43.8; Empirical claim denial rate = 100.0%
1856061915,PHARMACY_CLAIM,1,1,100.0,0,1,1,1,0,0,0,43.74,43.74,100.0,HIGH-RISK PROVIDER PATTERN,PROVIDER REQUIRING REVIEW,100.0% flagged records; Average claim risk score = 43.7; Empirical claim denial rate = 100.0%
1745659061,PHARMACY_CLAIM,1,1,100.0,0,1,1,1,0,0,0,43.72,43.72,100.0,HIGH-RISK PROVIDER PATTERN,PROVIDER REQUIRING REVIEW,100.0% flagged records; Average claim risk score = 43.7; Empirical claim denial rate = 100.0%
1881597335,PHARMACY_CLAIM,1,1,100.0,0,1,1,1,0,0,0,43.72,43.72,100.0,HIGH-RISK PROVIDER PATTERN,PROVIDER REQUIRING REVIEW,100.0% flagged records; Average claim risk score = 43.7; Empirical claim denial rate = 100.0%
1115943771,PHARMACY_CLAIM,1,1,100.0,0,1,1,1,0,0,0,43.69,43.69,100.0,HIGH-RISK PROVIDER PATTERN,PROVIDER REQUIRING REVIEW,100.0% flagged records; Average claim risk score = 43.7; Empirical claim denial rate = 100.0%
1387298232,PHARMACY_CLAIM,1,1,100.0,0,1,0,0,0,0,0,43.69,43.69,100.0,HIGH-RISK PROVIDER PATTERN,PROVIDER REQUIRING REVIEW,100.0% flagged records; Average claim risk score = 43.7; Empirical claim denial rate = 100.0%
1332501228,PRIOR_AUTH,2,2,100.0,0,2,0,0,0,0,0,43.66,43.66,100.0,HIGH-RISK PROVIDER PATTERN,PROVIDER REQUIRING REVIEW,100.0% flagged records; Average claim risk score = 43.7; Empirical claim denial rate = 100.0%
1478333867,PRIOR_AUTH,1,1,100.0,0,1,1,1,0,0,0,43.65,43.65,0.0,HIGH-RISK PROVIDER PATTERN,PROVIDER REQUIRING REVIEW,100.0% flagged records; Average claim risk score = 43.6
1525766369,PHARMACY_CLAIM,1,1,100.0,0,1,0,0,0,0,0,43.65,43.65,100.0,HIGH-RISK PROVIDER PATTERN,PROVIDER REQUIRING REVIEW,100.0% flagged records; Average claim risk score = 43.6; Empirical claim denial rate = 100.0%
1700838034,MEDICAL_CLAIM,1,1,100.0,0,0,1,0,0,0,0,43.65,43.65,0.0,HIGH-RISK PROVIDER PATTERN,PROVIDER REQUIRING REVIEW,100.0% flagged records; Average claim risk score = 43.6
1023560331,MEDICAL_CLAIM,1,1,100.0,0,1,1,0,0,0,0,43.64,43.64,0.0,HIGH-RISK PROVIDER PATTERN,PROVIDER REQUIRING REVIEW,100.0% flagged records; Average claim risk score = 43.6
1073740098,MEDICAL_CLAIM,1,1,100.0,0,1,1,0,0,0,0,43.62,43.62,0.0,HIGH-RISK PROVIDER PATTERN,PROVIDER REQUIRING REVIEW,100.0% flagged records; Average claim risk score = 43.6
1342104018,PHARMACY_CLAIM,1,1,100.0,0,1,0,0,0,0,0,43.62,43.62,0.0,HIGH-RISK PROVIDER PATTERN,PROVIDER REQUIRING REVIEW,100.0% flagged records; Average claim risk score = 43.6
1784389917,PHARMACY_CLAIM,1,1,100.0,0,1,1,1,0,0,0,43.62,43.62,0.0,HIGH-RISK PROVIDER PATTERN,PROVIDER REQUIRING REVIEW,100.0% flagged records; Average claim risk score = 43.6
1193741874,PHARMACY_CLAIM,1,1,100.0,0,1,1,1,0,0,0,43.61,43.61,100.0,HIGH-RISK PROVIDER PATTERN,PROVIDER REQUIRING REVIEW,100.0% flagged records; Average claim risk score = 43.6; Empirical claim denial rate = 100.0%
1174173437,PRIOR_AUTH,1,1,100.0,0,1,1,0,0,0,0,43.59,43.59,100.0,HIGH-RISK PROVIDER PATTERN,PROVIDER REQUIRING REVIEW,100.0% flagged records; Average claim risk score = 43.6; Empirical claim denial rate = 100.0%
1712727944,PRIOR_AUTH,1,1,100.0,0,1,1,0,0,0,0,43.56,43.56,100.0,HIGH-RISK PROVIDER PATTERN,PROVIDER REQUIRING REVIEW,100.0% flagged records; Average claim risk score = 43.6; Empirical claim denial rate = 100.0%
1840692619,PRIOR_AUTH,1,1,100.0,0,1,1,1,0,0,0,43.55,43.55,0.0,HIGH-RISK PROVIDER PATTERN,PROVIDER REQUIRING REVIEW,100.0% flagged records; Average claim risk score = 43.5
1436648492,PRIOR_AUTH,2,2,100.0,0,2,0,0,0,0,0,43.52,43.52,100.0,HIGH-RISK PROVIDER PATTERN,PROVIDER REQUIRING REVIEW,100.0% flagged records; Average claim risk score = 43.5; Empirical claim denial rate = 100.0%
1205188448,MEDICAL_CLAIM,1,1,100.0,0,1,1,0,0,0,0,43.52,43.52,0.0,HIGH-RISK PROVIDER PATTERN,PROVIDER REQUIRING REVIEW,100.0% flagged records; Average claim risk score = 43.5
1502001873,PHARMACY_CLAIM,1,1,100.0,0,1,1,1,0,0,0,43.52,43.52,100.0,HIGH-RISK PROVIDER PATTERN,PROVIDER REQUIRING REVIEW,100.0% flagged records; Average claim risk score = 43.5; Empirical claim denial rate = 100.0%
1150668795,PHARMACY_CLAIM,1,1,100.0,0,1,0,0,0,0,0,43.49,43.49,0.0,HIGH-RISK PROVIDER PATTERN,PROVIDER REQUIRING REVIEW,100.0% flagged records; Average claim risk score = 43.5
1167460952,PRIOR_AUTH,1,1,100.0,0,1,1,0,0,0,0,43.49,43.49,100.0,HIGH-RISK PROVIDER PATTERN,PROVIDER REQUIRING REVIEW,100.0% flagged records; Average claim risk score = 43.5; Empirical claim denial rate = 100.0%
1299407407,PHARMACY_CLAIM,1,1,100.0,0,1,1,1,0,0,0,43.49,43.49,100.0,HIGH-RISK PROVIDER PATTERN,PROVIDER REQUIRING REVIEW,100.0% flagged records; Average claim risk score = 43.5; Empirical claim denial rate = 100.0%
1271130755,PHARMACY_CLAIM,1,1,100.0,0,1,0,0,0,0,0,43.41,43.41,0.0,HIGH-RISK PROVIDER PATTERN,PROVIDER REQUIRING REVIEW,100.0% flagged records; Average claim risk score = 43.4
1821652793,MEDICAL_CLAIM,1,1,100.0,0,0,1,0,0,0,0,43.4,43.4,0.0,HIGH-RISK PROVIDER PATTERN,PROVIDER REQUIRING REVIEW,100.0% flagged records; Average claim risk score = 43.4
1092354812,PRIOR_AUTH,2,2,100.0,0,2,0,0,0,0,0,43.37,43.37,100.0,HIGH-RISK PROVIDER PATTERN,PROVIDER REQUIRING REVIEW,100.0% flagged records; Average claim risk score = 43.4; Empirical claim denial rate = 100.0%
1650814205,PHARMACY_CLAIM,1,1,100.0,0,0,2,1,0,0,0,43.36,43.36,0.0,HIGH-RISK PROVIDER PATTERN,PROVIDER REQUIRING REVIEW,100.0% flagged records; Average claim risk score = 43.4
1777282363,PRIOR_AUTH,1,1,100.0,1,1,0,1,0,0,0,43.35,43.35,0.0,HIGH-RISK PROVIDER PATTERN,PROVIDER REQUIRING REVIEW,100.0% flagged records; Average claim risk score = 43.4
1804897040,PHARMACY_CLAIM,1,1,100.0,0,1,1,1,0,0,0,43.35,43.35,100.0,HIGH-RISK PROVIDER PATTERN,PROVIDER REQUIRING REVIEW,100.0% flagged records; Average claim risk score = 43.4; Empirical claim denial rate = 100.0%
1141234798,PHARMACY_CLAIM,1,1,100.0,0,1,1,1,0,0,0,43.34,43.34,100.0,HIGH-RISK PROVIDER PATTERN,PROVIDER REQUIRING REVIEW,100.0% flagged records; Average claim risk score = 43.3; Empirical claim denial rate = 100.0%
1759735508,PRIOR_AUTH,2,2,100.0,0,2,0,0,0,0,0,43.29,43.29,0.0,HIGH-RISK PROVIDER PATTERN,PROVIDER REQUIRING REVIEW,100.0% flagged records; Average claim risk score = 43.3
1453629251,PRIOR_AUTH,1,1,100.0,1,1,0,1,0,0,0,43.28,43.28,0.0,HIGH-RISK PROVIDER PATTERN,PROVIDER REQUIRING REVIEW,100.0% flagged records; Average claim risk score = 43.3
1488244051,PRIOR_AUTH,1,1,100.0,1,1,0,1,0,0,0,43.28,43.28,0.0,HIGH-RISK PROVIDER PATTERN,PROVIDER REQUIRING REVIEW,100.0% flagged records; Average claim risk score = 43.3
1441873961,PRIOR_AUTH,2,2,100.0,0,2,0,0,0,0,0,43.27,43.27,100.0,HIGH-RISK PROVIDER PATTERN,PROVIDER REQUIRING REVIEW,100.0% flagged records; Average claim risk score = 43.3; Empirical claim denial rate = 100.0%
1010681916,PHARMACY_CLAIM,1,1,100.0,0,1,1,1,0,0,0,43.26,43.26,0.0,HIGH-RISK PROVIDER PATTERN,PROVIDER REQUIRING REVIEW,100.0% flagged records; Average claim risk score = 43.3
1442131997,PRIOR_AUTH,1,1,100.0,1,1,0,1,0,0,0,43.24,43.24,0.0,HIGH-RISK PROVIDER PATTERN,PROVIDER REQUIRING REVIEW,100.0% flagged records; Average claim risk score = 43.2
1747934834,PRIOR_AUTH,1,1,100.0,0,1,1,1,0,0,0,43.24,43.24,0.0,HIGH-RISK PROVIDER PATTERN,PROVIDER REQUIRING REVIEW,100.0% flagged records; Average claim risk score = 43.2
1904278539,PHARMACY_CLAIM,1,1,100.0,0,1,1,1,0,0,0,43.23,43.23,100.0,HIGH-RISK PROVIDER PATTERN,PROVIDER REQUIRING REVIEW,100.0% flagged records; Average claim risk score = 43.2; Empirical claim denial rate = 100.0%
1941657524,PHARMACY_CLAIM,1,1,100.0,1,1,0,1,0,0,0,43.22,43.22,100.0,HIGH-RISK PROVIDER PATTERN,PROVIDER REQUIRING REVIEW,100.0% flagged records; Average claim risk score = 43.2; Empirical claim denial rate = 100.0%
1051989007,PHARMACY_CLAIM,1,1,100.0,0,1,1,1,0,0,0,43.2,43.2,100.0,HIGH-RISK PROVIDER PATTERN,PROVIDER REQUIRING REVIEW,100.0% flagged records; Average claim risk score = 43.2; Empirical claim denial rate = 100.0%
1527052585,PRIOR_AUTH,1,1,100.0,1,1,0,1,0,0,0,43.2,43.2,0.0,HIGH-RISK PROVIDER PATTERN,PROVIDER REQUIRING REVIEW,100.0% flagged records; Average claim risk score = 43.2
1542955841,PRIOR_AUTH,1,1,100.0,0,1,1,1,0,0,0,43.17,43.17,0.0,HIGH-RISK PROVIDER PATTERN,PROVIDER REQUIRING REVIEW,100.0% flagged records; Average claim risk score = 43.2
1565222846,PRIOR_AUTH,1,1,100.0,0,1,1,1,0,0,0,43.17,43.17,0.0,HIGH-RISK PROVIDER PATTERN,PROVIDER REQUIRING REVIEW,100.0% flagged records; Average claim risk score = 43.2
1749319627,PRIOR_AUTH,1,1,100.0,1,1,0,1,0,0,0,43.17,43.17,0.0,HIGH-RISK PROVIDER PATTERN,PROVIDER REQUIRING REVIEW,100.0% flagged records; Average claim risk score = 43.2
1488449599,PHARMACY_CLAIM,1,1,100.0,0,1,1,0,0,0,0,43.15,43.15,0.0,HIGH-RISK PROVIDER PATTERN,PROVIDER REQUIRING REVIEW,100.0% flagged records; Average claim risk score = 43.1
1572217302,PHARMACY_CLAIM,1,1,100.0,0,1,0,0,0,0,0,43.15,43.15,100.0,HIGH-RISK PROVIDER PATTERN,PROVIDER REQUIRING REVIEW,100.0% flagged records; Average claim risk score = 43.1; Empirical claim denial rate = 100.0%
1079239955,PHARMACY_CLAIM,1,1,100.0,0,1,1,1,0,0,0,43.11,43.11,100.0,HIGH-RISK PROVIDER PATTERN,PROVIDER REQUIRING REVIEW,100.0% flagged records; Average claim risk score = 43.1; Empirical claim denial rate = 100.0%
1804831922,PHARMACY_CLAIM,1,1,100.0,0,1,1,0,0,0,0,43.11,43.11,0.0,HIGH-RISK PROVIDER PATTERN,PROVIDER REQUIRING REVIEW,100.0% flagged records; Average claim risk score = 43.1
1362964353,PHARMACY_CLAIM,1,1,100.0,0,1,0,0,0,0,0,43.0,43.0,100.0,HIGH-RISK PROVIDER PATTERN,PROVIDER REQUIRING REVIEW,100.0% flagged records; Average claim risk score = 43.0; Empirical claim denial rate = 100.0%
1812151855,PHARMACY_CLAIM,1,1,100.0,0,1,0,0,0,0,0,42.97,42.97,100.0,HIGH-RISK PROVIDER PATTERN,PROVIDER REQUIRING REVIEW,100.0% flagged records; Average claim risk score = 43.0; Empirical claim denial rate = 100.0%
1489379345,PHARMACY_CLAIM,1,1,100.0,0,1,1,1,0,0,0,42.96,42.96,100.0,HIGH-RISK PROVIDER PATTERN,PROVIDER REQUIRING REVIEW,100.0% flagged records; Average claim risk score = 43.0; Empirical claim denial rate = 100.0%
1615438511,PHARMACY_CLAIM,1,1,100.0,0,1,0,0,0,0,0,42.96,42.96,0.0,HIGH-RISK PROVIDER PATTERN,PROVIDER REQUIRING REVIEW,100.0% flagged records; Average claim risk score = 43.0
1632021257,PRIOR_AUTH,1,1,100.0,0,1,1,0,0,0,0,42.96,42.96,100.0,HIGH-RISK PROVIDER PATTERN,PROVIDER REQUIRING REVIEW,100.0% flagged records; Average claim risk score = 43.0; Empirical claim denial rate = 100.0%
1290061675,PHARMACY_CLAIM,1,1,100.0,0,1,0,0,0,0,0,42.94,42.94,100.0,HIGH-RISK PROVIDER PATTERN,PROVIDER REQUIRING REVIEW,100.0% flagged records; Average claim risk score = 42.9; Empirical claim denial rate = 100.0%
1630777189,PHARMACY_CLAIM,1,1,100.0,0,1,1,1,0,0,0,42.94,42.94,100.0,HIGH-RISK PROVIDER PATTERN,PROVIDER REQUIRING REVIEW,100.0% flagged records; Average claim risk score = 42.9; Empirical claim denial rate = 100.0%
1974372377,PRIOR_AUTH,1,1,100.0,0,1,1,0,0,0,0,42.92,42.92,100.0,HIGH-RISK PROVIDER PATTERN,PROVIDER REQUIRING REVIEW,100.0% flagged records; Average claim risk score = 42.9; Empirical claim denial rate = 100.0%
1202797364,PHARMACY_CLAIM,1,1,100.0,0,1,1,1,0,0,0,42.91,42.91,0.0,HIGH-RISK PROVIDER PATTERN,PROVIDER REQUIRING REVIEW,100.0% flagged records; Average claim risk score = 42.9
1315879987,PHARMACY_CLAIM,1,1,100.0,0,1,1,1,0,0,0,42.91,42.91,100.0,HIGH-RISK PROVIDER PATTERN,PROVIDER REQUIRING REVIEW,100.0% flagged records; Average claim risk score = 42.9; Empirical claim denial rate = 100.0%
1411380052,PRIOR_AUTH,1,1,100.0,0,1,0,0,0,0,0,42.91,42.91,100.0,HIGH-RISK PROVIDER PATTERN,PROVIDER REQUIRING REVIEW,100.0% flagged records; Average claim risk score = 42.9; Empirical claim denial rate = 100.0%
1288857013,PHARMACY_CLAIM,1,1,100.0,0,1,1,0,0,0,0,42.89,42.89,0.0,HIGH-RISK PROVIDER PATTERN,PROVIDER REQUIRING REVIEW,100.0% flagged records; Average claim risk score = 42.9
1646794742,PRIOR_AUTH,1,1,100.0,0,1,1,0,0,0,0,42.88,42.88,100.0,HIGH-RISK PROVIDER PATTERN,PROVIDER REQUIRING REVIEW,100.0% flagged records; Average claim risk score = 42.9; Empirical claim denial rate = 100.0%
1758116259,PRIOR_AUTH,1,1,100.0,0,1,1,1,0,0,0,42.88,42.88,0.0,HIGH-RISK PROVIDER PATTERN,PROVIDER REQUIRING REVIEW,100.0% flagged records; Average claim risk score = 42.9
1987017109,PRIOR_AUTH,1,1,100.0,0,1,1,0,0,0,0,42.88,42.88,100.0,HIGH-RISK PROVIDER PATTERN,PROVIDER REQUIRING REVIEW,100.0% flagged records; Average claim risk score = 42.9; Empirical claim denial rate = 100.0%
1659436996,MEDICAL_CLAIM,2,2,100.0,0,2,2,0,0,0,0,42.87,44.53,0.0,HIGH-RISK PROVIDER PATTERN,PROVIDER REQUIRING REVIEW,100.0% flagged records; Average claim risk score = 42.9
1461644137,PHARMACY_CLAIM,1,1,100.0,0,1,1,1,0,0,0,42.82,42.82,100.0,HIGH-RISK PROVIDER PATTERN,PROVIDER REQUIRING REVIEW,100.0% flagged records; Average claim risk score = 42.8; Empirical claim denial rate = 100.0%
1629592008,PRIOR_AUTH,1,1,100.0,0,1,1,0,0,0,0,42.79,42.79,100.0,HIGH-RISK PROVIDER PATTERN,PROVIDER REQUIRING REVIEW,100.0% flagged records; Average claim risk score = 42.8; Empirical claim denial rate = 100.0%
1390178733,PHARMACY_CLAIM,1,1,100.0,0,1,1,1,0,0,0,42.73,42.73,100.0,HIGH-RISK PROVIDER PATTERN,PROVIDER REQUIRING REVIEW,100.0% flagged records; Average claim risk score = 42.7; Empirical claim denial rate = 100.0%
1523511913,PRIOR_AUTH,1,1,100.0,0,1,1,1,0,0,0,42.72,42.72,0.0,HIGH-RISK PROVIDER PATTERN,PROVIDER REQUIRING REVIEW,100.0% flagged records; Average claim risk score = 42.7
1108076678,PHARMACY_CLAIM,1,1,100.0,0,1,1,0,0,0,0,42.66,42.66,0.0,HIGH-RISK PROVIDER PATTERN,PROVIDER REQUIRING REVIEW,100.0% flagged records; Average claim risk score = 42.7
1191473714,PHARMACY_CLAIM,1,1,100.0,0,1,0,0,0,0,0,42.65,42.65,0.0,HIGH-RISK PROVIDER PATTERN,PROVIDER REQUIRING REVIEW,100.0% flagged records; Average claim risk score = 42.6
1371280516,PHARMACY_CLAIM,1,1,100.0,0,1,1,1,0,0,0,42.65,42.65,100.0,HIGH-RISK PROVIDER PATTERN,PROVIDER REQUIRING REVIEW,100.0% flagged records; Average claim risk score = 42.6; Empirical claim denial rate = 100.0%
1985650051,PHARMACY_CLAIM,1,1,100.0,0,1,1,1,0,0,0,42.65,42.65,100.0,HIGH-RISK PROVIDER PATTERN,PROVIDER REQUIRING REVIEW,100.0% flagged records; Average claim risk score = 42.6; Empirical claim denial rate = 100.0%
1742438193,PHARMACY_CLAIM,1,1,100.0,0,1,1,0,0,0,0,42.63,42.63,0.0,HIGH-RISK PROVIDER PATTERN,PROVIDER REQUIRING REVIEW,100.0% flagged records; Average claim risk score = 42.6
1912460619,PRIOR_AUTH,2,2,100.0,0,2,0,0,0,0,0,42.62,42.62,0.0,HIGH-RISK PROVIDER PATTERN,PROVIDER REQUIRING REVIEW,100.0% flagged records; Average claim risk score = 42.6
1571759130,PHARMACY_CLAIM,1,1,100.0,0,1,1,1,0,0,0,42.62,42.62,100.0,HIGH-RISK PROVIDER PATTERN,PROVIDER REQUIRING REVIEW,100.0% flagged records; Average claim risk score = 42.6; Empirical claim denial rate = 100.0%
1187969150,PHARMACY_CLAIM,1,1,100.0,0,1,1,0,0,0,0,42.6,42.6,0.0,HIGH-RISK PROVIDER PATTERN,PROVIDER REQUIRING REVIEW,100.0% flagged records; Average claim risk score = 42.6
1260148909,PHARMACY_CLAIM,1,1,100.0,0,1,0,0,0,0,0,42.6,42.6,0.0,HIGH-RISK PROVIDER PATTERN,PROVIDER REQUIRING REVIEW,100.0% flagged records; Average claim risk score = 42.6
1234033406,PRIOR_AUTH,1,1,100.0,0,1,1,1,0,0,0,42.58,42.58,0.0,HIGH-RISK PROVIDER PATTERN,PROVIDER REQUIRING REVIEW,100.0% flagged records; Average claim risk score = 42.6
1750054655,PRIOR_AUTH,1,1,100.0,0,1,1,0,0,0,0,42.58,42.58,100.0,HIGH-RISK PROVIDER PATTERN,PROVIDER REQUIRING REVIEW,100.0% flagged records; Average claim risk score = 42.6; Empirical claim denial rate = 100.0%
1647818299,PHARMACY_CLAIM,1,1,100.0,0,1,1,1,0,0,0,42.57,42.57,100.0,HIGH-RISK PROVIDER PATTERN,PROVIDER REQUIRING REVIEW,100.0% flagged records; Average claim risk score = 42.6; Empirical claim denial rate = 100.0%
1503313631,PHARMACY_CLAIM,1,1,100.0,0,1,0,0,0,0,0,42.56,42.56,100.0,HIGH-RISK PROVIDER PATTERN,PROVIDER REQUIRING REVIEW,100.0% flagged records; Average claim risk score = 42.6; Empirical claim denial rate = 100.0%
1707457297,PHARMACY_CLAIM,1,1,100.0,0,1,0,0,0,0,0,42.54,42.54,0.0,HIGH-RISK PROVIDER PATTERN,PROVIDER REQUIRING REVIEW,100.0% flagged records; Average claim risk score = 42.5
1615432747,PHARMACY_CLAIM,1,1,100.0,0,1,0,0,0,0,0,42.53,42.53,0.0,HIGH-RISK PROVIDER PATTERN,PROVIDER REQUIRING REVIEW,100.0% flagged records; Average claim risk score = 42.5
1536242253,PHARMACY_CLAIM,1,1,100.0,0,1,1,1,0,0,0,42.51,42.51,100.0,HIGH-RISK PROVIDER PATTERN,PROVIDER REQUIRING REVIEW,100.0% flagged records; Average claim risk score = 42.5; Empirical claim denial rate = 100.0%
1831142389,MEDICAL_CLAIM,1,1,100.0,0,1,1,0,0,0,0,42.51,42.51,0.0,HIGH-RISK PROVIDER PATTERN,PROVIDER REQUIRING REVIEW,100.0% flagged records; Average claim risk score = 42.5
1834651349,PRIOR_AUTH,1,1,100.0,0,1,0,0,0,0,0,42.51,42.51,100.0,HIGH-RISK PROVIDER PATTERN,PROVIDER REQUIRING REVIEW,100.0% flagged records; Average claim risk score = 42.5; Empirical claim denial rate = 100.0%
1612328342,PHARMACY_CLAIM,1,1,100.0,0,1,1,1,0,0,0,42.5,42.5,100.0,HIGH-RISK PROVIDER PATTERN,PROVIDER REQUIRING REVIEW,100.0% flagged records; Average claim risk score = 42.5; Empirical claim denial rate = 100.0%
1366531618,MEDICAL_CLAIM,1,1,100.0,0,1,0,0,0,0,0,42.48,42.48,0.0,HIGH-RISK PROVIDER PATTERN,PROVIDER REQUIRING REVIEW,100.0% flagged records; Average claim risk score = 42.5
1825268748,PRIOR_AUTH,1,1,100.0,0,1,1,1,0,0,0,42.46,42.46,0.0,HIGH-RISK PROVIDER PATTERN,PROVIDER REQUIRING REVIEW,100.0% flagged records; Average claim risk score = 42.5
1847313251,PHARMACY_CLAIM,1,1,100.0,0,1,1,1,0,0,0,42.46,42.46,100.0,HIGH-RISK PROVIDER PATTERN,PROVIDER REQUIRING REVIEW,100.0% flagged records; Average claim risk score = 42.5; Empirical claim denial rate = 100.0%
1892739444,PRIOR_AUTH,1,1,100.0,0,1,0,0,0,0,0,42.46,42.46,0.0,HIGH-RISK PROVIDER PATTERN,PROVIDER REQUIRING REVIEW,100.0% flagged records; Average claim risk score = 42.5
1019749474,PRIOR_AUTH,1,1,100.0,0,1,1,1,0,0,0,42.44,42.44,0.0,HIGH-RISK PROVIDER PATTERN,PROVIDER REQUIRING REVIEW,100.0% flagged records; Average claim risk score = 42.4
1277503574,PHARMACY_CLAIM,1,1,100.0,0,1,0,0,0,0,0,42.43,42.43,0.0,HIGH-RISK PROVIDER PATTERN,PROVIDER REQUIRING REVIEW,100.0% flagged records; Average claim risk score = 42.4
1810717981,PHARMACY_CLAIM,1,1,100.0,0,1,1,1,0,0,0,42.43,42.43,100.0,HIGH-RISK PROVIDER PATTERN,PROVIDER REQUIRING REVIEW,100.0% flagged records; Average claim risk score = 42.4; Empirical claim denial rate = 100.0%
1152185703,PHARMACY_CLAIM,1,1,100.0,0,1,1,1,0,0,0,42.42,42.42,100.0,HIGH-RISK PROVIDER PATTERN,PROVIDER REQUIRING REVIEW,100.0% flagged records; Average claim risk score = 42.4; Empirical claim denial rate = 100.0%
1183310101,PRIOR_AUTH,1,1,100.0,0,1,1,0,0,0,0,42.39,42.39,100.0,HIGH-RISK PROVIDER PATTERN,PROVIDER REQUIRING REVIEW,100.0% flagged records; Average claim risk score = 42.4; Empirical claim denial rate = 100.0%
1657852058,PHARMACY_CLAIM,1,1,100.0,0,1,0,0,0,0,0,42.37,42.37,0.0,HIGH-RISK PROVIDER PATTERN,PROVIDER REQUIRING REVIEW,100.0% flagged records; Average claim risk score = 42.4
1651533384,PHARMACY_CLAIM,1,1,100.0,0,1,1,1,0,0,0,42.35,42.35,100.0,HIGH-RISK PROVIDER PATTERN,PROVIDER REQUIRING REVIEW,100.0% flagged records; Average claim risk score = 42.4; Empirical claim denial rate = 100.0%
1746373427,PRIOR_AUTH,1,1,100.0,0,1,1,0,0,0,0,42.34,42.34,100.0,HIGH-RISK PROVIDER PATTERN,PROVIDER REQUIRING REVIEW,100.0% flagged records; Average claim risk score = 42.3; Empirical claim denial rate = 100.0%
1593298731,PRIOR_AUTH,1,1,100.0,0,1,1,0,0,0,0,42.31,42.31,100.0,HIGH-RISK PROVIDER PATTERN,PROVIDER REQUIRING REVIEW,100.0% flagged records; Average claim risk score = 42.3; Empirical claim denial rate = 100.0%
1487602918,MEDICAL_CLAIM,1,1,100.0,0,1,1,0,0,0,0,42.29,42.29,0.0,HIGH-RISK PROVIDER PATTERN,PROVIDER REQUIRING REVIEW,100.0% flagged records; Average claim risk score = 42.3
1114498540,MEDICAL_CLAIM,1,1,100.0,0,0,1,0,0,0,0,42.26,42.26,0.0,HIGH-RISK PROVIDER PATTERN,PROVIDER REQUIRING REVIEW,100.0% flagged records; Average claim risk score = 42.3
1132748971,PHARMACY_CLAIM,1,1,100.0,0,1,1,1,0,0,0,42.24,42.24,100.0,HIGH-RISK PROVIDER PATTERN,PROVIDER REQUIRING REVIEW,100.0% flagged records; Average claim risk score = 42.2; Empirical claim denial rate = 100.0%
1161894334,PHARMACY_CLAIM,1,1,100.0,0,1,1,0,0,0,0,42.23,42.23,0.0,HIGH-RISK PROVIDER PATTERN,PROVIDER REQUIRING REVIEW,100.0% flagged records; Average claim risk score = 42.2
1260866900,PHARMACY_CLAIM,1,1,100.0,0,0,2,0,0,0,0,42.22,42.22,0.0,HIGH-RISK PROVIDER PATTERN,PROVIDER REQUIRING REVIEW,100.0% flagged records; Average claim risk score = 42.2
1328113563,PRIOR_AUTH,1,1,100.0,0,1,0,0,0,0,0,42.21,42.21,100.0,HIGH-RISK PROVIDER PATTERN,PROVIDER REQUIRING REVIEW,100.0% flagged records; Average claim risk score = 42.2; Empirical claim denial rate = 100.0%
1839206113,PHARMACY_CLAIM,1,1,100.0,0,1,0,0,0,0,0,42.2,42.2,0.0,HIGH-RISK PROVIDER PATTERN,PROVIDER REQUIRING REVIEW,100.0% flagged records; Average claim risk score = 42.2
1292005025,PRIOR_AUTH,1,1,100.0,0,1,1,1,0,0,0,42.19,42.19,0.0,HIGH-RISK PROVIDER PATTERN,PROVIDER REQUIRING REVIEW,100.0% flagged records; Average claim risk score = 42.2
1522010778,PHARMACY_CLAIM,1,1,100.0,0,1,1,1,0,0,0,42.19,42.19,100.0,HIGH-RISK PROVIDER PATTERN,PROVIDER REQUIRING REVIEW,100.0% flagged records; Average claim risk score = 42.2; Empirical claim denial rate = 100.0%
1919148731,PHARMACY_CLAIM,1,1,100.0,0,1,1,1,0,0,0,42.18,42.18,100.0,HIGH-RISK PROVIDER PATTERN,PROVIDER REQUIRING REVIEW,100.0% flagged records; Average claim risk score = 42.2; Empirical claim denial rate = 100.0%
1811149586,MEDICAL_CLAIM,1,1,100.0,0,1,1,0,0,0,0,42.16,42.16,0.0,HIGH-RISK PROVIDER PATTERN,PROVIDER REQUIRING REVIEW,100.0% flagged records; Average claim risk score = 42.2
1493886188,PHARMACY_CLAIM,1,1,100.0,0,1,1,1,0,0,0,42.14,42.14,100.0,HIGH-RISK PROVIDER PATTERN,PROVIDER REQUIRING REVIEW,100.0% flagged records; Average claim risk score = 42.1; Empirical claim denial rate = 100.0%
1931753919,PHARMACY_CLAIM,1,1,100.0,0,1,1,0,0,0,0,42.13,42.13,0.0,HIGH-RISK PROVIDER PATTERN,PROVIDER REQUIRING REVIEW,100.0% flagged records; Average claim risk score = 42.1
1815225976,PRIOR_AUTH,1,1,100.0,0,1,1,1,0,0,0,42.12,42.12,0.0,HIGH-RISK PROVIDER PATTERN,PROVIDER REQUIRING REVIEW,100.0% flagged records; Average claim risk score = 42.1
1100690620,PHARMACY_CLAIM,1,1,100.0,0,1,1,1,0,0,0,42.1,42.1,100.0,HIGH-RISK PROVIDER PATTERN,PROVIDER REQUIRING REVIEW,100.0% flagged records; Average claim risk score = 42.1; Empirical claim denial rate = 100.0%
1963448858,PHARMACY_CLAIM,1,1,100.0,0,1,1,1,0,0,0,42.09,42.09,100.0,HIGH-RISK PROVIDER PATTERN,PROVIDER REQUIRING REVIEW,100.0% flagged records; Average claim risk score = 42.1; Empirical claim denial rate = 100.0%
1152407534,PHARMACY_CLAIM,1,1,100.0,0,1,1,1,0,0,0,42.07,42.07,100.0,HIGH-RISK PROVIDER PATTERN,PROVIDER REQUIRING REVIEW,100.0% flagged records; Average claim risk score = 42.1; Empirical claim denial rate = 100.0%
1296763717,PHARMACY_CLAIM,1,1,100.0,0,1,1,0,0,0,0,42.06,42.06,0.0,HIGH-RISK PROVIDER PATTERN,PROVIDER REQUIRING REVIEW,100.0% flagged records; Average claim risk score = 42.1
1376579557,MEDICAL_CLAIM,1,1,100.0,0,1,1,0,0,0,0,42.06,42.06,0.0,HIGH-RISK PROVIDER PATTERN,PROVIDER REQUIRING REVIEW,100.0% flagged records; Average claim risk score = 42.1
1247695364,PHARMACY_CLAIM,1,1,100.0,0,1,1,1,0,0,0,42.0,42.0,100.0,HIGH-RISK PROVIDER PATTERN,PROVIDER REQUIRING REVIEW,100.0% flagged records; Average claim risk score = 42.0; Empirical claim denial rate = 100.0%
1195895275,PHARMACY_CLAIM,1,1,100.0,0,1,1,1,0,0,0,41.97,41.97,100.0,HIGH-RISK PROVIDER PATTERN,PROVIDER REQUIRING REVIEW,100.0% flagged records; Average claim risk score = 42.0; Empirical claim denial rate = 100.0%
1092406703,PHARMACY_CLAIM,1,1,100.0,0,1,1,1,0,0,0,41.96,41.96,100.0,HIGH-RISK PROVIDER PATTERN,PROVIDER REQUIRING REVIEW,100.0% flagged records; Average claim risk score = 42.0; Empirical claim denial rate = 100.0%
1740283977,MEDICAL_CLAIM,1,1,100.0,0,1,1,0,0,0,0,41.94,41.94,0.0,HIGH-RISK PROVIDER PATTERN,PROVIDER REQUIRING REVIEW,100.0% flagged records; Average claim risk score = 41.9
1674090091,PHARMACY_CLAIM,1,1,100.0,0,1,1,1,0,0,0,41.93,41.93,100.0,HIGH-RISK PROVIDER PATTERN,PROVIDER REQUIRING REVIEW,100.0% flagged records; Average claim risk score = 41.9; Empirical claim denial rate = 100.0%
1136393027,PRIOR_AUTH,1,1,100.0,0,1,1,0,0,0,0,41.92,41.92,0.0,HIGH-RISK PROVIDER PATTERN,PROVIDER REQUIRING REVIEW,100.0% flagged records; Average claim risk score = 41.9
1818612781,PRIOR_AUTH,1,1,100.0,0,1,1,0,0,0,0,41.92,41.92,100.0,HIGH-RISK PROVIDER PATTERN,PROVIDER REQUIRING REVIEW,100.0% flagged records; Average claim risk score = 41.9; Empirical claim denial rate = 100.0%
1023668183,MEDICAL_CLAIM,1,1,100.0,0,1,1,0,0,0,0,41.89,41.89,0.0,HIGH-RISK PROVIDER PATTERN,PROVIDER REQUIRING REVIEW,100.0% flagged records; Average claim risk score = 41.9
1327696767,PHARMACY_CLAIM,1,1,100.0,0,0,2,0,0,0,0,41.88,41.88,0.0,HIGH-RISK PROVIDER PATTERN,PROVIDER REQUIRING REVIEW,100.0% flagged records; Average claim risk score = 41.9
1658976844,PHARMACY_CLAIM,2,2,100.0,0,2,0,0,0,0,0,41.86,41.86,100.0,HIGH-RISK PROVIDER PATTERN,PROVIDER REQUIRING REVIEW,100.0% flagged records; Average claim risk score = 41.9; Empirical claim denial rate = 100.0%
1125355062,PHARMACY_CLAIM,1,1,100.0,0,1,1,1,0,0,0,41.86,41.86,100.0,HIGH-RISK PROVIDER PATTERN,PROVIDER REQUIRING REVIEW,100.0% flagged records; Average claim risk score = 41.9; Empirical claim denial rate = 100.0%
1742728438,PHARMACY_CLAIM,1,1,100.0,0,1,1,1,0,0,0,41.85,41.85,100.0,HIGH-RISK PROVIDER PATTERN,PROVIDER REQUIRING REVIEW,100.0% flagged records; Average claim risk score = 41.9; Empirical claim denial rate = 100.0%
1744847326,PRIOR_AUTH,2,2,100.0,0,2,0,0,0,0,0,41.84,41.84,0.0,HIGH-RISK PROVIDER PATTERN,PROVIDER REQUIRING REVIEW,100.0% flagged records; Average claim risk score = 41.8
1017759558,PHARMACY_CLAIM,1,1,100.0,0,1,0,0,0,0,0,41.81,41.81,100.0,HIGH-RISK PROVIDER PATTERN,PROVIDER REQUIRING REVIEW,100.0% flagged records; Average claim risk score = 41.8; Empirical claim denial rate = 100.0%
1973171599,PHARMACY_CLAIM,1,1,100.0,0,1,1,1,0,0,0,41.8,41.8,100.0,HIGH-RISK PROVIDER PATTERN,PROVIDER REQUIRING REVIEW,100.0% flagged records; Average claim risk score = 41.8; Empirical claim denial rate = 100.0%
1008601853,PHARMACY_CLAIM,1,1,100.0,0,1,0,0,0,0,0,41.79,41.79,0.0,HIGH-RISK PROVIDER PATTERN,PROVIDER REQUIRING REVIEW,100.0% flagged records; Average claim risk score = 41.8
1200299438,PHARMACY_CLAIM,1,1,100.0,0,1,1,1,0,0,0,41.79,41.79,100.0,HIGH-RISK PROVIDER PATTERN,PROVIDER REQUIRING REVIEW,100.0% flagged records; Average claim risk score = 41.8; Empirical claim denial rate = 100.0%
1588616742,MEDICAL_CLAIM,1,1,100.0,0,1,1,0,0,0,0,41.79,41.79,0.0,HIGH-RISK PROVIDER PATTERN,PROVIDER REQUIRING REVIEW,100.0% flagged records; Average claim risk score = 41.8
1361125567,PHARMACY_CLAIM,1,1,100.0,0,1,1,1,0,0,0,41.77,41.77,100.0,HIGH-RISK PROVIDER PATTERN,PROVIDER REQUIRING REVIEW,100.0% flagged records; Average claim risk score = 41.8; Empirical claim denial rate = 100.0%
1285070748,PHARMACY_CLAIM,1,1,100.0,0,1,1,1,0,0,0,41.76,41.76,100.0,HIGH-RISK PROVIDER PATTERN,PROVIDER REQUIRING REVIEW,100.0% flagged records; Average claim risk score = 41.8; Empirical claim denial rate = 100.0%
1113716678,PRIOR_AUTH,1,1,100.0,0,1,1,0,0,0,0,41.75,41.75,100.0,HIGH-RISK PROVIDER PATTERN,PROVIDER REQUIRING REVIEW,100.0% flagged records; Average claim risk score = 41.8; Empirical claim denial rate = 100.0%
1245427913,PRIOR_AUTH,1,1,100.0,0,1,1,1,0,0,0,41.75,41.75,0.0,HIGH-RISK PROVIDER PATTERN,PROVIDER REQUIRING REVIEW,100.0% flagged records; Average claim risk score = 41.8
1575865359,PRIOR_AUTH,1,1,100.0,0,1,0,0,0,0,0,41.75,41.75,100.0,HIGH-RISK PROVIDER PATTERN,PROVIDER REQUIRING REVIEW,100.0% flagged records; Average claim risk score = 41.8; Empirical claim denial rate = 100.0%
1227476656,PHARMACY_CLAIM,1,1,100.0,0,1,1,0,0,0,0,41.74,41.74,0.0,HIGH-RISK PROVIDER PATTERN,PROVIDER REQUIRING REVIEW,100.0% flagged records; Average claim risk score = 41.7
1449158966,PHARMACY_CLAIM,1,1,100.0,0,1,1,1,0,0,0,41.74,41.74,100.0,HIGH-RISK PROVIDER PATTERN,PROVIDER REQUIRING REVIEW,100.0% flagged records; Average claim risk score = 41.7; Empirical claim denial rate = 100.0%
1377220696,PRIOR_AUTH,1,1,100.0,0,1,1,0,0,0,0,41.6,41.6,100.0,HIGH-RISK PROVIDER PATTERN,PROVIDER REQUIRING REVIEW,100.0% flagged records; Average claim risk score = 41.6; Empirical claim denial rate = 100.0%
1285759464,MEDICAL_CLAIM,2,2,100.0,0,2,2,0,0,0,0,41.59,41.67,0.0,HIGH-RISK PROVIDER PATTERN,PROVIDER REQUIRING REVIEW,100.0% flagged records; Average claim risk score = 41.6
1071076813,PRIOR_AUTH,1,1,100.0,0,1,1,0,0,0,0,41.59,41.59,100.0,HIGH-RISK PROVIDER PATTERN,PROVIDER REQUIRING REVIEW,100.0% flagged records; Average claim risk score = 41.6; Empirical claim denial rate = 100.0%
1517556334,PHARMACY_CLAIM,1,1,100.0,0,1,1,1,0,0,0,41.58,41.58,100.0,HIGH-RISK PROVIDER PATTERN,PROVIDER REQUIRING REVIEW,100.0% flagged records; Average claim risk score = 41.6; Empirical claim denial rate = 100.0%
1191081458,PHARMACY_CLAIM,1,1,100.0,0,1,1,1,0,0,0,41.55,41.55,100.0,HIGH-RISK PROVIDER PATTERN,PROVIDER REQUIRING REVIEW,100.0% flagged records; Average claim risk score = 41.5; Empirical claim denial rate = 100.0%
1989931488,PRIOR_AUTH,1,1,100.0,0,1,1,1,0,0,0,41.55,41.55,0.0,HIGH-RISK PROVIDER PATTERN,PROVIDER REQUIRING REVIEW,100.0% flagged records; Average claim risk score = 41.5
1830267095,PRIOR_AUTH,1,1,100.0,0,1,1,0,0,0,0,41.54,41.54,0.0,HIGH-RISK PROVIDER PATTERN,PROVIDER REQUIRING REVIEW,100.0% flagged records; Average claim risk score = 41.5
1891395620,MEDICAL_CLAIM,2,2,100.0,0,2,0,0,0,0,0,41.5,48.74,0.0,HIGH-RISK PROVIDER PATTERN,PROVIDER REQUIRING REVIEW,100.0% flagged records; Average claim risk score = 41.5
1440502123,PHARMACY_CLAIM,1,1,100.0,0,1,1,1,0,0,0,41.49,41.49,100.0,HIGH-RISK PROVIDER PATTERN,PROVIDER REQUIRING REVIEW,100.0% flagged records; Average claim risk score = 41.5; Empirical claim denial rate = 100.0%
1048069975,PHARMACY_CLAIM,2,2,100.0,0,2,0,0,0,0,0,41.48,41.48,0.0,HIGH-RISK PROVIDER PATTERN,PROVIDER REQUIRING REVIEW,100.0% flagged records; Average claim risk score = 41.5
1028250461,PHARMACY_CLAIM,1,1,100.0,0,1,1,1,0,0,0,41.44,41.44,100.0,HIGH-RISK PROVIDER PATTERN,PROVIDER REQUIRING REVIEW,100.0% flagged records; Average claim risk score = 41.4; Empirical claim denial rate = 100.0%
1240520080,PRIOR_AUTH,2,2,100.0,0,2,0,0,0,0,0,41.42,41.42,0.0,HIGH-RISK PROVIDER PATTERN,PROVIDER REQUIRING REVIEW,100.0% flagged records; Average claim risk score = 41.4
1327804117,PHARMACY_CLAIM,1,1,100.0,0,1,1,1,0,0,0,41.42,41.42,100.0,HIGH-RISK PROVIDER PATTERN,PROVIDER REQUIRING REVIEW,100.0% flagged records; Average claim risk score = 41.4; Empirical claim denial rate = 100.0%
1131823801,PHARMACY_CLAIM,1,1,100.0,0,1,1,1,0,0,0,41.41,41.41,100.0,HIGH-RISK PROVIDER PATTERN,PROVIDER REQUIRING REVIEW,100.0% flagged records; Average claim risk score = 41.4; Empirical claim denial rate = 100.0%
1839082091,PRIOR_AUTH,1,1,100.0,0,1,1,1,0,0,0,41.41,41.41,0.0,HIGH-RISK PROVIDER PATTERN,PROVIDER REQUIRING REVIEW,100.0% flagged records; Average claim risk score = 41.4
1539959174,PRIOR_AUTH,1,1,100.0,0,1,0,0,0,0,0,41.39,41.39,100.0,HIGH-RISK PROVIDER PATTERN,PROVIDER REQUIRING REVIEW,100.0% flagged records; Average claim risk score = 41.4; Empirical claim denial rate = 100.0%
1457825192,MEDICAL_CLAIM,2,2,100.0,0,1,2,0,0,0,0,41.38,44.61,0.0,HIGH-RISK PROVIDER PATTERN,PROVIDER REQUIRING REVIEW,100.0% flagged records; Average claim risk score = 41.4
1013027877,PRIOR_AUTH,1,1,100.0,0,1,1,1,0,0,0,41.38,41.38,0.0,HIGH-RISK PROVIDER PATTERN,PROVIDER REQUIRING REVIEW,100.0% flagged records; Average claim risk score = 41.4
1020459715,PHARMACY_CLAIM,2,2,100.0,0,2,0,0,0,0,0,41.37,41.37,0.0,HIGH-RISK PROVIDER PATTERN,PROVIDER REQUIRING REVIEW,100.0% flagged records; Average claim risk score = 41.4
1392375345,PHARMACY_CLAIM,1,1,100.0,0,1,1,1,0,0,0,41.34,41.34,100.0,HIGH-RISK PROVIDER PATTERN,PROVIDER REQUIRING REVIEW,100.0% flagged records; Average claim risk score = 41.3; Empirical claim denial rate = 100.0%
1542360686,PRIOR_AUTH,1,1,100.0,0,1,1,1,0,0,0,41.33,41.33,0.0,HIGH-RISK PROVIDER PATTERN,PROVIDER REQUIRING REVIEW,100.0% flagged records; Average claim risk score = 41.3
1604239911,PHARMACY_CLAIM,1,1,100.0,0,1,1,1,0,0,0,41.33,41.33,100.0,HIGH-RISK PROVIDER PATTERN,PROVIDER REQUIRING REVIEW,100.0% flagged records; Average claim risk score = 41.3; Empirical claim denial rate = 100.0%
1710504001,PHARMACY_CLAIM,1,1,100.0,0,1,1,1,0,0,0,41.33,41.33,100.0,HIGH-RISK PROVIDER PATTERN,PROVIDER REQUIRING REVIEW,100.0% flagged records; Average claim risk score = 41.3; Empirical claim denial rate = 100.0%
1388702399,PHARMACY_CLAIM,1,1,100.0,0,1,1,0,0,0,0,41.32,41.32,0.0,HIGH-RISK PROVIDER PATTERN,PROVIDER REQUIRING REVIEW,100.0% flagged records; Average claim risk score = 41.3
1750633855,MEDICAL_CLAIM,1,1,100.0,0,1,1,0,0,0,0,41.31,41.31,0.0,HIGH-RISK PROVIDER PATTERN,PROVIDER REQUIRING REVIEW,100.0% flagged records; Average claim risk score = 41.3
1928219486,PRIOR_AUTH,1,1,100.0,0,1,1,0,0,0,0,41.28,41.28,100.0,HIGH-RISK PROVIDER PATTERN,PROVIDER REQUIRING REVIEW,100.0% flagged records; Average claim risk score = 41.3; Empirical claim denial rate = 100.0%
1879250454,PHARMACY_CLAIM,2,2,100.0,0,2,0,0,0,0,0,41.27,41.27,0.0,HIGH-RISK PROVIDER PATTERN,PROVIDER REQUIRING REVIEW,100.0% flagged records; Average claim risk score = 41.3
1432153792,PHARMACY_CLAIM,1,1,100.0,0,1,1,1,0,0,0,41.26,41.26,100.0,HIGH-RISK PROVIDER PATTERN,PROVIDER REQUIRING REVIEW,100.0% flagged records; Average claim risk score = 41.3; Empirical claim denial rate = 100.0%
1104905702,MEDICAL_CLAIM,2,2,100.0,0,1,2,0,0,0,0,41.25,49.46,0.0,HIGH-RISK PROVIDER PATTERN,PROVIDER REQUIRING REVIEW,100.0% flagged records; Average claim risk score = 41.2
1445045647,PHARMACY_CLAIM,1,1,100.0,0,1,1,1,0,0,0,41.22,41.22,100.0,HIGH-RISK PROVIDER PATTERN,PROVIDER REQUIRING REVIEW,100.0% flagged records; Average claim risk score = 41.2; Empirical claim denial rate = 100.0%
1724344419,PHARMACY_CLAIM,1,1,100.0,0,1,1,0,0,0,0,41.22,41.22,0.0,HIGH-RISK PROVIDER PATTERN,PROVIDER REQUIRING REVIEW,100.0% flagged records; Average claim risk score = 41.2
1516576338,PHARMACY_CLAIM,1,1,100.0,0,1,0,0,0,0,0,41.18,41.18,0.0,HIGH-RISK PROVIDER PATTERN,PROVIDER REQUIRING REVIEW,100.0% flagged records; Average claim risk score = 41.2
1264968185,PHARMACY_CLAIM,1,1,100.0,0,1,1,1,0,0,0,41.17,41.17,100.0,HIGH-RISK PROVIDER PATTERN,PROVIDER REQUIRING REVIEW,100.0% flagged records; Average claim risk score = 41.2; Empirical claim denial rate = 100.0%
1497743226,PHARMACY_CLAIM,1,1,100.0,0,1,1,1,0,0,0,41.14,41.14,100.0,HIGH-RISK PROVIDER PATTERN,PROVIDER REQUIRING REVIEW,100.0% flagged records; Average claim risk score = 41.1; Empirical claim denial rate = 100.0%
1055404999,PHARMACY_CLAIM,1,1,100.0,0,1,1,1,0,0,0,41.13,41.13,100.0,HIGH-RISK PROVIDER PATTERN,PROVIDER REQUIRING REVIEW,100.0% flagged records; Average claim risk score = 41.1; Empirical claim denial rate = 100.0%
1508027848,MEDICAL_CLAIM,1,1,100.0,0,1,2,0,0,0,0,41.13,41.13,0.0,HIGH-RISK PROVIDER PATTERN,PROVIDER REQUIRING REVIEW,100.0% flagged records; Average claim risk score = 41.1
1136992310,PRIOR_AUTH,1,1,100.0,0,1,1,1,0,0,0,41.08,41.08,0.0,HIGH-RISK PROVIDER PATTERN,PROVIDER REQUIRING REVIEW,100.0% flagged records; Average claim risk score = 41.1
1243490007,PHARMACY_CLAIM,1,1,100.0,0,1,1,1,0,0,0,41.08,41.08,100.0,HIGH-RISK PROVIDER PATTERN,PROVIDER REQUIRING REVIEW,100.0% flagged records; Average claim risk score = 41.1; Empirical claim denial rate = 100.0%
1897840817,PHARMACY_CLAIM,1,1,100.0,0,1,1,0,0,0,0,41.08,41.08,0.0,HIGH-RISK PROVIDER PATTERN,PROVIDER REQUIRING REVIEW,100.0% flagged records; Average claim risk score = 41.1
1289892590,PRIOR_AUTH,1,1,100.0,0,1,1,0,0,0,0,41.06,41.06,0.0,HIGH-RISK PROVIDER PATTERN,PROVIDER REQUIRING REVIEW,100.0% flagged records; Average claim risk score = 41.1
1662254429,PHARMACY_CLAIM,1,1,100.0,0,1,1,1,0,0,0,41.06,41.06,100.0,HIGH-RISK PROVIDER PATTERN,PROVIDER REQUIRING REVIEW,100.0% flagged records; Average claim risk score = 41.1; Empirical claim denial rate = 100.0%
1154600344,MEDICAL_CLAIM,2,2,100.0,0,2,2,0,0,0,0,41.05,45.95,0.0,HIGH-RISK PROVIDER PATTERN,PROVIDER REQUIRING REVIEW,100.0% flagged records; Average claim risk score = 41.1
1912249590,MEDICAL_CLAIM,2,2,100.0,0,2,2,0,0,0,0,41.05,42.97,0.0,HIGH-RISK PROVIDER PATTERN,PROVIDER REQUIRING REVIEW,100.0% flagged records; Average claim risk score = 41.1
1106699704,PHARMACY_CLAIM,1,1,100.0,0,1,1,0,0,0,0,41.05,41.05,0.0,HIGH-RISK PROVIDER PATTERN,PROVIDER REQUIRING REVIEW,100.0% flagged records; Average claim risk score = 41.0
1250967804,PHARMACY_CLAIM,1,1,100.0,0,1,1,0,0,0,0,41.04,41.04,0.0,HIGH-RISK PROVIDER PATTERN,PROVIDER REQUIRING REVIEW,100.0% flagged records; Average claim risk score = 41.0
1457803769,MEDICAL_CLAIM,1,1,100.0,0,1,1,0,0,0,0,41.04,41.04,0.0,HIGH-RISK PROVIDER PATTERN,PROVIDER REQUIRING REVIEW,100.0% flagged records; Average claim risk score = 41.0
1592073340,PRIOR_AUTH,1,1,100.0,0,1,1,0,0,0,0,41.04,41.04,0.0,HIGH-RISK PROVIDER PATTERN,PROVIDER REQUIRING REVIEW,100.0% flagged records; Average claim risk score = 41.0
1678128832,PRIOR_AUTH,1,1,100.0,0,1,1,0,0,0,0,41.04,41.04,0.0,HIGH-RISK PROVIDER PATTERN,PROVIDER REQUIRING REVIEW,100.0% flagged records; Average claim risk score = 41.0
1677184912,PHARMACY_CLAIM,1,1,100.0,0,1,0,0,0,0,0,41.01,41.01,0.0,HIGH-RISK PROVIDER PATTERN,PROVIDER REQUIRING REVIEW,100.0% flagged records; Average claim risk score = 41.0
1002778443,PHARMACY_CLAIM,1,1,100.0,0,1,1,1,0,0,0,40.98,40.98,100.0,HIGH-RISK PROVIDER PATTERN,PROVIDER REQUIRING REVIEW,100.0% flagged records; Average claim risk score = 41.0; Empirical claim denial rate = 100.0%
1770822496,MEDICAL_CLAIM,2,2,100.0,0,2,2,0,0,0,0,40.95,42.06,0.0,HIGH-RISK PROVIDER PATTERN,PROVIDER REQUIRING REVIEW,100.0% flagged records; Average claim risk score = 40.9
1451461979,PHARMACY_CLAIM,1,1,100.0,0,1,0,0,0,0,0,40.95,40.95,0.0,HIGH-RISK PROVIDER PATTERN,PROVIDER REQUIRING REVIEW,100.0% flagged records; Average claim risk score = 41.0
1031384539,PHARMACY_CLAIM,1,1,100.0,0,1,1,0,0,0,0,40.94,40.94,0.0,HIGH-RISK PROVIDER PATTERN,PROVIDER REQUIRING REVIEW,100.0% flagged records; Average claim risk score = 40.9
1386949998,MEDICAL_CLAIM,1,1,100.0,0,1,1,0,0,0,0,40.94,40.94,0.0,HIGH-RISK PROVIDER PATTERN,PROVIDER REQUIRING REVIEW,100.0% flagged records; Average claim risk score = 40.9
1595797867,PHARMACY_CLAIM,1,1,100.0,0,1,1,1,0,0,0,40.92,40.92,100.0,HIGH-RISK PROVIDER PATTERN,PROVIDER REQUIRING REVIEW,100.0% flagged records; Average claim risk score = 40.9; Empirical claim denial rate = 100.0%
1851693832,MEDICAL_CLAIM,1,1,100.0,0,1,1,0,0,0,0,40.91,40.91,0.0,HIGH-RISK PROVIDER PATTERN,PROVIDER REQUIRING REVIEW,100.0% flagged records; Average claim risk score = 40.9
1137963059,PHARMACY_CLAIM,1,1,100.0,0,1,1,0,0,0,0,40.9,40.9,0.0,HIGH-RISK PROVIDER PATTERN,PROVIDER REQUIRING REVIEW,100.0% flagged records; Average claim risk score = 40.9
1454226693,PHARMACY_CLAIM,1,1,100.0,0,1,1,0,0,0,0,40.85,40.85,0.0,HIGH-RISK PROVIDER PATTERN,PROVIDER REQUIRING REVIEW,100.0% flagged records; Average claim risk score = 40.9
1557123624,PHARMACY_CLAIM,1,1,100.0,0,1,1,0,0,0,0,40.85,40.85,0.0,HIGH-RISK PROVIDER PATTERN,PROVIDER REQUIRING REVIEW,100.0% flagged records; Average claim risk score = 40.9
1884637718,PHARMACY_CLAIM,2,2,100.0,0,2,0,0,0,0,0,40.84,40.84,0.0,HIGH-RISK PROVIDER PATTERN,PROVIDER REQUIRING REVIEW,100.0% flagged records; Average claim risk score = 40.8
1003861311,PRIOR_AUTH,1,1,100.0,0,1,0,0,0,0,0,40.84,40.84,0.0,HIGH-RISK PROVIDER PATTERN,PROVIDER REQUIRING REVIEW,100.0% flagged records; Average claim risk score = 40.8
1270131279,PHARMACY_CLAIM,1,1,100.0,0,1,0,0,0,0,0,40.82,40.82,0.0,HIGH-RISK PROVIDER PATTERN,PROVIDER REQUIRING REVIEW,100.0% flagged records; Average claim risk score = 40.8
1441081873,PHARMACY_CLAIM,1,1,100.0,0,1,1,1,0,0,0,40.82,40.82,100.0,HIGH-RISK PROVIDER PATTERN,PROVIDER REQUIRING REVIEW,100.0% flagged records; Average claim risk score = 40.8; Empirical claim denial rate = 100.0%
1149521758,PHARMACY_CLAIM,1,1,100.0,0,1,1,1,0,0,0,40.81,40.81,100.0,HIGH-RISK PROVIDER PATTERN,PROVIDER REQUIRING REVIEW,100.0% flagged records; Average claim risk score = 40.8; Empirical claim denial rate = 100.0%
1011607474,PHARMACY_CLAIM,1,1,100.0,0,1,1,1,0,0,0,40.8,40.8,100.0,HIGH-RISK PROVIDER PATTERN,PROVIDER REQUIRING REVIEW,100.0% flagged records; Average claim risk score = 40.8; Empirical claim denial rate = 100.0%
1083040744,PHARMACY_CLAIM,1,1,100.0,0,1,1,0,0,0,0,40.76,40.76,0.0,HIGH-RISK PROVIDER PATTERN,PROVIDER REQUIRING REVIEW,100.0% flagged records; Average claim risk score = 40.8
1609201060,MEDICAL_CLAIM,2,2,100.0,0,2,2,0,0,0,0,40.75,41.54,0.0,HIGH-RISK PROVIDER PATTERN,PROVIDER REQUIRING REVIEW,100.0% flagged records; Average claim risk score = 40.7
1679634257,MEDICAL_CLAIM,2,2,100.0,0,2,2,0,0,0,0,40.74,40.74,0.0,HIGH-RISK PROVIDER PATTERN,PROVIDER REQUIRING REVIEW,100.0% flagged records; Average claim risk score = 40.7
1478452724,PHARMACY_CLAIM,1,1,100.0,0,1,1,1,0,0,0,40.74,40.74,100.0,HIGH-RISK PROVIDER PATTERN,PROVIDER REQUIRING REVIEW,100.0% flagged records; Average claim risk score = 40.7; Empirical claim denial rate = 100.0%
1699739213,PHARMACY_CLAIM,1,1,100.0,0,1,1,0,0,0,0,40.74,40.74,0.0,HIGH-RISK PROVIDER PATTERN,PROVIDER REQUIRING REVIEW,100.0% flagged records; Average claim risk score = 40.7
1281035449,PHARMACY_CLAIM,1,1,100.0,0,1,1,0,0,0,0,40.72,40.72,0.0,HIGH-RISK PROVIDER PATTERN,PROVIDER REQUIRING REVIEW,100.0% flagged records; Average claim risk score = 40.7
1411971799,PHARMACY_CLAIM,1,1,100.0,0,1,1,1,0,0,0,40.71,40.71,100.0,HIGH-RISK PROVIDER PATTERN,PROVIDER REQUIRING REVIEW,100.0% flagged records; Average claim risk score = 40.7; Empirical claim denial rate = 100.0%
1564552248,PHARMACY_CLAIM,1,1,100.0,0,1,1,0,0,0,0,40.7,40.7,0.0,HIGH-RISK PROVIDER PATTERN,PROVIDER REQUIRING REVIEW,100.0% flagged records; Average claim risk score = 40.7
1151292624,PHARMACY_CLAIM,1,1,100.0,0,1,1,1,0,0,0,40.63,40.63,0.0,HIGH-RISK PROVIDER PATTERN,PROVIDER REQUIRING REVIEW,100.0% flagged records; Average claim risk score = 40.6
1519742830,PHARMACY_CLAIM,2,2,100.0,0,2,0,0,0,0,0,40.62,40.62,0.0,HIGH-RISK PROVIDER PATTERN,PROVIDER REQUIRING REVIEW,100.0% flagged records; Average claim risk score = 40.6
1027695878,PHARMACY_CLAIM,1,1,100.0,0,1,1,1,0,0,0,40.58,40.58,100.0,HIGH-RISK PROVIDER PATTERN,PROVIDER REQUIRING REVIEW,100.0% flagged records; Average claim risk score = 40.6; Empirical claim denial rate = 100.0%
1071457048,PHARMACY_CLAIM,1,1,100.0,0,1,1,0,0,0,0,40.57,40.57,0.0,HIGH-RISK PROVIDER PATTERN,PROVIDER REQUIRING REVIEW,100.0% flagged records; Average claim risk score = 40.6
1139731313,PRIOR_AUTH,1,1,100.0,0,1,1,1,0,0,0,40.56,40.56,0.0,HIGH-RISK PROVIDER PATTERN,PROVIDER REQUIRING REVIEW,100.0% flagged records; Average claim risk score = 40.6
1441623368,PHARMACY_CLAIM,1,1,100.0,0,1,0,0,0,0,0,40.56,40.56,0.0,HIGH-RISK PROVIDER PATTERN,PROVIDER REQUIRING REVIEW,100.0% flagged records; Average claim risk score = 40.6
1770535432,PRIOR_AUTH,1,1,100.0,0,1,1,1,0,0,0,40.55,40.55,0.0,HIGH-RISK PROVIDER PATTERN,PROVIDER REQUIRING REVIEW,100.0% flagged records; Average claim risk score = 40.5
1233098950,PHARMACY_CLAIM,1,1,100.0,0,1,1,0,0,0,0,40.54,40.54,0.0,HIGH-RISK PROVIDER PATTERN,PROVIDER REQUIRING REVIEW,100.0% flagged records; Average claim risk score = 40.5
1047919718,PHARMACY_CLAIM,1,1,100.0,0,1,1,1,0,0,0,40.53,40.53,100.0,HIGH-RISK PROVIDER PATTERN,PROVIDER REQUIRING REVIEW,100.0% flagged records; Average claim risk score = 40.5; Empirical claim denial rate = 100.0%
1508276940,MEDICAL_CLAIM,1,1,100.0,0,1,1,0,0,0,0,40.52,40.52,0.0,HIGH-RISK PROVIDER PATTERN,PROVIDER REQUIRING REVIEW,100.0% flagged records; Average claim risk score = 40.5
1649462031,PHARMACY_CLAIM,1,1,100.0,0,1,1,1,0,0,0,40.52,40.52,100.0,HIGH-RISK PROVIDER PATTERN,PROVIDER REQUIRING REVIEW,100.0% flagged records; Average claim risk score = 40.5; Empirical claim denial rate = 100.0%
1277270357,PHARMACY_CLAIM,1,1,100.0,0,1,1,1,0,0,0,40.51,40.51,100.0,HIGH-RISK PROVIDER PATTERN,PROVIDER REQUIRING REVIEW,100.0% flagged records; Average claim risk score = 40.5; Empirical claim denial rate = 100.0%
1565234760,PRIOR_AUTH,1,1,100.0,0,1,1,0,0,0,0,40.51,40.51,100.0,HIGH-RISK PROVIDER PATTERN,PROVIDER REQUIRING REVIEW,100.0% flagged records; Average claim risk score = 40.5; Empirical claim denial rate = 100.0%
1566738933,PRIOR_AUTH,1,1,100.0,0,1,1,0,0,0,0,40.48,40.48,0.0,HIGH-RISK PROVIDER PATTERN,PROVIDER REQUIRING REVIEW,100.0% flagged records; Average claim risk score = 40.5
1097514934,PHARMACY_CLAIM,1,1,100.0,0,1,1,1,0,0,0,40.46,40.46,100.0,HIGH-RISK PROVIDER PATTERN,PROVIDER REQUIRING REVIEW,100.0% flagged records; Average claim risk score = 40.5; Empirical claim denial rate = 100.0%
1114213972,MEDICAL_CLAIM,1,1,100.0,0,1,1,0,0,0,0,40.43,40.43,0.0,HIGH-RISK PROVIDER PATTERN,PROVIDER REQUIRING REVIEW,100.0% flagged records; Average claim risk score = 40.4
1740275471,PHARMACY_CLAIM,1,1,100.0,0,1,1,1,0,0,0,40.43,40.43,100.0,HIGH-RISK PROVIDER PATTERN,PROVIDER REQUIRING REVIEW,100.0% flagged records; Average claim risk score = 40.4; Empirical claim denial rate = 100.0%
1585244160,PHARMACY_CLAIM,1,1,100.0,0,1,1,1,0,0,0,40.42,40.42,100.0,HIGH-RISK PROVIDER PATTERN,PROVIDER REQUIRING REVIEW,100.0% flagged records; Average claim risk score = 40.4; Empirical claim denial rate = 100.0%
1596535606,PHARMACY_CLAIM,1,1,100.0,0,1,1,1,0,0,0,40.42,40.42,100.0,HIGH-RISK PROVIDER PATTERN,PROVIDER REQUIRING REVIEW,100.0% flagged records; Average claim risk score = 40.4; Empirical claim denial rate = 100.0%
1807444345,PHARMACY_CLAIM,1,1,100.0,0,1,1,1,0,0,0,40.34,40.34,100.0,HIGH-RISK PROVIDER PATTERN,PROVIDER REQUIRING REVIEW,100.0% flagged records; Average claim risk score = 40.3; Empirical claim denial rate = 100.0%
1154746899,MEDICAL_CLAIM,1,1,100.0,0,1,1,0,0,0,0,40.31,40.31,0.0,HIGH-RISK PROVIDER PATTERN,PROVIDER REQUIRING REVIEW,100.0% flagged records; Average claim risk score = 40.3
1652074488,PHARMACY_CLAIM,1,1,100.0,0,1,1,1,0,0,0,40.31,40.31,100.0,HIGH-RISK PROVIDER PATTERN,PROVIDER REQUIRING REVIEW,100.0% flagged records; Average claim risk score = 40.3; Empirical claim denial rate = 100.0%
1531056922,PHARMACY_CLAIM,1,1,100.0,0,1,1,1,0,0,0,40.3,40.3,100.0,HIGH-RISK PROVIDER PATTERN,PROVIDER REQUIRING REVIEW,100.0% flagged records; Average claim risk score = 40.3; Empirical claim denial rate = 100.0%
1719644932,PRIOR_AUTH,1,1,100.0,0,1,1,1,0,0,0,40.3,40.3,0.0,HIGH-RISK PROVIDER PATTERN,PROVIDER REQUIRING REVIEW,100.0% flagged records; Average claim risk score = 40.3
1445204519,PHARMACY_CLAIM,1,1,100.0,0,1,1,0,0,0,0,40.28,40.28,0.0,HIGH-RISK PROVIDER PATTERN,PROVIDER REQUIRING REVIEW,100.0% flagged records; Average claim risk score = 40.3
1595900412,PHARMACY_CLAIM,1,1,100.0,0,1,1,0,0,0,0,40.28,40.28,0.0,HIGH-RISK PROVIDER PATTERN,PROVIDER REQUIRING REVIEW,100.0% flagged records; Average claim risk score = 40.3
1391466833,PRIOR_AUTH,1,1,100.0,0,1,1,1,0,0,0,40.25,40.25,0.0,HIGH-RISK PROVIDER PATTERN,PROVIDER REQUIRING REVIEW,100.0% flagged records; Average claim risk score = 40.2
1438389090,PHARMACY_CLAIM,1,1,100.0,0,1,1,0,0,0,0,40.19,40.19,0.0,HIGH-RISK PROVIDER PATTERN,PROVIDER REQUIRING REVIEW,100.0% flagged records; Average claim risk score = 40.2
1841339354,PHARMACY_CLAIM,1,1,100.0,0,1,0,0,0,0,0,40.19,40.19,0.0,HIGH-RISK PROVIDER PATTERN,PROVIDER REQUIRING REVIEW,100.0% flagged records; Average claim risk score = 40.2
1660009345,PHARMACY_CLAIM,1,1,100.0,0,1,1,1,0,0,0,40.16,40.16,100.0,HIGH-RISK PROVIDER PATTERN,PROVIDER REQUIRING REVIEW,100.0% flagged records; Average claim risk score = 40.2; Empirical claim denial rate = 100.0%
1950969875,PHARMACY_CLAIM,1,1,100.0,0,1,0,0,0,0,0,40.14,40.14,0.0,HIGH-RISK PROVIDER PATTERN,PROVIDER REQUIRING REVIEW,100.0% flagged records; Average claim risk score = 40.1
1522252629,PHARMACY_CLAIM,1,1,100.0,0,1,1,1,0,0,0,40.12,40.12,100.0,HIGH-RISK PROVIDER PATTERN,PROVIDER REQUIRING REVIEW,100.0% flagged records; Average claim risk score = 40.1; Empirical claim denial rate = 100.0%
1793710276,PHARMACY_CLAIM,1,1,100.0,0,1,1,0,0,0,0,40.12,40.12,0.0,HIGH-RISK PROVIDER PATTERN,PROVIDER REQUIRING REVIEW,100.0% flagged records; Average claim risk score = 40.1
1178923063,PRIOR_AUTH,1,1,100.0,0,1,1,1,0,0,0,40.11,40.11,0.0,HIGH-RISK PROVIDER PATTERN,PROVIDER REQUIRING REVIEW,100.0% flagged records; Average claim risk score = 40.1
1958137846,PHARMACY_CLAIM,1,1,100.0,0,1,1,1,0,0,0,40.11,40.11,100.0,HIGH-RISK PROVIDER PATTERN,PROVIDER REQUIRING REVIEW,100.0% flagged records; Average claim risk score = 40.1; Empirical claim denial rate = 100.0%
1477336336,PHARMACY_CLAIM,1,1,100.0,0,1,1,0,0,0,0,40.09,40.09,0.0,HIGH-RISK PROVIDER PATTERN,PROVIDER REQUIRING REVIEW,100.0% flagged records; Average claim risk score = 40.1
1381465568,PRIOR_AUTH,1,1,100.0,0,1,1,1,0,0,0,40.08,40.08,0.0,HIGH-RISK PROVIDER PATTERN,PROVIDER REQUIRING REVIEW,100.0% flagged records; Average claim risk score = 40.1
1396891016,MEDICAL_CLAIM,2,2,100.0,0,2,0,0,0,0,0,40.05,41.7,50.0,HIGH-RISK PROVIDER PATTERN,PROVIDER REQUIRING REVIEW,100.0% flagged records; Average claim risk score = 40.0; Empirical claim denial rate = 50.0%
1427765700,PHARMACY_CLAIM,1,1,100.0,0,1,0,0,0,0,0,40.03,40.03,0.0,HIGH-RISK PROVIDER PATTERN,PROVIDER REQUIRING REVIEW,100.0% flagged records; Average claim risk score = 40.0
1943597159,PRIOR_AUTH,1,1,100.0,0,1,1,0,0,0,0,40.01,40.01,0.0,HIGH-RISK PROVIDER PATTERN,PROVIDER REQUIRING REVIEW,100.0% flagged records; Average claim risk score = 40.0
1025337145,PHARMACY_CLAIM,1,1,100.0,0,1,0,0,0,0,0,39.98,39.98,0.0,HIGH-RISK PROVIDER PATTERN,PROVIDER REQUIRING REVIEW,100.0% flagged records; Average claim risk score = 40.0
1441925155,PHARMACY_CLAIM,1,1,100.0,0,1,1,1,0,0,0,39.97,39.97,100.0,HIGH-RISK PROVIDER PATTERN,PROVIDER REQUIRING REVIEW,100.0% flagged records; Average claim risk score = 40.0; Empirical claim denial rate = 100.0%
1437602185,PRIOR_AUTH,1,1,100.0,0,1,1,0,0,0,0,39.95,39.95,100.0,HIGH-RISK PROVIDER PATTERN,PROVIDER REQUIRING REVIEW,100.0% flagged records; Average claim risk score = 40.0; Empirical claim denial rate = 100.0%
1854797368,PHARMACY_CLAIM,1,1,100.0,0,1,1,0,0,0,0,39.95,39.95,0.0,HIGH-RISK PROVIDER PATTERN,PROVIDER REQUIRING REVIEW,100.0% flagged records; Average claim risk score = 40.0
1232394045,PHARMACY_CLAIM,1,1,100.0,0,1,1,1,0,0,0,39.93,39.93,100.0,HIGH-RISK PROVIDER PATTERN,PROVIDER REQUIRING REVIEW,100.0% flagged records; Average claim risk score = 39.9; Empirical claim denial rate = 100.0%
1685756599,PHARMACY_CLAIM,1,1,100.0,0,1,1,1,0,0,0,39.89,39.89,100.0,HIGH-RISK PROVIDER PATTERN,PROVIDER REQUIRING REVIEW,100.0% flagged records; Average claim risk score = 39.9; Empirical claim denial rate = 100.0%
1310845713,PHARMACY_CLAIM,1,1,100.0,0,1,1,1,0,0,0,39.84,39.84,100.0,HIGH-RISK PROVIDER PATTERN,PROVIDER REQUIRING REVIEW,100.0% flagged records; Average claim risk score = 39.8; Empirical claim denial rate = 100.0%
1710925250,MEDICAL_CLAIM,2,2,100.0,0,1,3,0,0,0,0,39.83,48.0,0.0,HIGH-RISK PROVIDER PATTERN,PROVIDER REQUIRING REVIEW,100.0% flagged records; Average claim risk score = 39.8
1026044787,PHARMACY_CLAIM,1,1,100.0,0,1,1,0,0,0,0,39.83,39.83,0.0,HIGH-RISK PROVIDER PATTERN,PROVIDER REQUIRING REVIEW,100.0% flagged records; Average claim risk score = 39.8
1720696578,MEDICAL_CLAIM,1,1,100.0,0,1,1,0,0,0,0,39.82,39.82,0.0,HIGH-RISK PROVIDER PATTERN,PROVIDER REQUIRING REVIEW,100.0% flagged records; Average claim risk score = 39.8
1928233239,PHARMACY_CLAIM,1,1,100.0,0,1,0,0,0,0,0,39.8,39.8,0.0,HIGH-RISK PROVIDER PATTERN,PROVIDER REQUIRING REVIEW,100.0% flagged records; Average claim risk score = 39.8
1874004377,PHARMACY_CLAIM,1,1,100.0,0,1,1,0,0,0,0,39.78,39.78,0.0,HIGH-RISK PROVIDER PATTERN,PROVIDER REQUIRING REVIEW,100.0% flagged records; Average claim risk score = 39.8
1078433347,PRIOR_AUTH,1,1,100.0,0,1,1,1,0,0,0,39.7,39.7,0.0,HIGH-RISK PROVIDER PATTERN,PROVIDER REQUIRING REVIEW,100.0% flagged records; Average claim risk score = 39.7
1896879428,PHARMACY_CLAIM,1,1,100.0,0,1,0,0,0,0,0,39.69,39.69,0.0,HIGH-RISK PROVIDER PATTERN,PROVIDER REQUIRING REVIEW,100.0% flagged records; Average claim risk score = 39.7
1003985625,PHARMACY_CLAIM,1,1,100.0,0,1,1,1,0,0,0,39.65,39.65,100.0,HIGH-RISK PROVIDER PATTERN,PROVIDER REQUIRING REVIEW,100.0% flagged records; Average claim risk score = 39.6; Empirical claim denial rate = 100.0%
1644647977,PHARMACY_CLAIM,1,1,100.0,0,1,1,1,0,0,0,39.65,39.65,100.0,HIGH-RISK PROVIDER PATTERN,PROVIDER REQUIRING REVIEW,100.0% flagged records; Average claim risk score = 39.6; Empirical claim denial rate = 100.0%
1316937691,MEDICAL_CLAIM,6,6,100.0,0,6,3,3,0,0,0,39.64,49.34,16.67,HIGH-RISK PROVIDER PATTERN,PROVIDER REQUIRING REVIEW,100.0% flagged records; Average claim risk score = 39.6
1836622500,PRIOR_AUTH,1,1,100.0,0,1,1,0,0,0,0,39.62,39.62,0.0,HIGH-RISK PROVIDER PATTERN,PROVIDER REQUIRING REVIEW,100.0% flagged records; Average claim risk score = 39.6
1013436260,MEDICAL_CLAIM,1,1,100.0,0,1,1,0,0,0,0,39.61,39.61,0.0,HIGH-RISK PROVIDER PATTERN,PROVIDER REQUIRING REVIEW,100.0% flagged records; Average claim risk score = 39.6
1210459479,PHARMACY_CLAIM,1,1,100.0,0,1,1,0,0,0,0,39.59,39.59,0.0,HIGH-RISK PROVIDER PATTERN,PROVIDER REQUIRING REVIEW,100.0% flagged records; Average claim risk score = 39.6
1261905076,PHARMACY_CLAIM,1,1,100.0,0,1,0,0,0,0,0,39.59,39.59,0.0,HIGH-RISK PROVIDER PATTERN,PROVIDER REQUIRING REVIEW,100.0% flagged records; Average claim risk score = 39.6
1361692216,PRIOR_AUTH,1,1,100.0,0,1,1,1,0,0,0,39.54,39.54,0.0,HIGH-RISK PROVIDER PATTERN,PROVIDER REQUIRING REVIEW,100.0% flagged records; Average claim risk score = 39.5
1952470411,MEDICAL_CLAIM,4,4,100.0,0,2,4,0,0,0,0,39.53,47.08,0.0,HIGH-RISK PROVIDER PATTERN,PROVIDER REQUIRING REVIEW,100.0% flagged records; Average claim risk score = 39.5
1320664283,PRIOR_AUTH,1,1,100.0,0,1,1,1,0,0,0,39.51,39.51,100.0,HIGH-RISK PROVIDER PATTERN,PROVIDER REQUIRING REVIEW,100.0% flagged records; Average claim risk score = 39.5; Empirical claim denial rate = 100.0%
1108069300,PRIOR_AUTH,1,1,100.0,0,1,1,1,0,0,0,39.47,39.47,0.0,HIGH-RISK PROVIDER PATTERN,PROVIDER REQUIRING REVIEW,100.0% flagged records; Average claim risk score = 39.5
1311580687,PHARMACY_CLAIM,1,1,100.0,0,1,1,1,0,0,0,39.44,39.44,0.0,HIGH-RISK PROVIDER PATTERN,PROVIDER REQUIRING REVIEW,100.0% flagged records; Average claim risk score = 39.4
1760951356,PHARMACY_CLAIM,1,1,100.0,0,1,0,0,0,0,0,39.43,39.43,0.0,HIGH-RISK PROVIDER PATTERN,PROVIDER REQUIRING REVIEW,100.0% flagged records; Average claim risk score = 39.4
1474022947,PHARMACY_CLAIM,1,1,100.0,0,1,1,1,0,0,0,39.42,39.42,100.0,HIGH-RISK PROVIDER PATTERN,PROVIDER REQUIRING REVIEW,100.0% flagged records; Average claim risk score = 39.4; Empirical claim denial rate = 100.0%
1457772402,MEDICAL_CLAIM,2,2,100.0,0,2,0,0,0,0,0,39.41,42.97,0.0,HIGH-RISK PROVIDER PATTERN,PROVIDER REQUIRING REVIEW,100.0% flagged records; Average claim risk score = 39.4
1221956224,PRIOR_AUTH,1,1,100.0,0,1,1,0,0,0,0,39.4,39.4,100.0,HIGH-RISK PROVIDER PATTERN,PROVIDER REQUIRING REVIEW,100.0% flagged records; Average claim risk score = 39.4; Empirical claim denial rate = 100.0%
1672095978,PHARMACY_CLAIM,1,1,100.0,0,1,1,1,0,0,0,39.4,39.4,100.0,HIGH-RISK PROVIDER PATTERN,PROVIDER REQUIRING REVIEW,100.0% flagged records; Average claim risk score = 39.4; Empirical claim denial rate = 100.0%
1342571993,PHARMACY_CLAIM,1,1,100.0,0,1,1,1,0,0,0,39.39,39.39,0.0,HIGH-RISK PROVIDER PATTERN,PROVIDER REQUIRING REVIEW,100.0% flagged records; Average claim risk score = 39.4
1154747590,MEDICAL_CLAIM,1,1,100.0,0,0,1,0,0,0,0,39.38,39.38,0.0,HIGH-RISK PROVIDER PATTERN,PROVIDER REQUIRING REVIEW,100.0% flagged records; Average claim risk score = 39.4
1870571749,PHARMACY_CLAIM,1,1,100.0,0,1,1,0,0,0,0,39.36,39.36,0.0,HIGH-RISK PROVIDER PATTERN,PROVIDER REQUIRING REVIEW,100.0% flagged records; Average claim risk score = 39.4
1967228010,PHARMACY_CLAIM,1,1,100.0,0,1,0,0,0,0,0,39.34,39.34,0.0,HIGH-RISK PROVIDER PATTERN,PROVIDER REQUIRING REVIEW,100.0% flagged records; Average claim risk score = 39.3
1408431672,PRIOR_AUTH,1,1,100.0,0,1,1,1,0,0,0,39.33,39.33,0.0,HIGH-RISK PROVIDER PATTERN,PROVIDER REQUIRING REVIEW,100.0% flagged records; Average claim risk score = 39.3
1829378606,PHARMACY_CLAIM,1,1,100.0,0,1,0,0,0,0,0,39.32,39.32,0.0,HIGH-RISK PROVIDER PATTERN,PROVIDER REQUIRING REVIEW,100.0% flagged records; Average claim risk score = 39.3
1130615122,PHARMACY_CLAIM,1,1,100.0,0,1,1,0,0,0,0,39.28,39.28,0.0,HIGH-RISK PROVIDER PATTERN,PROVIDER REQUIRING REVIEW,100.0% flagged records; Average claim risk score = 39.3
1603715378,PHARMACY_CLAIM,1,1,100.0,0,1,1,1,0,0,0,39.27,39.27,100.0,HIGH-RISK PROVIDER PATTERN,PROVIDER REQUIRING REVIEW,100.0% flagged records; Average claim risk score = 39.3; Empirical claim denial rate = 100.0%
1607571255,PRIOR_AUTH,1,1,100.0,0,1,1,1,0,0,0,39.26,39.26,0.0,HIGH-RISK PROVIDER PATTERN,PROVIDER REQUIRING REVIEW,100.0% flagged records; Average claim risk score = 39.3
1850177782,PHARMACY_CLAIM,1,1,100.0,0,1,0,0,0,0,0,39.25,39.25,0.0,HIGH-RISK PROVIDER PATTERN,PROVIDER REQUIRING REVIEW,100.0% flagged records; Average claim risk score = 39.2
1736648221,PRIOR_AUTH,2,2,100.0,2,2,0,0,0,0,0,39.22,39.22,0.0,HIGH-RISK PROVIDER PATTERN,PROVIDER REQUIRING REVIEW,100.0% flagged records; Average claim risk score = 39.2
1948658412,PHARMACY_CLAIM,1,1,100.0,0,1,1,1,0,0,0,39.22,39.22,0.0,HIGH-RISK PROVIDER PATTERN,PROVIDER REQUIRING REVIEW,100.0% flagged records; Average claim risk score = 39.2
1276201160,PHARMACY_CLAIM,1,1,100.0,0,1,1,1,0,0,0,39.2,39.2,100.0,HIGH-RISK PROVIDER PATTERN,PROVIDER REQUIRING REVIEW,100.0% flagged records; Average claim risk score = 39.2; Empirical claim denial rate = 100.0%
1018120162,PRIOR_AUTH,1,1,100.0,0,1,1,1,0,0,0,39.19,39.19,0.0,HIGH-RISK PROVIDER PATTERN,PROVIDER REQUIRING REVIEW,100.0% flagged records; Average claim risk score = 39.2
1260637550,PRIOR_AUTH,1,1,100.0,0,1,1,1,0,0,0,39.19,39.19,0.0,HIGH-RISK PROVIDER PATTERN,PROVIDER REQUIRING REVIEW,100.0% flagged records; Average claim risk score = 39.2
1606212116,PHARMACY_CLAIM,1,1,100.0,0,1,0,0,0,0,0,39.19,39.19,0.0,HIGH-RISK PROVIDER PATTERN,PROVIDER REQUIRING REVIEW,100.0% flagged records; Average claim risk score = 39.2
1231646023,PHARMACY_CLAIM,1,1,100.0,0,1,1,0,0,0,0,39.15,39.15,0.0,HIGH-RISK PROVIDER PATTERN,PROVIDER REQUIRING REVIEW,100.0% flagged records; Average claim risk score = 39.1
1656875334,PHARMACY_CLAIM,1,1,100.0,0,1,1,1,0,0,0,39.15,39.15,0.0,HIGH-RISK PROVIDER PATTERN,PROVIDER REQUIRING REVIEW,100.0% flagged records; Average claim risk score = 39.1
1236877446,PHARMACY_CLAIM,1,1,100.0,0,1,1,0,0,0,0,39.14,39.14,0.0,HIGH-RISK PROVIDER PATTERN,PROVIDER REQUIRING REVIEW,100.0% flagged records; Average claim risk score = 39.1
1430597313,PHARMACY_CLAIM,1,1,100.0,0,0,1,1,0,0,0,39.13,39.13,0.0,HIGH-RISK PROVIDER PATTERN,PROVIDER REQUIRING REVIEW,100.0% flagged records; Average claim risk score = 39.1
1214182548,PHARMACY_CLAIM,1,1,100.0,0,1,0,0,0,0,0,39.12,39.12,0.0,HIGH-RISK PROVIDER PATTERN,PROVIDER REQUIRING REVIEW,100.0% flagged records; Average claim risk score = 39.1
1964875845,PHARMACY_CLAIM,1,1,100.0,0,1,1,1,0,0,0,39.12,39.12,0.0,HIGH-RISK PROVIDER PATTERN,PROVIDER REQUIRING REVIEW,100.0% flagged records; Average claim risk score = 39.1
1664034856,PHARMACY_CLAIM,1,1,100.0,0,1,1,0,0,0,0,39.11,39.11,0.0,HIGH-RISK PROVIDER PATTERN,PROVIDER REQUIRING REVIEW,100.0% flagged records; Average claim risk score = 39.1
1188077634,PHARMACY_CLAIM,1,1,100.0,0,1,1,0,0,0,0,39.1,39.1,0.0,HIGH-RISK PROVIDER PATTERN,PROVIDER REQUIRING REVIEW,100.0% flagged records; Average claim risk score = 39.1
1508366030,MEDICAL_CLAIM,3,3,100.0,0,2,3,0,0,0,0,39.07,42.66,0.0,HIGH-RISK PROVIDER PATTERN,PROVIDER REQUIRING REVIEW,100.0% flagged records; Average claim risk score = 39.1
1724249431,PHARMACY_CLAIM,1,1,100.0,0,1,0,0,0,0,0,39.07,39.07,0.0,HIGH-RISK PROVIDER PATTERN,PROVIDER REQUIRING REVIEW,100.0% flagged records; Average claim risk score = 39.1
1142757553,PHARMACY_CLAIM,1,1,100.0,0,1,1,0,0,0,0,39.06,39.06,0.0,HIGH-RISK PROVIDER PATTERN,PROVIDER REQUIRING REVIEW,100.0% flagged records; Average claim risk score = 39.1
1241138227,PHARMACY_CLAIM,1,1,100.0,0,1,0,0,0,0,0,39.05,39.05,0.0,HIGH-RISK PROVIDER PATTERN,PROVIDER REQUIRING REVIEW,100.0% flagged records; Average claim risk score = 39.0
1205093591,PHARMACY_CLAIM,1,1,100.0,0,0,1,0,0,0,0,39.01,39.01,0.0,HIGH-RISK PROVIDER PATTERN,PROVIDER REQUIRING REVIEW,100.0% flagged records; Average claim risk score = 39.0
1421354849,PRIOR_AUTH,1,1,100.0,0,1,1,1,0,0,0,39.01,39.01,0.0,HIGH-RISK PROVIDER PATTERN,PROVIDER REQUIRING REVIEW,100.0% flagged records; Average claim risk score = 39.0
1568555498,MEDICAL_CLAIM,1,1,100.0,0,0,1,0,0,0,0,39.0,39.0,0.0,HIGH-RISK PROVIDER PATTERN,PROVIDER REQUIRING REVIEW,100.0% flagged records; Average claim risk score = 39.0
1729053109,PHARMACY_CLAIM,1,1,100.0,0,1,1,1,0,0,0,38.99,38.99,0.0,HIGH-RISK PROVIDER PATTERN,PROVIDER REQUIRING REVIEW,100.0% flagged records; Average claim risk score = 39.0
1950685586,PRIOR_AUTH,1,1,100.0,0,1,1,1,0,0,0,38.99,38.99,0.0,HIGH-RISK PROVIDER PATTERN,PROVIDER REQUIRING REVIEW,100.0% flagged records; Average claim risk score = 39.0
1263200597,PRIOR_AUTH,1,1,100.0,0,1,1,0,0,0,0,38.98,38.98,0.0,HIGH-RISK PROVIDER PATTERN,PROVIDER REQUIRING REVIEW,100.0% flagged records; Average claim risk score = 39.0
1472054762,PHARMACY_CLAIM,1,1,100.0,0,1,1,0,0,0,0,38.98,38.98,0.0,HIGH-RISK PROVIDER PATTERN,PROVIDER REQUIRING REVIEW,100.0% flagged records; Average claim risk score = 39.0
1510711492,PRIOR_AUTH,1,1,100.0,0,1,1,1,0,0,0,38.97,38.97,0.0,HIGH-RISK PROVIDER PATTERN,PROVIDER REQUIRING REVIEW,100.0% flagged records; Average claim risk score = 39.0
1580985885,PRIOR_AUTH,1,1,100.0,0,1,1,1,0,0,0,38.97,38.97,0.0,HIGH-RISK PROVIDER PATTERN,PROVIDER REQUIRING REVIEW,100.0% flagged records; Average claim risk score = 39.0
1273414560,PHARMACY_CLAIM,1,1,100.0,0,1,0,0,0,0,0,38.94,38.94,0.0,HIGH-RISK PROVIDER PATTERN,PROVIDER REQUIRING REVIEW,100.0% flagged records; Average claim risk score = 38.9
1460529400,PHARMACY_CLAIM,1,1,100.0,0,1,1,1,0,0,0,38.94,38.94,0.0,HIGH-RISK PROVIDER PATTERN,PROVIDER REQUIRING REVIEW,100.0% flagged records; Average claim risk score = 38.9
1679987033,PHARMACY_CLAIM,1,1,100.0,0,1,1,1,0,0,0,38.94,38.94,100.0,HIGH-RISK PROVIDER PATTERN,PROVIDER REQUIRING REVIEW,100.0% flagged records; Average claim risk score = 38.9; Empirical claim denial rate = 100.0%
1773352304,PHARMACY_CLAIM,1,1,100.0,0,1,0,0,0,0,0,38.93,38.93,100.0,HIGH-RISK PROVIDER PATTERN,PROVIDER REQUIRING REVIEW,100.0% flagged records; Average claim risk score = 38.9; Empirical claim denial rate = 100.0%
1821091083,MEDICAL_CLAIM,1,1,100.0,0,0,1,0,0,0,0,38.9,38.9,0.0,HIGH-RISK PROVIDER PATTERN,PROVIDER REQUIRING REVIEW,100.0% flagged records; Average claim risk score = 38.9
1528538808,MEDICAL_CLAIM,2,2,100.0,0,0,2,0,0,0,0,38.83,43.55,0.0,HIGH-RISK PROVIDER PATTERN,PROVIDER REQUIRING REVIEW,100.0% flagged records; Average claim risk score = 38.8
1295237992,PHARMACY_CLAIM,1,1,100.0,0,1,0,0,0,0,0,38.83,38.83,0.0,HIGH-RISK PROVIDER PATTERN,PROVIDER REQUIRING REVIEW,100.0% flagged records; Average claim risk score = 38.8
1982658035,MEDICAL_CLAIM,1,1,100.0,0,1,1,0,0,0,0,38.82,38.82,0.0,HIGH-RISK PROVIDER PATTERN,PROVIDER REQUIRING REVIEW,100.0% flagged records; Average claim risk score = 38.8
1024726626,PHARMACY_CLAIM,1,1,100.0,0,1,0,0,0,0,0,38.8,38.8,0.0,HIGH-RISK PROVIDER PATTERN,PROVIDER REQUIRING REVIEW,100.0% flagged records; Average claim risk score = 38.8
1847730076,PHARMACY_CLAIM,1,1,100.0,0,1,0,0,0,0,0,38.78,38.78,100.0,HIGH-RISK PROVIDER PATTERN,PROVIDER REQUIRING REVIEW,100.0% flagged records; Average claim risk score = 38.8; Empirical claim denial rate = 100.0%
1982055409,PRIOR_AUTH,1,1,100.0,0,1,1,0,0,0,0,38.77,38.77,100.0,HIGH-RISK PROVIDER PATTERN,PROVIDER REQUIRING REVIEW,100.0% flagged records; Average claim risk score = 38.8; Empirical claim denial rate = 100.0%
1020734327,PRIOR_AUTH,1,1,100.0,0,1,1,0,0,0,0,38.74,38.74,0.0,HIGH-RISK PROVIDER PATTERN,PROVIDER REQUIRING REVIEW,100.0% flagged records; Average claim risk score = 38.7
1788833886,PRIOR_AUTH,1,1,100.0,0,1,1,1,0,0,0,38.71,38.71,0.0,HIGH-RISK PROVIDER PATTERN,PROVIDER REQUIRING REVIEW,100.0% flagged records; Average claim risk score = 38.7
1122930895,PRIOR_AUTH,1,1,100.0,0,1,1,1,0,0,0,38.69,38.69,0.0,HIGH-RISK PROVIDER PATTERN,PROVIDER REQUIRING REVIEW,100.0% flagged records; Average claim risk score = 38.7
1623034072,PHARMACY_CLAIM,1,1,100.0,0,1,0,0,0,0,0,38.67,38.67,0.0,HIGH-RISK PROVIDER PATTERN,PROVIDER REQUIRING REVIEW,100.0% flagged records; Average claim risk score = 38.7
1077786657,PHARMACY_CLAIM,1,1,100.0,0,1,0,0,0,0,0,38.61,38.61,100.0,HIGH-RISK PROVIDER PATTERN,PROVIDER REQUIRING REVIEW,100.0% flagged records; Average claim risk score = 38.6; Empirical claim denial rate = 100.0%
1927223474,PRIOR_AUTH,1,1,100.0,0,1,1,0,0,0,0,38.61,38.61,0.0,HIGH-RISK PROVIDER PATTERN,PROVIDER REQUIRING REVIEW,100.0% flagged records; Average claim risk score = 38.6
1528377454,MEDICAL_CLAIM,1,1,100.0,0,0,1,0,0,0,0,38.57,38.57,0.0,HIGH-RISK PROVIDER PATTERN,PROVIDER REQUIRING REVIEW,100.0% flagged records; Average claim risk score = 38.6
1801652647,PRIOR_AUTH,1,1,100.0,0,1,1,0,0,0,0,38.52,38.52,100.0,HIGH-RISK PROVIDER PATTERN,PROVIDER REQUIRING REVIEW,100.0% flagged records; Average claim risk score = 38.5; Empirical claim denial rate = 100.0%
1827320632,PRIOR_AUTH,1,1,100.0,0,1,1,0,0,0,0,38.52,38.52,100.0,HIGH-RISK PROVIDER PATTERN,PROVIDER REQUIRING REVIEW,100.0% flagged records; Average claim risk score = 38.5; Empirical claim denial rate = 100.0%
1580533405,PHARMACY_CLAIM,1,1,100.0,0,1,0,0,0,0,0,38.5,38.5,0.0,HIGH-RISK PROVIDER PATTERN,PROVIDER REQUIRING REVIEW,100.0% flagged records; Average claim risk score = 38.5
1215914791,MEDICAL_CLAIM,8,7,87.5,0,8,3,3,0,0,0,38.44,48.69,12.5,HIGH-RISK PROVIDER PATTERN,PROVIDER REQUIRING REVIEW,87.5% flagged records; Average claim risk score = 38.4
1952613416,MEDICAL_CLAIM,1,1,100.0,0,1,0,0,0,0,0,38.4,38.4,100.0,HIGH-RISK PROVIDER PATTERN,PROVIDER REQUIRING REVIEW,100.0% flagged records; Average claim risk score = 38.4; Empirical claim denial rate = 100.0%
1611470104,PHARMACY_CLAIM,1,1,100.0,0,1,1,1,0,0,0,38.38,38.38,0.0,HIGH-RISK PROVIDER PATTERN,PROVIDER REQUIRING REVIEW,100.0% flagged records; Average claim risk score = 38.4
1887994345,PHARMACY_CLAIM,1,1,100.0,0,1,0,0,0,0,0,38.36,38.36,0.0,HIGH-RISK PROVIDER PATTERN,PROVIDER REQUIRING REVIEW,100.0% flagged records; Average claim risk score = 38.4
1669644068,MEDICAL_CLAIM,2,2,100.0,0,1,2,0,0,0,0,38.35,49.97,0.0,HIGH-RISK PROVIDER PATTERN,PROVIDER REQUIRING REVIEW,100.0% flagged records; Average claim risk score = 38.4
1245266337,MEDICAL_CLAIM,2,2,100.0,0,1,2,0,0,0,0,38.34,45.93,0.0,HIGH-RISK PROVIDER PATTERN,PROVIDER REQUIRING REVIEW,100.0% flagged records; Average claim risk score = 38.3
1089926184,PHARMACY_CLAIM,1,1,100.0,0,1,1,0,0,0,0,38.34,38.34,0.0,HIGH-RISK PROVIDER PATTERN,PROVIDER REQUIRING REVIEW,100.0% flagged records; Average claim risk score = 38.3
1548393937,MEDICAL_CLAIM,1,1,100.0,0,1,1,0,0,0,0,38.33,38.33,0.0,HIGH-RISK PROVIDER PATTERN,PROVIDER REQUIRING REVIEW,100.0% flagged records; Average claim risk score = 38.3
1004159542,PHARMACY_CLAIM,1,1,100.0,0,1,0,0,0,0,0,38.31,38.31,0.0,HIGH-RISK PROVIDER PATTERN,PROVIDER REQUIRING REVIEW,100.0% flagged records; Average claim risk score = 38.3
1523631978,PHARMACY_CLAIM,1,1,100.0,0,1,1,1,0,0,0,38.31,38.31,0.0,HIGH-RISK PROVIDER PATTERN,PROVIDER REQUIRING REVIEW,100.0% flagged records; Average claim risk score = 38.3
1653386146,PHARMACY_CLAIM,1,1,100.0,0,1,1,1,0,0,0,38.3,38.3,0.0,HIGH-RISK PROVIDER PATTERN,PROVIDER REQUIRING REVIEW,100.0% flagged records; Average claim risk score = 38.3
1694422847,PHARMACY_CLAIM,1,1,100.0,0,1,0,0,0,0,0,38.29,38.29,100.0,HIGH-RISK PROVIDER PATTERN,PROVIDER REQUIRING REVIEW,100.0% flagged records; Average claim risk score = 38.3; Empirical claim denial rate = 100.0%
1083953442,MEDICAL_CLAIM,5,4,80.0,0,4,3,0,0,0,0,38.25,49.82,0.0,HIGH-RISK PROVIDER PATTERN,PROVIDER REQUIRING REVIEW,80.0% flagged records; Average claim risk score = 38.3
1165770794,PRIOR_AUTH,1,1,100.0,0,1,1,1,0,0,0,38.25,38.25,0.0,HIGH-RISK PROVIDER PATTERN,PROVIDER REQUIRING REVIEW,100.0% flagged records; Average claim risk score = 38.2
1665601239,PRIOR_AUTH,1,1,100.0,0,1,0,0,0,0,0,38.25,38.25,100.0,HIGH-RISK PROVIDER PATTERN,PROVIDER REQUIRING REVIEW,100.0% flagged records; Average claim risk score = 38.2; Empirical claim denial rate = 100.0%
1356565170,MEDICAL_CLAIM,2,2,100.0,0,0,2,0,0,0,0,38.19,38.36,0.0,HIGH-RISK PROVIDER PATTERN,PROVIDER REQUIRING REVIEW,100.0% flagged records; Average claim risk score = 38.2
1523712120,PHARMACY_CLAIM,1,1,100.0,0,1,1,1,0,0,0,38.18,38.18,0.0,HIGH-RISK PROVIDER PATTERN,PROVIDER REQUIRING REVIEW,100.0% flagged records; Average claim risk score = 38.2
1487124707,MEDICAL_CLAIM,1,1,100.0,0,1,1,0,0,0,0,38.16,38.16,0.0,HIGH-RISK PROVIDER PATTERN,PROVIDER REQUIRING REVIEW,100.0% flagged records; Average claim risk score = 38.2
1439583593,PHARMACY_CLAIM,1,1,100.0,0,1,1,1,0,0,0,38.15,38.15,0.0,HIGH-RISK PROVIDER PATTERN,PROVIDER REQUIRING REVIEW,100.0% flagged records; Average claim risk score = 38.1
1873338660,PHARMACY_CLAIM,1,1,100.0,0,1,0,0,0,0,0,38.14,38.14,0.0,HIGH-RISK PROVIDER PATTERN,PROVIDER REQUIRING REVIEW,100.0% flagged records; Average claim risk score = 38.1
1344010699,PRIOR_AUTH,1,1,100.0,0,1,1,1,0,0,0,38.12,38.12,0.0,HIGH-RISK PROVIDER PATTERN,PROVIDER REQUIRING REVIEW,100.0% flagged records; Average claim risk score = 38.1
1651020575,PRIOR_AUTH,1,1,100.0,0,1,0,0,0,0,0,38.11,38.11,100.0,HIGH-RISK PROVIDER PATTERN,PROVIDER REQUIRING REVIEW,100.0% flagged records; Average claim risk score = 38.1; Empirical claim denial rate = 100.0%
1590409639,PHARMACY_CLAIM,1,1,100.0,0,1,1,1,0,0,0,38.06,38.06,0.0,HIGH-RISK PROVIDER PATTERN,PROVIDER REQUIRING REVIEW,100.0% flagged records; Average claim risk score = 38.1
1213860050,PRIOR_AUTH,2,2,100.0,0,2,0,0,0,0,0,38.04,38.04,0.0,HIGH-RISK PROVIDER PATTERN,PROVIDER REQUIRING REVIEW,100.0% flagged records; Average claim risk score = 38.0
1184718512,MEDICAL_CLAIM,1,1,100.0,0,0,1,0,0,0,0,38.02,38.02,0.0,HIGH-RISK PROVIDER PATTERN,PROVIDER REQUIRING REVIEW,100.0% flagged records; Average claim risk score = 38.0
1091948133,PHARMACY_CLAIM,1,1,100.0,0,1,1,1,0,0,0,38.01,38.01,0.0,HIGH-RISK PROVIDER PATTERN,PROVIDER REQUIRING REVIEW,100.0% flagged records; Average claim risk score = 38.0
1464756589,PRIOR_AUTH,1,1,100.0,0,1,0,0,0,0,0,38.01,38.01,100.0,HIGH-RISK PROVIDER PATTERN,PROVIDER REQUIRING REVIEW,100.0% flagged records; Average claim risk score = 38.0; Empirical claim denial rate = 100.0%
1891709192,MEDICAL_CLAIM,1,1,100.0,0,1,1,0,0,0,0,38.0,38.0,0.0,HIGH-RISK PROVIDER PATTERN,PROVIDER REQUIRING REVIEW,100.0% flagged records; Average claim risk score = 38.0
1188792432,PHARMACY_CLAIM,1,1,100.0,0,1,1,1,0,0,0,37.97,37.97,0.0,HIGH-RISK PROVIDER PATTERN,PROVIDER REQUIRING REVIEW,100.0% flagged records; Average claim risk score = 38.0
1092079811,PHARMACY_CLAIM,1,1,100.0,0,1,0,0,0,0,0,37.95,37.95,0.0,HIGH-RISK PROVIDER PATTERN,PROVIDER REQUIRING REVIEW,100.0% flagged records; Average claim risk score = 38.0
1735659481,PHARMACY_CLAIM,1,1,100.0,0,1,0,0,0,0,0,37.95,37.95,0.0,HIGH-RISK PROVIDER PATTERN,PROVIDER REQUIRING REVIEW,100.0% flagged records; Average claim risk score = 38.0
1770721508,MEDICAL_CLAIM,1,1,100.0,0,0,1,0,0,0,0,37.94,37.94,0.0,HIGH-RISK PROVIDER PATTERN,PROVIDER REQUIRING REVIEW,100.0% flagged records; Average claim risk score = 37.9
1336411662,PRIOR_AUTH,1,1,100.0,0,1,0,0,0,0,0,37.91,37.91,100.0,HIGH-RISK PROVIDER PATTERN,PROVIDER REQUIRING REVIEW,100.0% flagged records; Average claim risk score = 37.9; Empirical claim denial rate = 100.0%
1356183623,PHARMACY_CLAIM,1,1,100.0,0,1,0,0,0,0,0,37.91,37.91,100.0,HIGH-RISK PROVIDER PATTERN,PROVIDER REQUIRING REVIEW,100.0% flagged records; Average claim risk score = 37.9; Empirical claim denial rate = 100.0%
1679535637,MEDICAL_CLAIM,1,1,100.0,0,1,1,0,0,0,0,37.91,37.91,0.0,HIGH-RISK PROVIDER PATTERN,PROVIDER REQUIRING REVIEW,100.0% flagged records; Average claim risk score = 37.9
1174552293,MEDICAL_CLAIM,2,2,100.0,0,1,4,0,0,0,0,37.85,45.26,0.0,HIGH-RISK PROVIDER PATTERN,PROVIDER REQUIRING REVIEW,100.0% flagged records; Average claim risk score = 37.9
1076587226,PHARMACY_CLAIM,1,1,100.0,0,1,0,0,0,0,0,37.85,37.85,100.0,HIGH-RISK PROVIDER PATTERN,PROVIDER REQUIRING REVIEW,100.0% flagged records; Average claim risk score = 37.9; Empirical claim denial rate = 100.0%
1031915489,PHARMACY_CLAIM,1,1,100.0,0,1,1,0,0,0,0,37.84,37.84,0.0,HIGH-RISK PROVIDER PATTERN,PROVIDER REQUIRING REVIEW,100.0% flagged records; Average claim risk score = 37.8
1187857977,PRIOR_AUTH,1,1,100.0,0,1,0,0,0,0,0,37.79,37.79,100.0,HIGH-RISK PROVIDER PATTERN,PROVIDER REQUIRING REVIEW,100.0% flagged records; Average claim risk score = 37.8; Empirical claim denial rate = 100.0%
1989136089,PRIOR_AUTH,1,1,100.0,0,1,0,0,0,0,0,37.76,37.76,100.0,HIGH-RISK PROVIDER PATTERN,PROVIDER REQUIRING REVIEW,100.0% flagged records; Average claim risk score = 37.8; Empirical claim denial rate = 100.0%
1022700441,PRIOR_AUTH,1,1,100.0,0,1,1,0,0,0,0,37.72,37.72,100.0,HIGH-RISK PROVIDER PATTERN,PROVIDER REQUIRING REVIEW,100.0% flagged records; Average claim risk score = 37.7; Empirical claim denial rate = 100.0%
1444174541,PRIOR_AUTH,1,1,100.0,0,1,1,0,0,0,0,37.72,37.72,100.0,HIGH-RISK PROVIDER PATTERN,PROVIDER REQUIRING REVIEW,100.0% flagged records; Average claim risk score = 37.7; Empirical claim denial rate = 100.0%
1841255437,MEDICAL_CLAIM,3,2,66.67,0,0,2,0,0,0,0,37.69,45.11,0.0,HIGH-RISK PROVIDER PATTERN,PROVIDER REQUIRING REVIEW,66.7% flagged records; Average claim risk score = 37.7
1204666032,PHARMACY_CLAIM,1,1,100.0,0,1,0,0,0,0,0,37.68,37.68,100.0,HIGH-RISK PROVIDER PATTERN,PROVIDER REQUIRING REVIEW,100.0% flagged records; Average claim risk score = 37.7; Empirical claim denial rate = 100.0%
1533766473,PHARMACY_CLAIM,1,1,100.0,0,1,0,0,0,0,0,37.68,37.68,0.0,HIGH-RISK PROVIDER PATTERN,PROVIDER REQUIRING REVIEW,100.0% flagged records; Average claim risk score = 37.7
1979737108,PRIOR_AUTH,1,1,100.0,0,1,0,0,0,0,0,37.67,37.67,100.0,HIGH-RISK PROVIDER PATTERN,PROVIDER REQUIRING REVIEW,100.0% flagged records; Average claim risk score = 37.7; Empirical claim denial rate = 100.0%
1162596675,PRIOR_AUTH,1,1,100.0,0,1,0,0,0,0,0,37.66,37.66,100.0,HIGH-RISK PROVIDER PATTERN,PROVIDER REQUIRING REVIEW,100.0% flagged records; Average claim risk score = 37.7; Empirical claim denial rate = 100.0%
1268909636,PHARMACY_CLAIM,1,1,100.0,0,1,0,0,0,0,0,37.66,37.66,100.0,HIGH-RISK PROVIDER PATTERN,PROVIDER REQUIRING REVIEW,100.0% flagged records; Average claim risk score = 37.7; Empirical claim denial rate = 100.0%
1457619299,PHARMACY_CLAIM,1,1,100.0,0,1,1,0,0,0,0,37.65,37.65,0.0,HIGH-RISK PROVIDER PATTERN,PROVIDER REQUIRING REVIEW,100.0% flagged records; Average claim risk score = 37.6
1730488818,MEDICAL_CLAIM,1,1,100.0,0,1,1,0,0,0,0,37.65,37.65,0.0,HIGH-RISK PROVIDER PATTERN,PROVIDER REQUIRING REVIEW,100.0% flagged records; Average claim risk score = 37.6
1906831683,PHARMACY_CLAIM,1,1,100.0,0,1,0,0,0,0,0,37.64,37.64,100.0,HIGH-RISK PROVIDER PATTERN,PROVIDER REQUIRING REVIEW,100.0% flagged records; Average claim risk score = 37.6; Empirical claim denial rate = 100.0%
1114548930,MEDICAL_CLAIM,1,1,100.0,0,0,1,0,0,0,0,37.62,37.62,0.0,HIGH-RISK PROVIDER PATTERN,PROVIDER REQUIRING REVIEW,100.0% flagged records; Average claim risk score = 37.6
1129083403,PHARMACY_CLAIM,1,1,100.0,0,1,0,0,0,0,0,37.61,37.61,100.0,HIGH-RISK PROVIDER PATTERN,PROVIDER REQUIRING REVIEW,100.0% flagged records; Average claim risk score = 37.6; Empirical claim denial rate = 100.0%
1326373861,MEDICAL_CLAIM,2,2,100.0,0,1,2,0,0,0,0,37.59,46.45,0.0,HIGH-RISK PROVIDER PATTERN,PROVIDER REQUIRING REVIEW,100.0% flagged records; Average claim risk score = 37.6
1902812563,MEDICAL_CLAIM,1,1,100.0,0,1,1,0,0,0,0,37.58,37.58,0.0,HIGH-RISK PROVIDER PATTERN,PROVIDER REQUIRING REVIEW,100.0% flagged records; Average claim risk score = 37.6
1390498990,PHARMACY_CLAIM,1,1,100.0,0,1,0,0,0,0,0,37.56,37.56,100.0,HIGH-RISK PROVIDER PATTERN,PROVIDER REQUIRING REVIEW,100.0% flagged records; Average claim risk score = 37.6; Empirical claim denial rate = 100.0%
1642938040,PRIOR_AUTH,1,1,100.0,0,1,1,1,0,0,0,37.55,37.55,0.0,HIGH-RISK PROVIDER PATTERN,PROVIDER REQUIRING REVIEW,100.0% flagged records; Average claim risk score = 37.5
1405298507,PRIOR_AUTH,1,1,100.0,0,1,0,0,0,0,0,37.49,37.49,100.0,HIGH-RISK PROVIDER PATTERN,PROVIDER REQUIRING REVIEW,100.0% flagged records; Average claim risk score = 37.5; Empirical claim denial rate = 100.0%
1442508603,PHARMACY_CLAIM,1,1,100.0,0,1,1,0,0,0,0,37.43,37.43,0.0,HIGH-RISK PROVIDER PATTERN,PROVIDER REQUIRING REVIEW,100.0% flagged records; Average claim risk score = 37.4
1386788203,PRIOR_AUTH,1,1,100.0,0,1,1,0,0,0,0,37.41,37.41,100.0,HIGH-RISK PROVIDER PATTERN,PROVIDER REQUIRING REVIEW,100.0% flagged records; Average claim risk score = 37.4; Empirical claim denial rate = 100.0%
1142011927,PRIOR_AUTH,1,1,100.0,0,1,0,0,0,0,0,37.39,37.39,100.0,HIGH-RISK PROVIDER PATTERN,PROVIDER REQUIRING REVIEW,100.0% flagged records; Average claim risk score = 37.4; Empirical claim denial rate = 100.0%
1622957558,PRIOR_AUTH,1,1,100.0,0,1,1,1,0,0,0,37.39,37.39,0.0,HIGH-RISK PROVIDER PATTERN,PROVIDER REQUIRING REVIEW,100.0% flagged records; Average claim risk score = 37.4
1770865644,MEDICAL_CLAIM,1,1,100.0,0,1,1,0,0,0,0,37.39,37.39,0.0,HIGH-RISK PROVIDER PATTERN,PROVIDER REQUIRING REVIEW,100.0% flagged records; Average claim risk score = 37.4
1558669826,PHARMACY_CLAIM,1,1,100.0,0,0,2,0,0,0,0,37.38,37.38,0.0,HIGH-RISK PROVIDER PATTERN,PROVIDER REQUIRING REVIEW,100.0% flagged records; Average claim risk score = 37.4
1365651101,PHARMACY_CLAIM,1,1,100.0,0,1,0,0,0,0,0,37.35,37.35,0.0,HIGH-RISK PROVIDER PATTERN,PROVIDER REQUIRING REVIEW,100.0% flagged records; Average claim risk score = 37.4
1194891950,PRIOR_AUTH,1,1,100.0,0,1,1,0,0,0,0,37.34,37.34,100.0,HIGH-RISK PROVIDER PATTERN,PROVIDER REQUIRING REVIEW,100.0% flagged records; Average claim risk score = 37.3; Empirical claim denial rate = 100.0%
1012103352,PRIOR_AUTH,1,1,100.0,0,1,0,0,0,0,0,37.33,37.33,100.0,HIGH-RISK PROVIDER PATTERN,PROVIDER REQUIRING REVIEW,100.0% flagged records; Average claim risk score = 37.3; Empirical claim denial rate = 100.0%
1434954320,PHARMACY_CLAIM,1,1,100.0,0,1,0,0,0,0,0,37.33,37.33,100.0,HIGH-RISK PROVIDER PATTERN,PROVIDER REQUIRING REVIEW,100.0% flagged records; Average claim risk score = 37.3; Empirical claim denial rate = 100.0%
1584485910,PHARMACY_CLAIM,1,1,100.0,0,0,1,1,0,0,0,37.33,37.33,0.0,HIGH-RISK PROVIDER PATTERN,PROVIDER REQUIRING REVIEW,100.0% flagged records; Average claim risk score = 37.3
1166946343,PHARMACY_CLAIM,1,1,100.0,0,1,0,0,0,0,0,37.32,37.32,100.0,HIGH-RISK PROVIDER PATTERN,PROVIDER REQUIRING REVIEW,100.0% flagged records; Average claim risk score = 37.3; Empirical claim denial rate = 100.0%
1512873417,PHARMACY_CLAIM,1,1,100.0,0,1,0,0,0,0,0,37.32,37.32,0.0,HIGH-RISK PROVIDER PATTERN,PROVIDER REQUIRING REVIEW,100.0% flagged records; Average claim risk score = 37.3
1619188692,PHARMACY_CLAIM,1,1,100.0,0,1,0,0,0,0,0,37.31,37.31,100.0,HIGH-RISK PROVIDER PATTERN,PROVIDER REQUIRING REVIEW,100.0% flagged records; Average claim risk score = 37.3; Empirical claim denial rate = 100.0%
1072089632,PHARMACY_CLAIM,1,1,100.0,0,1,0,0,0,0,0,37.29,37.29,100.0,HIGH-RISK PROVIDER PATTERN,PROVIDER REQUIRING REVIEW,100.0% flagged records; Average claim risk score = 37.3; Empirical claim denial rate = 100.0%
1357161429,PHARMACY_CLAIM,1,1,100.0,0,1,1,1,0,0,0,37.27,37.27,0.0,HIGH-RISK PROVIDER PATTERN,PROVIDER REQUIRING REVIEW,100.0% flagged records; Average claim risk score = 37.3
1083860845,MEDICAL_CLAIM,3,3,100.0,0,2,3,0,0,0,0,37.23,45.2,0.0,HIGH-RISK PROVIDER PATTERN,PROVIDER REQUIRING REVIEW,100.0% flagged records; Average claim risk score = 37.2
1205444049,MEDICAL_CLAIM,1,1,100.0,0,1,1,0,0,0,0,37.22,37.22,0.0,HIGH-RISK PROVIDER PATTERN,PROVIDER REQUIRING REVIEW,100.0% flagged records; Average claim risk score = 37.2
1878326090,PRIOR_AUTH,1,1,100.0,0,1,0,0,0,0,0,37.2,37.2,100.0,HIGH-RISK PROVIDER PATTERN,PROVIDER REQUIRING REVIEW,100.0% flagged records; Average claim risk score = 37.2; Empirical claim denial rate = 100.0%
1785517224,PHARMACY_CLAIM,1,1,100.0,0,1,0,0,0,0,0,37.17,37.17,100.0,HIGH-RISK PROVIDER PATTERN,PROVIDER REQUIRING REVIEW,100.0% flagged records; Average claim risk score = 37.2; Empirical claim denial rate = 100.0%
1894320841,PRIOR_AUTH,1,1,100.0,0,1,0,0,0,0,0,37.17,37.17,100.0,HIGH-RISK PROVIDER PATTERN,PROVIDER REQUIRING REVIEW,100.0% flagged records; Average claim risk score = 37.2; Empirical claim denial rate = 100.0%
1370507544,PRIOR_AUTH,1,1,100.0,0,1,0,0,0,0,0,37.14,37.14,100.0,HIGH-RISK PROVIDER PATTERN,PROVIDER REQUIRING REVIEW,100.0% flagged records; Average claim risk score = 37.1; Empirical claim denial rate = 100.0%
1508375510,MEDICAL_CLAIM,1,1,100.0,0,1,1,0,0,0,0,37.12,37.12,0.0,HIGH-RISK PROVIDER PATTERN,PROVIDER REQUIRING REVIEW,100.0% flagged records; Average claim risk score = 37.1
1340735500,PRIOR_AUTH,1,1,100.0,1,1,0,1,0,0,0,37.11,37.11,0.0,HIGH-RISK PROVIDER PATTERN,PROVIDER REQUIRING REVIEW,100.0% flagged records; Average claim risk score = 37.1
1912923285,MEDICAL_CLAIM,1,1,100.0,0,1,1,0,0,0,0,37.1,37.1,0.0,HIGH-RISK PROVIDER PATTERN,PROVIDER REQUIRING REVIEW,100.0% flagged records; Average claim risk score = 37.1
1133445594,PRIOR_AUTH,1,1,100.0,0,1,0,0,0,0,0,37.08,37.08,100.0,HIGH-RISK PROVIDER PATTERN,PROVIDER REQUIRING REVIEW,100.0% flagged records; Average claim risk score = 37.1; Empirical claim denial rate = 100.0%
1246411182,PRIOR_AUTH,1,1,100.0,1,1,0,1,0,0,0,37.05,37.05,0.0,HIGH-RISK PROVIDER PATTERN,PROVIDER REQUIRING REVIEW,100.0% flagged records; Average claim risk score = 37.0
1397143419,PHARMACY_CLAIM,1,1,100.0,0,1,0,0,0,0,0,37.04,37.04,100.0,HIGH-RISK PROVIDER PATTERN,PROVIDER REQUIRING REVIEW,100.0% flagged records; Average claim risk score = 37.0; Empirical claim denial rate = 100.0%
1643320494,PHARMACY_CLAIM,1,1,100.0,0,1,0,0,0,0,0,37.02,37.02,0.0,HIGH-RISK PROVIDER PATTERN,PROVIDER REQUIRING REVIEW,100.0% flagged records; Average claim risk score = 37.0
1662280766,PHARMACY_CLAIM,1,1,100.0,0,1,0,0,0,0,0,37.02,37.02,100.0,HIGH-RISK PROVIDER PATTERN,PROVIDER REQUIRING REVIEW,100.0% flagged records; Average claim risk score = 37.0; Empirical claim denial rate = 100.0%
1265785232,MEDICAL_CLAIM,4,3,75.0,0,4,2,0,0,0,0,37.01,49.2,0.0,HIGH-RISK PROVIDER PATTERN,PROVIDER REQUIRING REVIEW,75.0% flagged records; Average claim risk score = 37.0
1539678345,PRIOR_AUTH,1,1,100.0,0,1,0,0,0,0,0,37.0,37.0,100.0,HIGH-RISK PROVIDER PATTERN,PROVIDER REQUIRING REVIEW,100.0% flagged records; Average claim risk score = 37.0; Empirical claim denial rate = 100.0%
1794760707,PHARMACY_CLAIM,1,1,100.0,0,1,0,0,0,0,0,37.0,37.0,100.0,HIGH-RISK PROVIDER PATTERN,PROVIDER REQUIRING REVIEW,100.0% flagged records; Average claim risk score = 37.0; Empirical claim denial rate = 100.0%
1762149484,PRIOR_AUTH,1,1,100.0,0,1,1,0,0,0,0,36.98,36.98,0.0,HIGH-RISK PROVIDER PATTERN,PROVIDER REQUIRING REVIEW,100.0% flagged records; Average claim risk score = 37.0
1346755154,MEDICAL_CLAIM,2,2,100.0,0,2,1,0,0,0,0,36.92,44.34,0.0,HIGH-RISK PROVIDER PATTERN,PROVIDER REQUIRING REVIEW,100.0% flagged records; Average claim risk score = 36.9
1467901049,PRIOR_AUTH,1,1,100.0,0,1,1,1,0,0,0,36.91,36.91,100.0,HIGH-RISK PROVIDER PATTERN,PROVIDER REQUIRING REVIEW,100.0% flagged records; Average claim risk score = 36.9; Empirical claim denial rate = 100.0%
1555747162,PRIOR_AUTH,1,1,100.0,0,1,0,0,0,0,0,36.9,36.9,0.0,HIGH-RISK PROVIDER PATTERN,PROVIDER REQUIRING REVIEW,100.0% flagged records; Average claim risk score = 36.9
1557458092,PRIOR_AUTH,1,1,100.0,0,1,0,0,0,0,0,36.89,36.89,100.0,HIGH-RISK PROVIDER PATTERN,PROVIDER REQUIRING REVIEW,100.0% flagged records; Average claim risk score = 36.9; Empirical claim denial rate = 100.0%
1982783692,MEDICAL_CLAIM,1,1,100.0,0,1,1,0,0,0,0,36.89,36.89,0.0,HIGH-RISK PROVIDER PATTERN,PROVIDER REQUIRING REVIEW,100.0% flagged records; Average claim risk score = 36.9
1753655289,PRIOR_AUTH,1,1,100.0,0,1,0,0,0,0,0,36.88,36.88,100.0,HIGH-RISK PROVIDER PATTERN,PROVIDER REQUIRING REVIEW,100.0% flagged records; Average claim risk score = 36.9; Empirical claim denial rate = 100.0%
1338030564,PRIOR_AUTH,1,1,100.0,0,1,0,0,0,0,0,36.86,36.86,100.0,HIGH-RISK PROVIDER PATTERN,PROVIDER REQUIRING REVIEW,100.0% flagged records; Average claim risk score = 36.9; Empirical claim denial rate = 100.0%
1564245292,PRIOR_AUTH,1,1,100.0,0,1,0,0,0,0,0,36.86,36.86,100.0,HIGH-RISK PROVIDER PATTERN,PROVIDER REQUIRING REVIEW,100.0% flagged records; Average claim risk score = 36.9; Empirical claim denial rate = 100.0%
1579337495,PHARMACY_CLAIM,1,1,100.0,0,1,0,0,0,0,0,36.86,36.86,0.0,HIGH-RISK PROVIDER PATTERN,PROVIDER REQUIRING REVIEW,100.0% flagged records; Average claim risk score = 36.9
1755432583,PRIOR_AUTH,1,1,100.0,1,1,0,1,0,0,0,36.86,36.86,0.0,HIGH-RISK PROVIDER PATTERN,PROVIDER REQUIRING REVIEW,100.0% flagged records; Average claim risk score = 36.9
1442897306,PRIOR_AUTH,1,1,100.0,0,1,0,0,0,0,0,36.83,36.83,100.0,HIGH-RISK PROVIDER PATTERN,PROVIDER REQUIRING REVIEW,100.0% flagged records; Average claim risk score = 36.8; Empirical claim denial rate = 100.0%
1781639539,PHARMACY_CLAIM,1,1,100.0,0,1,1,1,0,0,0,36.82,36.82,0.0,HIGH-RISK PROVIDER PATTERN,PROVIDER REQUIRING REVIEW,100.0% flagged records; Average claim risk score = 36.8
1288661580,PRIOR_AUTH,1,1,100.0,0,1,0,0,0,0,0,36.81,36.81,100.0,HIGH-RISK PROVIDER PATTERN,PROVIDER REQUIRING REVIEW,100.0% flagged records; Average claim risk score = 36.8; Empirical claim denial rate = 100.0%
1586915329,PHARMACY_CLAIM,1,1,100.0,0,1,0,0,0,0,0,36.79,36.79,100.0,HIGH-RISK PROVIDER PATTERN,PROVIDER REQUIRING REVIEW,100.0% flagged records; Average claim risk score = 36.8; Empirical claim denial rate = 100.0%
1088214207,PRIOR_AUTH,1,1,100.0,0,1,0,1,0,0,0,36.76,36.76,0.0,HIGH-RISK PROVIDER PATTERN,PROVIDER REQUIRING REVIEW,100.0% flagged records; Average claim risk score = 36.8
1020099156,PRIOR_AUTH,1,1,100.0,0,1,1,1,0,0,0,36.75,36.75,0.0,HIGH-RISK PROVIDER PATTERN,PROVIDER REQUIRING REVIEW,100.0% flagged records; Average claim risk score = 36.8
1474764803,PHARMACY_CLAIM,1,1,100.0,0,1,1,0,0,0,0,36.75,36.75,0.0,HIGH-RISK PROVIDER PATTERN,PROVIDER REQUIRING REVIEW,100.0% flagged records; Average claim risk score = 36.8
1524242593,PRIOR_AUTH,1,1,100.0,0,1,0,1,0,0,0,36.75,36.75,0.0,HIGH-RISK PROVIDER PATTERN,PROVIDER REQUIRING REVIEW,100.0% flagged records; Average claim risk score = 36.8
1702699839,PRIOR_AUTH,1,1,100.0,0,1,1,0,0,0,0,36.75,36.75,0.0,HIGH-RISK PROVIDER PATTERN,PROVIDER REQUIRING REVIEW,100.0% flagged records; Average claim risk score = 36.8
1360571193,PRIOR_AUTH,1,1,100.0,0,1,0,0,0,0,0,36.74,36.74,100.0,HIGH-RISK PROVIDER PATTERN,PROVIDER REQUIRING REVIEW,100.0% flagged records; Average claim risk score = 36.7; Empirical claim denial rate = 100.0%
1090566058,PRIOR_AUTH,1,1,100.0,0,1,0,1,0,0,0,36.71,36.71,0.0,HIGH-RISK PROVIDER PATTERN,PROVIDER REQUIRING REVIEW,100.0% flagged records; Average claim risk score = 36.7
1150535516,PRIOR_AUTH,1,1,100.0,0,1,0,0,0,0,0,36.71,36.71,100.0,HIGH-RISK PROVIDER PATTERN,PROVIDER REQUIRING REVIEW,100.0% flagged records; Average claim risk score = 36.7; Empirical claim denial rate = 100.0%
1701584251,PRIOR_AUTH,1,1,100.0,0,1,0,1,0,0,0,36.71,36.71,0.0,HIGH-RISK PROVIDER PATTERN,PROVIDER REQUIRING REVIEW,100.0% flagged records; Average claim risk score = 36.7
1055969464,PRIOR_AUTH,1,1,100.0,0,1,0,0,0,0,0,36.7,36.7,100.0,HIGH-RISK PROVIDER PATTERN,PROVIDER REQUIRING REVIEW,100.0% flagged records; Average claim risk score = 36.7; Empirical claim denial rate = 100.0%
1827259214,PRIOR_AUTH,1,1,100.0,0,1,0,0,0,0,0,36.69,36.69,100.0,HIGH-RISK PROVIDER PATTERN,PROVIDER REQUIRING REVIEW,100.0% flagged records; Average claim risk score = 36.7; Empirical claim denial rate = 100.0%
1404406793,PRIOR_AUTH,1,1,100.0,0,1,0,0,0,0,0,36.65,36.65,100.0,HIGH-RISK PROVIDER PATTERN,PROVIDER REQUIRING REVIEW,100.0% flagged records; Average claim risk score = 36.6; Empirical claim denial rate = 100.0%
1311382571,PRIOR_AUTH,1,1,100.0,0,1,0,0,0,0,0,36.64,36.64,0.0,HIGH-RISK PROVIDER PATTERN,PROVIDER REQUIRING REVIEW,100.0% flagged records; Average claim risk score = 36.6
1568664613,MEDICAL_CLAIM,16,11,68.75,0,0,11,11,0,0,0,36.63,49.33,6.25,HIGH-RISK PROVIDER PATTERN,PROVIDER REQUIRING REVIEW,68.8% flagged records; Average claim risk score = 36.6
1552171736,PRIOR_AUTH,1,1,100.0,0,1,1,1,0,0,0,36.62,36.62,0.0,HIGH-RISK PROVIDER PATTERN,PROVIDER REQUIRING REVIEW,100.0% flagged records; Average claim risk score = 36.6
1780155200,MEDICAL_CLAIM,1,1,100.0,0,1,1,0,0,0,0,36.62,36.62,0.0,HIGH-RISK PROVIDER PATTERN,PROVIDER REQUIRING REVIEW,100.0% flagged records; Average claim risk score = 36.6
1996003497,PRIOR_AUTH,1,1,100.0,0,1,0,0,0,0,0,36.62,36.62,0.0,HIGH-RISK PROVIDER PATTERN,PROVIDER REQUIRING REVIEW,100.0% flagged records; Average claim risk score = 36.6
1388281026,PHARMACY_CLAIM,1,1,100.0,0,1,0,0,0,0,0,36.61,36.61,100.0,HIGH-RISK PROVIDER PATTERN,PROVIDER REQUIRING REVIEW,100.0% flagged records; Average claim risk score = 36.6; Empirical claim denial rate = 100.0%
1431517056,PRIOR_AUTH,1,1,100.0,0,1,0,0,0,0,0,36.61,36.61,100.0,HIGH-RISK PROVIDER PATTERN,PROVIDER REQUIRING REVIEW,100.0% flagged records; Average claim risk score = 36.6; Empirical claim denial rate = 100.0%
1864086755,PHARMACY_CLAIM,1,1,100.0,0,1,1,1,0,0,0,36.61,36.61,0.0,HIGH-RISK PROVIDER PATTERN,PROVIDER REQUIRING REVIEW,100.0% flagged records; Average claim risk score = 36.6
1986357472,PHARMACY_CLAIM,1,1,100.0,0,1,0,0,0,0,0,36.61,36.61,0.0,HIGH-RISK PROVIDER PATTERN,PROVIDER REQUIRING REVIEW,100.0% flagged records; Average claim risk score = 36.6
1673607988,PHARMACY_CLAIM,1,1,100.0,0,1,0,0,0,0,0,36.6,36.6,100.0,HIGH-RISK PROVIDER PATTERN,PROVIDER REQUIRING REVIEW,100.0% flagged records; Average claim risk score = 36.6; Empirical claim denial rate = 100.0%
1487280384,MEDICAL_CLAIM,1,1,100.0,0,1,0,0,0,0,0,36.59,36.59,0.0,HIGH-RISK PROVIDER PATTERN,PROVIDER REQUIRING REVIEW,100.0% flagged records; Average claim risk score = 36.6
1578599775,MEDICAL_CLAIM,1,1,100.0,0,0,1,0,0,0,0,36.59,36.59,0.0,HIGH-RISK PROVIDER PATTERN,PROVIDER REQUIRING REVIEW,100.0% flagged records; Average claim risk score = 36.6
1185295832,PHARMACY_CLAIM,1,1,100.0,0,1,0,0,0,0,0,36.58,36.58,100.0,HIGH-RISK PROVIDER PATTERN,PROVIDER REQUIRING REVIEW,100.0% flagged records; Average claim risk score = 36.6; Empirical claim denial rate = 100.0%
1540041431,PRIOR_AUTH,1,1,100.0,0,1,0,0,0,0,0,36.54,36.54,100.0,HIGH-RISK PROVIDER PATTERN,PROVIDER REQUIRING REVIEW,100.0% flagged records; Average claim risk score = 36.5; Empirical claim denial rate = 100.0%
1201754295,PRIOR_AUTH,1,1,100.0,0,1,0,0,0,0,0,36.52,36.52,100.0,HIGH-RISK PROVIDER PATTERN,PROVIDER REQUIRING REVIEW,100.0% flagged records; Average claim risk score = 36.5; Empirical claim denial rate = 100.0%
1425791269,PHARMACY_CLAIM,1,1,100.0,0,1,0,0,0,0,0,36.52,36.52,100.0,HIGH-RISK PROVIDER PATTERN,PROVIDER REQUIRING REVIEW,100.0% flagged records; Average claim risk score = 36.5; Empirical claim denial rate = 100.0%
1311241550,PRIOR_AUTH,1,1,100.0,0,1,0,0,0,0,0,36.5,36.5,100.0,HIGH-RISK PROVIDER PATTERN,PROVIDER REQUIRING REVIEW,100.0% flagged records; Average claim risk score = 36.5; Empirical claim denial rate = 100.0%
1348553850,PHARMACY_CLAIM,1,1,100.0,0,1,0,0,0,0,0,36.5,36.5,100.0,HIGH-RISK PROVIDER PATTERN,PROVIDER REQUIRING REVIEW,100.0% flagged records; Average claim risk score = 36.5; Empirical claim denial rate = 100.0%
1769192778,PRIOR_AUTH,1,1,100.0,0,1,0,0,0,0,0,36.49,36.49,0.0,HIGH-RISK PROVIDER PATTERN,PROVIDER REQUIRING REVIEW,100.0% flagged records; Average claim risk score = 36.5
1810479223,PHARMACY_CLAIM,1,1,100.0,0,1,0,0,0,0,0,36.48,36.48,0.0,HIGH-RISK PROVIDER PATTERN,PROVIDER REQUIRING REVIEW,100.0% flagged records; Average claim risk score = 36.5
1737558849,PRIOR_AUTH,1,1,100.0,0,1,0,0,0,0,0,36.46,36.46,100.0,HIGH-RISK PROVIDER PATTERN,PROVIDER REQUIRING REVIEW,100.0% flagged records; Average claim risk score = 36.5; Empirical claim denial rate = 100.0%
1265954534,PRIOR_AUTH,1,1,100.0,0,1,0,0,0,0,0,36.45,36.45,100.0,HIGH-RISK PROVIDER PATTERN,PROVIDER REQUIRING REVIEW,100.0% flagged records; Average claim risk score = 36.5; Empirical claim denial rate = 100.0%
1063415556,PRIOR_AUTH,1,1,100.0,0,1,0,0,0,0,0,36.41,36.41,100.0,HIGH-RISK PROVIDER PATTERN,PROVIDER REQUIRING REVIEW,100.0% flagged records; Average claim risk score = 36.4; Empirical claim denial rate = 100.0%
1877535593,PRIOR_AUTH,1,1,100.0,0,1,0,0,0,0,0,36.4,36.4,0.0,HIGH-RISK PROVIDER PATTERN,PROVIDER REQUIRING REVIEW,100.0% flagged records; Average claim risk score = 36.4
1720093927,PRIOR_AUTH,1,1,100.0,0,1,1,1,0,0,0,36.38,36.38,0.0,HIGH-RISK PROVIDER PATTERN,PROVIDER REQUIRING REVIEW,100.0% flagged records; Average claim risk score = 36.4
1191494619,PHARMACY_CLAIM,1,1,100.0,0,1,0,0,0,0,0,36.37,36.37,0.0,HIGH-RISK PROVIDER PATTERN,PROVIDER REQUIRING REVIEW,100.0% flagged records; Average claim risk score = 36.4
1120853237,PRIOR_AUTH,1,1,100.0,0,1,0,0,0,0,0,36.35,36.35,100.0,HIGH-RISK PROVIDER PATTERN,PROVIDER REQUIRING REVIEW,100.0% flagged records; Average claim risk score = 36.4; Empirical claim denial rate = 100.0%
1583680314,PRIOR_AUTH,1,1,100.0,0,1,1,1,0,0,0,36.32,36.32,0.0,HIGH-RISK PROVIDER PATTERN,PROVIDER REQUIRING REVIEW,100.0% flagged records; Average claim risk score = 36.3
1894393263,PRIOR_AUTH,1,1,100.0,0,1,1,1,0,0,0,36.32,36.32,0.0,HIGH-RISK PROVIDER PATTERN,PROVIDER REQUIRING REVIEW,100.0% flagged records; Average claim risk score = 36.3
1792918329,PHARMACY_CLAIM,1,1,100.0,0,1,0,0,0,0,0,36.3,36.3,100.0,HIGH-RISK PROVIDER PATTERN,PROVIDER REQUIRING REVIEW,100.0% flagged records; Average claim risk score = 36.3; Empirical claim denial rate = 100.0%
1885081846,PRIOR_AUTH,1,1,100.0,0,1,0,0,0,0,0,36.3,36.3,100.0,HIGH-RISK PROVIDER PATTERN,PROVIDER REQUIRING REVIEW,100.0% flagged records; Average claim risk score = 36.3; Empirical claim denial rate = 100.0%
1337063701,PHARMACY_CLAIM,1,1,100.0,0,1,1,0,0,0,0,36.29,36.29,0.0,HIGH-RISK PROVIDER PATTERN,PROVIDER REQUIRING REVIEW,100.0% flagged records; Average claim risk score = 36.3
1445157892,PRIOR_AUTH,1,1,100.0,0,1,0,0,0,0,0,36.27,36.27,100.0,HIGH-RISK PROVIDER PATTERN,PROVIDER REQUIRING REVIEW,100.0% flagged records; Average claim risk score = 36.3; Empirical claim denial rate = 100.0%
1627391584,PHARMACY_CLAIM,1,1,100.0,0,1,0,0,0,0,0,36.27,36.27,100.0,HIGH-RISK PROVIDER PATTERN,PROVIDER REQUIRING REVIEW,100.0% flagged records; Average claim risk score = 36.3; Empirical claim denial rate = 100.0%
1063612675,PHARMACY_CLAIM,1,1,100.0,0,1,0,0,0,0,0,36.26,36.26,0.0,HIGH-RISK PROVIDER PATTERN,PROVIDER REQUIRING REVIEW,100.0% flagged records; Average claim risk score = 36.3
1605516002,PHARMACY_CLAIM,1,1,100.0,0,1,0,0,0,0,0,36.25,36.25,100.0,HIGH-RISK PROVIDER PATTERN,PROVIDER REQUIRING REVIEW,100.0% flagged records; Average claim risk score = 36.2; Empirical claim denial rate = 100.0%
1147978924,PRIOR_AUTH,1,1,100.0,0,1,0,0,0,0,0,36.2,36.2,0.0,HIGH-RISK PROVIDER PATTERN,PROVIDER REQUIRING REVIEW,100.0% flagged records; Average claim risk score = 36.2
1344684596,PRIOR_AUTH,1,1,100.0,0,1,0,0,0,0,0,36.19,36.19,100.0,HIGH-RISK PROVIDER PATTERN,PROVIDER REQUIRING REVIEW,100.0% flagged records; Average claim risk score = 36.2; Empirical claim denial rate = 100.0%
1531846324,PHARMACY_CLAIM,1,1,100.0,0,1,0,0,0,0,0,36.19,36.19,100.0,HIGH-RISK PROVIDER PATTERN,PROVIDER REQUIRING REVIEW,100.0% flagged records; Average claim risk score = 36.2; Empirical claim denial rate = 100.0%
1303587089,PHARMACY_CLAIM,1,1,100.0,0,1,1,1,0,0,0,36.18,36.18,0.0,HIGH-RISK PROVIDER PATTERN,PROVIDER REQUIRING REVIEW,100.0% flagged records; Average claim risk score = 36.2
1478147581,PRIOR_AUTH,1,1,100.0,0,1,0,0,0,0,0,36.17,36.17,100.0,HIGH-RISK PROVIDER PATTERN,PROVIDER REQUIRING REVIEW,100.0% flagged records; Average claim risk score = 36.2; Empirical claim denial rate = 100.0%
1043307580,MEDICAL_CLAIM,2,2,100.0,0,2,2,0,0,0,0,36.16,39.08,0.0,HIGH-RISK PROVIDER PATTERN,PROVIDER REQUIRING REVIEW,100.0% flagged records; Average claim risk score = 36.2
1389300767,PRIOR_AUTH,1,1,100.0,0,1,1,1,0,0,0,36.16,36.16,0.0,HIGH-RISK PROVIDER PATTERN,PROVIDER REQUIRING REVIEW,100.0% flagged records; Average claim risk score = 36.2
1601226405,PRIOR_AUTH,1,1,100.0,0,1,0,0,0,0,0,36.16,36.16,100.0,HIGH-RISK PROVIDER PATTERN,PROVIDER REQUIRING REVIEW,100.0% flagged records; Average claim risk score = 36.2; Empirical claim denial rate = 100.0%
1671322114,PRIOR_AUTH,1,1,100.0,0,1,1,1,0,0,0,36.16,36.16,0.0,HIGH-RISK PROVIDER PATTERN,PROVIDER REQUIRING REVIEW,100.0% flagged records; Average claim risk score = 36.2
1904335327,PRIOR_AUTH,1,1,100.0,0,1,1,1,0,0,0,36.16,36.16,0.0,HIGH-RISK PROVIDER PATTERN,PROVIDER REQUIRING REVIEW,100.0% flagged records; Average claim risk score = 36.2
1124539648,MEDICAL_CLAIM,1,1,100.0,0,0,1,0,0,0,0,36.15,36.15,0.0,HIGH-RISK PROVIDER PATTERN,PROVIDER REQUIRING REVIEW,100.0% flagged records; Average claim risk score = 36.1
1117454709,PRIOR_AUTH,1,1,100.0,0,1,0,0,0,0,0,36.14,36.14,0.0,HIGH-RISK PROVIDER PATTERN,PROVIDER REQUIRING REVIEW,100.0% flagged records; Average claim risk score = 36.1
1901666950,PHARMACY_CLAIM,1,1,100.0,0,1,1,0,0,0,0,36.13,36.13,0.0,HIGH-RISK PROVIDER PATTERN,PROVIDER REQUIRING REVIEW,100.0% flagged records; Average claim risk score = 36.1
1688084657,PRIOR_AUTH,1,1,100.0,0,1,0,0,0,0,0,36.12,36.12,0.0,HIGH-RISK PROVIDER PATTERN,PROVIDER REQUIRING REVIEW,100.0% flagged records; Average claim risk score = 36.1
1596100110,PHARMACY_CLAIM,1,1,100.0,0,1,0,0,0,0,0,36.1,36.1,100.0,HIGH-RISK PROVIDER PATTERN,PROVIDER REQUIRING REVIEW,100.0% flagged records; Average claim risk score = 36.1; Empirical claim denial rate = 100.0%
1477859254,MEDICAL_CLAIM,1,1,100.0,0,0,1,0,0,0,0,36.05,36.05,0.0,HIGH-RISK PROVIDER PATTERN,PROVIDER REQUIRING REVIEW,100.0% flagged records; Average claim risk score = 36.0
1949522307,PHARMACY_CLAIM,1,1,100.0,0,1,0,0,0,0,0,36.04,36.04,100.0,HIGH-RISK PROVIDER PATTERN,PROVIDER REQUIRING REVIEW,100.0% flagged records; Average claim risk score = 36.0; Empirical claim denial rate = 100.0%
1815381641,PRIOR_AUTH,1,1,100.0,0,1,0,0,0,0,0,36.02,36.02,0.0,HIGH-RISK PROVIDER PATTERN,PROVIDER REQUIRING REVIEW,100.0% flagged records; Average claim risk score = 36.0
1837853160,PHARMACY_CLAIM,1,1,100.0,0,0,2,0,0,0,0,36.02,36.02,0.0,HIGH-RISK PROVIDER PATTERN,PROVIDER REQUIRING REVIEW,100.0% flagged records; Average claim risk score = 36.0
1476790226,PHARMACY_CLAIM,1,1,100.0,0,1,1,0,0,0,0,36.01,36.01,0.0,HIGH-RISK PROVIDER PATTERN,PROVIDER REQUIRING REVIEW,100.0% flagged records; Average claim risk score = 36.0
1073653952,PHARMACY_CLAIM,1,1,100.0,0,1,0,0,0,0,0,36.0,36.0,100.0,HIGH-RISK PROVIDER PATTERN,PROVIDER REQUIRING REVIEW,100.0% flagged records; Average claim risk score = 36.0; Empirical claim denial rate = 100.0%
1806408805,PRIOR_AUTH,1,1,100.0,0,1,0,0,0,0,0,36.0,36.0,100.0,HIGH-RISK PROVIDER PATTERN,PROVIDER REQUIRING REVIEW,100.0% flagged records; Average claim risk score = 36.0; Empirical claim denial rate = 100.0%
1053311373,MEDICAL_CLAIM,1,1,100.0,0,1,1,0,0,0,0,35.99,35.99,0.0,HIGH-RISK PROVIDER PATTERN,PROVIDER REQUIRING REVIEW,100.0% flagged records; Average claim risk score = 36.0
1861840795,MEDICAL_CLAIM,1,1,100.0,0,0,1,0,0,0,0,35.99,35.99,0.0,HIGH-RISK PROVIDER PATTERN,PROVIDER REQUIRING REVIEW,100.0% flagged records; Average claim risk score = 36.0
1467607922,PRIOR_AUTH,1,1,100.0,0,1,0,0,0,0,0,35.98,35.98,0.0,HIGH-RISK PROVIDER PATTERN,PROVIDER REQUIRING REVIEW,100.0% flagged records; Average claim risk score = 36.0
1235123993,MEDICAL_CLAIM,1,1,100.0,0,1,1,0,0,0,0,35.97,35.97,0.0,HIGH-RISK PROVIDER PATTERN,PROVIDER REQUIRING REVIEW,100.0% flagged records; Average claim risk score = 36.0
1366882573,MEDICAL_CLAIM,1,1,100.0,0,1,1,0,0,0,0,35.96,35.96,0.0,HIGH-RISK PROVIDER PATTERN,PROVIDER REQUIRING REVIEW,100.0% flagged records; Average claim risk score = 36.0
1225282056,MEDICAL_CLAIM,4,4,100.0,0,3,4,0,0,0,0,35.95,40.88,0.0,HIGH-RISK PROVIDER PATTERN,PROVIDER REQUIRING REVIEW,100.0% flagged records; Average claim risk score = 36.0
1623781655,PRIOR_AUTH,1,1,100.0,0,1,0,0,0,0,0,35.94,35.94,0.0,HIGH-RISK PROVIDER PATTERN,PROVIDER REQUIRING REVIEW,100.0% flagged records; Average claim risk score = 35.9
1046572942,PHARMACY_CLAIM,1,1,100.0,0,1,0,0,0,0,0,35.92,35.92,100.0,HIGH-RISK PROVIDER PATTERN,PROVIDER REQUIRING REVIEW,100.0% flagged records; Average claim risk score = 35.9; Empirical claim denial rate = 100.0%
1728638547,PHARMACY_CLAIM,1,1,100.0,0,1,0,0,0,0,0,35.92,35.92,100.0,HIGH-RISK PROVIDER PATTERN,PROVIDER REQUIRING REVIEW,100.0% flagged records; Average claim risk score = 35.9; Empirical claim denial rate = 100.0%
1126294016,PRIOR_AUTH,1,1,100.0,0,1,0,0,0,0,0,35.91,35.91,100.0,HIGH-RISK PROVIDER PATTERN,PROVIDER REQUIRING REVIEW,100.0% flagged records; Average claim risk score = 35.9; Empirical claim denial rate = 100.0%
1687874214,PRIOR_AUTH,1,1,100.0,0,1,0,0,0,0,0,35.91,35.91,100.0,HIGH-RISK PROVIDER PATTERN,PROVIDER REQUIRING REVIEW,100.0% flagged records; Average claim risk score = 35.9; Empirical claim denial rate = 100.0%
1956761245,PRIOR_AUTH,1,1,100.0,0,1,0,0,0,0,0,35.91,35.91,100.0,HIGH-RISK PROVIDER PATTERN,PROVIDER REQUIRING REVIEW,100.0% flagged records; Average claim risk score = 35.9; Empirical claim denial rate = 100.0%
1053412795,PHARMACY_CLAIM,1,1,100.0,0,1,1,0,0,0,0,35.87,35.87,0.0,HIGH-RISK PROVIDER PATTERN,PROVIDER REQUIRING REVIEW,100.0% flagged records; Average claim risk score = 35.9
1781970684,PRIOR_AUTH,1,1,100.0,0,1,1,1,0,0,0,35.86,35.86,0.0,HIGH-RISK PROVIDER PATTERN,PROVIDER REQUIRING REVIEW,100.0% flagged records; Average claim risk score = 35.9
1593120356,PRIOR_AUTH,1,1,100.0,0,1,0,0,0,0,0,35.84,35.84,100.0,HIGH-RISK PROVIDER PATTERN,PROVIDER REQUIRING REVIEW,100.0% flagged records; Average claim risk score = 35.8; Empirical claim denial rate = 100.0%
1982812729,PRIOR_AUTH,1,1,100.0,0,1,0,0,0,0,0,35.84,35.84,100.0,HIGH-RISK PROVIDER PATTERN,PROVIDER REQUIRING REVIEW,100.0% flagged records; Average claim risk score = 35.8; Empirical claim denial rate = 100.0%
1033605613,MEDICAL_CLAIM,2,2,100.0,0,2,1,0,0,0,0,35.83,40.99,0.0,HIGH-RISK PROVIDER PATTERN,PROVIDER REQUIRING REVIEW,100.0% flagged records; Average claim risk score = 35.8
1599904365,PRIOR_AUTH,1,1,100.0,0,1,0,0,0,0,0,35.83,35.83,100.0,HIGH-RISK PROVIDER PATTERN,PROVIDER REQUIRING REVIEW,100.0% flagged records; Average claim risk score = 35.8; Empirical claim denial rate = 100.0%
1629649751,MEDICAL_CLAIM,1,1,100.0,0,0,1,0,0,0,0,35.8,35.8,0.0,HIGH-RISK PROVIDER PATTERN,PROVIDER REQUIRING REVIEW,100.0% flagged records; Average claim risk score = 35.8
1865998878,PRIOR_AUTH,2,2,100.0,0,2,0,0,0,0,0,35.79,35.79,0.0,HIGH-RISK PROVIDER PATTERN,PROVIDER REQUIRING REVIEW,100.0% flagged records; Average claim risk score = 35.8
1361014996,PRIOR_AUTH,1,1,100.0,0,1,0,0,0,0,0,35.77,35.77,0.0,HIGH-RISK PROVIDER PATTERN,PROVIDER REQUIRING REVIEW,100.0% flagged records; Average claim risk score = 35.8
1962882191,MEDICAL_CLAIM,1,1,100.0,0,1,0,0,0,0,0,35.77,35.77,0.0,HIGH-RISK PROVIDER PATTERN,PROVIDER REQUIRING REVIEW,100.0% flagged records; Average claim risk score = 35.8
1174630693,MEDICAL_CLAIM,1,1,100.0,0,1,1,0,0,0,0,35.76,35.76,0.0,HIGH-RISK PROVIDER PATTERN,PROVIDER REQUIRING REVIEW,100.0% flagged records; Average claim risk score = 35.8
1538108725,MEDICAL_CLAIM,1,1,100.0,0,1,1,0,0,0,0,35.76,35.76,0.0,HIGH-RISK PROVIDER PATTERN,PROVIDER REQUIRING REVIEW,100.0% flagged records; Average claim risk score = 35.8
1909080806,PRIOR_AUTH,1,1,100.0,0,1,0,0,0,0,0,35.76,35.76,0.0,HIGH-RISK PROVIDER PATTERN,PROVIDER REQUIRING REVIEW,100.0% flagged records; Average claim risk score = 35.8
1895136374,PHARMACY_CLAIM,1,1,100.0,0,1,0,0,0,0,0,35.75,35.75,0.0,HIGH-RISK PROVIDER PATTERN,PROVIDER REQUIRING REVIEW,100.0% flagged records; Average claim risk score = 35.8
1551502280,PRIOR_AUTH,1,1,100.0,0,1,0,0,0,0,0,35.74,35.74,100.0,HIGH-RISK PROVIDER PATTERN,PROVIDER REQUIRING REVIEW,100.0% flagged records; Average claim risk score = 35.7; Empirical claim denial rate = 100.0%
1097385919,PHARMACY_CLAIM,1,1,100.0,0,1,0,0,0,0,0,35.71,35.71,0.0,HIGH-RISK PROVIDER PATTERN,PROVIDER REQUIRING REVIEW,100.0% flagged records; Average claim risk score = 35.7
1838361406,PRIOR_AUTH,1,1,100.0,0,1,1,0,0,0,0,35.71,35.71,100.0,HIGH-RISK PROVIDER PATTERN,PROVIDER REQUIRING REVIEW,100.0% flagged records; Average claim risk score = 35.7; Empirical claim denial rate = 100.0%
1250442727,PRIOR_AUTH,1,1,100.0,0,1,0,0,0,0,0,35.69,35.69,100.0,HIGH-RISK PROVIDER PATTERN,PROVIDER REQUIRING REVIEW,100.0% flagged records; Average claim risk score = 35.7; Empirical claim denial rate = 100.0%
1362878346,PRIOR_AUTH,1,1,100.0,0,1,1,1,0,0,0,35.69,35.69,0.0,HIGH-RISK PROVIDER PATTERN,PROVIDER REQUIRING REVIEW,100.0% flagged records; Average claim risk score = 35.7
1608634425,PHARMACY_CLAIM,1,1,100.0,0,1,0,0,0,0,0,35.67,35.67,0.0,HIGH-RISK PROVIDER PATTERN,PROVIDER REQUIRING REVIEW,100.0% flagged records; Average claim risk score = 35.7
1491954698,PRIOR_AUTH,1,1,100.0,0,1,0,0,0,0,0,35.66,35.66,100.0,HIGH-RISK PROVIDER PATTERN,PROVIDER REQUIRING REVIEW,100.0% flagged records; Average claim risk score = 35.7; Empirical claim denial rate = 100.0%
1679822993,MEDICAL_CLAIM,1,1,100.0,0,1,1,0,0,0,0,35.66,35.66,0.0,HIGH-RISK PROVIDER PATTERN,PROVIDER REQUIRING REVIEW,100.0% flagged records; Average claim risk score = 35.7
1681945237,PHARMACY_CLAIM,1,1,100.0,0,1,1,1,0,0,0,35.65,35.65,0.0,HIGH-RISK PROVIDER PATTERN,PROVIDER REQUIRING REVIEW,100.0% flagged records; Average claim risk score = 35.6
1689628232,MEDICAL_CLAIM,2,2,100.0,0,1,2,0,0,0,0,35.64,38.84,0.0,HIGH-RISK PROVIDER PATTERN,PROVIDER REQUIRING REVIEW,100.0% flagged records; Average claim risk score = 35.6
1567202012,PRIOR_AUTH,1,1,100.0,0,1,0,0,0,0,0,35.64,35.64,100.0,HIGH-RISK PROVIDER PATTERN,PROVIDER REQUIRING REVIEW,100.0% flagged records; Average claim risk score = 35.6; Empirical claim denial rate = 100.0%
1758643767,PRIOR_AUTH,1,1,100.0,0,1,0,0,0,0,0,35.64,35.64,100.0,HIGH-RISK PROVIDER PATTERN,PROVIDER REQUIRING REVIEW,100.0% flagged records; Average claim risk score = 35.6; Empirical claim denial rate = 100.0%
1194706655,MEDICAL_CLAIM,1,1,100.0,0,0,1,0,0,0,0,35.54,35.54,0.0,HIGH-RISK PROVIDER PATTERN,PROVIDER REQUIRING REVIEW,100.0% flagged records; Average claim risk score = 35.5
1025231652,PRIOR_AUTH,1,1,100.0,0,1,0,0,0,0,0,35.51,35.51,100.0,HIGH-RISK PROVIDER PATTERN,PROVIDER REQUIRING REVIEW,100.0% flagged records; Average claim risk score = 35.5; Empirical claim denial rate = 100.0%
1547876592,PRIOR_AUTH,1,1,100.0,0,1,1,1,0,0,0,35.5,35.5,0.0,HIGH-RISK PROVIDER PATTERN,PROVIDER REQUIRING REVIEW,100.0% flagged records; Average claim risk score = 35.5
1629556527,MEDICAL_CLAIM,2,2,100.0,0,2,2,0,0,0,0,35.49,37.05,0.0,HIGH-RISK PROVIDER PATTERN,PROVIDER REQUIRING REVIEW,100.0% flagged records; Average claim risk score = 35.5
1718964843,PRIOR_AUTH,1,1,100.0,0,1,0,0,0,0,0,35.47,35.47,100.0,HIGH-RISK PROVIDER PATTERN,PROVIDER REQUIRING REVIEW,100.0% flagged records; Average claim risk score = 35.5; Empirical claim denial rate = 100.0%
1922578202,MEDICAL_CLAIM,2,2,100.0,0,1,2,0,0,0,0,35.46,37.26,0.0,HIGH-RISK PROVIDER PATTERN,PROVIDER REQUIRING REVIEW,100.0% flagged records; Average claim risk score = 35.5
1700944981,PHARMACY_CLAIM,1,1,100.0,0,1,0,0,0,0,0,35.46,35.46,0.0,HIGH-RISK PROVIDER PATTERN,PROVIDER REQUIRING REVIEW,100.0% flagged records; Average claim risk score = 35.5
1174512792,MEDICAL_CLAIM,4,4,100.0,0,1,4,0,0,0,0,35.42,43.23,0.0,HIGH-RISK PROVIDER PATTERN,PROVIDER REQUIRING REVIEW,100.0% flagged records; Average claim risk score = 35.4
1001472778,PHARMACY_CLAIM,1,1,100.0,0,1,1,1,0,0,0,35.42,35.42,0.0,HIGH-RISK PROVIDER PATTERN,PROVIDER REQUIRING REVIEW,100.0% flagged records; Average claim risk score = 35.4
1376586578,MEDICAL_CLAIM,1,1,100.0,0,1,1,0,0,0,0,35.41,35.41,0.0,HIGH-RISK PROVIDER PATTERN,PROVIDER REQUIRING REVIEW,100.0% flagged records; Average claim risk score = 35.4
1176077987,PHARMACY_CLAIM,1,1,100.0,0,1,0,0,0,0,0,35.39,35.39,0.0,HIGH-RISK PROVIDER PATTERN,PROVIDER REQUIRING REVIEW,100.0% flagged records; Average claim risk score = 35.4
1834091109,PHARMACY_CLAIM,1,1,100.0,0,1,0,0,0,0,0,35.38,35.38,100.0,HIGH-RISK PROVIDER PATTERN,PROVIDER REQUIRING REVIEW,100.0% flagged records; Average claim risk score = 35.4; Empirical claim denial rate = 100.0%
1891835351,MEDICAL_CLAIM,1,1,100.0,0,1,0,0,0,0,0,35.38,35.38,0.0,HIGH-RISK PROVIDER PATTERN,PROVIDER REQUIRING REVIEW,100.0% flagged records; Average claim risk score = 35.4
1091958165,PRIOR_AUTH,1,1,100.0,0,1,0,0,0,0,0,35.36,35.36,100.0,HIGH-RISK PROVIDER PATTERN,PROVIDER REQUIRING REVIEW,100.0% flagged records; Average claim risk score = 35.4; Empirical claim denial rate = 100.0%
1574095085,PRIOR_AUTH,1,1,100.0,0,1,0,0,0,0,0,35.36,35.36,100.0,HIGH-RISK PROVIDER PATTERN,PROVIDER REQUIRING REVIEW,100.0% flagged records; Average claim risk score = 35.4; Empirical claim denial rate = 100.0%
1093387524,MEDICAL_CLAIM,1,1,100.0,0,1,0,0,0,0,0,35.35,35.35,0.0,HIGH-RISK PROVIDER PATTERN,PROVIDER REQUIRING REVIEW,100.0% flagged records; Average claim risk score = 35.4
1550618457,PHARMACY_CLAIM,1,1,100.0,0,1,1,0,0,0,0,35.35,35.35,0.0,HIGH-RISK PROVIDER PATTERN,PROVIDER REQUIRING REVIEW,100.0% flagged records; Average claim risk score = 35.4
1053469190,PRIOR_AUTH,1,1,100.0,0,1,0,0,0,0,0,35.34,35.34,0.0,HIGH-RISK PROVIDER PATTERN,PROVIDER REQUIRING REVIEW,100.0% flagged records; Average claim risk score = 35.3
1777141817,PRIOR_AUTH,1,1,100.0,0,1,0,0,0,0,0,35.33,35.33,100.0,HIGH-RISK PROVIDER PATTERN,PROVIDER REQUIRING REVIEW,100.0% flagged records; Average claim risk score = 35.3; Empirical claim denial rate = 100.0%
1509925509,PHARMACY_CLAIM,1,1,100.0,0,1,0,0,0,0,0,35.32,35.32,100.0,HIGH-RISK PROVIDER PATTERN,PROVIDER REQUIRING REVIEW,100.0% flagged records; Average claim risk score = 35.3; Empirical claim denial rate = 100.0%
1442087937,PHARMACY_CLAIM,1,1,100.0,0,1,1,0,0,0,0,35.31,35.31,0.0,HIGH-RISK PROVIDER PATTERN,PROVIDER REQUIRING REVIEW,100.0% flagged records; Average claim risk score = 35.3
1992701825,MEDICAL_CLAIM,1,1,100.0,0,0,1,0,0,0,0,35.31,35.31,0.0,HIGH-RISK PROVIDER PATTERN,PROVIDER REQUIRING REVIEW,100.0% flagged records; Average claim risk score = 35.3
1769173898,PHARMACY_CLAIM,1,1,100.0,0,1,0,0,0,0,0,35.29,35.29,0.0,HIGH-RISK PROVIDER PATTERN,PROVIDER REQUIRING REVIEW,100.0% flagged records; Average claim risk score = 35.3
1195186595,PHARMACY_CLAIM,1,1,100.0,0,1,0,0,0,0,0,35.25,35.25,100.0,HIGH-RISK PROVIDER PATTERN,PROVIDER REQUIRING REVIEW,100.0% flagged records; Average claim risk score = 35.2; Empirical claim denial rate = 100.0%
1134532062,MEDICAL_CLAIM,2,2,100.0,0,1,2,0,0,0,0,35.22,39.08,0.0,HIGH-RISK PROVIDER PATTERN,PROVIDER REQUIRING REVIEW,100.0% flagged records; Average claim risk score = 35.2
1255629747,MEDICAL_CLAIM,1,1,100.0,0,0,1,0,0,0,0,35.22,35.22,0.0,HIGH-RISK PROVIDER PATTERN,PROVIDER REQUIRING REVIEW,100.0% flagged records; Average claim risk score = 35.2
1083959472,MEDICAL_CLAIM,1,1,100.0,0,1,1,0,0,0,0,35.21,35.21,0.0,HIGH-RISK PROVIDER PATTERN,PROVIDER REQUIRING REVIEW,100.0% flagged records; Average claim risk score = 35.2
1306377643,MEDICAL_CLAIM,1,1,100.0,0,1,0,0,0,0,0,35.19,35.19,0.0,HIGH-RISK PROVIDER PATTERN,PROVIDER REQUIRING REVIEW,100.0% flagged records; Average claim risk score = 35.2
1731718796,PHARMACY_CLAIM,1,1,100.0,0,0,2,0,0,0,0,35.17,35.17,0.0,HIGH-RISK PROVIDER PATTERN,PROVIDER REQUIRING REVIEW,100.0% flagged records; Average claim risk score = 35.2
1505752029,PRIOR_AUTH,1,1,100.0,0,1,0,0,0,0,0,35.15,35.15,0.0,HIGH-RISK PROVIDER PATTERN,PROVIDER REQUIRING REVIEW,100.0% flagged records; Average claim risk score = 35.1
1336637438,MEDICAL_CLAIM,3,3,100.0,0,1,3,0,0,0,0,35.14,45.8,0.0,HIGH-RISK PROVIDER PATTERN,PROVIDER REQUIRING REVIEW,100.0% flagged records; Average claim risk score = 35.1
1889707957,PRIOR_AUTH,1,1,100.0,0,1,0,0,0,0,0,35.11,35.11,100.0,HIGH-RISK PROVIDER PATTERN,PROVIDER REQUIRING REVIEW,100.0% flagged records; Average claim risk score = 35.1; Empirical claim denial rate = 100.0%
1798565695,PRIOR_AUTH,1,1,100.0,0,1,0,0,0,0,0,35.1,35.1,0.0,HIGH-RISK PROVIDER PATTERN,PROVIDER REQUIRING REVIEW,100.0% flagged records; Average claim risk score = 35.1
1284337993,PHARMACY_CLAIM,1,1,100.0,0,1,1,0,0,0,0,35.09,35.09,0.0,HIGH-RISK PROVIDER PATTERN,PROVIDER REQUIRING REVIEW,100.0% flagged records; Average claim risk score = 35.1
1710572860,PHARMACY_CLAIM,1,1,100.0,0,1,0,0,0,0,0,35.05,35.05,0.0,HIGH-RISK PROVIDER PATTERN,PROVIDER REQUIRING REVIEW,100.0% flagged records; Average claim risk score = 35.0
1891102224,MEDICAL_CLAIM,1,1,100.0,0,1,1,0,0,0,0,35.03,35.03,0.0,HIGH-RISK PROVIDER PATTERN,PROVIDER REQUIRING REVIEW,100.0% flagged records; Average claim risk score = 35.0
1194790055,MEDICAL_CLAIM,2,2,100.0,0,0,2,0,0,0,0,35.02,44.88,0.0,HIGH-RISK PROVIDER PATTERN,PROVIDER REQUIRING REVIEW,100.0% flagged records; Average claim risk score = 35.0
1135367739,PHARMACY_CLAIM,1,1,100.0,0,1,1,0,0,0,0,34.98,34.98,0.0,HIGH-RISK PROVIDER PATTERN,PROVIDER REQUIRING REVIEW,100.0% flagged records
1901903079,PHARMACY_CLAIM,1,1,100.0,0,1,0,0,0,0,0,34.95,34.95,100.0,HIGH-RISK PROVIDER PATTERN,PROVIDER REQUIRING REVIEW,100.0% flagged records; Empirical claim denial rate = 100.0%
1252244227,PRIOR_AUTH,1,1,100.0,0,1,1,0,0,0,0,34.94,34.94,100.0,HIGH-RISK PROVIDER PATTERN,PROVIDER REQUIRING REVIEW,100.0% flagged records; Empirical claim denial rate = 100.0%
1314984009,PRIOR_AUTH,2,2,100.0,0,2,0,0,0,0,0,34.93,34.93,0.0,HIGH-RISK PROVIDER PATTERN,PROVIDER REQUIRING REVIEW,100.0% flagged records
1572233118,PHARMACY_CLAIM,1,1,100.0,0,1,1,0,0,0,0,34.93,34.93,0.0,HIGH-RISK PROVIDER PATTERN,PROVIDER REQUIRING REVIEW,100.0% flagged records
1324764136,PHARMACY_CLAIM,1,1,100.0,0,1,0,0,0,0,0,34.91,34.91,0.0,HIGH-RISK PROVIDER PATTERN,PROVIDER REQUIRING REVIEW,100.0% flagged records
1803644959,PRIOR_AUTH,1,1,100.0,0,1,0,0,0,0,0,34.89,34.89,0.0,HIGH-RISK PROVIDER PATTERN,PROVIDER REQUIRING REVIEW,100.0% flagged records
1588925804,MEDICAL_CLAIM,5,5,100.0,0,1,7,0,0,0,0,34.88,45.66,0.0,HIGH-RISK PROVIDER PATTERN,PROVIDER REQUIRING REVIEW,100.0% flagged records
1730293791,PRIOR_AUTH,1,1,100.0,0,1,1,1,0,0,0,34.88,34.88,0.0,HIGH-RISK PROVIDER PATTERN,PROVIDER REQUIRING REVIEW,100.0% flagged records
1096925643,PRIOR_AUTH,1,1,100.0,0,1,0,0,0,0,0,34.86,34.86,100.0,HIGH-RISK PROVIDER PATTERN,PROVIDER REQUIRING REVIEW,100.0% flagged records; Empirical claim denial rate = 100.0%
1100670387,PRIOR_AUTH,1,1,100.0,0,1,0,0,0,0,0,34.86,34.86,100.0,HIGH-RISK PROVIDER PATTERN,PROVIDER REQUIRING REVIEW,100.0% flagged records; Empirical claim denial rate = 100.0%
1695419265,PRIOR_AUTH,1,1,100.0,0,1,0,0,0,0,0,34.86,34.86,100.0,HIGH-RISK PROVIDER PATTERN,PROVIDER REQUIRING REVIEW,100.0% flagged records; Empirical claim denial rate = 100.0%
1459057694,PHARMACY_CLAIM,1,1,100.0,0,1,1,0,0,0,0,34.85,34.85,0.0,HIGH-RISK PROVIDER PATTERN,PROVIDER REQUIRING REVIEW,100.0% flagged records
1980083999,PRIOR_AUTH,1,1,100.0,0,1,1,0,0,0,0,34.83,34.83,100.0,HIGH-RISK PROVIDER PATTERN,PROVIDER REQUIRING REVIEW,100.0% flagged records; Empirical claim denial rate = 100.0%
1174031256,MEDICAL_CLAIM,1,1,100.0,0,1,0,0,0,0,0,34.81,34.81,0.0,HIGH-RISK PROVIDER PATTERN,PROVIDER REQUIRING REVIEW,100.0% flagged records
1420482140,PRIOR_AUTH,1,1,100.0,0,1,0,0,0,0,0,34.81,34.81,100.0,HIGH-RISK PROVIDER PATTERN,PROVIDER REQUIRING REVIEW,100.0% flagged records; Empirical claim denial rate = 100.0%
1174550384,PRIOR_AUTH,1,1,100.0,0,1,0,0,0,0,0,34.8,34.8,100.0,HIGH-RISK PROVIDER PATTERN,PROVIDER REQUIRING REVIEW,100.0% flagged records; Empirical claim denial rate = 100.0%
1436908626,PRIOR_AUTH,1,1,100.0,0,1,0,0,0,0,0,34.79,34.79,0.0,HIGH-RISK PROVIDER PATTERN,PROVIDER REQUIRING REVIEW,100.0% flagged records
1167285725,PHARMACY_CLAIM,1,1,100.0,0,1,0,0,0,0,0,34.78,34.78,0.0,HIGH-RISK PROVIDER PATTERN,PROVIDER REQUIRING REVIEW,100.0% flagged records
1275914521,PRIOR_AUTH,1,1,100.0,0,1,0,0,0,0,0,34.78,34.78,0.0,HIGH-RISK PROVIDER PATTERN,PROVIDER REQUIRING REVIEW,100.0% flagged records
1766899540,PHARMACY_CLAIM,1,1,100.0,0,1,1,1,0,0,0,34.78,34.78,0.0,HIGH-RISK PROVIDER PATTERN,PROVIDER REQUIRING REVIEW,100.0% flagged records
1748743366,PHARMACY_CLAIM,1,1,100.0,0,1,1,0,0,0,0,34.69,34.69,0.0,HIGH-RISK PROVIDER PATTERN,PROVIDER REQUIRING REVIEW,100.0% flagged records
1043263221,MEDICAL_CLAIM,1,1,100.0,0,0,1,0,0,0,0,34.68,34.68,0.0,HIGH-RISK PROVIDER PATTERN,PROVIDER REQUIRING REVIEW,100.0% flagged records
1606246767,PHARMACY_CLAIM,1,1,100.0,0,0,2,0,0,0,0,34.68,34.68,0.0,HIGH-RISK PROVIDER PATTERN,PROVIDER REQUIRING REVIEW,100.0% flagged records
1621615236,PHARMACY_CLAIM,1,1,100.0,0,1,1,0,0,0,0,34.68,34.68,0.0,HIGH-RISK PROVIDER PATTERN,PROVIDER REQUIRING REVIEW,100.0% flagged records
1477509859,MEDICAL_CLAIM,2,1,50.0,0,1,2,0,0,0,0,34.67,44.53,0.0,HIGH-RISK PROVIDER PATTERN,PROVIDER REQUIRING REVIEW,50.0% flagged records
1710136999,MEDICAL_CLAIM,3,3,100.0,0,1,3,0,0,0,0,34.66,40.41,0.0,HIGH-RISK PROVIDER PATTERN,PROVIDER REQUIRING REVIEW,100.0% flagged records
1557519274,PRIOR_AUTH,1,1,100.0,0,1,0,0,0,0,0,34.64,34.64,0.0,HIGH-RISK PROVIDER PATTERN,PROVIDER REQUIRING REVIEW,100.0% flagged records
1060733886,PHARMACY_CLAIM,1,1,100.0,0,1,0,0,0,0,0,34.63,34.63,0.0,HIGH-RISK PROVIDER PATTERN,PROVIDER REQUIRING REVIEW,100.0% flagged records
1135439941,PHARMACY_CLAIM,1,1,100.0,0,1,0,0,0,0,0,34.63,34.63,100.0,HIGH-RISK PROVIDER PATTERN,PROVIDER REQUIRING REVIEW,100.0% flagged records; Empirical claim denial rate = 100.0%
1598776742,MEDICAL_CLAIM,1,1,100.0,0,0,1,0,0,0,0,34.63,34.63,0.0,HIGH-RISK PROVIDER PATTERN,PROVIDER REQUIRING REVIEW,100.0% flagged records
1006791202,PRIOR_AUTH,1,1,100.0,0,1,0,0,0,0,0,34.62,34.62,0.0,HIGH-RISK PROVIDER PATTERN,PROVIDER REQUIRING REVIEW,100.0% flagged records
1845079562,PRIOR_AUTH,1,1,100.0,0,1,0,0,0,0,0,34.6,34.6,0.0,HIGH-RISK PROVIDER PATTERN,PROVIDER REQUIRING REVIEW,100.0% flagged records
1023663879,MEDICAL_CLAIM,2,2,100.0,0,1,2,0,0,0,0,34.59,42.93,0.0,HIGH-RISK PROVIDER PATTERN,PROVIDER REQUIRING REVIEW,100.0% flagged records
1011412524,PHARMACY_CLAIM,1,1,100.0,0,1,1,0,0,0,0,34.59,34.59,0.0,HIGH-RISK PROVIDER PATTERN,PROVIDER REQUIRING REVIEW,100.0% flagged records
1478001919,PHARMACY_CLAIM,1,1,100.0,0,1,1,0,0,0,0,34.59,34.59,0.0,HIGH-RISK PROVIDER PATTERN,PROVIDER REQUIRING REVIEW,100.0% flagged records
1120032353,PRIOR_AUTH,1,1,100.0,0,1,0,0,0,0,0,34.58,34.58,0.0,HIGH-RISK PROVIDER PATTERN,PROVIDER REQUIRING REVIEW,100.0% flagged records
1828535432,PHARMACY_CLAIM,1,1,100.0,0,1,0,0,0,0,0,34.58,34.58,0.0,HIGH-RISK PROVIDER PATTERN,PROVIDER REQUIRING REVIEW,100.0% flagged records
1731624821,PRIOR_AUTH,2,2,100.0,0,2,0,0,0,0,0,34.56,34.56,0.0,HIGH-RISK PROVIDER PATTERN,PROVIDER REQUIRING REVIEW,100.0% flagged records
1898731447,PHARMACY_CLAIM,1,1,100.0,0,1,1,0,0,0,0,34.56,34.56,0.0,HIGH-RISK PROVIDER PATTERN,PROVIDER REQUIRING REVIEW,100.0% flagged records
1460957268,PHARMACY_CLAIM,1,1,100.0,0,1,0,0,0,0,0,34.55,34.55,100.0,HIGH-RISK PROVIDER PATTERN,PROVIDER REQUIRING REVIEW,100.0% flagged records; Empirical claim denial rate = 100.0%
1275050720,PHARMACY_CLAIM,1,1,100.0,0,1,0,0,0,0,0,34.53,34.53,100.0,HIGH-RISK PROVIDER PATTERN,PROVIDER REQUIRING REVIEW,100.0% flagged records; Empirical claim denial rate = 100.0%
1821957738,PHARMACY_CLAIM,1,1,100.0,0,1,0,0,0,0,0,34.51,34.51,100.0,HIGH-RISK PROVIDER PATTERN,PROVIDER REQUIRING REVIEW,100.0% flagged records; Empirical claim denial rate = 100.0%
1283688651,PRIOR_AUTH,1,1,100.0,0,0,1,0,0,0,0,34.49,34.49,0.0,HIGH-RISK PROVIDER PATTERN,PROVIDER REQUIRING REVIEW,100.0% flagged records
1637411902,PRIOR_AUTH,1,1,100.0,0,1,0,0,0,0,0,34.45,34.45,0.0,HIGH-RISK PROVIDER PATTERN,PROVIDER REQUIRING REVIEW,100.0% flagged records
1679447597,PHARMACY_CLAIM,1,1,100.0,0,1,0,0,0,0,0,34.45,34.45,0.0,HIGH-RISK PROVIDER PATTERN,PROVIDER REQUIRING REVIEW,100.0% flagged records
1066764250,PHARMACY_CLAIM,1,1,100.0,0,1,1,1,0,0,0,34.43,34.43,0.0,HIGH-RISK PROVIDER PATTERN,PROVIDER REQUIRING REVIEW,100.0% flagged records
1635379023,PHARMACY_CLAIM,2,2,100.0,0,2,0,0,0,0,0,34.42,34.42,0.0,HIGH-RISK PROVIDER PATTERN,PROVIDER REQUIRING REVIEW,100.0% flagged records
1508364241,MEDICAL_CLAIM,1,1,100.0,0,0,1,0,0,0,0,34.42,34.42,0.0,HIGH-RISK PROVIDER PATTERN,PROVIDER REQUIRING REVIEW,100.0% flagged records
1331587450,PRIOR_AUTH,1,1,100.0,0,1,0,0,0,0,0,34.4,34.4,100.0,HIGH-RISK PROVIDER PATTERN,PROVIDER REQUIRING REVIEW,100.0% flagged records; Empirical claim denial rate = 100.0%
1327310500,PHARMACY_CLAIM,1,1,100.0,0,1,0,0,0,0,0,34.39,34.39,100.0,HIGH-RISK PROVIDER PATTERN,PROVIDER REQUIRING REVIEW,100.0% flagged records; Empirical claim denial rate = 100.0%
1812184037,PHARMACY_CLAIM,1,1,100.0,0,1,1,0,0,0,0,34.39,34.39,0.0,HIGH-RISK PROVIDER PATTERN,PROVIDER REQUIRING REVIEW,100.0% flagged records
1988630667,PRIOR_AUTH,1,1,100.0,0,1,1,1,0,0,0,34.39,34.39,0.0,HIGH-RISK PROVIDER PATTERN,PROVIDER REQUIRING REVIEW,100.0% flagged records
1576496283,PHARMACY_CLAIM,1,1,100.0,0,1,1,0,0,0,0,34.38,34.38,0.0,HIGH-RISK PROVIDER PATTERN,PROVIDER REQUIRING REVIEW,100.0% flagged records
1876414528,PHARMACY_CLAIM,1,1,100.0,0,1,0,0,0,0,0,34.38,34.38,100.0,HIGH-RISK PROVIDER PATTERN,PROVIDER REQUIRING REVIEW,100.0% flagged records; Empirical claim denial rate = 100.0%
1433522033,PHARMACY_CLAIM,1,1,100.0,0,1,1,0,0,0,0,34.36,34.36,0.0,HIGH-RISK PROVIDER PATTERN,PROVIDER REQUIRING REVIEW,100.0% flagged records
1477119105,MEDICAL_CLAIM,3,3,100.0,0,1,3,0,0,0,0,34.33,42.78,0.0,HIGH-RISK PROVIDER PATTERN,PROVIDER REQUIRING REVIEW,100.0% flagged records
1534104983,PRIOR_AUTH,1,1,100.0,0,1,1,1,0,0,0,34.33,34.33,0.0,HIGH-RISK PROVIDER PATTERN,PROVIDER REQUIRING REVIEW,100.0% flagged records
1705191868,PRIOR_AUTH,1,1,100.0,0,1,1,1,0,0,0,34.33,34.33,0.0,HIGH-RISK PROVIDER PATTERN,PROVIDER REQUIRING REVIEW,100.0% flagged records
1172870078,PRIOR_AUTH,1,1,100.0,0,0,1,0,0,0,0,34.3,34.3,0.0,HIGH-RISK PROVIDER PATTERN,PROVIDER REQUIRING REVIEW,100.0% flagged records
1936275531,PRIOR_AUTH,1,1,100.0,0,1,1,0,0,0,0,34.29,34.29,0.0,HIGH-RISK PROVIDER PATTERN,PROVIDER REQUIRING REVIEW,100.0% flagged records
1114255092,PHARMACY_CLAIM,1,1,100.0,0,1,0,0,0,0,0,34.28,34.28,0.0,HIGH-RISK PROVIDER PATTERN,PROVIDER REQUIRING REVIEW,100.0% flagged records
1591688697,PHARMACY_CLAIM,1,1,100.0,0,1,1,0,0,0,0,34.28,34.28,0.0,HIGH-RISK PROVIDER PATTERN,PROVIDER REQUIRING REVIEW,100.0% flagged records
1780051136,MEDICAL_CLAIM,4,4,100.0,0,1,4,0,0,0,0,34.26,44.81,0.0,HIGH-RISK PROVIDER PATTERN,PROVIDER REQUIRING REVIEW,100.0% flagged records
1346707254,MEDICAL_CLAIM,1,1,100.0,0,0,1,0,0,0,0,34.24,34.24,0.0,HIGH-RISK PROVIDER PATTERN,PROVIDER REQUIRING REVIEW,100.0% flagged records
1235588625,MEDICAL_CLAIM,4,3,75.0,0,3,4,0,0,0,0,34.2,41.8,0.0,HIGH-RISK PROVIDER PATTERN,PROVIDER REQUIRING REVIEW,75.0% flagged records
1320662421,PRIOR_AUTH,1,1,100.0,0,1,0,0,0,0,0,34.2,34.2,100.0,HIGH-RISK PROVIDER PATTERN,PROVIDER REQUIRING REVIEW,100.0% flagged records; Empirical claim denial rate = 100.0%
1823311153,PHARMACY_CLAIM,1,1,100.0,0,1,1,1,0,0,0,34.2,34.2,0.0,HIGH-RISK PROVIDER PATTERN,PROVIDER REQUIRING REVIEW,100.0% flagged records
1058154637,PRIOR_AUTH,1,1,100.0,0,1,0,0,0,0,0,34.19,34.19,0.0,HIGH-RISK PROVIDER PATTERN,PROVIDER REQUIRING REVIEW,100.0% flagged records
1246921025,PHARMACY_CLAIM,1,1,100.0,0,1,0,0,0,0,0,34.19,34.19,0.0,HIGH-RISK PROVIDER PATTERN,PROVIDER REQUIRING REVIEW,100.0% flagged records
1467482539,MEDICAL_CLAIM,1,1,100.0,0,0,1,0,0,0,0,34.19,34.19,0.0,HIGH-RISK PROVIDER PATTERN,PROVIDER REQUIRING REVIEW,100.0% flagged records
1084414368,PHARMACY_CLAIM,1,1,100.0,0,1,1,0,0,0,0,34.17,34.17,0.0,HIGH-RISK PROVIDER PATTERN,PROVIDER REQUIRING REVIEW,100.0% flagged records
1421672840,PHARMACY_CLAIM,1,1,100.0,0,1,0,0,0,0,0,34.15,34.15,0.0,HIGH-RISK PROVIDER PATTERN,PROVIDER REQUIRING REVIEW,100.0% flagged records
1232403673,PHARMACY_CLAIM,2,2,100.0,0,2,0,0,0,0,0,34.12,34.12,0.0,HIGH-RISK PROVIDER PATTERN,PROVIDER REQUIRING REVIEW,100.0% flagged records
1575651968,PRIOR_AUTH,1,1,100.0,0,1,0,0,0,0,0,34.12,34.12,100.0,HIGH-RISK PROVIDER PATTERN,PROVIDER REQUIRING REVIEW,100.0% flagged records; Empirical claim denial rate = 100.0%
1194274720,MEDICAL_CLAIM,2,2,100.0,0,2,2,0,0,0,0,34.11,35.71,0.0,HIGH-RISK PROVIDER PATTERN,PROVIDER REQUIRING REVIEW,100.0% flagged records
1871868703,MEDICAL_CLAIM,2,2,100.0,0,1,2,0,0,0,0,34.11,40.63,0.0,HIGH-RISK PROVIDER PATTERN,PROVIDER REQUIRING REVIEW,100.0% flagged records
1518444009,MEDICAL_CLAIM,7,6,85.71,0,1,6,0,0,0,0,34.1,45.33,0.0,HIGH-RISK PROVIDER PATTERN,PROVIDER REQUIRING REVIEW,85.7% flagged records
1432143406,PRIOR_AUTH,1,1,100.0,0,1,0,0,0,0,0,34.09,34.09,0.0,HIGH-RISK PROVIDER PATTERN,PROVIDER REQUIRING REVIEW,100.0% flagged records
1144209271,MEDICAL_CLAIM,1,1,100.0,0,0,1,0,0,0,0,34.07,34.07,0.0,HIGH-RISK PROVIDER PATTERN,PROVIDER REQUIRING REVIEW,100.0% flagged records
1831634989,MEDICAL_CLAIM,14,12,85.71,0,1,12,0,0,0,0,34.06,46.97,0.0,HIGH-RISK PROVIDER PATTERN,PROVIDER REQUIRING REVIEW,85.7% flagged records
1881641629,MEDICAL_CLAIM,8,8,100.0,0,4,8,0,0,0,0,34.04,39.54,0.0,HIGH-RISK PROVIDER PATTERN,PROVIDER REQUIRING REVIEW,100.0% flagged records
1134306368,MEDICAL_CLAIM,5,4,80.0,0,3,2,0,0,0,0,34.04,45.97,0.0,HIGH-RISK PROVIDER PATTERN,PROVIDER REQUIRING REVIEW,80.0% flagged records
1671282364,PHARMACY_CLAIM,1,1,100.0,0,1,1,0,0,0,0,33.99,33.99,0.0,HIGH-RISK PROVIDER PATTERN,PROVIDER REQUIRING REVIEW,100.0% flagged records
1965445089,PHARMACY_CLAIM,1,1,100.0,0,1,0,0,0,0,0,33.99,33.99,100.0,HIGH-RISK PROVIDER PATTERN,PROVIDER REQUIRING REVIEW,100.0% flagged records; Empirical claim denial rate = 100.0%
1806266049,PRIOR_AUTH,2,2,100.0,0,2,0,0,0,0,0,33.98,33.98,0.0,HIGH-RISK PROVIDER PATTERN,PROVIDER REQUIRING REVIEW,100.0% flagged records
1237931741,PRIOR_AUTH,1,1,100.0,0,1,1,0,0,0,0,33.98,33.98,100.0,HIGH-RISK PROVIDER PATTERN,PROVIDER REQUIRING REVIEW,100.0% flagged records; Empirical claim denial rate = 100.0%
1386651297,MEDICAL_CLAIM,2,1,50.0,0,0,1,0,0,0,0,33.96,44.93,0.0,HIGH-RISK PROVIDER PATTERN,PROVIDER REQUIRING REVIEW,50.0% flagged records
1174260151,PRIOR_AUTH,1,1,100.0,0,1,0,0,0,0,0,33.96,33.96,100.0,HIGH-RISK PROVIDER PATTERN,PROVIDER REQUIRING REVIEW,100.0% flagged records; Empirical claim denial rate = 100.0%
1520031287,PRIOR_AUTH,1,1,100.0,0,1,0,0,0,0,0,33.94,33.94,0.0,HIGH-RISK PROVIDER PATTERN,PROVIDER REQUIRING REVIEW,100.0% flagged records
1394062251,PRIOR_AUTH,1,1,100.0,0,1,0,0,0,0,0,33.91,33.91,0.0,HIGH-RISK PROVIDER PATTERN,PROVIDER REQUIRING REVIEW,100.0% flagged records
1386777266,MEDICAL_CLAIM,2,2,100.0,0,1,2,0,0,0,0,33.89,42.77,0.0,HIGH-RISK PROVIDER PATTERN,PROVIDER REQUIRING REVIEW,100.0% flagged records
1414045231,PRIOR_AUTH,2,2,100.0,0,2,0,0,0,0,0,33.89,33.89,0.0,HIGH-RISK PROVIDER PATTERN,PROVIDER REQUIRING REVIEW,100.0% flagged records
1988830030,PRIOR_AUTH,1,1,100.0,0,1,0,0,0,0,0,33.88,33.88,100.0,HIGH-RISK PROVIDER PATTERN,PROVIDER REQUIRING REVIEW,100.0% flagged records; Empirical claim denial rate = 100.0%
1809917537,PHARMACY_CLAIM,1,1,100.0,0,1,1,0,0,0,0,33.86,33.86,0.0,HIGH-RISK PROVIDER PATTERN,PROVIDER REQUIRING REVIEW,100.0% flagged records
1637101744,PRIOR_AUTH,1,1,100.0,0,1,1,0,0,0,0,33.85,33.85,100.0,HIGH-RISK PROVIDER PATTERN,PROVIDER REQUIRING REVIEW,100.0% flagged records; Empirical claim denial rate = 100.0%
1679761027,MEDICAL_CLAIM,1,1,100.0,0,1,1,0,0,0,0,33.85,33.85,0.0,HIGH-RISK PROVIDER PATTERN,PROVIDER REQUIRING REVIEW,100.0% flagged records
1426599216,PHARMACY_CLAIM,1,1,100.0,0,1,1,0,0,0,0,33.82,33.82,0.0,HIGH-RISK PROVIDER PATTERN,PROVIDER REQUIRING REVIEW,100.0% flagged records
1750908044,PHARMACY_CLAIM,1,1,100.0,0,0,1,0,0,0,0,33.82,33.82,0.0,HIGH-RISK PROVIDER PATTERN,PROVIDER REQUIRING REVIEW,100.0% flagged records
1548266547,MEDICAL_CLAIM,5,4,80.0,0,1,4,0,0,0,0,33.74,46.67,0.0,HIGH-RISK PROVIDER PATTERN,PROVIDER REQUIRING REVIEW,80.0% flagged records
1616144947,PHARMACY_CLAIM,1,1,100.0,0,1,0,0,0,0,0,33.73,33.73,0.0,HIGH-RISK PROVIDER PATTERN,PROVIDER REQUIRING REVIEW,100.0% flagged records
1329480432,PRIOR_AUTH,1,1,100.0,0,1,0,0,0,0,0,33.72,33.72,100.0,HIGH-RISK PROVIDER PATTERN,PROVIDER REQUIRING REVIEW,100.0% flagged records; Empirical claim denial rate = 100.0%
1390940743,PHARMACY_CLAIM,1,1,100.0,0,1,1,0,0,0,0,33.72,33.72,0.0,HIGH-RISK PROVIDER PATTERN,PROVIDER REQUIRING REVIEW,100.0% flagged records
1034051336,PHARMACY_CLAIM,1,1,100.0,0,1,1,0,0,0,0,33.68,33.68,0.0,HIGH-RISK PROVIDER PATTERN,PROVIDER REQUIRING REVIEW,100.0% flagged records
1064014034,PHARMACY_CLAIM,1,1,100.0,0,1,1,0,0,0,0,33.67,33.67,0.0,HIGH-RISK PROVIDER PATTERN,PROVIDER REQUIRING REVIEW,100.0% flagged records
1793894873,PHARMACY_CLAIM,1,1,100.0,0,1,1,0,0,0,0,33.67,33.67,0.0,HIGH-RISK PROVIDER PATTERN,PROVIDER REQUIRING REVIEW,100.0% flagged records
1627153828,PHARMACY_CLAIM,1,1,100.0,0,1,1,0,0,0,0,33.62,33.62,0.0,HIGH-RISK PROVIDER PATTERN,PROVIDER REQUIRING REVIEW,100.0% flagged records
1138444431,PRIOR_AUTH,2,2,100.0,0,2,0,0,0,0,0,33.61,33.61,0.0,HIGH-RISK PROVIDER PATTERN,PROVIDER REQUIRING REVIEW,100.0% flagged records
1360955033,PHARMACY_CLAIM,1,1,100.0,0,1,0,0,0,0,0,33.57,33.57,0.0,HIGH-RISK PROVIDER PATTERN,PROVIDER REQUIRING REVIEW,100.0% flagged records
1980187163,PHARMACY_CLAIM,1,1,100.0,0,0,2,0,0,0,0,33.57,33.57,0.0,HIGH-RISK PROVIDER PATTERN,PROVIDER REQUIRING REVIEW,100.0% flagged records
1336602838,MEDICAL_CLAIM,2,2,100.0,0,0,2,0,0,0,0,33.56,35.16,0.0,HIGH-RISK PROVIDER PATTERN,PROVIDER REQUIRING REVIEW,100.0% flagged records
1203999153,PHARMACY_CLAIM,1,1,100.0,0,1,1,0,0,0,0,33.56,33.56,0.0,HIGH-RISK PROVIDER PATTERN,PROVIDER REQUIRING REVIEW,100.0% flagged records
1982893254,PHARMACY_CLAIM,1,1,100.0,0,0,1,0,0,0,0,33.56,33.56,0.0,HIGH-RISK PROVIDER PATTERN,PROVIDER REQUIRING REVIEW,100.0% flagged records
1790821023,MEDICAL_CLAIM,2,1,50.0,0,0,2,0,0,0,0,33.55,42.8,0.0,HIGH-RISK PROVIDER PATTERN,PROVIDER REQUIRING REVIEW,50.0% flagged records
1935589351,PRIOR_AUTH,1,1,100.0,0,1,0,0,0,0,0,33.55,33.55,0.0,HIGH-RISK PROVIDER PATTERN,PROVIDER REQUIRING REVIEW,100.0% flagged records
1516479329,PRIOR_AUTH,1,1,100.0,0,1,0,0,0,0,0,33.54,33.54,100.0,HIGH-RISK PROVIDER PATTERN,PROVIDER REQUIRING REVIEW,100.0% flagged records; Empirical claim denial rate = 100.0%
1759465872,PRIOR_AUTH,1,1,100.0,0,1,1,0,0,0,0,33.54,33.54,0.0,HIGH-RISK PROVIDER PATTERN,PROVIDER REQUIRING REVIEW,100.0% flagged records
1194176834,MEDICAL_CLAIM,1,1,100.0,0,0,1,0,0,0,0,33.53,33.53,0.0,HIGH-RISK PROVIDER PATTERN,PROVIDER REQUIRING REVIEW,100.0% flagged records
1205236072,MEDICAL_CLAIM,6,5,83.33,0,3,5,0,0,0,0,33.52,47.5,0.0,HIGH-RISK PROVIDER PATTERN,PROVIDER REQUIRING REVIEW,83.3% flagged records
1428341477,PHARMACY_CLAIM,1,1,100.0,0,0,1,0,0,0,0,33.52,33.52,0.0,HIGH-RISK PROVIDER PATTERN,PROVIDER REQUIRING REVIEW,100.0% flagged records
1637777704,PHARMACY_CLAIM,1,1,100.0,0,1,1,0,0,0,0,33.49,33.49,0.0,HIGH-RISK PROVIDER PATTERN,PROVIDER REQUIRING REVIEW,100.0% flagged records
1830778990,PHARMACY_CLAIM,1,1,100.0,0,1,1,0,0,0,0,33.48,33.48,0.0,HIGH-RISK PROVIDER PATTERN,PROVIDER REQUIRING REVIEW,100.0% flagged records
1244706283,PRIOR_AUTH,1,1,100.0,0,0,1,0,0,0,0,33.45,33.45,0.0,HIGH-RISK PROVIDER PATTERN,PROVIDER REQUIRING REVIEW,100.0% flagged records
1750393682,MEDICAL_CLAIM,1,1,100.0,0,0,1,0,0,0,0,33.45,33.45,0.0,HIGH-RISK PROVIDER PATTERN,PROVIDER REQUIRING REVIEW,100.0% flagged records
1083698211,PRIOR_AUTH,1,1,100.0,0,1,0,0,0,0,0,33.44,33.44,0.0,HIGH-RISK PROVIDER PATTERN,PROVIDER REQUIRING REVIEW,100.0% flagged records
1823908290,PHARMACY_CLAIM,1,1,100.0,0,1,1,0,0,0,0,33.43,33.43,0.0,HIGH-RISK PROVIDER PATTERN,PROVIDER REQUIRING REVIEW,100.0% flagged records
1177608268,PRIOR_AUTH,1,1,100.0,0,1,1,0,0,0,0,33.42,33.42,100.0,HIGH-RISK PROVIDER PATTERN,PROVIDER REQUIRING REVIEW,100.0% flagged records; Empirical claim denial rate = 100.0%
1831555358,MEDICAL_CLAIM,2,1,50.0,0,1,2,0,0,0,0,33.41,42.96,0.0,HIGH-RISK PROVIDER PATTERN,PROVIDER REQUIRING REVIEW,50.0% flagged records
1178199189,PHARMACY_CLAIM,1,1,100.0,0,1,1,0,0,0,0,33.38,33.38,0.0,HIGH-RISK PROVIDER PATTERN,PROVIDER REQUIRING REVIEW,100.0% flagged records
1569490113,PHARMACY_CLAIM,1,1,100.0,0,0,1,0,0,0,0,33.37,33.37,0.0,HIGH-RISK PROVIDER PATTERN,PROVIDER REQUIRING REVIEW,100.0% flagged records
1068564363,PRIOR_AUTH,1,1,100.0,0,1,0,0,0,0,0,33.36,33.36,0.0,HIGH-RISK PROVIDER PATTERN,PROVIDER REQUIRING REVIEW,100.0% flagged records
1989477385,PRIOR_AUTH,1,1,100.0,0,1,1,0,0,0,0,33.36,33.36,100.0,HIGH-RISK PROVIDER PATTERN,PROVIDER REQUIRING REVIEW,100.0% flagged records; Empirical claim denial rate = 100.0%
1225215452,MEDICAL_CLAIM,4,3,75.0,0,2,3,0,0,0,0,33.35,41.92,0.0,HIGH-RISK PROVIDER PATTERN,PROVIDER REQUIRING REVIEW,75.0% flagged records
1184979437,MEDICAL_CLAIM,1,1,100.0,0,1,1,0,0,0,0,33.32,33.32,0.0,HIGH-RISK PROVIDER PATTERN,PROVIDER REQUIRING REVIEW,100.0% flagged records
1302229292,PHARMACY_CLAIM,1,1,100.0,0,1,0,0,0,0,0,33.32,33.32,100.0,HIGH-RISK PROVIDER PATTERN,PROVIDER REQUIRING REVIEW,100.0% flagged records; Empirical claim denial rate = 100.0%
1419120595,PHARMACY_CLAIM,1,1,100.0,0,0,1,0,0,0,0,33.32,33.32,0.0,HIGH-RISK PROVIDER PATTERN,PROVIDER REQUIRING REVIEW,100.0% flagged records
1214555602,PRIOR_AUTH,1,1,100.0,0,1,1,1,0,0,0,33.3,33.3,0.0,HIGH-RISK PROVIDER PATTERN,PROVIDER REQUIRING REVIEW,100.0% flagged records
1977085507,PRIOR_AUTH,1,1,100.0,0,1,0,0,0,0,0,33.3,33.3,0.0,HIGH-RISK PROVIDER PATTERN,PROVIDER REQUIRING REVIEW,100.0% flagged records
1689692246,MEDICAL_CLAIM,2,2,100.0,0,0,2,0,0,0,0,33.28,35.14,0.0,HIGH-RISK PROVIDER PATTERN,PROVIDER REQUIRING REVIEW,100.0% flagged records
1227657587,PRIOR_AUTH,1,1,100.0,0,1,0,0,0,0,0,33.26,33.26,0.0,HIGH-RISK PROVIDER PATTERN,PROVIDER REQUIRING REVIEW,100.0% flagged records
1982083564,MEDICAL_CLAIM,1,1,100.0,0,0,1,0,0,0,0,33.26,33.26,0.0,HIGH-RISK PROVIDER PATTERN,PROVIDER REQUIRING REVIEW,100.0% flagged records
1952967234,MEDICAL_CLAIM,1,1,100.0,0,1,1,0,0,0,0,33.25,33.25,0.0,HIGH-RISK PROVIDER PATTERN,PROVIDER REQUIRING REVIEW,100.0% flagged records
1131205150,PRIOR_AUTH,1,1,100.0,0,1,1,0,0,0,0,33.23,33.23,100.0,HIGH-RISK PROVIDER PATTERN,PROVIDER REQUIRING REVIEW,100.0% flagged records; Empirical claim denial rate = 100.0%
1526289619,PHARMACY_CLAIM,1,1,100.0,0,1,1,0,0,0,0,33.23,33.23,0.0,HIGH-RISK PROVIDER PATTERN,PROVIDER REQUIRING REVIEW,100.0% flagged records
1982662557,MEDICAL_CLAIM,6,6,100.0,0,1,6,0,0,0,0,33.21,42.04,0.0,HIGH-RISK PROVIDER PATTERN,PROVIDER REQUIRING REVIEW,100.0% flagged records
1886669884,PHARMACY_CLAIM,1,1,100.0,0,1,1,0,0,0,0,33.21,33.21,0.0,HIGH-RISK PROVIDER PATTERN,PROVIDER REQUIRING REVIEW,100.0% flagged records
1548538010,MEDICAL_CLAIM,2,2,100.0,0,1,2,0,0,0,0,33.2,36.48,0.0,HIGH-RISK PROVIDER PATTERN,PROVIDER REQUIRING REVIEW,100.0% flagged records
1396036719,PHARMACY_CLAIM,1,1,100.0,0,1,1,0,0,0,0,33.2,33.2,0.0,HIGH-RISK PROVIDER PATTERN,PROVIDER REQUIRING REVIEW,100.0% flagged records
1797016944,PHARMACY_CLAIM,1,1,100.0,0,1,1,0,0,0,0,33.19,33.19,0.0,HIGH-RISK PROVIDER PATTERN,PROVIDER REQUIRING REVIEW,100.0% flagged records
1689141376,MEDICAL_CLAIM,2,1,50.0,0,0,2,0,0,0,0,33.17,43.29,0.0,HIGH-RISK PROVIDER PATTERN,PROVIDER REQUIRING REVIEW,50.0% flagged records
1524909737,PRIOR_AUTH,2,2,100.0,0,2,0,0,0,0,0,33.16,33.16,0.0,HIGH-RISK PROVIDER PATTERN,PROVIDER REQUIRING REVIEW,100.0% flagged records
1376701300,MEDICAL_CLAIM,1,1,100.0,0,0,1,0,0,0,0,33.15,33.15,0.0,HIGH-RISK PROVIDER PATTERN,PROVIDER REQUIRING REVIEW,100.0% flagged records
1601363864,PRIOR_AUTH,1,1,100.0,0,1,0,0,0,0,0,33.14,33.14,0.0,HIGH-RISK PROVIDER PATTERN,PROVIDER REQUIRING REVIEW,100.0% flagged records
1804935888,PHARMACY_CLAIM,1,1,100.0,0,0,1,0,0,0,0,33.14,33.14,0.0,HIGH-RISK PROVIDER PATTERN,PROVIDER REQUIRING REVIEW,100.0% flagged records
1278526293,PRIOR_AUTH,2,2,100.0,0,2,0,0,0,0,0,33.12,33.12,0.0,HIGH-RISK PROVIDER PATTERN,PROVIDER REQUIRING REVIEW,100.0% flagged records
1689724303,PRIOR_AUTH,1,1,100.0,0,0,1,0,0,0,0,33.12,33.12,0.0,HIGH-RISK PROVIDER PATTERN,PROVIDER REQUIRING REVIEW,100.0% flagged records
1978920572,PHARMACY_CLAIM,1,1,100.0,0,1,1,0,0,0,0,33.1,33.1,0.0,HIGH-RISK PROVIDER PATTERN,PROVIDER REQUIRING REVIEW,100.0% flagged records
1962890723,MEDICAL_CLAIM,1,1,100.0,0,0,1,1,0,0,0,33.08,33.08,0.0,HIGH-RISK PROVIDER PATTERN,PROVIDER REQUIRING REVIEW,100.0% flagged records
1790896611,MEDICAL_CLAIM,1,1,100.0,0,0,1,0,0,0,0,33.07,33.07,0.0,HIGH-RISK PROVIDER PATTERN,PROVIDER REQUIRING REVIEW,100.0% flagged records
1586162762,PRIOR_AUTH,1,1,100.0,0,1,0,0,0,0,0,33.05,33.05,100.0,HIGH-RISK PROVIDER PATTERN,PROVIDER REQUIRING REVIEW,100.0% flagged records; Empirical claim denial rate = 100.0%
1323493972,PHARMACY_CLAIM,2,2,100.0,0,2,0,0,0,0,0,33.04,33.04,0.0,HIGH-RISK PROVIDER PATTERN,PROVIDER REQUIRING REVIEW,100.0% flagged records
1252829119,PHARMACY_CLAIM,1,1,100.0,0,1,1,0,0,0,0,33.04,33.04,0.0,HIGH-RISK PROVIDER PATTERN,PROVIDER REQUIRING REVIEW,100.0% flagged records
1164485363,MEDICAL_CLAIM,3,3,100.0,0,2,3,0,0,0,0,33.03,36.59,0.0,HIGH-RISK PROVIDER PATTERN,PROVIDER REQUIRING REVIEW,100.0% flagged records
1750838686,MEDICAL_CLAIM,6,6,100.0,0,1,6,0,0,0,0,33.02,42.59,0.0,HIGH-RISK PROVIDER PATTERN,PROVIDER REQUIRING REVIEW,100.0% flagged records
1325506793,PHARMACY_CLAIM,1,1,100.0,0,1,1,0,0,0,0,33.02,33.02,0.0,HIGH-RISK PROVIDER PATTERN,PROVIDER REQUIRING REVIEW,100.0% flagged records
1825389676,PHARMACY_CLAIM,1,1,100.0,0,1,0,0,0,0,0,33.02,33.02,0.0,HIGH-RISK PROVIDER PATTERN,PROVIDER REQUIRING REVIEW,100.0% flagged records
1639227428,PHARMACY_CLAIM,1,1,100.0,0,1,1,0,0,0,0,32.99,32.99,0.0,HIGH-RISK PROVIDER PATTERN,PROVIDER REQUIRING REVIEW,100.0% flagged records
1701649693,PHARMACY_CLAIM,1,1,100.0,0,1,1,0,0,0,0,32.98,32.98,0.0,HIGH-RISK PROVIDER PATTERN,PROVIDER REQUIRING REVIEW,100.0% flagged records
1155948228,PHARMACY_CLAIM,1,1,100.0,0,1,0,0,0,0,0,32.97,32.97,0.0,HIGH-RISK PROVIDER PATTERN,PROVIDER REQUIRING REVIEW,100.0% flagged records
1753085273,PHARMACY_CLAIM,1,1,100.0,0,1,1,0,0,0,0,32.95,32.95,0.0,HIGH-RISK PROVIDER PATTERN,PROVIDER REQUIRING REVIEW,100.0% flagged records
1214971075,PHARMACY_CLAIM,1,1,100.0,0,1,1,0,0,0,0,32.93,32.93,0.0,HIGH-RISK PROVIDER PATTERN,PROVIDER REQUIRING REVIEW,100.0% flagged records
1669915864,MEDICAL_CLAIM,1,1,100.0,0,0,1,0,0,0,0,32.92,32.92,0.0,HIGH-RISK PROVIDER PATTERN,PROVIDER REQUIRING REVIEW,100.0% flagged records
1703496238,PRIOR_AUTH,1,1,100.0,0,1,0,0,0,0,0,32.91,32.91,0.0,HIGH-RISK PROVIDER PATTERN,PROVIDER REQUIRING REVIEW,100.0% flagged records
1243882198,PRIOR_AUTH,1,1,100.0,0,1,1,0,0,0,0,32.9,32.9,0.0,HIGH-RISK PROVIDER PATTERN,PROVIDER REQUIRING REVIEW,100.0% flagged records
1881773232,MEDICAL_CLAIM,5,4,80.0,0,3,4,0,0,0,0,32.89,43.54,0.0,HIGH-RISK PROVIDER PATTERN,PROVIDER REQUIRING REVIEW,80.0% flagged records
1691385301,PRIOR_AUTH,1,1,100.0,0,1,1,0,0,0,0,32.89,32.89,100.0,HIGH-RISK PROVIDER PATTERN,PROVIDER REQUIRING REVIEW,100.0% flagged records; Empirical claim denial rate = 100.0%
1748003566,PRIOR_AUTH,2,2,100.0,0,2,0,0,0,0,0,32.86,32.86,0.0,HIGH-RISK PROVIDER PATTERN,PROVIDER REQUIRING REVIEW,100.0% flagged records
1118553907,PHARMACY_CLAIM,1,1,100.0,0,0,1,0,0,0,0,32.86,32.86,0.0,HIGH-RISK PROVIDER PATTERN,PROVIDER REQUIRING REVIEW,100.0% flagged records
1827173843,PHARMACY_CLAIM,1,1,100.0,0,1,1,0,0,0,0,32.86,32.86,0.0,HIGH-RISK PROVIDER PATTERN,PROVIDER REQUIRING REVIEW,100.0% flagged records
1392027229,PRIOR_AUTH,1,1,100.0,0,1,0,0,0,0,0,32.83,32.83,0.0,HIGH-RISK PROVIDER PATTERN,PROVIDER REQUIRING REVIEW,100.0% flagged records
1366514887,MEDICAL_CLAIM,1,1,100.0,0,0,1,0,0,0,0,32.82,32.82,0.0,HIGH-RISK PROVIDER PATTERN,PROVIDER REQUIRING REVIEW,100.0% flagged records
1275574931,MEDICAL_CLAIM,8,6,75.0,0,5,8,0,0,0,0,32.79,40.11,0.0,HIGH-RISK PROVIDER PATTERN,PROVIDER REQUIRING REVIEW,75.0% flagged records
1432264247,PHARMACY_CLAIM,1,1,100.0,0,1,1,0,0,0,0,32.79,32.79,0.0,HIGH-RISK PROVIDER PATTERN,PROVIDER REQUIRING REVIEW,100.0% flagged records
1537265123,PRIOR_AUTH,1,1,100.0,0,1,1,0,0,0,0,32.79,32.79,0.0,HIGH-RISK PROVIDER PATTERN,PROVIDER REQUIRING REVIEW,100.0% flagged records
1242809231,PRIOR_AUTH,1,1,100.0,0,1,0,0,0,0,0,32.77,32.77,0.0,HIGH-RISK PROVIDER PATTERN,PROVIDER REQUIRING REVIEW,100.0% flagged records
1546500071,PRIOR_AUTH,1,1,100.0,0,1,1,1,0,0,0,32.77,32.77,0.0,HIGH-RISK PROVIDER PATTERN,PROVIDER REQUIRING REVIEW,100.0% flagged records
1782125198,PRIOR_AUTH,1,1,100.0,0,1,0,0,0,0,0,32.77,32.77,0.0,HIGH-RISK PROVIDER PATTERN,PROVIDER REQUIRING REVIEW,100.0% flagged records
1697489570,PRIOR_AUTH,1,1,100.0,0,1,1,0,0,0,0,32.76,32.76,100.0,HIGH-RISK PROVIDER PATTERN,PROVIDER REQUIRING REVIEW,100.0% flagged records; Empirical claim denial rate = 100.0%
1767279698,PRIOR_AUTH,1,1,100.0,0,1,0,0,0,0,0,32.75,32.75,100.0,HIGH-RISK PROVIDER PATTERN,PROVIDER REQUIRING REVIEW,100.0% flagged records; Empirical claim denial rate = 100.0%
1780061231,PRIOR_AUTH,1,1,100.0,0,1,0,0,0,0,0,32.75,32.75,0.0,HIGH-RISK PROVIDER PATTERN,PROVIDER REQUIRING REVIEW,100.0% flagged records
1154807584,MEDICAL_CLAIM,2,2,100.0,0,0,2,0,0,0,0,32.74,33.23,0.0,HIGH-RISK PROVIDER PATTERN,PROVIDER REQUIRING REVIEW,100.0% flagged records
1044625520,PHARMACY_CLAIM,1,1,100.0,0,1,0,0,0,0,0,32.74,32.74,0.0,HIGH-RISK PROVIDER PATTERN,PROVIDER REQUIRING REVIEW,100.0% flagged records
1971731181,PRIOR_AUTH,1,1,100.0,0,1,0,0,0,0,0,32.74,32.74,0.0,HIGH-RISK PROVIDER PATTERN,PROVIDER REQUIRING REVIEW,100.0% flagged records
1757072862,PRIOR_AUTH,2,2,100.0,0,2,0,0,0,0,0,32.73,32.73,0.0,HIGH-RISK PROVIDER PATTERN,PROVIDER REQUIRING REVIEW,100.0% flagged records
1396282208,MEDICAL_CLAIM,1,1,100.0,0,1,0,0,0,0,0,32.71,32.71,0.0,HIGH-RISK PROVIDER PATTERN,PROVIDER REQUIRING REVIEW,100.0% flagged records
1211012174,PRIOR_AUTH,2,2,100.0,0,2,0,0,0,0,0,32.69,32.69,0.0,HIGH-RISK PROVIDER PATTERN,PROVIDER REQUIRING REVIEW,100.0% flagged records
1563296515,PRIOR_AUTH,2,2,100.0,0,2,0,0,0,0,0,32.69,32.69,0.0,HIGH-RISK PROVIDER PATTERN,PROVIDER REQUIRING REVIEW,100.0% flagged records
1841756749,MEDICAL_CLAIM,2,1,50.0,0,1,1,0,0,0,0,32.69,43.31,0.0,HIGH-RISK PROVIDER PATTERN,PROVIDER REQUIRING REVIEW,50.0% flagged records
1361619609,PRIOR_AUTH,1,1,100.0,0,1,0,0,0,0,0,32.69,32.69,0.0,HIGH-RISK PROVIDER PATTERN,PROVIDER REQUIRING REVIEW,100.0% flagged records
1439843518,PHARMACY_CLAIM,1,1,100.0,0,1,1,0,0,0,0,32.69,32.69,0.0,HIGH-RISK PROVIDER PATTERN,PROVIDER REQUIRING REVIEW,100.0% flagged records
1878655203,PHARMACY_CLAIM,1,1,100.0,0,0,1,0,0,0,0,32.67,32.67,0.0,HIGH-RISK PROVIDER PATTERN,PROVIDER REQUIRING REVIEW,100.0% flagged records
1983754496,PRIOR_AUTH,1,1,100.0,0,1,0,0,0,0,0,32.67,32.67,0.0,HIGH-RISK PROVIDER PATTERN,PROVIDER REQUIRING REVIEW,100.0% flagged records
1038631193,PHARMACY_CLAIM,1,1,100.0,0,1,1,0,0,0,0,32.66,32.66,0.0,HIGH-RISK PROVIDER PATTERN,PROVIDER REQUIRING REVIEW,100.0% flagged records
1298505658,PRIOR_AUTH,1,1,100.0,0,1,0,0,0,0,0,32.66,32.66,0.0,HIGH-RISK PROVIDER PATTERN,PROVIDER REQUIRING REVIEW,100.0% flagged records
1427438043,MEDICAL_CLAIM,3,2,66.67,0,2,3,0,0,0,0,32.64,42.38,0.0,HIGH-RISK PROVIDER PATTERN,PROVIDER REQUIRING REVIEW,66.7% flagged records
1909674346,PRIOR_AUTH,1,1,100.0,0,1,1,0,0,0,0,32.64,32.64,100.0,HIGH-RISK PROVIDER PATTERN,PROVIDER REQUIRING REVIEW,100.0% flagged records; Empirical claim denial rate = 100.0%
1122021563,PRIOR_AUTH,1,1,100.0,0,1,0,0,0,0,0,32.63,32.63,0.0,HIGH-RISK PROVIDER PATTERN,PROVIDER REQUIRING REVIEW,100.0% flagged records
1330392987,PRIOR_AUTH,1,1,100.0,0,1,0,0,0,0,0,32.63,32.63,0.0,HIGH-RISK PROVIDER PATTERN,PROVIDER REQUIRING REVIEW,100.0% flagged records
1430956378,PHARMACY_CLAIM,1,1,100.0,0,1,1,0,0,0,0,32.63,32.63,0.0,HIGH-RISK PROVIDER PATTERN,PROVIDER REQUIRING REVIEW,100.0% flagged records
1625936922,PRIOR_AUTH,1,1,100.0,0,1,0,0,0,0,0,32.63,32.63,0.0,HIGH-RISK PROVIDER PATTERN,PROVIDER REQUIRING REVIEW,100.0% flagged records
1983120731,PRIOR_AUTH,1,1,100.0,0,1,0,0,0,0,0,32.63,32.63,0.0,HIGH-RISK PROVIDER PATTERN,PROVIDER REQUIRING REVIEW,100.0% flagged records
1719343560,PHARMACY_CLAIM,2,2,100.0,0,2,0,0,0,0,0,32.62,32.62,0.0,HIGH-RISK PROVIDER PATTERN,PROVIDER REQUIRING REVIEW,100.0% flagged records
1538247762,MEDICAL_CLAIM,1,1,100.0,0,0,1,0,0,0,0,32.62,32.62,0.0,HIGH-RISK PROVIDER PATTERN,PROVIDER REQUIRING REVIEW,100.0% flagged records
1543583217,PHARMACY_CLAIM,1,1,100.0,0,1,0,0,0,0,0,32.62,32.62,0.0,HIGH-RISK PROVIDER PATTERN,PROVIDER REQUIRING REVIEW,100.0% flagged records
1481732527,PRIOR_AUTH,1,1,100.0,0,1,0,0,0,0,0,32.6,32.6,0.0,HIGH-RISK PROVIDER PATTERN,PROVIDER REQUIRING REVIEW,100.0% flagged records
1584744339,PRIOR_AUTH,1,1,100.0,0,1,0,0,0,0,0,32.6,32.6,0.0,HIGH-RISK PROVIDER PATTERN,PROVIDER REQUIRING REVIEW,100.0% flagged records
1952332298,MEDICAL_CLAIM,1,1,100.0,0,0,1,0,0,0,0,32.6,32.6,0.0,HIGH-RISK PROVIDER PATTERN,PROVIDER REQUIRING REVIEW,100.0% flagged records
1935853889,PHARMACY_CLAIM,1,1,100.0,0,1,0,0,0,0,0,32.59,32.59,100.0,HIGH-RISK PROVIDER PATTERN,PROVIDER REQUIRING REVIEW,100.0% flagged records; Empirical claim denial rate = 100.0%
1208026935,PHARMACY_CLAIM,1,1,100.0,0,1,1,0,0,0,0,32.57,32.57,0.0,HIGH-RISK PROVIDER PATTERN,PROVIDER REQUIRING REVIEW,100.0% flagged records
1659371870,MEDICAL_CLAIM,13,10,76.92,0,4,14,0,0,0,0,32.56,41.08,0.0,HIGH-RISK PROVIDER PATTERN,PROVIDER REQUIRING REVIEW,76.9% flagged records
1804927930,PRIOR_AUTH,1,1,100.0,0,1,1,0,0,0,0,32.56,32.56,0.0,HIGH-RISK PROVIDER PATTERN,PROVIDER REQUIRING REVIEW,100.0% flagged records
1594867654,PRIOR_AUTH,1,1,100.0,0,1,1,0,0,0,0,32.55,32.55,0.0,HIGH-RISK PROVIDER PATTERN,PROVIDER REQUIRING REVIEW,100.0% flagged records
1188924235,PRIOR_AUTH,2,2,100.0,0,2,0,0,0,0,0,32.52,32.52,0.0,HIGH-RISK PROVIDER PATTERN,PROVIDER REQUIRING REVIEW,100.0% flagged records
1613736678,PRIOR_AUTH,1,1,100.0,0,1,0,0,0,0,0,32.51,32.51,0.0,HIGH-RISK PROVIDER PATTERN,PROVIDER REQUIRING REVIEW,100.0% flagged records
1770547804,MEDICAL_CLAIM,3,2,66.67,0,2,2,0,0,0,0,32.49,46.23,0.0,HIGH-RISK PROVIDER PATTERN,PROVIDER REQUIRING REVIEW,66.7% flagged records
1503566775,PRIOR_AUTH,1,1,100.0,0,1,0,0,0,0,0,32.49,32.49,0.0,HIGH-RISK PROVIDER PATTERN,PROVIDER REQUIRING REVIEW,100.0% flagged records
1568748242,MEDICAL_CLAIM,1,1,100.0,0,0,1,0,0,0,0,32.49,32.49,0.0,HIGH-RISK PROVIDER PATTERN,PROVIDER REQUIRING REVIEW,100.0% flagged records
1862278576,PHARMACY_CLAIM,1,1,100.0,0,0,1,0,0,0,0,32.49,32.49,0.0,HIGH-RISK PROVIDER PATTERN,PROVIDER REQUIRING REVIEW,100.0% flagged records
1762962807,PHARMACY_CLAIM,1,1,100.0,0,1,1,0,0,0,0,32.48,32.48,0.0,HIGH-RISK PROVIDER PATTERN,PROVIDER REQUIRING REVIEW,100.0% flagged records
1815912030,PHARMACY_CLAIM,2,2,100.0,0,2,0,0,0,0,0,32.46,32.46,0.0,HIGH-RISK PROVIDER PATTERN,PROVIDER REQUIRING REVIEW,100.0% flagged records
1857306791,PHARMACY_CLAIM,1,1,100.0,0,1,1,1,0,0,0,32.46,32.46,0.0,HIGH-RISK PROVIDER PATTERN,PROVIDER REQUIRING REVIEW,100.0% flagged records
1115562902,PHARMACY_CLAIM,1,1,100.0,0,1,0,0,0,0,0,32.45,32.45,0.0,HIGH-RISK PROVIDER PATTERN,PROVIDER REQUIRING REVIEW,100.0% flagged records
1146623717,PHARMACY_CLAIM,1,1,100.0,0,1,1,0,0,0,0,32.45,32.45,0.0,HIGH-RISK PROVIDER PATTERN,PROVIDER REQUIRING REVIEW,100.0% flagged records
1025554459,PRIOR_AUTH,1,1,100.0,0,1,1,0,0,0,0,32.44,32.44,100.0,HIGH-RISK PROVIDER PATTERN,PROVIDER REQUIRING REVIEW,100.0% flagged records; Empirical claim denial rate = 100.0%
1076438337,PHARMACY_CLAIM,1,1,100.0,0,0,1,0,0,0,0,32.44,32.44,0.0,HIGH-RISK PROVIDER PATTERN,PROVIDER REQUIRING REVIEW,100.0% flagged records
1657531109,PRIOR_AUTH,1,1,100.0,0,1,0,0,0,0,0,32.44,32.44,0.0,HIGH-RISK PROVIDER PATTERN,PROVIDER REQUIRING REVIEW,100.0% flagged records
1417426701,MEDICAL_CLAIM,2,1,50.0,0,2,1,0,0,0,0,32.43,46.18,0.0,HIGH-RISK PROVIDER PATTERN,PROVIDER REQUIRING REVIEW,50.0% flagged records
1447254205,PRIOR_AUTH,2,2,100.0,0,2,0,0,0,0,0,32.42,32.42,0.0,HIGH-RISK PROVIDER PATTERN,PROVIDER REQUIRING REVIEW,100.0% flagged records
1172105444,PRIOR_AUTH,1,1,100.0,0,1,0,0,0,0,0,32.41,32.41,0.0,HIGH-RISK PROVIDER PATTERN,PROVIDER REQUIRING REVIEW,100.0% flagged records
1638922003,PHARMACY_CLAIM,1,1,100.0,0,1,0,0,0,0,0,32.4,32.4,0.0,HIGH-RISK PROVIDER PATTERN,PROVIDER REQUIRING REVIEW,100.0% flagged records
1684116540,PRIOR_AUTH,1,1,100.0,0,1,1,0,0,0,0,32.4,32.4,100.0,HIGH-RISK PROVIDER PATTERN,PROVIDER REQUIRING REVIEW,100.0% flagged records; Empirical claim denial rate = 100.0%
1771342552,PRIOR_AUTH,1,1,100.0,0,1,0,0,0,0,0,32.38,32.38,0.0,HIGH-RISK PROVIDER PATTERN,PROVIDER REQUIRING REVIEW,100.0% flagged records
1175603104,PRIOR_AUTH,1,1,100.0,0,1,0,0,0,0,0,32.37,32.37,0.0,HIGH-RISK PROVIDER PATTERN,PROVIDER REQUIRING REVIEW,100.0% flagged records
1634306346,PRIOR_AUTH,1,1,100.0,0,1,0,0,0,0,0,32.37,32.37,0.0,HIGH-RISK PROVIDER PATTERN,PROVIDER REQUIRING REVIEW,100.0% flagged records
1799426313,PHARMACY_CLAIM,1,1,100.0,0,1,1,0,0,0,0,32.35,32.35,0.0,HIGH-RISK PROVIDER PATTERN,PROVIDER REQUIRING REVIEW,100.0% flagged records
1871713495,MEDICAL_CLAIM,1,1,100.0,0,0,1,0,0,0,0,32.35,32.35,0.0,HIGH-RISK PROVIDER PATTERN,PROVIDER REQUIRING REVIEW,100.0% flagged records
1904114708,PHARMACY_CLAIM,2,2,100.0,0,2,0,0,0,0,0,32.34,32.34,0.0,HIGH-RISK PROVIDER PATTERN,PROVIDER REQUIRING REVIEW,100.0% flagged records
1210397421,PRIOR_AUTH,1,1,100.0,0,1,0,0,0,0,0,32.34,32.34,0.0,HIGH-RISK PROVIDER PATTERN,PROVIDER REQUIRING REVIEW,100.0% flagged records
1842575437,PHARMACY_CLAIM,1,1,100.0,0,1,0,0,0,0,0,32.32,32.32,0.0,HIGH-RISK PROVIDER PATTERN,PROVIDER REQUIRING REVIEW,100.0% flagged records
1205362837,MEDICAL_CLAIM,4,3,75.0,0,0,3,0,0,0,0,32.29,45.8,0.0,HIGH-RISK PROVIDER PATTERN,PROVIDER REQUIRING REVIEW,75.0% flagged records
1109389179,PRIOR_AUTH,1,1,100.0,0,1,0,0,0,0,0,32.29,32.29,0.0,HIGH-RISK PROVIDER PATTERN,PROVIDER REQUIRING REVIEW,100.0% flagged records
1447438502,PRIOR_AUTH,1,1,100.0,0,1,0,0,0,0,0,32.29,32.29,0.0,HIGH-RISK PROVIDER PATTERN,PROVIDER REQUIRING REVIEW,100.0% flagged records
1177237015,PHARMACY_CLAIM,2,2,100.0,0,2,0,0,0,0,0,32.27,32.27,0.0,HIGH-RISK PROVIDER PATTERN,PROVIDER REQUIRING REVIEW,100.0% flagged records
1477749804,PHARMACY_CLAIM,1,1,100.0,0,1,0,0,0,0,0,32.27,32.27,0.0,HIGH-RISK PROVIDER PATTERN,PROVIDER REQUIRING REVIEW,100.0% flagged records
1617260217,PHARMACY_CLAIM,1,1,100.0,0,1,1,0,0,0,0,32.27,32.27,0.0,HIGH-RISK PROVIDER PATTERN,PROVIDER REQUIRING REVIEW,100.0% flagged records
1023675392,PRIOR_AUTH,1,1,100.0,0,1,0,0,0,0,0,32.25,32.25,0.0,HIGH-RISK PROVIDER PATTERN,PROVIDER REQUIRING REVIEW,100.0% flagged records
1120519937,PHARMACY_CLAIM,1,1,100.0,0,1,1,0,0,0,0,32.24,32.24,0.0,HIGH-RISK PROVIDER PATTERN,PROVIDER REQUIRING REVIEW,100.0% flagged records
1297306329,PHARMACY_CLAIM,1,1,100.0,0,1,1,0,0,0,0,32.23,32.23,0.0,HIGH-RISK PROVIDER PATTERN,PROVIDER REQUIRING REVIEW,100.0% flagged records
1609928134,MEDICAL_CLAIM,2,1,50.0,0,1,2,0,0,0,0,32.22,40.4,0.0,HIGH-RISK PROVIDER PATTERN,PROVIDER REQUIRING REVIEW,50.0% flagged records
1076196594,PRIOR_AUTH,1,1,100.0,0,1,0,0,0,0,0,32.21,32.21,100.0,HIGH-RISK PROVIDER PATTERN,PROVIDER REQUIRING REVIEW,100.0% flagged records; Empirical claim denial rate = 100.0%
1504627559,PHARMACY_CLAIM,1,1,100.0,0,1,1,0,0,0,0,32.19,32.19,0.0,HIGH-RISK PROVIDER PATTERN,PROVIDER REQUIRING REVIEW,100.0% flagged records
1892441040,PRIOR_AUTH,1,1,100.0,0,1,0,0,0,0,0,32.16,32.16,0.0,HIGH-RISK PROVIDER PATTERN,PROVIDER REQUIRING REVIEW,100.0% flagged records
1357100947,PRIOR_AUTH,1,1,100.0,0,1,1,0,0,0,0,32.12,32.12,100.0,HIGH-RISK PROVIDER PATTERN,PROVIDER REQUIRING REVIEW,100.0% flagged records; Empirical claim denial rate = 100.0%
1700952426,PRIOR_AUTH,1,1,100.0,0,1,1,0,0,0,0,32.12,32.12,100.0,HIGH-RISK PROVIDER PATTERN,PROVIDER REQUIRING REVIEW,100.0% flagged records; Empirical claim denial rate = 100.0%
1000369697,PHARMACY_CLAIM,1,1,100.0,0,1,1,0,0,0,0,32.11,32.11,0.0,HIGH-RISK PROVIDER PATTERN,PROVIDER REQUIRING REVIEW,100.0% flagged records
1194307654,PRIOR_AUTH,1,1,100.0,0,1,0,0,0,0,0,32.11,32.11,0.0,HIGH-RISK PROVIDER PATTERN,PROVIDER REQUIRING REVIEW,100.0% flagged records
1202992557,PHARMACY_CLAIM,1,1,100.0,0,0,1,0,0,0,0,32.11,32.11,0.0,HIGH-RISK PROVIDER PATTERN,PROVIDER REQUIRING REVIEW,100.0% flagged records
1568647519,MEDICAL_CLAIM,1,1,100.0,0,1,0,0,0,0,0,32.11,32.11,0.0,HIGH-RISK PROVIDER PATTERN,PROVIDER REQUIRING REVIEW,100.0% flagged records
1700044857,PRIOR_AUTH,1,1,100.0,0,1,0,0,0,0,0,32.1,32.1,0.0,HIGH-RISK PROVIDER PATTERN,PROVIDER REQUIRING REVIEW,100.0% flagged records
1781183257,PRIOR_AUTH,1,1,100.0,0,1,0,0,0,0,0,32.08,32.08,100.0,HIGH-RISK PROVIDER PATTERN,PROVIDER REQUIRING REVIEW,100.0% flagged records; Empirical claim denial rate = 100.0%
1978539216,PRIOR_AUTH,2,2,100.0,0,2,0,0,0,0,0,32.06,32.06,0.0,HIGH-RISK PROVIDER PATTERN,PROVIDER REQUIRING REVIEW,100.0% flagged records
1409528032,PHARMACY_CLAIM,1,1,100.0,0,1,1,1,0,0,0,32.06,32.06,0.0,HIGH-RISK PROVIDER PATTERN,PROVIDER REQUIRING REVIEW,100.0% flagged records
1407891336,MEDICAL_CLAIM,4,3,75.0,0,2,3,0,0,0,0,32.05,41.43,0.0,HIGH-RISK PROVIDER PATTERN,PROVIDER REQUIRING REVIEW,75.0% flagged records
1235256637,MEDICAL_CLAIM,3,3,100.0,0,2,2,0,0,0,0,32.05,36.56,0.0,HIGH-RISK PROVIDER PATTERN,PROVIDER REQUIRING REVIEW,100.0% flagged records
1066120250,PHARMACY_CLAIM,1,1,100.0,0,1,1,1,0,0,0,32.03,32.03,0.0,HIGH-RISK PROVIDER PATTERN,PROVIDER REQUIRING REVIEW,100.0% flagged records
1280604517,PRIOR_AUTH,1,1,100.0,0,1,0,0,0,0,0,32.02,32.02,0.0,HIGH-RISK PROVIDER PATTERN,PROVIDER REQUIRING REVIEW,100.0% flagged records
1615611036,PRIOR_AUTH,1,1,100.0,0,1,0,0,0,0,0,32.02,32.02,0.0,HIGH-RISK PROVIDER PATTERN,PROVIDER REQUIRING REVIEW,100.0% flagged records
1589563933,PRIOR_AUTH,1,1,100.0,0,1,0,0,0,0,0,32.01,32.01,100.0,HIGH-RISK PROVIDER PATTERN,PROVIDER REQUIRING REVIEW,100.0% flagged records; Empirical claim denial rate = 100.0%
1505702448,PRIOR_AUTH,1,1,100.0,0,1,0,0,0,0,0,31.95,31.95,100.0,HIGH-RISK PROVIDER PATTERN,PROVIDER REQUIRING REVIEW,100.0% flagged records; Empirical claim denial rate = 100.0%
1710465190,MEDICAL_CLAIM,4,3,75.0,0,1,4,0,0,0,0,31.94,43.03,0.0,HIGH-RISK PROVIDER PATTERN,PROVIDER REQUIRING REVIEW,75.0% flagged records
1280126764,PHARMACY_CLAIM,2,2,100.0,0,2,0,0,0,0,0,31.94,31.94,0.0,HIGH-RISK PROVIDER PATTERN,PROVIDER REQUIRING REVIEW,100.0% flagged records
1967504455,PHARMACY_CLAIM,2,2,100.0,0,2,0,0,0,0,0,31.93,31.93,0.0,HIGH-RISK PROVIDER PATTERN,PROVIDER REQUIRING REVIEW,100.0% flagged records
1196245155,PRIOR_AUTH,1,1,100.0,0,1,1,0,0,0,0,31.93,31.93,100.0,HIGH-RISK PROVIDER PATTERN,PROVIDER REQUIRING REVIEW,100.0% flagged records; Empirical claim denial rate = 100.0%
1294924731,PRIOR_AUTH,1,1,100.0,0,1,0,0,0,0,0,31.93,31.93,100.0,HIGH-RISK PROVIDER PATTERN,PROVIDER REQUIRING REVIEW,100.0% flagged records; Empirical claim denial rate = 100.0%
1514707198,PHARMACY_CLAIM,1,1,100.0,0,1,1,0,0,0,0,31.92,31.92,0.0,HIGH-RISK PROVIDER PATTERN,PROVIDER REQUIRING REVIEW,100.0% flagged records
1830907326,PHARMACY_CLAIM,1,1,100.0,0,1,0,0,0,0,0,31.92,31.92,0.0,HIGH-RISK PROVIDER PATTERN,PROVIDER REQUIRING REVIEW,100.0% flagged records
1280747548,PRIOR_AUTH,1,1,100.0,0,1,0,0,0,0,0,31.91,31.91,0.0,HIGH-RISK PROVIDER PATTERN,PROVIDER REQUIRING REVIEW,100.0% flagged records
1509156548,PHARMACY_CLAIM,1,1,100.0,0,1,1,0,0,0,0,31.91,31.91,0.0,HIGH-RISK PROVIDER PATTERN,PROVIDER REQUIRING REVIEW,100.0% flagged records
1514209819,PHARMACY_CLAIM,1,1,100.0,0,1,0,0,0,0,0,31.91,31.91,0.0,HIGH-RISK PROVIDER PATTERN,PROVIDER REQUIRING REVIEW,100.0% flagged records
1254395898,PRIOR_AUTH,1,1,100.0,0,1,0,0,0,0,0,31.9,31.9,0.0,HIGH-RISK PROVIDER PATTERN,PROVIDER REQUIRING REVIEW,100.0% flagged records
1168113128,PHARMACY_CLAIM,1,1,100.0,0,1,0,0,0,0,0,31.85,31.85,0.0,HIGH-RISK PROVIDER PATTERN,PROVIDER REQUIRING REVIEW,100.0% flagged records
1465431152,PRIOR_AUTH,1,1,100.0,0,1,0,0,0,0,0,31.84,31.84,0.0,HIGH-RISK PROVIDER PATTERN,PROVIDER REQUIRING REVIEW,100.0% flagged records
1631317667,PRIOR_AUTH,1,1,100.0,0,1,0,0,0,0,0,31.84,31.84,0.0,HIGH-RISK PROVIDER PATTERN,PROVIDER REQUIRING REVIEW,100.0% flagged records
1346895638,MEDICAL_CLAIM,1,1,100.0,0,0,1,0,0,0,0,31.82,31.82,0.0,HIGH-RISK PROVIDER PATTERN,PROVIDER REQUIRING REVIEW,100.0% flagged records
1326361866,PRIOR_AUTH,1,1,100.0,0,1,0,0,0,0,0,31.81,31.81,0.0,HIGH-RISK PROVIDER PATTERN,PROVIDER REQUIRING REVIEW,100.0% flagged records
1912272899,MEDICAL_CLAIM,4,2,50.0,0,3,2,0,0,0,0,31.8,42.17,0.0,HIGH-RISK PROVIDER PATTERN,PROVIDER REQUIRING REVIEW,50.0% flagged records
1013088756,MEDICAL_CLAIM,2,2,100.0,0,1,2,0,0,0,0,31.8,37.11,0.0,HIGH-RISK PROVIDER PATTERN,PROVIDER REQUIRING REVIEW,100.0% flagged records
1113040458,PRIOR_AUTH,1,1,100.0,0,1,0,0,0,0,0,31.79,31.79,100.0,HIGH-RISK PROVIDER PATTERN,PROVIDER REQUIRING REVIEW,100.0% flagged records; Empirical claim denial rate = 100.0%
1710288766,MEDICAL_CLAIM,5,3,60.0,0,1,4,0,0,0,0,31.78,44.74,0.0,HIGH-RISK PROVIDER PATTERN,PROVIDER REQUIRING REVIEW,60.0% flagged records
1343310261,PHARMACY_CLAIM,1,1,100.0,0,0,1,1,0,0,0,31.77,31.77,0.0,HIGH-RISK PROVIDER PATTERN,PROVIDER REQUIRING REVIEW,100.0% flagged records
1376546143,MEDICAL_CLAIM,1,1,100.0,0,0,1,0,0,0,0,31.77,31.77,0.0,HIGH-RISK PROVIDER PATTERN,PROVIDER REQUIRING REVIEW,100.0% flagged records
1964091325,PHARMACY_CLAIM,1,1,100.0,0,1,0,0,0,0,0,31.77,31.77,0.0,HIGH-RISK PROVIDER PATTERN,PROVIDER REQUIRING REVIEW,100.0% flagged records
1464128298,PHARMACY_CLAIM,1,1,100.0,0,1,1,0,0,0,0,31.75,31.75,0.0,HIGH-RISK PROVIDER PATTERN,PROVIDER REQUIRING REVIEW,100.0% flagged records
1480974939,PRIOR_AUTH,1,1,100.0,0,1,1,0,0,0,0,31.74,31.74,0.0,HIGH-RISK PROVIDER PATTERN,PROVIDER REQUIRING REVIEW,100.0% flagged records
1598429937,PHARMACY_CLAIM,1,1,100.0,0,1,1,0,0,0,0,31.74,31.74,0.0,HIGH-RISK PROVIDER PATTERN,PROVIDER REQUIRING REVIEW,100.0% flagged records
1471423594,PRIOR_AUTH,1,1,100.0,0,1,0,0,0,0,0,31.71,31.71,0.0,HIGH-RISK PROVIDER PATTERN,PROVIDER REQUIRING REVIEW,100.0% flagged records
1436024995,PHARMACY_CLAIM,1,1,100.0,0,0,1,0,0,0,0,31.7,31.7,0.0,HIGH-RISK PROVIDER PATTERN,PROVIDER REQUIRING REVIEW,100.0% flagged records
1870871353,PHARMACY_CLAIM,1,1,100.0,0,1,1,0,0,0,0,31.7,31.7,0.0,HIGH-RISK PROVIDER PATTERN,PROVIDER REQUIRING REVIEW,100.0% flagged records
1713961099,PHARMACY_CLAIM,1,1,100.0,0,1,1,0,0,0,0,31.68,31.68,0.0,HIGH-RISK PROVIDER PATTERN,PROVIDER REQUIRING REVIEW,100.0% flagged records
1083183180,MEDICAL_CLAIM,2,2,100.0,0,1,2,0,0,0,0,31.67,35.9,0.0,HIGH-RISK PROVIDER PATTERN,PROVIDER REQUIRING REVIEW,100.0% flagged records
1134422470,MEDICAL_CLAIM,1,1,100.0,0,1,1,0,0,0,0,31.67,31.67,0.0,HIGH-RISK PROVIDER PATTERN,PROVIDER REQUIRING REVIEW,100.0% flagged records
1538643036,MEDICAL_CLAIM,5,4,80.0,0,2,4,0,0,0,0,31.66,43.74,0.0,HIGH-RISK PROVIDER PATTERN,PROVIDER REQUIRING REVIEW,80.0% flagged records
1437216132,MEDICAL_CLAIM,2,1,50.0,0,1,2,0,0,0,0,31.65,39.36,0.0,HIGH-RISK PROVIDER PATTERN,PROVIDER REQUIRING REVIEW,50.0% flagged records
1546040571,PRIOR_AUTH,1,1,100.0,0,1,1,0,0,0,0,31.65,31.65,100.0,HIGH-RISK PROVIDER PATTERN,PROVIDER REQUIRING REVIEW,100.0% flagged records; Empirical claim denial rate = 100.0%
1272213755,PRIOR_AUTH,1,1,100.0,0,1,0,0,0,0,0,31.64,31.64,100.0,HIGH-RISK PROVIDER PATTERN,PROVIDER REQUIRING REVIEW,100.0% flagged records; Empirical claim denial rate = 100.0%
1854184495,PRIOR_AUTH,1,1,100.0,0,1,0,0,0,0,0,31.61,31.61,0.0,HIGH-RISK PROVIDER PATTERN,PROVIDER REQUIRING REVIEW,100.0% flagged records
1497175160,MEDICAL_CLAIM,1,1,100.0,0,1,1,0,0,0,0,31.6,31.6,0.0,HIGH-RISK PROVIDER PATTERN,PROVIDER REQUIRING REVIEW,100.0% flagged records
1889966798,PRIOR_AUTH,1,1,100.0,0,1,0,0,0,0,0,31.6,31.6,0.0,HIGH-RISK PROVIDER PATTERN,PROVIDER REQUIRING REVIEW,100.0% flagged records
1247808890,PRIOR_AUTH,1,1,100.0,0,1,1,0,0,0,0,31.57,31.57,0.0,HIGH-RISK PROVIDER PATTERN,PROVIDER REQUIRING REVIEW,100.0% flagged records
1339652657,PRIOR_AUTH,1,1,100.0,0,1,0,0,0,0,0,31.56,31.56,0.0,HIGH-RISK PROVIDER PATTERN,PROVIDER REQUIRING REVIEW,100.0% flagged records
1550193910,PHARMACY_CLAIM,1,1,100.0,0,1,1,0,0,0,0,31.56,31.56,0.0,HIGH-RISK PROVIDER PATTERN,PROVIDER REQUIRING REVIEW,100.0% flagged records
1629499751,MEDICAL_CLAIM,3,3,100.0,0,1,3,0,0,0,0,31.54,36.44,0.0,HIGH-RISK PROVIDER PATTERN,PROVIDER REQUIRING REVIEW,100.0% flagged records
1102074661,PHARMACY_CLAIM,1,1,100.0,0,1,0,0,0,0,0,31.51,31.51,100.0,HIGH-RISK PROVIDER PATTERN,PROVIDER REQUIRING REVIEW,100.0% flagged records; Empirical claim denial rate = 100.0%
1437569837,MEDICAL_CLAIM,3,2,66.67,0,2,2,0,0,0,0,31.5,39.83,0.0,HIGH-RISK PROVIDER PATTERN,PROVIDER REQUIRING REVIEW,66.7% flagged records
1253593889,PHARMACY_CLAIM,1,1,100.0,0,1,1,0,0,0,0,31.49,31.49,0.0,HIGH-RISK PROVIDER PATTERN,PROVIDER REQUIRING REVIEW,100.0% flagged records
1358385549,PHARMACY_CLAIM,1,1,100.0,0,1,0,0,0,0,0,31.48,31.48,0.0,HIGH-RISK PROVIDER PATTERN,PROVIDER REQUIRING REVIEW,100.0% flagged records
1895271927,PRIOR_AUTH,1,1,100.0,0,1,0,0,0,0,0,31.45,31.45,100.0,HIGH-RISK PROVIDER PATTERN,PROVIDER REQUIRING REVIEW,100.0% flagged records; Empirical claim denial rate = 100.0%
1676293489,PRIOR_AUTH,1,1,100.0,0,1,1,0,0,0,0,31.44,31.44,0.0,HIGH-RISK PROVIDER PATTERN,PROVIDER REQUIRING REVIEW,100.0% flagged records
1833975282,PHARMACY_CLAIM,1,1,100.0,0,1,1,0,0,0,0,31.43,31.43,0.0,HIGH-RISK PROVIDER PATTERN,PROVIDER REQUIRING REVIEW,100.0% flagged records
1154386431,MEDICAL_CLAIM,4,3,75.0,0,2,3,0,0,0,0,31.42,49.66,0.0,HIGH-RISK PROVIDER PATTERN,PROVIDER REQUIRING REVIEW,75.0% flagged records
1447226584,MEDICAL_CLAIM,3,2,66.67,0,1,2,0,0,0,0,31.42,36.0,0.0,HIGH-RISK PROVIDER PATTERN,PROVIDER REQUIRING REVIEW,66.7% flagged records
1212891290,PHARMACY_CLAIM,1,1,100.0,0,1,0,0,0,0,0,31.42,31.42,0.0,HIGH-RISK PROVIDER PATTERN,PROVIDER REQUIRING REVIEW,100.0% flagged records
1543986046,PHARMACY_CLAIM,1,1,100.0,0,1,0,0,0,0,0,31.4,31.4,0.0,HIGH-RISK PROVIDER PATTERN,PROVIDER REQUIRING REVIEW,100.0% flagged records
1992170112,MEDICAL_CLAIM,3,2,66.67,0,3,1,0,0,0,0,31.38,42.52,0.0,HIGH-RISK PROVIDER PATTERN,PROVIDER REQUIRING REVIEW,66.7% flagged records
1272303219,PHARMACY_CLAIM,1,1,100.0,0,1,1,0,0,0,0,31.36,31.36,0.0,HIGH-RISK PROVIDER PATTERN,PROVIDER REQUIRING REVIEW,100.0% flagged records
1467606681,MEDICAL_CLAIM,2,2,100.0,0,2,1,0,0,0,0,31.35,35.38,0.0,HIGH-RISK PROVIDER PATTERN,PROVIDER REQUIRING REVIEW,100.0% flagged records
1989448784,PRIOR_AUTH,1,1,100.0,0,1,0,0,0,0,0,31.35,31.35,100.0,HIGH-RISK PROVIDER PATTERN,PROVIDER REQUIRING REVIEW,100.0% flagged records; Empirical claim denial rate = 100.0%
1065504569,PRIOR_AUTH,1,1,100.0,0,1,0,0,0,0,0,31.34,31.34,0.0,HIGH-RISK PROVIDER PATTERN,PROVIDER REQUIRING REVIEW,100.0% flagged records
1097563296,PRIOR_AUTH,1,1,100.0,0,1,0,0,0,0,0,31.34,31.34,0.0,HIGH-RISK PROVIDER PATTERN,PROVIDER REQUIRING REVIEW,100.0% flagged records
1301594950,PRIOR_AUTH,1,1,100.0,0,1,0,0,0,0,0,31.34,31.34,0.0,HIGH-RISK PROVIDER PATTERN,PROVIDER REQUIRING REVIEW,100.0% flagged records
1539267944,PRIOR_AUTH,1,1,100.0,0,1,0,0,0,0,0,31.34,31.34,0.0,HIGH-RISK PROVIDER PATTERN,PROVIDER REQUIRING REVIEW,100.0% flagged records
1685665853,PRIOR_AUTH,1,1,100.0,0,1,0,0,0,0,0,31.34,31.34,0.0,HIGH-RISK PROVIDER PATTERN,PROVIDER REQUIRING REVIEW,100.0% flagged records
1760836977,MEDICAL_CLAIM,1,1,100.0,0,0,1,0,0,0,0,31.34,31.34,0.0,HIGH-RISK PROVIDER PATTERN,PROVIDER REQUIRING REVIEW,100.0% flagged records
1926207350,PHARMACY_CLAIM,1,1,100.0,0,1,0,0,0,0,0,31.34,31.34,0.0,HIGH-RISK PROVIDER PATTERN,PROVIDER REQUIRING REVIEW,100.0% flagged records
1750381281,MEDICAL_CLAIM,2,2,100.0,0,1,2,0,0,0,0,31.33,36.27,0.0,HIGH-RISK PROVIDER PATTERN,PROVIDER REQUIRING REVIEW,100.0% flagged records
1037055476,PRIOR_AUTH,1,1,100.0,0,1,0,0,0,0,0,31.31,31.31,100.0,HIGH-RISK PROVIDER PATTERN,PROVIDER REQUIRING REVIEW,100.0% flagged records; Empirical claim denial rate = 100.0%
1410061860,PHARMACY_CLAIM,1,1,100.0,0,1,1,1,0,0,0,31.31,31.31,0.0,HIGH-RISK PROVIDER PATTERN,PROVIDER REQUIRING REVIEW,100.0% flagged records
1851552186,MEDICAL_CLAIM,2,1,50.0,0,1,2,0,0,0,0,31.29,38.99,0.0,HIGH-RISK PROVIDER PATTERN,PROVIDER REQUIRING REVIEW,50.0% flagged records
1406568303,PHARMACY_CLAIM,2,2,100.0,0,2,0,0,0,0,0,31.28,31.28,0.0,HIGH-RISK PROVIDER PATTERN,PROVIDER REQUIRING REVIEW,100.0% flagged records
1265651122,PHARMACY_CLAIM,1,1,100.0,0,1,1,0,0,0,0,31.27,31.27,0.0,HIGH-RISK PROVIDER PATTERN,PROVIDER REQUIRING REVIEW,100.0% flagged records
1538110556,MEDICAL_CLAIM,1,1,100.0,0,0,1,0,0,0,0,31.25,31.25,0.0,HIGH-RISK PROVIDER PATTERN,PROVIDER REQUIRING REVIEW,100.0% flagged records
1104917780,MEDICAL_CLAIM,2,2,100.0,0,0,2,0,0,0,0,31.23,33.4,0.0,HIGH-RISK PROVIDER PATTERN,PROVIDER REQUIRING REVIEW,100.0% flagged records
1043100946,PHARMACY_CLAIM,1,1,100.0,0,1,0,0,0,0,0,31.22,31.22,100.0,HIGH-RISK PROVIDER PATTERN,PROVIDER REQUIRING REVIEW,100.0% flagged records; Empirical claim denial rate = 100.0%
1421841901,PHARMACY_CLAIM,1,1,100.0,0,1,0,0,0,0,0,31.22,31.22,0.0,HIGH-RISK PROVIDER PATTERN,PROVIDER REQUIRING REVIEW,100.0% flagged records
1708846150,PRIOR_AUTH,1,1,100.0,0,1,0,0,0,0,0,31.2,31.2,0.0,HIGH-RISK PROVIDER PATTERN,PROVIDER REQUIRING REVIEW,100.0% flagged records
1548359163,PRIOR_AUTH,1,1,100.0,0,1,1,0,0,0,0,31.18,31.18,0.0,HIGH-RISK PROVIDER PATTERN,PROVIDER REQUIRING REVIEW,100.0% flagged records
1398225454,PHARMACY_CLAIM,1,1,100.0,0,1,0,0,0,0,0,31.13,31.13,0.0,HIGH-RISK PROVIDER PATTERN,PROVIDER REQUIRING REVIEW,100.0% flagged records
1626012383,PHARMACY_CLAIM,1,1,100.0,0,1,0,0,0,0,0,31.13,31.13,100.0,HIGH-RISK PROVIDER PATTERN,PROVIDER REQUIRING REVIEW,100.0% flagged records; Empirical claim denial rate = 100.0%
1941817363,PRIOR_AUTH,1,1,100.0,0,1,0,0,0,0,0,31.12,31.12,0.0,HIGH-RISK PROVIDER PATTERN,PROVIDER REQUIRING REVIEW,100.0% flagged records
1980240956,PRIOR_AUTH,1,1,100.0,0,1,1,0,0,0,0,31.11,31.11,100.0,HIGH-RISK PROVIDER PATTERN,PROVIDER REQUIRING REVIEW,100.0% flagged records; Empirical claim denial rate = 100.0%
1608756510,PRIOR_AUTH,1,1,100.0,0,1,1,0,0,0,0,31.1,31.1,100.0,HIGH-RISK PROVIDER PATTERN,PROVIDER REQUIRING REVIEW,100.0% flagged records; Empirical claim denial rate = 100.0%
1927095224,PRIOR_AUTH,1,1,100.0,0,1,1,0,0,0,0,31.07,31.07,0.0,HIGH-RISK PROVIDER PATTERN,PROVIDER REQUIRING REVIEW,100.0% flagged records
1839877790,PHARMACY_CLAIM,1,1,100.0,0,1,0,0,0,0,0,31.06,31.06,0.0,HIGH-RISK PROVIDER PATTERN,PROVIDER REQUIRING REVIEW,100.0% flagged records
1573024903,PHARMACY_CLAIM,1,1,100.0,0,1,0,0,0,0,0,31.05,31.05,100.0,HIGH-RISK PROVIDER PATTERN,PROVIDER REQUIRING REVIEW,100.0% flagged records; Empirical claim denial rate = 100.0%
1432529703,PRIOR_AUTH,1,1,100.0,0,1,0,0,0,0,0,31.04,31.04,100.0,HIGH-RISK PROVIDER PATTERN,PROVIDER REQUIRING REVIEW,100.0% flagged records; Empirical claim denial rate = 100.0%
1883740088,PHARMACY_CLAIM,1,1,100.0,0,1,0,0,0,0,0,31.04,31.04,0.0,HIGH-RISK PROVIDER PATTERN,PROVIDER REQUIRING REVIEW,100.0% flagged records
1423019407,PHARMACY_CLAIM,1,1,100.0,0,0,1,0,0,0,0,31.03,31.03,0.0,HIGH-RISK PROVIDER PATTERN,PROVIDER REQUIRING REVIEW,100.0% flagged records
1097182308,PRIOR_AUTH,1,1,100.0,0,1,0,0,0,0,0,30.99,30.99,0.0,HIGH-RISK PROVIDER PATTERN,PROVIDER REQUIRING REVIEW,100.0% flagged records
1367356583,PRIOR_AUTH,1,1,100.0,0,1,1,0,0,0,0,30.98,30.98,0.0,HIGH-RISK PROVIDER PATTERN,PROVIDER REQUIRING REVIEW,100.0% flagged records
1869065859,PHARMACY_CLAIM,1,1,100.0,0,1,0,0,0,0,0,30.98,30.98,100.0,HIGH-RISK PROVIDER PATTERN,PROVIDER REQUIRING REVIEW,100.0% flagged records; Empirical claim denial rate = 100.0%
1619904009,PHARMACY_CLAIM,1,1,100.0,0,0,1,0,0,0,0,30.96,30.96,0.0,HIGH-RISK PROVIDER PATTERN,PROVIDER REQUIRING REVIEW,100.0% flagged records
1694911993,PHARMACY_CLAIM,1,1,100.0,0,1,1,1,0,0,0,30.96,30.96,0.0,HIGH-RISK PROVIDER PATTERN,PROVIDER REQUIRING REVIEW,100.0% flagged records
1244521992,PRIOR_AUTH,1,1,100.0,0,1,0,0,0,0,0,30.95,30.95,100.0,HIGH-RISK PROVIDER PATTERN,PROVIDER REQUIRING REVIEW,100.0% flagged records; Empirical claim denial rate = 100.0%
1292098378,PRIOR_AUTH,1,1,100.0,0,1,0,0,0,0,0,30.95,30.95,100.0,HIGH-RISK PROVIDER PATTERN,PROVIDER REQUIRING REVIEW,100.0% flagged records; Empirical claim denial rate = 100.0%
1529496471,PHARMACY_CLAIM,1,1,100.0,0,1,0,0,0,0,0,30.95,30.95,0.0,HIGH-RISK PROVIDER PATTERN,PROVIDER REQUIRING REVIEW,100.0% flagged records
1826753726,PRIOR_AUTH,1,1,100.0,0,1,0,0,0,0,0,30.94,30.94,0.0,HIGH-RISK PROVIDER PATTERN,PROVIDER REQUIRING REVIEW,100.0% flagged records
1461450687,PHARMACY_CLAIM,1,1,100.0,0,1,1,0,0,0,0,30.89,30.89,0.0,HIGH-RISK PROVIDER PATTERN,PROVIDER REQUIRING REVIEW,100.0% flagged records
1275715286,MEDICAL_CLAIM,2,2,100.0,0,0,2,0,0,0,0,30.88,30.88,0.0,HIGH-RISK PROVIDER PATTERN,PROVIDER REQUIRING REVIEW,100.0% flagged records
1238777621,PHARMACY_CLAIM,1,1,100.0,0,1,0,0,0,0,0,30.87,30.87,0.0,HIGH-RISK PROVIDER PATTERN,PROVIDER REQUIRING REVIEW,100.0% flagged records
1558355305,MEDICAL_CLAIM,4,3,75.0,0,2,4,0,0,0,0,30.83,37.07,0.0,HIGH-RISK PROVIDER PATTERN,PROVIDER REQUIRING REVIEW,75.0% flagged records
1516475349,PHARMACY_CLAIM,1,1,100.0,0,1,0,0,0,0,0,30.83,30.83,100.0,HIGH-RISK PROVIDER PATTERN,PROVIDER REQUIRING REVIEW,100.0% flagged records; Empirical claim denial rate = 100.0%
1518239219,MEDICAL_CLAIM,5,4,80.0,0,3,4,0,0,0,0,30.82,48.36,0.0,HIGH-RISK PROVIDER PATTERN,PROVIDER REQUIRING REVIEW,80.0% flagged records
1558916890,MEDICAL_CLAIM,2,1,50.0,0,1,1,0,0,0,0,30.82,40.84,0.0,HIGH-RISK PROVIDER PATTERN,PROVIDER REQUIRING REVIEW,50.0% flagged records
1438860507,PRIOR_AUTH,1,1,100.0,0,1,1,0,0,0,0,30.8,30.8,100.0,HIGH-RISK PROVIDER PATTERN,PROVIDER REQUIRING REVIEW,100.0% flagged records; Empirical claim denial rate = 100.0%
1376889055,MEDICAL_CLAIM,1,1,100.0,0,1,0,0,0,0,0,30.79,30.79,0.0,HIGH-RISK PROVIDER PATTERN,PROVIDER REQUIRING REVIEW,100.0% flagged records
1696750013,PHARMACY_CLAIM,1,1,100.0,0,1,0,0,0,0,0,30.79,30.79,0.0,HIGH-RISK PROVIDER PATTERN,PROVIDER REQUIRING REVIEW,100.0% flagged records
1222656478,PHARMACY_CLAIM,1,1,100.0,0,1,0,0,0,0,0,30.77,30.77,0.0,HIGH-RISK PROVIDER PATTERN,PROVIDER REQUIRING REVIEW,100.0% flagged records
1447018123,PRIOR_AUTH,1,1,100.0,0,1,1,0,0,0,0,30.77,30.77,0.0,HIGH-RISK PROVIDER PATTERN,PROVIDER REQUIRING REVIEW,100.0% flagged records
1336329788,MEDICAL_CLAIM,1,1,100.0,0,1,0,0,0,0,0,30.75,30.75,0.0,HIGH-RISK PROVIDER PATTERN,PROVIDER REQUIRING REVIEW,100.0% flagged records
1853256914,PHARMACY_CLAIM,1,1,100.0,0,1,0,0,0,0,0,30.72,30.72,100.0,HIGH-RISK PROVIDER PATTERN,PROVIDER REQUIRING REVIEW,100.0% flagged records; Empirical claim denial rate = 100.0%
1526855697,PRIOR_AUTH,1,1,100.0,0,1,1,0,0,0,0,30.7,30.7,0.0,HIGH-RISK PROVIDER PATTERN,PROVIDER REQUIRING REVIEW,100.0% flagged records
1533130503,PHARMACY_CLAIM,1,1,100.0,0,1,0,0,0,0,0,30.68,30.68,0.0,HIGH-RISK PROVIDER PATTERN,PROVIDER REQUIRING REVIEW,100.0% flagged records
1233154329,PHARMACY_CLAIM,1,1,100.0,0,1,0,0,0,0,0,30.62,30.62,100.0,HIGH-RISK PROVIDER PATTERN,PROVIDER REQUIRING REVIEW,100.0% flagged records; Empirical claim denial rate = 100.0%
1760958813,MEDICAL_CLAIM,1,1,100.0,0,1,1,0,0,0,0,30.62,30.62,0.0,HIGH-RISK PROVIDER PATTERN,PROVIDER REQUIRING REVIEW,100.0% flagged records
1697397206,PRIOR_AUTH,1,1,100.0,0,1,0,0,0,0,0,30.61,30.61,100.0,HIGH-RISK PROVIDER PATTERN,PROVIDER REQUIRING REVIEW,100.0% flagged records; Empirical claim denial rate = 100.0%
1267512834,PHARMACY_CLAIM,1,1,100.0,0,1,0,0,0,0,0,30.58,30.58,0.0,HIGH-RISK PROVIDER PATTERN,PROVIDER REQUIRING REVIEW,100.0% flagged records
1343995806,PHARMACY_CLAIM,1,1,100.0,0,0,1,0,0,0,0,30.58,30.58,0.0,HIGH-RISK PROVIDER PATTERN,PROVIDER REQUIRING REVIEW,100.0% flagged records
1861711301,MEDICAL_CLAIM,1,1,100.0,0,0,1,0,0,0,0,30.57,30.57,0.0,HIGH-RISK PROVIDER PATTERN,PROVIDER REQUIRING REVIEW,100.0% flagged records
1369810698,PHARMACY_CLAIM,1,1,100.0,0,0,1,1,0,0,0,30.55,30.55,0.0,HIGH-RISK PROVIDER PATTERN,PROVIDER REQUIRING REVIEW,100.0% flagged records
1619061769,MEDICAL_CLAIM,1,1,100.0,0,1,0,0,0,0,0,30.52,30.52,0.0,HIGH-RISK PROVIDER PATTERN,PROVIDER REQUIRING REVIEW,100.0% flagged records
1670727739,PRIOR_AUTH,1,1,100.0,0,1,1,0,0,0,0,30.52,30.52,100.0,HIGH-RISK PROVIDER PATTERN,PROVIDER REQUIRING REVIEW,100.0% flagged records; Empirical claim denial rate = 100.0%
1740641591,PHARMACY_CLAIM,1,1,100.0,0,1,1,0,0,0,0,30.49,30.49,0.0,HIGH-RISK PROVIDER PATTERN,PROVIDER REQUIRING REVIEW,100.0% flagged records
1060035140,PHARMACY_CLAIM,1,1,100.0,0,1,0,0,0,0,0,30.48,30.48,100.0,HIGH-RISK PROVIDER PATTERN,PROVIDER REQUIRING REVIEW,100.0% flagged records; Empirical claim denial rate = 100.0%
1195784886,PHARMACY_CLAIM,1,1,100.0,0,1,0,0,0,0,0,30.48,30.48,0.0,HIGH-RISK PROVIDER PATTERN,PROVIDER REQUIRING REVIEW,100.0% flagged records
1785800583,PHARMACY_CLAIM,1,1,100.0,0,1,1,0,0,0,0,30.47,30.47,0.0,HIGH-RISK PROVIDER PATTERN,PROVIDER REQUIRING REVIEW,100.0% flagged records
1933554134,PHARMACY_CLAIM,1,1,100.0,0,0,1,1,0,0,0,30.47,30.47,0.0,HIGH-RISK PROVIDER PATTERN,PROVIDER REQUIRING REVIEW,100.0% flagged records
1091748952,PHARMACY_CLAIM,1,1,100.0,0,1,1,0,0,0,0,30.46,30.46,0.0,HIGH-RISK PROVIDER PATTERN,PROVIDER REQUIRING REVIEW,100.0% flagged records
1529589640,PHARMACY_CLAIM,1,1,100.0,0,1,1,0,0,0,0,30.45,30.45,0.0,HIGH-RISK PROVIDER PATTERN,PROVIDER REQUIRING REVIEW,100.0% flagged records
1789897148,PRIOR_AUTH,1,1,100.0,0,1,0,0,0,0,0,30.43,30.43,0.0,HIGH-RISK PROVIDER PATTERN,PROVIDER REQUIRING REVIEW,100.0% flagged records
1811969787,PHARMACY_CLAIM,1,1,100.0,0,0,1,0,0,0,0,30.42,30.42,0.0,HIGH-RISK PROVIDER PATTERN,PROVIDER REQUIRING REVIEW,100.0% flagged records
1389197013,PRIOR_AUTH,1,1,100.0,0,1,1,0,0,0,0,30.41,30.41,0.0,HIGH-RISK PROVIDER PATTERN,PROVIDER REQUIRING REVIEW,100.0% flagged records
1341515850,PHARMACY_CLAIM,1,1,100.0,0,1,0,0,0,0,0,30.4,30.4,100.0,HIGH-RISK PROVIDER PATTERN,PROVIDER REQUIRING REVIEW,100.0% flagged records; Empirical claim denial rate = 100.0%
1436363701,PRIOR_AUTH,1,1,100.0,0,1,1,0,0,0,0,30.4,30.4,0.0,HIGH-RISK PROVIDER PATTERN,PROVIDER REQUIRING REVIEW,100.0% flagged records
1437122843,MEDICAL_CLAIM,1,1,100.0,0,0,1,0,0,0,0,30.4,30.4,0.0,HIGH-RISK PROVIDER PATTERN,PROVIDER REQUIRING REVIEW,100.0% flagged records
1509309356,PHARMACY_CLAIM,1,1,100.0,0,1,1,0,0,0,0,30.4,30.4,0.0,HIGH-RISK PROVIDER PATTERN,PROVIDER REQUIRING REVIEW,100.0% flagged records
1035184086,PHARMACY_CLAIM,1,1,100.0,0,1,0,0,0,0,0,30.38,30.38,0.0,HIGH-RISK PROVIDER PATTERN,PROVIDER REQUIRING REVIEW,100.0% flagged records
1387519190,PHARMACY_CLAIM,1,1,100.0,0,1,0,0,0,0,0,30.37,30.37,100.0,HIGH-RISK PROVIDER PATTERN,PROVIDER REQUIRING REVIEW,100.0% flagged records; Empirical claim denial rate = 100.0%
1881719763,MEDICAL_CLAIM,3,2,66.67,0,0,2,0,0,0,0,30.36,38.34,0.0,HIGH-RISK PROVIDER PATTERN,PROVIDER REQUIRING REVIEW,66.7% flagged records
1227416655,PHARMACY_CLAIM,1,1,100.0,0,1,0,0,0,0,0,30.33,30.33,100.0,HIGH-RISK PROVIDER PATTERN,PROVIDER REQUIRING REVIEW,100.0% flagged records; Empirical claim denial rate = 100.0%
1640704078,PRIOR_AUTH,1,1,100.0,0,1,0,0,0,0,0,30.32,30.32,0.0,HIGH-RISK PROVIDER PATTERN,PROVIDER REQUIRING REVIEW,100.0% flagged records
1164472478,MEDICAL_CLAIM,2,2,100.0,0,1,2,0,0,0,0,30.31,35.39,0.0,HIGH-RISK PROVIDER PATTERN,PROVIDER REQUIRING REVIEW,100.0% flagged records
1484571542,PHARMACY_CLAIM,1,1,100.0,0,1,0,0,0,0,0,30.31,30.31,100.0,HIGH-RISK PROVIDER PATTERN,PROVIDER REQUIRING REVIEW,100.0% flagged records; Empirical claim denial rate = 100.0%
1638777914,PHARMACY_CLAIM,1,1,100.0,0,1,1,0,0,0,0,30.31,30.31,0.0,HIGH-RISK PROVIDER PATTERN,PROVIDER REQUIRING REVIEW,100.0% flagged records
1720014186,MEDICAL_CLAIM,1,1,100.0,0,1,0,0,0,0,0,30.31,30.31,0.0,HIGH-RISK PROVIDER PATTERN,PROVIDER REQUIRING REVIEW,100.0% flagged records
1079553188,PHARMACY_CLAIM,1,1,100.0,0,1,1,0,0,0,0,30.3,30.3,0.0,HIGH-RISK PROVIDER PATTERN,PROVIDER REQUIRING REVIEW,100.0% flagged records
1053481630,MEDICAL_CLAIM,1,1,100.0,0,1,0,0,0,0,0,30.29,30.29,0.0,HIGH-RISK PROVIDER PATTERN,PROVIDER REQUIRING REVIEW,100.0% flagged records
1138946714,PRIOR_AUTH,1,1,100.0,0,1,1,0,0,0,0,30.29,30.29,0.0,HIGH-RISK PROVIDER PATTERN,PROVIDER REQUIRING REVIEW,100.0% flagged records
1659694145,PRIOR_AUTH,1,1,100.0,0,1,1,0,0,0,0,30.29,30.29,0.0,HIGH-RISK PROVIDER PATTERN,PROVIDER REQUIRING REVIEW,100.0% flagged records
1270355006,PHARMACY_CLAIM,1,1,100.0,0,1,1,0,0,0,0,30.27,30.27,0.0,HIGH-RISK PROVIDER PATTERN,PROVIDER REQUIRING REVIEW,100.0% flagged records
1797067242,PHARMACY_CLAIM,1,1,100.0,0,0,1,1,0,0,0,30.27,30.27,0.0,HIGH-RISK PROVIDER PATTERN,PROVIDER REQUIRING REVIEW,100.0% flagged records
1567086887,PHARMACY_CLAIM,1,1,100.0,0,1,0,0,0,0,0,30.26,30.26,100.0,HIGH-RISK PROVIDER PATTERN,PROVIDER REQUIRING REVIEW,100.0% flagged records; Empirical claim denial rate = 100.0%
1154368553,MEDICAL_CLAIM,1,1,100.0,0,0,1,0,0,0,0,30.24,30.24,0.0,HIGH-RISK PROVIDER PATTERN,PROVIDER REQUIRING REVIEW,100.0% flagged records
1570833230,PRIOR_AUTH,1,1,100.0,0,1,1,0,0,0,0,30.24,30.24,0.0,HIGH-RISK PROVIDER PATTERN,PROVIDER REQUIRING REVIEW,100.0% flagged records
1598898389,MEDICAL_CLAIM,2,1,50.0,0,1,2,0,0,0,0,30.23,37.04,0.0,HIGH-RISK PROVIDER PATTERN,PROVIDER REQUIRING REVIEW,50.0% flagged records
1701566407,PHARMACY_CLAIM,1,1,100.0,0,1,1,0,0,0,0,30.23,30.23,0.0,HIGH-RISK PROVIDER PATTERN,PROVIDER REQUIRING REVIEW,100.0% flagged records
1985540083,PRIOR_AUTH,1,1,100.0,0,1,1,0,0,0,0,30.23,30.23,100.0,HIGH-RISK PROVIDER PATTERN,PROVIDER REQUIRING REVIEW,100.0% flagged records; Empirical claim denial rate = 100.0%
1064379504,PHARMACY_CLAIM,1,1,100.0,0,1,0,0,0,0,0,30.22,30.22,100.0,HIGH-RISK PROVIDER PATTERN,PROVIDER REQUIRING REVIEW,100.0% flagged records; Empirical claim denial rate = 100.0%
1396037230,MEDICAL_CLAIM,3,3,100.0,0,0,3,0,0,0,0,30.21,32.16,0.0,HIGH-RISK PROVIDER PATTERN,PROVIDER REQUIRING REVIEW,100.0% flagged records
1215901970,MEDICAL_CLAIM,3,3,100.0,0,1,3,0,0,0,0,30.2,38.47,0.0,HIGH-RISK PROVIDER PATTERN,PROVIDER REQUIRING REVIEW,100.0% flagged records
1891227179,MEDICAL_CLAIM,3,1,33.33,0,0,3,0,0,0,0,30.2,44.14,0.0,HIGH-RISK PROVIDER PATTERN,PROVIDER REQUIRING REVIEW,33.3% flagged records
1396395075,MEDICAL_CLAIM,2,1,50.0,0,2,1,0,0,0,0,30.2,47.25,0.0,HIGH-RISK PROVIDER PATTERN,PROVIDER REQUIRING REVIEW,50.0% flagged records
1246552895,PHARMACY_CLAIM,1,1,100.0,0,1,0,0,0,0,0,30.19,30.19,100.0,HIGH-RISK PROVIDER PATTERN,PROVIDER REQUIRING REVIEW,100.0% flagged records; Empirical claim denial rate = 100.0%
1390062213,PRIOR_AUTH,1,1,100.0,0,1,1,0,0,0,0,30.19,30.19,0.0,HIGH-RISK PROVIDER PATTERN,PROVIDER REQUIRING REVIEW,100.0% flagged records
1750314020,PHARMACY_CLAIM,1,1,100.0,0,1,0,0,0,0,0,30.18,30.18,100.0,HIGH-RISK PROVIDER PATTERN,PROVIDER REQUIRING REVIEW,100.0% flagged records; Empirical claim denial rate = 100.0%
1227016217,PHARMACY_CLAIM,1,1,100.0,0,0,1,1,0,0,0,30.16,30.16,0.0,HIGH-RISK PROVIDER PATTERN,PROVIDER REQUIRING REVIEW,100.0% flagged records
1891162962,MEDICAL_CLAIM,9,6,66.67,0,6,4,0,0,0,0,30.15,41.22,0.0,HIGH-RISK PROVIDER PATTERN,PROVIDER REQUIRING REVIEW,66.7% flagged records
1078300319,PRIOR_AUTH,1,1,100.0,0,1,1,0,0,0,0,30.15,30.15,100.0,HIGH-RISK PROVIDER PATTERN,PROVIDER REQUIRING REVIEW,100.0% flagged records; Empirical claim denial rate = 100.0%
1770696643,MEDICAL_CLAIM,1,1,100.0,0,0,1,0,0,0,0,30.15,30.15,0.0,HIGH-RISK PROVIDER PATTERN,PROVIDER REQUIRING REVIEW,100.0% flagged records
1962997569,MEDICAL_CLAIM,1,1,100.0,0,0,1,0,0,0,0,30.15,30.15,0.0,HIGH-RISK PROVIDER PATTERN,PROVIDER REQUIRING REVIEW,100.0% flagged records
1044490775,PRIOR_AUTH,1,1,100.0,0,1,1,0,0,0,0,30.14,30.14,0.0,HIGH-RISK PROVIDER PATTERN,PROVIDER REQUIRING REVIEW,100.0% flagged records
1647873765,PHARMACY_CLAIM,1,1,100.0,0,1,0,0,0,0,0,30.12,30.12,0.0,HIGH-RISK PROVIDER PATTERN,PROVIDER REQUIRING REVIEW,100.0% flagged records
1700135522,MEDICAL_CLAIM,2,1,50.0,0,1,2,0,0,0,0,30.11,36.48,0.0,HIGH-RISK PROVIDER PATTERN,PROVIDER REQUIRING REVIEW,50.0% flagged records
1063411874,MEDICAL_CLAIM,1,1,100.0,0,0,1,0,0,0,0,30.1,30.1,0.0,HIGH-RISK PROVIDER PATTERN,PROVIDER REQUIRING REVIEW,100.0% flagged records
1166867085,PRIOR_AUTH,1,1,100.0,0,1,0,0,0,0,0,30.1,30.1,100.0,HIGH-RISK PROVIDER PATTERN,PROVIDER REQUIRING REVIEW,100.0% flagged records; Empirical claim denial rate = 100.0%
1485023862,PRIOR_AUTH,1,1,100.0,0,1,0,0,0,0,0,30.09,30.09,100.0,HIGH-RISK PROVIDER PATTERN,PROVIDER REQUIRING REVIEW,100.0% flagged records; Empirical claim denial rate = 100.0%
1314362185,PHARMACY_CLAIM,1,1,100.0,0,1,0,0,0,0,0,30.07,30.07,100.0,HIGH-RISK PROVIDER PATTERN,PROVIDER REQUIRING REVIEW,100.0% flagged records; Empirical claim denial rate = 100.0%
1700936440,MEDICAL_CLAIM,1,1,100.0,0,0,1,0,0,0,0,30.07,30.07,0.0,HIGH-RISK PROVIDER PATTERN,PROVIDER REQUIRING REVIEW,100.0% flagged records
1933790350,PRIOR_AUTH,1,1,100.0,0,1,1,0,0,0,0,30.05,30.05,0.0,HIGH-RISK PROVIDER PATTERN,PROVIDER REQUIRING REVIEW,100.0% flagged records
1337340106,PRIOR_AUTH,1,1,100.0,0,1,0,0,0,0,0,30.04,30.04,100.0,HIGH-RISK PROVIDER PATTERN,PROVIDER REQUIRING REVIEW,100.0% flagged records; Empirical claim denial rate = 100.0%
1716246105,PHARMACY_CLAIM,1,1,100.0,0,1,0,0,0,0,0,30.04,30.04,100.0,HIGH-RISK PROVIDER PATTERN,PROVIDER REQUIRING REVIEW,100.0% flagged records; Empirical claim denial rate = 100.0%
1760499545,MEDICAL_CLAIM,1,1,100.0,0,0,1,0,0,0,0,30.04,30.04,0.0,HIGH-RISK PROVIDER PATTERN,PROVIDER REQUIRING REVIEW,100.0% flagged records
1962473306,MEDICAL_CLAIM,2,2,100.0,0,0,2,0,0,0,0,30.03,32.94,0.0,HIGH-RISK PROVIDER PATTERN,PROVIDER REQUIRING REVIEW,100.0% flagged records
1586865874,PHARMACY_CLAIM,1,1,100.0,0,0,1,0,0,0,0,30.03,30.03,0.0,HIGH-RISK PROVIDER PATTERN,PROVIDER REQUIRING REVIEW,100.0% flagged records
1121718252,PHARMACY_CLAIM,1,1,100.0,0,1,1,0,0,0,0,30.02,30.02,0.0,HIGH-RISK PROVIDER PATTERN,PROVIDER REQUIRING REVIEW,100.0% flagged records
1156585529,PHARMACY_CLAIM,1,1,100.0,0,1,0,0,0,0,0,30.02,30.02,100.0,HIGH-RISK PROVIDER PATTERN,PROVIDER REQUIRING REVIEW,100.0% flagged records; Empirical claim denial rate = 100.0%
1364722092,PRIOR_AUTH,1,1,100.0,0,1,0,0,0,0,0,30.02,30.02,100.0,HIGH-RISK PROVIDER PATTERN,PROVIDER REQUIRING REVIEW,100.0% flagged records; Empirical claim denial rate = 100.0%
1639699309,MEDICAL_CLAIM,2,1,50.0,0,1,2,0,0,0,0,30.01,37.37,0.0,HIGH-RISK PROVIDER PATTERN,PROVIDER REQUIRING REVIEW,50.0% flagged records
1699288449,MEDICAL_CLAIM,2,2,100.0,0,0,3,0,0,0,0,30.01,33.88,0.0,HIGH-RISK PROVIDER PATTERN,PROVIDER REQUIRING REVIEW,100.0% flagged records
1352390726,PHARMACY_CLAIM,1,1,100.0,0,1,0,0,0,0,0,30.01,30.01,100.0,HIGH-RISK PROVIDER PATTERN,PROVIDER REQUIRING REVIEW,100.0% flagged records; Empirical claim denial rate = 100.0%
1047649902,PRIOR_AUTH,1,1,100.0,0,1,0,0,0,0,0,29.99,29.99,100.0,HIGH-RISK PROVIDER PATTERN,PROVIDER REQUIRING REVIEW,100.0% flagged records; Empirical claim denial rate = 100.0%
1495490513,PHARMACY_CLAIM,1,1,100.0,0,1,0,0,0,0,0,29.99,29.99,100.0,HIGH-RISK PROVIDER PATTERN,PROVIDER REQUIRING REVIEW,100.0% flagged records; Empirical claim denial rate = 100.0%
1639662385,PRIOR_AUTH,1,1,100.0,0,1,1,0,0,0,0,29.99,29.99,0.0,HIGH-RISK PROVIDER PATTERN,PROVIDER REQUIRING REVIEW,100.0% flagged records
1137445191,PRIOR_AUTH,1,1,100.0,0,1,0,0,0,0,0,29.98,29.98,0.0,HIGH-RISK PROVIDER PATTERN,PROVIDER REQUIRING REVIEW,100.0% flagged records
1288303763,PRIOR_AUTH,1,1,100.0,0,1,0,0,0,0,0,29.98,29.98,0.0,HIGH-RISK PROVIDER PATTERN,PROVIDER REQUIRING REVIEW,100.0% flagged records
1699849181,PRIOR_AUTH,1,1,100.0,0,1,1,0,0,0,0,29.98,29.98,100.0,HIGH-RISK PROVIDER PATTERN,PROVIDER REQUIRING REVIEW,100.0% flagged records; Empirical claim denial rate = 100.0%
1568856045,MEDICAL_CLAIM,2,2,100.0,0,1,2,0,0,0,0,29.97,34.01,0.0,HIGH-RISK PROVIDER PATTERN,PROVIDER REQUIRING REVIEW,100.0% flagged records
1396161651,PHARMACY_CLAIM,1,1,100.0,0,1,0,0,0,0,0,29.97,29.97,100.0,HIGH-RISK PROVIDER PATTERN,PROVIDER REQUIRING REVIEW,100.0% flagged records; Empirical claim denial rate = 100.0%
1775267049,PHARMACY_CLAIM,1,1,100.0,0,1,0,0,0,0,0,29.97,29.97,100.0,HIGH-RISK PROVIDER PATTERN,PROVIDER REQUIRING REVIEW,100.0% flagged records; Empirical claim denial rate = 100.0%
1696750907,PRIOR_AUTH,1,1,100.0,0,1,1,0,0,0,0,29.95,29.95,0.0,HIGH-RISK PROVIDER PATTERN,PROVIDER REQUIRING REVIEW,100.0% flagged records
1258905637,PRIOR_AUTH,1,1,100.0,0,1,1,0,0,0,0,29.94,29.94,100.0,HIGH-RISK PROVIDER PATTERN,PROVIDER REQUIRING REVIEW,100.0% flagged records; Empirical claim denial rate = 100.0%
1654556395,PRIOR_AUTH,1,1,100.0,0,1,0,0,0,0,0,29.94,29.94,100.0,HIGH-RISK PROVIDER PATTERN,PROVIDER REQUIRING REVIEW,100.0% flagged records; Empirical claim denial rate = 100.0%
1167645088,PHARMACY_CLAIM,1,1,100.0,0,1,1,0,0,0,0,29.93,29.93,0.0,HIGH-RISK PROVIDER PATTERN,PROVIDER REQUIRING REVIEW,100.0% flagged records
1770821670,MEDICAL_CLAIM,2,1,50.0,0,1,1,0,0,0,0,29.9,36.66,0.0,HIGH-RISK PROVIDER PATTERN,PROVIDER REQUIRING REVIEW,50.0% flagged records
1621419980,PHARMACY_CLAIM,1,1,100.0,0,1,1,0,0,0,0,29.9,29.9,0.0,HIGH-RISK PROVIDER PATTERN,PROVIDER REQUIRING REVIEW,100.0% flagged records
1467543892,MEDICAL_CLAIM,2,1,50.0,0,0,1,0,0,0,0,29.88,44.41,0.0,HIGH-RISK PROVIDER PATTERN,PROVIDER REQUIRING REVIEW,50.0% flagged records
1126858076,PHARMACY_CLAIM,1,1,100.0,0,1,0,0,0,0,0,29.86,29.86,100.0,HIGH-RISK PROVIDER PATTERN,PROVIDER REQUIRING REVIEW,100.0% flagged records; Empirical claim denial rate = 100.0%
1870934929,PHARMACY_CLAIM,1,1,100.0,0,1,0,0,0,0,0,29.86,29.86,0.0,HIGH-RISK PROVIDER PATTERN,PROVIDER REQUIRING REVIEW,100.0% flagged records
1967303842,PRIOR_AUTH,1,1,100.0,0,1,1,0,0,0,0,29.84,29.84,0.0,HIGH-RISK PROVIDER PATTERN,PROVIDER REQUIRING REVIEW,100.0% flagged records
1065884665,PRIOR_AUTH,1,1,100.0,0,1,0,0,0,0,0,29.82,29.82,0.0,HIGH-RISK PROVIDER PATTERN,PROVIDER REQUIRING REVIEW,100.0% flagged records
1923564652,PHARMACY_CLAIM,1,1,100.0,0,1,0,0,0,0,0,29.82,29.82,100.0,HIGH-RISK PROVIDER PATTERN,PROVIDER REQUIRING REVIEW,100.0% flagged records; Empirical claim denial rate = 100.0%
1114050903,MEDICAL_CLAIM,5,3,60.0,0,3,3,0,0,0,0,29.81,44.59,0.0,HIGH-RISK PROVIDER PATTERN,PROVIDER REQUIRING REVIEW,60.0% flagged records
1552454390,PHARMACY_CLAIM,1,1,100.0,0,1,0,0,0,0,0,29.81,29.81,0.0,HIGH-RISK PROVIDER PATTERN,PROVIDER REQUIRING REVIEW,100.0% flagged records
1965355888,PHARMACY_CLAIM,1,1,100.0,0,1,1,0,0,0,0,29.8,29.8,0.0,HIGH-RISK PROVIDER PATTERN,PROVIDER REQUIRING REVIEW,100.0% flagged records
1205896719,MEDICAL_CLAIM,3,3,100.0,0,0,3,0,0,0,0,29.77,33.41,0.0,HIGH-RISK PROVIDER PATTERN,PROVIDER REQUIRING REVIEW,100.0% flagged records
1412261876,PHARMACY_CLAIM,1,1,100.0,0,1,0,0,0,0,0,29.77,29.77,0.0,HIGH-RISK PROVIDER PATTERN,PROVIDER REQUIRING REVIEW,100.0% flagged records
1708313466,PRIOR_AUTH,1,1,100.0,0,1,1,0,0,0,0,29.77,29.77,0.0,HIGH-RISK PROVIDER PATTERN,PROVIDER REQUIRING REVIEW,100.0% flagged records
1784861045,PHARMACY_CLAIM,1,1,100.0,0,1,0,0,0,0,0,29.77,29.77,100.0,HIGH-RISK PROVIDER PATTERN,PROVIDER REQUIRING REVIEW,100.0% flagged records; Empirical claim denial rate = 100.0%
1523826895,PHARMACY_CLAIM,1,1,100.0,0,1,0,0,0,0,0,29.76,29.76,0.0,HIGH-RISK PROVIDER PATTERN,PROVIDER REQUIRING REVIEW,100.0% flagged records
1543982640,PHARMACY_CLAIM,1,1,100.0,0,1,1,0,0,0,0,29.76,29.76,0.0,HIGH-RISK PROVIDER PATTERN,PROVIDER REQUIRING REVIEW,100.0% flagged records
1205255304,MEDICAL_CLAIM,1,1,100.0,0,1,0,0,0,0,0,29.74,29.74,0.0,HIGH-RISK PROVIDER PATTERN,PROVIDER REQUIRING REVIEW,100.0% flagged records
1860919368,PRIOR_AUTH,1,1,100.0,0,1,0,0,0,0,0,29.74,29.74,0.0,HIGH-RISK PROVIDER PATTERN,PROVIDER REQUIRING REVIEW,100.0% flagged records
1897132707,PRIOR_AUTH,1,1,100.0,0,1,1,0,0,0,0,29.74,29.74,100.0,HIGH-RISK PROVIDER PATTERN,PROVIDER REQUIRING REVIEW,100.0% flagged records; Empirical claim denial rate = 100.0%
1137720221,PHARMACY_CLAIM,1,1,100.0,0,1,0,0,0,0,0,29.73,29.73,100.0,HIGH-RISK PROVIDER PATTERN,PROVIDER REQUIRING REVIEW,100.0% flagged records; Empirical claim denial rate = 100.0%
1367860022,PHARMACY_CLAIM,1,1,100.0,0,1,0,0,0,0,0,29.72,29.72,0.0,HIGH-RISK PROVIDER PATTERN,PROVIDER REQUIRING REVIEW,100.0% flagged records
1196513623,PHARMACY_CLAIM,1,1,100.0,0,1,0,0,0,0,0,29.71,29.71,100.0,HIGH-RISK PROVIDER PATTERN,PROVIDER REQUIRING REVIEW,100.0% flagged records; Empirical claim denial rate = 100.0%
1305289000,PHARMACY_CLAIM,1,1,100.0,0,1,0,0,0,0,0,29.71,29.71,0.0,HIGH-RISK PROVIDER PATTERN,PROVIDER REQUIRING REVIEW,100.0% flagged records
1932416195,MEDICAL_CLAIM,2,2,100.0,0,0,2,0,0,0,0,29.68,29.68,0.0,HIGH-RISK PROVIDER PATTERN,PROVIDER REQUIRING REVIEW,100.0% flagged records
1207742120,PHARMACY_CLAIM,1,1,100.0,0,1,0,0,0,0,0,29.68,29.68,0.0,HIGH-RISK PROVIDER PATTERN,PROVIDER REQUIRING REVIEW,100.0% flagged records
1001708385,PRIOR_AUTH,1,1,100.0,0,1,1,0,0,0,0,29.65,29.65,0.0,HIGH-RISK PROVIDER PATTERN,PROVIDER REQUIRING REVIEW,100.0% flagged records
1417519000,MEDICAL_CLAIM,1,1,100.0,0,0,1,0,0,0,0,29.65,29.65,0.0,HIGH-RISK PROVIDER PATTERN,PROVIDER REQUIRING REVIEW,100.0% flagged records
1834777285,PHARMACY_CLAIM,1,1,100.0,0,1,0,0,0,0,0,29.64,29.64,100.0,HIGH-RISK PROVIDER PATTERN,PROVIDER REQUIRING REVIEW,100.0% flagged records; Empirical claim denial rate = 100.0%
1518528579,MEDICAL_CLAIM,2,2,100.0,0,0,2,0,0,0,0,29.63,31.39,0.0,HIGH-RISK PROVIDER PATTERN,PROVIDER REQUIRING REVIEW,100.0% flagged records
1626021403,PHARMACY_CLAIM,1,1,100.0,0,1,0,0,0,0,0,29.63,29.63,100.0,HIGH-RISK PROVIDER PATTERN,PROVIDER REQUIRING REVIEW,100.0% flagged records; Empirical claim denial rate = 100.0%
1164846283,MEDICAL_CLAIM,11,8,72.73,0,3,7,0,0,0,0,29.62,44.54,0.0,HIGH-RISK PROVIDER PATTERN,PROVIDER REQUIRING REVIEW,72.7% flagged records
1449889628,PHARMACY_CLAIM,1,1,100.0,0,1,0,0,0,0,0,29.62,29.62,100.0,HIGH-RISK PROVIDER PATTERN,PROVIDER REQUIRING REVIEW,100.0% flagged records; Empirical claim denial rate = 100.0%
1617515707,PRIOR_AUTH,1,1,100.0,0,1,0,0,0,0,0,29.62,29.62,100.0,HIGH-RISK PROVIDER PATTERN,PROVIDER REQUIRING REVIEW,100.0% flagged records; Empirical claim denial rate = 100.0%
1958929286,PHARMACY_CLAIM,1,1,100.0,0,1,1,0,0,0,0,29.62,29.62,0.0,HIGH-RISK PROVIDER PATTERN,PROVIDER REQUIRING REVIEW,100.0% flagged records
1003866732,MEDICAL_CLAIM,2,1,50.0,0,1,2,0,0,0,0,29.61,34.44,0.0,HIGH-RISK PROVIDER PATTERN,PROVIDER REQUIRING REVIEW,50.0% flagged records
1992253735,PRIOR_AUTH,1,1,100.0,0,1,0,0,0,0,0,29.61,29.61,100.0,HIGH-RISK PROVIDER PATTERN,PROVIDER REQUIRING REVIEW,100.0% flagged records; Empirical claim denial rate = 100.0%
1024854260,PRIOR_AUTH,1,1,100.0,0,1,1,0,0,0,0,29.6,29.6,0.0,HIGH-RISK PROVIDER PATTERN,PROVIDER REQUIRING REVIEW,100.0% flagged records
1284481598,PHARMACY_CLAIM,1,1,100.0,0,1,0,0,0,0,0,29.6,29.6,100.0,HIGH-RISK PROVIDER PATTERN,PROVIDER REQUIRING REVIEW,100.0% flagged records; Empirical claim denial rate = 100.0%
1508360413,MEDICAL_CLAIM,1,1,100.0,0,0,1,0,0,0,0,29.59,29.59,0.0,HIGH-RISK PROVIDER PATTERN,PROVIDER REQUIRING REVIEW,100.0% flagged records
1317946861,PHARMACY_CLAIM,1,1,100.0,0,1,0,0,0,0,0,29.57,29.57,100.0,HIGH-RISK PROVIDER PATTERN,PROVIDER REQUIRING REVIEW,100.0% flagged records; Empirical claim denial rate = 100.0%
1357741130,PHARMACY_CLAIM,1,1,100.0,0,1,0,0,0,0,0,29.57,29.57,0.0,HIGH-RISK PROVIDER PATTERN,PROVIDER REQUIRING REVIEW,100.0% flagged records
1710443890,MEDICAL_CLAIM,1,1,100.0,0,0,1,0,0,0,0,29.57,29.57,0.0,HIGH-RISK PROVIDER PATTERN,PROVIDER REQUIRING REVIEW,100.0% flagged records
1456668576,PHARMACY_CLAIM,1,1,100.0,0,1,1,0,0,0,0,29.56,29.56,0.0,HIGH-RISK PROVIDER PATTERN,PROVIDER REQUIRING REVIEW,100.0% flagged records
1582184354,PHARMACY_CLAIM,1,1,100.0,0,1,0,0,0,0,0,29.56,29.56,100.0,HIGH-RISK PROVIDER PATTERN,PROVIDER REQUIRING REVIEW,100.0% flagged records; Empirical claim denial rate = 100.0%
1377626079,PRIOR_AUTH,1,1,100.0,0,1,1,0,0,0,0,29.55,29.55,0.0,HIGH-RISK PROVIDER PATTERN,PROVIDER REQUIRING REVIEW,100.0% flagged records
1920945054,PRIOR_AUTH,1,1,100.0,0,1,0,0,0,0,0,29.55,29.55,100.0,HIGH-RISK PROVIDER PATTERN,PROVIDER REQUIRING REVIEW,100.0% flagged records; Empirical claim denial rate = 100.0%
1343539223,PHARMACY_CLAIM,1,1,100.0,0,1,1,0,0,0,0,29.54,29.54,0.0,HIGH-RISK PROVIDER PATTERN,PROVIDER REQUIRING REVIEW,100.0% flagged records
1665814023,PHARMACY_CLAIM,1,1,100.0,0,1,0,0,0,0,0,29.53,29.53,100.0,HIGH-RISK PROVIDER PATTERN,PROVIDER REQUIRING REVIEW,100.0% flagged records; Empirical claim denial rate = 100.0%
1518945278,MEDICAL_CLAIM,3,2,66.67,0,1,2,0,0,0,0,29.52,43.53,0.0,HIGH-RISK PROVIDER PATTERN,PROVIDER REQUIRING REVIEW,66.7% flagged records
1261934648,PHARMACY_CLAIM,1,1,100.0,0,1,0,0,0,0,0,29.52,29.52,100.0,HIGH-RISK PROVIDER PATTERN,PROVIDER REQUIRING REVIEW,100.0% flagged records; Empirical claim denial rate = 100.0%
1316902414,MEDICAL_CLAIM,1,1,100.0,0,0,1,0,0,0,0,29.52,29.52,0.0,HIGH-RISK PROVIDER PATTERN,PROVIDER REQUIRING REVIEW,100.0% flagged records
1336382944,MEDICAL_CLAIM,4,4,100.0,0,0,4,0,0,0,0,29.51,32.84,0.0,HIGH-RISK PROVIDER PATTERN,PROVIDER REQUIRING REVIEW,100.0% flagged records
1126080802,PRIOR_AUTH,1,1,100.0,0,1,1,0,0,0,0,29.5,29.5,0.0,HIGH-RISK PROVIDER PATTERN,PROVIDER REQUIRING REVIEW,100.0% flagged records
1284368476,PRIOR_AUTH,1,1,100.0,0,1,1,0,0,0,0,29.49,29.49,0.0,HIGH-RISK PROVIDER PATTERN,PROVIDER REQUIRING REVIEW,100.0% flagged records
1682875648,PHARMACY_CLAIM,1,1,100.0,0,1,0,0,0,0,0,29.49,29.49,0.0,HIGH-RISK PROVIDER PATTERN,PROVIDER REQUIRING REVIEW,100.0% flagged records
1750992459,MEDICAL_CLAIM,1,1,100.0,0,0,1,0,0,0,0,29.43,29.43,0.0,HIGH-RISK PROVIDER PATTERN,PROVIDER REQUIRING REVIEW,100.0% flagged records
1501257251,PHARMACY_CLAIM,1,1,100.0,0,1,0,0,0,0,0,29.42,29.42,0.0,HIGH-RISK PROVIDER PATTERN,PROVIDER REQUIRING REVIEW,100.0% flagged records
1498168318,PHARMACY_CLAIM,1,1,100.0,0,1,0,0,0,0,0,29.41,29.41,100.0,HIGH-RISK PROVIDER PATTERN,PROVIDER REQUIRING REVIEW,100.0% flagged records; Empirical claim denial rate = 100.0%
1067184931,PHARMACY_CLAIM,1,1,100.0,0,1,0,0,0,0,0,29.4,29.4,100.0,HIGH-RISK PROVIDER PATTERN,PROVIDER REQUIRING REVIEW,100.0% flagged records; Empirical claim denial rate = 100.0%
1120235773,PRIOR_AUTH,1,1,100.0,0,1,0,0,0,0,0,29.4,29.4,0.0,HIGH-RISK PROVIDER PATTERN,PROVIDER REQUIRING REVIEW,100.0% flagged records
1114839622,PRIOR_AUTH,1,1,100.0,0,1,0,0,0,0,0,29.39,29.39,0.0,HIGH-RISK PROVIDER PATTERN,PROVIDER REQUIRING REVIEW,100.0% flagged records
1841298999,MEDICAL_CLAIM,1,1,100.0,0,0,1,0,0,0,0,29.39,29.39,0.0,HIGH-RISK PROVIDER PATTERN,PROVIDER REQUIRING REVIEW,100.0% flagged records
1185460641,PRIOR_AUTH,1,1,100.0,0,1,0,0,0,0,0,29.38,29.38,0.0,HIGH-RISK PROVIDER PATTERN,PROVIDER REQUIRING REVIEW,100.0% flagged records
1219569116,PHARMACY_CLAIM,1,1,100.0,0,1,0,0,0,0,0,29.38,29.38,100.0,HIGH-RISK PROVIDER PATTERN,PROVIDER REQUIRING REVIEW,100.0% flagged records; Empirical claim denial rate = 100.0%
1790851675,PHARMACY_CLAIM,1,1,100.0,0,1,1,0,0,0,0,29.38,29.38,0.0,HIGH-RISK PROVIDER PATTERN,PROVIDER REQUIRING REVIEW,100.0% flagged records
1659312072,MEDICAL_CLAIM,2,1,50.0,0,2,1,0,0,0,0,29.37,45.95,0.0,HIGH-RISK PROVIDER PATTERN,PROVIDER REQUIRING REVIEW,50.0% flagged records
1141535298,PHARMACY_CLAIM,1,1,100.0,0,1,0,0,0,0,0,29.33,29.33,100.0,HIGH-RISK PROVIDER PATTERN,PROVIDER REQUIRING REVIEW,100.0% flagged records; Empirical claim denial rate = 100.0%
1429561276,PHARMACY_CLAIM,1,1,100.0,0,0,1,0,0,0,0,29.33,29.33,0.0,HIGH-RISK PROVIDER PATTERN,PROVIDER REQUIRING REVIEW,100.0% flagged records
1023009339,MEDICAL_CLAIM,2,1,50.0,0,1,1,0,0,0,0,29.32,44.75,0.0,HIGH-RISK PROVIDER PATTERN,PROVIDER REQUIRING REVIEW,50.0% flagged records
1261376274,PHARMACY_CLAIM,1,1,100.0,0,1,0,0,0,0,0,29.32,29.32,100.0,HIGH-RISK PROVIDER PATTERN,PROVIDER REQUIRING REVIEW,100.0% flagged records; Empirical claim denial rate = 100.0%
1345988697,PHARMACY_CLAIM,1,1,100.0,0,0,1,1,0,0,0,29.32,29.32,0.0,HIGH-RISK PROVIDER PATTERN,PROVIDER REQUIRING REVIEW,100.0% flagged records
1645142962,PRIOR_AUTH,1,1,100.0,0,1,1,0,0,0,0,29.32,29.32,0.0,HIGH-RISK PROVIDER PATTERN,PROVIDER REQUIRING REVIEW,100.0% flagged records
1215963335,MEDICAL_CLAIM,2,1,50.0,0,1,2,0,0,0,0,29.31,34.61,0.0,HIGH-RISK PROVIDER PATTERN,PROVIDER REQUIRING REVIEW,50.0% flagged records
1477188217,MEDICAL_CLAIM,2,2,100.0,0,0,2,0,0,0,0,29.3,30.51,0.0,HIGH-RISK PROVIDER PATTERN,PROVIDER REQUIRING REVIEW,100.0% flagged records
1719137415,PRIOR_AUTH,1,1,100.0,0,1,0,0,0,0,0,29.3,29.3,100.0,HIGH-RISK PROVIDER PATTERN,PROVIDER REQUIRING REVIEW,100.0% flagged records; Empirical claim denial rate = 100.0%
1026896719,PHARMACY_CLAIM,1,1,100.0,0,0,1,0,0,0,0,29.28,29.28,0.0,HIGH-RISK PROVIDER PATTERN,PROVIDER REQUIRING REVIEW,100.0% flagged records
1157147296,PRIOR_AUTH,1,1,100.0,0,1,0,0,0,0,0,29.27,29.27,0.0,HIGH-RISK PROVIDER PATTERN,PROVIDER REQUIRING REVIEW,100.0% flagged records
1611620934,PHARMACY_CLAIM,1,1,100.0,0,1,0,0,0,0,0,29.27,29.27,100.0,HIGH-RISK PROVIDER PATTERN,PROVIDER REQUIRING REVIEW,100.0% flagged records; Empirical claim denial rate = 100.0%
1687200880,PRIOR_AUTH,1,1,100.0,0,1,1,0,0,0,0,29.27,29.27,0.0,HIGH-RISK PROVIDER PATTERN,PROVIDER REQUIRING REVIEW,100.0% flagged records
1492259420,PHARMACY_CLAIM,1,1,100.0,0,1,0,0,0,0,0,29.26,29.26,0.0,HIGH-RISK PROVIDER PATTERN,PROVIDER REQUIRING REVIEW,100.0% flagged records
1851767461,MEDICAL_CLAIM,3,2,66.67,0,1,2,0,0,0,0,29.25,33.98,0.0,HIGH-RISK PROVIDER PATTERN,PROVIDER REQUIRING REVIEW,66.7% flagged records
1420566139,PHARMACY_CLAIM,1,1,100.0,0,1,0,0,0,0,0,29.25,29.25,0.0,HIGH-RISK PROVIDER PATTERN,PROVIDER REQUIRING REVIEW,100.0% flagged records
1821309089,MEDICAL_CLAIM,1,1,100.0,0,0,1,0,0,0,0,29.24,29.24,0.0,HIGH-RISK PROVIDER PATTERN,PROVIDER REQUIRING REVIEW,100.0% flagged records
1741881760,PRIOR_AUTH,1,1,100.0,0,1,0,0,0,0,0,29.23,29.23,100.0,HIGH-RISK PROVIDER PATTERN,PROVIDER REQUIRING REVIEW,100.0% flagged records; Empirical claim denial rate = 100.0%
1608384412,PHARMACY_CLAIM,1,1,100.0,0,1,0,0,0,0,0,29.22,29.22,100.0,HIGH-RISK PROVIDER PATTERN,PROVIDER REQUIRING REVIEW,100.0% flagged records; Empirical claim denial rate = 100.0%
1170483658,PRIOR_AUTH,1,1,100.0,0,1,0,0,0,0,0,29.21,29.21,0.0,HIGH-RISK PROVIDER PATTERN,PROVIDER REQUIRING REVIEW,100.0% flagged records
1776991409,PHARMACY_CLAIM,1,1,100.0,0,1,0,0,0,0,0,29.21,29.21,100.0,HIGH-RISK PROVIDER PATTERN,PROVIDER REQUIRING REVIEW,100.0% flagged records; Empirical claim denial rate = 100.0%
1244895286,PHARMACY_CLAIM,1,1,100.0,0,1,0,0,0,0,0,29.19,29.19,0.0,HIGH-RISK PROVIDER PATTERN,PROVIDER REQUIRING REVIEW,100.0% flagged records
1251546246,PRIOR_AUTH,1,1,100.0,0,1,0,0,0,0,0,29.19,29.19,0.0,HIGH-RISK PROVIDER PATTERN,PROVIDER REQUIRING REVIEW,100.0% flagged records
1298931379,PRIOR_AUTH,1,1,100.0,0,1,0,0,0,0,0,29.19,29.19,100.0,HIGH-RISK PROVIDER PATTERN,PROVIDER REQUIRING REVIEW,100.0% flagged records; Empirical claim denial rate = 100.0%
1498168378,PRIOR_AUTH,1,1,100.0,0,1,1,0,0,0,0,29.19,29.19,0.0,HIGH-RISK PROVIDER PATTERN,PROVIDER REQUIRING REVIEW,100.0% flagged records
1924119684,PRIOR_AUTH,1,1,100.0,0,1,0,0,0,0,0,29.19,29.19,0.0,HIGH-RISK PROVIDER PATTERN,PROVIDER REQUIRING REVIEW,100.0% flagged records
1989954483,PRIOR_AUTH,1,1,100.0,0,1,0,0,0,0,0,29.19,29.19,0.0,HIGH-RISK PROVIDER PATTERN,PROVIDER REQUIRING REVIEW,100.0% flagged records
1477819886,MEDICAL_CLAIM,2,1,50.0,0,1,2,0,0,0,0,29.18,35.7,0.0,HIGH-RISK PROVIDER PATTERN,PROVIDER REQUIRING REVIEW,50.0% flagged records
1962709980,MEDICAL_CLAIM,2,1,50.0,0,1,1,0,0,0,0,29.18,43.38,0.0,HIGH-RISK PROVIDER PATTERN,PROVIDER REQUIRING REVIEW,50.0% flagged records
1594854147,PHARMACY_CLAIM,1,1,100.0,0,1,0,0,0,0,0,29.18,29.18,100.0,HIGH-RISK PROVIDER PATTERN,PROVIDER REQUIRING REVIEW,100.0% flagged records; Empirical claim denial rate = 100.0%
1023603024,MEDICAL_CLAIM,4,3,75.0,0,2,3,0,0,0,0,29.17,40.0,0.0,HIGH-RISK PROVIDER PATTERN,PROVIDER REQUIRING REVIEW,75.0% flagged records
1982961439,MEDICAL_CLAIM,2,2,100.0,0,0,2,0,0,0,0,29.17,29.77,0.0,HIGH-RISK PROVIDER PATTERN,PROVIDER REQUIRING REVIEW,100.0% flagged records
1395395612,PRIOR_AUTH,1,1,100.0,0,1,0,0,0,0,0,29.16,29.16,0.0,HIGH-RISK PROVIDER PATTERN,PROVIDER REQUIRING REVIEW,100.0% flagged records
1281765406,PRIOR_AUTH,1,1,100.0,0,1,0,0,0,0,0,29.15,29.15,100.0,HIGH-RISK PROVIDER PATTERN,PROVIDER REQUIRING REVIEW,100.0% flagged records; Empirical claim denial rate = 100.0%
1568977063,PRIOR_AUTH,1,1,100.0,0,1,1,0,0,0,0,29.15,29.15,0.0,HIGH-RISK PROVIDER PATTERN,PROVIDER REQUIRING REVIEW,100.0% flagged records
1664911213,PHARMACY_CLAIM,1,1,100.0,0,1,0,0,0,0,0,29.14,29.14,0.0,HIGH-RISK PROVIDER PATTERN,PROVIDER REQUIRING REVIEW,100.0% flagged records
1750605706,PHARMACY_CLAIM,1,1,100.0,0,1,0,0,0,0,0,29.14,29.14,0.0,HIGH-RISK PROVIDER PATTERN,PROVIDER REQUIRING REVIEW,100.0% flagged records
1226971813,PHARMACY_CLAIM,1,1,100.0,0,1,0,0,0,0,0,29.12,29.12,0.0,HIGH-RISK PROVIDER PATTERN,PROVIDER REQUIRING REVIEW,100.0% flagged records
1386758043,MEDICAL_CLAIM,2,1,50.0,0,1,1,0,0,0,0,29.11,45.08,0.0,HIGH-RISK PROVIDER PATTERN,PROVIDER REQUIRING REVIEW,50.0% flagged records
1078067795,PHARMACY_CLAIM,1,1,100.0,0,0,1,0,0,0,0,29.11,29.11,0.0,HIGH-RISK PROVIDER PATTERN,PROVIDER REQUIRING REVIEW,100.0% flagged records
1387905702,PRIOR_AUTH,1,1,100.0,0,1,1,0,0,0,0,29.11,29.11,100.0,HIGH-RISK PROVIDER PATTERN,PROVIDER REQUIRING REVIEW,100.0% flagged records; Empirical claim denial rate = 100.0%
1842039958,PHARMACY_CLAIM,1,1,100.0,0,1,0,0,0,0,0,29.11,29.11,0.0,HIGH-RISK PROVIDER PATTERN,PROVIDER REQUIRING REVIEW,100.0% flagged records
1588088025,MEDICAL_CLAIM,2,1,50.0,0,1,2,0,0,0,0,29.1,35.06,0.0,HIGH-RISK PROVIDER PATTERN,PROVIDER REQUIRING REVIEW,50.0% flagged records
1340409458,PRIOR_AUTH,1,1,100.0,0,1,1,0,0,0,0,29.1,29.1,100.0,HIGH-RISK PROVIDER PATTERN,PROVIDER REQUIRING REVIEW,100.0% flagged records; Empirical claim denial rate = 100.0%
1494904981,PHARMACY_CLAIM,1,1,100.0,0,1,0,0,0,0,0,29.1,29.1,100.0,HIGH-RISK PROVIDER PATTERN,PROVIDER REQUIRING REVIEW,100.0% flagged records; Empirical claim denial rate = 100.0%
1098763909,PHARMACY_CLAIM,1,1,100.0,0,1,0,0,0,0,0,29.08,29.08,0.0,HIGH-RISK PROVIDER PATTERN,PROVIDER REQUIRING REVIEW,100.0% flagged records
1174650824,MEDICAL_CLAIM,4,3,75.0,0,0,3,0,0,0,0,29.07,31.93,0.0,HIGH-RISK PROVIDER PATTERN,PROVIDER REQUIRING REVIEW,75.0% flagged records
1909758504,PRIOR_AUTH,1,1,100.0,0,1,1,0,0,0,0,29.07,29.07,0.0,HIGH-RISK PROVIDER PATTERN,PROVIDER REQUIRING REVIEW,100.0% flagged records
1500211152,PHARMACY_CLAIM,1,1,100.0,0,0,1,0,0,0,0,29.05,29.05,0.0,HIGH-RISK PROVIDER PATTERN,PROVIDER REQUIRING REVIEW,100.0% flagged records
1614582267,PHARMACY_CLAIM,1,1,100.0,0,1,0,0,0,0,0,29.05,29.05,100.0,HIGH-RISK PROVIDER PATTERN,PROVIDER REQUIRING REVIEW,100.0% flagged records; Empirical claim denial rate = 100.0%
1982103511,MEDICAL_CLAIM,3,2,66.67,0,2,3,0,0,0,0,29.04,32.83,0.0,HIGH-RISK PROVIDER PATTERN,PROVIDER REQUIRING REVIEW,66.7% flagged records
1517099521,PHARMACY_CLAIM,1,1,100.0,0,0,1,1,0,0,0,29.03,29.03,0.0,HIGH-RISK PROVIDER PATTERN,PROVIDER REQUIRING REVIEW,100.0% flagged records
1644355523,PHARMACY_CLAIM,1,1,100.0,0,1,0,0,0,0,0,29.03,29.03,0.0,HIGH-RISK PROVIDER PATTERN,PROVIDER REQUIRING REVIEW,100.0% flagged records
1229166526,PRIOR_AUTH,1,1,100.0,0,1,1,0,0,0,0,29.02,29.02,100.0,HIGH-RISK PROVIDER PATTERN,PROVIDER REQUIRING REVIEW,100.0% flagged records; Empirical claim denial rate = 100.0%
1770531600,MEDICAL_CLAIM,1,1,100.0,0,0,1,0,0,0,0,29.02,29.02,0.0,HIGH-RISK PROVIDER PATTERN,PROVIDER REQUIRING REVIEW,100.0% flagged records
1442277309,PHARMACY_CLAIM,1,1,100.0,0,1,0,0,0,0,0,29.01,29.01,0.0,HIGH-RISK PROVIDER PATTERN,PROVIDER REQUIRING REVIEW,100.0% flagged records
1396181590,MEDICAL_CLAIM,4,3,75.0,0,1,3,0,0,0,0,29.0,40.15,0.0,HIGH-RISK PROVIDER PATTERN,PROVIDER REQUIRING REVIEW,75.0% flagged records
1193678226,PHARMACY_CLAIM,1,1,100.0,0,1,0,0,0,0,0,28.99,28.99,0.0,HIGH-RISK PROVIDER PATTERN,PROVIDER REQUIRING REVIEW,100.0% flagged records
1649363580,PHARMACY_CLAIM,1,1,100.0,0,1,0,0,0,0,0,28.99,28.99,100.0,HIGH-RISK PROVIDER PATTERN,PROVIDER REQUIRING REVIEW,100.0% flagged records; Empirical claim denial rate = 100.0%
1265897532,MEDICAL_CLAIM,1,1,100.0,0,0,1,0,0,0,0,28.98,28.98,0.0,HIGH-RISK PROVIDER PATTERN,PROVIDER REQUIRING REVIEW,100.0% flagged records
1464812580,PRIOR_AUTH,1,1,100.0,0,1,0,0,0,0,0,28.98,28.98,100.0,HIGH-RISK PROVIDER PATTERN,PROVIDER REQUIRING REVIEW,100.0% flagged records; Empirical claim denial rate = 100.0%
1486025718,PRIOR_AUTH,1,1,100.0,0,1,0,0,0,0,0,28.96,28.96,0.0,HIGH-RISK PROVIDER PATTERN,PROVIDER REQUIRING REVIEW,100.0% flagged records
1952307530,MEDICAL_CLAIM,4,3,75.0,0,1,2,0,0,0,0,28.95,43.81,0.0,HIGH-RISK PROVIDER PATTERN,PROVIDER REQUIRING REVIEW,75.0% flagged records
1568440287,MEDICAL_CLAIM,2,2,100.0,0,0,2,0,0,0,0,28.95,31.23,0.0,HIGH-RISK PROVIDER PATTERN,PROVIDER REQUIRING REVIEW,100.0% flagged records
1993077143,PHARMACY_CLAIM,1,1,100.0,0,1,0,0,0,0,0,28.93,28.93,100.0,HIGH-RISK PROVIDER PATTERN,PROVIDER REQUIRING REVIEW,100.0% flagged records; Empirical claim denial rate = 100.0%
1672480193,PHARMACY_CLAIM,1,1,100.0,0,1,0,0,0,0,0,28.91,28.91,100.0,HIGH-RISK PROVIDER PATTERN,PROVIDER REQUIRING REVIEW,100.0% flagged records; Empirical claim denial rate = 100.0%
1861402869,MEDICAL_CLAIM,2,2,100.0,0,0,2,0,0,0,0,28.9,29.94,0.0,HIGH-RISK PROVIDER PATTERN,PROVIDER REQUIRING REVIEW,100.0% flagged records
1340636094,PHARMACY_CLAIM,1,1,100.0,0,1,0,0,0,0,0,28.9,28.9,100.0,HIGH-RISK PROVIDER PATTERN,PROVIDER REQUIRING REVIEW,100.0% flagged records; Empirical claim denial rate = 100.0%
1339184576,PRIOR_AUTH,1,1,100.0,0,1,1,0,0,0,0,28.89,28.89,100.0,HIGH-RISK PROVIDER PATTERN,PROVIDER REQUIRING REVIEW,100.0% flagged records; Empirical claim denial rate = 100.0%
1845693945,PHARMACY_CLAIM,1,1,100.0,0,1,1,0,0,0,0,28.89,28.89,0.0,HIGH-RISK PROVIDER PATTERN,PROVIDER REQUIRING REVIEW,100.0% flagged records
1801298070,MEDICAL_CLAIM,2,1,50.0,0,2,1,0,0,0,0,28.88,38.78,0.0,HIGH-RISK PROVIDER PATTERN,PROVIDER REQUIRING REVIEW,50.0% flagged records
1100241274,PHARMACY_CLAIM,1,1,100.0,0,1,0,0,0,0,0,28.88,28.88,100.0,HIGH-RISK PROVIDER PATTERN,PROVIDER REQUIRING REVIEW,100.0% flagged records; Empirical claim denial rate = 100.0%
1398070923,PHARMACY_CLAIM,1,1,100.0,0,1,0,0,0,0,0,28.86,28.86,0.0,HIGH-RISK PROVIDER PATTERN,PROVIDER REQUIRING REVIEW,100.0% flagged records
1077174003,PRIOR_AUTH,1,1,100.0,0,1,0,0,0,0,0,28.85,28.85,0.0,HIGH-RISK PROVIDER PATTERN,PROVIDER REQUIRING REVIEW,100.0% flagged records
1295824001,MEDICAL_CLAIM,4,3,75.0,0,3,1,0,0,0,0,28.84,42.82,0.0,HIGH-RISK PROVIDER PATTERN,PROVIDER REQUIRING REVIEW,75.0% flagged records
1750392304,MEDICAL_CLAIM,2,1,50.0,0,1,1,0,0,0,0,28.84,34.76,0.0,HIGH-RISK PROVIDER PATTERN,PROVIDER REQUIRING REVIEW,50.0% flagged records
1400309710,PRIOR_AUTH,1,1,100.0,0,1,0,0,0,0,0,28.84,28.84,100.0,HIGH-RISK PROVIDER PATTERN,PROVIDER REQUIRING REVIEW,100.0% flagged records; Empirical claim denial rate = 100.0%
1011853836,PHARMACY_CLAIM,1,1,100.0,0,1,0,0,0,0,0,28.82,28.82,0.0,HIGH-RISK PROVIDER PATTERN,PROVIDER REQUIRING REVIEW,100.0% flagged records
1140243136,PRIOR_AUTH,1,1,100.0,0,1,1,0,0,0,0,28.82,28.82,100.0,HIGH-RISK PROVIDER PATTERN,PROVIDER REQUIRING REVIEW,100.0% flagged records; Empirical claim denial rate = 100.0%
1226141785,PHARMACY_CLAIM,1,1,100.0,0,1,1,0,0,0,0,28.81,28.81,0.0,HIGH-RISK PROVIDER PATTERN,PROVIDER REQUIRING REVIEW,100.0% flagged records
1427651041,MEDICAL_CLAIM,3,2,66.67,0,1,4,0,0,0,0,28.8,44.94,0.0,HIGH-RISK PROVIDER PATTERN,PROVIDER REQUIRING REVIEW,66.7% flagged records
1043862347,PHARMACY_CLAIM,1,1,100.0,0,1,0,0,0,0,0,28.79,28.79,100.0,HIGH-RISK PROVIDER PATTERN,PROVIDER REQUIRING REVIEW,100.0% flagged records; Empirical claim denial rate = 100.0%
1987287089,PRIOR_AUTH,1,1,100.0,0,1,0,0,0,0,0,28.79,28.79,0.0,HIGH-RISK PROVIDER PATTERN,PROVIDER REQUIRING REVIEW,100.0% flagged records
1244408100,PHARMACY_CLAIM,1,1,100.0,0,1,0,0,0,0,0,28.78,28.78,100.0,HIGH-RISK PROVIDER PATTERN,PROVIDER REQUIRING REVIEW,100.0% flagged records; Empirical claim denial rate = 100.0%
1575267809,PHARMACY_CLAIM,1,1,100.0,0,0,1,1,0,0,0,28.77,28.77,0.0,HIGH-RISK PROVIDER PATTERN,PROVIDER REQUIRING REVIEW,100.0% flagged records
1700470580,MEDICAL_CLAIM,3,2,66.67,0,0,3,0,0,0,0,28.76,39.83,0.0,HIGH-RISK PROVIDER PATTERN,PROVIDER REQUIRING REVIEW,66.7% flagged records
1009211352,PHARMACY_CLAIM,1,1,100.0,0,1,0,0,0,0,0,28.75,28.75,0.0,HIGH-RISK PROVIDER PATTERN,PROVIDER REQUIRING REVIEW,100.0% flagged records
1464458163,PRIOR_AUTH,1,1,100.0,0,1,0,0,0,0,0,28.74,28.74,0.0,HIGH-RISK PROVIDER PATTERN,PROVIDER REQUIRING REVIEW,100.0% flagged records
1571088480,PRIOR_AUTH,1,1,100.0,0,1,0,0,0,0,0,28.74,28.74,0.0,HIGH-RISK PROVIDER PATTERN,PROVIDER REQUIRING REVIEW,100.0% flagged records
1709867281,PHARMACY_CLAIM,1,1,100.0,0,1,1,1,0,0,0,28.74,28.74,0.0,HIGH-RISK PROVIDER PATTERN,PROVIDER REQUIRING REVIEW,100.0% flagged records
1018784354,PRIOR_AUTH,1,1,100.0,0,1,0,0,0,0,0,28.72,28.72,0.0,HIGH-RISK PROVIDER PATTERN,PROVIDER REQUIRING REVIEW,100.0% flagged records
1138450333,PHARMACY_CLAIM,1,1,100.0,0,1,0,0,0,0,0,28.72,28.72,100.0,HIGH-RISK PROVIDER PATTERN,PROVIDER REQUIRING REVIEW,100.0% flagged records; Empirical claim denial rate = 100.0%
1309385984,PRIOR_AUTH,1,1,100.0,0,1,0,0,0,0,0,28.72,28.72,0.0,HIGH-RISK PROVIDER PATTERN,PROVIDER REQUIRING REVIEW,100.0% flagged records
1938591615,PHARMACY_CLAIM,1,1,100.0,0,1,0,0,0,0,0,28.72,28.72,0.0,HIGH-RISK PROVIDER PATTERN,PROVIDER REQUIRING REVIEW,100.0% flagged records
1074689855,PHARMACY_CLAIM,1,1,100.0,0,0,1,1,0,0,0,28.71,28.71,0.0,HIGH-RISK PROVIDER PATTERN,PROVIDER REQUIRING REVIEW,100.0% flagged records
1192561727,PHARMACY_CLAIM,1,1,100.0,0,1,1,0,0,0,0,28.71,28.71,0.0,HIGH-RISK PROVIDER PATTERN,PROVIDER REQUIRING REVIEW,100.0% flagged records
1788079877,PRIOR_AUTH,1,1,100.0,0,1,0,0,0,0,0,28.7,28.7,0.0,HIGH-RISK PROVIDER PATTERN,PROVIDER REQUIRING REVIEW,100.0% flagged records
1801063268,MEDICAL_CLAIM,1,1,100.0,0,0,1,0,0,0,0,28.7,28.7,0.0,HIGH-RISK PROVIDER PATTERN,PROVIDER REQUIRING REVIEW,100.0% flagged records
1844771448,PRIOR_AUTH,1,1,100.0,0,1,0,0,0,0,0,28.7,28.7,0.0,HIGH-RISK PROVIDER PATTERN,PROVIDER REQUIRING REVIEW,100.0% flagged records
1846647945,PRIOR_AUTH,1,1,100.0,0,1,0,0,0,0,0,28.68,28.68,0.0,HIGH-RISK PROVIDER PATTERN,PROVIDER REQUIRING REVIEW,100.0% flagged records
1659319135,MEDICAL_CLAIM,3,1,33.33,0,2,1,0,0,0,0,28.67,41.98,0.0,HIGH-RISK PROVIDER PATTERN,PROVIDER REQUIRING REVIEW,33.3% flagged records
1906295304,PRIOR_AUTH,1,1,100.0,0,1,0,0,0,0,0,28.66,28.66,0.0,HIGH-RISK PROVIDER PATTERN,PROVIDER REQUIRING REVIEW,100.0% flagged records
1093288797,MEDICAL_CLAIM,1,1,100.0,0,0,1,0,0,0,0,28.65,28.65,0.0,HIGH-RISK PROVIDER PATTERN,PROVIDER REQUIRING REVIEW,100.0% flagged records
1750657722,MEDICAL_CLAIM,3,2,66.67,0,1,2,0,0,0,0,28.64,36.81,0.0,HIGH-RISK PROVIDER PATTERN,PROVIDER REQUIRING REVIEW,66.7% flagged records
1697897685,PHARMACY_CLAIM,1,1,100.0,0,1,1,0,0,0,0,28.64,28.64,0.0,HIGH-RISK PROVIDER PATTERN,PROVIDER REQUIRING REVIEW,100.0% flagged records
1704577748,PHARMACY_CLAIM,1,1,100.0,0,1,1,0,0,0,0,28.62,28.62,0.0,HIGH-RISK PROVIDER PATTERN,PROVIDER REQUIRING REVIEW,100.0% flagged records
1510216849,PHARMACY_CLAIM,1,1,100.0,0,1,0,0,0,0,0,28.61,28.61,100.0,HIGH-RISK PROVIDER PATTERN,PROVIDER REQUIRING REVIEW,100.0% flagged records; Empirical claim denial rate = 100.0%
1194003657,MEDICAL_CLAIM,4,2,50.0,0,2,3,0,0,0,0,28.6,34.58,0.0,HIGH-RISK PROVIDER PATTERN,PROVIDER REQUIRING REVIEW,50.0% flagged records
1194919993,MEDICAL_CLAIM,2,1,50.0,0,0,3,0,0,0,0,28.6,33.87,0.0,HIGH-RISK PROVIDER PATTERN,PROVIDER REQUIRING REVIEW,50.0% flagged records
1170228880,PHARMACY_CLAIM,1,1,100.0,0,1,0,0,0,0,0,28.6,28.6,0.0,HIGH-RISK PROVIDER PATTERN,PROVIDER REQUIRING REVIEW,100.0% flagged records
1483259798,PHARMACY_CLAIM,1,1,100.0,0,1,0,0,0,0,0,28.6,28.6,0.0,HIGH-RISK PROVIDER PATTERN,PROVIDER REQUIRING REVIEW,100.0% flagged records
1579776187,PHARMACY_CLAIM,1,1,100.0,0,1,0,0,0,0,0,28.59,28.59,0.0,HIGH-RISK PROVIDER PATTERN,PROVIDER REQUIRING REVIEW,100.0% flagged records
1656526621,PHARMACY_CLAIM,1,1,100.0,0,1,0,0,0,0,0,28.59,28.59,100.0,HIGH-RISK PROVIDER PATTERN,PROVIDER REQUIRING REVIEW,100.0% flagged records; Empirical claim denial rate = 100.0%
1678395791,PHARMACY_CLAIM,1,1,100.0,0,1,0,0,0,0,0,28.58,28.58,100.0,HIGH-RISK PROVIDER PATTERN,PROVIDER REQUIRING REVIEW,100.0% flagged records; Empirical claim denial rate = 100.0%
1396314118,MEDICAL_CLAIM,1,1,100.0,0,0,1,0,0,0,0,28.57,28.57,0.0,HIGH-RISK PROVIDER PATTERN,PROVIDER REQUIRING REVIEW,100.0% flagged records
1174525943,MEDICAL_CLAIM,3,1,33.33,0,1,3,0,0,0,0,28.56,37.0,0.0,HIGH-RISK PROVIDER PATTERN,PROVIDER REQUIRING REVIEW,33.3% flagged records
1054413648,PHARMACY_CLAIM,1,1,100.0,0,1,0,0,0,0,0,28.56,28.56,100.0,HIGH-RISK PROVIDER PATTERN,PROVIDER REQUIRING REVIEW,100.0% flagged records; Empirical claim denial rate = 100.0%
1768301479,PRIOR_AUTH,1,1,100.0,0,1,1,0,0,0,0,28.56,28.56,0.0,HIGH-RISK PROVIDER PATTERN,PROVIDER REQUIRING REVIEW,100.0% flagged records
1063433720,MEDICAL_CLAIM,1,1,100.0,0,0,1,0,0,0,0,28.55,28.55,0.0,HIGH-RISK PROVIDER PATTERN,PROVIDER REQUIRING REVIEW,100.0% flagged records
1904750506,PHARMACY_CLAIM,1,1,100.0,0,1,0,0,0,0,0,28.54,28.54,100.0,HIGH-RISK PROVIDER PATTERN,PROVIDER REQUIRING REVIEW,100.0% flagged records; Empirical claim denial rate = 100.0%
1959466149,PHARMACY_CLAIM,1,1,100.0,0,1,1,0,0,0,0,28.53,28.53,0.0,HIGH-RISK PROVIDER PATTERN,PROVIDER REQUIRING REVIEW,100.0% flagged records
1386012359,MEDICAL_CLAIM,1,1,100.0,0,0,1,0,0,0,0,28.52,28.52,0.0,HIGH-RISK PROVIDER PATTERN,PROVIDER REQUIRING REVIEW,100.0% flagged records
1172922417,PHARMACY_CLAIM,1,1,100.0,0,1,0,0,0,0,0,28.5,28.5,0.0,HIGH-RISK PROVIDER PATTERN,PROVIDER REQUIRING REVIEW,100.0% flagged records
1214806504,PHARMACY_CLAIM,1,1,100.0,0,1,0,0,0,0,0,28.5,28.5,100.0,HIGH-RISK PROVIDER PATTERN,PROVIDER REQUIRING REVIEW,100.0% flagged records; Empirical claim denial rate = 100.0%
1232686580,PRIOR_AUTH,1,1,100.0,0,1,0,0,0,0,0,28.49,28.49,100.0,HIGH-RISK PROVIDER PATTERN,PROVIDER REQUIRING REVIEW,100.0% flagged records; Empirical claim denial rate = 100.0%
1222433905,PRIOR_AUTH,1,1,100.0,0,1,0,0,0,0,0,28.48,28.48,0.0,HIGH-RISK PROVIDER PATTERN,PROVIDER REQUIRING REVIEW,100.0% flagged records
1318008037,PRIOR_AUTH,1,1,100.0,0,1,1,0,0,0,0,28.48,28.48,0.0,HIGH-RISK PROVIDER PATTERN,PROVIDER REQUIRING REVIEW,100.0% flagged records
1073192985,MEDICAL_CLAIM,3,1,33.33,0,1,3,0,0,0,0,28.47,37.32,0.0,HIGH-RISK PROVIDER PATTERN,PROVIDER REQUIRING REVIEW,33.3% flagged records
1467669218,MEDICAL_CLAIM,3,2,66.67,0,0,2,0,0,0,0,28.47,36.23,0.0,HIGH-RISK PROVIDER PATTERN,PROVIDER REQUIRING REVIEW,66.7% flagged records
1952351306,MEDICAL_CLAIM,2,1,50.0,0,2,0,0,0,0,0,28.47,38.67,0.0,HIGH-RISK PROVIDER PATTERN,PROVIDER REQUIRING REVIEW,50.0% flagged records
1760426969,MEDICAL_CLAIM,4,3,75.0,0,1,3,0,0,0,0,28.46,38.62,0.0,HIGH-RISK PROVIDER PATTERN,PROVIDER REQUIRING REVIEW,75.0% flagged records
1890718030,PHARMACY_CLAIM,1,1,100.0,0,1,0,0,0,0,0,28.46,28.46,0.0,HIGH-RISK PROVIDER PATTERN,PROVIDER REQUIRING REVIEW,100.0% flagged records
1064701413,PRIOR_AUTH,1,1,100.0,0,1,1,0,0,0,0,28.45,28.45,100.0,HIGH-RISK PROVIDER PATTERN,PROVIDER REQUIRING REVIEW,100.0% flagged records; Empirical claim denial rate = 100.0%
1805599498,PHARMACY_CLAIM,1,1,100.0,0,1,0,0,0,0,0,28.45,28.45,0.0,HIGH-RISK PROVIDER PATTERN,PROVIDER REQUIRING REVIEW,100.0% flagged records
1890721128,PHARMACY_CLAIM,1,1,100.0,0,1,1,0,0,0,0,28.43,28.43,0.0,HIGH-RISK PROVIDER PATTERN,PROVIDER REQUIRING REVIEW,100.0% flagged records
1440236993,PRIOR_AUTH,1,1,100.0,0,1,1,0,0,0,0,28.42,28.42,0.0,HIGH-RISK PROVIDER PATTERN,PROVIDER REQUIRING REVIEW,100.0% flagged records
1984737558,PRIOR_AUTH,1,1,100.0,0,1,1,0,0,0,0,28.42,28.42,0.0,HIGH-RISK PROVIDER PATTERN,PROVIDER REQUIRING REVIEW,100.0% flagged records
1386936180,PHARMACY_CLAIM,1,1,100.0,0,1,0,0,0,0,0,28.41,28.41,100.0,HIGH-RISK PROVIDER PATTERN,PROVIDER REQUIRING REVIEW,100.0% flagged records; Empirical claim denial rate = 100.0%
1586727082,PRIOR_AUTH,1,1,100.0,0,1,0,0,0,0,0,28.41,28.41,0.0,HIGH-RISK PROVIDER PATTERN,PROVIDER REQUIRING REVIEW,100.0% flagged records
1765029199,PRIOR_AUTH,1,1,100.0,0,1,1,0,0,0,0,28.4,28.4,0.0,HIGH-RISK PROVIDER PATTERN,PROVIDER REQUIRING REVIEW,100.0% flagged records
1627607228,PRIOR_AUTH,1,1,100.0,0,1,0,0,0,0,0,28.39,28.39,100.0,HIGH-RISK PROVIDER PATTERN,PROVIDER REQUIRING REVIEW,100.0% flagged records; Empirical claim denial rate = 100.0%
1673376711,PRIOR_AUTH,1,1,100.0,0,1,1,0,0,0,0,28.39,28.39,0.0,HIGH-RISK PROVIDER PATTERN,PROVIDER REQUIRING REVIEW,100.0% flagged records
1910780118,PHARMACY_CLAIM,1,1,100.0,0,1,0,0,0,0,0,28.39,28.39,100.0,HIGH-RISK PROVIDER PATTERN,PROVIDER REQUIRING REVIEW,100.0% flagged records; Empirical claim denial rate = 100.0%
1457410164,PRIOR_AUTH,1,1,100.0,0,1,1,0,0,0,0,28.38,28.38,0.0,HIGH-RISK PROVIDER PATTERN,PROVIDER REQUIRING REVIEW,100.0% flagged records
1669634903,MEDICAL_CLAIM,2,1,50.0,0,1,2,0,0,0,0,28.34,32.02,0.0,HIGH-RISK PROVIDER PATTERN,PROVIDER REQUIRING REVIEW,50.0% flagged records
1462552563,PRIOR_AUTH,1,1,100.0,0,1,0,0,0,0,0,28.34,28.34,0.0,HIGH-RISK PROVIDER PATTERN,PROVIDER REQUIRING REVIEW,100.0% flagged records
1347424171,PHARMACY_CLAIM,1,1,100.0,0,1,0,0,0,0,0,28.33,28.33,100.0,HIGH-RISK PROVIDER PATTERN,PROVIDER REQUIRING REVIEW,100.0% flagged records; Empirical claim denial rate = 100.0%
1763505632,PHARMACY_CLAIM,1,1,100.0,0,0,1,0,0,0,0,28.33,28.33,0.0,HIGH-RISK PROVIDER PATTERN,PROVIDER REQUIRING REVIEW,100.0% flagged records
1855766080,PRIOR_AUTH,1,1,100.0,0,1,1,0,0,0,0,28.32,28.32,0.0,HIGH-RISK PROVIDER PATTERN,PROVIDER REQUIRING REVIEW,100.0% flagged records
1351454881,PHARMACY_CLAIM,1,1,100.0,0,1,0,0,0,0,0,28.31,28.31,100.0,HIGH-RISK PROVIDER PATTERN,PROVIDER REQUIRING REVIEW,100.0% flagged records; Empirical claim denial rate = 100.0%
1151728400,PHARMACY_CLAIM,1,1,100.0,0,1,0,0,0,0,0,28.3,28.3,0.0,HIGH-RISK PROVIDER PATTERN,PROVIDER REQUIRING REVIEW,100.0% flagged records
1518930619,MEDICAL_CLAIM,1,1,100.0,0,0,1,0,0,0,0,28.3,28.3,0.0,HIGH-RISK PROVIDER PATTERN,PROVIDER REQUIRING REVIEW,100.0% flagged records
1752852447,PRIOR_AUTH,1,1,100.0,0,1,0,0,0,0,0,28.3,28.3,100.0,HIGH-RISK PROVIDER PATTERN,PROVIDER REQUIRING REVIEW,100.0% flagged records; Empirical claim denial rate = 100.0%
1028723752,PHARMACY_CLAIM,1,1,100.0,0,1,0,0,0,0,0,28.29,28.29,0.0,HIGH-RISK PROVIDER PATTERN,PROVIDER REQUIRING REVIEW,100.0% flagged records
1403786283,PRIOR_AUTH,1,1,100.0,0,1,0,0,0,0,0,28.29,28.29,100.0,HIGH-RISK PROVIDER PATTERN,PROVIDER REQUIRING REVIEW,100.0% flagged records; Empirical claim denial rate = 100.0%
1328232583,PRIOR_AUTH,1,1,100.0,0,1,0,0,0,0,0,28.26,28.26,0.0,HIGH-RISK PROVIDER PATTERN,PROVIDER REQUIRING REVIEW,100.0% flagged records
1275017915,MEDICAL_CLAIM,1,1,100.0,0,0,1,0,0,0,0,28.25,28.25,0.0,HIGH-RISK PROVIDER PATTERN,PROVIDER REQUIRING REVIEW,100.0% flagged records
1041494158,PHARMACY_CLAIM,1,1,100.0,0,1,0,0,0,0,0,28.24,28.24,100.0,HIGH-RISK PROVIDER PATTERN,PROVIDER REQUIRING REVIEW,100.0% flagged records; Empirical claim denial rate = 100.0%
1007445083,PRIOR_AUTH,1,1,100.0,0,1,0,0,0,0,0,28.23,28.23,0.0,HIGH-RISK PROVIDER PATTERN,PROVIDER REQUIRING REVIEW,100.0% flagged records
1053285774,PHARMACY_CLAIM,1,1,100.0,0,1,0,0,0,0,0,28.23,28.23,0.0,HIGH-RISK PROVIDER PATTERN,PROVIDER REQUIRING REVIEW,100.0% flagged records
1496738293,PHARMACY_CLAIM,1,1,100.0,0,1,0,0,0,0,0,28.23,28.23,100.0,HIGH-RISK PROVIDER PATTERN,PROVIDER REQUIRING REVIEW,100.0% flagged records; Empirical claim denial rate = 100.0%
1407740559,PHARMACY_CLAIM,1,1,100.0,0,1,0,0,0,0,0,28.22,28.22,100.0,HIGH-RISK PROVIDER PATTERN,PROVIDER REQUIRING REVIEW,100.0% flagged records; Empirical claim denial rate = 100.0%
1881705994,MEDICAL_CLAIM,2,1,50.0,0,1,1,0,0,0,0,28.21,35.57,0.0,HIGH-RISK PROVIDER PATTERN,PROVIDER REQUIRING REVIEW,50.0% flagged records
1248216434,PHARMACY_CLAIM,1,1,100.0,0,1,0,0,0,0,0,28.21,28.21,100.0,HIGH-RISK PROVIDER PATTERN,PROVIDER REQUIRING REVIEW,100.0% flagged records; Empirical claim denial rate = 100.0%
1487844860,PHARMACY_CLAIM,1,1,100.0,0,1,1,0,0,0,0,28.21,28.21,0.0,HIGH-RISK PROVIDER PATTERN,PROVIDER REQUIRING REVIEW,100.0% flagged records
1353078012,PRIOR_AUTH,1,1,100.0,0,1,1,0,0,0,0,28.2,28.2,0.0,HIGH-RISK PROVIDER PATTERN,PROVIDER REQUIRING REVIEW,100.0% flagged records
1423591980,PHARMACY_CLAIM,1,1,100.0,0,1,0,0,0,0,0,28.2,28.2,0.0,HIGH-RISK PROVIDER PATTERN,PROVIDER REQUIRING REVIEW,100.0% flagged records
1879522173,PRIOR_AUTH,1,1,100.0,0,1,1,0,0,0,0,28.19,28.19,100.0,HIGH-RISK PROVIDER PATTERN,PROVIDER REQUIRING REVIEW,100.0% flagged records; Empirical claim denial rate = 100.0%
1710051354,MEDICAL_CLAIM,4,2,50.0,0,1,4,0,0,0,0,28.18,41.42,0.0,HIGH-RISK PROVIDER PATTERN,PROVIDER REQUIRING REVIEW,50.0% flagged records
1919530696,PRIOR_AUTH,1,1,100.0,0,1,0,0,0,0,0,28.18,28.18,100.0,HIGH-RISK PROVIDER PATTERN,PROVIDER REQUIRING REVIEW,100.0% flagged records; Empirical claim denial rate = 100.0%
1939166482,PHARMACY_CLAIM,1,1,100.0,0,1,0,0,0,0,0,28.18,28.18,0.0,HIGH-RISK PROVIDER PATTERN,PROVIDER REQUIRING REVIEW,100.0% flagged records
1025899145,PHARMACY_CLAIM,1,1,100.0,0,0,1,1,0,0,0,28.17,28.17,0.0,HIGH-RISK PROVIDER PATTERN,PROVIDER REQUIRING REVIEW,100.0% flagged records
1120302287,PHARMACY_CLAIM,1,1,100.0,0,1,0,0,0,0,0,28.15,28.15,100.0,HIGH-RISK PROVIDER PATTERN,PROVIDER REQUIRING REVIEW,100.0% flagged records; Empirical claim denial rate = 100.0%
1786471075,PHARMACY_CLAIM,1,1,100.0,0,1,0,0,0,0,0,28.13,28.13,0.0,HIGH-RISK PROVIDER PATTERN,PROVIDER REQUIRING REVIEW,100.0% flagged records
1110410568,PHARMACY_CLAIM,1,1,100.0,0,0,1,0,0,0,0,28.12,28.12,0.0,HIGH-RISK PROVIDER PATTERN,PROVIDER REQUIRING REVIEW,100.0% flagged records
1194252700,MEDICAL_CLAIM,7,4,57.14,0,4,3,0,0,0,0,28.11,49.62,0.0,HIGH-RISK PROVIDER PATTERN,PROVIDER REQUIRING REVIEW,57.1% flagged records
1279295176,PRIOR_AUTH,1,1,100.0,0,1,0,0,0,0,0,28.11,28.11,100.0,HIGH-RISK PROVIDER PATTERN,PROVIDER REQUIRING REVIEW,100.0% flagged records; Empirical claim denial rate = 100.0%
1311759655,PRIOR_AUTH,1,1,100.0,0,1,1,0,0,0,0,28.11,28.11,100.0,HIGH-RISK PROVIDER PATTERN,PROVIDER REQUIRING REVIEW,100.0% flagged records; Empirical claim denial rate = 100.0%
1102299490,PHARMACY_CLAIM,1,1,100.0,0,1,0,0,0,0,0,28.1,28.1,0.0,HIGH-RISK PROVIDER PATTERN,PROVIDER REQUIRING REVIEW,100.0% flagged records
1227466083,PHARMACY_CLAIM,1,1,100.0,0,1,0,0,0,0,0,28.09,28.09,0.0,HIGH-RISK PROVIDER PATTERN,PROVIDER REQUIRING REVIEW,100.0% flagged records
1529055708,PRIOR_AUTH,1,1,100.0,0,1,0,0,0,0,0,28.09,28.09,0.0,HIGH-RISK PROVIDER PATTERN,PROVIDER REQUIRING REVIEW,100.0% flagged records
1236740490,PHARMACY_CLAIM,1,1,100.0,0,1,0,0,0,0,0,28.08,28.08,100.0,HIGH-RISK PROVIDER PATTERN,PROVIDER REQUIRING REVIEW,100.0% flagged records; Empirical claim denial rate = 100.0%
1436149747,PHARMACY_CLAIM,1,1,100.0,0,0,1,1,0,0,0,28.08,28.08,0.0,HIGH-RISK PROVIDER PATTERN,PROVIDER REQUIRING REVIEW,100.0% flagged records
1636209676,PRIOR_AUTH,1,1,100.0,0,1,0,0,0,0,0,28.07,28.07,100.0,HIGH-RISK PROVIDER PATTERN,PROVIDER REQUIRING REVIEW,100.0% flagged records; Empirical claim denial rate = 100.0%
1413295063,PRIOR_AUTH,1,1,100.0,0,1,0,0,0,0,0,28.06,28.06,0.0,HIGH-RISK PROVIDER PATTERN,PROVIDER REQUIRING REVIEW,100.0% flagged records
1982402991,PHARMACY_CLAIM,1,1,100.0,0,1,0,0,0,0,0,28.06,28.06,0.0,HIGH-RISK PROVIDER PATTERN,PROVIDER REQUIRING REVIEW,100.0% flagged records
1627830273,PRIOR_AUTH,1,1,100.0,0,1,0,0,0,0,0,28.04,28.04,0.0,HIGH-RISK PROVIDER PATTERN,PROVIDER REQUIRING REVIEW,100.0% flagged records
1851294742,PHARMACY_CLAIM,1,1,100.0,0,1,0,0,0,0,0,28.04,28.04,100.0,HIGH-RISK PROVIDER PATTERN,PROVIDER REQUIRING REVIEW,100.0% flagged records; Empirical claim denial rate = 100.0%
1389204091,PHARMACY_CLAIM,1,1,100.0,0,1,1,0,0,0,0,28.03,28.03,0.0,HIGH-RISK PROVIDER PATTERN,PROVIDER REQUIRING REVIEW,100.0% flagged records
1413341384,PRIOR_AUTH,1,1,100.0,0,1,0,0,0,0,0,28.01,28.01,0.0,HIGH-RISK PROVIDER PATTERN,PROVIDER REQUIRING REVIEW,100.0% flagged records
1336378892,MEDICAL_CLAIM,1,1,100.0,0,0,1,0,0,0,0,27.99,27.99,0.0,HIGH-RISK PROVIDER PATTERN,PROVIDER REQUIRING REVIEW,100.0% flagged records
1740985698,PHARMACY_CLAIM,1,1,100.0,0,1,0,0,0,0,0,27.99,27.99,100.0,HIGH-RISK PROVIDER PATTERN,PROVIDER REQUIRING REVIEW,100.0% flagged records; Empirical claim denial rate = 100.0%
1704160846,PHARMACY_CLAIM,1,1,100.0,0,1,0,0,0,0,0,27.98,27.98,0.0,HIGH-RISK PROVIDER PATTERN,PROVIDER REQUIRING REVIEW,100.0% flagged records
1172584444,PHARMACY_CLAIM,1,1,100.0,0,1,0,0,0,0,0,27.97,27.97,0.0,HIGH-RISK PROVIDER PATTERN,PROVIDER REQUIRING REVIEW,100.0% flagged records
1742251247,PHARMACY_CLAIM,1,1,100.0,0,1,0,0,0,0,0,27.96,27.96,0.0,HIGH-RISK PROVIDER PATTERN,PROVIDER REQUIRING REVIEW,100.0% flagged records
1905666756,PHARMACY_CLAIM,1,1,100.0,0,1,0,0,0,0,0,27.94,27.94,100.0,HIGH-RISK PROVIDER PATTERN,PROVIDER REQUIRING REVIEW,100.0% flagged records; Empirical claim denial rate = 100.0%
1713728052,PHARMACY_CLAIM,1,1,100.0,0,0,1,0,0,0,0,27.93,27.93,0.0,HIGH-RISK PROVIDER PATTERN,PROVIDER REQUIRING REVIEW,100.0% flagged records
1457403503,MEDICAL_CLAIM,1,1,100.0,0,0,1,0,0,0,0,27.91,27.91,0.0,HIGH-RISK PROVIDER PATTERN,PROVIDER REQUIRING REVIEW,100.0% flagged records
1033321989,MEDICAL_CLAIM,3,3,100.0,0,0,3,0,0,0,0,27.89,28.18,0.0,HIGH-RISK PROVIDER PATTERN,PROVIDER REQUIRING REVIEW,100.0% flagged records
1276323973,PRIOR_AUTH,1,1,100.0,0,1,0,0,0,0,0,27.89,27.89,0.0,HIGH-RISK PROVIDER PATTERN,PROVIDER REQUIRING REVIEW,100.0% flagged records
1864816274,PHARMACY_CLAIM,1,1,100.0,0,1,0,0,0,0,0,27.89,27.89,100.0,HIGH-RISK PROVIDER PATTERN,PROVIDER REQUIRING REVIEW,100.0% flagged records; Empirical claim denial rate = 100.0%
1794017755,PHARMACY_CLAIM,1,1,100.0,0,0,1,1,0,0,0,27.88,27.88,0.0,HIGH-RISK PROVIDER PATTERN,PROVIDER REQUIRING REVIEW,100.0% flagged records
1750314183,MEDICAL_CLAIM,3,1,33.33,0,1,3,0,0,0,0,27.87,37.69,0.0,HIGH-RISK PROVIDER PATTERN,PROVIDER REQUIRING REVIEW,33.3% flagged records
1669986998,MEDICAL_CLAIM,11,9,81.82,0,2,9,0,0,0,0,27.86,43.88,0.0,HIGH-RISK PROVIDER PATTERN,PROVIDER REQUIRING REVIEW,81.8% flagged records
1424289004,PHARMACY_CLAIM,1,1,100.0,0,1,0,0,0,0,0,27.83,27.83,100.0,HIGH-RISK PROVIDER PATTERN,PROVIDER REQUIRING REVIEW,100.0% flagged records; Empirical claim denial rate = 100.0%
1216408944,PHARMACY_CLAIM,1,1,100.0,0,1,0,0,0,0,0,27.82,27.82,100.0,HIGH-RISK PROVIDER PATTERN,PROVIDER REQUIRING REVIEW,100.0% flagged records; Empirical claim denial rate = 100.0%
1713308088,PHARMACY_CLAIM,1,1,100.0,0,0,1,0,0,0,0,27.82,27.82,0.0,HIGH-RISK PROVIDER PATTERN,PROVIDER REQUIRING REVIEW,100.0% flagged records
1053980110,MEDICAL_CLAIM,1,1,100.0,0,0,1,0,0,0,0,27.8,27.8,0.0,HIGH-RISK PROVIDER PATTERN,PROVIDER REQUIRING REVIEW,100.0% flagged records
1096381705,PHARMACY_CLAIM,1,1,100.0,0,1,0,0,0,0,0,27.79,27.79,100.0,HIGH-RISK PROVIDER PATTERN,PROVIDER REQUIRING REVIEW,100.0% flagged records; Empirical claim denial rate = 100.0%
1893344847,PHARMACY_CLAIM,1,1,100.0,0,1,0,0,0,0,0,27.79,27.79,0.0,HIGH-RISK PROVIDER PATTERN,PROVIDER REQUIRING REVIEW,100.0% flagged records
1790921429,PHARMACY_CLAIM,1,1,100.0,0,1,0,0,0,0,0,27.75,27.75,100.0,HIGH-RISK PROVIDER PATTERN,PROVIDER REQUIRING REVIEW,100.0% flagged records; Empirical claim denial rate = 100.0%
1518901107,MEDICAL_CLAIM,1,1,100.0,0,1,0,0,0,0,0,27.74,27.74,0.0,HIGH-RISK PROVIDER PATTERN,PROVIDER REQUIRING REVIEW,100.0% flagged records
1083179399,PHARMACY_CLAIM,1,1,100.0,0,1,0,0,0,0,0,27.71,27.71,0.0,HIGH-RISK PROVIDER PATTERN,PROVIDER REQUIRING REVIEW,100.0% flagged records
1500246735,PHARMACY_CLAIM,1,1,100.0,0,1,0,0,0,0,0,27.71,27.71,100.0,HIGH-RISK PROVIDER PATTERN,PROVIDER REQUIRING REVIEW,100.0% flagged records; Empirical claim denial rate = 100.0%
1599366200,PHARMACY_CLAIM,1,1,100.0,0,0,1,0,0,0,0,27.71,27.71,0.0,HIGH-RISK PROVIDER PATTERN,PROVIDER REQUIRING REVIEW,100.0% flagged records
1325914638,PHARMACY_CLAIM,1,1,100.0,0,1,0,0,0,0,0,27.69,27.69,100.0,HIGH-RISK PROVIDER PATTERN,PROVIDER REQUIRING REVIEW,100.0% flagged records; Empirical claim denial rate = 100.0%
1030791650,PHARMACY_CLAIM,1,1,100.0,0,1,0,0,0,0,0,27.68,27.68,100.0,HIGH-RISK PROVIDER PATTERN,PROVIDER REQUIRING REVIEW,100.0% flagged records; Empirical claim denial rate = 100.0%
1679171810,PRIOR_AUTH,1,1,100.0,0,1,1,0,0,0,0,27.68,27.68,0.0,HIGH-RISK PROVIDER PATTERN,PROVIDER REQUIRING REVIEW,100.0% flagged records
1780918045,MEDICAL_CLAIM,1,1,100.0,0,1,0,0,0,0,0,27.68,27.68,0.0,HIGH-RISK PROVIDER PATTERN,PROVIDER REQUIRING REVIEW,100.0% flagged records
1336326248,MEDICAL_CLAIM,1,1,100.0,0,0,1,0,0,0,0,27.67,27.67,0.0,HIGH-RISK PROVIDER PATTERN,PROVIDER REQUIRING REVIEW,100.0% flagged records
1830913989,PHARMACY_CLAIM,1,1,100.0,0,1,0,0,0,0,0,27.66,27.66,100.0,HIGH-RISK PROVIDER PATTERN,PROVIDER REQUIRING REVIEW,100.0% flagged records; Empirical claim denial rate = 100.0%
1820010272,PHARMACY_CLAIM,1,1,100.0,0,1,0,0,0,0,0,27.65,27.65,100.0,HIGH-RISK PROVIDER PATTERN,PROVIDER REQUIRING REVIEW,100.0% flagged records; Empirical claim denial rate = 100.0%
1982607537,MEDICAL_CLAIM,5,3,60.0,0,3,2,0,0,0,0,27.63,40.55,0.0,HIGH-RISK PROVIDER PATTERN,PROVIDER REQUIRING REVIEW,60.0% flagged records
1194087593,MEDICAL_CLAIM,1,1,100.0,0,0,1,0,0,0,0,27.6,27.6,0.0,HIGH-RISK PROVIDER PATTERN,PROVIDER REQUIRING REVIEW,100.0% flagged records
1087601612,PHARMACY_CLAIM,1,1,100.0,0,1,0,0,0,0,0,27.59,27.59,0.0,HIGH-RISK PROVIDER PATTERN,PROVIDER REQUIRING REVIEW,100.0% flagged records
1884491728,PHARMACY_CLAIM,1,1,100.0,0,0,1,1,0,0,0,27.59,27.59,0.0,HIGH-RISK PROVIDER PATTERN,PROVIDER REQUIRING REVIEW,100.0% flagged records
1386942597,MEDICAL_CLAIM,2,1,50.0,0,2,0,0,0,0,0,27.57,32.34,0.0,HIGH-RISK PROVIDER PATTERN,PROVIDER REQUIRING REVIEW,50.0% flagged records
1408904411,PHARMACY_CLAIM,1,1,100.0,0,1,0,0,0,0,0,27.57,27.57,0.0,HIGH-RISK PROVIDER PATTERN,PROVIDER REQUIRING REVIEW,100.0% flagged records
1070436974,PRIOR_AUTH,1,1,100.0,0,1,0,0,0,0,0,27.56,27.56,100.0,HIGH-RISK PROVIDER PATTERN,PROVIDER REQUIRING REVIEW,100.0% flagged records; Empirical claim denial rate = 100.0%
1699473102,PHARMACY_CLAIM,1,1,100.0,0,1,0,0,0,0,0,27.56,27.56,100.0,HIGH-RISK PROVIDER PATTERN,PROVIDER REQUIRING REVIEW,100.0% flagged records; Empirical claim denial rate = 100.0%
1793986798,PHARMACY_CLAIM,1,1,100.0,0,1,0,0,0,0,0,27.54,27.54,100.0,HIGH-RISK PROVIDER PATTERN,PROVIDER REQUIRING REVIEW,100.0% flagged records; Empirical claim denial rate = 100.0%
1568602472,MEDICAL_CLAIM,1,1,100.0,0,0,1,0,0,0,0,27.53,27.53,0.0,HIGH-RISK PROVIDER PATTERN,PROVIDER REQUIRING REVIEW,100.0% flagged records
1711578573,PRIOR_AUTH,1,1,100.0,0,1,0,0,0,0,0,27.53,27.53,0.0,HIGH-RISK PROVIDER PATTERN,PROVIDER REQUIRING REVIEW,100.0% flagged records
1356795271,PHARMACY_CLAIM,1,1,100.0,0,1,0,0,0,0,0,27.52,27.52,100.0,HIGH-RISK PROVIDER PATTERN,PROVIDER REQUIRING REVIEW,100.0% flagged records; Empirical claim denial rate = 100.0%
1504318338,PHARMACY_CLAIM,1,1,100.0,0,1,1,0,0,0,0,27.52,27.52,0.0,HIGH-RISK PROVIDER PATTERN,PROVIDER REQUIRING REVIEW,100.0% flagged records
1740387018,MEDICAL_CLAIM,5,3,60.0,0,3,3,0,0,0,0,27.5,42.14,0.0,HIGH-RISK PROVIDER PATTERN,PROVIDER REQUIRING REVIEW,60.0% flagged records
1031069947,PHARMACY_CLAIM,1,1,100.0,0,1,0,0,0,0,0,27.5,27.5,100.0,HIGH-RISK PROVIDER PATTERN,PROVIDER REQUIRING REVIEW,100.0% flagged records; Empirical claim denial rate = 100.0%
1014987830,PHARMACY_CLAIM,1,1,100.0,0,1,0,0,0,0,0,27.47,27.47,100.0,HIGH-RISK PROVIDER PATTERN,PROVIDER REQUIRING REVIEW,100.0% flagged records; Empirical claim denial rate = 100.0%
1973192425,PHARMACY_CLAIM,1,1,100.0,0,1,0,0,0,0,0,27.47,27.47,0.0,HIGH-RISK PROVIDER PATTERN,PROVIDER REQUIRING REVIEW,100.0% flagged records
1736097729,PHARMACY_CLAIM,1,1,100.0,0,1,0,0,0,0,0,27.46,27.46,100.0,HIGH-RISK PROVIDER PATTERN,PROVIDER REQUIRING REVIEW,100.0% flagged records; Empirical claim denial rate = 100.0%
1655323109,PHARMACY_CLAIM,1,1,100.0,0,1,0,0,0,0,0,27.45,27.45,100.0,HIGH-RISK PROVIDER PATTERN,PROVIDER REQUIRING REVIEW,100.0% flagged records; Empirical claim denial rate = 100.0%
1336101302,MEDICAL_CLAIM,6,4,66.67,0,1,6,0,0,0,0,27.44,36.09,0.0,HIGH-RISK PROVIDER PATTERN,PROVIDER REQUIRING REVIEW,66.7% flagged records
1041360638,PRIOR_AUTH,1,1,100.0,0,1,0,0,0,0,0,27.43,27.43,0.0,HIGH-RISK PROVIDER PATTERN,PROVIDER REQUIRING REVIEW,100.0% flagged records
1408841949,PHARMACY_CLAIM,1,1,100.0,0,1,0,0,0,0,0,27.43,27.43,100.0,HIGH-RISK PROVIDER PATTERN,PROVIDER REQUIRING REVIEW,100.0% flagged records; Empirical claim denial rate = 100.0%
1674715270,PHARMACY_CLAIM,1,1,100.0,0,0,1,1,0,0,0,27.43,27.43,0.0,HIGH-RISK PROVIDER PATTERN,PROVIDER REQUIRING REVIEW,100.0% flagged records
1662589992,PHARMACY_CLAIM,1,1,100.0,0,1,0,0,0,0,0,27.41,27.41,0.0,HIGH-RISK PROVIDER PATTERN,PROVIDER REQUIRING REVIEW,100.0% flagged records
1001071453,PRIOR_AUTH,1,1,100.0,0,1,0,0,0,0,0,27.4,27.4,0.0,HIGH-RISK PROVIDER PATTERN,PROVIDER REQUIRING REVIEW,100.0% flagged records
1335715064,PHARMACY_CLAIM,1,1,100.0,0,1,0,0,0,0,0,27.39,27.39,100.0,HIGH-RISK PROVIDER PATTERN,PROVIDER REQUIRING REVIEW,100.0% flagged records; Empirical claim denial rate = 100.0%
1787055563,PHARMACY_CLAIM,1,1,100.0,0,1,0,0,0,0,0,27.39,27.39,0.0,HIGH-RISK PROVIDER PATTERN,PROVIDER REQUIRING REVIEW,100.0% flagged records
1902897820,MEDICAL_CLAIM,2,1,50.0,0,1,1,0,0,0,0,27.38,30.73,0.0,HIGH-RISK PROVIDER PATTERN,PROVIDER REQUIRING REVIEW,50.0% flagged records
1992755292,MEDICAL_CLAIM,2,1,50.0,0,1,1,0,0,0,0,27.38,30.36,0.0,HIGH-RISK PROVIDER PATTERN,PROVIDER REQUIRING REVIEW,50.0% flagged records
1123580813,PHARMACY_CLAIM,1,1,100.0,0,1,0,0,0,0,0,27.38,27.38,100.0,HIGH-RISK PROVIDER PATTERN,PROVIDER REQUIRING REVIEW,100.0% flagged records; Empirical claim denial rate = 100.0%
1992809305,MEDICAL_CLAIM,1,1,100.0,0,0,1,0,0,0,0,27.38,27.38,0.0,HIGH-RISK PROVIDER PATTERN,PROVIDER REQUIRING REVIEW,100.0% flagged records
1649814138,MEDICAL_CLAIM,3,2,66.67,0,1,2,0,0,0,0,27.37,40.12,0.0,HIGH-RISK PROVIDER PATTERN,PROVIDER REQUIRING REVIEW,66.7% flagged records
1054895866,PHARMACY_CLAIM,1,1,100.0,0,1,0,0,0,0,0,27.37,27.37,0.0,HIGH-RISK PROVIDER PATTERN,PROVIDER REQUIRING REVIEW,100.0% flagged records
1245695774,MEDICAL_CLAIM,7,5,71.43,0,4,4,0,0,0,0,27.36,47.11,0.0,HIGH-RISK PROVIDER PATTERN,PROVIDER REQUIRING REVIEW,71.4% flagged records
1869969626,PHARMACY_CLAIM,1,1,100.0,0,0,1,0,0,0,0,27.36,27.36,0.0,HIGH-RISK PROVIDER PATTERN,PROVIDER REQUIRING REVIEW,100.0% flagged records
1993870900,PHARMACY_CLAIM,1,1,100.0,0,1,0,0,0,0,0,27.36,27.36,100.0,HIGH-RISK PROVIDER PATTERN,PROVIDER REQUIRING REVIEW,100.0% flagged records; Empirical claim denial rate = 100.0%
1851389605,MEDICAL_CLAIM,1,1,100.0,0,0,1,0,0,0,0,27.35,27.35,0.0,HIGH-RISK PROVIDER PATTERN,PROVIDER REQUIRING REVIEW,100.0% flagged records
1169801169,PRIOR_AUTH,1,1,100.0,0,1,1,0,0,0,0,27.32,27.32,0.0,HIGH-RISK PROVIDER PATTERN,PROVIDER REQUIRING REVIEW,100.0% flagged records
1982783338,MEDICAL_CLAIM,2,1,50.0,0,0,2,0,0,0,0,27.31,30.7,0.0,HIGH-RISK PROVIDER PATTERN,PROVIDER REQUIRING REVIEW,50.0% flagged records
1960477764,PHARMACY_CLAIM,1,1,100.0,0,1,0,0,0,0,0,27.31,27.31,100.0,HIGH-RISK PROVIDER PATTERN,PROVIDER REQUIRING REVIEW,100.0% flagged records; Empirical claim denial rate = 100.0%
1105113065,PHARMACY_CLAIM,1,1,100.0,0,1,0,0,0,0,0,27.3,27.3,0.0,HIGH-RISK PROVIDER PATTERN,PROVIDER REQUIRING REVIEW,100.0% flagged records
1814991069,PHARMACY_CLAIM,1,1,100.0,0,1,1,0,0,0,0,27.3,27.3,0.0,HIGH-RISK PROVIDER PATTERN,PROVIDER REQUIRING REVIEW,100.0% flagged records
1221945793,PHARMACY_CLAIM,1,1,100.0,0,1,0,0,0,0,0,27.28,27.28,100.0,HIGH-RISK PROVIDER PATTERN,PROVIDER REQUIRING REVIEW,100.0% flagged records; Empirical claim denial rate = 100.0%
1205013539,MEDICAL_CLAIM,1,1,100.0,0,0,1,0,0,0,0,27.25,27.25,0.0,HIGH-RISK PROVIDER PATTERN,PROVIDER REQUIRING REVIEW,100.0% flagged records
1417025917,MEDICAL_CLAIM,4,3,75.0,0,0,3,0,0,0,0,27.24,38.21,0.0,HIGH-RISK PROVIDER PATTERN,PROVIDER REQUIRING REVIEW,75.0% flagged records
1009819951,PHARMACY_CLAIM,1,1,100.0,0,1,0,0,0,0,0,27.24,27.24,100.0,HIGH-RISK PROVIDER PATTERN,PROVIDER REQUIRING REVIEW,100.0% flagged records; Empirical claim denial rate = 100.0%
1043299001,MEDICAL_CLAIM,1,1,100.0,0,0,1,0,0,0,0,27.24,27.24,0.0,HIGH-RISK PROVIDER PATTERN,PROVIDER REQUIRING REVIEW,100.0% flagged records
1356369078,MEDICAL_CLAIM,4,2,50.0,0,1,2,0,0,0,0,27.23,45.78,0.0,HIGH-RISK PROVIDER PATTERN,PROVIDER REQUIRING REVIEW,50.0% flagged records
1155642915,PHARMACY_CLAIM,1,1,100.0,0,1,0,0,0,0,0,27.23,27.23,100.0,HIGH-RISK PROVIDER PATTERN,PROVIDER REQUIRING REVIEW,100.0% flagged records; Empirical claim denial rate = 100.0%
1530384749,PRIOR_AUTH,1,1,100.0,0,1,0,0,0,0,0,27.23,27.23,0.0,HIGH-RISK PROVIDER PATTERN,PROVIDER REQUIRING REVIEW,100.0% flagged records
1713842218,PRIOR_AUTH,1,1,100.0,0,1,1,0,0,0,0,27.21,27.21,0.0,HIGH-RISK PROVIDER PATTERN,PROVIDER REQUIRING REVIEW,100.0% flagged records
1817907861,PRIOR_AUTH,1,1,100.0,0,1,0,0,0,0,0,27.21,27.21,100.0,HIGH-RISK PROVIDER PATTERN,PROVIDER REQUIRING REVIEW,100.0% flagged records; Empirical claim denial rate = 100.0%
1982151635,MEDICAL_CLAIM,3,2,66.67,0,0,3,0,0,0,0,27.2,31.51,0.0,HIGH-RISK PROVIDER PATTERN,PROVIDER REQUIRING REVIEW,66.7% flagged records
1060796167,PRIOR_AUTH,1,1,100.0,0,1,0,0,0,0,0,27.18,27.18,0.0,HIGH-RISK PROVIDER PATTERN,PROVIDER REQUIRING REVIEW,100.0% flagged records
1039332792,PHARMACY_CLAIM,1,1,100.0,0,0,1,0,0,0,0,27.17,27.17,0.0,HIGH-RISK PROVIDER PATTERN,PROVIDER REQUIRING REVIEW,100.0% flagged records
1033298757,MEDICAL_CLAIM,3,2,66.67,0,0,2,0,0,0,0,27.16,35.62,0.0,HIGH-RISK PROVIDER PATTERN,PROVIDER REQUIRING REVIEW,66.7% flagged records
1580241349,PHARMACY_CLAIM,1,1,100.0,0,0,1,0,0,0,0,27.16,27.16,0.0,HIGH-RISK PROVIDER PATTERN,PROVIDER REQUIRING REVIEW,100.0% flagged records
1889004364,PHARMACY_CLAIM,1,1,100.0,0,1,0,0,0,0,0,27.15,27.15,100.0,HIGH-RISK PROVIDER PATTERN,PROVIDER REQUIRING REVIEW,100.0% flagged records; Empirical claim denial rate = 100.0%
1667567554,PRIOR_AUTH,1,1,100.0,0,1,1,0,0,0,0,27.14,27.14,0.0,HIGH-RISK PROVIDER PATTERN,PROVIDER REQUIRING REVIEW,100.0% flagged records
1258000222,PHARMACY_CLAIM,1,1,100.0,0,1,0,0,0,0,0,27.13,27.13,100.0,HIGH-RISK PROVIDER PATTERN,PROVIDER REQUIRING REVIEW,100.0% flagged records; Empirical claim denial rate = 100.0%
1518441260,MEDICAL_CLAIM,1,1,100.0,0,0,1,0,0,0,0,27.13,27.13,0.0,HIGH-RISK PROVIDER PATTERN,PROVIDER REQUIRING REVIEW,100.0% flagged records
1215136627,PHARMACY_CLAIM,1,1,100.0,0,1,0,0,0,0,0,27.12,27.12,100.0,HIGH-RISK PROVIDER PATTERN,PROVIDER REQUIRING REVIEW,100.0% flagged records; Empirical claim denial rate = 100.0%
1679810469,MEDICAL_CLAIM,1,1,100.0,0,0,1,0,0,0,0,27.12,27.12,0.0,HIGH-RISK PROVIDER PATTERN,PROVIDER REQUIRING REVIEW,100.0% flagged records
1497201347,MEDICAL_CLAIM,3,2,66.67,0,1,1,0,0,0,0,27.11,42.46,0.0,HIGH-RISK PROVIDER PATTERN,PROVIDER REQUIRING REVIEW,66.7% flagged records
1595407861,PHARMACY_CLAIM,1,1,100.0,0,1,0,0,0,0,0,27.11,27.11,100.0,HIGH-RISK PROVIDER PATTERN,PROVIDER REQUIRING REVIEW,100.0% flagged records; Empirical claim denial rate = 100.0%
1475014988,PRIOR_AUTH,1,1,100.0,0,1,1,0,0,0,0,27.1,27.1,0.0,HIGH-RISK PROVIDER PATTERN,PROVIDER REQUIRING REVIEW,100.0% flagged records
1531902955,PHARMACY_CLAIM,1,1,100.0,0,1,0,0,0,0,0,27.1,27.1,100.0,HIGH-RISK PROVIDER PATTERN,PROVIDER REQUIRING REVIEW,100.0% flagged records; Empirical claim denial rate = 100.0%
1681428024,PHARMACY_CLAIM,1,1,100.0,0,1,0,0,0,0,0,27.09,27.09,100.0,HIGH-RISK PROVIDER PATTERN,PROVIDER REQUIRING REVIEW,100.0% flagged records; Empirical claim denial rate = 100.0%
1501623576,PHARMACY_CLAIM,1,1,100.0,0,1,0,0,0,0,0,27.08,27.08,100.0,HIGH-RISK PROVIDER PATTERN,PROVIDER REQUIRING REVIEW,100.0% flagged records; Empirical claim denial rate = 100.0%
1513223101,PHARMACY_CLAIM,1,1,100.0,0,0,1,0,0,0,0,27.08,27.08,0.0,HIGH-RISK PROVIDER PATTERN,PROVIDER REQUIRING REVIEW,100.0% flagged records
1203661316,PHARMACY_CLAIM,1,1,100.0,0,1,0,0,0,0,0,27.06,27.06,0.0,HIGH-RISK PROVIDER PATTERN,PROVIDER REQUIRING REVIEW,100.0% flagged records
1245340264,MEDICAL_CLAIM,2,1,50.0,0,1,1,0,0,0,0,27.05,45.13,0.0,HIGH-RISK PROVIDER PATTERN,PROVIDER REQUIRING REVIEW,50.0% flagged records
1677183262,PHARMACY_CLAIM,1,1,100.0,0,1,0,0,0,0,0,27.03,27.03,100.0,HIGH-RISK PROVIDER PATTERN,PROVIDER REQUIRING REVIEW,100.0% flagged records; Empirical claim denial rate = 100.0%
1813147825,PHARMACY_CLAIM,1,1,100.0,0,1,0,0,0,0,0,27.03,27.03,100.0,HIGH-RISK PROVIDER PATTERN,PROVIDER REQUIRING REVIEW,100.0% flagged records; Empirical claim denial rate = 100.0%
1063999189,PHARMACY_CLAIM,1,1,100.0,0,1,0,0,0,0,0,27.02,27.02,0.0,HIGH-RISK PROVIDER PATTERN,PROVIDER REQUIRING REVIEW,100.0% flagged records
1086057743,PHARMACY_CLAIM,1,1,100.0,0,1,0,0,0,0,0,27.01,27.01,0.0,HIGH-RISK PROVIDER PATTERN,PROVIDER REQUIRING REVIEW,100.0% flagged records
1590574181,PHARMACY_CLAIM,1,1,100.0,0,1,1,0,0,0,0,27.0,27.0,0.0,HIGH-RISK PROVIDER PATTERN,PROVIDER REQUIRING REVIEW,100.0% flagged records
1975833473,PRIOR_AUTH,1,1,100.0,0,1,0,0,0,0,0,27.0,27.0,0.0,HIGH-RISK PROVIDER PATTERN,PROVIDER REQUIRING REVIEW,100.0% flagged records
1953839272,PHARMACY_CLAIM,1,1,100.0,0,1,0,0,0,0,0,26.99,26.99,0.0,HIGH-RISK PROVIDER PATTERN,PROVIDER REQUIRING REVIEW,100.0% flagged records
1538526207,MEDICAL_CLAIM,1,1,100.0,0,0,1,0,0,0,0,26.98,26.98,0.0,HIGH-RISK PROVIDER PATTERN,PROVIDER REQUIRING REVIEW,100.0% flagged records
1639313302,PRIOR_AUTH,1,1,100.0,0,1,1,0,0,0,0,26.98,26.98,0.0,HIGH-RISK PROVIDER PATTERN,PROVIDER REQUIRING REVIEW,100.0% flagged records
1174641658,MEDICAL_CLAIM,4,2,50.0,0,2,1,0,0,0,0,26.95,42.83,0.0,HIGH-RISK PROVIDER PATTERN,PROVIDER REQUIRING REVIEW,50.0% flagged records
1104128487,MEDICAL_CLAIM,3,2,66.67,0,1,2,0,0,0,0,26.95,45.26,0.0,HIGH-RISK PROVIDER PATTERN,PROVIDER REQUIRING REVIEW,66.7% flagged records
1701338403,PHARMACY_CLAIM,1,1,100.0,0,1,0,0,0,0,0,26.95,26.95,0.0,HIGH-RISK PROVIDER PATTERN,PROVIDER REQUIRING REVIEW,100.0% flagged records
1778994088,PHARMACY_CLAIM,1,1,100.0,0,1,0,0,0,0,0,26.95,26.95,100.0,HIGH-RISK PROVIDER PATTERN,PROVIDER REQUIRING REVIEW,100.0% flagged records; Empirical claim denial rate = 100.0%
1248084694,PRIOR_AUTH,1,1,100.0,0,1,0,0,0,0,0,26.94,26.94,0.0,HIGH-RISK PROVIDER PATTERN,PROVIDER REQUIRING REVIEW,100.0% flagged records
1376641884,PRIOR_AUTH,1,1,100.0,0,1,0,0,0,0,0,26.94,26.94,0.0,HIGH-RISK PROVIDER PATTERN,PROVIDER REQUIRING REVIEW,100.0% flagged records
1631777604,PRIOR_AUTH,1,1,100.0,0,1,0,0,0,0,0,26.94,26.94,0.0,HIGH-RISK PROVIDER PATTERN,PROVIDER REQUIRING REVIEW,100.0% flagged records
1600595048,PHARMACY_CLAIM,1,1,100.0,0,1,1,0,0,0,0,26.93,26.93,0.0,HIGH-RISK PROVIDER PATTERN,PROVIDER REQUIRING REVIEW,100.0% flagged records
1364022782,PRIOR_AUTH,1,1,100.0,0,0,1,1,0,0,0,26.91,26.91,0.0,HIGH-RISK PROVIDER PATTERN,PROVIDER REQUIRING REVIEW,100.0% flagged records
1404359253,PRIOR_AUTH,1,1,100.0,0,1,1,0,0,0,0,26.89,26.89,0.0,HIGH-RISK PROVIDER PATTERN,PROVIDER REQUIRING REVIEW,100.0% flagged records
1746999223,PHARMACY_CLAIM,1,1,100.0,0,1,0,0,0,0,0,26.87,26.87,0.0,HIGH-RISK PROVIDER PATTERN,PROVIDER REQUIRING REVIEW,100.0% flagged records
1730132515,MEDICAL_CLAIM,7,5,71.43,0,3,5,0,0,0,0,26.86,40.24,0.0,HIGH-RISK PROVIDER PATTERN,PROVIDER REQUIRING REVIEW,71.4% flagged records
1718815441,PRIOR_AUTH,1,1,100.0,0,1,0,0,0,0,0,26.84,26.84,0.0,HIGH-RISK PROVIDER PATTERN,PROVIDER REQUIRING REVIEW,100.0% flagged records
1376640656,MEDICAL_CLAIM,3,3,100.0,0,0,3,0,0,0,0,26.82,30.09,0.0,HIGH-RISK PROVIDER PATTERN,PROVIDER REQUIRING REVIEW,100.0% flagged records
1720454507,MEDICAL_CLAIM,1,1,100.0,0,0,1,0,0,0,0,26.81,26.81,0.0,HIGH-RISK PROVIDER PATTERN,PROVIDER REQUIRING REVIEW,100.0% flagged records
1263250960,PHARMACY_CLAIM,1,1,100.0,0,1,0,0,0,0,0,26.8,26.8,0.0,HIGH-RISK PROVIDER PATTERN,PROVIDER REQUIRING REVIEW,100.0% flagged records
1391275003,PHARMACY_CLAIM,1,1,100.0,0,1,0,0,0,0,0,26.79,26.79,0.0,HIGH-RISK PROVIDER PATTERN,PROVIDER REQUIRING REVIEW,100.0% flagged records
1093932683,MEDICAL_CLAIM,3,1,33.33,0,1,1,0,0,0,0,26.78,35.12,0.0,HIGH-RISK PROVIDER PATTERN,PROVIDER REQUIRING REVIEW,33.3% flagged records
1801057690,MEDICAL_CLAIM,3,2,66.67,0,1,2,0,0,0,0,26.78,40.04,0.0,HIGH-RISK PROVIDER PATTERN,PROVIDER REQUIRING REVIEW,66.7% flagged records
1542123286,PHARMACY_CLAIM,1,1,100.0,0,1,0,0,0,0,0,26.76,26.76,100.0,HIGH-RISK PROVIDER PATTERN,PROVIDER REQUIRING REVIEW,100.0% flagged records; Empirical claim denial rate = 100.0%
1346772373,MEDICAL_CLAIM,2,1,50.0,0,0,2,0,0,0,0,26.75,29.03,0.0,HIGH-RISK PROVIDER PATTERN,PROVIDER REQUIRING REVIEW,50.0% flagged records
1328502025,PHARMACY_CLAIM,1,1,100.0,0,1,1,0,0,0,0,26.75,26.75,0.0,HIGH-RISK PROVIDER PATTERN,PROVIDER REQUIRING REVIEW,100.0% flagged records
1190857190,PHARMACY_CLAIM,1,1,100.0,0,1,0,0,0,0,0,26.73,26.73,100.0,HIGH-RISK PROVIDER PATTERN,PROVIDER REQUIRING REVIEW,100.0% flagged records; Empirical claim denial rate = 100.0%
1201856973,PHARMACY_CLAIM,1,1,100.0,0,0,1,0,0,0,0,26.72,26.72,0.0,HIGH-RISK PROVIDER PATTERN,PROVIDER REQUIRING REVIEW,100.0% flagged records
1221080022,PHARMACY_CLAIM,1,1,100.0,0,1,0,0,0,0,0,26.72,26.72,100.0,HIGH-RISK PROVIDER PATTERN,PROVIDER REQUIRING REVIEW,100.0% flagged records; Empirical claim denial rate = 100.0%
1326920692,PHARMACY_CLAIM,1,1,100.0,0,0,1,0,0,0,0,26.71,26.71,0.0,HIGH-RISK PROVIDER PATTERN,PROVIDER REQUIRING REVIEW,100.0% flagged records
1600956430,PHARMACY_CLAIM,1,1,100.0,0,0,1,0,0,0,0,26.71,26.71,0.0,HIGH-RISK PROVIDER PATTERN,PROVIDER REQUIRING REVIEW,100.0% flagged records
1546272694,PHARMACY_CLAIM,1,1,100.0,0,1,0,0,0,0,0,26.7,26.7,100.0,HIGH-RISK PROVIDER PATTERN,PROVIDER REQUIRING REVIEW,100.0% flagged records; Empirical claim denial rate = 100.0%
1199459564,PHARMACY_CLAIM,1,1,100.0,0,1,0,0,0,0,0,26.69,26.69,0.0,HIGH-RISK PROVIDER PATTERN,PROVIDER REQUIRING REVIEW,100.0% flagged records
1587079473,PRIOR_AUTH,1,1,100.0,0,1,0,0,0,0,0,26.69,26.69,0.0,HIGH-RISK PROVIDER PATTERN,PROVIDER REQUIRING REVIEW,100.0% flagged records
1386880433,MEDICAL_CLAIM,1,1,100.0,0,0,1,0,0,0,0,26.67,26.67,0.0,HIGH-RISK PROVIDER PATTERN,PROVIDER REQUIRING REVIEW,100.0% flagged records
1396784880,MEDICAL_CLAIM,2,1,50.0,0,1,1,0,0,0,0,26.66,30.96,0.0,HIGH-RISK PROVIDER PATTERN,PROVIDER REQUIRING REVIEW,50.0% flagged records
1699774646,MEDICAL_CLAIM,2,1,50.0,0,2,1,0,0,0,0,26.66,39.6,0.0,HIGH-RISK PROVIDER PATTERN,PROVIDER REQUIRING REVIEW,50.0% flagged records
1487550778,PHARMACY_CLAIM,1,1,100.0,0,0,1,0,0,0,0,26.66,26.66,0.0,HIGH-RISK PROVIDER PATTERN,PROVIDER REQUIRING REVIEW,100.0% flagged records
1375781721,PHARMACY_CLAIM,1,1,100.0,0,1,0,0,0,0,0,26.65,26.65,100.0,HIGH-RISK PROVIDER PATTERN,PROVIDER REQUIRING REVIEW,100.0% flagged records; Empirical claim denial rate = 100.0%
1574035449,PRIOR_AUTH,1,1,100.0,0,1,0,0,0,0,0,26.65,26.65,0.0,HIGH-RISK PROVIDER PATTERN,PROVIDER REQUIRING REVIEW,100.0% flagged records
1780635078,MEDICAL_CLAIM,2,2,100.0,0,0,2,0,0,0,0,26.64,26.68,0.0,HIGH-RISK PROVIDER PATTERN,PROVIDER REQUIRING REVIEW,100.0% flagged records
1085664036,PHARMACY_CLAIM,1,1,100.0,0,1,0,0,0,0,0,26.64,26.64,0.0,HIGH-RISK PROVIDER PATTERN,PROVIDER REQUIRING REVIEW,100.0% flagged records
1860733566,PRIOR_AUTH,1,1,100.0,1,0,0,0,0,0,0,26.64,26.64,0.0,HIGH-RISK PROVIDER PATTERN,PROVIDER REQUIRING REVIEW,100.0% flagged records
1740536036,MEDICAL_CLAIM,1,1,100.0,0,0,1,0,0,0,0,26.61,26.61,0.0,HIGH-RISK PROVIDER PATTERN,PROVIDER REQUIRING REVIEW,100.0% flagged records
1083145981,MEDICAL_CLAIM,7,4,57.14,0,2,7,0,0,0,0,26.59,34.21,0.0,HIGH-RISK PROVIDER PATTERN,PROVIDER REQUIRING REVIEW,57.1% flagged records
1002102734,PRIOR_AUTH,1,1,100.0,0,1,0,0,0,0,0,26.59,26.59,0.0,HIGH-RISK PROVIDER PATTERN,PROVIDER REQUIRING REVIEW,100.0% flagged records
1852978129,PHARMACY_CLAIM,1,1,100.0,0,1,0,0,0,0,0,26.59,26.59,100.0,HIGH-RISK PROVIDER PATTERN,PROVIDER REQUIRING REVIEW,100.0% flagged records; Empirical claim denial rate = 100.0%
1356318091,MEDICAL_CLAIM,5,3,60.0,0,1,4,0,0,0,0,26.56,43.49,0.0,HIGH-RISK PROVIDER PATTERN,PROVIDER REQUIRING REVIEW,60.0% flagged records
1497842553,MEDICAL_CLAIM,5,3,60.0,0,1,3,0,0,0,0,26.55,45.18,0.0,HIGH-RISK PROVIDER PATTERN,PROVIDER REQUIRING REVIEW,60.0% flagged records
1315207675,PHARMACY_CLAIM,1,1,100.0,0,1,0,0,0,0,0,26.55,26.55,100.0,HIGH-RISK PROVIDER PATTERN,PROVIDER REQUIRING REVIEW,100.0% flagged records; Empirical claim denial rate = 100.0%
1770991291,MEDICAL_CLAIM,14,9,64.29,0,3,9,0,0,0,0,26.53,40.97,0.0,HIGH-RISK PROVIDER PATTERN,PROVIDER REQUIRING REVIEW,64.3% flagged records
1708026067,PHARMACY_CLAIM,1,1,100.0,0,1,1,0,0,0,0,26.53,26.53,0.0,HIGH-RISK PROVIDER PATTERN,PROVIDER REQUIRING REVIEW,100.0% flagged records
1052346934,PHARMACY_CLAIM,1,1,100.0,0,1,0,0,0,0,0,26.52,26.52,0.0,HIGH-RISK PROVIDER PATTERN,PROVIDER REQUIRING REVIEW,100.0% flagged records
1607027465,PRIOR_AUTH,1,1,100.0,0,1,1,0,0,0,0,26.52,26.52,0.0,HIGH-RISK PROVIDER PATTERN,PROVIDER REQUIRING REVIEW,100.0% flagged records
1671533297,PRIOR_AUTH,1,1,100.0,0,1,1,0,0,0,0,26.52,26.52,0.0,HIGH-RISK PROVIDER PATTERN,PROVIDER REQUIRING REVIEW,100.0% flagged records
1645339864,PHARMACY_CLAIM,1,1,100.0,0,0,1,0,0,0,0,26.51,26.51,0.0,HIGH-RISK PROVIDER PATTERN,PROVIDER REQUIRING REVIEW,100.0% flagged records
1496717042,PHARMACY_CLAIM,1,1,100.0,0,1,0,0,0,0,0,26.5,26.5,100.0,HIGH-RISK PROVIDER PATTERN,PROVIDER REQUIRING REVIEW,100.0% flagged records; Empirical claim denial rate = 100.0%
1560236450,PHARMACY_CLAIM,1,1,100.0,0,1,0,0,0,0,0,26.48,26.48,100.0,HIGH-RISK PROVIDER PATTERN,PROVIDER REQUIRING REVIEW,100.0% flagged records; Empirical claim denial rate = 100.0%
1211352307,PHARMACY_CLAIM,1,1,100.0,0,0,1,0,0,0,0,26.46,26.46,0.0,HIGH-RISK PROVIDER PATTERN,PROVIDER REQUIRING REVIEW,100.0% flagged records
1292143628,PHARMACY_CLAIM,1,1,100.0,0,1,0,0,0,0,0,26.44,26.44,100.0,HIGH-RISK PROVIDER PATTERN,PROVIDER REQUIRING REVIEW,100.0% flagged records; Empirical claim denial rate = 100.0%
1520389456,PRIOR_AUTH,1,1,100.0,0,1,1,0,0,0,0,26.44,26.44,0.0,HIGH-RISK PROVIDER PATTERN,PROVIDER REQUIRING REVIEW,100.0% flagged records
1553885483,PHARMACY_CLAIM,1,1,100.0,0,0,1,0,0,0,0,26.43,26.43,0.0,HIGH-RISK PROVIDER PATTERN,PROVIDER REQUIRING REVIEW,100.0% flagged records
1194767269,MEDICAL_CLAIM,2,1,50.0,0,0,2,0,0,0,0,26.41,29.27,0.0,HIGH-RISK PROVIDER PATTERN,PROVIDER REQUIRING REVIEW,50.0% flagged records
1449532037,PHARMACY_CLAIM,1,1,100.0,0,1,1,0,0,0,0,26.41,26.41,0.0,HIGH-RISK PROVIDER PATTERN,PROVIDER REQUIRING REVIEW,100.0% flagged records
1529207673,PRIOR_AUTH,1,1,100.0,0,1,0,0,0,0,0,26.41,26.41,0.0,HIGH-RISK PROVIDER PATTERN,PROVIDER REQUIRING REVIEW,100.0% flagged records
1905457496,PHARMACY_CLAIM,1,1,100.0,0,1,0,0,0,0,0,26.41,26.41,0.0,HIGH-RISK PROVIDER PATTERN,PROVIDER REQUIRING REVIEW,100.0% flagged records
1060023928,PHARMACY_CLAIM,1,1,100.0,0,1,0,0,0,0,0,26.4,26.4,0.0,HIGH-RISK PROVIDER PATTERN,PROVIDER REQUIRING REVIEW,100.0% flagged records
1297745692,PHARMACY_CLAIM,1,1,100.0,0,1,0,0,0,0,0,26.4,26.4,100.0,HIGH-RISK PROVIDER PATTERN,PROVIDER REQUIRING REVIEW,100.0% flagged records; Empirical claim denial rate = 100.0%
1356676514,MEDICAL_CLAIM,3,1,33.33,0,1,2,0,0,0,0,26.39,49.07,0.0,HIGH-RISK PROVIDER PATTERN,PROVIDER REQUIRING REVIEW,33.3% flagged records
1721698034,PHARMACY_CLAIM,1,1,100.0,0,1,0,0,0,0,0,26.39,26.39,0.0,HIGH-RISK PROVIDER PATTERN,PROVIDER REQUIRING REVIEW,100.0% flagged records
1609231927,MEDICAL_CLAIM,1,1,100.0,0,0,1,0,0,0,0,26.38,26.38,0.0,HIGH-RISK PROVIDER PATTERN,PROVIDER REQUIRING REVIEW,100.0% flagged records
1392746013,PHARMACY_CLAIM,1,1,100.0,0,0,1,0,0,0,0,26.37,26.37,0.0,HIGH-RISK PROVIDER PATTERN,PROVIDER REQUIRING REVIEW,100.0% flagged records
1305985416,PHARMACY_CLAIM,1,1,100.0,0,0,1,0,0,0,0,26.35,26.35,0.0,HIGH-RISK PROVIDER PATTERN,PROVIDER REQUIRING REVIEW,100.0% flagged records
1394228108,PRIOR_AUTH,1,1,100.0,0,1,0,0,0,0,0,26.34,26.34,0.0,HIGH-RISK PROVIDER PATTERN,PROVIDER REQUIRING REVIEW,100.0% flagged records
1808572086,PRIOR_AUTH,1,1,100.0,0,1,1,0,0,0,0,26.33,26.33,0.0,HIGH-RISK PROVIDER PATTERN,PROVIDER REQUIRING REVIEW,100.0% flagged records
1275647752,MEDICAL_CLAIM,1,1,100.0,0,0,1,0,0,0,0,26.32,26.32,0.0,HIGH-RISK PROVIDER PATTERN,PROVIDER REQUIRING REVIEW,100.0% flagged records
1698900339,PHARMACY_CLAIM,1,1,100.0,0,1,0,0,0,0,0,26.32,26.32,0.0,HIGH-RISK PROVIDER PATTERN,PROVIDER REQUIRING REVIEW,100.0% flagged records
1417336264,MEDICAL_CLAIM,3,1,33.33,0,2,0,0,0,0,0,26.31,42.59,0.0,HIGH-RISK PROVIDER PATTERN,PROVIDER REQUIRING REVIEW,33.3% flagged records
1477131878,MEDICAL_CLAIM,1,1,100.0,0,0,1,0,0,0,0,26.31,26.31,0.0,HIGH-RISK PROVIDER PATTERN,PROVIDER REQUIRING REVIEW,100.0% flagged records
1861652604,MEDICAL_CLAIM,10,8,80.0,0,6,2,0,0,0,0,26.3,37.93,0.0,HIGH-RISK PROVIDER PATTERN,PROVIDER REQUIRING REVIEW,80.0% flagged records
1211968137,PHARMACY_CLAIM,1,1,100.0,0,0,1,1,0,0,0,26.3,26.3,0.0,HIGH-RISK PROVIDER PATTERN,PROVIDER REQUIRING REVIEW,100.0% flagged records
1955717909,PHARMACY_CLAIM,1,1,100.0,0,0,1,0,0,0,0,26.3,26.3,0.0,HIGH-RISK PROVIDER PATTERN,PROVIDER REQUIRING REVIEW,100.0% flagged records
1390059464,PRIOR_AUTH,1,1,100.0,0,1,0,0,0,0,0,26.29,26.29,0.0,HIGH-RISK PROVIDER PATTERN,PROVIDER REQUIRING REVIEW,100.0% flagged records
1035053821,PHARMACY_CLAIM,1,1,100.0,0,0,1,0,0,0,0,26.28,26.28,0.0,HIGH-RISK PROVIDER PATTERN,PROVIDER REQUIRING REVIEW,100.0% flagged records
1084257936,PHARMACY_CLAIM,1,1,100.0,0,1,0,0,0,0,0,26.26,26.26,100.0,HIGH-RISK PROVIDER PATTERN,PROVIDER REQUIRING REVIEW,100.0% flagged records; Empirical claim denial rate = 100.0%
1635513237,PHARMACY_CLAIM,1,1,100.0,0,0,1,0,0,0,0,26.25,26.25,0.0,HIGH-RISK PROVIDER PATTERN,PROVIDER REQUIRING REVIEW,100.0% flagged records
1976921263,PRIOR_AUTH,1,1,100.0,0,1,0,0,0,0,0,26.24,26.24,0.0,HIGH-RISK PROVIDER PATTERN,PROVIDER REQUIRING REVIEW,100.0% flagged records
1083984587,MEDICAL_CLAIM,1,1,100.0,0,0,1,0,0,0,0,26.23,26.23,0.0,HIGH-RISK PROVIDER PATTERN,PROVIDER REQUIRING REVIEW,100.0% flagged records
1518398049,MEDICAL_CLAIM,1,1,100.0,0,0,1,0,0,0,0,26.22,26.22,0.0,HIGH-RISK PROVIDER PATTERN,PROVIDER REQUIRING REVIEW,100.0% flagged records
1926950648,PRIOR_AUTH,1,1,100.0,0,1,0,0,0,0,0,26.22,26.22,0.0,HIGH-RISK PROVIDER PATTERN,PROVIDER REQUIRING REVIEW,100.0% flagged records
1111991513,PRIOR_AUTH,1,1,100.0,0,1,0,0,0,0,0,26.19,26.19,0.0,HIGH-RISK PROVIDER PATTERN,PROVIDER REQUIRING REVIEW,100.0% flagged records
1216561025,PHARMACY_CLAIM,1,1,100.0,0,1,0,0,0,0,0,26.19,26.19,0.0,HIGH-RISK PROVIDER PATTERN,PROVIDER REQUIRING REVIEW,100.0% flagged records
1675116879,PRIOR_AUTH,1,1,100.0,0,1,1,0,0,0,0,26.19,26.19,0.0,HIGH-RISK PROVIDER PATTERN,PROVIDER REQUIRING REVIEW,100.0% flagged records
1826794827,PRIOR_AUTH,1,1,100.0,0,1,0,0,0,0,0,26.19,26.19,0.0,HIGH-RISK PROVIDER PATTERN,PROVIDER REQUIRING REVIEW,100.0% flagged records
1365532080,PHARMACY_CLAIM,1,1,100.0,0,1,0,0,0,0,0,26.18,26.18,100.0,HIGH-RISK PROVIDER PATTERN,PROVIDER REQUIRING REVIEW,100.0% flagged records; Empirical claim denial rate = 100.0%
1614162374,PHARMACY_CLAIM,1,1,100.0,0,0,1,0,0,0,0,26.17,26.17,0.0,HIGH-RISK PROVIDER PATTERN,PROVIDER REQUIRING REVIEW,100.0% flagged records
1952756884,MEDICAL_CLAIM,2,1,50.0,0,1,1,0,0,0,0,26.16,30.38,0.0,HIGH-RISK PROVIDER PATTERN,PROVIDER REQUIRING REVIEW,50.0% flagged records
1526224047,PHARMACY_CLAIM,1,1,100.0,0,0,1,0,0,0,0,26.15,26.15,0.0,HIGH-RISK PROVIDER PATTERN,PROVIDER REQUIRING REVIEW,100.0% flagged records
1601770522,PRIOR_AUTH,1,1,100.0,0,1,0,0,0,0,0,26.15,26.15,0.0,HIGH-RISK PROVIDER PATTERN,PROVIDER REQUIRING REVIEW,100.0% flagged records
1912960758,MEDICAL_CLAIM,2,1,50.0,0,0,2,0,0,0,0,26.14,27.51,0.0,HIGH-RISK PROVIDER PATTERN,PROVIDER REQUIRING REVIEW,50.0% flagged records
1046019618,PHARMACY_CLAIM,1,1,100.0,0,1,1,0,0,0,0,26.13,26.13,0.0,HIGH-RISK PROVIDER PATTERN,PROVIDER REQUIRING REVIEW,100.0% flagged records
1999579440,PHARMACY_CLAIM,1,1,100.0,0,0,1,0,0,0,0,26.13,26.13,0.0,HIGH-RISK PROVIDER PATTERN,PROVIDER REQUIRING REVIEW,100.0% flagged records
1191609953,PHARMACY_CLAIM,1,1,100.0,0,1,0,0,0,0,0,26.12,26.12,0.0,HIGH-RISK PROVIDER PATTERN,PROVIDER REQUIRING REVIEW,100.0% flagged records
1122010285,PRIOR_AUTH,1,1,100.0,0,1,0,0,0,0,0,26.1,26.1,0.0,HIGH-RISK PROVIDER PATTERN,PROVIDER REQUIRING REVIEW,100.0% flagged records
1548745383,MEDICAL_CLAIM,1,1,100.0,0,0,1,0,0,0,0,26.09,26.09,0.0,HIGH-RISK PROVIDER PATTERN,PROVIDER REQUIRING REVIEW,100.0% flagged records
1949532923,PHARMACY_CLAIM,1,1,100.0,0,0,1,0,0,0,0,26.08,26.08,0.0,HIGH-RISK PROVIDER PATTERN,PROVIDER REQUIRING REVIEW,100.0% flagged records
1760695878,MEDICAL_CLAIM,1,1,100.0,0,0,1,0,0,0,0,26.07,26.07,0.0,HIGH-RISK PROVIDER PATTERN,PROVIDER REQUIRING REVIEW,100.0% flagged records
1886122872,PHARMACY_CLAIM,1,1,100.0,0,1,0,0,0,0,0,26.06,26.06,100.0,HIGH-RISK PROVIDER PATTERN,PROVIDER REQUIRING REVIEW,100.0% flagged records; Empirical claim denial rate = 100.0%
1669802419,MEDICAL_CLAIM,3,1,33.33,0,0,3,0,0,0,0,26.05,30.78,0.0,HIGH-RISK PROVIDER PATTERN,PROVIDER REQUIRING REVIEW,33.3% flagged records
1188660413,PRIOR_AUTH,1,1,100.0,0,1,0,0,0,0,0,26.04,26.04,0.0,HIGH-RISK PROVIDER PATTERN,PROVIDER REQUIRING REVIEW,100.0% flagged records
1382257456,PRIOR_AUTH,1,1,100.0,0,1,0,0,0,0,0,26.04,26.04,0.0,HIGH-RISK PROVIDER PATTERN,PROVIDER REQUIRING REVIEW,100.0% flagged records
1649384196,PHARMACY_CLAIM,1,1,100.0,0,0,1,0,0,0,0,26.04,26.04,0.0,HIGH-RISK PROVIDER PATTERN,PROVIDER REQUIRING REVIEW,100.0% flagged records
1962531004,MEDICAL_CLAIM,1,1,100.0,0,0,1,0,0,0,0,26.04,26.04,0.0,HIGH-RISK PROVIDER PATTERN,PROVIDER REQUIRING REVIEW,100.0% flagged records
1678169191,PHARMACY_CLAIM,1,1,100.0,0,1,0,0,0,0,0,26.03,26.03,100.0,HIGH-RISK PROVIDER PATTERN,PROVIDER REQUIRING REVIEW,100.0% flagged records; Empirical claim denial rate = 100.0%
1902214133,MEDICAL_CLAIM,1,1,100.0,0,0,1,0,0,0,0,26.02,26.02,0.0,HIGH-RISK PROVIDER PATTERN,PROVIDER REQUIRING REVIEW,100.0% flagged records
1620913168,PHARMACY_CLAIM,1,1,100.0,0,0,1,0,0,0,0,26.0,26.0,0.0,HIGH-RISK PROVIDER PATTERN,PROVIDER REQUIRING REVIEW,100.0% flagged records
1553905204,PHARMACY_CLAIM,1,1,100.0,0,1,0,0,0,0,0,25.99,25.99,100.0,HIGH-RISK PROVIDER PATTERN,PROVIDER REQUIRING REVIEW,100.0% flagged records; Empirical claim denial rate = 100.0%
1849211547,PHARMACY_CLAIM,1,1,100.0,0,1,0,0,0,0,0,25.96,25.96,100.0,HIGH-RISK PROVIDER PATTERN,PROVIDER REQUIRING REVIEW,100.0% flagged records; Empirical claim denial rate = 100.0%
1194283382,MEDICAL_CLAIM,1,1,100.0,0,0,1,0,0,0,0,25.95,25.95,0.0,HIGH-RISK PROVIDER PATTERN,PROVIDER REQUIRING REVIEW,100.0% flagged records
1462286750,PHARMACY_CLAIM,1,1,100.0,0,0,1,1,0,0,0,25.93,25.93,0.0,HIGH-RISK PROVIDER PATTERN,PROVIDER REQUIRING REVIEW,100.0% flagged records
1257366193,PHARMACY_CLAIM,1,1,100.0,0,0,1,0,0,0,0,25.92,25.92,0.0,HIGH-RISK PROVIDER PATTERN,PROVIDER REQUIRING REVIEW,100.0% flagged records
1919791177,PHARMACY_CLAIM,1,1,100.0,0,1,0,0,0,0,0,25.92,25.92,100.0,HIGH-RISK PROVIDER PATTERN,PROVIDER REQUIRING REVIEW,100.0% flagged records; Empirical claim denial rate = 100.0%
1472857244,PHARMACY_CLAIM,1,1,100.0,0,1,0,0,0,0,0,25.91,25.91,0.0,HIGH-RISK PROVIDER PATTERN,PROVIDER REQUIRING REVIEW,100.0% flagged records
1765746766,PHARMACY_CLAIM,1,1,100.0,0,1,0,0,0,0,0,25.91,25.91,100.0,HIGH-RISK PROVIDER PATTERN,PROVIDER REQUIRING REVIEW,100.0% flagged records; Empirical claim denial rate = 100.0%
1574095929,PHARMACY_CLAIM,1,1,100.0,0,1,1,0,0,0,0,25.9,25.9,0.0,HIGH-RISK PROVIDER PATTERN,PROVIDER REQUIRING REVIEW,100.0% flagged records
1244580265,PHARMACY_CLAIM,1,1,100.0,0,0,1,0,0,0,0,25.89,25.89,0.0,HIGH-RISK PROVIDER PATTERN,PROVIDER REQUIRING REVIEW,100.0% flagged records
1467801235,PHARMACY_CLAIM,1,1,100.0,0,1,0,0,0,0,0,25.88,25.88,0.0,HIGH-RISK PROVIDER PATTERN,PROVIDER REQUIRING REVIEW,100.0% flagged records
1301422024,PHARMACY_CLAIM,1,1,100.0,0,1,0,0,0,0,0,25.87,25.87,0.0,HIGH-RISK PROVIDER PATTERN,PROVIDER REQUIRING REVIEW,100.0% flagged records
1465448393,PHARMACY_CLAIM,1,1,100.0,0,0,1,0,0,0,0,25.87,25.87,0.0,HIGH-RISK PROVIDER PATTERN,PROVIDER REQUIRING REVIEW,100.0% flagged records
1881982510,MEDICAL_CLAIM,1,1,100.0,0,0,1,0,0,0,0,25.87,25.87,0.0,HIGH-RISK PROVIDER PATTERN,PROVIDER REQUIRING REVIEW,100.0% flagged records
1990503192,PHARMACY_CLAIM,1,1,100.0,0,1,0,0,0,0,0,25.86,25.86,100.0,HIGH-RISK PROVIDER PATTERN,PROVIDER REQUIRING REVIEW,100.0% flagged records; Empirical claim denial rate = 100.0%
1174718050,MEDICAL_CLAIM,3,2,66.67,0,1,2,0,0,0,0,25.85,42.91,0.0,HIGH-RISK PROVIDER PATTERN,PROVIDER REQUIRING REVIEW,66.7% flagged records
1620418075,PHARMACY_CLAIM,1,1,100.0,0,0,1,0,0,0,0,25.85,25.85,0.0,HIGH-RISK PROVIDER PATTERN,PROVIDER REQUIRING REVIEW,100.0% flagged records
1649884441,PHARMACY_CLAIM,1,1,100.0,0,1,0,0,0,0,0,25.85,25.85,0.0,HIGH-RISK PROVIDER PATTERN,PROVIDER REQUIRING REVIEW,100.0% flagged records
1782007317,PHARMACY_CLAIM,1,1,100.0,0,1,0,0,0,0,0,25.85,25.85,100.0,HIGH-RISK PROVIDER PATTERN,PROVIDER REQUIRING REVIEW,100.0% flagged records; Empirical claim denial rate = 100.0%
1005351646,PHARMACY_CLAIM,1,1,100.0,0,1,0,0,0,0,0,25.84,25.84,0.0,HIGH-RISK PROVIDER PATTERN,PROVIDER REQUIRING REVIEW,100.0% flagged records
1278766780,PRIOR_AUTH,1,1,100.0,0,1,1,0,0,0,0,25.84,25.84,0.0,HIGH-RISK PROVIDER PATTERN,PROVIDER REQUIRING REVIEW,100.0% flagged records
1598756686,MEDICAL_CLAIM,1,1,100.0,0,0,1,0,0,0,0,25.84,25.84,0.0,HIGH-RISK PROVIDER PATTERN,PROVIDER REQUIRING REVIEW,100.0% flagged records
1144890013,MEDICAL_CLAIM,1,1,100.0,0,0,1,0,0,0,0,25.83,25.83,0.0,HIGH-RISK PROVIDER PATTERN,PROVIDER REQUIRING REVIEW,100.0% flagged records
1542079348,PHARMACY_CLAIM,1,1,100.0,0,0,1,0,0,0,0,25.83,25.83,0.0,HIGH-RISK PROVIDER PATTERN,PROVIDER REQUIRING REVIEW,100.0% flagged records
1356391635,MEDICAL_CLAIM,2,1,50.0,0,0,2,0,0,0,0,25.82,27.65,0.0,HIGH-RISK PROVIDER PATTERN,PROVIDER REQUIRING REVIEW,50.0% flagged records
1452542010,PHARMACY_CLAIM,1,1,100.0,0,1,0,0,0,0,0,25.82,25.82,100.0,HIGH-RISK PROVIDER PATTERN,PROVIDER REQUIRING REVIEW,100.0% flagged records; Empirical claim denial rate = 100.0%
1760823397,MEDICAL_CLAIM,1,1,100.0,0,0,1,0,0,0,0,25.82,25.82,0.0,HIGH-RISK PROVIDER PATTERN,PROVIDER REQUIRING REVIEW,100.0% flagged records
1194064543,MEDICAL_CLAIM,4,2,50.0,0,1,3,0,0,0,0,25.81,34.23,0.0,HIGH-RISK PROVIDER PATTERN,PROVIDER REQUIRING REVIEW,50.0% flagged records
1376725952,MEDICAL_CLAIM,3,2,66.67,0,2,2,0,0,0,0,25.81,37.24,0.0,HIGH-RISK PROVIDER PATTERN,PROVIDER REQUIRING REVIEW,66.7% flagged records
1497801153,MEDICAL_CLAIM,3,2,66.67,0,0,2,0,0,0,0,25.81,35.32,0.0,HIGH-RISK PROVIDER PATTERN,PROVIDER REQUIRING REVIEW,66.7% flagged records
1889219873,PHARMACY_CLAIM,1,1,100.0,0,0,1,0,0,0,0,25.81,25.81,0.0,HIGH-RISK PROVIDER PATTERN,PROVIDER REQUIRING REVIEW,100.0% flagged records
1946791760,PHARMACY_CLAIM,1,1,100.0,0,1,0,0,0,0,0,25.81,25.81,100.0,HIGH-RISK PROVIDER PATTERN,PROVIDER REQUIRING REVIEW,100.0% flagged records; Empirical claim denial rate = 100.0%
1412413437,PHARMACY_CLAIM,1,1,100.0,0,0,1,0,0,0,0,25.8,25.8,0.0,HIGH-RISK PROVIDER PATTERN,PROVIDER REQUIRING REVIEW,100.0% flagged records
1740271022,MEDICAL_CLAIM,1,1,100.0,0,0,1,0,0,0,0,25.8,25.8,0.0,HIGH-RISK PROVIDER PATTERN,PROVIDER REQUIRING REVIEW,100.0% flagged records
1679646509,MEDICAL_CLAIM,3,1,33.33,0,0,3,0,0,0,0,25.77,28.13,0.0,HIGH-RISK PROVIDER PATTERN,PROVIDER REQUIRING REVIEW,33.3% flagged records
1609120682,MEDICAL_CLAIM,2,1,50.0,0,0,2,0,0,0,0,25.77,26.77,0.0,HIGH-RISK PROVIDER PATTERN,PROVIDER REQUIRING REVIEW,50.0% flagged records
1337691237,PHARMACY_CLAIM,1,1,100.0,0,0,1,0,0,0,0,25.76,25.76,0.0,HIGH-RISK PROVIDER PATTERN,PROVIDER REQUIRING REVIEW,100.0% flagged records
1877791094,PHARMACY_CLAIM,1,1,100.0,0,1,0,0,0,0,0,25.76,25.76,100.0,HIGH-RISK PROVIDER PATTERN,PROVIDER REQUIRING REVIEW,100.0% flagged records; Empirical claim denial rate = 100.0%
1126623554,PRIOR_AUTH,1,1,100.0,0,1,0,0,0,0,0,25.75,25.75,0.0,HIGH-RISK PROVIDER PATTERN,PROVIDER REQUIRING REVIEW,100.0% flagged records
1574382862,PHARMACY_CLAIM,1,1,100.0,0,0,1,0,0,0,0,25.74,25.74,0.0,HIGH-RISK PROVIDER PATTERN,PROVIDER REQUIRING REVIEW,100.0% flagged records
1609057223,MEDICAL_CLAIM,1,1,100.0,0,0,1,0,0,0,0,25.73,25.73,0.0,HIGH-RISK PROVIDER PATTERN,PROVIDER REQUIRING REVIEW,100.0% flagged records
1672145483,PHARMACY_CLAIM,1,1,100.0,0,1,0,0,0,0,0,25.73,25.73,100.0,HIGH-RISK PROVIDER PATTERN,PROVIDER REQUIRING REVIEW,100.0% flagged records; Empirical claim denial rate = 100.0%
1678065907,PRIOR_AUTH,1,1,100.0,0,1,0,0,0,0,0,25.72,25.72,0.0,HIGH-RISK PROVIDER PATTERN,PROVIDER REQUIRING REVIEW,100.0% flagged records
1824285414,PHARMACY_CLAIM,1,1,100.0,0,1,0,0,0,0,0,25.72,25.72,100.0,HIGH-RISK PROVIDER PATTERN,PROVIDER REQUIRING REVIEW,100.0% flagged records; Empirical claim denial rate = 100.0%
1124224928,MEDICAL_CLAIM,1,1,100.0,0,0,1,0,0,0,0,25.7,25.7,0.0,HIGH-RISK PROVIDER PATTERN,PROVIDER REQUIRING REVIEW,100.0% flagged records
1457304966,MEDICAL_CLAIM,4,2,50.0,0,0,3,0,0,0,0,25.69,31.41,0.0,HIGH-RISK PROVIDER PATTERN,PROVIDER REQUIRING REVIEW,50.0% flagged records
1608604261,PHARMACY_CLAIM,1,1,100.0,0,0,1,0,0,0,0,25.69,25.69,0.0,HIGH-RISK PROVIDER PATTERN,PROVIDER REQUIRING REVIEW,100.0% flagged records
1957638687,PRIOR_AUTH,1,1,100.0,0,1,0,0,0,0,0,25.69,25.69,0.0,HIGH-RISK PROVIDER PATTERN,PROVIDER REQUIRING REVIEW,100.0% flagged records
1641515468,PRIOR_AUTH,1,1,100.0,0,1,0,0,0,0,0,25.66,25.66,0.0,HIGH-RISK PROVIDER PATTERN,PROVIDER REQUIRING REVIEW,100.0% flagged records
1881261832,MEDICAL_CLAIM,1,1,100.0,0,0,1,0,0,0,0,25.66,25.66,0.0,HIGH-RISK PROVIDER PATTERN,PROVIDER REQUIRING REVIEW,100.0% flagged records
1631224819,PRIOR_AUTH,1,1,100.0,0,1,0,0,0,0,0,25.65,25.65,0.0,HIGH-RISK PROVIDER PATTERN,PROVIDER REQUIRING REVIEW,100.0% flagged records
1322330113,PHARMACY_CLAIM,1,1,100.0,0,0,1,0,0,0,0,25.64,25.64,0.0,HIGH-RISK PROVIDER PATTERN,PROVIDER REQUIRING REVIEW,100.0% flagged records
1723410885,PRIOR_AUTH,1,1,100.0,0,1,0,0,0,0,0,25.64,25.64,0.0,HIGH-RISK PROVIDER PATTERN,PROVIDER REQUIRING REVIEW,100.0% flagged records
1572274391,PHARMACY_CLAIM,1,1,100.0,0,1,0,0,0,0,0,25.63,25.63,100.0,HIGH-RISK PROVIDER PATTERN,PROVIDER REQUIRING REVIEW,100.0% flagged records; Empirical claim denial rate = 100.0%
1392177513,PRIOR_AUTH,1,1,100.0,0,1,0,0,0,0,0,25.62,25.62,0.0,HIGH-RISK PROVIDER PATTERN,PROVIDER REQUIRING REVIEW,100.0% flagged records
1700895367,PRIOR_AUTH,1,1,100.0,0,1,0,0,0,0,0,25.62,25.62,0.0,HIGH-RISK PROVIDER PATTERN,PROVIDER REQUIRING REVIEW,100.0% flagged records
1845359947,PHARMACY_CLAIM,1,1,100.0,0,1,0,0,0,0,0,25.62,25.62,100.0,HIGH-RISK PROVIDER PATTERN,PROVIDER REQUIRING REVIEW,100.0% flagged records; Empirical claim denial rate = 100.0%
1926005596,PHARMACY_CLAIM,1,1,100.0,0,0,1,0,0,0,0,25.61,25.61,0.0,HIGH-RISK PROVIDER PATTERN,PROVIDER REQUIRING REVIEW,100.0% flagged records
1163176662,PHARMACY_CLAIM,1,1,100.0,0,1,0,0,0,0,0,25.6,25.6,100.0,HIGH-RISK PROVIDER PATTERN,PROVIDER REQUIRING REVIEW,100.0% flagged records; Empirical claim denial rate = 100.0%
1664703147,PRIOR_AUTH,1,1,100.0,0,1,1,0,0,0,0,25.6,25.6,0.0,HIGH-RISK PROVIDER PATTERN,PROVIDER REQUIRING REVIEW,100.0% flagged records
1286510734,PHARMACY_CLAIM,1,1,100.0,0,1,0,0,0,0,0,25.59,25.59,0.0,HIGH-RISK PROVIDER PATTERN,PROVIDER REQUIRING REVIEW,100.0% flagged records
1720059389,MEDICAL_CLAIM,1,1,100.0,0,0,1,0,0,0,0,25.58,25.58,0.0,HIGH-RISK PROVIDER PATTERN,PROVIDER REQUIRING REVIEW,100.0% flagged records
1630975771,PRIOR_AUTH,1,1,100.0,0,1,1,0,0,0,0,25.57,25.57,0.0,HIGH-RISK PROVIDER PATTERN,PROVIDER REQUIRING REVIEW,100.0% flagged records
1018308835,PHARMACY_CLAIM,1,1,100.0,0,1,1,0,0,0,0,25.56,25.56,0.0,HIGH-RISK PROVIDER PATTERN,PROVIDER REQUIRING REVIEW,100.0% flagged records
1119639604,PHARMACY_CLAIM,1,1,100.0,0,1,0,0,0,0,0,25.55,25.55,100.0,HIGH-RISK PROVIDER PATTERN,PROVIDER REQUIRING REVIEW,100.0% flagged records; Empirical claim denial rate = 100.0%
1235372707,MEDICAL_CLAIM,1,1,100.0,0,0,1,0,0,0,0,25.55,25.55,0.0,HIGH-RISK PROVIDER PATTERN,PROVIDER REQUIRING REVIEW,100.0% flagged records
1878997904,PHARMACY_CLAIM,1,1,100.0,0,1,0,0,0,0,0,25.55,25.55,100.0,HIGH-RISK PROVIDER PATTERN,PROVIDER REQUIRING REVIEW,100.0% flagged records; Empirical claim denial rate = 100.0%
1655663646,PHARMACY_CLAIM,1,1,100.0,0,1,0,0,0,0,0,25.54,25.54,100.0,HIGH-RISK PROVIDER PATTERN,PROVIDER REQUIRING REVIEW,100.0% flagged records; Empirical claim denial rate = 100.0%
1922350968,PHARMACY_CLAIM,1,1,100.0,0,0,1,0,0,0,0,25.54,25.54,0.0,HIGH-RISK PROVIDER PATTERN,PROVIDER REQUIRING REVIEW,100.0% flagged records
1916184040,PHARMACY_CLAIM,1,1,100.0,0,0,1,0,0,0,0,25.53,25.53,0.0,HIGH-RISK PROVIDER PATTERN,PROVIDER REQUIRING REVIEW,100.0% flagged records
1497161483,MEDICAL_CLAIM,4,3,75.0,0,0,3,0,0,0,0,25.51,34.25,0.0,HIGH-RISK PROVIDER PATTERN,PROVIDER REQUIRING REVIEW,75.0% flagged records
1255006862,MEDICAL_CLAIM,5,2,40.0,0,2,4,0,0,0,0,25.5,48.62,0.0,HIGH-RISK PROVIDER PATTERN,PROVIDER REQUIRING REVIEW,40.0% flagged records
1126835390,PHARMACY_CLAIM,1,1,100.0,0,1,0,0,0,0,0,25.5,25.5,100.0,HIGH-RISK PROVIDER PATTERN,PROVIDER REQUIRING REVIEW,100.0% flagged records; Empirical claim denial rate = 100.0%
1351667190,PHARMACY_CLAIM,1,1,100.0,0,1,0,0,0,0,0,25.5,25.5,0.0,HIGH-RISK PROVIDER PATTERN,PROVIDER REQUIRING REVIEW,100.0% flagged records
1917382814,PHARMACY_CLAIM,1,1,100.0,0,0,1,0,0,0,0,25.47,25.47,0.0,HIGH-RISK PROVIDER PATTERN,PROVIDER REQUIRING REVIEW,100.0% flagged records
1422383448,PRIOR_AUTH,1,1,100.0,0,1,0,0,0,0,0,25.46,25.46,0.0,HIGH-RISK PROVIDER PATTERN,PROVIDER REQUIRING REVIEW,100.0% flagged records
1674932797,PHARMACY_CLAIM,1,1,100.0,0,1,0,0,0,0,0,25.46,25.46,100.0,HIGH-RISK PROVIDER PATTERN,PROVIDER REQUIRING REVIEW,100.0% flagged records; Empirical claim denial rate = 100.0%
1063723617,MEDICAL_CLAIM,3,1,33.33,0,2,2,0,0,0,0,25.45,39.23,0.0,HIGH-RISK PROVIDER PATTERN,PROVIDER REQUIRING REVIEW,33.3% flagged records
1396105300,MEDICAL_CLAIM,3,2,66.67,0,0,2,0,0,0,0,25.44,27.93,0.0,HIGH-RISK PROVIDER PATTERN,PROVIDER REQUIRING REVIEW,66.7% flagged records
1134512650,MEDICAL_CLAIM,1,1,100.0,0,0,1,0,0,0,0,25.44,25.44,0.0,HIGH-RISK PROVIDER PATTERN,PROVIDER REQUIRING REVIEW,100.0% flagged records
1603252460,PRIOR_AUTH,1,1,100.0,0,1,0,0,0,0,0,25.44,25.44,0.0,HIGH-RISK PROVIDER PATTERN,PROVIDER REQUIRING REVIEW,100.0% flagged records
1299164392,PRIOR_AUTH,1,1,100.0,0,1,1,0,0,0,0,25.43,25.43,0.0,HIGH-RISK PROVIDER PATTERN,PROVIDER REQUIRING REVIEW,100.0% flagged records
1698382246,PHARMACY_CLAIM,1,1,100.0,0,1,0,0,0,0,0,25.42,25.42,0.0,HIGH-RISK PROVIDER PATTERN,PROVIDER REQUIRING REVIEW,100.0% flagged records
1739726065,PHARMACY_CLAIM,1,1,100.0,0,0,1,0,0,0,0,25.42,25.42,0.0,HIGH-RISK PROVIDER PATTERN,PROVIDER REQUIRING REVIEW,100.0% flagged records
1155887216,PRIOR_AUTH,1,1,100.0,0,1,0,0,0,0,0,25.41,25.41,0.0,HIGH-RISK PROVIDER PATTERN,PROVIDER REQUIRING REVIEW,100.0% flagged records
1201596640,PRIOR_AUTH,1,1,100.0,0,1,0,0,0,0,0,25.41,25.41,0.0,HIGH-RISK PROVIDER PATTERN,PROVIDER REQUIRING REVIEW,100.0% flagged records
1470348290,PRIOR_AUTH,1,1,100.0,0,1,0,0,0,0,0,25.41,25.41,0.0,HIGH-RISK PROVIDER PATTERN,PROVIDER REQUIRING REVIEW,100.0% flagged records
1581858840,PRIOR_AUTH,1,1,100.0,0,1,1,0,0,0,0,25.41,25.41,0.0,HIGH-RISK PROVIDER PATTERN,PROVIDER REQUIRING REVIEW,100.0% flagged records
1909509049,PHARMACY_CLAIM,1,1,100.0,0,0,1,0,0,0,0,25.41,25.41,0.0,HIGH-RISK PROVIDER PATTERN,PROVIDER REQUIRING REVIEW,100.0% flagged records
1733004905,PRIOR_AUTH,1,1,100.0,0,1,0,0,0,0,0,25.39,25.39,100.0,HIGH-RISK PROVIDER PATTERN,PROVIDER REQUIRING REVIEW,100.0% flagged records; Empirical claim denial rate = 100.0%
1225113442,MEDICAL_CLAIM,2,1,50.0,0,0,2,0,0,0,0,25.38,27.39,0.0,HIGH-RISK PROVIDER PATTERN,PROVIDER REQUIRING REVIEW,50.0% flagged records
1553143832,PHARMACY_CLAIM,1,1,100.0,0,1,0,0,0,0,0,25.38,25.38,100.0,HIGH-RISK PROVIDER PATTERN,PROVIDER REQUIRING REVIEW,100.0% flagged records; Empirical claim denial rate = 100.0%
1797537146,PRIOR_AUTH,1,1,100.0,0,1,0,0,0,0,0,25.38,25.38,0.0,HIGH-RISK PROVIDER PATTERN,PROVIDER REQUIRING REVIEW,100.0% flagged records
1770744013,MEDICAL_CLAIM,5,3,60.0,0,1,4,0,0,0,0,25.36,28.71,0.0,HIGH-RISK PROVIDER PATTERN,PROVIDER REQUIRING REVIEW,60.0% flagged records
1164501896,MEDICAL_CLAIM,3,2,66.67,0,1,2,0,0,0,0,25.35,39.25,0.0,HIGH-RISK PROVIDER PATTERN,PROVIDER REQUIRING REVIEW,66.7% flagged records
1701740720,PHARMACY_CLAIM,1,1,100.0,0,1,0,0,0,0,0,25.35,25.35,0.0,HIGH-RISK PROVIDER PATTERN,PROVIDER REQUIRING REVIEW,100.0% flagged records
1104200492,MEDICAL_CLAIM,1,1,100.0,0,0,1,0,0,0,0,25.34,25.34,0.0,HIGH-RISK PROVIDER PATTERN,PROVIDER REQUIRING REVIEW,100.0% flagged records
1447221247,MEDICAL_CLAIM,2,1,50.0,0,0,2,0,0,0,0,25.33,27.27,0.0,HIGH-RISK PROVIDER PATTERN,PROVIDER REQUIRING REVIEW,50.0% flagged records
1447540315,MEDICAL_CLAIM,11,6,54.55,0,3,7,0,0,0,0,25.32,45.66,0.0,HIGH-RISK PROVIDER PATTERN,PROVIDER REQUIRING REVIEW,54.5% flagged records
1124078019,MEDICAL_CLAIM,5,3,60.0,0,1,3,0,0,0,0,25.32,35.84,0.0,HIGH-RISK PROVIDER PATTERN,PROVIDER REQUIRING REVIEW,60.0% flagged records
1643449811,PRIOR_AUTH,1,1,100.0,0,1,0,0,0,0,0,25.31,25.31,0.0,HIGH-RISK PROVIDER PATTERN,PROVIDER REQUIRING REVIEW,100.0% flagged records
1881935884,PRIOR_AUTH,1,1,100.0,0,1,0,0,0,0,0,25.28,25.28,0.0,HIGH-RISK PROVIDER PATTERN,PROVIDER REQUIRING REVIEW,100.0% flagged records
1812862829,PHARMACY_CLAIM,1,1,100.0,0,0,1,0,0,0,0,25.27,25.27,0.0,HIGH-RISK PROVIDER PATTERN,PROVIDER REQUIRING REVIEW,100.0% flagged records
1034931755,PHARMACY_CLAIM,1,1,100.0,0,0,1,0,0,0,0,25.26,25.26,0.0,HIGH-RISK PROVIDER PATTERN,PROVIDER REQUIRING REVIEW,100.0% flagged records
1564126862,PHARMACY_CLAIM,1,1,100.0,0,1,0,0,0,0,0,25.25,25.25,100.0,HIGH-RISK PROVIDER PATTERN,PROVIDER REQUIRING REVIEW,100.0% flagged records; Empirical claim denial rate = 100.0%
1800932874,PRIOR_AUTH,1,1,100.0,0,1,0,0,0,0,0,25.25,25.25,0.0,HIGH-RISK PROVIDER PATTERN,PROVIDER REQUIRING REVIEW,100.0% flagged records
1190681153,PHARMACY_CLAIM,1,1,100.0,0,0,1,0,0,0,0,25.24,25.24,0.0,HIGH-RISK PROVIDER PATTERN,PROVIDER REQUIRING REVIEW,100.0% flagged records
1992049449,PHARMACY_CLAIM,1,1,100.0,0,1,0,0,0,0,0,25.24,25.24,0.0,HIGH-RISK PROVIDER PATTERN,PROVIDER REQUIRING REVIEW,100.0% flagged records
1182547694,PRIOR_AUTH,1,1,100.0,0,1,0,0,0,0,0,25.23,25.23,0.0,HIGH-RISK PROVIDER PATTERN,PROVIDER REQUIRING REVIEW,100.0% flagged records
1220734975,PRIOR_AUTH,1,1,100.0,0,1,0,0,0,0,0,25.23,25.23,0.0,HIGH-RISK PROVIDER PATTERN,PROVIDER REQUIRING REVIEW,100.0% flagged records
1356970391,PHARMACY_CLAIM,1,1,100.0,0,1,0,0,0,0,0,25.23,25.23,100.0,HIGH-RISK PROVIDER PATTERN,PROVIDER REQUIRING REVIEW,100.0% flagged records; Empirical claim denial rate = 100.0%
1612782851,PRIOR_AUTH,1,1,100.0,0,1,0,0,0,0,0,25.23,25.23,0.0,HIGH-RISK PROVIDER PATTERN,PROVIDER REQUIRING REVIEW,100.0% flagged records
1790236010,PRIOR_AUTH,1,1,100.0,0,1,1,0,0,0,0,25.23,25.23,0.0,HIGH-RISK PROVIDER PATTERN,PROVIDER REQUIRING REVIEW,100.0% flagged records
1689921306,MEDICAL_CLAIM,3,2,66.67,0,1,2,0,0,0,0,25.19,42.42,0.0,HIGH-RISK PROVIDER PATTERN,PROVIDER REQUIRING REVIEW,66.7% flagged records
1134243771,PHARMACY_CLAIM,1,1,100.0,0,1,0,0,0,0,0,25.19,25.19,100.0,HIGH-RISK PROVIDER PATTERN,PROVIDER REQUIRING REVIEW,100.0% flagged records; Empirical claim denial rate = 100.0%
1649728198,PHARMACY_CLAIM,1,1,100.0,0,0,1,0,0,0,0,25.19,25.19,0.0,HIGH-RISK PROVIDER PATTERN,PROVIDER REQUIRING REVIEW,100.0% flagged records
1073583472,MEDICAL_CLAIM,17,9,52.94,0,6,10,0,0,0,0,25.18,43.82,0.0,HIGH-RISK PROVIDER PATTERN,PROVIDER REQUIRING REVIEW,52.9% flagged records
1235116470,PRIOR_AUTH,1,1,100.0,0,1,0,0,0,0,0,25.18,25.18,0.0,HIGH-RISK PROVIDER PATTERN,PROVIDER REQUIRING REVIEW,100.0% flagged records
1596742438,PRIOR_AUTH,1,1,100.0,0,1,1,0,0,0,0,25.18,25.18,0.0,HIGH-RISK PROVIDER PATTERN,PROVIDER REQUIRING REVIEW,100.0% flagged records
1394310966,PRIOR_AUTH,1,1,100.0,0,1,0,0,0,0,0,25.14,25.14,0.0,HIGH-RISK PROVIDER PATTERN,PROVIDER REQUIRING REVIEW,100.0% flagged records
1693022719,PRIOR_AUTH,1,1,100.0,0,1,0,0,0,0,0,25.14,25.14,0.0,HIGH-RISK PROVIDER PATTERN,PROVIDER REQUIRING REVIEW,100.0% flagged records
1772438173,PRIOR_AUTH,1,1,100.0,0,1,0,0,0,0,0,25.14,25.14,0.0,HIGH-RISK PROVIDER PATTERN,PROVIDER REQUIRING REVIEW,100.0% flagged records
1937079654,PRIOR_AUTH,1,1,100.0,0,1,0,0,0,0,0,25.14,25.14,0.0,HIGH-RISK PROVIDER PATTERN,PROVIDER REQUIRING REVIEW,100.0% flagged records
1993541553,PRIOR_AUTH,1,1,100.0,0,1,0,0,0,0,0,25.14,25.14,0.0,HIGH-RISK PROVIDER PATTERN,PROVIDER REQUIRING REVIEW,100.0% flagged records
1134527708,MEDICAL_CLAIM,3,2,66.67,0,0,2,0,0,0,0,25.13,36.51,0.0,HIGH-RISK PROVIDER PATTERN,PROVIDER REQUIRING REVIEW,66.7% flagged records
1356482970,MEDICAL_CLAIM,9,5,55.56,0,4,6,0,0,0,0,25.12,45.01,0.0,HIGH-RISK PROVIDER PATTERN,PROVIDER REQUIRING REVIEW,55.6% flagged records
1881087336,MEDICAL_CLAIM,5,2,40.0,0,0,3,0,0,0,0,25.12,41.4,0.0,HIGH-RISK PROVIDER PATTERN,PROVIDER REQUIRING REVIEW,40.0% flagged records
1318989439,PHARMACY_CLAIM,1,1,100.0,0,0,1,0,0,0,0,25.12,25.12,0.0,HIGH-RISK PROVIDER PATTERN,PROVIDER REQUIRING REVIEW,100.0% flagged records
1596537383,PHARMACY_CLAIM,1,1,100.0,0,1,0,0,0,0,0,25.11,25.11,100.0,HIGH-RISK PROVIDER PATTERN,PROVIDER REQUIRING REVIEW,100.0% flagged records; Empirical claim denial rate = 100.0%
1526163443,PHARMACY_CLAIM,1,1,100.0,0,0,1,0,0,0,0,25.1,25.1,0.0,HIGH-RISK PROVIDER PATTERN,PROVIDER REQUIRING REVIEW,100.0% flagged records
1690228073,PHARMACY_CLAIM,1,1,100.0,0,0,1,0,0,0,0,25.09,25.09,0.0,HIGH-RISK PROVIDER PATTERN,PROVIDER REQUIRING REVIEW,100.0% flagged records
1548750573,MEDICAL_CLAIM,4,2,50.0,0,2,3,0,0,0,0,25.08,36.73,0.0,HIGH-RISK PROVIDER PATTERN,PROVIDER REQUIRING REVIEW,50.0% flagged records
1582307248,PHARMACY_CLAIM,1,1,100.0,0,1,0,0,0,0,0,25.08,25.08,100.0,HIGH-RISK PROVIDER PATTERN,PROVIDER REQUIRING REVIEW,100.0% flagged records; Empirical claim denial rate = 100.0%
1700900867,MEDICAL_CLAIM,1,1,100.0,0,0,1,0,0,0,0,25.07,25.07,0.0,HIGH-RISK PROVIDER PATTERN,PROVIDER REQUIRING REVIEW,100.0% flagged records
1045433105,PHARMACY_CLAIM,1,1,100.0,0,1,0,0,0,0,0,25.06,25.06,100.0,HIGH-RISK PROVIDER PATTERN,PROVIDER REQUIRING REVIEW,100.0% flagged records; Empirical claim denial rate = 100.0%
1144419813,MEDICAL_CLAIM,1,1,100.0,0,0,1,0,0,0,0,25.06,25.06,0.0,HIGH-RISK PROVIDER PATTERN,PROVIDER REQUIRING REVIEW,100.0% flagged records
1771669828,PHARMACY_CLAIM,1,1,100.0,0,0,1,0,0,0,0,25.05,25.05,0.0,HIGH-RISK PROVIDER PATTERN,PROVIDER REQUIRING REVIEW,100.0% flagged records
1043315286,MEDICAL_CLAIM,3,2,66.67,0,0,2,1,0,0,0,25.02,46.21,0.0,HIGH-RISK PROVIDER PATTERN,PROVIDER REQUIRING REVIEW,66.7% flagged records
1922423359,MEDICAL_CLAIM,2,1,50.0,0,0,2,0,0,0,0,25.01,27.21,0.0,HIGH-RISK PROVIDER PATTERN,PROVIDER REQUIRING REVIEW,50.0% flagged records
1871671990,MEDICAL_CLAIM,5,3,60.0,0,2,1,0,0,0,0,25.0,49.47,0.0,HIGH-RISK PROVIDER PATTERN,PROVIDER REQUIRING REVIEW,60.0% flagged records
1286435537,PRIOR_AUTH,1,1,100.0,0,1,0,0,0,0,0,25.0,25.0,100.0,HIGH-RISK PROVIDER PATTERN,PROVIDER REQUIRING REVIEW,100.0% flagged records; Empirical claim denial rate = 100.0%
1768196427,PHARMACY_CLAIM,1,0,0.0,0,0,1,0,0,0,0,24.99,24.99,0.0,LOW-RISK PROVIDER PATTERN,NORMAL,No suspicious patterns identified
1851015693,PHARMACY_CLAIM,1,0,0.0,0,0,1,0,0,0,0,24.98,24.98,0.0,LOW-RISK PROVIDER PATTERN,NORMAL,No suspicious patterns identified
1730668419,MEDICAL_CLAIM,2,1,50.0,0,1,1,0,0,0,0,24.97,41.33,0.0,HIGH-RISK PROVIDER PATTERN,PROVIDER REQUIRING REVIEW,50.0% flagged records
1068668303,PHARMACY_CLAIM,1,0,0.0,0,1,1,0,0,0,0,24.97,24.97,0.0,LOW-RISK PROVIDER PATTERN,NORMAL,No suspicious patterns identified
1246996458,PHARMACY_CLAIM,1,0,0.0,0,0,1,0,0,0,0,24.97,24.97,0.0,LOW-RISK PROVIDER PATTERN,NORMAL,No suspicious patterns identified
1029538249,PHARMACY_CLAIM,1,0,0.0,0,0,1,0,0,0,0,24.95,24.95,0.0,LOW-RISK PROVIDER PATTERN,NORMAL,No suspicious patterns identified
1495830592,PHARMACY_CLAIM,1,0,0.0,0,1,0,0,0,0,0,24.95,24.95,0.0,LOW-RISK PROVIDER PATTERN,NORMAL,No suspicious patterns identified
1407889652,MEDICAL_CLAIM,3,1,33.33,0,0,3,0,0,0,0,24.93,28.19,0.0,HIGH-RISK PROVIDER PATTERN,PROVIDER REQUIRING REVIEW,33.3% flagged records
1019297389,PHARMACY_CLAIM,1,0,0.0,0,0,1,0,0,0,0,24.93,24.93,0.0,LOW-RISK PROVIDER PATTERN,NORMAL,No suspicious patterns identified
1549878406,PRIOR_AUTH,1,0,0.0,0,1,0,0,0,0,0,24.93,24.93,0.0,LOW-RISK PROVIDER PATTERN,NORMAL,No suspicious patterns identified
1992867006,MEDICAL_CLAIM,1,0,0.0,0,0,1,0,0,0,0,24.93,24.93,0.0,LOW-RISK PROVIDER PATTERN,NORMAL,No suspicious patterns identified
1786075221,PHARMACY_CLAIM,1,0,0.0,0,0,1,0,0,0,0,24.91,24.91,0.0,LOW-RISK PROVIDER PATTERN,NORMAL,No suspicious patterns identified
1231434441,PHARMACY_CLAIM,1,0,0.0,0,0,1,0,0,0,0,24.9,24.9,0.0,LOW-RISK PROVIDER PATTERN,NORMAL,No suspicious patterns identified
1645075010,PRIOR_AUTH,1,0,0.0,0,1,1,0,0,0,0,24.89,24.89,0.0,LOW-RISK PROVIDER PATTERN,NORMAL,No suspicious patterns identified
1897358325,PRIOR_AUTH,1,0,0.0,0,1,1,0,0,0,0,24.87,24.87,0.0,LOW-RISK PROVIDER PATTERN,NORMAL,No suspicious patterns identified
1920497872,PRIOR_AUTH,1,0,0.0,0,1,1,0,0,0,0,24.87,24.87,0.0,LOW-RISK PROVIDER PATTERN,NORMAL,No suspicious patterns identified
1734837275,PHARMACY_CLAIM,1,0,0.0,0,0,1,0,0,0,0,24.85,24.85,0.0,LOW-RISK PROVIDER PATTERN,NORMAL,No suspicious patterns identified
1432758346,PRIOR_AUTH,1,0,0.0,0,1,0,0,0,0,0,24.84,24.84,0.0,LOW-RISK PROVIDER PATTERN,NORMAL,No suspicious patterns identified
1205219003,MEDICAL_CLAIM,2,1,50.0,0,1,2,0,0,0,0,24.82,37.09,0.0,HIGH-RISK PROVIDER PATTERN,PROVIDER REQUIRING REVIEW,50.0% flagged records
1643381922,PHARMACY_CLAIM,1,0,0.0,0,1,0,0,0,0,0,24.82,24.82,0.0,LOW-RISK PROVIDER PATTERN,NORMAL,No suspicious patterns identified
1534163059,PRIOR_AUTH,1,0,0.0,0,1,1,0,0,0,0,24.81,24.81,0.0,LOW-RISK PROVIDER PATTERN,NORMAL,No suspicious patterns identified
1609298751,MEDICAL_CLAIM,1,0,0.0,0,0,1,0,0,0,0,24.81,24.81,0.0,LOW-RISK PROVIDER PATTERN,NORMAL,No suspicious patterns identified
1636992530,PRIOR_AUTH,1,0,0.0,0,1,1,0,0,0,0,24.81,24.81,0.0,LOW-RISK PROVIDER PATTERN,NORMAL,No suspicious patterns identified
1265858773,MEDICAL_CLAIM,6,2,33.33,0,4,2,0,0,0,0,24.79,37.88,0.0,HIGH-RISK PROVIDER PATTERN,PROVIDER REQUIRING REVIEW,33.3% flagged records
1770048217,MEDICAL_CLAIM,2,1,50.0,0,1,1,0,0,0,0,24.79,38.53,0.0,HIGH-RISK PROVIDER PATTERN,PROVIDER REQUIRING REVIEW,50.0% flagged records
1399922285,PHARMACY_CLAIM,1,0,0.0,0,0,1,1,0,0,0,24.79,24.79,0.0,LOW-RISK PROVIDER PATTERN,NORMAL,No suspicious patterns identified
1851806079,MEDICAL_CLAIM,2,1,50.0,0,0,1,0,0,0,0,24.78,44.97,0.0,HIGH-RISK PROVIDER PATTERN,PROVIDER REQUIRING REVIEW,50.0% flagged records
1084637848,PRIOR_AUTH,1,0,0.0,0,1,0,0,0,0,0,24.78,24.78,0.0,LOW-RISK PROVIDER PATTERN,NORMAL,No suspicious patterns identified
1854588630,PHARMACY_CLAIM,1,0,0.0,0,1,0,0,0,0,0,24.77,24.77,0.0,LOW-RISK PROVIDER PATTERN,NORMAL,No suspicious patterns identified
1200895389,PRIOR_AUTH,1,0,0.0,0,0,0,0,0,0,0,24.75,24.75,0.0,LOW-RISK PROVIDER PATTERN,NORMAL,No suspicious patterns identified
1790855187,MEDICAL_CLAIM,2,1,50.0,0,1,1,1,0,0,0,24.74,45.99,0.0,HIGH-RISK PROVIDER PATTERN,PROVIDER REQUIRING REVIEW,50.0% flagged records
1785481085,PHARMACY_CLAIM,1,0,0.0,0,1,0,0,0,0,0,24.74,24.74,100.0,LOW-RISK PROVIDER PATTERN,NORMAL,Empirical claim denial rate = 100.0%
1048095381,PHARMACY_CLAIM,1,0,0.0,0,0,1,0,0,0,0,24.73,24.73,0.0,LOW-RISK PROVIDER PATTERN,NORMAL,No suspicious patterns identified
1307407603,PRIOR_AUTH,1,0,0.0,0,1,0,0,0,0,0,24.73,24.73,0.0,LOW-RISK PROVIDER PATTERN,NORMAL,No suspicious patterns identified
1474479679,PRIOR_AUTH,1,0,0.0,0,1,1,0,0,0,0,24.73,24.73,0.0,LOW-RISK PROVIDER PATTERN,NORMAL,No suspicious patterns identified
1194174482,MEDICAL_CLAIM,3,1,33.33,0,0,3,0,0,0,0,24.71,26.72,0.0,HIGH-RISK PROVIDER PATTERN,PROVIDER REQUIRING REVIEW,33.3% flagged records
1831868493,PHARMACY_CLAIM,1,0,0.0,0,0,1,0,0,0,0,24.69,24.69,0.0,LOW-RISK PROVIDER PATTERN,NORMAL,No suspicious patterns identified
1174549786,MEDICAL_CLAIM,6,2,33.33,0,5,3,0,0,0,0,24.67,37.13,0.0,HIGH-RISK PROVIDER PATTERN,PROVIDER REQUIRING REVIEW,33.3% flagged records
1555379188,PHARMACY_CLAIM,1,0,0.0,0,1,0,0,0,0,0,24.67,24.67,0.0,LOW-RISK PROVIDER PATTERN,NORMAL,No suspicious patterns identified
1302246276,PRIOR_AUTH,1,0,0.0,0,1,1,0,0,0,0,24.65,24.65,0.0,LOW-RISK PROVIDER PATTERN,NORMAL,No suspicious patterns identified
1753049435,PHARMACY_CLAIM,1,0,0.0,0,0,1,0,0,0,0,24.65,24.65,0.0,LOW-RISK PROVIDER PATTERN,NORMAL,No suspicious patterns identified
1396275459,MEDICAL_CLAIM,7,4,57.14,0,2,5,0,0,0,0,24.64,40.75,0.0,HIGH-RISK PROVIDER PATTERN,PROVIDER REQUIRING REVIEW,57.1% flagged records
1260058090,PHARMACY_CLAIM,1,0,0.0,0,1,0,0,0,0,0,24.64,24.64,0.0,LOW-RISK PROVIDER PATTERN,NORMAL,No suspicious patterns identified
1346619244,MEDICAL_CLAIM,1,0,0.0,0,0,1,0,0,0,0,24.64,24.64,0.0,LOW-RISK PROVIDER PATTERN,NORMAL,No suspicious patterns identified
1891964789,MEDICAL_CLAIM,3,2,66.67,0,0,3,0,0,0,0,24.63,25.08,0.0,HIGH-RISK PROVIDER PATTERN,PROVIDER REQUIRING REVIEW,66.7% flagged records
1375139179,PHARMACY_CLAIM,1,0,0.0,0,1,0,0,0,0,0,24.62,24.62,0.0,LOW-RISK PROVIDER PATTERN,NORMAL,No suspicious patterns identified
1633636583,PHARMACY_CLAIM,1,0,0.0,0,0,1,0,0,0,0,24.62,24.62,0.0,LOW-RISK PROVIDER PATTERN,NORMAL,No suspicious patterns identified
1251587287,PHARMACY_CLAIM,1,0,0.0,0,0,1,0,0,0,0,24.61,24.61,0.0,LOW-RISK PROVIDER PATTERN,NORMAL,No suspicious patterns identified
1750486106,MEDICAL_CLAIM,6,3,50.0,0,2,4,0,0,0,0,24.59,39.43,0.0,HIGH-RISK PROVIDER PATTERN,PROVIDER REQUIRING REVIEW,50.0% flagged records
1760932248,MEDICAL_CLAIM,2,1,50.0,0,0,1,0,0,0,0,24.59,26.28,0.0,HIGH-RISK PROVIDER PATTERN,PROVIDER REQUIRING REVIEW,50.0% flagged records
1447337698,PHARMACY_CLAIM,1,0,0.0,0,1,0,0,0,0,0,24.59,24.59,0.0,LOW-RISK PROVIDER PATTERN,NORMAL,No suspicious patterns identified
1528311958,MEDICAL_CLAIM,4,3,75.0,0,0,3,0,0,0,0,24.58,32.99,0.0,HIGH-RISK PROVIDER PATTERN,PROVIDER REQUIRING REVIEW,75.0% flagged records
1547960547,PHARMACY_CLAIM,1,0,0.0,0,0,1,0,0,0,0,24.58,24.58,0.0,LOW-RISK PROVIDER PATTERN,NORMAL,No suspicious patterns identified
1482687857,PRIOR_AUTH,1,0,0.0,0,1,0,0,0,0,0,24.55,24.55,0.0,LOW-RISK PROVIDER PATTERN,NORMAL,No suspicious patterns identified
1497842777,MEDICAL_CLAIM,2,1,50.0,0,0,2,0,0,0,0,24.54,26.84,0.0,HIGH-RISK PROVIDER PATTERN,PROVIDER REQUIRING REVIEW,50.0% flagged records
1209866282,PHARMACY_CLAIM,1,0,0.0,0,1,0,0,0,0,0,24.54,24.54,0.0,LOW-RISK PROVIDER PATTERN,NORMAL,No suspicious patterns identified
1063438133,MEDICAL_CLAIM,1,0,0.0,0,0,1,0,0,0,0,24.53,24.53,0.0,LOW-RISK PROVIDER PATTERN,NORMAL,No suspicious patterns identified
1526757445,PHARMACY_CLAIM,1,0,0.0,0,0,1,0,0,0,0,24.53,24.53,0.0,LOW-RISK PROVIDER PATTERN,NORMAL,No suspicious patterns identified
1564441983,PRIOR_AUTH,1,0,0.0,0,1,0,0,0,0,0,24.53,24.53,100.0,LOW-RISK PROVIDER PATTERN,NORMAL,Empirical claim denial rate = 100.0%
1770699621,MEDICAL_CLAIM,1,0,0.0,0,0,1,0,0,0,0,24.52,24.52,0.0,LOW-RISK PROVIDER PATTERN,NORMAL,No suspicious patterns identified
1934107775,PRIOR_AUTH,1,0,0.0,0,1,1,0,0,0,0,24.49,24.49,0.0,LOW-RISK PROVIDER PATTERN,NORMAL,No suspicious patterns identified
1124177407,MEDICAL_CLAIM,3,1,33.33,0,0,3,0,0,0,0,24.47,26.18,0.0,HIGH-RISK PROVIDER PATTERN,PROVIDER REQUIRING REVIEW,33.3% flagged records
1862603410,PHARMACY_CLAIM,1,0,0.0,0,0,1,0,0,0,0,24.47,24.47,0.0,LOW-RISK PROVIDER PATTERN,NORMAL,No suspicious patterns identified
1396062394,MEDICAL_CLAIM,1,0,0.0,0,1,0,0,0,0,0,24.46,24.46,0.0,LOW-RISK PROVIDER PATTERN,NORMAL,No suspicious patterns identified
1836772054,PRIOR_AUTH,1,0,0.0,0,1,0,0,0,0,0,24.46,24.46,0.0,LOW-RISK PROVIDER PATTERN,NORMAL,No suspicious patterns identified
1932630282,MEDICAL_CLAIM,5,2,40.0,0,0,5,0,0,0,0,24.45,25.46,0.0,HIGH-RISK PROVIDER PATTERN,PROVIDER REQUIRING REVIEW,40.0% flagged records
1155518572,PHARMACY_CLAIM,1,0,0.0,0,0,1,0,0,0,0,24.45,24.45,0.0,LOW-RISK PROVIDER PATTERN,NORMAL,No suspicious patterns identified
1167327532,PRIOR_AUTH,1,0,0.0,0,1,0,0,0,0,0,24.45,24.45,0.0,LOW-RISK PROVIDER PATTERN,NORMAL,No suspicious patterns identified
1818625088,PHARMACY_CLAIM,1,0,0.0,0,1,0,0,0,0,0,24.44,24.44,100.0,LOW-RISK PROVIDER PATTERN,NORMAL,Empirical claim denial rate = 100.0%
1578677456,MEDICAL_CLAIM,7,4,57.14,0,3,1,0,0,0,0,24.43,39.78,0.0,HIGH-RISK PROVIDER PATTERN,PROVIDER REQUIRING REVIEW,57.1% flagged records
1109398153,PRIOR_AUTH,1,0,0.0,0,1,0,0,0,0,0,24.43,24.43,0.0,LOW-RISK PROVIDER PATTERN,NORMAL,No suspicious patterns identified
1846114284,PRIOR_AUTH,1,0,0.0,0,1,0,0,0,0,0,24.43,24.43,0.0,LOW-RISK PROVIDER PATTERN,NORMAL,No suspicious patterns identified
1846205764,PRIOR_AUTH,1,0,0.0,0,1,0,0,0,0,0,24.43,24.43,0.0,LOW-RISK PROVIDER PATTERN,NORMAL,No suspicious patterns identified
1952599623,MEDICAL_CLAIM,4,2,50.0,0,1,3,0,0,0,0,24.42,44.26,0.0,HIGH-RISK PROVIDER PATTERN,PROVIDER REQUIRING REVIEW,50.0% flagged records
1772990639,PHARMACY_CLAIM,1,0,0.0,0,0,1,0,0,0,0,24.41,24.41,0.0,LOW-RISK PROVIDER PATTERN,NORMAL,No suspicious patterns identified
1821622311,PRIOR_AUTH,1,0,0.0,0,1,0,0,0,0,0,24.4,24.4,100.0,LOW-RISK PROVIDER PATTERN,NORMAL,Empirical claim denial rate = 100.0%
1124059753,MEDICAL_CLAIM,2,1,50.0,0,0,2,0,0,0,0,24.39,26.64,0.0,HIGH-RISK PROVIDER PATTERN,PROVIDER REQUIRING REVIEW,50.0% flagged records
1739923358,PRIOR_AUTH,1,0,0.0,0,1,0,0,0,0,0,24.39,24.39,0.0,LOW-RISK PROVIDER PATTERN,NORMAL,No suspicious patterns identified
1457586620,MEDICAL_CLAIM,1,0,0.0,0,0,1,0,0,0,0,24.36,24.36,0.0,LOW-RISK PROVIDER PATTERN,NORMAL,No suspicious patterns identified
1307296144,PHARMACY_CLAIM,1,0,0.0,0,0,1,0,0,0,0,24.34,24.34,0.0,LOW-RISK PROVIDER PATTERN,NORMAL,No suspicious patterns identified
1048255476,PRIOR_AUTH,1,0,0.0,0,1,1,0,0,0,0,24.3,24.3,0.0,LOW-RISK PROVIDER PATTERN,NORMAL,No suspicious patterns identified
1073576740,MEDICAL_CLAIM,1,0,0.0,0,0,1,0,0,0,0,24.3,24.3,0.0,LOW-RISK PROVIDER PATTERN,NORMAL,No suspicious patterns identified
1339801691,PRIOR_AUTH,1,0,0.0,0,1,0,0,0,0,0,24.3,24.3,0.0,LOW-RISK PROVIDER PATTERN,NORMAL,No suspicious patterns identified
1639518798,MEDICAL_CLAIM,5,2,40.0,0,3,2,0,0,0,0,24.29,49.45,0.0,HIGH-RISK PROVIDER PATTERN,PROVIDER REQUIRING REVIEW,40.0% flagged records
1568904480,MEDICAL_CLAIM,2,1,50.0,0,0,1,0,0,0,0,24.29,43.56,0.0,HIGH-RISK PROVIDER PATTERN,PROVIDER REQUIRING REVIEW,50.0% flagged records
1700238508,MEDICAL_CLAIM,2,1,50.0,0,0,1,0,0,0,0,24.29,33.12,0.0,HIGH-RISK PROVIDER PATTERN,PROVIDER REQUIRING REVIEW,50.0% flagged records
1680122967,PHARMACY_CLAIM,1,0,0.0,0,0,1,0,0,0,0,24.29,24.29,0.0,LOW-RISK PROVIDER PATTERN,NORMAL,No suspicious patterns identified
1002252861,PHARMACY_CLAIM,1,0,0.0,0,0,1,0,0,0,0,24.28,24.28,0.0,LOW-RISK PROVIDER PATTERN,NORMAL,No suspicious patterns identified
1042700627,PRIOR_AUTH,1,0,0.0,0,1,0,0,0,0,0,24.27,24.27,0.0,LOW-RISK PROVIDER PATTERN,NORMAL,No suspicious patterns identified
1655013580,PHARMACY_CLAIM,1,0,0.0,0,1,1,0,0,0,0,24.24,24.24,0.0,LOW-RISK PROVIDER PATTERN,NORMAL,No suspicious patterns identified
1727887444,PHARMACY_CLAIM,1,0,0.0,0,1,0,0,0,0,0,24.24,24.24,100.0,LOW-RISK PROVIDER PATTERN,NORMAL,Empirical claim denial rate = 100.0%
1821324948,MEDICAL_CLAIM,1,0,0.0,0,0,1,0,0,0,0,24.24,24.24,0.0,LOW-RISK PROVIDER PATTERN,NORMAL,No suspicious patterns identified
1801376306,MEDICAL_CLAIM,7,4,57.14,0,1,5,1,0,0,0,24.22,46.53,0.0,HIGH-RISK PROVIDER PATTERN,PROVIDER REQUIRING REVIEW,57.1% flagged records
1336146141,MEDICAL_CLAIM,2,1,50.0,0,1,0,0,0,0,0,24.22,32.65,0.0,HIGH-RISK PROVIDER PATTERN,PROVIDER REQUIRING REVIEW,50.0% flagged records
1499916459,PHARMACY_CLAIM,1,0,0.0,0,1,0,0,0,0,0,24.22,24.22,0.0,LOW-RISK PROVIDER PATTERN,NORMAL,No suspicious patterns identified
1229017147,PRIOR_AUTH,1,0,0.0,0,1,0,0,0,0,0,24.21,24.21,0.0,LOW-RISK PROVIDER PATTERN,NORMAL,No suspicious patterns identified
1317065263,PRIOR_AUTH,1,0,0.0,0,1,0,0,0,0,0,24.21,24.21,0.0,LOW-RISK PROVIDER PATTERN,NORMAL,No suspicious patterns identified
1891098513,MEDICAL_CLAIM,2,1,50.0,0,1,1,0,0,0,0,24.19,42.57,0.0,HIGH-RISK PROVIDER PATTERN,PROVIDER REQUIRING REVIEW,50.0% flagged records
1182341919,PHARMACY_CLAIM,1,0,0.0,0,1,0,0,0,0,0,24.19,24.19,0.0,LOW-RISK PROVIDER PATTERN,NORMAL,No suspicious patterns identified
1225664525,PHARMACY_CLAIM,1,0,0.0,0,0,1,0,0,0,0,24.19,24.19,0.0,LOW-RISK PROVIDER PATTERN,NORMAL,No suspicious patterns identified
1802106263,PRIOR_AUTH,1,0,0.0,0,1,0,0,0,0,0,24.19,24.19,0.0,LOW-RISK PROVIDER PATTERN,NORMAL,No suspicious patterns identified
1266507735,PRIOR_AUTH,1,0,0.0,0,1,0,0,0,0,0,24.16,24.16,0.0,LOW-RISK PROVIDER PATTERN,NORMAL,No suspicious patterns identified
1680162152,PHARMACY_CLAIM,1,0,0.0,0,0,1,0,0,0,0,24.16,24.16,0.0,LOW-RISK PROVIDER PATTERN,NORMAL,No suspicious patterns identified
1716774291,PRIOR_AUTH,1,0,0.0,0,1,1,0,0,0,0,24.16,24.16,0.0,LOW-RISK PROVIDER PATTERN,NORMAL,No suspicious patterns identified
1953310811,PRIOR_AUTH,1,0,0.0,0,1,0,0,0,0,0,24.16,24.16,0.0,LOW-RISK PROVIDER PATTERN,NORMAL,No suspicious patterns identified
1997972201,PRIOR_AUTH,1,0,0.0,0,1,0,0,0,0,0,24.16,24.16,0.0,LOW-RISK PROVIDER PATTERN,NORMAL,No suspicious patterns identified
1710590880,MEDICAL_CLAIM,2,0,0.0,0,0,2,0,0,0,0,24.15,24.46,0.0,LOW-RISK PROVIDER PATTERN,NORMAL,No suspicious patterns identified
1379555608,PHARMACY_CLAIM,1,0,0.0,0,0,1,0,0,0,0,24.14,24.14,0.0,LOW-RISK PROVIDER PATTERN,NORMAL,No suspicious patterns identified
1951748441,PHARMACY_CLAIM,1,0,0.0,0,1,0,0,0,0,0,24.14,24.14,0.0,LOW-RISK PROVIDER PATTERN,NORMAL,No suspicious patterns identified
1144419284,MEDICAL_CLAIM,5,3,60.0,0,0,4,0,0,0,0,24.13,31.57,0.0,HIGH-RISK PROVIDER PATTERN,PROVIDER REQUIRING REVIEW,60.0% flagged records
1871132365,MEDICAL_CLAIM,3,1,33.33,0,2,1,0,0,0,0,24.13,44.69,0.0,HIGH-RISK PROVIDER PATTERN,PROVIDER REQUIRING REVIEW,33.3% flagged records
1638808757,PHARMACY_CLAIM,1,0,0.0,0,0,1,0,0,0,0,24.13,24.13,0.0,LOW-RISK PROVIDER PATTERN,NORMAL,No suspicious patterns identified
1636672090,PHARMACY_CLAIM,1,0,0.0,0,0,1,0,0,0,0,24.12,24.12,0.0,LOW-RISK PROVIDER PATTERN,NORMAL,No suspicious patterns identified
1952598468,MEDICAL_CLAIM,2,0,0.0,0,0,2,0,0,0,0,24.11,24.98,0.0,LOW-RISK PROVIDER PATTERN,NORMAL,No suspicious patterns identified
1073540125,PHARMACY_CLAIM,1,0,0.0,0,1,0,0,0,0,0,24.11,24.11,0.0,LOW-RISK PROVIDER PATTERN,NORMAL,No suspicious patterns identified
1525168533,PHARMACY_CLAIM,1,0,0.0,0,1,0,0,0,0,0,24.1,24.1,0.0,LOW-RISK PROVIDER PATTERN,NORMAL,No suspicious patterns identified
1698101444,PRIOR_AUTH,1,0,0.0,0,0,0,0,0,0,0,24.1,24.1,0.0,LOW-RISK PROVIDER PATTERN,NORMAL,No suspicious patterns identified
1306145289,MEDICAL_CLAIM,3,2,66.67,0,0,2,0,0,0,0,24.09,34.29,0.0,HIGH-RISK PROVIDER PATTERN,PROVIDER REQUIRING REVIEW,66.7% flagged records
1093114753,PHARMACY_CLAIM,1,0,0.0,0,1,0,0,0,0,0,24.09,24.09,0.0,LOW-RISK PROVIDER PATTERN,NORMAL,No suspicious patterns identified
1189901866,PRIOR_AUTH,1,0,0.0,0,1,1,0,0,0,0,24.09,24.09,0.0,LOW-RISK PROVIDER PATTERN,NORMAL,No suspicious patterns identified
1317082530,PRIOR_AUTH,1,0,0.0,0,1,1,0,0,0,0,24.09,24.09,0.0,LOW-RISK PROVIDER PATTERN,NORMAL,No suspicious patterns identified
1619274388,MEDICAL_CLAIM,2,1,50.0,0,0,2,0,0,0,0,24.08,25.96,0.0,HIGH-RISK PROVIDER PATTERN,PROVIDER REQUIRING REVIEW,50.0% flagged records
1064913883,PHARMACY_CLAIM,1,0,0.0,0,1,0,0,0,0,0,24.08,24.08,100.0,LOW-RISK PROVIDER PATTERN,NORMAL,Empirical claim denial rate = 100.0%
1097408682,PHARMACY_CLAIM,1,0,0.0,0,0,1,0,0,0,0,24.07,24.07,0.0,LOW-RISK PROVIDER PATTERN,NORMAL,No suspicious patterns identified
1376369160,PRIOR_AUTH,1,0,0.0,0,1,0,0,0,0,0,24.07,24.07,100.0,LOW-RISK PROVIDER PATTERN,NORMAL,Empirical claim denial rate = 100.0%
1588636351,MEDICAL_CLAIM,1,0,0.0,0,0,1,0,0,0,0,24.07,24.07,0.0,LOW-RISK PROVIDER PATTERN,NORMAL,No suspicious patterns identified
1124373113,MEDICAL_CLAIM,4,1,25.0,0,0,3,0,0,0,0,24.06,44.56,0.0,HIGH-RISK PROVIDER PATTERN,PROVIDER REQUIRING REVIEW,25.0% flagged records
1699703686,MEDICAL_CLAIM,17,10,58.82,0,1,13,0,0,0,0,24.04,39.78,0.0,HIGH-RISK PROVIDER PATTERN,PROVIDER REQUIRING REVIEW,58.8% flagged records
1033214416,MEDICAL_CLAIM,13,7,53.85,0,3,7,0,0,0,0,24.04,42.95,0.0,HIGH-RISK PROVIDER PATTERN,PROVIDER REQUIRING REVIEW,53.8% flagged records
1679933055,MEDICAL_CLAIM,7,2,28.57,0,3,4,0,0,0,0,24.02,44.62,0.0,HIGH-RISK PROVIDER PATTERN,PROVIDER REQUIRING REVIEW,28.6% flagged records
1010044016,PHARMACY_CLAIM,1,0,0.0,0,1,1,0,0,0,0,24.02,24.02,0.0,LOW-RISK PROVIDER PATTERN,NORMAL,No suspicious patterns identified
1680712482,PRIOR_AUTH,1,0,0.0,0,1,1,0,0,0,0,24.02,24.02,0.0,LOW-RISK PROVIDER PATTERN,NORMAL,No suspicious patterns identified
1757165503,PRIOR_AUTH,1,0,0.0,0,1,0,0,0,0,0,24.02,24.02,100.0,LOW-RISK PROVIDER PATTERN,NORMAL,Empirical claim denial rate = 100.0%
1269772884,PRIOR_AUTH,1,0,0.0,0,1,0,0,0,0,0,24.01,24.01,0.0,LOW-RISK PROVIDER PATTERN,NORMAL,No suspicious patterns identified
1441314104,PRIOR_AUTH,1,0,0.0,0,1,0,0,0,0,0,24.01,24.01,0.0,LOW-RISK PROVIDER PATTERN,NORMAL,No suspicious patterns identified
1572850903,PRIOR_AUTH,1,0,0.0,0,0,0,0,0,0,0,24.01,24.01,0.0,LOW-RISK PROVIDER PATTERN,NORMAL,No suspicious patterns identified
1647971530,PRIOR_AUTH,1,0,0.0,0,1,0,0,0,0,0,24.01,24.01,0.0,LOW-RISK PROVIDER PATTERN,NORMAL,No suspicious patterns identified
1858171801,PRIOR_AUTH,1,0,0.0,0,1,0,0,0,0,0,24.01,24.01,0.0,LOW-RISK PROVIDER PATTERN,NORMAL,No suspicious patterns identified
1969421769,PHARMACY_CLAIM,1,0,0.0,0,0,1,0,0,0,0,24.01,24.01,0.0,LOW-RISK PROVIDER PATTERN,NORMAL,No suspicious patterns identified
1851712053,MEDICAL_CLAIM,2,1,50.0,0,0,2,0,0,0,0,23.99,25.62,0.0,HIGH-RISK PROVIDER PATTERN,PROVIDER REQUIRING REVIEW,50.0% flagged records
1407166671,MEDICAL_CLAIM,1,0,0.0,0,0,1,0,0,0,0,23.98,23.98,0.0,LOW-RISK PROVIDER PATTERN,NORMAL,No suspicious patterns identified
1419652036,PRIOR_AUTH,1,0,0.0,0,1,0,0,0,0,0,23.96,23.96,0.0,LOW-RISK PROVIDER PATTERN,NORMAL,No suspicious patterns identified
1547469238,PRIOR_AUTH,1,0,0.0,0,1,1,0,0,0,0,23.96,23.96,0.0,LOW-RISK PROVIDER PATTERN,NORMAL,No suspicious patterns identified
1617025482,PHARMACY_CLAIM,1,0,0.0,0,1,0,0,0,0,0,23.96,23.96,0.0,LOW-RISK PROVIDER PATTERN,NORMAL,No suspicious patterns identified
1388773133,PHARMACY_CLAIM,1,0,0.0,0,1,0,0,0,0,0,23.94,23.94,0.0,LOW-RISK PROVIDER PATTERN,NORMAL,No suspicious patterns identified
1765855555,PRIOR_AUTH,1,0,0.0,0,1,0,0,0,0,0,23.94,23.94,0.0,LOW-RISK PROVIDER PATTERN,NORMAL,No suspicious patterns identified
1114218385,MEDICAL_CLAIM,1,0,0.0,0,1,0,0,0,0,0,23.91,23.91,0.0,LOW-RISK PROVIDER PATTERN,NORMAL,No suspicious patterns identified
1266929307,PRIOR_AUTH,1,0,0.0,0,1,0,0,0,0,0,23.91,23.91,0.0,LOW-RISK PROVIDER PATTERN,NORMAL,No suspicious patterns identified
1346613370,PHARMACY_CLAIM,1,0,0.0,0,1,0,0,0,0,0,23.91,23.91,0.0,LOW-RISK PROVIDER PATTERN,NORMAL,No suspicious patterns identified
1528115458,MEDICAL_CLAIM,1,0,0.0,0,0,1,0,0,0,0,23.91,23.91,0.0,LOW-RISK PROVIDER PATTERN,NORMAL,No suspicious patterns identified
1156648400,PHARMACY_CLAIM,1,0,0.0,0,1,0,0,0,0,0,23.9,23.9,0.0,LOW-RISK PROVIDER PATTERN,NORMAL,No suspicious patterns identified
1023351913,MEDICAL_CLAIM,2,0,0.0,0,0,2,0,0,0,0,23.89,24.75,0.0,LOW-RISK PROVIDER PATTERN,NORMAL,No suspicious patterns identified
1618152578,PHARMACY_CLAIM,1,0,0.0,0,0,1,0,0,0,0,23.89,23.89,0.0,LOW-RISK PROVIDER PATTERN,NORMAL,No suspicious patterns identified
1558782888,MEDICAL_CLAIM,2,1,50.0,0,0,1,0,0,0,0,23.88,43.87,0.0,HIGH-RISK PROVIDER PATTERN,PROVIDER REQUIRING REVIEW,50.0% flagged records
1358357628,PHARMACY_CLAIM,1,0,0.0,0,0,1,0,0,0,0,23.86,23.86,0.0,LOW-RISK PROVIDER PATTERN,NORMAL,No suspicious patterns identified
1357090204,PRIOR_AUTH,1,0,0.0,0,0,1,0,0,0,0,23.84,23.84,0.0,LOW-RISK PROVIDER PATTERN,NORMAL,No suspicious patterns identified
1690734076,PRIOR_AUTH,1,0,0.0,0,1,0,0,0,0,0,23.84,23.84,0.0,LOW-RISK PROVIDER PATTERN,NORMAL,No suspicious patterns identified
1799796391,PRIOR_AUTH,1,0,0.0,0,0,1,0,0,0,0,23.84,23.84,0.0,LOW-RISK PROVIDER PATTERN,NORMAL,No suspicious patterns identified
1998297056,PHARMACY_CLAIM,1,0,0.0,0,0,1,0,0,0,0,23.84,23.84,0.0,LOW-RISK PROVIDER PATTERN,NORMAL,No suspicious patterns identified
1190830152,PHARMACY_CLAIM,1,0,0.0,0,1,0,0,0,0,0,23.83,23.83,0.0,LOW-RISK PROVIDER PATTERN,NORMAL,No suspicious patterns identified
1089740957,PRIOR_AUTH,1,0,0.0,0,0,0,0,0,0,0,23.82,23.82,0.0,LOW-RISK PROVIDER PATTERN,NORMAL,No suspicious patterns identified
1316945066,MEDICAL_CLAIM,1,0,0.0,0,0,1,0,0,0,0,23.81,23.81,0.0,LOW-RISK PROVIDER PATTERN,NORMAL,No suspicious patterns identified
1675552340,PRIOR_AUTH,1,0,0.0,0,1,0,0,0,0,0,23.81,23.81,0.0,LOW-RISK PROVIDER PATTERN,NORMAL,No suspicious patterns identified
1245398904,PHARMACY_CLAIM,1,0,0.0,0,0,1,0,0,0,0,23.8,23.8,0.0,LOW-RISK PROVIDER PATTERN,NORMAL,No suspicious patterns identified
1770529950,MEDICAL_CLAIM,6,3,50.0,0,3,3,0,0,0,0,23.78,44.05,0.0,HIGH-RISK PROVIDER PATTERN,PROVIDER REQUIRING REVIEW,50.0% flagged records
1293046714,PHARMACY_CLAIM,1,0,0.0,0,1,0,0,0,0,0,23.77,23.77,0.0,LOW-RISK PROVIDER PATTERN,NORMAL,No suspicious patterns identified
1114553948,MEDICAL_CLAIM,3,1,33.33,0,1,2,0,0,0,0,23.76,42.68,0.0,HIGH-RISK PROVIDER PATTERN,PROVIDER REQUIRING REVIEW,33.3% flagged records
1174044697,MEDICAL_CLAIM,3,0,0.0,0,3,0,0,0,0,0,23.74,24.15,0.0,LOW-RISK PROVIDER PATTERN,NORMAL,No suspicious patterns identified
1107888939,PRIOR_AUTH,1,0,0.0,0,1,0,0,0,0,0,23.74,23.74,100.0,LOW-RISK PROVIDER PATTERN,NORMAL,Empirical claim denial rate = 100.0%
1526469769,PHARMACY_CLAIM,1,0,0.0,0,1,0,0,0,0,0,23.74,23.74,0.0,LOW-RISK PROVIDER PATTERN,NORMAL,No suspicious patterns identified
1467967588,MEDICAL_CLAIM,5,1,20.0,0,1,1,0,0,0,0,23.72,42.48,0.0,HIGH-RISK PROVIDER PATTERN,PROVIDER REQUIRING REVIEW,20.0% flagged records
1851320147,MEDICAL_CLAIM,7,3,42.86,0,1,3,0,0,0,0,23.71,44.62,0.0,HIGH-RISK PROVIDER PATTERN,PROVIDER REQUIRING REVIEW,42.9% flagged records
1861817504,MEDICAL_CLAIM,6,2,33.33,0,3,3,1,0,0,0,23.71,45.03,0.0,HIGH-RISK PROVIDER PATTERN,PROVIDER REQUIRING REVIEW,33.3% flagged records
1567574123,PHARMACY_CLAIM,1,0,0.0,0,0,1,0,0,0,0,23.71,23.71,0.0,LOW-RISK PROVIDER PATTERN,NORMAL,No suspicious patterns identified
1255401519,MEDICAL_CLAIM,4,2,50.0,0,2,2,0,0,0,0,23.7,42.1,0.0,HIGH-RISK PROVIDER PATTERN,PROVIDER REQUIRING REVIEW,50.0% flagged records
1336493311,MEDICAL_CLAIM,1,0,0.0,0,0,1,0,0,0,0,23.7,23.7,0.0,LOW-RISK PROVIDER PATTERN,NORMAL,No suspicious patterns identified
1478817547,PHARMACY_CLAIM,1,0,0.0,0,1,0,0,0,0,0,23.7,23.7,0.0,LOW-RISK PROVIDER PATTERN,NORMAL,No suspicious patterns identified
1529130806,PHARMACY_CLAIM,1,0,0.0,0,0,1,0,0,0,0,23.7,23.7,0.0,LOW-RISK PROVIDER PATTERN,NORMAL,No suspicious patterns identified
1508979683,MEDICAL_CLAIM,13,9,69.23,0,1,8,0,0,0,0,23.69,41.72,0.0,HIGH-RISK PROVIDER PATTERN,PROVIDER REQUIRING REVIEW,69.2% flagged records
1407306418,MEDICAL_CLAIM,1,0,0.0,0,1,0,0,0,0,0,23.68,23.68,0.0,LOW-RISK PROVIDER PATTERN,NORMAL,No suspicious patterns identified
1809115526,PHARMACY_CLAIM,1,0,0.0,0,0,1,0,0,0,0,23.67,23.67,0.0,LOW-RISK PROVIDER PATTERN,NORMAL,No suspicious patterns identified
1267493157,PHARMACY_CLAIM,1,0,0.0,0,0,1,0,0,0,0,23.66,23.66,0.0,LOW-RISK PROVIDER PATTERN,NORMAL,No suspicious patterns identified
1396926994,MEDICAL_CLAIM,6,3,50.0,0,1,3,0,0,0,0,23.64,44.65,0.0,HIGH-RISK PROVIDER PATTERN,PROVIDER REQUIRING REVIEW,50.0% flagged records
1048127883,PHARMACY_CLAIM,1,0,0.0,0,0,1,0,0,0,0,23.64,23.64,0.0,LOW-RISK PROVIDER PATTERN,NORMAL,No suspicious patterns identified
1154510808,MEDICAL_CLAIM,1,0,0.0,0,1,0,0,0,0,0,23.63,23.63,0.0,LOW-RISK PROVIDER PATTERN,NORMAL,No suspicious patterns identified
1553868061,PHARMACY_CLAIM,1,0,0.0,0,0,1,0,0,0,0,23.63,23.63,0.0,LOW-RISK PROVIDER PATTERN,NORMAL,No suspicious patterns identified
1336152347,MEDICAL_CLAIM,4,2,50.0,0,2,3,0,0,0,0,23.62,35.93,0.0,HIGH-RISK PROVIDER PATTERN,PROVIDER REQUIRING REVIEW,50.0% flagged records
1603437587,PHARMACY_CLAIM,1,0,0.0,0,0,1,0,0,0,0,23.62,23.62,0.0,LOW-RISK PROVIDER PATTERN,NORMAL,No suspicious patterns identified
1009166079,PHARMACY_CLAIM,1,0,0.0,0,0,1,0,0,0,0,23.61,23.61,0.0,LOW-RISK PROVIDER PATTERN,NORMAL,No suspicious patterns identified
1184645434,MEDICAL_CLAIM,1,0,0.0,0,0,1,0,0,0,0,23.6,23.6,0.0,LOW-RISK PROVIDER PATTERN,NORMAL,No suspicious patterns identified
1651044663,PHARMACY_CLAIM,1,0,0.0,0,0,1,0,0,0,0,23.6,23.6,0.0,LOW-RISK PROVIDER PATTERN,NORMAL,No suspicious patterns identified
1841308020,MEDICAL_CLAIM,2,1,50.0,0,1,1,0,0,0,0,23.59,27.47,0.0,HIGH-RISK PROVIDER PATTERN,PROVIDER REQUIRING REVIEW,50.0% flagged records
1964384035,PRIOR_AUTH,1,0,0.0,0,1,0,0,0,0,0,23.59,23.59,0.0,LOW-RISK PROVIDER PATTERN,NORMAL,No suspicious patterns identified
1427677723,MEDICAL_CLAIM,1,0,0.0,0,1,0,0,0,0,0,23.58,23.58,0.0,LOW-RISK PROVIDER PATTERN,NORMAL,No suspicious patterns identified
1309397132,PHARMACY_CLAIM,1,0,0.0,0,1,0,0,0,0,0,23.57,23.57,0.0,LOW-RISK PROVIDER PATTERN,NORMAL,No suspicious patterns identified
1138985000,PRIOR_AUTH,1,0,0.0,0,1,0,0,0,0,0,23.56,23.56,0.0,LOW-RISK PROVIDER PATTERN,NORMAL,No suspicious patterns identified
1647036616,PHARMACY_CLAIM,1,0,0.0,0,0,1,1,0,0,0,23.54,23.54,0.0,LOW-RISK PROVIDER PATTERN,NORMAL,No suspicious patterns identified
1068103730,PRIOR_AUTH,1,0,0.0,0,1,0,0,0,0,0,23.52,23.52,100.0,LOW-RISK PROVIDER PATTERN,NORMAL,Empirical claim denial rate = 100.0%
1316927445,MEDICAL_CLAIM,1,0,0.0,0,0,1,0,0,0,0,23.5,23.5,0.0,LOW-RISK PROVIDER PATTERN,NORMAL,No suspicious patterns identified
1323704720,PHARMACY_CLAIM,1,0,0.0,0,0,1,0,0,0,0,23.5,23.5,0.0,LOW-RISK PROVIDER PATTERN,NORMAL,No suspicious patterns identified
1396338703,MEDICAL_CLAIM,1,0,0.0,0,0,1,0,0,0,0,23.49,23.49,0.0,LOW-RISK PROVIDER PATTERN,NORMAL,No suspicious patterns identified
1442894613,PRIOR_AUTH,1,0,0.0,0,0,0,0,0,0,0,23.49,23.49,0.0,LOW-RISK PROVIDER PATTERN,NORMAL,No suspicious patterns identified
1495891468,PHARMACY_CLAIM,1,0,0.0,0,0,1,0,0,0,0,23.49,23.49,0.0,LOW-RISK PROVIDER PATTERN,NORMAL,No suspicious patterns identified
1919920427,PRIOR_AUTH,1,0,0.0,0,1,0,0,0,0,0,23.49,23.49,100.0,LOW-RISK PROVIDER PATTERN,NORMAL,Empirical claim denial rate = 100.0%
1806205380,PHARMACY_CLAIM,1,0,0.0,0,1,0,0,0,0,0,23.48,23.48,0.0,LOW-RISK PROVIDER PATTERN,NORMAL,No suspicious patterns identified
1104998624,MEDICAL_CLAIM,2,0,0.0,0,0,2,0,0,0,0,23.46,23.59,0.0,LOW-RISK PROVIDER PATTERN,NORMAL,No suspicious patterns identified
1665287041,PHARMACY_CLAIM,1,0,0.0,0,1,0,0,0,0,0,23.4,23.4,0.0,LOW-RISK PROVIDER PATTERN,NORMAL,No suspicious patterns identified
1570776453,PHARMACY_CLAIM,1,0,0.0,0,0,1,0,0,0,0,23.39,23.39,0.0,LOW-RISK PROVIDER PATTERN,NORMAL,No suspicious patterns identified
1780842104,MEDICAL_CLAIM,3,2,66.67,0,2,0,0,0,0,0,23.38,26.62,0.0,HIGH-RISK PROVIDER PATTERN,PROVIDER REQUIRING REVIEW,66.7% flagged records
1538399118,MEDICAL_CLAIM,6,4,66.67,0,2,4,0,0,0,0,23.37,29.9,0.0,HIGH-RISK PROVIDER PATTERN,PROVIDER REQUIRING REVIEW,66.7% flagged records
1194282756,MEDICAL_CLAIM,4,1,25.0,0,1,2,1,0,0,0,23.36,33.98,0.0,HIGH-RISK PROVIDER PATTERN,PROVIDER REQUIRING REVIEW,25.0% flagged records
1805384600,PHARMACY_CLAIM,1,0,0.0,0,0,1,0,0,0,0,23.36,23.36,0.0,LOW-RISK PROVIDER PATTERN,NORMAL,No suspicious patterns identified
1982865796,MEDICAL_CLAIM,1,0,0.0,0,0,1,0,0,0,0,23.36,23.36,0.0,LOW-RISK PROVIDER PATTERN,NORMAL,No suspicious patterns identified
1720004450,MEDICAL_CLAIM,2,1,50.0,0,0,1,0,0,0,0,23.35,33.34,0.0,HIGH-RISK PROVIDER PATTERN,PROVIDER REQUIRING REVIEW,50.0% flagged records
1670990872,PHARMACY_CLAIM,1,0,0.0,0,1,0,0,0,0,0,23.35,23.35,0.0,LOW-RISK PROVIDER PATTERN,NORMAL,No suspicious patterns identified
1992176283,MEDICAL_CLAIM,1,0,0.0,0,0,1,0,0,0,0,23.35,23.35,0.0,LOW-RISK PROVIDER PATTERN,NORMAL,No suspicious patterns identified
1093703639,MEDICAL_CLAIM,4,1,25.0,0,1,2,0,0,0,0,23.34,31.57,0.0,HIGH-RISK PROVIDER PATTERN,PROVIDER REQUIRING REVIEW,25.0% flagged records
1013541077,PHARMACY_CLAIM,1,0,0.0,0,0,1,0,0,0,0,23.34,23.34,0.0,LOW-RISK PROVIDER PATTERN,NORMAL,No suspicious patterns identified
1456524806,PRIOR_AUTH,1,0,0.0,0,1,0,0,0,0,0,23.34,23.34,0.0,LOW-RISK PROVIDER PATTERN,NORMAL,No suspicious patterns identified
1560474110,PRIOR_AUTH,1,0,0.0,0,1,0,0,0,0,0,23.34,23.34,0.0,LOW-RISK PROVIDER PATTERN,NORMAL,No suspicious patterns identified
1600632437,PHARMACY_CLAIM,1,0,0.0,0,1,0,0,0,0,0,23.34,23.34,0.0,LOW-RISK PROVIDER PATTERN,NORMAL,No suspicious patterns identified
1891294518,MEDICAL_CLAIM,3,1,33.33,0,2,1,0,0,0,0,23.33,44.76,0.0,HIGH-RISK PROVIDER PATTERN,PROVIDER REQUIRING REVIEW,33.3% flagged records
1245214477,MEDICAL_CLAIM,2,0,0.0,0,0,2,0,0,0,0,23.33,24.09,0.0,LOW-RISK PROVIDER PATTERN,NORMAL,No suspicious patterns identified
1942256508,MEDICAL_CLAIM,1,0,0.0,0,1,0,0,0,0,0,23.33,23.33,0.0,LOW-RISK PROVIDER PATTERN,NORMAL,No suspicious patterns identified
1130025369,PRIOR_AUTH,1,0,0.0,0,0,0,0,0,0,0,23.31,23.31,0.0,LOW-RISK PROVIDER PATTERN,NORMAL,No suspicious patterns identified
1690585178,PRIOR_AUTH,1,0,0.0,0,0,1,0,0,0,0,23.31,23.31,0.0,LOW-RISK PROVIDER PATTERN,NORMAL,No suspicious patterns identified
1720338729,PHARMACY_CLAIM,1,0,0.0,0,1,0,0,0,0,0,23.3,23.3,0.0,LOW-RISK PROVIDER PATTERN,NORMAL,No suspicious patterns identified
1015169781,PRIOR_AUTH,1,0,0.0,0,1,0,0,0,0,0,23.29,23.29,0.0,LOW-RISK PROVIDER PATTERN,NORMAL,No suspicious patterns identified
1942422806,PHARMACY_CLAIM,1,0,0.0,0,1,0,0,0,0,0,23.29,23.29,0.0,LOW-RISK PROVIDER PATTERN,NORMAL,No suspicious patterns identified
1587984422,PHARMACY_CLAIM,1,0,0.0,0,0,1,0,0,0,0,23.28,23.28,0.0,LOW-RISK PROVIDER PATTERN,NORMAL,No suspicious patterns identified
1457365774,PRIOR_AUTH,1,0,0.0,0,1,0,0,0,0,0,23.27,23.27,0.0,LOW-RISK PROVIDER PATTERN,NORMAL,No suspicious patterns identified
1983560161,PHARMACY_CLAIM,1,0,0.0,0,0,1,0,0,0,0,23.27,23.27,0.0,LOW-RISK PROVIDER PATTERN,NORMAL,No suspicious patterns identified
1013162148,MEDICAL_CLAIM,1,0,0.0,0,0,0,0,0,0,0,23.26,23.26,0.0,LOW-RISK PROVIDER PATTERN,NORMAL,No suspicious patterns identified
1467850727,MEDICAL_CLAIM,1,0,0.0,0,1,0,0,0,0,0,23.26,23.26,0.0,LOW-RISK PROVIDER PATTERN,NORMAL,No suspicious patterns identified
1154945483,MEDICAL_CLAIM,6,3,50.0,0,2,3,0,0,0,0,23.25,45.41,0.0,HIGH-RISK PROVIDER PATTERN,PROVIDER REQUIRING REVIEW,50.0% flagged records
1578574521,MEDICAL_CLAIM,4,0,0.0,0,0,4,0,0,0,0,23.25,23.53,0.0,LOW-RISK PROVIDER PATTERN,NORMAL,No suspicious patterns identified
1114362462,PRIOR_AUTH,1,0,0.0,0,1,0,0,0,0,0,23.25,23.25,0.0,LOW-RISK PROVIDER PATTERN,NORMAL,No suspicious patterns identified
1680785409,PHARMACY_CLAIM,1,0,0.0,0,1,0,0,0,0,0,23.25,23.25,0.0,LOW-RISK PROVIDER PATTERN,NORMAL,No suspicious patterns identified
1535310560,PRIOR_AUTH,1,0,0.0,0,1,0,0,0,0,0,23.24,23.24,0.0,LOW-RISK PROVIDER PATTERN,NORMAL,No suspicious patterns identified
1746215446,PHARMACY_CLAIM,1,0,0.0,0,0,1,0,0,0,0,23.22,23.22,0.0,LOW-RISK PROVIDER PATTERN,NORMAL,No suspicious patterns identified
1891257390,MEDICAL_CLAIM,2,1,50.0,0,0,1,0,0,0,0,23.2,32.57,0.0,HIGH-RISK PROVIDER PATTERN,PROVIDER REQUIRING REVIEW,50.0% flagged records
1478576820,PHARMACY_CLAIM,1,0,0.0,0,1,0,0,0,0,0,23.2,23.2,0.0,LOW-RISK PROVIDER PATTERN,NORMAL,No suspicious patterns identified
1922636594,PHARMACY_CLAIM,1,0,0.0,0,0,1,0,0,0,0,23.2,23.2,0.0,LOW-RISK PROVIDER PATTERN,NORMAL,No suspicious patterns identified
1622438171,PRIOR_AUTH,1,0,0.0,0,0,1,0,0,0,0,23.19,23.19,0.0,LOW-RISK PROVIDER PATTERN,NORMAL,No suspicious patterns identified
1824097504,PRIOR_AUTH,1,0,0.0,0,0,1,0,0,0,0,23.19,23.19,0.0,LOW-RISK PROVIDER PATTERN,NORMAL,No suspicious patterns identified
1366465866,MEDICAL_CLAIM,1,0,0.0,0,0,0,0,0,0,0,23.18,23.18,0.0,LOW-RISK PROVIDER PATTERN,NORMAL,No suspicious patterns identified
1395277490,PHARMACY_CLAIM,1,0,0.0,0,1,0,0,0,0,0,23.18,23.18,0.0,LOW-RISK PROVIDER PATTERN,NORMAL,No suspicious patterns identified
1528499969,MEDICAL_CLAIM,5,2,40.0,0,2,2,0,0,0,0,23.17,43.82,0.0,HIGH-RISK PROVIDER PATTERN,PROVIDER REQUIRING REVIEW,40.0% flagged records
1915230505,PHARMACY_CLAIM,1,0,0.0,0,0,1,0,0,0,0,23.17,23.17,0.0,LOW-RISK PROVIDER PATTERN,NORMAL,No suspicious patterns identified
1131330746,PHARMACY_CLAIM,1,0,0.0,0,0,1,0,0,0,0,23.15,23.15,0.0,LOW-RISK PROVIDER PATTERN,NORMAL,No suspicious patterns identified
1647634849,PHARMACY_CLAIM,1,0,0.0,0,1,0,0,0,0,0,23.15,23.15,0.0,LOW-RISK PROVIDER PATTERN,NORMAL,No suspicious patterns identified
1306048632,MEDICAL_CLAIM,1,0,0.0,0,0,0,0,0,0,0,23.14,23.14,0.0,LOW-RISK PROVIDER PATTERN,NORMAL,No suspicious patterns identified
1412499701,PHARMACY_CLAIM,1,0,0.0,0,1,0,0,0,0,0,23.14,23.14,0.0,LOW-RISK PROVIDER PATTERN,NORMAL,No suspicious patterns identified
1952127596,PHARMACY_CLAIM,1,0,0.0,0,0,1,0,0,0,0,23.14,23.14,0.0,LOW-RISK PROVIDER PATTERN,NORMAL,No suspicious patterns identified
1927350858,PHARMACY_CLAIM,1,0,0.0,0,1,0,0,0,0,0,23.13,23.13,0.0,LOW-RISK PROVIDER PATTERN,NORMAL,No suspicious patterns identified
1276157480,PHARMACY_CLAIM,1,0,0.0,0,1,0,0,0,0,0,23.12,23.12,0.0,LOW-RISK PROVIDER PATTERN,NORMAL,No suspicious patterns identified
1433329969,PRIOR_AUTH,1,0,0.0,0,1,0,0,0,0,0,23.12,23.12,100.0,LOW-RISK PROVIDER PATTERN,NORMAL,Empirical claim denial rate = 100.0%
1609384700,MEDICAL_CLAIM,10,5,50.0,0,5,5,0,0,0,0,23.11,44.64,0.0,HIGH-RISK PROVIDER PATTERN,PROVIDER REQUIRING REVIEW,50.0% flagged records
1668642081,PHARMACY_CLAIM,1,0,0.0,0,1,0,0,0,0,0,23.11,23.11,0.0,LOW-RISK PROVIDER PATTERN,NORMAL,No suspicious patterns identified
1310056432,PHARMACY_CLAIM,1,0,0.0,0,0,1,0,0,0,0,23.1,23.1,0.0,LOW-RISK PROVIDER PATTERN,NORMAL,No suspicious patterns identified
1501634185,PRIOR_AUTH,1,0,0.0,0,1,0,0,0,0,0,23.09,23.09,0.0,LOW-RISK PROVIDER PATTERN,NORMAL,No suspicious patterns identified
1729212672,PRIOR_AUTH,1,0,0.0,0,1,0,0,0,0,0,23.09,23.09,0.0,LOW-RISK PROVIDER PATTERN,NORMAL,No suspicious patterns identified
1518948595,MEDICAL_CLAIM,7,4,57.14,0,2,4,0,0,0,0,23.08,39.36,0.0,HIGH-RISK PROVIDER PATTERN,PROVIDER REQUIRING REVIEW,57.1% flagged records
1205531644,PHARMACY_CLAIM,1,0,0.0,0,0,1,0,0,0,0,23.08,23.08,0.0,LOW-RISK PROVIDER PATTERN,NORMAL,No suspicious patterns identified
1396188801,MEDICAL_CLAIM,3,2,66.67,0,1,1,0,0,0,0,23.07,33.51,0.0,HIGH-RISK PROVIDER PATTERN,PROVIDER REQUIRING REVIEW,66.7% flagged records
1750830600,MEDICAL_CLAIM,1,0,0.0,0,0,0,0,0,0,0,23.07,23.07,0.0,LOW-RISK PROVIDER PATTERN,NORMAL,No suspicious patterns identified
1255433736,MEDICAL_CLAIM,3,1,33.33,0,3,0,0,0,0,0,23.06,35.84,0.0,HIGH-RISK PROVIDER PATTERN,PROVIDER REQUIRING REVIEW,33.3% flagged records
1033453662,PRIOR_AUTH,1,0,0.0,0,1,0,0,0,0,0,23.06,23.06,0.0,LOW-RISK PROVIDER PATTERN,NORMAL,No suspicious patterns identified
1454622872,PRIOR_AUTH,1,0,0.0,0,1,0,0,0,0,0,23.06,23.06,0.0,LOW-RISK PROVIDER PATTERN,NORMAL,No suspicious patterns identified
1812254873,PRIOR_AUTH,1,0,0.0,0,1,0,0,0,0,0,23.06,23.06,0.0,LOW-RISK PROVIDER PATTERN,NORMAL,No suspicious patterns identified
1861480709,MEDICAL_CLAIM,1,0,0.0,0,0,1,0,0,0,0,23.06,23.06,0.0,LOW-RISK PROVIDER PATTERN,NORMAL,No suspicious patterns identified
1001678292,PRIOR_AUTH,1,0,0.0,0,1,0,0,0,0,0,23.04,23.04,0.0,LOW-RISK PROVIDER PATTERN,NORMAL,No suspicious patterns identified
1184094534,MEDICAL_CLAIM,1,0,0.0,0,0,1,0,0,0,0,23.02,23.02,0.0,LOW-RISK PROVIDER PATTERN,NORMAL,No suspicious patterns identified
1532792177,PRIOR_AUTH,1,0,0.0,0,1,0,0,0,0,0,23.01,23.01,0.0,LOW-RISK PROVIDER PATTERN,NORMAL,No suspicious patterns identified
1306832845,MEDICAL_CLAIM,1,0,0.0,0,0,0,0,0,0,0,23.0,23.0,0.0,LOW-RISK PROVIDER PATTERN,NORMAL,No suspicious patterns identified
1388100602,PRIOR_AUTH,1,0,0.0,0,0,1,1,0,0,0,23.0,23.0,0.0,LOW-RISK PROVIDER PATTERN,NORMAL,No suspicious patterns identified
1887243889,PRIOR_AUTH,1,0,0.0,0,0,1,0,0,0,0,23.0,23.0,0.0,LOW-RISK PROVIDER PATTERN,NORMAL,No suspicious patterns identified
1419678660,PRIOR_AUTH,1,0,0.0,0,1,0,0,0,0,0,22.99,22.99,0.0,LOW-RISK PROVIDER PATTERN,NORMAL,No suspicious patterns identified
1948264488,PRIOR_AUTH,1,0,0.0,0,1,0,0,0,0,0,22.99,22.99,0.0,LOW-RISK PROVIDER PATTERN,NORMAL,No suspicious patterns identified
1972788537,MEDICAL_CLAIM,2,1,50.0,0,1,1,0,0,0,0,22.98,25.31,0.0,HIGH-RISK PROVIDER PATTERN,PROVIDER REQUIRING REVIEW,50.0% flagged records
1164642419,MEDICAL_CLAIM,3,1,33.33,0,0,2,1,0,0,0,22.97,33.97,0.0,HIGH-RISK PROVIDER PATTERN,PROVIDER REQUIRING REVIEW,33.3% flagged records
1194713404,MEDICAL_CLAIM,1,0,0.0,0,0,1,0,0,0,0,22.97,22.97,0.0,LOW-RISK PROVIDER PATTERN,NORMAL,No suspicious patterns identified
1754858698,PRIOR_AUTH,1,0,0.0,0,1,0,0,0,0,0,22.95,22.95,0.0,LOW-RISK PROVIDER PATTERN,NORMAL,No suspicious patterns identified
1255646857,MEDICAL_CLAIM,2,0,0.0,0,0,2,0,0,0,0,22.92,23.24,0.0,LOW-RISK PROVIDER PATTERN,NORMAL,No suspicious patterns identified
1088286259,PHARMACY_CLAIM,1,0,0.0,0,0,1,0,0,0,0,22.92,22.92,0.0,LOW-RISK PROVIDER PATTERN,NORMAL,No suspicious patterns identified
1245256189,MEDICAL_CLAIM,1,0,0.0,0,0,1,0,0,0,0,22.92,22.92,0.0,LOW-RISK PROVIDER PATTERN,NORMAL,No suspicious patterns identified
1457802332,MEDICAL_CLAIM,1,0,0.0,0,1,0,0,0,0,0,22.92,22.92,0.0,LOW-RISK PROVIDER PATTERN,NORMAL,No suspicious patterns identified
1144230640,MEDICAL_CLAIM,2,0,0.0,0,0,2,0,0,0,0,22.91,23.36,0.0,LOW-RISK PROVIDER PATTERN,NORMAL,No suspicious patterns identified
1560024990,PRIOR_AUTH,1,0,0.0,0,1,0,0,0,0,0,22.91,22.91,100.0,LOW-RISK PROVIDER PATTERN,NORMAL,Empirical claim denial rate = 100.0%
1257589247,PHARMACY_CLAIM,1,0,0.0,0,1,0,0,0,0,0,22.9,22.9,0.0,LOW-RISK PROVIDER PATTERN,NORMAL,No suspicious patterns identified
1891082194,MEDICAL_CLAIM,2,1,50.0,0,1,1,0,0,0,0,22.89,38.54,0.0,HIGH-RISK PROVIDER PATTERN,PROVIDER REQUIRING REVIEW,50.0% flagged records
1405950597,PHARMACY_CLAIM,1,0,0.0,0,0,1,0,0,0,0,22.89,22.89,0.0,LOW-RISK PROVIDER PATTERN,NORMAL,No suspicious patterns identified
1649368523,MEDICAL_CLAIM,1,0,0.0,0,1,0,0,0,0,0,22.89,22.89,0.0,LOW-RISK PROVIDER PATTERN,NORMAL,No suspicious patterns identified
1022554316,PRIOR_AUTH,1,0,0.0,0,1,0,0,0,0,0,22.88,22.88,0.0,LOW-RISK PROVIDER PATTERN,NORMAL,No suspicious patterns identified
1720057810,PHARMACY_CLAIM,1,0,0.0,0,0,1,0,0,0,0,22.87,22.87,0.0,LOW-RISK PROVIDER PATTERN,NORMAL,No suspicious patterns identified
1932440146,MEDICAL_CLAIM,1,0,0.0,0,0,1,0,0,0,0,22.87,22.87,0.0,LOW-RISK PROVIDER PATTERN,NORMAL,No suspicious patterns identified
1708221013,PHARMACY_CLAIM,1,0,0.0,0,0,1,0,0,0,0,22.86,22.86,0.0,LOW-RISK PROVIDER PATTERN,NORMAL,No suspicious patterns identified
1838313953,PRIOR_AUTH,1,0,0.0,0,1,0,0,0,0,0,22.86,22.86,0.0,LOW-RISK PROVIDER PATTERN,NORMAL,No suspicious patterns identified
1841232755,PRIOR_AUTH,1,0,0.0,0,1,0,0,0,0,0,22.86,22.86,100.0,LOW-RISK PROVIDER PATTERN,NORMAL,Empirical claim denial rate = 100.0%
1249121481,PRIOR_AUTH,1,0,0.0,0,1,0,0,0,0,0,22.85,22.85,100.0,LOW-RISK PROVIDER PATTERN,NORMAL,Empirical claim denial rate = 100.0%
1602744356,PHARMACY_CLAIM,1,0,0.0,0,0,1,0,0,0,0,22.85,22.85,0.0,LOW-RISK PROVIDER PATTERN,NORMAL,No suspicious patterns identified
1842328458,PHARMACY_CLAIM,1,0,0.0,0,1,0,0,0,0,0,22.84,22.84,0.0,LOW-RISK PROVIDER PATTERN,NORMAL,No suspicious patterns identified
1901106980,PRIOR_AUTH,1,0,0.0,0,1,0,0,0,0,0,22.84,22.84,0.0,LOW-RISK PROVIDER PATTERN,NORMAL,No suspicious patterns identified
1902042852,PHARMACY_CLAIM,1,0,0.0,0,1,0,0,0,0,0,22.84,22.84,0.0,LOW-RISK PROVIDER PATTERN,NORMAL,No suspicious patterns identified
1427175090,MEDICAL_CLAIM,1,0,0.0,0,0,1,0,0,0,0,22.83,22.83,0.0,LOW-RISK PROVIDER PATTERN,NORMAL,No suspicious patterns identified
1457418659,MEDICAL_CLAIM,2,1,50.0,0,0,1,0,0,0,0,22.82,33.03,0.0,HIGH-RISK PROVIDER PATTERN,PROVIDER REQUIRING REVIEW,50.0% flagged records
1869566364,PRIOR_AUTH,1,0,0.0,0,1,0,0,0,0,0,22.82,22.82,0.0,LOW-RISK PROVIDER PATTERN,NORMAL,No suspicious patterns identified
1899542412,PRIOR_AUTH,1,0,0.0,0,1,0,0,0,0,0,22.82,22.82,0.0,LOW-RISK PROVIDER PATTERN,NORMAL,No suspicious patterns identified
1243003908,PHARMACY_CLAIM,1,0,0.0,0,0,1,0,0,0,0,22.8,22.8,0.0,LOW-RISK PROVIDER PATTERN,NORMAL,No suspicious patterns identified
1928647916,PHARMACY_CLAIM,1,0,0.0,0,0,1,0,0,0,0,22.8,22.8,0.0,LOW-RISK PROVIDER PATTERN,NORMAL,No suspicious patterns identified
1945418612,PRIOR_AUTH,1,0,0.0,0,1,0,0,0,0,0,22.8,22.8,0.0,LOW-RISK PROVIDER PATTERN,NORMAL,No suspicious patterns identified
1588952618,MEDICAL_CLAIM,1,0,0.0,0,0,1,0,0,0,0,22.78,22.78,0.0,LOW-RISK PROVIDER PATTERN,NORMAL,No suspicious patterns identified
1174878813,MEDICAL_CLAIM,4,2,50.0,0,2,3,0,0,0,0,22.77,45.65,0.0,HIGH-RISK PROVIDER PATTERN,PROVIDER REQUIRING REVIEW,50.0% flagged records
1568818151,MEDICAL_CLAIM,4,0,0.0,0,0,4,0,0,0,0,22.77,23.62,0.0,LOW-RISK PROVIDER PATTERN,NORMAL,No suspicious patterns identified
1356972533,MEDICAL_CLAIM,1,0,0.0,0,0,1,0,0,0,0,22.76,22.76,0.0,LOW-RISK PROVIDER PATTERN,NORMAL,No suspicious patterns identified
1407443727,PRIOR_AUTH,1,0,0.0,0,1,0,0,0,0,0,22.76,22.76,100.0,LOW-RISK PROVIDER PATTERN,NORMAL,Empirical claim denial rate = 100.0%
1039218639,PHARMACY_CLAIM,1,0,0.0,0,1,0,0,0,0,0,22.75,22.75,0.0,LOW-RISK PROVIDER PATTERN,NORMAL,No suspicious patterns identified
1380594270,PRIOR_AUTH,1,0,0.0,0,1,0,0,0,0,0,22.75,22.75,100.0,LOW-RISK PROVIDER PATTERN,NORMAL,Empirical claim denial rate = 100.0%
1411464440,PHARMACY_CLAIM,1,0,0.0,0,1,0,0,0,0,0,22.73,22.73,0.0,LOW-RISK PROVIDER PATTERN,NORMAL,No suspicious patterns identified
1016890230,PHARMACY_CLAIM,1,0,0.0,0,1,0,0,0,0,0,22.72,22.72,0.0,LOW-RISK PROVIDER PATTERN,NORMAL,No suspicious patterns identified
1548760119,MEDICAL_CLAIM,4,1,25.0,0,1,3,0,0,0,0,22.71,39.06,0.0,HIGH-RISK PROVIDER PATTERN,PROVIDER REQUIRING REVIEW,25.0% flagged records
1336579572,MEDICAL_CLAIM,3,2,66.67,0,1,2,0,0,0,0,22.71,39.94,0.0,HIGH-RISK PROVIDER PATTERN,PROVIDER REQUIRING REVIEW,66.7% flagged records
1396109500,MEDICAL_CLAIM,1,0,0.0,0,0,1,0,0,0,0,22.71,22.71,0.0,LOW-RISK PROVIDER PATTERN,NORMAL,No suspicious patterns identified
1223350881,PRIOR_AUTH,1,0,0.0,0,0,1,0,0,0,0,22.69,22.69,0.0,LOW-RISK PROVIDER PATTERN,NORMAL,No suspicious patterns identified
1234474244,PHARMACY_CLAIM,1,0,0.0,0,0,1,0,0,0,0,22.69,22.69,0.0,LOW-RISK PROVIDER PATTERN,NORMAL,No suspicious patterns identified
1295732188,MEDICAL_CLAIM,1,0,0.0,0,0,1,0,0,0,0,22.69,22.69,0.0,LOW-RISK PROVIDER PATTERN,NORMAL,No suspicious patterns identified
1541600630,PHARMACY_CLAIM,1,0,0.0,0,0,1,0,0,0,0,22.67,22.67,0.0,LOW-RISK PROVIDER PATTERN,NORMAL,No suspicious patterns identified
1496692413,PHARMACY_CLAIM,1,0,0.0,0,0,1,0,0,0,0,22.65,22.65,0.0,LOW-RISK PROVIDER PATTERN,NORMAL,No suspicious patterns identified
1762354620,PHARMACY_CLAIM,1,0,0.0,0,0,1,0,0,0,0,22.65,22.65,0.0,LOW-RISK PROVIDER PATTERN,NORMAL,No suspicious patterns identified
1646671073,PHARMACY_CLAIM,1,0,0.0,0,0,1,0,0,0,0,22.63,22.63,0.0,LOW-RISK PROVIDER PATTERN,NORMAL,No suspicious patterns identified
1789019354,PHARMACY_CLAIM,1,0,0.0,0,1,0,0,0,0,0,22.63,22.63,0.0,LOW-RISK PROVIDER PATTERN,NORMAL,No suspicious patterns identified
1886760798,PRIOR_AUTH,1,0,0.0,0,1,0,0,0,0,0,22.61,22.61,0.0,LOW-RISK PROVIDER PATTERN,NORMAL,No suspicious patterns identified
1091154457,PRIOR_AUTH,1,0,0.0,0,1,0,0,0,0,0,22.59,22.59,0.0,LOW-RISK PROVIDER PATTERN,NORMAL,No suspicious patterns identified
1634716773,PRIOR_AUTH,1,0,0.0,0,1,0,0,0,0,0,22.59,22.59,0.0,LOW-RISK PROVIDER PATTERN,NORMAL,No suspicious patterns identified
1811419607,PRIOR_AUTH,1,0,0.0,0,1,0,0,0,0,0,22.59,22.59,0.0,LOW-RISK PROVIDER PATTERN,NORMAL,No suspicious patterns identified
1860605020,PHARMACY_CLAIM,1,0,0.0,0,0,1,0,0,0,0,22.59,22.59,0.0,LOW-RISK PROVIDER PATTERN,NORMAL,No suspicious patterns identified
1668181860,PHARMACY_CLAIM,1,0,0.0,0,0,1,0,0,0,0,22.58,22.58,0.0,LOW-RISK PROVIDER PATTERN,NORMAL,No suspicious patterns identified
1669010369,MEDICAL_CLAIM,1,0,0.0,0,0,1,0,0,0,0,22.58,22.58,0.0,LOW-RISK PROVIDER PATTERN,NORMAL,No suspicious patterns identified
1933084112,PHARMACY_CLAIM,1,0,0.0,0,0,1,0,0,0,0,22.54,22.54,0.0,LOW-RISK PROVIDER PATTERN,NORMAL,No suspicious patterns identified
1679678197,MEDICAL_CLAIM,5,3,60.0,0,1,4,0,0,0,0,22.53,38.0,0.0,HIGH-RISK PROVIDER PATTERN,PROVIDER REQUIRING REVIEW,60.0% flagged records
1104249473,MEDICAL_CLAIM,2,1,50.0,0,0,1,0,0,0,0,22.51,32.61,0.0,HIGH-RISK PROVIDER PATTERN,PROVIDER REQUIRING REVIEW,50.0% flagged records
1134528235,PRIOR_AUTH,1,0,0.0,0,1,0,0,0,0,0,22.51,22.51,0.0,LOW-RISK PROVIDER PATTERN,NORMAL,No suspicious patterns identified
1478028557,PHARMACY_CLAIM,1,0,0.0,0,0,1,0,0,0,0,22.49,22.49,0.0,LOW-RISK PROVIDER PATTERN,NORMAL,No suspicious patterns identified
1629328836,MEDICAL_CLAIM,5,2,40.0,0,2,1,0,0,0,0,22.48,48.77,0.0,HIGH-RISK PROVIDER PATTERN,PROVIDER REQUIRING REVIEW,40.0% flagged records
1057479622,PHARMACY_CLAIM,1,0,0.0,0,1,0,0,0,0,0,22.48,22.48,0.0,LOW-RISK PROVIDER PATTERN,NORMAL,No suspicious patterns identified
1130440772,PHARMACY_CLAIM,1,0,0.0,0,0,1,1,0,0,0,22.48,22.48,0.0,LOW-RISK PROVIDER PATTERN,NORMAL,No suspicious patterns identified
1635167885,PHARMACY_CLAIM,1,0,0.0,0,0,1,1,0,0,0,22.48,22.48,0.0,LOW-RISK PROVIDER PATTERN,NORMAL,No suspicious patterns identified
1789149955,PRIOR_AUTH,1,0,0.0,0,1,0,0,0,0,0,22.48,22.48,100.0,LOW-RISK PROVIDER PATTERN,NORMAL,Empirical claim denial rate = 100.0%
1578235735,MEDICAL_CLAIM,2,0,0.0,0,0,2,0,0,0,0,22.45,22.55,0.0,LOW-RISK PROVIDER PATTERN,NORMAL,No suspicious patterns identified
1168730562,PRIOR_AUTH,1,0,0.0,0,1,0,0,0,0,0,22.43,22.43,100.0,LOW-RISK PROVIDER PATTERN,NORMAL,Empirical claim denial rate = 100.0%
1927881824,PHARMACY_CLAIM,1,0,0.0,0,1,0,0,0,0,0,22.43,22.43,0.0,LOW-RISK PROVIDER PATTERN,NORMAL,No suspicious patterns identified
1093855736,MEDICAL_CLAIM,3,2,66.67,0,1,1,0,0,0,0,22.42,32.57,0.0,HIGH-RISK PROVIDER PATTERN,PROVIDER REQUIRING REVIEW,66.7% flagged records
1092542335,PHARMACY_CLAIM,1,0,0.0,0,1,0,0,0,0,0,22.41,22.41,0.0,LOW-RISK PROVIDER PATTERN,NORMAL,No suspicious patterns identified
1927136234,PHARMACY_CLAIM,1,0,0.0,0,1,0,0,0,0,0,22.37,22.37,0.0,LOW-RISK PROVIDER PATTERN,NORMAL,No suspicious patterns identified
1250473210,PHARMACY_CLAIM,1,0,0.0,0,0,1,0,0,0,0,22.36,22.36,0.0,LOW-RISK PROVIDER PATTERN,NORMAL,No suspicious patterns identified
1481754943,PHARMACY_CLAIM,1,0,0.0,0,0,1,0,0,0,0,22.35,22.35,0.0,LOW-RISK PROVIDER PATTERN,NORMAL,No suspicious patterns identified
1811429806,MEDICAL_CLAIM,2,1,50.0,0,0,1,0,0,0,0,22.34,43.18,0.0,HIGH-RISK PROVIDER PATTERN,PROVIDER REQUIRING REVIEW,50.0% flagged records
1041998066,PRIOR_AUTH,1,0,0.0,0,1,0,0,0,0,0,22.34,22.34,0.0,LOW-RISK PROVIDER PATTERN,NORMAL,No suspicious patterns identified
1747552062,PHARMACY_CLAIM,1,0,0.0,0,0,1,0,0,0,0,22.34,22.34,0.0,LOW-RISK PROVIDER PATTERN,NORMAL,No suspicious patterns identified
1905376638,PHARMACY_CLAIM,1,0,0.0,0,1,0,0,0,0,0,22.33,22.33,0.0,LOW-RISK PROVIDER PATTERN,NORMAL,No suspicious patterns identified
1998406064,PHARMACY_CLAIM,1,0,0.0,0,0,1,0,0,0,0,22.33,22.33,0.0,LOW-RISK PROVIDER PATTERN,NORMAL,No suspicious patterns identified
1709501688,PHARMACY_CLAIM,1,0,0.0,0,0,1,0,0,0,0,22.31,22.31,0.0,LOW-RISK PROVIDER PATTERN,NORMAL,No suspicious patterns identified
1053789511,MEDICAL_CLAIM,1,0,0.0,0,0,1,0,0,0,0,22.29,22.29,0.0,LOW-RISK PROVIDER PATTERN,NORMAL,No suspicious patterns identified
1280943592,PHARMACY_CLAIM,1,0,0.0,0,0,1,0,0,0,0,22.29,22.29,0.0,LOW-RISK PROVIDER PATTERN,NORMAL,No suspicious patterns identified
1539341628,PRIOR_AUTH,1,0,0.0,0,1,0,0,0,0,0,22.29,22.29,0.0,LOW-RISK PROVIDER PATTERN,NORMAL,No suspicious patterns identified
1543386155,PRIOR_AUTH,1,0,0.0,0,0,0,0,0,0,0,22.29,22.29,0.0,LOW-RISK PROVIDER PATTERN,NORMAL,No suspicious patterns identified
1670279022,PHARMACY_CLAIM,1,0,0.0,0,1,0,0,0,0,0,22.28,22.28,0.0,LOW-RISK PROVIDER PATTERN,NORMAL,No suspicious patterns identified
1728865384,PHARMACY_CLAIM,1,0,0.0,0,0,1,0,0,0,0,22.27,22.27,0.0,LOW-RISK PROVIDER PATTERN,NORMAL,No suspicious patterns identified
1824516133,PRIOR_AUTH,1,0,0.0,0,1,0,0,0,0,0,22.25,22.25,0.0,LOW-RISK PROVIDER PATTERN,NORMAL,No suspicious patterns identified
1033284666,MEDICAL_CLAIM,1,0,0.0,0,0,1,0,0,0,0,22.24,22.24,0.0,LOW-RISK PROVIDER PATTERN,NORMAL,No suspicious patterns identified
1194908954,MEDICAL_CLAIM,3,1,33.33,0,1,1,0,0,0,0,22.23,41.81,0.0,HIGH-RISK PROVIDER PATTERN,PROVIDER REQUIRING REVIEW,33.3% flagged records
1060021778,PRIOR_AUTH,1,0,0.0,0,0,0,0,0,0,0,22.23,22.23,0.0,LOW-RISK PROVIDER PATTERN,NORMAL,No suspicious patterns identified
1455225473,PRIOR_AUTH,1,0,0.0,0,1,0,0,0,0,0,22.23,22.23,0.0,LOW-RISK PROVIDER PATTERN,NORMAL,No suspicious patterns identified
1827158807,PHARMACY_CLAIM,1,0,0.0,0,1,0,0,0,0,0,22.23,22.23,0.0,LOW-RISK PROVIDER PATTERN,NORMAL,No suspicious patterns identified
1841458882,MEDICAL_CLAIM,1,0,0.0,0,1,0,0,0,0,0,22.23,22.23,0.0,LOW-RISK PROVIDER PATTERN,NORMAL,No suspicious patterns identified
1084488906,PHARMACY_CLAIM,1,0,0.0,0,0,1,1,0,0,0,22.22,22.22,0.0,LOW-RISK PROVIDER PATTERN,NORMAL,No suspicious patterns identified
1486668894,PHARMACY_CLAIM,1,0,0.0,0,1,0,0,0,0,0,22.22,22.22,0.0,LOW-RISK PROVIDER PATTERN,NORMAL,No suspicious patterns identified
1955105617,PHARMACY_CLAIM,1,0,0.0,0,1,0,0,0,0,0,22.21,22.21,0.0,LOW-RISK PROVIDER PATTERN,NORMAL,No suspicious patterns identified
1821599397,PRIOR_AUTH,1,0,0.0,0,1,0,0,0,0,0,22.2,22.2,0.0,LOW-RISK PROVIDER PATTERN,NORMAL,No suspicious patterns identified
1117233697,PHARMACY_CLAIM,1,0,0.0,0,1,0,0,0,0,0,22.19,22.19,0.0,LOW-RISK PROVIDER PATTERN,NORMAL,No suspicious patterns identified
1271950297,PHARMACY_CLAIM,1,0,0.0,0,0,1,0,0,0,0,22.19,22.19,0.0,LOW-RISK PROVIDER PATTERN,NORMAL,No suspicious patterns identified
1016496881,PRIOR_AUTH,1,0,0.0,0,0,0,0,0,0,0,22.18,22.18,0.0,LOW-RISK PROVIDER PATTERN,NORMAL,No suspicious patterns identified
1053637249,MEDICAL_CLAIM,1,0,0.0,0,0,1,0,0,0,0,22.16,22.16,0.0,LOW-RISK PROVIDER PATTERN,NORMAL,No suspicious patterns identified
1376551429,PHARMACY_CLAIM,1,0,0.0,0,1,0,0,0,0,0,22.16,22.16,0.0,LOW-RISK PROVIDER PATTERN,NORMAL,No suspicious patterns identified
1609080855,PHARMACY_CLAIM,1,0,0.0,0,1,0,0,0,0,0,22.16,22.16,0.0,LOW-RISK PROVIDER PATTERN,NORMAL,No suspicious patterns identified
1714106787,PHARMACY_CLAIM,1,0,0.0,0,0,1,0,0,0,0,22.16,22.16,0.0,LOW-RISK PROVIDER PATTERN,NORMAL,No suspicious patterns identified
1942606454,MEDICAL_CLAIM,6,3,50.0,0,0,5,0,0,0,0,22.15,27.1,0.0,HIGH-RISK PROVIDER PATTERN,PROVIDER REQUIRING REVIEW,50.0% flagged records
1111431746,PRIOR_AUTH,1,0,0.0,0,1,0,0,0,0,0,22.14,22.14,0.0,LOW-RISK PROVIDER PATTERN,NORMAL,No suspicious patterns identified
1864136357,PHARMACY_CLAIM,1,0,0.0,0,0,1,0,0,0,0,22.14,22.14,0.0,LOW-RISK PROVIDER PATTERN,NORMAL,No suspicious patterns identified
1275605792,MEDICAL_CLAIM,3,1,33.33,0,1,2,0,0,0,0,22.12,28.56,0.0,HIGH-RISK PROVIDER PATTERN,PROVIDER REQUIRING REVIEW,33.3% flagged records
1013933944,MEDICAL_CLAIM,1,0,0.0,0,0,1,0,0,0,0,22.12,22.12,0.0,LOW-RISK PROVIDER PATTERN,NORMAL,No suspicious patterns identified
1175992044,PHARMACY_CLAIM,1,0,0.0,0,1,0,0,0,0,0,22.12,22.12,0.0,LOW-RISK PROVIDER PATTERN,NORMAL,No suspicious patterns identified
1083423880,PHARMACY_CLAIM,1,0,0.0,0,1,0,0,0,0,0,22.11,22.11,0.0,LOW-RISK PROVIDER PATTERN,NORMAL,No suspicious patterns identified
1300190817,PRIOR_AUTH,1,0,0.0,0,0,0,0,0,0,0,22.1,22.1,0.0,LOW-RISK PROVIDER PATTERN,NORMAL,No suspicious patterns identified
1423632597,PHARMACY_CLAIM,1,0,0.0,0,0,1,0,0,0,0,22.1,22.1,0.0,LOW-RISK PROVIDER PATTERN,NORMAL,No suspicious patterns identified
1783258999,PHARMACY_CLAIM,1,0,0.0,0,1,0,0,0,0,0,22.1,22.1,0.0,LOW-RISK PROVIDER PATTERN,NORMAL,No suspicious patterns identified
1033166095,MEDICAL_CLAIM,2,1,50.0,0,1,1,0,0,0,0,22.09,40.17,0.0,HIGH-RISK PROVIDER PATTERN,PROVIDER REQUIRING REVIEW,50.0% flagged records
1422550987,PRIOR_AUTH,1,0,0.0,0,1,0,0,0,0,0,22.09,22.09,100.0,LOW-RISK PROVIDER PATTERN,NORMAL,Empirical claim denial rate = 100.0%
1452454478,PHARMACY_CLAIM,1,0,0.0,0,0,1,0,0,0,0,22.09,22.09,0.0,LOW-RISK PROVIDER PATTERN,NORMAL,No suspicious patterns identified
1034193619,PRIOR_AUTH,1,0,0.0,0,1,0,0,0,0,0,22.06,22.06,100.0,LOW-RISK PROVIDER PATTERN,NORMAL,Empirical claim denial rate = 100.0%
1612058561,PRIOR_AUTH,1,0,0.0,0,1,0,0,0,0,0,22.05,22.05,0.0,LOW-RISK PROVIDER PATTERN,NORMAL,No suspicious patterns identified
1997114690,PHARMACY_CLAIM,1,0,0.0,0,0,1,0,0,0,0,22.05,22.05,0.0,LOW-RISK PROVIDER PATTERN,NORMAL,No suspicious patterns identified
1255591780,MEDICAL_CLAIM,3,1,33.33,0,1,2,0,0,0,0,22.04,39.25,0.0,HIGH-RISK PROVIDER PATTERN,PROVIDER REQUIRING REVIEW,33.3% flagged records
1881047338,PHARMACY_CLAIM,1,0,0.0,0,1,0,0,0,0,0,22.04,22.04,0.0,LOW-RISK PROVIDER PATTERN,NORMAL,No suspicious patterns identified
1956706173,PRIOR_AUTH,1,0,0.0,0,0,1,0,0,0,0,22.02,22.02,0.0,LOW-RISK PROVIDER PATTERN,NORMAL,No suspicious patterns identified
1882818888,PRIOR_AUTH,1,0,0.0,0,1,0,0,0,0,0,22.01,22.01,0.0,LOW-RISK PROVIDER PATTERN,NORMAL,No suspicious patterns identified
1715581694,PHARMACY_CLAIM,1,0,0.0,0,1,0,0,0,0,0,22.0,22.0,0.0,LOW-RISK PROVIDER PATTERN,NORMAL,No suspicious patterns identified
1548581929,PHARMACY_CLAIM,1,0,0.0,0,0,1,0,0,0,0,21.99,21.99,0.0,LOW-RISK PROVIDER PATTERN,NORMAL,No suspicious patterns identified
1934188338,PRIOR_AUTH,1,0,0.0,0,1,0,0,0,0,0,21.99,21.99,0.0,LOW-RISK PROVIDER PATTERN,NORMAL,No suspicious patterns identified
1051289881,PHARMACY_CLAIM,1,0,0.0,0,0,1,0,0,0,0,21.98,21.98,0.0,LOW-RISK PROVIDER PATTERN,NORMAL,No suspicious patterns identified
1428291404,PHARMACY_CLAIM,1,0,0.0,0,0,0,0,0,0,0,21.98,21.98,0.0,LOW-RISK PROVIDER PATTERN,NORMAL,No suspicious patterns identified
1141861755,PRIOR_AUTH,1,0,0.0,0,1,0,0,0,0,0,21.95,21.95,100.0,LOW-RISK PROVIDER PATTERN,NORMAL,Empirical claim denial rate = 100.0%
1099666116,PRIOR_AUTH,1,0,0.0,0,1,0,0,0,0,0,21.94,21.94,0.0,LOW-RISK PROVIDER PATTERN,NORMAL,No suspicious patterns identified
1868915616,PRIOR_AUTH,1,0,0.0,0,1,0,0,0,0,0,21.94,21.94,0.0,LOW-RISK PROVIDER PATTERN,NORMAL,No suspicious patterns identified
1764234241,PHARMACY_CLAIM,1,0,0.0,0,1,0,0,0,0,0,21.92,21.92,0.0,LOW-RISK PROVIDER PATTERN,NORMAL,No suspicious patterns identified
1597349709,PRIOR_AUTH,1,0,0.0,0,0,1,0,0,0,0,21.91,21.91,0.0,LOW-RISK PROVIDER PATTERN,NORMAL,No suspicious patterns identified
1605756582,PRIOR_AUTH,1,0,0.0,0,1,1,0,0,0,0,21.91,21.91,0.0,LOW-RISK PROVIDER PATTERN,NORMAL,No suspicious patterns identified
1521815787,PRIOR_AUTH,1,0,0.0,0,1,0,0,0,0,0,21.9,21.9,100.0,LOW-RISK PROVIDER PATTERN,NORMAL,Empirical claim denial rate = 100.0%
1154308518,MEDICAL_CLAIM,2,1,50.0,0,1,1,0,0,0,0,21.89,42.63,0.0,HIGH-RISK PROVIDER PATTERN,PROVIDER REQUIRING REVIEW,50.0% flagged records
1962777136,MEDICAL_CLAIM,2,1,50.0,0,1,1,0,0,0,0,21.89,25.47,0.0,HIGH-RISK PROVIDER PATTERN,PROVIDER REQUIRING REVIEW,50.0% flagged records
1199898927,PRIOR_AUTH,1,0,0.0,0,1,0,0,0,0,0,21.89,21.89,100.0,LOW-RISK PROVIDER PATTERN,NORMAL,Empirical claim denial rate = 100.0%
1430638222,PHARMACY_CLAIM,1,0,0.0,0,1,0,0,0,0,0,21.89,21.89,0.0,LOW-RISK PROVIDER PATTERN,NORMAL,No suspicious patterns identified
1851890107,MEDICAL_CLAIM,2,1,50.0,0,0,1,0,0,0,0,21.88,34.33,0.0,HIGH-RISK PROVIDER PATTERN,PROVIDER REQUIRING REVIEW,50.0% flagged records
1721962580,PHARMACY_CLAIM,1,0,0.0,0,1,0,0,0,0,0,21.88,21.88,0.0,LOW-RISK PROVIDER PATTERN,NORMAL,No suspicious patterns identified
1959341867,PRIOR_AUTH,1,0,0.0,0,1,0,0,0,0,0,21.88,21.88,100.0,LOW-RISK PROVIDER PATTERN,NORMAL,Empirical claim denial rate = 100.0%
1749447344,PHARMACY_CLAIM,1,0,0.0,0,0,1,0,0,0,0,21.87,21.87,0.0,LOW-RISK PROVIDER PATTERN,NORMAL,No suspicious patterns identified
1962425611,MEDICAL_CLAIM,2,1,50.0,0,2,0,0,0,0,0,21.86,29.94,0.0,HIGH-RISK PROVIDER PATTERN,PROVIDER REQUIRING REVIEW,50.0% flagged records
1499745622,PHARMACY_CLAIM,1,0,0.0,0,0,0,0,0,0,0,21.86,21.86,0.0,LOW-RISK PROVIDER PATTERN,NORMAL,No suspicious patterns identified
1639514094,MEDICAL_CLAIM,3,0,0.0,0,1,2,0,0,0,0,21.85,24.11,0.0,LOW-RISK PROVIDER PATTERN,NORMAL,No suspicious patterns identified
1336516178,MEDICAL_CLAIM,1,0,0.0,0,1,0,0,0,0,0,21.85,21.85,0.0,LOW-RISK PROVIDER PATTERN,NORMAL,No suspicious patterns identified
1801261029,MEDICAL_CLAIM,4,2,50.0,0,0,2,0,0,0,0,21.83,33.38,0.0,HIGH-RISK PROVIDER PATTERN,PROVIDER REQUIRING REVIEW,50.0% flagged records
1071095582,PHARMACY_CLAIM,1,0,0.0,0,0,1,0,0,0,0,21.83,21.83,0.0,LOW-RISK PROVIDER PATTERN,NORMAL,No suspicious patterns identified
1669847668,PHARMACY_CLAIM,1,0,0.0,0,1,0,0,0,0,0,21.83,21.83,0.0,LOW-RISK PROVIDER PATTERN,NORMAL,No suspicious patterns identified
1286550281,PRIOR_AUTH,1,0,0.0,0,1,0,0,0,0,0,21.8,21.8,0.0,LOW-RISK PROVIDER PATTERN,NORMAL,No suspicious patterns identified
1657499083,PRIOR_AUTH,1,0,0.0,0,1,0,0,0,0,0,21.8,21.8,0.0,LOW-RISK PROVIDER PATTERN,NORMAL,No suspicious patterns identified
1773542100,PRIOR_AUTH,1,0,0.0,0,1,0,0,0,0,0,21.8,21.8,0.0,LOW-RISK PROVIDER PATTERN,NORMAL,No suspicious patterns identified
1700827896,MEDICAL_CLAIM,3,1,33.33,0,1,2,0,0,0,0,21.77,25.91,0.0,HIGH-RISK PROVIDER PATTERN,PROVIDER REQUIRING REVIEW,33.3% flagged records
1089003008,PHARMACY_CLAIM,1,0,0.0,0,1,0,0,0,0,0,21.77,21.77,0.0,LOW-RISK PROVIDER PATTERN,NORMAL,No suspicious patterns identified
1184613234,MEDICAL_CLAIM,3,2,66.67,0,1,2,0,0,0,0,21.76,27.22,0.0,HIGH-RISK PROVIDER PATTERN,PROVIDER REQUIRING REVIEW,66.7% flagged records
1258716619,PRIOR_AUTH,1,0,0.0,0,1,0,0,0,0,0,21.75,21.75,0.0,LOW-RISK PROVIDER PATTERN,NORMAL,No suspicious patterns identified
1351162185,PRIOR_AUTH,1,0,0.0,0,1,0,0,0,0,0,21.75,21.75,100.0,LOW-RISK PROVIDER PATTERN,NORMAL,Empirical claim denial rate = 100.0%
1482755120,PHARMACY_CLAIM,1,0,0.0,0,0,1,0,0,0,0,21.75,21.75,0.0,LOW-RISK PROVIDER PATTERN,NORMAL,No suspicious patterns identified
1891060828,MEDICAL_CLAIM,1,0,0.0,0,1,0,0,0,0,0,21.75,21.75,0.0,LOW-RISK PROVIDER PATTERN,NORMAL,No suspicious patterns identified
1976809354,PHARMACY_CLAIM,1,0,0.0,0,1,0,0,0,0,0,21.75,21.75,0.0,LOW-RISK PROVIDER PATTERN,NORMAL,No suspicious patterns identified
1702241557,PHARMACY_CLAIM,1,0,0.0,0,0,1,0,0,0,0,21.73,21.73,0.0,LOW-RISK PROVIDER PATTERN,NORMAL,No suspicious patterns identified
1376591432,PHARMACY_CLAIM,1,0,0.0,0,0,1,0,0,0,0,21.72,21.72,0.0,LOW-RISK PROVIDER PATTERN,NORMAL,No suspicious patterns identified
1569708414,PRIOR_AUTH,1,0,0.0,0,1,0,0,0,0,0,21.72,21.72,0.0,LOW-RISK PROVIDER PATTERN,NORMAL,No suspicious patterns identified
1841585498,PRIOR_AUTH,1,0,0.0,0,1,0,0,0,0,0,21.72,21.72,0.0,LOW-RISK PROVIDER PATTERN,NORMAL,No suspicious patterns identified
1346297367,PHARMACY_CLAIM,1,0,0.0,0,1,0,0,0,0,0,21.69,21.69,0.0,LOW-RISK PROVIDER PATTERN,NORMAL,No suspicious patterns identified
1897758910,PHARMACY_CLAIM,1,0,0.0,0,1,0,0,0,0,0,21.69,21.69,0.0,LOW-RISK PROVIDER PATTERN,NORMAL,No suspicious patterns identified
1366803032,PHARMACY_CLAIM,1,0,0.0,0,0,1,0,0,0,0,21.68,21.68,0.0,LOW-RISK PROVIDER PATTERN,NORMAL,No suspicious patterns identified
1540971130,PRIOR_AUTH,1,0,0.0,0,1,0,0,0,0,0,21.68,21.68,100.0,LOW-RISK PROVIDER PATTERN,NORMAL,Empirical claim denial rate = 100.0%
1942506837,MEDICAL_CLAIM,2,0,0.0,0,1,1,0,0,0,0,21.66,22.39,0.0,LOW-RISK PROVIDER PATTERN,NORMAL,No suspicious patterns identified
1853255822,PRIOR_AUTH,1,0,0.0,0,1,0,0,0,0,0,21.66,21.66,100.0,LOW-RISK PROVIDER PATTERN,NORMAL,Empirical claim denial rate = 100.0%
1998147261,PHARMACY_CLAIM,1,0,0.0,0,0,1,0,0,0,0,21.66,21.66,0.0,LOW-RISK PROVIDER PATTERN,NORMAL,No suspicious patterns identified
1818235823,PHARMACY_CLAIM,1,0,0.0,0,1,0,0,0,0,0,21.65,21.65,0.0,LOW-RISK PROVIDER PATTERN,NORMAL,No suspicious patterns identified
1340954431,PHARMACY_CLAIM,1,0,0.0,0,1,0,0,0,0,0,21.64,21.64,0.0,LOW-RISK PROVIDER PATTERN,NORMAL,No suspicious patterns identified
1205889540,MEDICAL_CLAIM,2,0,0.0,0,2,0,0,0,0,0,21.63,21.82,0.0,LOW-RISK PROVIDER PATTERN,NORMAL,No suspicious patterns identified
1476946248,PHARMACY_CLAIM,1,0,0.0,0,0,1,0,0,0,0,21.61,21.61,0.0,LOW-RISK PROVIDER PATTERN,NORMAL,No suspicious patterns identified
1111508140,PRIOR_AUTH,1,0,0.0,0,0,0,0,0,0,0,21.6,21.6,0.0,LOW-RISK PROVIDER PATTERN,NORMAL,No suspicious patterns identified
1134246747,MEDICAL_CLAIM,1,0,0.0,0,1,0,0,0,0,0,21.6,21.6,0.0,LOW-RISK PROVIDER PATTERN,NORMAL,No suspicious patterns identified
1216789716,PRIOR_AUTH,1,0,0.0,0,0,0,0,0,0,0,21.6,21.6,0.0,LOW-RISK PROVIDER PATTERN,NORMAL,No suspicious patterns identified
1671674660,PRIOR_AUTH,1,0,0.0,0,0,0,0,0,0,0,21.6,21.6,0.0,LOW-RISK PROVIDER PATTERN,NORMAL,No suspicious patterns identified
1110705511,PHARMACY_CLAIM,1,0,0.0,0,0,1,0,0,0,0,21.58,21.58,0.0,LOW-RISK PROVIDER PATTERN,NORMAL,No suspicious patterns identified
1415495857,PRIOR_AUTH,1,0,0.0,0,1,0,0,0,0,0,21.57,21.57,100.0,LOW-RISK PROVIDER PATTERN,NORMAL,Empirical claim denial rate = 100.0%
1990754586,PRIOR_AUTH,1,0,0.0,0,0,1,0,0,0,0,21.57,21.57,0.0,LOW-RISK PROVIDER PATTERN,NORMAL,No suspicious patterns identified
1048208898,PHARMACY_CLAIM,1,0,0.0,0,0,1,0,0,0,0,21.55,21.55,0.0,LOW-RISK PROVIDER PATTERN,NORMAL,No suspicious patterns identified
1248311324,PHARMACY_CLAIM,1,0,0.0,0,1,0,0,0,0,0,21.55,21.55,0.0,LOW-RISK PROVIDER PATTERN,NORMAL,No suspicious patterns identified
1641804672,PRIOR_AUTH,1,0,0.0,0,0,0,0,0,0,0,21.55,21.55,0.0,LOW-RISK PROVIDER PATTERN,NORMAL,No suspicious patterns identified
1528573037,MEDICAL_CLAIM,2,1,50.0,0,0,1,0,0,0,0,21.54,32.92,0.0,HIGH-RISK PROVIDER PATTERN,PROVIDER REQUIRING REVIEW,50.0% flagged records
1591685190,PRIOR_AUTH,1,0,0.0,0,0,0,0,0,0,0,21.54,21.54,0.0,LOW-RISK PROVIDER PATTERN,NORMAL,No suspicious patterns identified
1610938170,PHARMACY_CLAIM,1,0,0.0,0,0,1,0,0,0,0,21.54,21.54,0.0,LOW-RISK PROVIDER PATTERN,NORMAL,No suspicious patterns identified
1056448593,PHARMACY_CLAIM,1,0,0.0,0,0,1,0,0,0,0,21.53,21.53,0.0,LOW-RISK PROVIDER PATTERN,NORMAL,No suspicious patterns identified
1159348124,PHARMACY_CLAIM,1,0,0.0,0,1,0,0,0,0,0,21.52,21.52,0.0,LOW-RISK PROVIDER PATTERN,NORMAL,No suspicious patterns identified
1043856416,PHARMACY_CLAIM,1,0,0.0,0,1,0,0,0,0,0,21.51,21.51,0.0,LOW-RISK PROVIDER PATTERN,NORMAL,No suspicious patterns identified
1052347143,PHARMACY_CLAIM,1,0,0.0,0,0,1,0,0,0,0,21.5,21.5,0.0,LOW-RISK PROVIDER PATTERN,NORMAL,No suspicious patterns identified
1118275836,PHARMACY_CLAIM,1,0,0.0,0,0,1,0,0,0,0,21.48,21.48,0.0,LOW-RISK PROVIDER PATTERN,NORMAL,No suspicious patterns identified
1512992526,PHARMACY_CLAIM,1,0,0.0,0,1,0,0,0,0,0,21.47,21.47,0.0,LOW-RISK PROVIDER PATTERN,NORMAL,No suspicious patterns identified
1538337089,PHARMACY_CLAIM,1,0,0.0,0,1,0,0,0,0,0,21.47,21.47,0.0,LOW-RISK PROVIDER PATTERN,NORMAL,No suspicious patterns identified
1765397792,PHARMACY_CLAIM,1,0,0.0,0,0,1,0,0,0,0,21.47,21.47,0.0,LOW-RISK PROVIDER PATTERN,NORMAL,No suspicious patterns identified
1375360095,PHARMACY_CLAIM,1,0,0.0,0,1,0,0,0,0,0,21.45,21.45,0.0,LOW-RISK PROVIDER PATTERN,NORMAL,No suspicious patterns identified
1895563326,PRIOR_AUTH,1,0,0.0,0,1,0,0,0,0,0,21.45,21.45,0.0,LOW-RISK PROVIDER PATTERN,NORMAL,No suspicious patterns identified
1285171199,MEDICAL_CLAIM,1,0,0.0,0,1,0,0,0,0,0,21.44,21.44,0.0,LOW-RISK PROVIDER PATTERN,NORMAL,No suspicious patterns identified
1551224124,PHARMACY_CLAIM,1,0,0.0,0,1,0,0,0,0,0,21.44,21.44,0.0,LOW-RISK PROVIDER PATTERN,NORMAL,No suspicious patterns identified
1536968464,PHARMACY_CLAIM,1,0,0.0,0,0,1,0,0,0,0,21.43,21.43,0.0,LOW-RISK PROVIDER PATTERN,NORMAL,No suspicious patterns identified
1164083374,MEDICAL_CLAIM,2,1,50.0,0,1,0,0,0,0,0,21.41,29.72,0.0,HIGH-RISK PROVIDER PATTERN,PROVIDER REQUIRING REVIEW,50.0% flagged records
1660469758,PRIOR_AUTH,1,0,0.0,0,1,0,0,0,0,0,21.41,21.41,100.0,LOW-RISK PROVIDER PATTERN,NORMAL,Empirical claim denial rate = 100.0%
1013277060,MEDICAL_CLAIM,5,2,40.0,0,0,4,0,0,0,0,21.4,32.96,0.0,HIGH-RISK PROVIDER PATTERN,PROVIDER REQUIRING REVIEW,40.0% flagged records
1689612164,PRIOR_AUTH,1,0,0.0,0,1,0,0,0,0,0,21.4,21.4,0.0,LOW-RISK PROVIDER PATTERN,NORMAL,No suspicious patterns identified
1887439353,PRIOR_AUTH,1,0,0.0,0,1,0,0,0,0,0,21.4,21.4,0.0,LOW-RISK PROVIDER PATTERN,NORMAL,No suspicious patterns identified
1943746761,PRIOR_AUTH,1,0,0.0,0,1,0,0,0,0,0,21.4,21.4,0.0,LOW-RISK PROVIDER PATTERN,NORMAL,No suspicious patterns identified
1427097716,MEDICAL_CLAIM,11,5,45.45,0,3,5,0,0,0,0,21.39,49.2,0.0,HIGH-RISK PROVIDER PATTERN,PROVIDER REQUIRING REVIEW,45.5% flagged records
1548293343,MEDICAL_CLAIM,9,3,33.33,0,3,4,0,0,0,0,21.39,38.42,0.0,HIGH-RISK PROVIDER PATTERN,PROVIDER REQUIRING REVIEW,33.3% flagged records
1174579262,MEDICAL_CLAIM,1,0,0.0,0,1,0,0,0,0,0,21.39,21.39,0.0,LOW-RISK PROVIDER PATTERN,NORMAL,No suspicious patterns identified
1609906565,PRIOR_AUTH,1,0,0.0,0,0,0,0,0,0,0,21.39,21.39,0.0,LOW-RISK PROVIDER PATTERN,NORMAL,No suspicious patterns identified
1417244989,MEDICAL_CLAIM,2,1,50.0,0,1,1,0,0,0,0,21.38,37.85,0.0,HIGH-RISK PROVIDER PATTERN,PROVIDER REQUIRING REVIEW,50.0% flagged records
1350314271,PHARMACY_CLAIM,1,0,0.0,0,0,1,0,0,0,0,21.38,21.38,0.0,LOW-RISK PROVIDER PATTERN,NORMAL,No suspicious patterns identified
1627296270,PRIOR_AUTH,1,0,0.0,0,1,0,0,0,0,0,21.38,21.38,0.0,LOW-RISK PROVIDER PATTERN,NORMAL,No suspicious patterns identified
1863463925,PHARMACY_CLAIM,1,0,0.0,0,0,1,0,0,0,0,21.37,21.37,0.0,LOW-RISK PROVIDER PATTERN,NORMAL,No suspicious patterns identified
1210043456,PRIOR_AUTH,1,0,0.0,0,1,0,0,0,0,0,21.36,21.36,0.0,LOW-RISK PROVIDER PATTERN,NORMAL,No suspicious patterns identified
1969022573,PHARMACY_CLAIM,1,0,0.0,0,1,0,0,0,0,0,21.36,21.36,0.0,LOW-RISK PROVIDER PATTERN,NORMAL,No suspicious patterns identified
1013331110,PRIOR_AUTH,1,0,0.0,0,1,0,0,0,0,0,21.35,21.35,0.0,LOW-RISK PROVIDER PATTERN,NORMAL,No suspicious patterns identified
1770770273,MEDICAL_CLAIM,1,0,0.0,0,1,0,0,0,0,0,21.35,21.35,0.0,LOW-RISK PROVIDER PATTERN,NORMAL,No suspicious patterns identified
1225085319,MEDICAL_CLAIM,6,2,33.33,0,1,2,0,0,0,0,21.33,39.98,0.0,HIGH-RISK PROVIDER PATTERN,PROVIDER REQUIRING REVIEW,33.3% flagged records
1531462488,PHARMACY_CLAIM,1,0,0.0,0,1,0,0,0,0,0,21.33,21.33,0.0,LOW-RISK PROVIDER PATTERN,NORMAL,No suspicious patterns identified
1704602240,PHARMACY_CLAIM,1,0,0.0,0,0,1,0,0,0,0,21.33,21.33,0.0,LOW-RISK PROVIDER PATTERN,NORMAL,No suspicious patterns identified
1181151237,PHARMACY_CLAIM,1,0,0.0,0,1,0,0,0,0,0,21.32,21.32,0.0,LOW-RISK PROVIDER PATTERN,NORMAL,No suspicious patterns identified
1252508980,PRIOR_AUTH,1,0,0.0,0,1,0,0,0,0,0,21.32,21.32,100.0,LOW-RISK PROVIDER PATTERN,NORMAL,Empirical claim denial rate = 100.0%
1518301694,PHARMACY_CLAIM,1,0,0.0,0,0,1,0,0,0,0,21.32,21.32,0.0,LOW-RISK PROVIDER PATTERN,NORMAL,No suspicious patterns identified
1710276597,PHARMACY_CLAIM,1,0,0.0,0,0,1,0,0,0,0,21.32,21.32,0.0,LOW-RISK PROVIDER PATTERN,NORMAL,No suspicious patterns identified
1305116196,PHARMACY_CLAIM,1,0,0.0,0,0,1,0,0,0,0,21.3,21.3,0.0,LOW-RISK PROVIDER PATTERN,NORMAL,No suspicious patterns identified
1136753635,PHARMACY_CLAIM,1,0,0.0,0,0,1,0,0,0,0,21.29,21.29,0.0,LOW-RISK PROVIDER PATTERN,NORMAL,No suspicious patterns identified
1878943227,PRIOR_AUTH,1,0,0.0,0,1,0,0,0,0,0,21.27,21.27,0.0,LOW-RISK PROVIDER PATTERN,NORMAL,No suspicious patterns identified
1202382314,PHARMACY_CLAIM,1,0,0.0,0,1,0,0,0,0,0,21.26,21.26,0.0,LOW-RISK PROVIDER PATTERN,NORMAL,No suspicious patterns identified
1266906131,PRIOR_AUTH,1,0,0.0,0,1,0,0,0,0,0,21.26,21.26,100.0,LOW-RISK PROVIDER PATTERN,NORMAL,Empirical claim denial rate = 100.0%
1607940650,PHARMACY_CLAIM,1,0,0.0,0,0,1,0,0,0,0,21.26,21.26,0.0,LOW-RISK PROVIDER PATTERN,NORMAL,No suspicious patterns identified
1116381384,PRIOR_AUTH,1,0,0.0,0,1,0,0,0,0,0,21.24,21.24,0.0,LOW-RISK PROVIDER PATTERN,NORMAL,No suspicious patterns identified
1503166170,PHARMACY_CLAIM,1,0,0.0,0,0,1,0,0,0,0,21.23,21.23,0.0,LOW-RISK PROVIDER PATTERN,NORMAL,No suspicious patterns identified
1480470651,PHARMACY_CLAIM,1,0,0.0,0,0,1,0,0,0,0,21.22,21.22,0.0,LOW-RISK PROVIDER PATTERN,NORMAL,No suspicious patterns identified
1182295033,PRIOR_AUTH,1,0,0.0,0,1,0,0,0,0,0,21.21,21.21,100.0,LOW-RISK PROVIDER PATTERN,NORMAL,Empirical claim denial rate = 100.0%
1641944891,PRIOR_AUTH,1,0,0.0,0,0,0,0,0,0,0,21.21,21.21,0.0,LOW-RISK PROVIDER PATTERN,NORMAL,No suspicious patterns identified
1754415136,PHARMACY_CLAIM,1,0,0.0,0,1,0,0,0,0,0,21.21,21.21,0.0,LOW-RISK PROVIDER PATTERN,NORMAL,No suspicious patterns identified
1790376424,MEDICAL_CLAIM,1,0,0.0,0,0,0,0,0,0,0,21.21,21.21,0.0,LOW-RISK PROVIDER PATTERN,NORMAL,No suspicious patterns identified
1107853483,PRIOR_AUTH,1,0,0.0,0,1,0,0,0,0,0,21.2,21.2,100.0,LOW-RISK PROVIDER PATTERN,NORMAL,Empirical claim denial rate = 100.0%
1326214571,PHARMACY_CLAIM,1,0,0.0,0,0,1,0,0,0,0,21.19,21.19,0.0,LOW-RISK PROVIDER PATTERN,NORMAL,No suspicious patterns identified
1979316090,PRIOR_AUTH,1,0,0.0,0,1,0,0,0,0,0,21.19,21.19,0.0,LOW-RISK PROVIDER PATTERN,NORMAL,No suspicious patterns identified
1676405539,PHARMACY_CLAIM,1,0,0.0,0,0,1,0,0,0,0,21.18,21.18,0.0,LOW-RISK PROVIDER PATTERN,NORMAL,No suspicious patterns identified
1396746988,MEDICAL_CLAIM,6,2,33.33,0,1,4,0,0,0,0,21.17,39.31,0.0,HIGH-RISK PROVIDER PATTERN,PROVIDER REQUIRING REVIEW,33.3% flagged records
1144206602,PRIOR_AUTH,1,0,0.0,0,1,0,0,0,0,0,21.17,21.17,100.0,LOW-RISK PROVIDER PATTERN,NORMAL,Empirical claim denial rate = 100.0%
1152011881,PHARMACY_CLAIM,1,0,0.0,0,0,1,0,0,0,0,21.17,21.17,0.0,LOW-RISK PROVIDER PATTERN,NORMAL,No suspicious patterns identified
1231021967,PRIOR_AUTH,1,0,0.0,0,1,0,0,0,0,0,21.17,21.17,100.0,LOW-RISK PROVIDER PATTERN,NORMAL,Empirical claim denial rate = 100.0%
1273313382,PHARMACY_CLAIM,1,0,0.0,0,0,1,0,0,0,0,21.17,21.17,0.0,LOW-RISK PROVIDER PATTERN,NORMAL,No suspicious patterns identified
1831920714,PHARMACY_CLAIM,1,0,0.0,0,1,0,0,0,0,0,21.16,21.16,0.0,LOW-RISK PROVIDER PATTERN,NORMAL,No suspicious patterns identified
1225073034,MEDICAL_CLAIM,2,0,0.0,0,0,1,0,0,0,0,21.15,22.2,0.0,LOW-RISK PROVIDER PATTERN,NORMAL,No suspicious patterns identified
1264856854,PHARMACY_CLAIM,1,0,0.0,0,0,1,0,0,0,0,21.12,21.12,0.0,LOW-RISK PROVIDER PATTERN,NORMAL,No suspicious patterns identified
1517979394,PHARMACY_CLAIM,1,0,0.0,0,0,1,0,0,0,0,21.12,21.12,0.0,LOW-RISK PROVIDER PATTERN,NORMAL,No suspicious patterns identified
1685425380,PRIOR_AUTH,1,0,0.0,0,1,0,0,0,0,0,21.12,21.12,0.0,LOW-RISK PROVIDER PATTERN,NORMAL,No suspicious patterns identified
1932539608,MEDICAL_CLAIM,3,1,33.33,0,1,2,0,0,0,0,21.11,38.92,0.0,HIGH-RISK PROVIDER PATTERN,PROVIDER REQUIRING REVIEW,33.3% flagged records
1357042649,PRIOR_AUTH,1,0,0.0,0,1,0,0,0,0,0,21.11,21.11,100.0,LOW-RISK PROVIDER PATTERN,NORMAL,Empirical claim denial rate = 100.0%
1740329422,PHARMACY_CLAIM,1,0,0.0,0,1,0,0,0,0,0,21.07,21.07,0.0,LOW-RISK PROVIDER PATTERN,NORMAL,No suspicious patterns identified
1875745879,PHARMACY_CLAIM,1,0,0.0,0,0,1,0,0,0,0,21.07,21.07,0.0,LOW-RISK PROVIDER PATTERN,NORMAL,No suspicious patterns identified
1639576812,MEDICAL_CLAIM,3,1,33.33,0,1,2,0,0,0,0,21.06,35.64,0.0,HIGH-RISK PROVIDER PATTERN,PROVIDER REQUIRING REVIEW,33.3% flagged records
1548244171,MEDICAL_CLAIM,2,1,50.0,0,1,0,0,0,0,0,21.06,25.47,0.0,HIGH-RISK PROVIDER PATTERN,PROVIDER REQUIRING REVIEW,50.0% flagged records
1110980725,PHARMACY_CLAIM,1,0,0.0,0,1,0,0,0,0,0,21.06,21.06,0.0,LOW-RISK PROVIDER PATTERN,NORMAL,No suspicious patterns identified
1167746150,PRIOR_AUTH,1,0,0.0,0,0,0,0,0,0,0,21.06,21.06,0.0,LOW-RISK PROVIDER PATTERN,NORMAL,No suspicious patterns identified
1341323689,PHARMACY_CLAIM,1,0,0.0,0,1,0,0,0,0,0,21.06,21.06,0.0,LOW-RISK PROVIDER PATTERN,NORMAL,No suspicious patterns identified
1592500137,PRIOR_AUTH,1,0,0.0,0,0,0,0,0,0,0,21.06,21.06,0.0,LOW-RISK PROVIDER PATTERN,NORMAL,No suspicious patterns identified
1711019122,PRIOR_AUTH,1,0,0.0,0,0,0,0,0,0,0,21.06,21.06,0.0,LOW-RISK PROVIDER PATTERN,NORMAL,No suspicious patterns identified
1872239442,PRIOR_AUTH,1,0,0.0,0,1,0,0,0,0,0,21.04,21.04,0.0,LOW-RISK PROVIDER PATTERN,NORMAL,No suspicious patterns identified
1269968138,PHARMACY_CLAIM,1,0,0.0,0,0,1,0,0,0,0,21.02,21.02,0.0,LOW-RISK PROVIDER PATTERN,NORMAL,No suspicious patterns identified
1402177217,PHARMACY_CLAIM,1,0,0.0,0,0,1,0,0,0,0,21.02,21.02,0.0,LOW-RISK PROVIDER PATTERN,NORMAL,No suspicious patterns identified
1952114272,PRIOR_AUTH,1,0,0.0,0,1,0,0,0,0,0,21.02,21.02,0.0,LOW-RISK PROVIDER PATTERN,NORMAL,No suspicious patterns identified
1263598224,PRIOR_AUTH,1,0,0.0,0,1,0,0,0,0,0,21.01,21.01,0.0,LOW-RISK PROVIDER PATTERN,NORMAL,No suspicious patterns identified
1850267166,PRIOR_AUTH,1,0,0.0,0,1,0,0,0,0,0,21.01,21.01,0.0,LOW-RISK PROVIDER PATTERN,NORMAL,No suspicious patterns identified
1750530424,MEDICAL_CLAIM,3,2,66.67,0,0,2,0,0,0,0,21.0,31.49,0.0,HIGH-RISK PROVIDER PATTERN,PROVIDER REQUIRING REVIEW,66.7% flagged records
1510234373,PHARMACY_CLAIM,1,0,0.0,0,0,1,0,0,0,0,21.0,21.0,0.0,LOW-RISK PROVIDER PATTERN,NORMAL,No suspicious patterns identified
1184004590,MEDICAL_CLAIM,11,4,36.36,0,3,7,0,0,0,0,20.99,37.86,0.0,HIGH-RISK PROVIDER PATTERN,PROVIDER REQUIRING REVIEW,36.4% flagged records
1020025465,PRIOR_AUTH,1,0,0.0,0,1,0,0,0,0,0,20.97,20.97,100.0,LOW-RISK PROVIDER PATTERN,NORMAL,Empirical claim denial rate = 100.0%
1451142606,PHARMACY_CLAIM,1,0,0.0,0,0,1,0,0,0,0,20.97,20.97,0.0,LOW-RISK PROVIDER PATTERN,NORMAL,No suspicious patterns identified
1654219628,PHARMACY_CLAIM,1,0,0.0,0,1,0,0,0,0,0,20.97,20.97,0.0,LOW-RISK PROVIDER PATTERN,NORMAL,No suspicious patterns identified
1712799907,PRIOR_AUTH,1,0,0.0,0,1,0,0,0,0,0,20.97,20.97,100.0,LOW-RISK PROVIDER PATTERN,NORMAL,Empirical claim denial rate = 100.0%
1598765398,MEDICAL_CLAIM,7,3,42.86,0,2,4,0,0,0,0,20.96,38.86,0.0,HIGH-RISK PROVIDER PATTERN,PROVIDER REQUIRING REVIEW,42.9% flagged records
1015480675,PRIOR_AUTH,1,0,0.0,0,0,1,0,0,0,0,20.95,20.95,0.0,LOW-RISK PROVIDER PATTERN,NORMAL,No suspicious patterns identified
1680783945,PHARMACY_CLAIM,1,0,0.0,0,0,1,0,0,0,0,20.95,20.95,0.0,LOW-RISK PROVIDER PATTERN,NORMAL,No suspicious patterns identified
1911801891,PRIOR_AUTH,1,0,0.0,0,0,0,0,0,0,0,20.95,20.95,0.0,LOW-RISK PROVIDER PATTERN,NORMAL,No suspicious patterns identified
1850788495,PHARMACY_CLAIM,1,0,0.0,0,0,1,0,0,0,0,20.94,20.94,0.0,LOW-RISK PROVIDER PATTERN,NORMAL,No suspicious patterns identified
1911924541,PHARMACY_CLAIM,1,0,0.0,0,0,1,1,0,0,0,20.94,20.94,0.0,LOW-RISK PROVIDER PATTERN,NORMAL,No suspicious patterns identified
1248527750,PHARMACY_CLAIM,1,0,0.0,0,0,1,0,0,0,0,20.92,20.92,0.0,LOW-RISK PROVIDER PATTERN,NORMAL,No suspicious patterns identified
1933441621,PRIOR_AUTH,1,0,0.0,0,1,0,0,0,0,0,20.91,20.91,100.0,LOW-RISK PROVIDER PATTERN,NORMAL,Empirical claim denial rate = 100.0%
1037855356,PRIOR_AUTH,1,0,0.0,0,1,0,0,0,0,0,20.89,20.89,0.0,LOW-RISK PROVIDER PATTERN,NORMAL,No suspicious patterns identified
1033428214,MEDICAL_CLAIM,1,0,0.0,0,1,0,0,0,0,0,20.87,20.87,0.0,LOW-RISK PROVIDER PATTERN,NORMAL,No suspicious patterns identified
1128970394,PHARMACY_CLAIM,1,0,0.0,0,0,1,1,0,0,0,20.87,20.87,0.0,LOW-RISK PROVIDER PATTERN,NORMAL,No suspicious patterns identified
1689766206,MEDICAL_CLAIM,1,0,0.0,0,1,0,0,0,0,0,20.87,20.87,0.0,LOW-RISK PROVIDER PATTERN,NORMAL,No suspicious patterns identified
1911428525,PHARMACY_CLAIM,1,0,0.0,0,0,1,0,0,0,0,20.87,20.87,0.0,LOW-RISK PROVIDER PATTERN,NORMAL,No suspicious patterns identified
1770785644,MEDICAL_CLAIM,2,1,50.0,0,1,1,0,0,0,0,20.86,40.7,0.0,HIGH-RISK PROVIDER PATTERN,PROVIDER REQUIRING REVIEW,50.0% flagged records
1623533175,PHARMACY_CLAIM,1,0,0.0,0,0,1,0,0,0,0,20.86,20.86,0.0,LOW-RISK PROVIDER PATTERN,NORMAL,No suspicious patterns identified
1285171934,MEDICAL_CLAIM,2,0,0.0,0,1,1,0,0,0,0,20.85,24.59,0.0,LOW-RISK PROVIDER PATTERN,NORMAL,No suspicious patterns identified
1730248972,MEDICAL_CLAIM,2,1,50.0,0,1,1,0,0,0,0,20.85,36.3,0.0,HIGH-RISK PROVIDER PATTERN,PROVIDER REQUIRING REVIEW,50.0% flagged records
1071028037,PHARMACY_CLAIM,1,0,0.0,0,0,1,0,0,0,0,20.85,20.85,0.0,LOW-RISK PROVIDER PATTERN,NORMAL,No suspicious patterns identified
1706877304,PRIOR_AUTH,1,0,0.0,0,1,0,0,0,0,0,20.85,20.85,100.0,LOW-RISK PROVIDER PATTERN,NORMAL,Empirical claim denial rate = 100.0%
1398971457,PRIOR_AUTH,1,0,0.0,0,1,0,0,0,0,0,20.84,20.84,0.0,LOW-RISK PROVIDER PATTERN,NORMAL,No suspicious patterns identified
1462684380,PRIOR_AUTH,1,0,0.0,0,0,1,0,0,0,0,20.84,20.84,0.0,LOW-RISK PROVIDER PATTERN,NORMAL,No suspicious patterns identified
1511474421,PRIOR_AUTH,1,0,0.0,0,1,0,0,0,0,0,20.84,20.84,0.0,LOW-RISK PROVIDER PATTERN,NORMAL,No suspicious patterns identified
1658863689,PRIOR_AUTH,1,0,0.0,0,1,0,0,0,0,0,20.84,20.84,0.0,LOW-RISK PROVIDER PATTERN,NORMAL,No suspicious patterns identified
1894398148,PRIOR_AUTH,1,0,0.0,0,1,0,0,0,0,0,20.84,20.84,0.0,LOW-RISK PROVIDER PATTERN,NORMAL,No suspicious patterns identified
1905044132,PRIOR_AUTH,1,0,0.0,0,1,0,0,0,0,0,20.84,20.84,0.0,LOW-RISK PROVIDER PATTERN,NORMAL,No suspicious patterns identified
1797275027,PHARMACY_CLAIM,1,0,0.0,0,1,0,0,0,0,0,20.83,20.83,0.0,LOW-RISK PROVIDER PATTERN,NORMAL,No suspicious patterns identified
1597574444,PHARMACY_CLAIM,1,0,0.0,0,0,1,0,0,0,0,20.82,20.82,0.0,LOW-RISK PROVIDER PATTERN,NORMAL,No suspicious patterns identified
1795556857,PHARMACY_CLAIM,1,0,0.0,0,1,0,0,0,0,0,20.81,20.81,0.0,LOW-RISK PROVIDER PATTERN,NORMAL,No suspicious patterns identified
1946395327,PRIOR_AUTH,1,0,0.0,0,0,0,0,0,0,0,20.81,20.81,0.0,LOW-RISK PROVIDER PATTERN,NORMAL,No suspicious patterns identified
1197533099,PHARMACY_CLAIM,1,0,0.0,0,0,1,0,0,0,0,20.8,20.8,0.0,LOW-RISK PROVIDER PATTERN,NORMAL,No suspicious patterns identified
1402067919,PRIOR_AUTH,1,0,0.0,0,0,0,0,0,0,0,20.8,20.8,0.0,LOW-RISK PROVIDER PATTERN,NORMAL,No suspicious patterns identified
1841215985,MEDICAL_CLAIM,1,0,0.0,0,1,0,0,0,0,0,20.79,20.79,0.0,LOW-RISK PROVIDER PATTERN,NORMAL,No suspicious patterns identified
1871626267,MEDICAL_CLAIM,3,1,33.33,0,0,1,0,0,0,0,20.78,45.17,0.0,HIGH-RISK PROVIDER PATTERN,PROVIDER REQUIRING REVIEW,33.3% flagged records
1808737838,PHARMACY_CLAIM,1,0,0.0,0,1,0,0,0,0,0,20.78,20.78,0.0,LOW-RISK PROVIDER PATTERN,NORMAL,No suspicious patterns identified
1932588795,MEDICAL_CLAIM,1,0,0.0,0,1,0,0,0,0,0,20.78,20.78,0.0,LOW-RISK PROVIDER PATTERN,NORMAL,No suspicious patterns identified
1673698712,PRIOR_AUTH,1,0,0.0,0,1,0,0,0,0,0,20.77,20.77,100.0,LOW-RISK PROVIDER PATTERN,NORMAL,Empirical claim denial rate = 100.0%
1990569473,PHARMACY_CLAIM,1,0,0.0,0,0,0,0,0,0,0,20.77,20.77,0.0,LOW-RISK PROVIDER PATTERN,NORMAL,No suspicious patterns identified
1699322164,MEDICAL_CLAIM,3,1,33.33,0,2,1,0,0,0,0,20.75,28.94,0.0,HIGH-RISK PROVIDER PATTERN,PROVIDER REQUIRING REVIEW,33.3% flagged records
1004414098,PRIOR_AUTH,1,0,0.0,0,0,0,0,0,0,0,20.74,20.74,0.0,LOW-RISK PROVIDER PATTERN,NORMAL,No suspicious patterns identified
1097687830,PHARMACY_CLAIM,1,0,0.0,0,0,1,0,0,0,0,20.74,20.74,0.0,LOW-RISK PROVIDER PATTERN,NORMAL,No suspicious patterns identified
1376492553,PRIOR_AUTH,1,0,0.0,0,0,0,0,0,0,0,20.74,20.74,0.0,LOW-RISK PROVIDER PATTERN,NORMAL,No suspicious patterns identified
1428276387,PHARMACY_CLAIM,1,0,0.0,0,1,0,0,0,0,0,20.74,20.74,0.0,LOW-RISK PROVIDER PATTERN,NORMAL,No suspicious patterns identified
1722125811,PRIOR_AUTH,1,0,0.0,0,1,0,0,0,0,0,20.74,20.74,100.0,LOW-RISK PROVIDER PATTERN,NORMAL,Empirical claim denial rate = 100.0%
1893093738,PRIOR_AUTH,1,0,0.0,0,0,0,0,0,0,0,20.74,20.74,0.0,LOW-RISK PROVIDER PATTERN,NORMAL,No suspicious patterns identified
1538284401,MEDICAL_CLAIM,3,1,33.33,0,0,2,0,0,0,0,20.73,30.53,0.0,HIGH-RISK PROVIDER PATTERN,PROVIDER REQUIRING REVIEW,33.3% flagged records
1388525483,PHARMACY_CLAIM,1,0,0.0,0,1,0,0,0,0,0,20.73,20.73,0.0,LOW-RISK PROVIDER PATTERN,NORMAL,No suspicious patterns identified
1427363597,MEDICAL_CLAIM,3,0,0.0,0,1,2,0,0,0,0,20.72,24.77,0.0,LOW-RISK PROVIDER PATTERN,NORMAL,No suspicious patterns identified
1303246874,PRIOR_AUTH,1,0,0.0,0,1,0,0,0,0,0,20.71,20.71,100.0,LOW-RISK PROVIDER PATTERN,NORMAL,Empirical claim denial rate = 100.0%
1809887091,PRIOR_AUTH,1,0,0.0,0,0,0,0,0,0,0,20.71,20.71,0.0,LOW-RISK PROVIDER PATTERN,NORMAL,No suspicious patterns identified
1892682945,PHARMACY_CLAIM,1,0,0.0,0,1,0,0,0,0,0,20.71,20.71,0.0,LOW-RISK PROVIDER PATTERN,NORMAL,No suspicious patterns identified
1183941191,PRIOR_AUTH,1,0,0.0,0,1,0,0,0,0,0,20.69,20.69,100.0,LOW-RISK PROVIDER PATTERN,NORMAL,Empirical claim denial rate = 100.0%
1333143958,PRIOR_AUTH,1,0,0.0,0,1,0,0,0,0,0,20.69,20.69,100.0,LOW-RISK PROVIDER PATTERN,NORMAL,Empirical claim denial rate = 100.0%
1649544490,PRIOR_AUTH,1,0,0.0,0,1,0,0,0,0,0,20.69,20.69,100.0,LOW-RISK PROVIDER PATTERN,NORMAL,Empirical claim denial rate = 100.0%
1859491925,PRIOR_AUTH,1,0,0.0,0,1,0,0,0,0,0,20.68,20.68,100.0,LOW-RISK PROVIDER PATTERN,NORMAL,Empirical claim denial rate = 100.0%
1841921916,PHARMACY_CLAIM,1,0,0.0,0,0,1,0,0,0,0,20.67,20.67,0.0,LOW-RISK PROVIDER PATTERN,NORMAL,No suspicious patterns identified
1508143186,PRIOR_AUTH,1,0,0.0,0,1,0,0,0,0,0,20.66,20.66,100.0,LOW-RISK PROVIDER PATTERN,NORMAL,Empirical claim denial rate = 100.0%
1804228546,PHARMACY_CLAIM,1,0,0.0,0,0,1,0,0,0,0,20.66,20.66,0.0,LOW-RISK PROVIDER PATTERN,NORMAL,No suspicious patterns identified
1992137426,MEDICAL_CLAIM,5,2,40.0,0,3,1,0,0,0,0,20.65,30.31,0.0,HIGH-RISK PROVIDER PATTERN,PROVIDER REQUIRING REVIEW,40.0% flagged records
1160159999,PHARMACY_CLAIM,1,0,0.0,0,0,1,0,0,0,0,20.65,20.65,0.0,LOW-RISK PROVIDER PATTERN,NORMAL,No suspicious patterns identified
1730838083,PRIOR_AUTH,1,0,0.0,0,1,0,0,0,0,0,20.65,20.65,100.0,LOW-RISK PROVIDER PATTERN,NORMAL,Empirical claim denial rate = 100.0%
1275079654,PHARMACY_CLAIM,1,0,0.0,0,0,1,0,0,0,0,20.64,20.64,0.0,LOW-RISK PROVIDER PATTERN,NORMAL,No suspicious patterns identified
1952523095,PHARMACY_CLAIM,1,0,0.0,0,1,0,0,0,0,0,20.63,20.63,0.0,LOW-RISK PROVIDER PATTERN,NORMAL,No suspicious patterns identified
1589802746,PHARMACY_CLAIM,1,0,0.0,0,1,0,0,0,0,0,20.62,20.62,0.0,LOW-RISK PROVIDER PATTERN,NORMAL,No suspicious patterns identified
1588611925,PHARMACY_CLAIM,1,0,0.0,0,0,1,0,0,0,0,20.61,20.61,0.0,LOW-RISK PROVIDER PATTERN,NORMAL,No suspicious patterns identified
1407369390,MEDICAL_CLAIM,3,0,0.0,0,3,0,0,0,0,0,20.6,20.94,0.0,LOW-RISK PROVIDER PATTERN,NORMAL,No suspicious patterns identified
1118170182,PHARMACY_CLAIM,1,0,0.0,0,0,1,0,0,0,0,20.6,20.6,0.0,LOW-RISK PROVIDER PATTERN,NORMAL,No suspicious patterns identified
1544504046,PRIOR_AUTH,1,0,0.0,0,1,0,0,0,0,0,20.6,20.6,0.0,LOW-RISK PROVIDER PATTERN,NORMAL,No suspicious patterns identified
1625074545,PRIOR_AUTH,1,0,0.0,0,1,0,0,0,0,0,20.6,20.6,0.0,LOW-RISK PROVIDER PATTERN,NORMAL,No suspicious patterns identified
1689473226,PRIOR_AUTH,1,0,0.0,0,1,0,0,0,0,0,20.6,20.6,0.0,LOW-RISK PROVIDER PATTERN,NORMAL,No suspicious patterns identified
1691633305,PHARMACY_CLAIM,1,0,0.0,0,1,0,0,0,0,0,20.6,20.6,0.0,LOW-RISK PROVIDER PATTERN,NORMAL,No suspicious patterns identified
1877674590,PRIOR_AUTH,1,0,0.0,0,0,0,0,0,0,0,20.59,20.59,0.0,LOW-RISK PROVIDER PATTERN,NORMAL,No suspicious patterns identified
1962896548,MEDICAL_CLAIM,7,1,14.29,0,4,2,0,0,0,0,20.58,40.68,0.0,HIGH-RISK PROVIDER PATTERN,PROVIDER REQUIRING REVIEW,14.3% flagged records
1556998152,PHARMACY_CLAIM,1,0,0.0,0,1,0,0,0,0,0,20.58,20.58,0.0,LOW-RISK PROVIDER PATTERN,NORMAL,No suspicious patterns identified
1135035991,PRIOR_AUTH,1,0,0.0,0,1,0,0,0,0,0,20.57,20.57,0.0,LOW-RISK PROVIDER PATTERN,NORMAL,No suspicious patterns identified
1912557923,PHARMACY_CLAIM,1,0,0.0,0,0,1,0,0,0,0,20.57,20.57,0.0,LOW-RISK PROVIDER PATTERN,NORMAL,No suspicious patterns identified
1072651343,PHARMACY_CLAIM,1,0,0.0,0,0,1,0,0,0,0,20.56,20.56,0.0,LOW-RISK PROVIDER PATTERN,NORMAL,No suspicious patterns identified
1370709567,PRIOR_AUTH,1,0,0.0,0,0,0,0,0,0,0,20.56,20.56,0.0,LOW-RISK PROVIDER PATTERN,NORMAL,No suspicious patterns identified
1555593560,PRIOR_AUTH,1,0,0.0,0,0,0,0,0,0,0,20.56,20.56,0.0,LOW-RISK PROVIDER PATTERN,NORMAL,No suspicious patterns identified
1684842710,PHARMACY_CLAIM,1,0,0.0,0,0,1,0,0,0,0,20.56,20.56,0.0,LOW-RISK PROVIDER PATTERN,NORMAL,No suspicious patterns identified
1881157263,PHARMACY_CLAIM,1,0,0.0,0,0,0,0,0,0,0,20.55,20.55,0.0,LOW-RISK PROVIDER PATTERN,NORMAL,No suspicious patterns identified
1893427826,PRIOR_AUTH,1,0,0.0,0,0,0,0,0,0,0,20.54,20.54,0.0,LOW-RISK PROVIDER PATTERN,NORMAL,No suspicious patterns identified
1063668473,MEDICAL_CLAIM,4,1,25.0,0,3,1,0,0,0,0,20.53,35.59,0.0,HIGH-RISK PROVIDER PATTERN,PROVIDER REQUIRING REVIEW,25.0% flagged records
1806280379,PHARMACY_CLAIM,1,0,0.0,0,0,1,0,0,0,0,20.53,20.53,0.0,LOW-RISK PROVIDER PATTERN,NORMAL,No suspicious patterns identified
1033756861,MEDICAL_CLAIM,3,2,66.67,0,1,1,0,0,0,0,20.52,29.35,0.0,HIGH-RISK PROVIDER PATTERN,PROVIDER REQUIRING REVIEW,66.7% flagged records
1255319976,MEDICAL_CLAIM,3,1,33.33,0,1,1,0,0,0,0,20.51,38.14,0.0,HIGH-RISK PROVIDER PATTERN,PROVIDER REQUIRING REVIEW,33.3% flagged records
1143230474,PHARMACY_CLAIM,1,0,0.0,0,1,0,0,0,0,0,20.51,20.51,0.0,LOW-RISK PROVIDER PATTERN,NORMAL,No suspicious patterns identified
1603967575,PRIOR_AUTH,1,0,0.0,0,1,0,0,0,0,0,20.5,20.5,100.0,LOW-RISK PROVIDER PATTERN,NORMAL,Empirical claim denial rate = 100.0%
1003293465,MEDICAL_CLAIM,4,1,25.0,0,2,1,0,0,0,0,20.49,30.3,0.0,HIGH-RISK PROVIDER PATTERN,PROVIDER REQUIRING REVIEW,25.0% flagged records
1548472475,MEDICAL_CLAIM,2,1,50.0,0,0,1,0,0,0,0,20.49,29.5,0.0,HIGH-RISK PROVIDER PATTERN,PROVIDER REQUIRING REVIEW,50.0% flagged records
1189856884,PHARMACY_CLAIM,1,0,0.0,0,1,0,0,0,0,0,20.49,20.49,0.0,LOW-RISK PROVIDER PATTERN,NORMAL,No suspicious patterns identified
1497955678,MEDICAL_CLAIM,1,0,0.0,0,0,0,0,0,0,0,20.49,20.49,0.0,LOW-RISK PROVIDER PATTERN,NORMAL,No suspicious patterns identified
1556003845,PHARMACY_CLAIM,1,0,0.0,0,0,1,0,0,0,0,20.49,20.49,0.0,LOW-RISK PROVIDER PATTERN,NORMAL,No suspicious patterns identified
1598095325,MEDICAL_CLAIM,2,1,50.0,0,0,1,0,0,0,0,20.48,31.31,0.0,HIGH-RISK PROVIDER PATTERN,PROVIDER REQUIRING REVIEW,50.0% flagged records
1380787559,PRIOR_AUTH,1,0,0.0,0,1,0,0,0,0,0,20.47,20.47,0.0,LOW-RISK PROVIDER PATTERN,NORMAL,No suspicious patterns identified
1436823347,PRIOR_AUTH,1,0,0.0,0,1,0,0,0,0,0,20.47,20.47,0.0,LOW-RISK PROVIDER PATTERN,NORMAL,No suspicious patterns identified
1467116916,PRIOR_AUTH,1,0,0.0,0,1,0,0,0,0,0,20.47,20.47,0.0,LOW-RISK PROVIDER PATTERN,NORMAL,No suspicious patterns identified
1591564716,PRIOR_AUTH,1,0,0.0,0,1,0,0,0,0,0,20.47,20.47,0.0,LOW-RISK PROVIDER PATTERN,NORMAL,No suspicious patterns identified
1871169193,MEDICAL_CLAIM,2,1,50.0,0,0,1,0,0,0,0,20.46,29.66,0.0,HIGH-RISK PROVIDER PATTERN,PROVIDER REQUIRING REVIEW,50.0% flagged records
1268109277,PRIOR_AUTH,1,0,0.0,0,1,0,0,0,0,0,20.46,20.46,100.0,LOW-RISK PROVIDER PATTERN,NORMAL,Empirical claim denial rate = 100.0%
1841763323,MEDICAL_CLAIM,1,0,0.0,0,1,0,0,0,0,0,20.46,20.46,0.0,LOW-RISK PROVIDER PATTERN,NORMAL,No suspicious patterns identified
1592048519,PHARMACY_CLAIM,1,0,0.0,0,1,0,0,0,0,0,20.45,20.45,0.0,LOW-RISK PROVIDER PATTERN,NORMAL,No suspicious patterns identified
1724738668,PRIOR_AUTH,1,0,0.0,0,1,0,0,0,0,0,20.45,20.45,100.0,LOW-RISK PROVIDER PATTERN,NORMAL,Empirical claim denial rate = 100.0%
1259624849,PHARMACY_CLAIM,1,0,0.0,0,0,1,0,0,0,0,20.42,20.42,0.0,LOW-RISK PROVIDER PATTERN,NORMAL,No suspicious patterns identified
1493728738,PRIOR_AUTH,1,0,0.0,0,1,0,0,0,0,0,20.41,20.41,0.0,LOW-RISK PROVIDER PATTERN,NORMAL,No suspicious patterns identified
1729252436,PHARMACY_CLAIM,1,0,0.0,0,0,1,0,0,0,0,20.41,20.41,0.0,LOW-RISK PROVIDER PATTERN,NORMAL,No suspicious patterns identified
1962145139,PHARMACY_CLAIM,1,0,0.0,0,0,1,0,0,0,0,20.41,20.41,0.0,LOW-RISK PROVIDER PATTERN,NORMAL,No suspicious patterns identified
1224845503,PHARMACY_CLAIM,1,0,0.0,0,1,0,0,0,0,0,20.4,20.4,0.0,LOW-RISK PROVIDER PATTERN,NORMAL,No suspicious patterns identified
1413313904,PHARMACY_CLAIM,1,0,0.0,0,0,1,0,0,0,0,20.4,20.4,0.0,LOW-RISK PROVIDER PATTERN,NORMAL,No suspicious patterns identified
1992161780,MEDICAL_CLAIM,3,2,66.67,0,0,2,0,0,0,0,20.39,27.25,0.0,HIGH-RISK PROVIDER PATTERN,PROVIDER REQUIRING REVIEW,66.7% flagged records
1265026249,MEDICAL_CLAIM,2,1,50.0,0,0,1,0,0,0,0,20.39,29.48,0.0,HIGH-RISK PROVIDER PATTERN,PROVIDER REQUIRING REVIEW,50.0% flagged records
1405090164,PRIOR_AUTH,1,0,0.0,0,0,1,0,0,0,0,20.39,20.39,0.0,LOW-RISK PROVIDER PATTERN,NORMAL,No suspicious patterns identified
1411553554,PRIOR_AUTH,1,0,0.0,0,1,0,0,0,0,0,20.39,20.39,100.0,LOW-RISK PROVIDER PATTERN,NORMAL,Empirical claim denial rate = 100.0%
1953785760,PRIOR_AUTH,1,0,0.0,0,0,1,0,0,0,0,20.39,20.39,0.0,LOW-RISK PROVIDER PATTERN,NORMAL,No suspicious patterns identified
1497773055,MEDICAL_CLAIM,5,3,60.0,0,2,3,0,0,0,0,20.38,30.93,0.0,HIGH-RISK PROVIDER PATTERN,PROVIDER REQUIRING REVIEW,60.0% flagged records
1669302978,PHARMACY_CLAIM,1,0,0.0,0,0,1,0,0,0,0,20.38,20.38,0.0,LOW-RISK PROVIDER PATTERN,NORMAL,No suspicious patterns identified
1838996618,PHARMACY_CLAIM,1,0,0.0,0,0,1,0,0,0,0,20.37,20.37,0.0,LOW-RISK PROVIDER PATTERN,NORMAL,No suspicious patterns identified
1174139158,MEDICAL_CLAIM,2,0,0.0,0,1,1,0,0,0,0,20.36,22.08,0.0,LOW-RISK PROVIDER PATTERN,NORMAL,No suspicious patterns identified
1103829453,PHARMACY_CLAIM,1,0,0.0,0,0,1,0,0,0,0,20.36,20.36,0.0,LOW-RISK PROVIDER PATTERN,NORMAL,No suspicious patterns identified
1622559226,PHARMACY_CLAIM,1,0,0.0,0,0,1,0,0,0,0,20.36,20.36,0.0,LOW-RISK PROVIDER PATTERN,NORMAL,No suspicious patterns identified
1767425280,PHARMACY_CLAIM,1,0,0.0,0,0,1,0,0,0,0,20.35,20.35,0.0,LOW-RISK PROVIDER PATTERN,NORMAL,No suspicious patterns identified
1788450095,PRIOR_AUTH,1,0,0.0,0,1,0,0,0,0,0,20.35,20.35,100.0,LOW-RISK PROVIDER PATTERN,NORMAL,Empirical claim denial rate = 100.0%
1940636141,PRIOR_AUTH,1,0,0.0,0,1,0,0,0,0,0,20.35,20.35,100.0,LOW-RISK PROVIDER PATTERN,NORMAL,Empirical claim denial rate = 100.0%
1039621000,PHARMACY_CLAIM,1,0,0.0,0,1,0,0,0,0,0,20.34,20.34,0.0,LOW-RISK PROVIDER PATTERN,NORMAL,No suspicious patterns identified
1976108219,PHARMACY_CLAIM,1,0,0.0,0,0,1,0,0,0,0,20.33,20.33,0.0,LOW-RISK PROVIDER PATTERN,NORMAL,No suspicious patterns identified
1391521726,PHARMACY_CLAIM,1,0,0.0,0,0,0,0,0,0,0,20.3,20.3,0.0,LOW-RISK PROVIDER PATTERN,NORMAL,No suspicious patterns identified
1555831345,PHARMACY_CLAIM,1,0,0.0,0,1,0,0,0,0,0,20.3,20.3,0.0,LOW-RISK PROVIDER PATTERN,NORMAL,No suspicious patterns identified
1648357430,PHARMACY_CLAIM,1,0,0.0,0,0,1,0,0,0,0,20.3,20.3,0.0,LOW-RISK PROVIDER PATTERN,NORMAL,No suspicious patterns identified
1741345261,PRIOR_AUTH,1,0,0.0,0,1,0,0,0,0,0,20.3,20.3,100.0,LOW-RISK PROVIDER PATTERN,NORMAL,Empirical claim denial rate = 100.0%
1796871848,PHARMACY_CLAIM,1,0,0.0,0,1,0,0,0,0,0,20.3,20.3,0.0,LOW-RISK PROVIDER PATTERN,NORMAL,No suspicious patterns identified
1368628954,PHARMACY_CLAIM,1,0,0.0,0,0,1,0,0,0,0,20.29,20.29,0.0,LOW-RISK PROVIDER PATTERN,NORMAL,No suspicious patterns identified
1162489757,PHARMACY_CLAIM,1,0,0.0,0,0,1,0,0,0,0,20.26,20.26,0.0,LOW-RISK PROVIDER PATTERN,NORMAL,No suspicious patterns identified
1884045461,PRIOR_AUTH,1,0,0.0,0,0,0,0,0,0,0,20.26,20.26,0.0,LOW-RISK PROVIDER PATTERN,NORMAL,No suspicious patterns identified
1867447214,PHARMACY_CLAIM,1,0,0.0,0,0,1,0,0,0,0,20.25,20.25,0.0,LOW-RISK PROVIDER PATTERN,NORMAL,No suspicious patterns identified
1154342335,MEDICAL_CLAIM,2,1,50.0,0,0,1,0,0,0,0,20.24,32.68,0.0,HIGH-RISK PROVIDER PATTERN,PROVIDER REQUIRING REVIEW,50.0% flagged records
1043166158,PHARMACY_CLAIM,1,0,0.0,0,0,1,0,0,0,0,20.24,20.24,0.0,LOW-RISK PROVIDER PATTERN,NORMAL,No suspicious patterns identified
1835439500,PRIOR_AUTH,1,0,0.0,0,1,0,0,0,0,0,20.24,20.24,100.0,LOW-RISK PROVIDER PATTERN,NORMAL,Empirical claim denial rate = 100.0%
1790055952,MEDICAL_CLAIM,1,0,0.0,0,1,0,0,0,0,0,20.23,20.23,0.0,LOW-RISK PROVIDER PATTERN,NORMAL,No suspicious patterns identified
1929467494,PHARMACY_CLAIM,1,0,0.0,0,1,0,0,0,0,0,20.22,20.22,0.0,LOW-RISK PROVIDER PATTERN,NORMAL,No suspicious patterns identified
1934605581,PHARMACY_CLAIM,1,0,0.0,0,0,0,0,0,0,0,20.22,20.22,0.0,LOW-RISK PROVIDER PATTERN,NORMAL,No suspicious patterns identified
1033514302,MEDICAL_CLAIM,2,1,50.0,0,1,1,0,0,0,0,20.21,35.1,0.0,HIGH-RISK PROVIDER PATTERN,PROVIDER REQUIRING REVIEW,50.0% flagged records
1012224267,PHARMACY_CLAIM,1,0,0.0,0,0,1,0,0,0,0,20.21,20.21,0.0,LOW-RISK PROVIDER PATTERN,NORMAL,No suspicious patterns identified
1693049903,PRIOR_AUTH,1,0,0.0,0,1,0,0,0,0,0,20.21,20.21,0.0,LOW-RISK PROVIDER PATTERN,NORMAL,No suspicious patterns identified
1215099007,MEDICAL_CLAIM,1,0,0.0,0,0,0,0,0,0,0,20.19,20.19,0.0,LOW-RISK PROVIDER PATTERN,NORMAL,No suspicious patterns identified
1877148621,PRIOR_AUTH,1,0,0.0,0,1,0,0,0,0,0,20.19,20.19,100.0,LOW-RISK PROVIDER PATTERN,NORMAL,Empirical claim denial rate = 100.0%
1688082780,PHARMACY_CLAIM,1,0,0.0,0,1,0,0,0,0,0,20.18,20.18,0.0,LOW-RISK PROVIDER PATTERN,NORMAL,No suspicious patterns identified
1102910237,PHARMACY_CLAIM,1,0,0.0,0,0,1,0,0,0,0,20.17,20.17,0.0,LOW-RISK PROVIDER PATTERN,NORMAL,No suspicious patterns identified
1487706214,MEDICAL_CLAIM,1,0,0.0,0,1,0,0,0,0,0,20.16,20.16,0.0,LOW-RISK PROVIDER PATTERN,NORMAL,No suspicious patterns identified
1560598953,PHARMACY_CLAIM,1,0,0.0,0,0,1,0,0,0,0,20.16,20.16,0.0,LOW-RISK PROVIDER PATTERN,NORMAL,No suspicious patterns identified
1780698506,MEDICAL_CLAIM,8,4,50.0,0,1,4,0,0,0,0,20.15,42.91,0.0,HIGH-RISK PROVIDER PATTERN,PROVIDER REQUIRING REVIEW,50.0% flagged records
1623470358,PHARMACY_CLAIM,1,0,0.0,0,1,0,0,0,0,0,20.15,20.15,0.0,LOW-RISK PROVIDER PATTERN,NORMAL,No suspicious patterns identified
1022838603,PHARMACY_CLAIM,1,0,0.0,0,1,0,0,0,0,0,20.13,20.13,0.0,LOW-RISK PROVIDER PATTERN,NORMAL,No suspicious patterns identified
1961138812,PHARMACY_CLAIM,1,0,0.0,0,0,1,0,0,0,0,20.13,20.13,0.0,LOW-RISK PROVIDER PATTERN,NORMAL,No suspicious patterns identified
1538390284,PRIOR_AUTH,1,0,0.0,0,0,0,0,0,0,0,20.11,20.11,0.0,LOW-RISK PROVIDER PATTERN,NORMAL,No suspicious patterns identified
1311862609,PHARMACY_CLAIM,1,0,0.0,0,0,1,0,0,0,0,20.09,20.09,0.0,LOW-RISK PROVIDER PATTERN,NORMAL,No suspicious patterns identified
1451508544,PRIOR_AUTH,1,0,0.0,0,1,0,0,0,0,0,20.09,20.09,100.0,LOW-RISK PROVIDER PATTERN,NORMAL,Empirical claim denial rate = 100.0%
1755291340,PRIOR_AUTH,1,0,0.0,0,1,0,0,0,0,0,20.09,20.09,100.0,LOW-RISK PROVIDER PATTERN,NORMAL,Empirical claim denial rate = 100.0%
1780989487,PRIOR_AUTH,1,0,0.0,0,1,0,0,0,0,0,20.09,20.09,100.0,LOW-RISK PROVIDER PATTERN,NORMAL,Empirical claim denial rate = 100.0%
1285727396,MEDICAL_CLAIM,3,1,33.33,0,1,2,0,0,0,0,20.08,36.14,0.0,HIGH-RISK PROVIDER PATTERN,PROVIDER REQUIRING REVIEW,33.3% flagged records
1023432424,MEDICAL_CLAIM,1,0,0.0,0,1,0,0,0,0,0,20.08,20.08,0.0,LOW-RISK PROVIDER PATTERN,NORMAL,No suspicious patterns identified
1101619020,PHARMACY_CLAIM,1,0,0.0,0,0,1,0,0,0,0,20.08,20.08,0.0,LOW-RISK PROVIDER PATTERN,NORMAL,No suspicious patterns identified
1932146461,MEDICAL_CLAIM,7,4,57.14,0,1,4,0,0,0,0,20.07,41.6,0.0,HIGH-RISK PROVIDER PATTERN,PROVIDER REQUIRING REVIEW,57.1% flagged records
1004706236,PHARMACY_CLAIM,1,0,0.0,0,1,0,0,0,0,0,20.07,20.07,0.0,LOW-RISK PROVIDER PATTERN,NORMAL,No suspicious patterns identified
1662986205,PHARMACY_CLAIM,1,0,0.0,0,0,1,0,0,0,0,20.07,20.07,0.0,LOW-RISK PROVIDER PATTERN,NORMAL,No suspicious patterns identified
1072823854,PRIOR_AUTH,1,0,0.0,0,1,0,0,0,0,0,20.06,20.06,100.0,LOW-RISK PROVIDER PATTERN,NORMAL,Empirical claim denial rate = 100.0%
1197789971,PHARMACY_CLAIM,1,0,0.0,0,1,0,0,0,0,0,20.05,20.05,0.0,LOW-RISK PROVIDER PATTERN,NORMAL,No suspicious patterns identified
1256867768,PRIOR_AUTH,1,0,0.0,0,0,1,0,0,0,0,20.05,20.05,0.0,LOW-RISK PROVIDER PATTERN,NORMAL,No suspicious patterns identified
1907089133,PHARMACY_CLAIM,1,0,0.0,0,0,0,0,0,0,0,20.04,20.04,0.0,LOW-RISK PROVIDER PATTERN,NORMAL,No suspicious patterns identified
1659966398,MEDICAL_CLAIM,4,1,25.0,0,1,2,0,0,0,0,20.03,45.42,0.0,HIGH-RISK PROVIDER PATTERN,PROVIDER REQUIRING REVIEW,25.0% flagged records
1265167434,PHARMACY_CLAIM,1,0,0.0,0,1,0,0,0,0,0,20.03,20.03,0.0,LOW-RISK PROVIDER PATTERN,NORMAL,No suspicious patterns identified
1426934684,PRIOR_AUTH,1,0,0.0,0,0,0,0,0,0,0,20.03,20.03,0.0,LOW-RISK PROVIDER PATTERN,NORMAL,No suspicious patterns identified
1431410694,PRIOR_AUTH,1,0,0.0,0,1,0,0,0,0,0,20.03,20.03,100.0,LOW-RISK PROVIDER PATTERN,NORMAL,Empirical claim denial rate = 100.0%
1544611454,PHARMACY_CLAIM,1,0,0.0,0,0,1,0,0,0,0,20.03,20.03,0.0,LOW-RISK PROVIDER PATTERN,NORMAL,No suspicious patterns identified
1850929901,PRIOR_AUTH,1,0,0.0,0,1,0,0,0,0,0,20.03,20.03,100.0,LOW-RISK PROVIDER PATTERN,NORMAL,Empirical claim denial rate = 100.0%
1449722593,PHARMACY_CLAIM,1,0,0.0,0,1,0,0,0,0,0,20.02,20.02,0.0,LOW-RISK PROVIDER PATTERN,NORMAL,No suspicious patterns identified
1482540192,PHARMACY_CLAIM,1,0,0.0,0,0,1,0,0,0,0,20.02,20.02,0.0,LOW-RISK PROVIDER PATTERN,NORMAL,No suspicious patterns identified
1673930408,PRIOR_AUTH,1,0,0.0,0,1,0,0,0,0,0,20.0,20.0,100.0,LOW-RISK PROVIDER PATTERN,NORMAL,Empirical claim denial rate = 100.0%
1889206999,PHARMACY_CLAIM,1,0,0.0,0,0,0,0,0,0,0,20.0,20.0,0.0,LOW-RISK PROVIDER PATTERN,NORMAL,No suspicious patterns identified
1923682036,PHARMACY_CLAIM,1,0,0.0,0,0,1,0,0,0,0,20.0,20.0,0.0,LOW-RISK PROVIDER PATTERN,NORMAL,No suspicious patterns identified
1161463098,PHARMACY_CLAIM,1,0,0.0,0,0,1,0,0,0,0,19.98,19.98,0.0,LOW-RISK PROVIDER PATTERN,NORMAL,No suspicious patterns identified
1164483603,PRIOR_AUTH,1,0,0.0,0,0,0,0,0,0,0,19.98,19.98,0.0,LOW-RISK PROVIDER PATTERN,NORMAL,No suspicious patterns identified
1352713312,PRIOR_AUTH,1,0,0.0,0,0,0,0,0,0,0,19.98,19.98,0.0,LOW-RISK PROVIDER PATTERN,NORMAL,No suspicious patterns identified
1557565511,PRIOR_AUTH,1,0,0.0,0,0,0,0,0,0,0,19.98,19.98,0.0,LOW-RISK PROVIDER PATTERN,NORMAL,No suspicious patterns identified
1560704066,PRIOR_AUTH,1,0,0.0,0,1,0,0,0,0,0,19.98,19.98,100.0,LOW-RISK PROVIDER PATTERN,NORMAL,Empirical claim denial rate = 100.0%
1672060773,PHARMACY_CLAIM,1,0,0.0,0,1,0,0,0,0,0,19.98,19.98,0.0,LOW-RISK PROVIDER PATTERN,NORMAL,No suspicious patterns identified
1681886270,PRIOR_AUTH,1,0,0.0,0,0,0,0,0,0,0,19.98,19.98,0.0,LOW-RISK PROVIDER PATTERN,NORMAL,No suspicious patterns identified
1424844104,PHARMACY_CLAIM,1,0,0.0,0,0,1,0,0,0,0,19.97,19.97,0.0,LOW-RISK PROVIDER PATTERN,NORMAL,No suspicious patterns identified
1584614226,PHARMACY_CLAIM,1,0,0.0,0,1,0,0,0,0,0,19.97,19.97,0.0,LOW-RISK PROVIDER PATTERN,NORMAL,No suspicious patterns identified
1271961262,PRIOR_AUTH,1,0,0.0,0,1,0,0,0,0,0,19.96,19.96,100.0,LOW-RISK PROVIDER PATTERN,NORMAL,Empirical claim denial rate = 100.0%
1788506343,PHARMACY_CLAIM,1,0,0.0,0,0,1,0,0,0,0,19.96,19.96,0.0,LOW-RISK PROVIDER PATTERN,NORMAL,No suspicious patterns identified
1177839789,PRIOR_AUTH,1,0,0.0,0,0,1,0,0,0,0,19.95,19.95,0.0,LOW-RISK PROVIDER PATTERN,NORMAL,No suspicious patterns identified
1577213619,PHARMACY_CLAIM,1,0,0.0,0,0,1,0,0,0,0,19.94,19.94,0.0,LOW-RISK PROVIDER PATTERN,NORMAL,No suspicious patterns identified
1617837804,PHARMACY_CLAIM,1,0,0.0,0,0,1,0,0,0,0,19.93,19.93,0.0,LOW-RISK PROVIDER PATTERN,NORMAL,No suspicious patterns identified
1103169822,PHARMACY_CLAIM,1,0,0.0,0,0,1,0,0,0,0,19.92,19.92,0.0,LOW-RISK PROVIDER PATTERN,NORMAL,No suspicious patterns identified
1013995133,MEDICAL_CLAIM,13,5,38.46,0,2,5,0,0,0,0,19.91,32.85,0.0,HIGH-RISK PROVIDER PATTERN,PROVIDER REQUIRING REVIEW,38.5% flagged records
1335734317,PRIOR_AUTH,1,0,0.0,0,0,1,0,0,0,0,19.91,19.91,0.0,LOW-RISK PROVIDER PATTERN,NORMAL,No suspicious patterns identified
1381360444,PHARMACY_CLAIM,1,0,0.0,0,0,1,0,0,0,0,19.91,19.91,0.0,LOW-RISK PROVIDER PATTERN,NORMAL,No suspicious patterns identified
1506017098,PRIOR_AUTH,1,0,0.0,0,0,0,0,0,0,0,19.91,19.91,0.0,LOW-RISK PROVIDER PATTERN,NORMAL,No suspicious patterns identified
1885032086,PRIOR_AUTH,1,0,0.0,0,1,0,0,0,0,0,19.91,19.91,100.0,LOW-RISK PROVIDER PATTERN,NORMAL,Empirical claim denial rate = 100.0%
1014428811,PRIOR_AUTH,1,0,0.0,0,1,0,0,0,0,0,19.9,19.9,0.0,LOW-RISK PROVIDER PATTERN,NORMAL,No suspicious patterns identified
1335000569,PRIOR_AUTH,1,0,0.0,0,1,0,0,0,0,0,19.89,19.89,0.0,LOW-RISK PROVIDER PATTERN,NORMAL,No suspicious patterns identified
1363891118,PHARMACY_CLAIM,1,0,0.0,0,0,1,0,0,0,0,19.89,19.89,0.0,LOW-RISK PROVIDER PATTERN,NORMAL,No suspicious patterns identified
1898821842,PRIOR_AUTH,1,0,0.0,0,0,0,0,0,0,0,19.88,19.88,0.0,LOW-RISK PROVIDER PATTERN,NORMAL,No suspicious patterns identified
1780183145,MEDICAL_CLAIM,2,0,0.0,0,1,1,0,0,0,0,19.86,24.91,0.0,LOW-RISK PROVIDER PATTERN,NORMAL,No suspicious patterns identified
1854362492,PHARMACY_CLAIM,1,0,0.0,0,0,1,0,0,0,0,19.86,19.86,0.0,LOW-RISK PROVIDER PATTERN,NORMAL,No suspicious patterns identified
1542759940,PHARMACY_CLAIM,1,0,0.0,0,0,1,0,0,0,0,19.85,19.85,0.0,LOW-RISK PROVIDER PATTERN,NORMAL,No suspicious patterns identified
1244897073,PRIOR_AUTH,1,0,0.0,0,1,0,0,0,0,0,19.84,19.84,100.0,LOW-RISK PROVIDER PATTERN,NORMAL,Empirical claim denial rate = 100.0%
1282590211,PRIOR_AUTH,1,0,0.0,0,0,0,0,0,0,0,19.84,19.84,0.0,LOW-RISK PROVIDER PATTERN,NORMAL,No suspicious patterns identified
1350478056,PRIOR_AUTH,1,0,0.0,0,0,0,0,0,0,0,19.84,19.84,0.0,LOW-RISK PROVIDER PATTERN,NORMAL,No suspicious patterns identified
1356491534,MEDICAL_CLAIM,1,0,0.0,0,1,0,0,0,0,0,19.83,19.83,0.0,LOW-RISK PROVIDER PATTERN,NORMAL,No suspicious patterns identified
1544003779,PHARMACY_CLAIM,1,0,0.0,0,1,0,0,0,0,0,19.83,19.83,0.0,LOW-RISK PROVIDER PATTERN,NORMAL,No suspicious patterns identified
1316374283,MEDICAL_CLAIM,3,1,33.33,0,2,1,0,0,0,0,19.82,38.36,0.0,HIGH-RISK PROVIDER PATTERN,PROVIDER REQUIRING REVIEW,33.3% flagged records
1196477876,PHARMACY_CLAIM,1,0,0.0,0,0,1,0,0,0,0,19.82,19.82,0.0,LOW-RISK PROVIDER PATTERN,NORMAL,No suspicious patterns identified
1529264828,PRIOR_AUTH,1,0,0.0,0,1,0,0,0,0,0,19.82,19.82,100.0,LOW-RISK PROVIDER PATTERN,NORMAL,Empirical claim denial rate = 100.0%
1912927344,MEDICAL_CLAIM,1,0,0.0,0,1,0,0,0,0,0,19.82,19.82,0.0,LOW-RISK PROVIDER PATTERN,NORMAL,No suspicious patterns identified
1490461543,PHARMACY_CLAIM,1,0,0.0,0,1,0,0,0,0,0,19.81,19.81,0.0,LOW-RISK PROVIDER PATTERN,NORMAL,No suspicious patterns identified
1712032475,PHARMACY_CLAIM,1,0,0.0,0,0,1,0,0,0,0,19.81,19.81,0.0,LOW-RISK PROVIDER PATTERN,NORMAL,No suspicious patterns identified
1381765236,PHARMACY_CLAIM,1,0,0.0,0,1,0,0,0,0,0,19.8,19.8,0.0,LOW-RISK PROVIDER PATTERN,NORMAL,No suspicious patterns identified
1552182763,PRIOR_AUTH,1,0,0.0,0,0,0,0,0,0,0,19.8,19.8,0.0,LOW-RISK PROVIDER PATTERN,NORMAL,No suspicious patterns identified
1721675986,PHARMACY_CLAIM,1,0,0.0,0,0,1,0,0,0,0,19.8,19.8,0.0,LOW-RISK PROVIDER PATTERN,NORMAL,No suspicious patterns identified
1565550719,PRIOR_AUTH,1,0,0.0,0,0,1,0,0,0,0,19.79,19.79,0.0,LOW-RISK PROVIDER PATTERN,NORMAL,No suspicious patterns identified
1730316579,PHARMACY_CLAIM,1,0,0.0,0,0,0,0,0,0,0,19.79,19.79,0.0,LOW-RISK PROVIDER PATTERN,NORMAL,No suspicious patterns identified
1147937079,PHARMACY_CLAIM,1,0,0.0,0,0,1,0,0,0,0,19.78,19.78,0.0,LOW-RISK PROVIDER PATTERN,NORMAL,No suspicious patterns identified
1687730020,PRIOR_AUTH,1,0,0.0,0,0,0,0,0,0,0,19.78,19.78,0.0,LOW-RISK PROVIDER PATTERN,NORMAL,No suspicious patterns identified
1370379806,PRIOR_AUTH,1,0,0.0,0,1,0,0,0,0,0,19.77,19.77,100.0,LOW-RISK PROVIDER PATTERN,NORMAL,Empirical claim denial rate = 100.0%
1220017012,PRIOR_AUTH,1,0,0.0,0,1,0,0,0,0,0,19.76,19.76,100.0,LOW-RISK PROVIDER PATTERN,NORMAL,Empirical claim denial rate = 100.0%
1541179930,PHARMACY_CLAIM,1,0,0.0,0,0,1,0,0,0,0,19.76,19.76,0.0,LOW-RISK PROVIDER PATTERN,NORMAL,No suspicious patterns identified
1793852636,PHARMACY_CLAIM,1,0,0.0,0,1,0,0,0,0,0,19.76,19.76,0.0,LOW-RISK PROVIDER PATTERN,NORMAL,No suspicious patterns identified
1704563776,PHARMACY_CLAIM,1,0,0.0,0,0,1,0,0,0,0,19.75,19.75,0.0,LOW-RISK PROVIDER PATTERN,NORMAL,No suspicious patterns identified
1202383870,PRIOR_AUTH,1,0,0.0,0,0,0,0,0,0,0,19.74,19.74,0.0,LOW-RISK PROVIDER PATTERN,NORMAL,No suspicious patterns identified
1261739179,PRIOR_AUTH,1,0,0.0,0,0,1,0,0,0,0,19.74,19.74,0.0,LOW-RISK PROVIDER PATTERN,NORMAL,No suspicious patterns identified
1505587195,PHARMACY_CLAIM,1,0,0.0,0,1,0,0,0,0,0,19.74,19.74,0.0,LOW-RISK PROVIDER PATTERN,NORMAL,No suspicious patterns identified
1658706664,PRIOR_AUTH,1,0,0.0,0,0,1,0,0,0,0,19.74,19.74,0.0,LOW-RISK PROVIDER PATTERN,NORMAL,No suspicious patterns identified
1737655685,PRIOR_AUTH,1,0,0.0,0,0,0,0,0,0,0,19.74,19.74,0.0,LOW-RISK PROVIDER PATTERN,NORMAL,No suspicious patterns identified
1700842887,MEDICAL_CLAIM,8,2,25.0,0,1,2,0,0,0,0,19.73,35.49,0.0,HIGH-RISK PROVIDER PATTERN,PROVIDER REQUIRING REVIEW,25.0% flagged records
1241377663,PRIOR_AUTH,1,0,0.0,0,0,0,0,0,0,0,19.73,19.73,0.0,LOW-RISK PROVIDER PATTERN,NORMAL,No suspicious patterns identified
1806662655,PHARMACY_CLAIM,1,0,0.0,0,0,1,0,0,0,0,19.73,19.73,0.0,LOW-RISK PROVIDER PATTERN,NORMAL,No suspicious patterns identified
1996708061,PRIOR_AUTH,1,0,0.0,0,0,1,0,0,0,0,19.73,19.73,0.0,LOW-RISK PROVIDER PATTERN,NORMAL,No suspicious patterns identified
1759165745,PHARMACY_CLAIM,1,0,0.0,0,0,1,0,0,0,0,19.72,19.72,0.0,LOW-RISK PROVIDER PATTERN,NORMAL,No suspicious patterns identified
1334471554,PHARMACY_CLAIM,1,0,0.0,0,1,0,0,0,0,0,19.71,19.71,0.0,LOW-RISK PROVIDER PATTERN,NORMAL,No suspicious patterns identified
1375766515,PRIOR_AUTH,1,0,0.0,0,0,1,0,0,0,0,19.71,19.71,0.0,LOW-RISK PROVIDER PATTERN,NORMAL,No suspicious patterns identified
1040597457,PHARMACY_CLAIM,1,0,0.0,0,0,1,0,0,0,0,19.7,19.7,0.0,LOW-RISK PROVIDER PATTERN,NORMAL,No suspicious patterns identified
1205604127,PRIOR_AUTH,1,0,0.0,0,1,0,0,0,0,0,19.7,19.7,100.0,LOW-RISK PROVIDER PATTERN,NORMAL,Empirical claim denial rate = 100.0%
1945994351,PRIOR_AUTH,1,0,0.0,0,1,0,0,0,0,0,19.7,19.7,0.0,LOW-RISK PROVIDER PATTERN,NORMAL,No suspicious patterns identified
1306240502,MEDICAL_CLAIM,6,3,50.0,0,1,3,0,0,0,0,19.69,30.4,0.0,HIGH-RISK PROVIDER PATTERN,PROVIDER REQUIRING REVIEW,50.0% flagged records
1558657312,MEDICAL_CLAIM,2,1,50.0,0,0,1,0,0,0,0,19.69,25.98,0.0,HIGH-RISK PROVIDER PATTERN,PROVIDER REQUIRING REVIEW,50.0% flagged records
1215176315,PRIOR_AUTH,1,0,0.0,0,1,0,0,0,0,0,19.69,19.69,0.0,LOW-RISK PROVIDER PATTERN,NORMAL,No suspicious patterns identified
1386763654,MEDICAL_CLAIM,3,2,66.67,0,0,2,0,0,0,0,19.67,31.17,0.0,HIGH-RISK PROVIDER PATTERN,PROVIDER REQUIRING REVIEW,66.7% flagged records
1585025443,PRIOR_AUTH,1,0,0.0,0,0,0,0,0,0,0,19.67,19.67,0.0,LOW-RISK PROVIDER PATTERN,NORMAL,No suspicious patterns identified
1664536923,PRIOR_AUTH,1,0,0.0,0,0,0,0,0,0,0,19.67,19.67,0.0,LOW-RISK PROVIDER PATTERN,NORMAL,No suspicious patterns identified
1453281965,PHARMACY_CLAIM,1,0,0.0,0,0,1,0,0,0,0,19.66,19.66,0.0,LOW-RISK PROVIDER PATTERN,NORMAL,No suspicious patterns identified
1881237220,MEDICAL_CLAIM,1,0,0.0,0,1,0,0,0,0,0,19.66,19.66,0.0,LOW-RISK PROVIDER PATTERN,NORMAL,No suspicious patterns identified
1629329735,MEDICAL_CLAIM,4,2,50.0,0,1,2,0,0,0,0,19.65,31.64,0.0,HIGH-RISK PROVIDER PATTERN,PROVIDER REQUIRING REVIEW,50.0% flagged records
1316299493,PRIOR_AUTH,1,0,0.0,0,0,0,0,0,0,0,19.65,19.65,0.0,LOW-RISK PROVIDER PATTERN,NORMAL,No suspicious patterns identified
1477437353,PRIOR_AUTH,1,0,0.0,0,1,0,0,0,0,0,19.64,19.64,100.0,LOW-RISK PROVIDER PATTERN,NORMAL,Empirical claim denial rate = 100.0%
1563114127,PHARMACY_CLAIM,1,0,0.0,0,1,0,0,0,0,0,19.64,19.64,0.0,LOW-RISK PROVIDER PATTERN,NORMAL,No suspicious patterns identified
1912285370,PHARMACY_CLAIM,1,0,0.0,0,0,1,0,0,0,0,19.64,19.64,0.0,LOW-RISK PROVIDER PATTERN,NORMAL,No suspicious patterns identified
1179171971,PRIOR_AUTH,1,0,0.0,0,1,0,0,0,0,0,19.62,19.62,100.0,LOW-RISK PROVIDER PATTERN,NORMAL,Empirical claim denial rate = 100.0%
1427090838,PRIOR_AUTH,1,0,0.0,0,1,0,0,0,0,0,19.62,19.62,100.0,LOW-RISK PROVIDER PATTERN,NORMAL,Empirical claim denial rate = 100.0%
1222069881,PRIOR_AUTH,1,0,0.0,0,0,0,0,0,0,0,19.61,19.61,0.0,LOW-RISK PROVIDER PATTERN,NORMAL,No suspicious patterns identified
1633866115,PRIOR_AUTH,1,0,0.0,0,0,0,0,0,0,0,19.61,19.61,0.0,LOW-RISK PROVIDER PATTERN,NORMAL,No suspicious patterns identified
1227972680,PRIOR_AUTH,1,0,0.0,0,1,0,0,0,0,0,19.6,19.6,100.0,LOW-RISK PROVIDER PATTERN,NORMAL,Empirical claim denial rate = 100.0%
1281890162,PHARMACY_CLAIM,1,0,0.0,0,0,1,0,0,0,0,19.6,19.6,0.0,LOW-RISK PROVIDER PATTERN,NORMAL,No suspicious patterns identified
1339375605,PHARMACY_CLAIM,1,0,0.0,0,0,1,0,0,0,0,19.6,19.6,0.0,LOW-RISK PROVIDER PATTERN,NORMAL,No suspicious patterns identified
1881131423,MEDICAL_CLAIM,4,0,0.0,0,1,2,0,0,0,0,19.59,22.28,0.0,LOW-RISK PROVIDER PATTERN,NORMAL,No suspicious patterns identified
1286271604,PRIOR_AUTH,1,0,0.0,0,1,0,0,0,0,0,19.59,19.59,100.0,LOW-RISK PROVIDER PATTERN,NORMAL,Empirical claim denial rate = 100.0%
1838029900,PHARMACY_CLAIM,1,0,0.0,0,1,0,0,0,0,0,19.58,19.58,0.0,LOW-RISK PROVIDER PATTERN,NORMAL,No suspicious patterns identified
1124016696,MEDICAL_CLAIM,3,1,33.33,0,1,1,0,0,0,0,19.57,28.85,0.0,HIGH-RISK PROVIDER PATTERN,PROVIDER REQUIRING REVIEW,33.3% flagged records
1015670325,PRIOR_AUTH,1,0,0.0,0,0,0,0,0,0,0,19.56,19.56,0.0,LOW-RISK PROVIDER PATTERN,NORMAL,No suspicious patterns identified
1359015500,PRIOR_AUTH,1,0,0.0,0,0,0,0,0,0,0,19.56,19.56,0.0,LOW-RISK PROVIDER PATTERN,NORMAL,No suspicious patterns identified
1494393315,PRIOR_AUTH,1,0,0.0,0,1,0,0,0,0,0,19.56,19.56,100.0,LOW-RISK PROVIDER PATTERN,NORMAL,Empirical claim denial rate = 100.0%
1753655371,PRIOR_AUTH,1,0,0.0,0,0,0,0,0,0,0,19.56,19.56,0.0,LOW-RISK PROVIDER PATTERN,NORMAL,No suspicious patterns identified
1828477965,PRIOR_AUTH,1,0,0.0,0,0,0,0,0,0,0,19.56,19.56,0.0,LOW-RISK PROVIDER PATTERN,NORMAL,No suspicious patterns identified
1869480555,PHARMACY_CLAIM,1,0,0.0,0,0,1,0,0,0,0,19.56,19.56,0.0,LOW-RISK PROVIDER PATTERN,NORMAL,No suspicious patterns identified
1392395283,PRIOR_AUTH,1,0,0.0,0,1,0,0,0,0,0,19.55,19.55,100.0,LOW-RISK PROVIDER PATTERN,NORMAL,Empirical claim denial rate = 100.0%
1831361344,MEDICAL_CLAIM,2,1,50.0,0,1,0,0,0,0,0,19.54,28.24,0.0,HIGH-RISK PROVIDER PATTERN,PROVIDER REQUIRING REVIEW,50.0% flagged records
1328576296,PHARMACY_CLAIM,1,0,0.0,0,1,0,0,0,0,0,19.54,19.54,0.0,LOW-RISK PROVIDER PATTERN,NORMAL,No suspicious patterns identified
1343278179,PRIOR_AUTH,1,0,0.0,0,1,0,0,0,0,0,19.54,19.54,100.0,LOW-RISK PROVIDER PATTERN,NORMAL,Empirical claim denial rate = 100.0%
1346248986,MEDICAL_CLAIM,5,2,40.0,0,2,2,0,0,0,0,19.53,30.13,0.0,HIGH-RISK PROVIDER PATTERN,PROVIDER REQUIRING REVIEW,40.0% flagged records
1553394498,PHARMACY_CLAIM,1,0,0.0,0,1,0,0,0,0,0,19.53,19.53,0.0,LOW-RISK PROVIDER PATTERN,NORMAL,No suspicious patterns identified
1943354007,PRIOR_AUTH,1,0,0.0,0,1,0,0,0,0,0,19.52,19.52,100.0,LOW-RISK PROVIDER PATTERN,NORMAL,Empirical claim denial rate = 100.0%
1584553601,PRIOR_AUTH,1,0,0.0,0,1,0,0,0,0,0,19.51,19.51,100.0,LOW-RISK PROVIDER PATTERN,NORMAL,Empirical claim denial rate = 100.0%
1228335177,PRIOR_AUTH,1,0,0.0,0,0,1,0,0,0,0,19.49,19.49,0.0,LOW-RISK PROVIDER PATTERN,NORMAL,No suspicious patterns identified
1874287895,PRIOR_AUTH,1,0,0.0,0,1,0,0,0,0,0,19.49,19.49,0.0,LOW-RISK PROVIDER PATTERN,NORMAL,No suspicious patterns identified
1874600321,PHARMACY_CLAIM,1,0,0.0,0,0,1,0,0,0,0,19.49,19.49,0.0,LOW-RISK PROVIDER PATTERN,NORMAL,No suspicious patterns identified
1279377718,PHARMACY_CLAIM,1,0,0.0,0,0,1,0,0,0,0,19.48,19.48,0.0,LOW-RISK PROVIDER PATTERN,NORMAL,No suspicious patterns identified
1519613429,PHARMACY_CLAIM,1,0,0.0,0,0,1,0,0,0,0,19.45,19.45,0.0,LOW-RISK PROVIDER PATTERN,NORMAL,No suspicious patterns identified
1997501350,PHARMACY_CLAIM,1,0,0.0,0,1,0,0,0,0,0,19.45,19.45,0.0,LOW-RISK PROVIDER PATTERN,NORMAL,No suspicious patterns identified
1699817775,MEDICAL_CLAIM,14,4,28.57,0,5,4,0,0,0,0,19.44,44.74,0.0,HIGH-RISK PROVIDER PATTERN,PROVIDER REQUIRING REVIEW,28.6% flagged records
1159245460,PHARMACY_CLAIM,1,0,0.0,0,0,1,0,0,0,0,19.44,19.44,0.0,LOW-RISK PROVIDER PATTERN,NORMAL,No suspicious patterns identified
1343323578,PHARMACY_CLAIM,1,0,0.0,0,1,0,0,0,0,0,19.44,19.44,0.0,LOW-RISK PROVIDER PATTERN,NORMAL,No suspicious patterns identified
1041072611,PHARMACY_CLAIM,1,0,0.0,0,0,1,0,0,0,0,19.43,19.43,0.0,LOW-RISK PROVIDER PATTERN,NORMAL,No suspicious patterns identified
1607271171,PRIOR_AUTH,1,0,0.0,0,0,1,0,0,0,0,19.43,19.43,0.0,LOW-RISK PROVIDER PATTERN,NORMAL,No suspicious patterns identified
1992371442,PRIOR_AUTH,1,0,0.0,0,1,0,0,0,0,0,19.43,19.43,100.0,LOW-RISK PROVIDER PATTERN,NORMAL,Empirical claim denial rate = 100.0%
1165746000,PHARMACY_CLAIM,1,0,0.0,0,0,1,0,0,0,0,19.42,19.42,0.0,LOW-RISK PROVIDER PATTERN,NORMAL,No suspicious patterns identified
1009497475,PRIOR_AUTH,1,0,0.0,0,0,1,0,0,0,0,19.41,19.41,0.0,LOW-RISK PROVIDER PATTERN,NORMAL,No suspicious patterns identified
1326611187,MEDICAL_CLAIM,1,0,0.0,0,1,0,0,0,0,0,19.41,19.41,0.0,LOW-RISK PROVIDER PATTERN,NORMAL,No suspicious patterns identified
1497807868,PHARMACY_CLAIM,1,0,0.0,0,0,1,0,0,0,0,19.41,19.41,0.0,LOW-RISK PROVIDER PATTERN,NORMAL,No suspicious patterns identified
1558984633,MEDICAL_CLAIM,1,0,0.0,0,1,0,0,0,0,0,19.4,19.4,0.0,LOW-RISK PROVIDER PATTERN,NORMAL,No suspicious patterns identified
1445968940,PHARMACY_CLAIM,1,0,0.0,0,1,0,0,0,0,0,19.39,19.39,0.0,LOW-RISK PROVIDER PATTERN,NORMAL,No suspicious patterns identified
1884120842,PHARMACY_CLAIM,1,0,0.0,0,1,0,0,0,0,0,19.39,19.39,0.0,LOW-RISK PROVIDER PATTERN,NORMAL,No suspicious patterns identified
1752764825,PHARMACY_CLAIM,1,0,0.0,0,0,1,0,0,0,0,19.38,19.38,0.0,LOW-RISK PROVIDER PATTERN,NORMAL,No suspicious patterns identified
1275920001,MEDICAL_CLAIM,5,1,20.0,0,1,3,0,0,0,0,19.36,28.45,0.0,HIGH-RISK PROVIDER PATTERN,PROVIDER REQUIRING REVIEW,20.0% flagged records
1457860173,MEDICAL_CLAIM,2,0,0.0,0,1,1,0,0,0,0,19.36,22.28,0.0,LOW-RISK PROVIDER PATTERN,NORMAL,No suspicious patterns identified
1144695081,MEDICAL_CLAIM,2,1,50.0,0,0,1,0,0,0,0,19.34,31.3,0.0,HIGH-RISK PROVIDER PATTERN,PROVIDER REQUIRING REVIEW,50.0% flagged records
1047655207,PRIOR_AUTH,1,0,0.0,0,1,0,0,0,0,0,19.34,19.34,100.0,LOW-RISK PROVIDER PATTERN,NORMAL,Empirical claim denial rate = 100.0%
1097362434,PRIOR_AUTH,1,0,0.0,0,0,0,0,0,0,0,19.34,19.34,0.0,LOW-RISK PROVIDER PATTERN,NORMAL,No suspicious patterns identified
1098046578,PRIOR_AUTH,1,0,0.0,0,0,0,0,0,0,0,19.34,19.34,0.0,LOW-RISK PROVIDER PATTERN,NORMAL,No suspicious patterns identified
1508892129,PRIOR_AUTH,1,0,0.0,0,0,0,0,0,0,0,19.34,19.34,0.0,LOW-RISK PROVIDER PATTERN,NORMAL,No suspicious patterns identified
1721195275,PRIOR_AUTH,1,0,0.0,0,1,0,0,0,0,0,19.34,19.34,0.0,LOW-RISK PROVIDER PATTERN,NORMAL,No suspicious patterns identified
1928267616,PRIOR_AUTH,1,0,0.0,0,0,0,0,0,0,0,19.34,19.34,0.0,LOW-RISK PROVIDER PATTERN,NORMAL,No suspicious patterns identified
1993853409,PRIOR_AUTH,1,0,0.0,0,0,0,0,0,0,0,19.34,19.34,0.0,LOW-RISK PROVIDER PATTERN,NORMAL,No suspicious patterns identified
1192531302,PHARMACY_CLAIM,1,0,0.0,0,0,1,0,0,0,0,19.33,19.33,0.0,LOW-RISK PROVIDER PATTERN,NORMAL,No suspicious patterns identified
1753445713,PHARMACY_CLAIM,1,0,0.0,0,1,0,0,0,0,0,19.33,19.33,0.0,LOW-RISK PROVIDER PATTERN,NORMAL,No suspicious patterns identified
1486468321,PRIOR_AUTH,1,0,0.0,0,1,0,0,0,0,0,19.32,19.32,100.0,LOW-RISK PROVIDER PATTERN,NORMAL,Empirical claim denial rate = 100.0%
1770233561,PHARMACY_CLAIM,1,0,0.0,0,0,1,0,0,0,0,19.32,19.32,0.0,LOW-RISK PROVIDER PATTERN,NORMAL,No suspicious patterns identified
1326312315,MEDICAL_CLAIM,6,2,33.33,0,3,1,0,0,0,0,19.31,38.93,0.0,HIGH-RISK PROVIDER PATTERN,PROVIDER REQUIRING REVIEW,33.3% flagged records
1221476039,PHARMACY_CLAIM,1,0,0.0,0,1,0,0,0,0,0,19.31,19.31,0.0,LOW-RISK PROVIDER PATTERN,NORMAL,No suspicious patterns identified
1368490482,PRIOR_AUTH,1,0,0.0,0,1,0,0,0,0,0,19.31,19.31,100.0,LOW-RISK PROVIDER PATTERN,NORMAL,Empirical claim denial rate = 100.0%
1631472582,PRIOR_AUTH,1,0,0.0,0,1,0,0,0,0,0,19.31,19.31,100.0,LOW-RISK PROVIDER PATTERN,NORMAL,Empirical claim denial rate = 100.0%
1334236055,PRIOR_AUTH,1,0,0.0,0,0,1,0,0,0,0,19.3,19.3,0.0,LOW-RISK PROVIDER PATTERN,NORMAL,No suspicious patterns identified
1739313686,PRIOR_AUTH,1,0,0.0,0,0,1,0,0,0,0,19.3,19.3,0.0,LOW-RISK PROVIDER PATTERN,NORMAL,No suspicious patterns identified
1989461293,PRIOR_AUTH,1,0,0.0,0,0,1,0,0,0,0,19.3,19.3,0.0,LOW-RISK PROVIDER PATTERN,NORMAL,No suspicious patterns identified
1389160916,PRIOR_AUTH,1,0,0.0,0,1,0,0,0,0,0,19.29,19.29,100.0,LOW-RISK PROVIDER PATTERN,NORMAL,Empirical claim denial rate = 100.0%
1478933760,PHARMACY_CLAIM,1,0,0.0,0,0,1,0,0,0,0,19.28,19.28,0.0,LOW-RISK PROVIDER PATTERN,NORMAL,No suspicious patterns identified
1285187037,PHARMACY_CLAIM,1,0,0.0,0,0,1,0,0,0,0,19.27,19.27,0.0,LOW-RISK PROVIDER PATTERN,NORMAL,No suspicious patterns identified
1220941670,PHARMACY_CLAIM,1,0,0.0,0,1,0,0,0,0,0,19.26,19.26,0.0,LOW-RISK PROVIDER PATTERN,NORMAL,No suspicious patterns identified
1565362397,PRIOR_AUTH,1,0,0.0,0,1,0,0,0,0,0,19.26,19.26,0.0,LOW-RISK PROVIDER PATTERN,NORMAL,No suspicious patterns identified
1681218055,PRIOR_AUTH,1,0,0.0,0,1,0,0,0,0,0,19.26,19.26,100.0,LOW-RISK PROVIDER PATTERN,NORMAL,Empirical claim denial rate = 100.0%
1283821009,PHARMACY_CLAIM,1,0,0.0,0,1,0,0,0,0,0,19.25,19.25,0.0,LOW-RISK PROVIDER PATTERN,NORMAL,No suspicious patterns identified
1401603620,PRIOR_AUTH,1,0,0.0,0,1,0,0,0,0,0,19.25,19.25,100.0,LOW-RISK PROVIDER PATTERN,NORMAL,Empirical claim denial rate = 100.0%
1183435109,PHARMACY_CLAIM,1,0,0.0,0,0,1,0,0,0,0,19.24,19.24,0.0,LOW-RISK PROVIDER PATTERN,NORMAL,No suspicious patterns identified
1203800050,PHARMACY_CLAIM,1,0,0.0,0,0,1,0,0,0,0,19.24,19.24,0.0,LOW-RISK PROVIDER PATTERN,NORMAL,No suspicious patterns identified
1418412150,PRIOR_AUTH,1,0,0.0,0,0,1,0,0,0,0,19.24,19.24,0.0,LOW-RISK PROVIDER PATTERN,NORMAL,No suspicious patterns identified
1901159830,PRIOR_AUTH,1,0,0.0,0,1,0,0,0,0,0,19.23,19.23,0.0,LOW-RISK PROVIDER PATTERN,NORMAL,No suspicious patterns identified
1155552451,PRIOR_AUTH,1,0,0.0,0,0,0,0,0,0,0,19.22,19.22,0.0,LOW-RISK PROVIDER PATTERN,NORMAL,No suspicious patterns identified
1195264272,PRIOR_AUTH,1,0,0.0,0,0,0,0,0,0,0,19.22,19.22,0.0,LOW-RISK PROVIDER PATTERN,NORMAL,No suspicious patterns identified
1314637009,PRIOR_AUTH,1,0,0.0,0,0,0,0,0,0,0,19.22,19.22,0.0,LOW-RISK PROVIDER PATTERN,NORMAL,No suspicious patterns identified
1337323468,PRIOR_AUTH,1,0,0.0,0,0,0,0,0,0,0,19.22,19.22,0.0,LOW-RISK PROVIDER PATTERN,NORMAL,No suspicious patterns identified
1432488161,PRIOR_AUTH,1,0,0.0,0,0,0,0,0,0,0,19.22,19.22,0.0,LOW-RISK PROVIDER PATTERN,NORMAL,No suspicious patterns identified
1988373243,PRIOR_AUTH,1,0,0.0,0,0,0,0,0,0,0,19.22,19.22,0.0,LOW-RISK PROVIDER PATTERN,NORMAL,No suspicious patterns identified
1563368798,PRIOR_AUTH,1,0,0.0,0,1,0,0,0,0,0,19.21,19.21,100.0,LOW-RISK PROVIDER PATTERN,NORMAL,Empirical claim denial rate = 100.0%
1968998634,PHARMACY_CLAIM,1,0,0.0,0,1,0,0,0,0,0,19.21,19.21,0.0,LOW-RISK PROVIDER PATTERN,NORMAL,No suspicious patterns identified
1258634092,PRIOR_AUTH,1,0,0.0,0,1,0,0,0,0,0,19.2,19.2,100.0,LOW-RISK PROVIDER PATTERN,NORMAL,Empirical claim denial rate = 100.0%
1452193252,PHARMACY_CLAIM,1,0,0.0,0,0,1,0,0,0,0,19.2,19.2,0.0,LOW-RISK PROVIDER PATTERN,NORMAL,No suspicious patterns identified
1669311349,PHARMACY_CLAIM,1,0,0.0,0,0,1,0,0,0,0,19.19,19.19,0.0,LOW-RISK PROVIDER PATTERN,NORMAL,No suspicious patterns identified
1833824156,PRIOR_AUTH,1,0,0.0,0,1,0,0,0,0,0,19.19,19.19,100.0,LOW-RISK PROVIDER PATTERN,NORMAL,Empirical claim denial rate = 100.0%
1447578125,MEDICAL_CLAIM,2,0,0.0,0,1,1,0,0,0,0,19.17,24.01,0.0,LOW-RISK PROVIDER PATTERN,NORMAL,No suspicious patterns identified
1599454311,PHARMACY_CLAIM,1,0,0.0,0,0,0,0,0,0,0,19.16,19.16,0.0,LOW-RISK PROVIDER PATTERN,NORMAL,No suspicious patterns identified
1144733031,MEDICAL_CLAIM,6,2,33.33,0,1,4,0,0,0,0,19.15,34.89,0.0,HIGH-RISK PROVIDER PATTERN,PROVIDER REQUIRING REVIEW,33.3% flagged records
1028511083,PRIOR_AUTH,1,0,0.0,0,1,0,0,0,0,0,19.15,19.15,100.0,LOW-RISK PROVIDER PATTERN,NORMAL,Empirical claim denial rate = 100.0%
1054226087,PHARMACY_CLAIM,1,0,0.0,0,0,1,0,0,0,0,19.15,19.15,0.0,LOW-RISK PROVIDER PATTERN,NORMAL,No suspicious patterns identified
1904861218,PRIOR_AUTH,1,0,0.0,0,1,0,0,0,0,0,19.14,19.14,100.0,LOW-RISK PROVIDER PATTERN,NORMAL,Empirical claim denial rate = 100.0%
1538676404,PHARMACY_CLAIM,1,0,0.0,0,0,1,0,0,0,0,19.13,19.13,0.0,LOW-RISK PROVIDER PATTERN,NORMAL,No suspicious patterns identified
1427009026,MEDICAL_CLAIM,6,3,50.0,0,1,3,0,0,0,0,19.12,30.26,0.0,HIGH-RISK PROVIDER PATTERN,PROVIDER REQUIRING REVIEW,50.0% flagged records
1360706375,PHARMACY_CLAIM,1,0,0.0,0,1,0,0,0,0,0,19.12,19.12,0.0,LOW-RISK PROVIDER PATTERN,NORMAL,No suspicious patterns identified
1525711196,PHARMACY_CLAIM,1,0,0.0,0,0,1,0,0,0,0,19.12,19.12,0.0,LOW-RISK PROVIDER PATTERN,NORMAL,No suspicious patterns identified
1104316272,MEDICAL_CLAIM,5,2,40.0,0,1,2,0,0,0,0,19.08,38.98,0.0,HIGH-RISK PROVIDER PATTERN,PROVIDER REQUIRING REVIEW,40.0% flagged records
1502469450,PRIOR_AUTH,1,0,0.0,0,0,1,0,0,0,0,19.07,19.07,0.0,LOW-RISK PROVIDER PATTERN,NORMAL,No suspicious patterns identified
1092660233,PRIOR_AUTH,1,0,0.0,0,1,0,0,0,0,0,19.06,19.06,100.0,LOW-RISK PROVIDER PATTERN,NORMAL,Empirical claim denial rate = 100.0%
1623536325,PHARMACY_CLAIM,1,0,0.0,0,0,1,0,0,0,0,19.06,19.06,0.0,LOW-RISK PROVIDER PATTERN,NORMAL,No suspicious patterns identified
1910959139,PRIOR_AUTH,1,0,0.0,0,1,0,0,0,0,0,19.06,19.06,100.0,LOW-RISK PROVIDER PATTERN,NORMAL,Empirical claim denial rate = 100.0%
1353648643,PHARMACY_CLAIM,1,0,0.0,0,0,1,0,0,0,0,19.05,19.05,0.0,LOW-RISK PROVIDER PATTERN,NORMAL,No suspicious patterns identified
1693909696,PRIOR_AUTH,1,0,0.0,0,0,1,0,0,0,0,19.05,19.05,0.0,LOW-RISK PROVIDER PATTERN,NORMAL,No suspicious patterns identified
1066934751,PHARMACY_CLAIM,1,0,0.0,0,1,0,0,0,0,0,19.03,19.03,0.0,LOW-RISK PROVIDER PATTERN,NORMAL,No suspicious patterns identified
1373804567,PHARMACY_CLAIM,1,0,0.0,0,0,1,0,0,0,0,19.03,19.03,0.0,LOW-RISK PROVIDER PATTERN,NORMAL,No suspicious patterns identified
1251427533,PRIOR_AUTH,1,0,0.0,0,1,0,0,0,0,0,19.02,19.02,100.0,LOW-RISK PROVIDER PATTERN,NORMAL,Empirical claim denial rate = 100.0%
1447747110,PRIOR_AUTH,1,0,0.0,0,0,0,0,0,0,0,19.02,19.02,0.0,LOW-RISK PROVIDER PATTERN,NORMAL,No suspicious patterns identified
1134227689,MEDICAL_CLAIM,2,1,50.0,0,0,1,0,0,0,0,19.01,30.42,0.0,HIGH-RISK PROVIDER PATTERN,PROVIDER REQUIRING REVIEW,50.0% flagged records
1057269622,PHARMACY_CLAIM,1,0,0.0,0,1,0,0,0,0,0,19.01,19.01,0.0,LOW-RISK PROVIDER PATTERN,NORMAL,No suspicious patterns identified
1204232916,PHARMACY_CLAIM,1,0,0.0,0,0,1,0,0,0,0,19.0,19.0,0.0,LOW-RISK PROVIDER PATTERN,NORMAL,No suspicious patterns identified
1658923867,PRIOR_AUTH,1,0,0.0,0,1,0,0,0,0,0,18.99,18.99,100.0,LOW-RISK PROVIDER PATTERN,NORMAL,Empirical claim denial rate = 100.0%
1778994093,PHARMACY_CLAIM,1,0,0.0,0,0,1,0,0,0,0,18.99,18.99,0.0,LOW-RISK PROVIDER PATTERN,NORMAL,No suspicious patterns identified
1699833129,MEDICAL_CLAIM,3,0,0.0,0,2,0,0,0,0,0,18.98,23.87,0.0,LOW-RISK PROVIDER PATTERN,NORMAL,No suspicious patterns identified
1193271931,PHARMACY_CLAIM,1,0,0.0,0,1,0,0,0,0,0,18.98,18.98,0.0,LOW-RISK PROVIDER PATTERN,NORMAL,No suspicious patterns identified
1173303130,PRIOR_AUTH,1,0,0.0,0,1,0,0,0,0,0,18.96,18.96,100.0,LOW-RISK PROVIDER PATTERN,NORMAL,Empirical claim denial rate = 100.0%
1634664956,PRIOR_AUTH,1,0,0.0,0,0,1,0,0,0,0,18.96,18.96,0.0,LOW-RISK PROVIDER PATTERN,NORMAL,No suspicious patterns identified
1154776532,MEDICAL_CLAIM,2,0,0.0,0,1,1,0,0,0,0,18.95,24.98,0.0,LOW-RISK PROVIDER PATTERN,NORMAL,No suspicious patterns identified
1383530587,PHARMACY_CLAIM,1,0,0.0,0,0,0,0,0,0,0,18.95,18.95,0.0,LOW-RISK PROVIDER PATTERN,NORMAL,No suspicious patterns identified
1894371861,PHARMACY_CLAIM,1,0,0.0,0,1,0,0,0,0,0,18.95,18.95,0.0,LOW-RISK PROVIDER PATTERN,NORMAL,No suspicious patterns identified
1210991433,PRIOR_AUTH,1,0,0.0,0,1,0,0,0,0,0,18.94,18.94,100.0,LOW-RISK PROVIDER PATTERN,NORMAL,Empirical claim denial rate = 100.0%
1715556836,PHARMACY_CLAIM,1,0,0.0,0,0,1,0,0,0,0,18.94,18.94,0.0,LOW-RISK PROVIDER PATTERN,NORMAL,No suspicious patterns identified
1825331560,PRIOR_AUTH,1,0,0.0,0,1,0,0,0,0,0,18.94,18.94,100.0,LOW-RISK PROVIDER PATTERN,NORMAL,Empirical claim denial rate = 100.0%
1944289394,PRIOR_AUTH,1,0,0.0,0,1,0,0,0,0,0,18.94,18.94,100.0,LOW-RISK PROVIDER PATTERN,NORMAL,Empirical claim denial rate = 100.0%
1463076030,PRIOR_AUTH,1,0,0.0,0,1,0,0,0,0,0,18.93,18.93,0.0,LOW-RISK PROVIDER PATTERN,NORMAL,No suspicious patterns identified
1810415260,PHARMACY_CLAIM,1,0,0.0,0,1,0,0,0,0,0,18.92,18.92,0.0,LOW-RISK PROVIDER PATTERN,NORMAL,No suspicious patterns identified
1956277761,PHARMACY_CLAIM,1,0,0.0,0,1,0,0,0,0,0,18.91,18.91,0.0,LOW-RISK PROVIDER PATTERN,NORMAL,No suspicious patterns identified
1568806297,MEDICAL_CLAIM,3,1,33.33,0,0,2,0,0,0,0,18.9,29.53,0.0,HIGH-RISK PROVIDER PATTERN,PROVIDER REQUIRING REVIEW,33.3% flagged records
1218094088,PRIOR_AUTH,1,0,0.0,0,1,0,0,0,0,0,18.9,18.9,100.0,LOW-RISK PROVIDER PATTERN,NORMAL,Empirical claim denial rate = 100.0%
1228920373,PRIOR_AUTH,1,0,0.0,0,0,1,0,0,0,0,18.9,18.9,0.0,LOW-RISK PROVIDER PATTERN,NORMAL,No suspicious patterns identified
1049166039,PRIOR_AUTH,1,0,0.0,0,0,0,0,0,0,0,18.89,18.89,0.0,LOW-RISK PROVIDER PATTERN,NORMAL,No suspicious patterns identified
1090351559,PRIOR_AUTH,1,0,0.0,0,0,0,0,0,0,0,18.89,18.89,0.0,LOW-RISK PROVIDER PATTERN,NORMAL,No suspicious patterns identified
1494236674,PRIOR_AUTH,1,0,0.0,0,0,0,0,0,0,0,18.89,18.89,0.0,LOW-RISK PROVIDER PATTERN,NORMAL,No suspicious patterns identified
1991452065,PRIOR_AUTH,1,0,0.0,0,0,0,0,0,0,0,18.89,18.89,0.0,LOW-RISK PROVIDER PATTERN,NORMAL,No suspicious patterns identified
1229815130,PHARMACY_CLAIM,1,0,0.0,0,0,1,0,0,0,0,18.88,18.88,0.0,LOW-RISK PROVIDER PATTERN,NORMAL,No suspicious patterns identified
1359838370,PHARMACY_CLAIM,1,0,0.0,0,1,0,0,0,0,0,18.88,18.88,0.0,LOW-RISK PROVIDER PATTERN,NORMAL,No suspicious patterns identified
1281456372,PRIOR_AUTH,1,0,0.0,0,1,0,0,0,0,0,18.84,18.84,0.0,LOW-RISK PROVIDER PATTERN,NORMAL,No suspicious patterns identified
1505334263,PRIOR_AUTH,1,0,0.0,0,0,1,0,0,0,0,18.84,18.84,0.0,LOW-RISK PROVIDER PATTERN,NORMAL,No suspicious patterns identified
1628127655,PRIOR_AUTH,1,0,0.0,0,0,0,0,0,0,0,18.84,18.84,0.0,LOW-RISK PROVIDER PATTERN,NORMAL,No suspicious patterns identified
1740251883,MEDICAL_CLAIM,6,2,33.33,0,2,3,0,0,0,0,18.83,27.19,0.0,HIGH-RISK PROVIDER PATTERN,PROVIDER REQUIRING REVIEW,33.3% flagged records
1273637488,PHARMACY_CLAIM,1,0,0.0,0,0,1,0,0,0,0,18.83,18.83,0.0,LOW-RISK PROVIDER PATTERN,NORMAL,No suspicious patterns identified
1935162987,PHARMACY_CLAIM,1,0,0.0,0,0,1,0,0,0,0,18.83,18.83,0.0,LOW-RISK PROVIDER PATTERN,NORMAL,No suspicious patterns identified
1124626404,PRIOR_AUTH,1,0,0.0,0,0,1,0,0,0,0,18.81,18.81,0.0,LOW-RISK PROVIDER PATTERN,NORMAL,No suspicious patterns identified
1380680328,PHARMACY_CLAIM,1,0,0.0,0,1,0,0,0,0,0,18.81,18.81,0.0,LOW-RISK PROVIDER PATTERN,NORMAL,No suspicious patterns identified
1011613722,PHARMACY_CLAIM,1,0,0.0,0,0,1,0,0,0,0,18.79,18.79,0.0,LOW-RISK PROVIDER PATTERN,NORMAL,No suspicious patterns identified
1512655726,PRIOR_AUTH,1,0,0.0,0,1,0,0,0,0,0,18.79,18.79,100.0,LOW-RISK PROVIDER PATTERN,NORMAL,Empirical claim denial rate = 100.0%
1780064808,MEDICAL_CLAIM,6,2,33.33,0,2,3,0,0,0,0,18.78,39.71,0.0,HIGH-RISK PROVIDER PATTERN,PROVIDER REQUIRING REVIEW,33.3% flagged records
1079434917,PHARMACY_CLAIM,1,0,0.0,0,1,0,0,0,0,0,18.78,18.78,0.0,LOW-RISK PROVIDER PATTERN,NORMAL,No suspicious patterns identified
1195920405,PHARMACY_CLAIM,1,0,0.0,0,0,1,0,0,0,0,18.78,18.78,0.0,LOW-RISK PROVIDER PATTERN,NORMAL,No suspicious patterns identified
1461084103,PHARMACY_CLAIM,1,0,0.0,0,0,1,0,0,0,0,18.78,18.78,0.0,LOW-RISK PROVIDER PATTERN,NORMAL,No suspicious patterns identified
1780165175,MEDICAL_CLAIM,1,0,0.0,0,1,0,0,0,0,0,18.78,18.78,0.0,LOW-RISK PROVIDER PATTERN,NORMAL,No suspicious patterns identified
1689857385,MEDICAL_CLAIM,9,3,33.33,0,4,3,0,0,0,0,18.77,29.47,0.0,HIGH-RISK PROVIDER PATTERN,PROVIDER REQUIRING REVIEW,33.3% flagged records
1055901728,PRIOR_AUTH,1,0,0.0,0,0,0,0,0,0,0,18.77,18.77,0.0,LOW-RISK PROVIDER PATTERN,NORMAL,No suspicious patterns identified
1297833748,PHARMACY_CLAIM,1,0,0.0,0,0,1,0,0,0,0,18.76,18.76,0.0,LOW-RISK PROVIDER PATTERN,NORMAL,No suspicious patterns identified
1484069996,PRIOR_AUTH,1,0,0.0,0,1,0,0,0,0,0,18.76,18.76,100.0,LOW-RISK PROVIDER PATTERN,NORMAL,Empirical claim denial rate = 100.0%
1940308773,PHARMACY_CLAIM,1,0,0.0,0,1,0,0,0,0,0,18.76,18.76,0.0,LOW-RISK PROVIDER PATTERN,NORMAL,No suspicious patterns identified
1588081681,MEDICAL_CLAIM,20,7,35.0,0,3,8,0,0,0,0,18.75,43.0,0.0,HIGH-RISK PROVIDER PATTERN,PROVIDER REQUIRING REVIEW,35.0% flagged records
1427887926,PHARMACY_CLAIM,1,0,0.0,0,1,0,0,0,0,0,18.75,18.75,0.0,LOW-RISK PROVIDER PATTERN,NORMAL,No suspicious patterns identified
1518388354,MEDICAL_CLAIM,2,1,50.0,0,1,1,0,0,0,0,18.74,36.67,0.0,HIGH-RISK PROVIDER PATTERN,PROVIDER REQUIRING REVIEW,50.0% flagged records
1187593734,PRIOR_AUTH,1,0,0.0,0,1,0,0,0,0,0,18.74,18.74,100.0,LOW-RISK PROVIDER PATTERN,NORMAL,Empirical claim denial rate = 100.0%
1612229683,PRIOR_AUTH,1,0,0.0,0,1,0,0,0,0,0,18.74,18.74,100.0,LOW-RISK PROVIDER PATTERN,NORMAL,Empirical claim denial rate = 100.0%
1695899951,PHARMACY_CLAIM,1,0,0.0,0,0,1,0,0,0,0,18.74,18.74,0.0,LOW-RISK PROVIDER PATTERN,NORMAL,No suspicious patterns identified
1982002945,MEDICAL_CLAIM,2,0,0.0,0,1,1,0,0,0,0,18.73,22.62,0.0,LOW-RISK PROVIDER PATTERN,NORMAL,No suspicious patterns identified
1189680436,PRIOR_AUTH,1,0,0.0,0,0,0,0,0,0,0,18.73,18.73,0.0,LOW-RISK PROVIDER PATTERN,NORMAL,No suspicious patterns identified
1513221148,PHARMACY_CLAIM,1,0,0.0,0,0,1,0,0,0,0,18.73,18.73,0.0,LOW-RISK PROVIDER PATTERN,NORMAL,No suspicious patterns identified
1761534761,PRIOR_AUTH,1,0,0.0,0,0,0,0,0,0,0,18.73,18.73,0.0,LOW-RISK PROVIDER PATTERN,NORMAL,No suspicious patterns identified
1922323658,PRIOR_AUTH,1,0,0.0,0,0,1,0,0,0,0,18.73,18.73,0.0,LOW-RISK PROVIDER PATTERN,NORMAL,No suspicious patterns identified
1693346637,PHARMACY_CLAIM,1,0,0.0,0,0,0,0,0,0,0,18.72,18.72,0.0,LOW-RISK PROVIDER PATTERN,NORMAL,No suspicious patterns identified
1005061108,PRIOR_AUTH,1,0,0.0,0,0,0,0,0,0,0,18.71,18.71,0.0,LOW-RISK PROVIDER PATTERN,NORMAL,No suspicious patterns identified
1026587922,PRIOR_AUTH,1,0,0.0,0,1,0,0,0,0,0,18.71,18.71,100.0,LOW-RISK PROVIDER PATTERN,NORMAL,Empirical claim denial rate = 100.0%
1341582088,PRIOR_AUTH,1,0,0.0,0,0,1,0,0,0,0,18.71,18.71,0.0,LOW-RISK PROVIDER PATTERN,NORMAL,No suspicious patterns identified
1093271579,MEDICAL_CLAIM,7,3,42.86,0,3,3,0,0,0,0,18.68,33.1,0.0,HIGH-RISK PROVIDER PATTERN,PROVIDER REQUIRING REVIEW,42.9% flagged records
1471621546,PRIOR_AUTH,1,0,0.0,0,1,0,0,0,0,0,18.68,18.68,100.0,LOW-RISK PROVIDER PATTERN,NORMAL,Empirical claim denial rate = 100.0%
1265111700,PHARMACY_CLAIM,1,0,0.0,0,1,0,0,0,0,0,18.67,18.67,0.0,LOW-RISK PROVIDER PATTERN,NORMAL,No suspicious patterns identified
1315902699,PRIOR_AUTH,1,0,0.0,0,1,0,0,0,0,0,18.66,18.66,0.0,LOW-RISK PROVIDER PATTERN,NORMAL,No suspicious patterns identified
1497181697,MEDICAL_CLAIM,2,1,50.0,0,0,1,0,0,0,0,18.65,32.77,0.0,HIGH-RISK PROVIDER PATTERN,PROVIDER REQUIRING REVIEW,50.0% flagged records
1384666856,PRIOR_AUTH,1,0,0.0,0,1,0,0,0,0,0,18.65,18.65,100.0,LOW-RISK PROVIDER PATTERN,NORMAL,Empirical claim denial rate = 100.0%
1812917945,PHARMACY_CLAIM,1,0,0.0,0,1,0,0,0,0,0,18.65,18.65,0.0,LOW-RISK PROVIDER PATTERN,NORMAL,No suspicious patterns identified
1063421752,PHARMACY_CLAIM,1,0,0.0,0,1,0,0,0,0,0,18.64,18.64,0.0,LOW-RISK PROVIDER PATTERN,NORMAL,No suspicious patterns identified
1143304766,PHARMACY_CLAIM,1,0,0.0,0,0,1,0,0,0,0,18.64,18.64,0.0,LOW-RISK PROVIDER PATTERN,NORMAL,No suspicious patterns identified
1536109434,PRIOR_AUTH,1,0,0.0,0,1,0,0,0,0,0,18.64,18.64,100.0,LOW-RISK PROVIDER PATTERN,NORMAL,Empirical claim denial rate = 100.0%
1343353993,PRIOR_AUTH,1,0,0.0,0,1,0,0,0,0,0,18.62,18.62,100.0,LOW-RISK PROVIDER PATTERN,NORMAL,Empirical claim denial rate = 100.0%
1487665733,MEDICAL_CLAIM,2,1,50.0,0,1,1,0,0,0,0,18.61,36.47,0.0,HIGH-RISK PROVIDER PATTERN,PROVIDER REQUIRING REVIEW,50.0% flagged records
1390956335,PHARMACY_CLAIM,1,0,0.0,0,1,0,0,0,0,0,18.61,18.61,0.0,LOW-RISK PROVIDER PATTERN,NORMAL,No suspicious patterns identified
1560073605,PHARMACY_CLAIM,1,0,0.0,0,0,1,0,0,0,0,18.61,18.61,0.0,LOW-RISK PROVIDER PATTERN,NORMAL,No suspicious patterns identified
1098196833,PRIOR_AUTH,1,0,0.0,0,0,0,0,0,0,0,18.6,18.6,0.0,LOW-RISK PROVIDER PATTERN,NORMAL,No suspicious patterns identified
1902186490,PHARMACY_CLAIM,1,0,0.0,0,0,1,0,0,0,0,18.6,18.6,0.0,LOW-RISK PROVIDER PATTERN,NORMAL,No suspicious patterns identified
1245344316,MEDICAL_CLAIM,5,2,40.0,0,1,2,0,0,0,0,18.59,30.74,0.0,HIGH-RISK PROVIDER PATTERN,PROVIDER REQUIRING REVIEW,40.0% flagged records
1164778031,MEDICAL_CLAIM,1,0,0.0,0,1,0,0,0,0,0,18.59,18.59,0.0,LOW-RISK PROVIDER PATTERN,NORMAL,No suspicious patterns identified
1716512806,PHARMACY_CLAIM,1,0,0.0,0,1,0,0,0,0,0,18.59,18.59,0.0,LOW-RISK PROVIDER PATTERN,NORMAL,No suspicious patterns identified
1005515157,PHARMACY_CLAIM,1,0,0.0,0,0,1,0,0,0,0,18.58,18.58,0.0,LOW-RISK PROVIDER PATTERN,NORMAL,No suspicious patterns identified
1633191060,PHARMACY_CLAIM,1,0,0.0,0,0,1,0,0,0,0,18.58,18.58,0.0,LOW-RISK PROVIDER PATTERN,NORMAL,No suspicious patterns identified
1306844519,MEDICAL_CLAIM,5,2,40.0,0,2,1,0,0,0,0,18.57,30.49,0.0,HIGH-RISK PROVIDER PATTERN,PROVIDER REQUIRING REVIEW,40.0% flagged records
1338815771,PHARMACY_CLAIM,1,0,0.0,0,1,0,0,0,0,0,18.57,18.57,0.0,LOW-RISK PROVIDER PATTERN,NORMAL,No suspicious patterns identified
1004169542,PRIOR_AUTH,1,0,0.0,0,1,0,0,0,0,0,18.56,18.56,100.0,LOW-RISK PROVIDER PATTERN,NORMAL,Empirical claim denial rate = 100.0%
1240747202,PHARMACY_CLAIM,1,0,0.0,0,0,1,1,0,0,0,18.56,18.56,0.0,LOW-RISK PROVIDER PATTERN,NORMAL,No suspicious patterns identified
1649947797,MEDICAL_CLAIM,2,1,50.0,0,1,1,0,0,0,0,18.54,27.18,0.0,HIGH-RISK PROVIDER PATTERN,PROVIDER REQUIRING REVIEW,50.0% flagged records
1441807904,PRIOR_AUTH,1,0,0.0,0,1,0,0,0,0,0,18.54,18.54,100.0,LOW-RISK PROVIDER PATTERN,NORMAL,Empirical claim denial rate = 100.0%
1517939970,PHARMACY_CLAIM,1,0,0.0,0,0,1,0,0,0,0,18.53,18.53,0.0,LOW-RISK PROVIDER PATTERN,NORMAL,No suspicious patterns identified
1942392600,MEDICAL_CLAIM,1,0,0.0,0,1,0,0,0,0,0,18.53,18.53,0.0,LOW-RISK PROVIDER PATTERN,NORMAL,No suspicious patterns identified
1962664292,PHARMACY_CLAIM,1,0,0.0,0,1,0,0,0,0,0,18.52,18.52,0.0,LOW-RISK PROVIDER PATTERN,NORMAL,No suspicious patterns identified
1015508106,PRIOR_AUTH,1,0,0.0,0,0,0,0,0,0,0,18.51,18.51,0.0,LOW-RISK PROVIDER PATTERN,NORMAL,No suspicious patterns identified
1197246871,PRIOR_AUTH,1,0,0.0,0,1,0,0,0,0,0,18.51,18.51,100.0,LOW-RISK PROVIDER PATTERN,NORMAL,Empirical claim denial rate = 100.0%
1437138841,PRIOR_AUTH,1,0,0.0,0,0,1,0,0,0,0,18.51,18.51,0.0,LOW-RISK PROVIDER PATTERN,NORMAL,No suspicious patterns identified
1461474642,PRIOR_AUTH,1,0,0.0,0,0,0,0,0,0,0,18.51,18.51,0.0,LOW-RISK PROVIDER PATTERN,NORMAL,No suspicious patterns identified
1860035581,PRIOR_AUTH,1,0,0.0,0,0,0,0,0,0,0,18.51,18.51,0.0,LOW-RISK PROVIDER PATTERN,NORMAL,No suspicious patterns identified
1758162886,PHARMACY_CLAIM,1,0,0.0,0,0,1,0,0,0,0,18.5,18.5,0.0,LOW-RISK PROVIDER PATTERN,NORMAL,No suspicious patterns identified
1136096803,PRIOR_AUTH,1,0,0.0,0,0,0,0,0,0,0,18.48,18.48,0.0,LOW-RISK PROVIDER PATTERN,NORMAL,No suspicious patterns identified
1877484500,PRIOR_AUTH,1,0,0.0,0,0,0,0,0,0,0,18.48,18.48,0.0,LOW-RISK PROVIDER PATTERN,NORMAL,No suspicious patterns identified
1493985819,PHARMACY_CLAIM,1,0,0.0,0,1,0,0,0,0,0,18.47,18.47,0.0,LOW-RISK PROVIDER PATTERN,NORMAL,No suspicious patterns identified
1411671339,PHARMACY_CLAIM,1,0,0.0,0,0,1,0,0,0,0,18.46,18.46,0.0,LOW-RISK PROVIDER PATTERN,NORMAL,No suspicious patterns identified
1114481447,MEDICAL_CLAIM,2,0,0.0,0,2,0,0,0,0,0,18.45,22.83,0.0,LOW-RISK PROVIDER PATTERN,NORMAL,No suspicious patterns identified
1286342491,PRIOR_AUTH,1,0,0.0,0,0,1,0,0,0,0,18.45,18.45,0.0,LOW-RISK PROVIDER PATTERN,NORMAL,No suspicious patterns identified
1708327449,PHARMACY_CLAIM,1,0,0.0,0,1,0,0,0,0,0,18.45,18.45,0.0,LOW-RISK PROVIDER PATTERN,NORMAL,No suspicious patterns identified
1939907519,PRIOR_AUTH,1,0,0.0,0,1,0,0,0,0,0,18.44,18.44,100.0,LOW-RISK PROVIDER PATTERN,NORMAL,Empirical claim denial rate = 100.0%
1465874307,PRIOR_AUTH,1,0,0.0,0,1,0,0,0,0,0,18.43,18.43,100.0,LOW-RISK PROVIDER PATTERN,NORMAL,Empirical claim denial rate = 100.0%
1104150754,MEDICAL_CLAIM,7,3,42.86,0,1,3,0,0,0,0,18.42,40.17,0.0,HIGH-RISK PROVIDER PATTERN,PROVIDER REQUIRING REVIEW,42.9% flagged records
1544058910,PHARMACY_CLAIM,1,0,0.0,0,0,1,0,0,0,0,18.41,18.41,0.0,LOW-RISK PROVIDER PATTERN,NORMAL,No suspicious patterns identified
1196035522,PHARMACY_CLAIM,1,0,0.0,0,0,1,0,0,0,0,18.39,18.39,0.0,LOW-RISK PROVIDER PATTERN,NORMAL,No suspicious patterns identified
1477758203,PRIOR_AUTH,1,0,0.0,0,0,1,0,0,0,0,18.38,18.38,0.0,LOW-RISK PROVIDER PATTERN,NORMAL,No suspicious patterns identified
1831219328,MEDICAL_CLAIM,1,0,0.0,0,1,0,0,0,0,0,18.38,18.38,0.0,LOW-RISK PROVIDER PATTERN,NORMAL,No suspicious patterns identified
1730587072,MEDICAL_CLAIM,5,2,40.0,0,2,2,0,0,0,0,18.37,42.54,0.0,HIGH-RISK PROVIDER PATTERN,PROVIDER REQUIRING REVIEW,40.0% flagged records
1766209834,PRIOR_AUTH,1,0,0.0,0,1,0,0,0,0,0,18.37,18.37,100.0,LOW-RISK PROVIDER PATTERN,NORMAL,Empirical claim denial rate = 100.0%
1784771681,PRIOR_AUTH,1,0,0.0,0,1,0,0,0,0,0,18.37,18.37,100.0,LOW-RISK PROVIDER PATTERN,NORMAL,Empirical claim denial rate = 100.0%
1220900152,PHARMACY_CLAIM,1,0,0.0,0,0,1,0,0,0,0,18.36,18.36,0.0,LOW-RISK PROVIDER PATTERN,NORMAL,No suspicious patterns identified
1279034397,PRIOR_AUTH,1,0,0.0,0,0,1,0,0,0,0,18.36,18.36,0.0,LOW-RISK PROVIDER PATTERN,NORMAL,No suspicious patterns identified
1325167600,PHARMACY_CLAIM,1,0,0.0,0,0,0,0,0,0,0,18.36,18.36,0.0,LOW-RISK PROVIDER PATTERN,NORMAL,No suspicious patterns identified
1871403917,PRIOR_AUTH,1,0,0.0,0,1,0,0,0,0,0,18.36,18.36,0.0,LOW-RISK PROVIDER PATTERN,NORMAL,No suspicious patterns identified
1384897444,PHARMACY_CLAIM,1,0,0.0,0,0,1,0,0,0,0,18.35,18.35,0.0,LOW-RISK PROVIDER PATTERN,NORMAL,No suspicious patterns identified
1086038819,PHARMACY_CLAIM,1,0,0.0,0,0,0,0,0,0,0,18.32,18.32,0.0,LOW-RISK PROVIDER PATTERN,NORMAL,No suspicious patterns identified
1007365320,PRIOR_AUTH,1,0,0.0,0,1,0,0,0,0,0,18.31,18.31,100.0,LOW-RISK PROVIDER PATTERN,NORMAL,Empirical claim denial rate = 100.0%
1388515462,PHARMACY_CLAIM,1,0,0.0,0,1,0,0,0,0,0,18.31,18.31,0.0,LOW-RISK PROVIDER PATTERN,NORMAL,No suspicious patterns identified
1586533559,PHARMACY_CLAIM,1,0,0.0,0,0,1,0,0,0,0,18.3,18.3,0.0,LOW-RISK PROVIDER PATTERN,NORMAL,No suspicious patterns identified
1931818203,PHARMACY_CLAIM,1,0,0.0,0,1,0,0,0,0,0,18.29,18.29,0.0,LOW-RISK PROVIDER PATTERN,NORMAL,No suspicious patterns identified
1013908201,MEDICAL_CLAIM,3,0,0.0,0,0,2,0,0,0,0,18.28,24.87,0.0,LOW-RISK PROVIDER PATTERN,NORMAL,No suspicious patterns identified
1494053027,PHARMACY_CLAIM,1,0,0.0,0,1,0,0,0,0,0,18.28,18.28,0.0,LOW-RISK PROVIDER PATTERN,NORMAL,No suspicious patterns identified
1597550489,PHARMACY_CLAIM,1,0,0.0,0,0,0,0,0,0,0,18.28,18.28,0.0,LOW-RISK PROVIDER PATTERN,NORMAL,No suspicious patterns identified
1715170145,PRIOR_AUTH,1,0,0.0,0,1,0,0,0,0,0,18.27,18.27,100.0,LOW-RISK PROVIDER PATTERN,NORMAL,Empirical claim denial rate = 100.0%
1769173791,PRIOR_AUTH,1,0,0.0,0,1,0,0,0,0,0,18.27,18.27,100.0,LOW-RISK PROVIDER PATTERN,NORMAL,Empirical claim denial rate = 100.0%
1104260917,PRIOR_AUTH,1,0,0.0,0,0,1,0,0,0,0,18.25,18.25,0.0,LOW-RISK PROVIDER PATTERN,NORMAL,No suspicious patterns identified
1622432126,PHARMACY_CLAIM,1,0,0.0,0,1,0,0,0,0,0,18.25,18.25,0.0,LOW-RISK PROVIDER PATTERN,NORMAL,No suspicious patterns identified
1897146834,PRIOR_AUTH,1,0,0.0,0,1,0,0,0,0,0,18.25,18.25,0.0,LOW-RISK PROVIDER PATTERN,NORMAL,No suspicious patterns identified
1631129513,PHARMACY_CLAIM,1,0,0.0,0,0,1,0,0,0,0,18.24,18.24,0.0,LOW-RISK PROVIDER PATTERN,NORMAL,No suspicious patterns identified
1021883407,PHARMACY_CLAIM,1,0,0.0,0,0,1,0,0,0,0,18.23,18.23,0.0,LOW-RISK PROVIDER PATTERN,NORMAL,No suspicious patterns identified
1134351760,MEDICAL_CLAIM,6,3,50.0,0,1,3,0,0,0,0,18.22,30.61,0.0,HIGH-RISK PROVIDER PATTERN,PROVIDER REQUIRING REVIEW,50.0% flagged records
1939620540,PHARMACY_CLAIM,1,0,0.0,0,0,0,0,0,0,0,18.22,18.22,0.0,LOW-RISK PROVIDER PATTERN,NORMAL,No suspicious patterns identified
1210381041,PRIOR_AUTH,1,0,0.0,0,1,0,0,0,0,0,18.21,18.21,0.0,LOW-RISK PROVIDER PATTERN,NORMAL,No suspicious patterns identified
1769339028,PRIOR_AUTH,1,0,0.0,0,1,0,0,0,0,0,18.21,18.21,0.0,LOW-RISK PROVIDER PATTERN,NORMAL,No suspicious patterns identified
1679900229,MEDICAL_CLAIM,2,1,50.0,0,0,1,0,0,0,0,18.2,31.69,0.0,HIGH-RISK PROVIDER PATTERN,PROVIDER REQUIRING REVIEW,50.0% flagged records
1841703253,MEDICAL_CLAIM,6,2,33.33,0,2,2,0,0,0,0,18.18,33.83,0.0,HIGH-RISK PROVIDER PATTERN,PROVIDER REQUIRING REVIEW,33.3% flagged records
1699016527,MEDICAL_CLAIM,2,0,0.0,0,1,0,0,0,0,0,18.18,21.02,0.0,LOW-RISK PROVIDER PATTERN,NORMAL,No suspicious patterns identified
1860463429,PRIOR_AUTH,1,0,0.0,0,0,1,0,0,0,0,18.18,18.18,0.0,LOW-RISK PROVIDER PATTERN,NORMAL,No suspicious patterns identified
1947533982,PRIOR_AUTH,1,0,0.0,0,1,0,0,0,0,0,18.18,18.18,100.0,LOW-RISK PROVIDER PATTERN,NORMAL,Empirical claim denial rate = 100.0%
1253395898,PRIOR_AUTH,1,0,0.0,0,1,0,0,0,0,0,18.16,18.16,100.0,LOW-RISK PROVIDER PATTERN,NORMAL,Empirical claim denial rate = 100.0%
1742480263,PHARMACY_CLAIM,1,0,0.0,0,0,1,0,0,0,0,18.16,18.16,0.0,LOW-RISK PROVIDER PATTERN,NORMAL,No suspicious patterns identified
1523966000,PHARMACY_CLAIM,1,0,0.0,0,0,1,0,0,0,0,18.15,18.15,0.0,LOW-RISK PROVIDER PATTERN,NORMAL,No suspicious patterns identified
1130032471,PHARMACY_CLAIM,1,0,0.0,0,0,1,0,0,0,0,18.14,18.14,0.0,LOW-RISK PROVIDER PATTERN,NORMAL,No suspicious patterns identified
1586533847,PRIOR_AUTH,1,0,0.0,0,0,0,0,0,0,0,18.14,18.14,0.0,LOW-RISK PROVIDER PATTERN,NORMAL,No suspicious patterns identified
1652636895,PRIOR_AUTH,1,0,0.0,0,0,0,0,0,0,0,18.14,18.14,0.0,LOW-RISK PROVIDER PATTERN,NORMAL,No suspicious patterns identified
1999313622,PRIOR_AUTH,1,0,0.0,0,0,0,0,0,0,0,18.14,18.14,0.0,LOW-RISK PROVIDER PATTERN,NORMAL,No suspicious patterns identified
1580113446,PHARMACY_CLAIM,1,0,0.0,0,0,1,0,0,0,0,18.13,18.13,0.0,LOW-RISK PROVIDER PATTERN,NORMAL,No suspicious patterns identified
1086826074,PRIOR_AUTH,1,0,0.0,0,1,0,0,0,0,0,18.12,18.12,100.0,LOW-RISK PROVIDER PATTERN,NORMAL,Empirical claim denial rate = 100.0%
1399411961,PRIOR_AUTH,1,0,0.0,0,0,1,0,0,0,0,18.12,18.12,0.0,LOW-RISK PROVIDER PATTERN,NORMAL,No suspicious patterns identified
1633126209,PHARMACY_CLAIM,1,0,0.0,0,0,1,0,0,0,0,18.12,18.12,0.0,LOW-RISK PROVIDER PATTERN,NORMAL,No suspicious patterns identified
1921954269,PRIOR_AUTH,1,0,0.0,0,0,1,0,0,0,0,18.12,18.12,0.0,LOW-RISK PROVIDER PATTERN,NORMAL,No suspicious patterns identified
1040342033,PRIOR_AUTH,1,0,0.0,0,1,0,0,0,0,0,18.11,18.11,0.0,LOW-RISK PROVIDER PATTERN,NORMAL,No suspicious patterns identified
1209021984,PHARMACY_CLAIM,1,0,0.0,0,0,1,0,0,0,0,18.11,18.11,0.0,LOW-RISK PROVIDER PATTERN,NORMAL,No suspicious patterns identified
1403488012,PRIOR_AUTH,1,0,0.0,0,0,1,0,0,0,0,18.08,18.08,0.0,LOW-RISK PROVIDER PATTERN,NORMAL,No suspicious patterns identified
1442949768,PRIOR_AUTH,1,0,0.0,0,0,1,0,0,0,0,18.08,18.08,0.0,LOW-RISK PROVIDER PATTERN,NORMAL,No suspicious patterns identified
1811947245,MEDICAL_CLAIM,6,3,50.0,0,2,3,0,0,0,0,18.07,36.04,0.0,HIGH-RISK PROVIDER PATTERN,PROVIDER REQUIRING REVIEW,50.0% flagged records
1134404653,PHARMACY_CLAIM,1,0,0.0,0,0,1,0,0,0,0,18.07,18.07,0.0,LOW-RISK PROVIDER PATTERN,NORMAL,No suspicious patterns identified
1171727900,PRIOR_AUTH,1,0,0.0,0,0,1,0,0,0,0,18.06,18.06,0.0,LOW-RISK PROVIDER PATTERN,NORMAL,No suspicious patterns identified
1270782604,PHARMACY_CLAIM,1,0,0.0,0,1,0,0,0,0,0,18.06,18.06,0.0,LOW-RISK PROVIDER PATTERN,NORMAL,No suspicious patterns identified
1585644929,PRIOR_AUTH,1,0,0.0,0,0,0,0,0,0,0,18.06,18.06,0.0,LOW-RISK PROVIDER PATTERN,NORMAL,No suspicious patterns identified
1604872141,PRIOR_AUTH,1,0,0.0,0,1,0,0,0,0,0,18.06,18.06,0.0,LOW-RISK PROVIDER PATTERN,NORMAL,No suspicious patterns identified
1168205917,PRIOR_AUTH,1,0,0.0,0,1,0,0,0,0,0,18.04,18.04,100.0,LOW-RISK PROVIDER PATTERN,NORMAL,Empirical claim denial rate = 100.0%
1210059605,PHARMACY_CLAIM,1,0,0.0,0,0,1,0,0,0,0,18.03,18.03,0.0,LOW-RISK PROVIDER PATTERN,NORMAL,No suspicious patterns identified
1291093224,PHARMACY_CLAIM,1,0,0.0,0,0,1,0,0,0,0,18.02,18.02,0.0,LOW-RISK PROVIDER PATTERN,NORMAL,No suspicious patterns identified
1475422151,PRIOR_AUTH,1,0,0.0,0,1,0,0,0,0,0,18.02,18.02,100.0,LOW-RISK PROVIDER PATTERN,NORMAL,Empirical claim denial rate = 100.0%
1787623936,PRIOR_AUTH,1,0,0.0,0,1,0,0,0,0,0,18.02,18.02,100.0,LOW-RISK PROVIDER PATTERN,NORMAL,Empirical claim denial rate = 100.0%
1185183204,PHARMACY_CLAIM,1,0,0.0,0,1,0,0,0,0,0,18.01,18.01,0.0,LOW-RISK PROVIDER PATTERN,NORMAL,No suspicious patterns identified
1594586914,PRIOR_AUTH,1,0,0.0,0,1,0,0,0,0,0,18.0,18.0,100.0,LOW-RISK PROVIDER PATTERN,NORMAL,Empirical claim denial rate = 100.0%
1774555289,PHARMACY_CLAIM,1,0,0.0,0,0,1,0,0,0,0,18.0,18.0,0.0,LOW-RISK PROVIDER PATTERN,NORMAL,No suspicious patterns identified
1763507150,PHARMACY_CLAIM,1,0,0.0,0,0,0,0,0,0,0,17.99,17.99,0.0,LOW-RISK PROVIDER PATTERN,NORMAL,No suspicious patterns identified
1447423900,MEDICAL_CLAIM,5,2,40.0,0,2,1,0,0,0,0,17.97,28.09,0.0,HIGH-RISK PROVIDER PATTERN,PROVIDER REQUIRING REVIEW,40.0% flagged records
1550282381,PHARMACY_CLAIM,1,0,0.0,0,0,1,0,0,0,0,17.97,17.97,0.0,LOW-RISK PROVIDER PATTERN,NORMAL,No suspicious patterns identified
1027296655,PRIOR_AUTH,1,0,0.0,0,1,0,0,0,0,0,17.96,17.96,100.0,LOW-RISK PROVIDER PATTERN,NORMAL,Empirical claim denial rate = 100.0%
1881923126,MEDICAL_CLAIM,6,2,33.33,0,2,2,0,0,0,0,17.95,29.77,0.0,HIGH-RISK PROVIDER PATTERN,PROVIDER REQUIRING REVIEW,33.3% flagged records
1228537665,PRIOR_AUTH,1,0,0.0,0,0,1,0,0,0,0,17.95,17.95,0.0,LOW-RISK PROVIDER PATTERN,NORMAL,No suspicious patterns identified
1458185012,PRIOR_AUTH,1,0,0.0,0,0,1,0,0,0,0,17.95,17.95,0.0,LOW-RISK PROVIDER PATTERN,NORMAL,No suspicious patterns identified
1680693973,PRIOR_AUTH,1,0,0.0,0,0,1,0,0,0,0,17.95,17.95,0.0,LOW-RISK PROVIDER PATTERN,NORMAL,No suspicious patterns identified
1301948452,PHARMACY_CLAIM,1,0,0.0,0,1,0,0,0,0,0,17.94,17.94,0.0,LOW-RISK PROVIDER PATTERN,NORMAL,No suspicious patterns identified
1990396770,PHARMACY_CLAIM,1,0,0.0,0,0,1,0,0,0,0,17.94,17.94,0.0,LOW-RISK PROVIDER PATTERN,NORMAL,No suspicious patterns identified
1090840270,PHARMACY_CLAIM,1,0,0.0,0,0,1,0,0,0,0,17.93,17.93,0.0,LOW-RISK PROVIDER PATTERN,NORMAL,No suspicious patterns identified
1343432832,PRIOR_AUTH,1,0,0.0,0,1,0,0,0,0,0,17.92,17.92,0.0,LOW-RISK PROVIDER PATTERN,NORMAL,No suspicious patterns identified
1487640989,PRIOR_AUTH,1,0,0.0,0,1,0,0,0,0,0,17.92,17.92,0.0,LOW-RISK PROVIDER PATTERN,NORMAL,No suspicious patterns identified
1472555609,PHARMACY_CLAIM,1,0,0.0,0,0,1,0,0,0,0,17.91,17.91,0.0,LOW-RISK PROVIDER PATTERN,NORMAL,No suspicious patterns identified
1770988735,MEDICAL_CLAIM,1,0,0.0,0,1,0,0,0,0,0,17.91,17.91,0.0,LOW-RISK PROVIDER PATTERN,NORMAL,No suspicious patterns identified
1976891180,PHARMACY_CLAIM,1,0,0.0,0,0,0,0,0,0,0,17.91,17.91,0.0,LOW-RISK PROVIDER PATTERN,NORMAL,No suspicious patterns identified
1184857195,MEDICAL_CLAIM,1,0,0.0,0,1,0,0,0,0,0,17.9,17.9,0.0,LOW-RISK PROVIDER PATTERN,NORMAL,No suspicious patterns identified
1851951177,PRIOR_AUTH,1,0,0.0,0,1,0,0,0,0,0,17.9,17.9,100.0,LOW-RISK PROVIDER PATTERN,NORMAL,Empirical claim denial rate = 100.0%
1649628009,MEDICAL_CLAIM,6,3,50.0,0,0,3,0,0,0,0,17.89,30.09,0.0,HIGH-RISK PROVIDER PATTERN,PROVIDER REQUIRING REVIEW,50.0% flagged records
1298216494,PRIOR_AUTH,1,0,0.0,0,0,1,0,0,0,0,17.89,17.89,0.0,LOW-RISK PROVIDER PATTERN,NORMAL,No suspicious patterns identified
1971110536,PHARMACY_CLAIM,1,0,0.0,0,0,1,0,0,0,0,17.89,17.89,0.0,LOW-RISK PROVIDER PATTERN,NORMAL,No suspicious patterns identified
1016282511,PRIOR_AUTH,1,0,0.0,0,1,0,0,0,0,0,17.88,17.88,100.0,LOW-RISK PROVIDER PATTERN,NORMAL,Empirical claim denial rate = 100.0%
1581252241,PRIOR_AUTH,1,0,0.0,0,1,0,0,0,0,0,17.88,17.88,100.0,LOW-RISK PROVIDER PATTERN,NORMAL,Empirical claim denial rate = 100.0%
1194179721,MEDICAL_CLAIM,1,0,0.0,0,1,0,0,0,0,0,17.87,17.87,0.0,LOW-RISK PROVIDER PATTERN,NORMAL,No suspicious patterns identified
1258337013,PHARMACY_CLAIM,1,0,0.0,0,0,1,0,0,0,0,17.87,17.87,0.0,LOW-RISK PROVIDER PATTERN,NORMAL,No suspicious patterns identified
1245466165,PRIOR_AUTH,1,0,0.0,0,1,0,0,0,0,0,17.86,17.86,0.0,LOW-RISK PROVIDER PATTERN,NORMAL,No suspicious patterns identified
1164463840,MEDICAL_CLAIM,6,2,33.33,0,1,3,0,0,0,0,17.84,42.12,0.0,HIGH-RISK PROVIDER PATTERN,PROVIDER REQUIRING REVIEW,33.3% flagged records
1928180551,PHARMACY_CLAIM,1,0,0.0,0,0,1,0,0,0,0,17.83,17.83,0.0,LOW-RISK PROVIDER PATTERN,NORMAL,No suspicious patterns identified
1618259537,PRIOR_AUTH,1,0,0.0,0,1,0,0,0,0,0,17.82,17.82,0.0,LOW-RISK PROVIDER PATTERN,NORMAL,No suspicious patterns identified
1972158475,MEDICAL_CLAIM,5,2,40.0,0,1,2,0,0,0,0,17.81,43.05,0.0,HIGH-RISK PROVIDER PATTERN,PROVIDER REQUIRING REVIEW,40.0% flagged records
1583638703,PRIOR_AUTH,1,0,0.0,0,1,0,0,0,0,0,17.81,17.81,0.0,LOW-RISK PROVIDER PATTERN,NORMAL,No suspicious patterns identified
1979237893,PRIOR_AUTH,1,0,0.0,0,1,0,0,0,0,0,17.81,17.81,0.0,LOW-RISK PROVIDER PATTERN,NORMAL,No suspicious patterns identified
1005211521,PHARMACY_CLAIM,1,0,0.0,0,0,1,0,0,0,0,17.8,17.8,0.0,LOW-RISK PROVIDER PATTERN,NORMAL,No suspicious patterns identified
1324064453,PRIOR_AUTH,1,0,0.0,0,1,0,0,0,0,0,17.79,17.79,100.0,LOW-RISK PROVIDER PATTERN,NORMAL,Empirical claim denial rate = 100.0%
1838881782,PHARMACY_CLAIM,1,0,0.0,0,1,0,0,0,0,0,17.79,17.79,0.0,LOW-RISK PROVIDER PATTERN,NORMAL,No suspicious patterns identified
1424593618,PHARMACY_CLAIM,1,0,0.0,0,0,1,0,0,0,0,17.78,17.78,0.0,LOW-RISK PROVIDER PATTERN,NORMAL,No suspicious patterns identified
1938458100,PRIOR_AUTH,1,0,0.0,0,1,0,0,0,0,0,17.76,17.76,100.0,LOW-RISK PROVIDER PATTERN,NORMAL,Empirical claim denial rate = 100.0%
1908685780,PRIOR_AUTH,1,0,0.0,0,1,0,0,0,0,0,17.75,17.75,100.0,LOW-RISK PROVIDER PATTERN,NORMAL,Empirical claim denial rate = 100.0%
1297317874,PRIOR_AUTH,1,0,0.0,0,1,0,0,0,0,0,17.73,17.73,100.0,LOW-RISK PROVIDER PATTERN,NORMAL,Empirical claim denial rate = 100.0%
1413711136,PHARMACY_CLAIM,1,0,0.0,0,0,1,0,0,0,0,17.73,17.73,0.0,LOW-RISK PROVIDER PATTERN,NORMAL,No suspicious patterns identified
1478439134,PHARMACY_CLAIM,1,0,0.0,0,1,0,0,0,0,0,17.73,17.73,0.0,LOW-RISK PROVIDER PATTERN,NORMAL,No suspicious patterns identified
1558898882,MEDICAL_CLAIM,2,1,50.0,0,0,1,0,0,0,0,17.72,26.92,0.0,HIGH-RISK PROVIDER PATTERN,PROVIDER REQUIRING REVIEW,50.0% flagged records
1074936265,PRIOR_AUTH,1,0,0.0,0,0,0,0,0,0,0,17.72,17.72,0.0,LOW-RISK PROVIDER PATTERN,NORMAL,No suspicious patterns identified
1154244872,PHARMACY_CLAIM,1,0,0.0,0,0,1,0,0,0,0,17.72,17.72,0.0,LOW-RISK PROVIDER PATTERN,NORMAL,No suspicious patterns identified
1156788876,PRIOR_AUTH,1,0,0.0,0,0,0,0,0,0,0,17.72,17.72,0.0,LOW-RISK PROVIDER PATTERN,NORMAL,No suspicious patterns identified
1393099429,PRIOR_AUTH,1,0,0.0,0,0,0,0,0,0,0,17.72,17.72,0.0,LOW-RISK PROVIDER PATTERN,NORMAL,No suspicious patterns identified
1748015567,PRIOR_AUTH,1,0,0.0,0,0,0,0,0,0,0,17.72,17.72,0.0,LOW-RISK PROVIDER PATTERN,NORMAL,No suspicious patterns identified
1767675128,PRIOR_AUTH,1,0,0.0,0,0,0,0,0,0,0,17.72,17.72,0.0,LOW-RISK PROVIDER PATTERN,NORMAL,No suspicious patterns identified
1988320053,PRIOR_AUTH,1,0,0.0,0,0,0,0,0,0,0,17.72,17.72,0.0,LOW-RISK PROVIDER PATTERN,NORMAL,No suspicious patterns identified
1074680918,PRIOR_AUTH,1,0,0.0,0,1,0,0,0,0,0,17.71,17.71,100.0,LOW-RISK PROVIDER PATTERN,NORMAL,Empirical claim denial rate = 100.0%
1811571417,MEDICAL_CLAIM,10,2,20.0,0,6,2,0,0,0,0,17.7,39.69,0.0,HIGH-RISK PROVIDER PATTERN,PROVIDER REQUIRING REVIEW,20.0% flagged records
1138399576,PHARMACY_CLAIM,1,0,0.0,0,1,0,0,0,0,0,17.7,17.7,0.0,LOW-RISK PROVIDER PATTERN,NORMAL,No suspicious patterns identified
1301750119,PHARMACY_CLAIM,1,0,0.0,0,0,1,0,0,0,0,17.7,17.7,0.0,LOW-RISK PROVIDER PATTERN,NORMAL,No suspicious patterns identified
1491453676,PHARMACY_CLAIM,1,0,0.0,0,0,0,0,0,0,0,17.7,17.7,0.0,LOW-RISK PROVIDER PATTERN,NORMAL,No suspicious patterns identified
1003563577,PRIOR_AUTH,1,0,0.0,0,0,1,0,0,0,0,17.69,17.69,0.0,LOW-RISK PROVIDER PATTERN,NORMAL,No suspicious patterns identified
1198681490,PRIOR_AUTH,1,0,0.0,0,0,1,0,0,0,0,17.69,17.69,0.0,LOW-RISK PROVIDER PATTERN,NORMAL,No suspicious patterns identified
1018593635,PHARMACY_CLAIM,1,0,0.0,0,0,1,0,0,0,0,17.67,17.67,0.0,LOW-RISK PROVIDER PATTERN,NORMAL,No suspicious patterns identified
1344999417,PRIOR_AUTH,1,0,0.0,0,1,0,0,0,0,0,17.67,17.67,100.0,LOW-RISK PROVIDER PATTERN,NORMAL,Empirical claim denial rate = 100.0%
1400132659,PHARMACY_CLAIM,1,0,0.0,0,0,1,0,0,0,0,17.67,17.67,0.0,LOW-RISK PROVIDER PATTERN,NORMAL,No suspicious patterns identified
1414981030,PRIOR_AUTH,1,0,0.0,0,1,0,0,0,0,0,17.67,17.67,100.0,LOW-RISK PROVIDER PATTERN,NORMAL,Empirical claim denial rate = 100.0%
1351651760,PRIOR_AUTH,1,0,0.0,0,0,1,0,0,0,0,17.66,17.66,0.0,LOW-RISK PROVIDER PATTERN,NORMAL,No suspicious patterns identified
1386653802,PHARMACY_CLAIM,1,0,0.0,0,0,1,0,0,0,0,17.66,17.66,0.0,LOW-RISK PROVIDER PATTERN,NORMAL,No suspicious patterns identified
1070723830,PRIOR_AUTH,1,0,0.0,0,0,0,0,0,0,0,17.65,17.65,0.0,LOW-RISK PROVIDER PATTERN,NORMAL,No suspicious patterns identified
1106778227,PRIOR_AUTH,1,0,0.0,0,0,0,0,0,0,0,17.65,17.65,0.0,LOW-RISK PROVIDER PATTERN,NORMAL,No suspicious patterns identified
1110369009,PRIOR_AUTH,1,0,0.0,0,0,0,0,0,0,0,17.65,17.65,0.0,LOW-RISK PROVIDER PATTERN,NORMAL,No suspicious patterns identified
1324811316,PHARMACY_CLAIM,1,0,0.0,0,1,0,0,0,0,0,17.65,17.65,0.0,LOW-RISK PROVIDER PATTERN,NORMAL,No suspicious patterns identified
1369096762,PRIOR_AUTH,1,0,0.0,0,0,0,0,0,0,0,17.65,17.65,0.0,LOW-RISK PROVIDER PATTERN,NORMAL,No suspicious patterns identified
1997471461,PRIOR_AUTH,1,0,0.0,0,0,0,0,0,0,0,17.65,17.65,0.0,LOW-RISK PROVIDER PATTERN,NORMAL,No suspicious patterns identified
1740230945,MEDICAL_CLAIM,3,0,0.0,0,2,0,0,0,0,0,17.64,23.98,0.0,LOW-RISK PROVIDER PATTERN,NORMAL,No suspicious patterns identified
1652199942,PRIOR_AUTH,1,0,0.0,0,1,0,0,0,0,0,17.64,17.64,100.0,LOW-RISK PROVIDER PATTERN,NORMAL,Empirical claim denial rate = 100.0%
1341102744,PHARMACY_CLAIM,1,0,0.0,0,0,1,0,0,0,0,17.63,17.63,0.0,LOW-RISK PROVIDER PATTERN,NORMAL,No suspicious patterns identified
1154251177,PHARMACY_CLAIM,1,0,0.0,0,0,1,0,0,0,0,17.6,17.6,0.0,LOW-RISK PROVIDER PATTERN,NORMAL,No suspicious patterns identified
1885934239,PRIOR_AUTH,1,0,0.0,0,1,0,0,0,0,0,17.59,17.59,0.0,LOW-RISK PROVIDER PATTERN,NORMAL,No suspicious patterns identified
1036599517,PRIOR_AUTH,1,0,0.0,0,1,0,0,0,0,0,17.57,17.57,0.0,LOW-RISK PROVIDER PATTERN,NORMAL,No suspicious patterns identified
1463804453,PHARMACY_CLAIM,1,0,0.0,0,1,0,0,0,0,0,17.57,17.57,0.0,LOW-RISK PROVIDER PATTERN,NORMAL,No suspicious patterns identified
1770042434,PHARMACY_CLAIM,1,0,0.0,0,0,1,0,0,0,0,17.56,17.56,0.0,LOW-RISK PROVIDER PATTERN,NORMAL,No suspicious patterns identified
1342441932,PHARMACY_CLAIM,1,0,0.0,0,0,0,0,0,0,0,17.55,17.55,0.0,LOW-RISK PROVIDER PATTERN,NORMAL,No suspicious patterns identified
1466462676,PHARMACY_CLAIM,1,0,0.0,0,1,0,0,0,0,0,17.55,17.55,0.0,LOW-RISK PROVIDER PATTERN,NORMAL,No suspicious patterns identified
1956042087,PHARMACY_CLAIM,1,0,0.0,0,0,1,0,0,0,0,17.55,17.55,0.0,LOW-RISK PROVIDER PATTERN,NORMAL,No suspicious patterns identified
1013334002,MEDICAL_CLAIM,5,1,20.0,0,0,3,0,0,0,0,17.53,29.05,0.0,HIGH-RISK PROVIDER PATTERN,PROVIDER REQUIRING REVIEW,20.0% flagged records
1503207219,PHARMACY_CLAIM,1,0,0.0,0,0,0,0,0,0,0,17.53,17.53,0.0,LOW-RISK PROVIDER PATTERN,NORMAL,No suspicious patterns identified
1405970042,PHARMACY_CLAIM,1,0,0.0,0,0,0,0,0,0,0,17.52,17.52,0.0,LOW-RISK PROVIDER PATTERN,NORMAL,No suspicious patterns identified
1075938506,PRIOR_AUTH,1,0,0.0,0,1,0,0,0,0,0,17.51,17.51,100.0,LOW-RISK PROVIDER PATTERN,NORMAL,Empirical claim denial rate = 100.0%
1950485205,PHARMACY_CLAIM,1,0,0.0,0,0,1,0,0,0,0,17.51,17.51,0.0,LOW-RISK PROVIDER PATTERN,NORMAL,No suspicious patterns identified
1349733565,PHARMACY_CLAIM,1,0,0.0,0,1,0,0,0,0,0,17.5,17.5,0.0,LOW-RISK PROVIDER PATTERN,NORMAL,No suspicious patterns identified
1205230844,MEDICAL_CLAIM,2,1,50.0,0,0,1,0,0,0,0,17.49,32.58,0.0,HIGH-RISK PROVIDER PATTERN,PROVIDER REQUIRING REVIEW,50.0% flagged records
1569913135,PHARMACY_CLAIM,1,0,0.0,0,0,1,0,0,0,0,17.49,17.49,0.0,LOW-RISK PROVIDER PATTERN,NORMAL,No suspicious patterns identified
1007995408,PRIOR_AUTH,1,0,0.0,0,1,0,0,0,0,0,17.48,17.48,0.0,LOW-RISK PROVIDER PATTERN,NORMAL,No suspicious patterns identified
1492725733,PHARMACY_CLAIM,1,0,0.0,0,0,1,0,0,0,0,17.48,17.48,0.0,LOW-RISK PROVIDER PATTERN,NORMAL,No suspicious patterns identified
1082012091,PHARMACY_CLAIM,1,0,0.0,0,0,1,0,0,0,0,17.46,17.46,0.0,LOW-RISK PROVIDER PATTERN,NORMAL,No suspicious patterns identified
1484409718,PRIOR_AUTH,1,0,0.0,0,1,0,0,0,0,0,17.46,17.46,100.0,LOW-RISK PROVIDER PATTERN,NORMAL,Empirical claim denial rate = 100.0%
1060885109,PHARMACY_CLAIM,1,0,0.0,0,0,1,0,0,0,0,17.44,17.44,0.0,LOW-RISK PROVIDER PATTERN,NORMAL,No suspicious patterns identified
1104939487,MEDICAL_CLAIM,1,0,0.0,0,1,0,0,0,0,0,17.44,17.44,0.0,LOW-RISK PROVIDER PATTERN,NORMAL,No suspicious patterns identified
1877767197,PHARMACY_CLAIM,1,0,0.0,0,1,0,0,0,0,0,17.44,17.44,0.0,LOW-RISK PROVIDER PATTERN,NORMAL,No suspicious patterns identified
1179528836,PHARMACY_CLAIM,1,0,0.0,0,0,1,0,0,0,0,17.43,17.43,0.0,LOW-RISK PROVIDER PATTERN,NORMAL,No suspicious patterns identified
1261764300,PRIOR_AUTH,1,0,0.0,0,1,0,0,0,0,0,17.42,17.42,100.0,LOW-RISK PROVIDER PATTERN,NORMAL,Empirical claim denial rate = 100.0%
1633660149,PRIOR_AUTH,1,0,0.0,0,1,0,0,0,0,0,17.42,17.42,100.0,LOW-RISK PROVIDER PATTERN,NORMAL,Empirical claim denial rate = 100.0%
1036642495,PHARMACY_CLAIM,1,0,0.0,0,0,1,0,0,0,0,17.41,17.41,0.0,LOW-RISK PROVIDER PATTERN,NORMAL,No suspicious patterns identified
1120482984,PRIOR_AUTH,1,0,0.0,0,0,1,0,0,0,0,17.41,17.41,0.0,LOW-RISK PROVIDER PATTERN,NORMAL,No suspicious patterns identified
1797299363,PRIOR_AUTH,1,0,0.0,0,1,0,0,0,0,0,17.4,17.4,0.0,LOW-RISK PROVIDER PATTERN,NORMAL,No suspicious patterns identified
1134586043,MEDICAL_CLAIM,1,0,0.0,0,1,0,0,0,0,0,17.39,17.39,0.0,LOW-RISK PROVIDER PATTERN,NORMAL,No suspicious patterns identified
1164591568,PRIOR_AUTH,1,0,0.0,0,1,0,0,0,0,0,17.39,17.39,100.0,LOW-RISK PROVIDER PATTERN,NORMAL,Empirical claim denial rate = 100.0%
1568432144,MEDICAL_CLAIM,2,0,0.0,0,1,0,0,0,0,0,17.38,20.75,0.0,LOW-RISK PROVIDER PATTERN,NORMAL,No suspicious patterns identified
1548291222,MEDICAL_CLAIM,9,3,33.33,0,0,4,0,0,0,0,17.37,29.83,0.0,HIGH-RISK PROVIDER PATTERN,PROVIDER REQUIRING REVIEW,33.3% flagged records
1721437904,PRIOR_AUTH,1,0,0.0,0,1,0,0,0,0,0,17.36,17.36,100.0,LOW-RISK PROVIDER PATTERN,NORMAL,Empirical claim denial rate = 100.0%
1954735400,PHARMACY_CLAIM,1,0,0.0,0,1,0,0,0,0,0,17.36,17.36,0.0,LOW-RISK PROVIDER PATTERN,NORMAL,No suspicious patterns identified
1482826601,PHARMACY_CLAIM,1,0,0.0,0,0,1,0,0,0,0,17.35,17.35,0.0,LOW-RISK PROVIDER PATTERN,NORMAL,No suspicious patterns identified
1508325871,PRIOR_AUTH,1,0,0.0,0,1,0,0,0,0,0,17.35,17.35,100.0,LOW-RISK PROVIDER PATTERN,NORMAL,Empirical claim denial rate = 100.0%
1070045534,PHARMACY_CLAIM,1,0,0.0,0,1,0,0,0,0,0,17.34,17.34,0.0,LOW-RISK PROVIDER PATTERN,NORMAL,No suspicious patterns identified
1508826983,MEDICAL_CLAIM,5,2,40.0,0,0,3,0,0,0,0,17.33,27.98,0.0,HIGH-RISK PROVIDER PATTERN,PROVIDER REQUIRING REVIEW,40.0% flagged records
1841394418,MEDICAL_CLAIM,3,0,0.0,0,2,0,0,0,0,0,17.32,21.55,0.0,LOW-RISK PROVIDER PATTERN,NORMAL,No suspicious patterns identified
1003042508,PHARMACY_CLAIM,1,0,0.0,0,0,1,0,0,0,0,17.32,17.32,0.0,LOW-RISK PROVIDER PATTERN,NORMAL,No suspicious patterns identified
1267386584,PRIOR_AUTH,1,0,0.0,0,0,0,0,0,0,0,17.32,17.32,0.0,LOW-RISK PROVIDER PATTERN,NORMAL,No suspicious patterns identified
1311804429,PRIOR_AUTH,1,0,0.0,0,0,0,0,0,0,0,17.32,17.32,0.0,LOW-RISK PROVIDER PATTERN,NORMAL,No suspicious patterns identified
1463674817,PRIOR_AUTH,1,0,0.0,0,0,0,0,0,0,0,17.32,17.32,0.0,LOW-RISK PROVIDER PATTERN,NORMAL,No suspicious patterns identified
1504554442,PRIOR_AUTH,1,0,0.0,0,0,1,0,0,0,0,17.32,17.32,0.0,LOW-RISK PROVIDER PATTERN,NORMAL,No suspicious patterns identified
1538645613,PHARMACY_CLAIM,1,0,0.0,0,0,0,0,0,0,0,17.32,17.32,0.0,LOW-RISK PROVIDER PATTERN,NORMAL,No suspicious patterns identified
1788171623,PRIOR_AUTH,1,0,0.0,0,0,0,0,0,0,0,17.32,17.32,0.0,LOW-RISK PROVIDER PATTERN,NORMAL,No suspicious patterns identified
1386897239,PHARMACY_CLAIM,1,0,0.0,0,1,0,0,0,0,0,17.3,17.3,0.0,LOW-RISK PROVIDER PATTERN,NORMAL,No suspicious patterns identified
1952137910,PHARMACY_CLAIM,1,0,0.0,0,0,1,0,0,0,0,17.3,17.3,0.0,LOW-RISK PROVIDER PATTERN,NORMAL,No suspicious patterns identified
1161986481,PRIOR_AUTH,1,0,0.0,0,1,0,0,0,0,0,17.29,17.29,100.0,LOW-RISK PROVIDER PATTERN,NORMAL,Empirical claim denial rate = 100.0%
1838114329,PHARMACY_CLAIM,1,0,0.0,0,0,1,0,0,0,0,17.29,17.29,0.0,LOW-RISK PROVIDER PATTERN,NORMAL,No suspicious patterns identified
1144589425,MEDICAL_CLAIM,3,0,0.0,0,1,1,0,0,0,0,17.28,23.89,0.0,LOW-RISK PROVIDER PATTERN,NORMAL,No suspicious patterns identified
1278588041,PHARMACY_CLAIM,1,0,0.0,0,0,1,0,0,0,0,17.27,17.27,0.0,LOW-RISK PROVIDER PATTERN,NORMAL,No suspicious patterns identified
1261130975,PHARMACY_CLAIM,1,0,0.0,0,0,1,0,0,0,0,17.26,17.26,0.0,LOW-RISK PROVIDER PATTERN,NORMAL,No suspicious patterns identified
1278071361,PHARMACY_CLAIM,1,0,0.0,0,0,1,0,0,0,0,17.26,17.26,0.0,LOW-RISK PROVIDER PATTERN,NORMAL,No suspicious patterns identified
1490169153,PRIOR_AUTH,1,0,0.0,0,0,1,0,0,0,0,17.26,17.26,0.0,LOW-RISK PROVIDER PATTERN,NORMAL,No suspicious patterns identified
1922342725,PHARMACY_CLAIM,1,0,0.0,0,1,0,0,0,0,0,17.26,17.26,0.0,LOW-RISK PROVIDER PATTERN,NORMAL,No suspicious patterns identified
1143837202,PHARMACY_CLAIM,1,0,0.0,0,1,0,0,0,0,0,17.24,17.24,0.0,LOW-RISK PROVIDER PATTERN,NORMAL,No suspicious patterns identified
1444084963,PRIOR_AUTH,1,0,0.0,0,1,0,0,0,0,0,17.24,17.24,100.0,LOW-RISK PROVIDER PATTERN,NORMAL,Empirical claim denial rate = 100.0%
1478000348,PRIOR_AUTH,1,0,0.0,0,1,0,0,0,0,0,17.23,17.23,0.0,LOW-RISK PROVIDER PATTERN,NORMAL,No suspicious patterns identified
1340092858,PHARMACY_CLAIM,1,0,0.0,0,0,1,0,0,0,0,17.22,17.22,0.0,LOW-RISK PROVIDER PATTERN,NORMAL,No suspicious patterns identified
1376784868,MEDICAL_CLAIM,2,0,0.0,0,1,0,0,0,0,0,17.21,22.57,0.0,LOW-RISK PROVIDER PATTERN,NORMAL,No suspicious patterns identified
1139603127,PHARMACY_CLAIM,1,0,0.0,0,0,1,0,0,0,0,17.21,17.21,0.0,LOW-RISK PROVIDER PATTERN,NORMAL,No suspicious patterns identified
1631336751,PRIOR_AUTH,1,0,0.0,0,1,0,0,0,0,0,17.21,17.21,100.0,LOW-RISK PROVIDER PATTERN,NORMAL,Empirical claim denial rate = 100.0%
1683251156,PRIOR_AUTH,1,0,0.0,0,1,0,0,0,0,0,17.21,17.21,100.0,LOW-RISK PROVIDER PATTERN,NORMAL,Empirical claim denial rate = 100.0%
1780759900,PHARMACY_CLAIM,1,0,0.0,0,0,1,0,0,0,0,17.21,17.21,0.0,LOW-RISK PROVIDER PATTERN,NORMAL,No suspicious patterns identified
1470975576,PHARMACY_CLAIM,1,0,0.0,0,0,1,0,0,0,0,17.2,17.2,0.0,LOW-RISK PROVIDER PATTERN,NORMAL,No suspicious patterns identified
1514681740,PRIOR_AUTH,1,0,0.0,0,0,1,0,0,0,0,17.18,17.18,0.0,LOW-RISK PROVIDER PATTERN,NORMAL,No suspicious patterns identified
1887060116,PRIOR_AUTH,1,0,0.0,0,1,0,0,0,0,0,17.18,17.18,100.0,LOW-RISK PROVIDER PATTERN,NORMAL,Empirical claim denial rate = 100.0%
1482794398,PHARMACY_CLAIM,1,0,0.0,0,0,1,0,0,0,0,17.16,17.16,0.0,LOW-RISK PROVIDER PATTERN,NORMAL,No suspicious patterns identified
1300131521,PRIOR_AUTH,1,0,0.0,0,1,0,0,0,0,0,17.13,17.13,100.0,LOW-RISK PROVIDER PATTERN,NORMAL,Empirical claim denial rate = 100.0%
1474078125,PHARMACY_CLAIM,1,0,0.0,0,1,0,0,0,0,0,17.13,17.13,0.0,LOW-RISK PROVIDER PATTERN,NORMAL,No suspicious patterns identified
1795509320,PRIOR_AUTH,1,0,0.0,0,1,0,0,0,0,0,17.13,17.13,100.0,LOW-RISK PROVIDER PATTERN,NORMAL,Empirical claim denial rate = 100.0%
1882846813,PHARMACY_CLAIM,1,0,0.0,0,0,1,0,0,0,0,17.13,17.13,0.0,LOW-RISK PROVIDER PATTERN,NORMAL,No suspicious patterns identified
1204276437,PHARMACY_CLAIM,1,0,0.0,0,0,0,0,0,0,0,17.12,17.12,0.0,LOW-RISK PROVIDER PATTERN,NORMAL,No suspicious patterns identified
1885698140,PHARMACY_CLAIM,1,0,0.0,0,0,1,0,0,0,0,17.12,17.12,0.0,LOW-RISK PROVIDER PATTERN,NORMAL,No suspicious patterns identified
1285663328,MEDICAL_CLAIM,3,0,0.0,0,1,0,0,0,0,0,17.09,21.29,0.0,LOW-RISK PROVIDER PATTERN,NORMAL,No suspicious patterns identified
1367935895,PHARMACY_CLAIM,1,0,0.0,0,0,1,0,0,0,0,17.09,17.09,0.0,LOW-RISK PROVIDER PATTERN,NORMAL,No suspicious patterns identified
1740067115,PRIOR_AUTH,1,0,0.0,0,1,0,0,0,0,0,17.09,17.09,0.0,LOW-RISK PROVIDER PATTERN,NORMAL,No suspicious patterns identified
1184725210,MEDICAL_CLAIM,1,0,0.0,0,0,0,0,0,0,0,17.08,17.08,0.0,LOW-RISK PROVIDER PATTERN,NORMAL,No suspicious patterns identified
1377845914,PHARMACY_CLAIM,1,0,0.0,0,0,1,0,0,0,0,17.08,17.08,0.0,LOW-RISK PROVIDER PATTERN,NORMAL,No suspicious patterns identified
1827623243,PHARMACY_CLAIM,1,0,0.0,0,0,0,0,0,0,0,17.08,17.08,0.0,LOW-RISK PROVIDER PATTERN,NORMAL,No suspicious patterns identified
1646978418,PHARMACY_CLAIM,1,0,0.0,0,0,1,0,0,0,0,17.07,17.07,0.0,LOW-RISK PROVIDER PATTERN,NORMAL,No suspicious patterns identified
1767998969,PRIOR_AUTH,1,0,0.0,0,1,0,0,0,0,0,17.06,17.06,100.0,LOW-RISK PROVIDER PATTERN,NORMAL,Empirical claim denial rate = 100.0%
1976735111,PRIOR_AUTH,1,0,0.0,0,0,1,0,0,0,0,17.06,17.06,0.0,LOW-RISK PROVIDER PATTERN,NORMAL,No suspicious patterns identified
1232267740,PRIOR_AUTH,1,0,0.0,0,1,0,0,0,0,0,17.05,17.05,100.0,LOW-RISK PROVIDER PATTERN,NORMAL,Empirical claim denial rate = 100.0%
1396279907,MEDICAL_CLAIM,2,1,50.0,0,0,1,0,0,0,0,17.04,29.75,0.0,HIGH-RISK PROVIDER PATTERN,PROVIDER REQUIRING REVIEW,50.0% flagged records
1130624755,PHARMACY_CLAIM,1,0,0.0,0,1,0,0,0,0,0,17.04,17.04,0.0,LOW-RISK PROVIDER PATTERN,NORMAL,No suspicious patterns identified
1412118437,PRIOR_AUTH,1,0,0.0,0,1,0,0,0,0,0,17.04,17.04,100.0,LOW-RISK PROVIDER PATTERN,NORMAL,Empirical claim denial rate = 100.0%
1013345149,MEDICAL_CLAIM,11,4,36.36,0,1,5,0,0,0,0,17.03,30.68,0.0,HIGH-RISK PROVIDER PATTERN,PROVIDER REQUIRING REVIEW,36.4% flagged records
1352321555,PHARMACY_CLAIM,1,0,0.0,0,0,1,0,0,0,0,17.02,17.02,0.0,LOW-RISK PROVIDER PATTERN,NORMAL,No suspicious patterns identified
1320269277,PRIOR_AUTH,1,0,0.0,0,1,0,0,0,0,0,17.01,17.01,100.0,LOW-RISK PROVIDER PATTERN,NORMAL,Empirical claim denial rate = 100.0%
1787137051,PHARMACY_CLAIM,1,0,0.0,0,0,1,0,0,0,0,17.01,17.01,0.0,LOW-RISK PROVIDER PATTERN,NORMAL,No suspicious patterns identified
1249779213,PHARMACY_CLAIM,1,0,0.0,0,1,0,0,0,0,0,17.0,17.0,0.0,LOW-RISK PROVIDER PATTERN,NORMAL,No suspicious patterns identified
1474234951,PHARMACY_CLAIM,1,0,0.0,0,0,1,0,0,0,0,17.0,17.0,0.0,LOW-RISK PROVIDER PATTERN,NORMAL,No suspicious patterns identified
1839472781,PRIOR_AUTH,1,0,0.0,0,1,0,0,0,0,0,17.0,17.0,100.0,LOW-RISK PROVIDER PATTERN,NORMAL,Empirical claim denial rate = 100.0%
1398866824,PRIOR_AUTH,1,0,0.0,0,0,1,0,0,0,0,16.99,16.99,0.0,LOW-RISK PROVIDER PATTERN,NORMAL,No suspicious patterns identified
1620773854,PHARMACY_CLAIM,1,0,0.0,0,0,1,0,0,0,0,16.99,16.99,0.0,LOW-RISK PROVIDER PATTERN,NORMAL,No suspicious patterns identified
1861173289,PRIOR_AUTH,1,0,0.0,0,0,1,0,0,0,0,16.99,16.99,0.0,LOW-RISK PROVIDER PATTERN,NORMAL,No suspicious patterns identified
1392913807,PHARMACY_CLAIM,1,0,0.0,0,1,0,0,0,0,0,16.98,16.98,0.0,LOW-RISK PROVIDER PATTERN,NORMAL,No suspicious patterns identified
1669417101,PHARMACY_CLAIM,1,0,0.0,0,0,1,0,0,0,0,16.98,16.98,0.0,LOW-RISK PROVIDER PATTERN,NORMAL,No suspicious patterns identified
1250852979,PHARMACY_CLAIM,1,0,0.0,0,0,1,0,0,0,0,16.97,16.97,0.0,LOW-RISK PROVIDER PATTERN,NORMAL,No suspicious patterns identified
1296790334,PRIOR_AUTH,1,0,0.0,0,1,0,0,0,0,0,16.96,16.96,0.0,LOW-RISK PROVIDER PATTERN,NORMAL,No suspicious patterns identified
1913302949,PRIOR_AUTH,1,0,0.0,0,1,0,0,0,0,0,16.96,16.96,0.0,LOW-RISK PROVIDER PATTERN,NORMAL,No suspicious patterns identified
1819506621,PHARMACY_CLAIM,1,0,0.0,0,1,0,0,0,0,0,16.95,16.95,0.0,LOW-RISK PROVIDER PATTERN,NORMAL,No suspicious patterns identified
1904331691,PHARMACY_CLAIM,1,0,0.0,0,0,0,0,0,0,0,16.95,16.95,0.0,LOW-RISK PROVIDER PATTERN,NORMAL,No suspicious patterns identified
1370871715,PHARMACY_CLAIM,1,0,0.0,0,0,1,0,0,0,0,16.92,16.92,0.0,LOW-RISK PROVIDER PATTERN,NORMAL,No suspicious patterns identified
1166917134,PHARMACY_CLAIM,1,0,0.0,0,0,1,0,0,0,0,16.91,16.91,0.0,LOW-RISK PROVIDER PATTERN,NORMAL,No suspicious patterns identified
1456233381,PRIOR_AUTH,1,0,0.0,0,1,0,0,0,0,0,16.91,16.91,0.0,LOW-RISK PROVIDER PATTERN,NORMAL,No suspicious patterns identified
1669840745,PRIOR_AUTH,1,0,0.0,0,1,0,0,0,0,0,16.91,16.91,0.0,LOW-RISK PROVIDER PATTERN,NORMAL,No suspicious patterns identified
1785201838,PHARMACY_CLAIM,1,0,0.0,0,0,1,0,0,0,0,16.89,16.89,0.0,LOW-RISK PROVIDER PATTERN,NORMAL,No suspicious patterns identified
1335214439,PHARMACY_CLAIM,1,0,0.0,0,0,1,0,0,0,0,16.88,16.88,0.0,LOW-RISK PROVIDER PATTERN,NORMAL,No suspicious patterns identified
1582035759,PRIOR_AUTH,1,0,0.0,0,1,0,0,0,0,0,16.88,16.88,100.0,LOW-RISK PROVIDER PATTERN,NORMAL,Empirical claim denial rate = 100.0%
1339098611,PRIOR_AUTH,1,0,0.0,0,1,0,0,0,0,0,16.86,16.86,0.0,LOW-RISK PROVIDER PATTERN,NORMAL,No suspicious patterns identified
1578774477,MEDICAL_CLAIM,3,1,33.33,0,0,1,0,0,0,0,16.85,33.68,0.0,HIGH-RISK PROVIDER PATTERN,PROVIDER REQUIRING REVIEW,33.3% flagged records
1007496608,PRIOR_AUTH,1,0,0.0,0,1,0,0,0,0,0,16.85,16.85,100.0,LOW-RISK PROVIDER PATTERN,NORMAL,Empirical claim denial rate = 100.0%
1414810856,PHARMACY_CLAIM,1,0,0.0,0,0,1,0,0,0,0,16.85,16.85,0.0,LOW-RISK PROVIDER PATTERN,NORMAL,No suspicious patterns identified
1969274484,PHARMACY_CLAIM,1,0,0.0,0,0,1,0,0,0,0,16.85,16.85,0.0,LOW-RISK PROVIDER PATTERN,NORMAL,No suspicious patterns identified
1401730680,PHARMACY_CLAIM,1,0,0.0,0,1,0,0,0,0,0,16.84,16.84,0.0,LOW-RISK PROVIDER PATTERN,NORMAL,No suspicious patterns identified
1361217878,PRIOR_AUTH,1,0,0.0,0,0,0,0,0,0,0,16.83,16.83,0.0,LOW-RISK PROVIDER PATTERN,NORMAL,No suspicious patterns identified
1446864012,PHARMACY_CLAIM,1,0,0.0,0,0,1,0,0,0,0,16.83,16.83,0.0,LOW-RISK PROVIDER PATTERN,NORMAL,No suspicious patterns identified
1449941133,PRIOR_AUTH,1,0,0.0,0,0,0,0,0,0,0,16.83,16.83,0.0,LOW-RISK PROVIDER PATTERN,NORMAL,No suspicious patterns identified
1735853015,PRIOR_AUTH,1,0,0.0,0,0,0,0,0,0,0,16.83,16.83,0.0,LOW-RISK PROVIDER PATTERN,NORMAL,No suspicious patterns identified
1758642961,PRIOR_AUTH,1,0,0.0,0,0,0,0,0,0,0,16.83,16.83,0.0,LOW-RISK PROVIDER PATTERN,NORMAL,No suspicious patterns identified
1404091423,PHARMACY_CLAIM,1,0,0.0,0,0,1,0,0,0,0,16.81,16.81,0.0,LOW-RISK PROVIDER PATTERN,NORMAL,No suspicious patterns identified
1406222217,PRIOR_AUTH,1,0,0.0,0,1,0,0,0,0,0,16.81,16.81,100.0,LOW-RISK PROVIDER PATTERN,NORMAL,Empirical claim denial rate = 100.0%
1639413925,MEDICAL_CLAIM,1,0,0.0,0,1,0,0,0,0,0,16.81,16.81,0.0,LOW-RISK PROVIDER PATTERN,NORMAL,No suspicious patterns identified
1215923131,MEDICAL_CLAIM,4,2,50.0,0,0,2,0,0,0,0,16.8,31.41,0.0,HIGH-RISK PROVIDER PATTERN,PROVIDER REQUIRING REVIEW,50.0% flagged records
1899500781,PRIOR_AUTH,1,0,0.0,0,1,0,0,0,0,0,16.8,16.8,0.0,LOW-RISK PROVIDER PATTERN,NORMAL,No suspicious patterns identified
1188061792,PHARMACY_CLAIM,1,0,0.0,0,1,0,0,0,0,0,16.79,16.79,0.0,LOW-RISK PROVIDER PATTERN,NORMAL,No suspicious patterns identified
1863980554,PRIOR_AUTH,1,0,0.0,0,1,0,0,0,0,0,16.79,16.79,100.0,LOW-RISK PROVIDER PATTERN,NORMAL,Empirical claim denial rate = 100.0%
1114462272,MEDICAL_CLAIM,2,1,50.0,0,0,1,0,0,0,0,16.77,25.01,0.0,HIGH-RISK PROVIDER PATTERN,PROVIDER REQUIRING REVIEW,50.0% flagged records
1942385554,MEDICAL_CLAIM,1,0,0.0,0,1,0,0,0,0,0,16.77,16.77,0.0,LOW-RISK PROVIDER PATTERN,NORMAL,No suspicious patterns identified
1323281013,PRIOR_AUTH,1,0,0.0,0,1,0,0,0,0,0,16.76,16.76,100.0,LOW-RISK PROVIDER PATTERN,NORMAL,Empirical claim denial rate = 100.0%
1703450668,PHARMACY_CLAIM,1,0,0.0,0,0,0,0,0,0,0,16.76,16.76,0.0,LOW-RISK PROVIDER PATTERN,NORMAL,No suspicious patterns identified
1812353938,PHARMACY_CLAIM,1,0,0.0,0,0,1,0,0,0,0,16.76,16.76,0.0,LOW-RISK PROVIDER PATTERN,NORMAL,No suspicious patterns identified
1940503200,PHARMACY_CLAIM,1,0,0.0,0,1,0,0,0,0,0,16.76,16.76,0.0,LOW-RISK PROVIDER PATTERN,NORMAL,No suspicious patterns identified
1290663476,PHARMACY_CLAIM,1,0,0.0,0,0,1,0,0,0,0,16.75,16.75,0.0,LOW-RISK PROVIDER PATTERN,NORMAL,No suspicious patterns identified
1413910434,PRIOR_AUTH,1,0,0.0,0,1,0,0,0,0,0,16.75,16.75,0.0,LOW-RISK PROVIDER PATTERN,NORMAL,No suspicious patterns identified
1689722431,MEDICAL_CLAIM,2,0,0.0,0,1,0,0,0,0,0,16.74,22.66,0.0,LOW-RISK PROVIDER PATTERN,NORMAL,No suspicious patterns identified
1225840101,PRIOR_AUTH,1,0,0.0,0,1,0,0,0,0,0,16.74,16.74,100.0,LOW-RISK PROVIDER PATTERN,NORMAL,Empirical claim denial rate = 100.0%
1178288793,PRIOR_AUTH,1,0,0.0,0,1,0,0,0,0,0,16.73,16.73,100.0,LOW-RISK PROVIDER PATTERN,NORMAL,Empirical claim denial rate = 100.0%
1794548709,PHARMACY_CLAIM,1,0,0.0,0,0,1,0,0,0,0,16.73,16.73,0.0,LOW-RISK PROVIDER PATTERN,NORMAL,No suspicious patterns identified
1953438176,PHARMACY_CLAIM,1,0,0.0,0,0,1,0,0,0,0,16.72,16.72,0.0,LOW-RISK PROVIDER PATTERN,NORMAL,No suspicious patterns identified
1071864539,PRIOR_AUTH,1,0,0.0,0,1,0,0,0,0,0,16.69,16.69,0.0,LOW-RISK PROVIDER PATTERN,NORMAL,No suspicious patterns identified
1070486223,PHARMACY_CLAIM,1,0,0.0,0,0,1,0,0,0,0,16.67,16.67,0.0,LOW-RISK PROVIDER PATTERN,NORMAL,No suspicious patterns identified
1902490394,MEDICAL_CLAIM,2,1,50.0,0,0,1,0,0,0,0,16.66,25.52,0.0,HIGH-RISK PROVIDER PATTERN,PROVIDER REQUIRING REVIEW,50.0% flagged records
1871065516,MEDICAL_CLAIM,2,1,50.0,0,0,1,0,0,0,0,16.64,26.49,0.0,HIGH-RISK PROVIDER PATTERN,PROVIDER REQUIRING REVIEW,50.0% flagged records
1018291100,PRIOR_AUTH,1,0,0.0,0,0,0,0,0,0,0,16.64,16.64,0.0,LOW-RISK PROVIDER PATTERN,NORMAL,No suspicious patterns identified
1806690120,PRIOR_AUTH,1,0,0.0,0,1,0,0,0,0,0,16.64,16.64,100.0,LOW-RISK PROVIDER PATTERN,NORMAL,Empirical claim denial rate = 100.0%
1184703165,PRIOR_AUTH,1,0,0.0,0,1,0,0,0,0,0,16.62,16.62,0.0,LOW-RISK PROVIDER PATTERN,NORMAL,No suspicious patterns identified
1540158202,PRIOR_AUTH,1,0,0.0,0,1,0,0,0,0,0,16.61,16.61,100.0,LOW-RISK PROVIDER PATTERN,NORMAL,Empirical claim denial rate = 100.0%
1284727241,PRIOR_AUTH,1,0,0.0,0,1,0,0,0,0,0,16.6,16.6,100.0,LOW-RISK PROVIDER PATTERN,NORMAL,Empirical claim denial rate = 100.0%
1421158511,PHARMACY_CLAIM,1,0,0.0,0,0,0,0,0,0,0,16.59,16.59,0.0,LOW-RISK PROVIDER PATTERN,NORMAL,No suspicious patterns identified
1704539888,PHARMACY_CLAIM,1,0,0.0,0,0,1,0,0,0,0,16.59,16.59,0.0,LOW-RISK PROVIDER PATTERN,NORMAL,No suspicious patterns identified
1497723407,MEDICAL_CLAIM,4,1,25.0,0,0,1,0,0,0,0,16.57,27.87,0.0,HIGH-RISK PROVIDER PATTERN,PROVIDER REQUIRING REVIEW,25.0% flagged records
1212885373,PRIOR_AUTH,1,0,0.0,0,1,0,0,0,0,0,16.57,16.57,100.0,LOW-RISK PROVIDER PATTERN,NORMAL,Empirical claim denial rate = 100.0%
1984282723,PHARMACY_CLAIM,1,0,0.0,0,0,1,0,0,0,0,16.57,16.57,0.0,LOW-RISK PROVIDER PATTERN,NORMAL,No suspicious patterns identified
1775292633,PHARMACY_CLAIM,1,0,0.0,0,0,1,0,0,0,0,16.56,16.56,0.0,LOW-RISK PROVIDER PATTERN,NORMAL,No suspicious patterns identified
1454883555,PRIOR_AUTH,1,0,0.0,0,1,0,0,0,0,0,16.54,16.54,100.0,LOW-RISK PROVIDER PATTERN,NORMAL,Empirical claim denial rate = 100.0%
1142317023,PHARMACY_CLAIM,1,0,0.0,0,0,1,0,0,0,0,16.53,16.53,0.0,LOW-RISK PROVIDER PATTERN,NORMAL,No suspicious patterns identified
1092381520,PRIOR_AUTH,1,0,0.0,0,1,0,0,0,0,0,16.52,16.52,0.0,LOW-RISK PROVIDER PATTERN,NORMAL,No suspicious patterns identified
1166757664,PHARMACY_CLAIM,1,0,0.0,0,0,0,0,0,0,0,16.52,16.52,0.0,LOW-RISK PROVIDER PATTERN,NORMAL,No suspicious patterns identified
1783857892,PHARMACY_CLAIM,1,0,0.0,0,0,1,0,0,0,0,16.52,16.52,0.0,LOW-RISK PROVIDER PATTERN,NORMAL,No suspicious patterns identified
1160602203,PRIOR_AUTH,1,0,0.0,0,1,0,0,0,0,0,16.51,16.51,100.0,LOW-RISK PROVIDER PATTERN,NORMAL,Empirical claim denial rate = 100.0%
1208384927,PHARMACY_CLAIM,1,0,0.0,0,1,0,0,0,0,0,16.51,16.51,0.0,LOW-RISK PROVIDER PATTERN,NORMAL,No suspicious patterns identified
1175023109,PHARMACY_CLAIM,1,0,0.0,0,0,1,0,0,0,0,16.5,16.5,0.0,LOW-RISK PROVIDER PATTERN,NORMAL,No suspicious patterns identified
1747988911,PRIOR_AUTH,1,0,0.0,0,1,0,0,0,0,0,16.5,16.5,100.0,LOW-RISK PROVIDER PATTERN,NORMAL,Empirical claim denial rate = 100.0%
1050734916,PHARMACY_CLAIM,1,0,0.0,0,1,0,0,0,0,0,16.49,16.49,0.0,LOW-RISK PROVIDER PATTERN,NORMAL,No suspicious patterns identified
1546480583,PRIOR_AUTH,1,0,0.0,0,0,0,0,0,0,0,16.49,16.49,0.0,LOW-RISK PROVIDER PATTERN,NORMAL,No suspicious patterns identified
1009377939,PHARMACY_CLAIM,1,0,0.0,0,0,1,0,0,0,0,16.48,16.48,0.0,LOW-RISK PROVIDER PATTERN,NORMAL,No suspicious patterns identified
1249773145,PHARMACY_CLAIM,1,0,0.0,0,1,0,0,0,0,0,16.48,16.48,0.0,LOW-RISK PROVIDER PATTERN,NORMAL,No suspicious patterns identified
1174555692,MEDICAL_CLAIM,2,1,50.0,0,1,0,0,0,0,0,16.46,30.38,0.0,HIGH-RISK PROVIDER PATTERN,PROVIDER REQUIRING REVIEW,50.0% flagged records
1187799258,PRIOR_AUTH,1,0,0.0,0,0,1,0,0,0,0,16.46,16.46,0.0,LOW-RISK PROVIDER PATTERN,NORMAL,No suspicious patterns identified
1755815417,PHARMACY_CLAIM,1,0,0.0,0,0,1,0,0,0,0,16.46,16.46,0.0,LOW-RISK PROVIDER PATTERN,NORMAL,No suspicious patterns identified
1911525800,PRIOR_AUTH,1,0,0.0,0,1,0,0,0,0,0,16.46,16.46,100.0,LOW-RISK PROVIDER PATTERN,NORMAL,Empirical claim denial rate = 100.0%
1505430721,PHARMACY_CLAIM,1,0,0.0,0,0,1,0,0,0,0,16.45,16.45,0.0,LOW-RISK PROVIDER PATTERN,NORMAL,No suspicious patterns identified
1916147655,PHARMACY_CLAIM,1,0,0.0,0,0,1,0,0,0,0,16.45,16.45,0.0,LOW-RISK PROVIDER PATTERN,NORMAL,No suspicious patterns identified
1201603319,PHARMACY_CLAIM,1,0,0.0,0,1,0,0,0,0,0,16.44,16.44,0.0,LOW-RISK PROVIDER PATTERN,NORMAL,No suspicious patterns identified
1250936731,PRIOR_AUTH,1,0,0.0,0,0,1,0,0,0,0,16.44,16.44,0.0,LOW-RISK PROVIDER PATTERN,NORMAL,No suspicious patterns identified
1989194282,PHARMACY_CLAIM,1,0,0.0,0,0,1,0,0,0,0,16.42,16.42,0.0,LOW-RISK PROVIDER PATTERN,NORMAL,No suspicious patterns identified
1542357102,PHARMACY_CLAIM,1,0,0.0,0,0,1,0,0,0,0,16.41,16.41,0.0,LOW-RISK PROVIDER PATTERN,NORMAL,No suspicious patterns identified
1977656682,PHARMACY_CLAIM,1,0,0.0,0,1,0,0,0,0,0,16.4,16.4,0.0,LOW-RISK PROVIDER PATTERN,NORMAL,No suspicious patterns identified
1285648055,MEDICAL_CLAIM,4,0,0.0,0,1,1,0,0,0,0,16.37,22.98,0.0,LOW-RISK PROVIDER PATTERN,NORMAL,No suspicious patterns identified
1067537691,PRIOR_AUTH,1,0,0.0,0,0,0,0,0,0,0,16.37,16.37,0.0,LOW-RISK PROVIDER PATTERN,NORMAL,No suspicious patterns identified
1143950814,PRIOR_AUTH,1,0,0.0,0,0,0,0,0,0,0,16.37,16.37,0.0,LOW-RISK PROVIDER PATTERN,NORMAL,No suspicious patterns identified
1150227191,PRIOR_AUTH,1,0,0.0,0,0,0,0,0,0,0,16.37,16.37,0.0,LOW-RISK PROVIDER PATTERN,NORMAL,No suspicious patterns identified
1162302028,PRIOR_AUTH,1,0,0.0,0,0,0,0,0,0,0,16.37,16.37,0.0,LOW-RISK PROVIDER PATTERN,NORMAL,No suspicious patterns identified
1290944366,PRIOR_AUTH,1,0,0.0,0,0,0,0,0,0,0,16.37,16.37,0.0,LOW-RISK PROVIDER PATTERN,NORMAL,No suspicious patterns identified
1452730054,PRIOR_AUTH,1,0,0.0,0,0,0,0,0,0,0,16.37,16.37,0.0,LOW-RISK PROVIDER PATTERN,NORMAL,No suspicious patterns identified
1557614308,PHARMACY_CLAIM,1,0,0.0,0,0,1,0,0,0,0,16.37,16.37,0.0,LOW-RISK PROVIDER PATTERN,NORMAL,No suspicious patterns identified
1635126913,PRIOR_AUTH,1,0,0.0,0,0,0,0,0,0,0,16.37,16.37,0.0,LOW-RISK PROVIDER PATTERN,NORMAL,No suspicious patterns identified
1653776747,PRIOR_AUTH,1,0,0.0,0,0,0,0,0,0,0,16.37,16.37,0.0,LOW-RISK PROVIDER PATTERN,NORMAL,No suspicious patterns identified
1814002461,PRIOR_AUTH,1,0,0.0,0,0,0,0,0,0,0,16.37,16.37,0.0,LOW-RISK PROVIDER PATTERN,NORMAL,No suspicious patterns identified
1821121059,PRIOR_AUTH,1,0,0.0,0,0,0,0,0,0,0,16.37,16.37,0.0,LOW-RISK PROVIDER PATTERN,NORMAL,No suspicious patterns identified
1427605534,MEDICAL_CLAIM,3,1,33.33,0,1,1,0,0,0,0,16.35,26.87,0.0,HIGH-RISK PROVIDER PATTERN,PROVIDER REQUIRING REVIEW,33.3% flagged records
1407794668,PRIOR_AUTH,1,0,0.0,0,0,1,0,0,0,0,16.35,16.35,0.0,LOW-RISK PROVIDER PATTERN,NORMAL,No suspicious patterns identified
1526522266,PHARMACY_CLAIM,1,0,0.0,0,0,1,0,0,0,0,16.34,16.34,0.0,LOW-RISK PROVIDER PATTERN,NORMAL,No suspicious patterns identified
1751692178,PHARMACY_CLAIM,1,0,0.0,0,0,1,0,0,0,0,16.34,16.34,0.0,LOW-RISK PROVIDER PATTERN,NORMAL,No suspicious patterns identified
1895474829,PHARMACY_CLAIM,1,0,0.0,0,1,0,0,0,0,0,16.34,16.34,0.0,LOW-RISK PROVIDER PATTERN,NORMAL,No suspicious patterns identified
1375473413,PHARMACY_CLAIM,1,0,0.0,0,0,1,0,0,0,0,16.29,16.29,0.0,LOW-RISK PROVIDER PATTERN,NORMAL,No suspicious patterns identified
1991110880,PRIOR_AUTH,1,0,0.0,0,1,0,0,0,0,0,16.29,16.29,100.0,LOW-RISK PROVIDER PATTERN,NORMAL,Empirical claim denial rate = 100.0%
1629071758,MEDICAL_CLAIM,4,0,0.0,0,0,2,0,0,0,0,16.26,24.14,0.0,LOW-RISK PROVIDER PATTERN,NORMAL,No suspicious patterns identified
1000191866,PRIOR_AUTH,1,0,0.0,0,1,0,0,0,0,0,16.25,16.25,100.0,LOW-RISK PROVIDER PATTERN,NORMAL,Empirical claim denial rate = 100.0%
1124717651,PRIOR_AUTH,1,0,0.0,0,0,0,0,0,0,0,16.25,16.25,0.0,LOW-RISK PROVIDER PATTERN,NORMAL,No suspicious patterns identified
1195002615,PRIOR_AUTH,1,0,0.0,0,1,0,0,0,0,0,16.25,16.25,100.0,LOW-RISK PROVIDER PATTERN,NORMAL,Empirical claim denial rate = 100.0%
1622325181,PRIOR_AUTH,1,0,0.0,0,0,0,0,0,0,0,16.25,16.25,0.0,LOW-RISK PROVIDER PATTERN,NORMAL,No suspicious patterns identified
1926745760,PRIOR_AUTH,1,0,0.0,0,0,0,0,0,0,0,16.25,16.25,0.0,LOW-RISK PROVIDER PATTERN,NORMAL,No suspicious patterns identified
1995350619,PRIOR_AUTH,1,0,0.0,0,1,0,0,0,0,0,16.25,16.25,100.0,LOW-RISK PROVIDER PATTERN,NORMAL,Empirical claim denial rate = 100.0%
1104879469,MEDICAL_CLAIM,2,1,50.0,0,0,1,0,0,0,0,16.23,28.48,0.0,HIGH-RISK PROVIDER PATTERN,PROVIDER REQUIRING REVIEW,50.0% flagged records
1799752064,PRIOR_AUTH,1,0,0.0,0,1,0,0,0,0,0,16.23,16.23,0.0,LOW-RISK PROVIDER PATTERN,NORMAL,No suspicious patterns identified
1619676083,PHARMACY_CLAIM,1,0,0.0,0,0,1,0,0,0,0,16.22,16.22,0.0,LOW-RISK PROVIDER PATTERN,NORMAL,No suspicious patterns identified
1636267572,PRIOR_AUTH,1,0,0.0,0,1,0,0,0,0,0,16.21,16.21,0.0,LOW-RISK PROVIDER PATTERN,NORMAL,No suspicious patterns identified
1891213179,MEDICAL_CLAIM,2,0,0.0,0,1,0,0,0,0,0,16.2,20.59,0.0,LOW-RISK PROVIDER PATTERN,NORMAL,No suspicious patterns identified
1528195724,MEDICAL_CLAIM,1,0,0.0,0,1,0,0,0,0,0,16.19,16.19,0.0,LOW-RISK PROVIDER PATTERN,NORMAL,No suspicious patterns identified
1795857783,PHARMACY_CLAIM,1,0,0.0,0,0,1,0,0,0,0,16.18,16.18,0.0,LOW-RISK PROVIDER PATTERN,NORMAL,No suspicious patterns identified
1355065937,PRIOR_AUTH,1,0,0.0,0,1,0,0,0,0,0,16.13,16.13,100.0,LOW-RISK PROVIDER PATTERN,NORMAL,Empirical claim denial rate = 100.0%
1788274542,PRIOR_AUTH,1,0,0.0,0,1,0,0,0,0,0,16.13,16.13,100.0,LOW-RISK PROVIDER PATTERN,NORMAL,Empirical claim denial rate = 100.0%
1932920399,PHARMACY_CLAIM,1,0,0.0,0,0,1,0,0,0,0,16.12,16.12,0.0,LOW-RISK PROVIDER PATTERN,NORMAL,No suspicious patterns identified
1118909502,PHARMACY_CLAIM,1,0,0.0,0,1,0,0,0,0,0,16.1,16.1,0.0,LOW-RISK PROVIDER PATTERN,NORMAL,No suspicious patterns identified
1656524101,PHARMACY_CLAIM,1,0,0.0,0,1,0,0,0,0,0,16.1,16.1,0.0,LOW-RISK PROVIDER PATTERN,NORMAL,No suspicious patterns identified
1219039957,PRIOR_AUTH,1,0,0.0,0,0,0,0,0,0,0,16.09,16.09,0.0,LOW-RISK PROVIDER PATTERN,NORMAL,No suspicious patterns identified
1272473509,PRIOR_AUTH,1,0,0.0,0,0,0,0,0,0,0,16.09,16.09,0.0,LOW-RISK PROVIDER PATTERN,NORMAL,No suspicious patterns identified
1356640201,PRIOR_AUTH,1,0,0.0,0,0,0,0,0,0,0,16.09,16.09,0.0,LOW-RISK PROVIDER PATTERN,NORMAL,No suspicious patterns identified
1428368094,PRIOR_AUTH,1,0,0.0,0,0,0,0,0,0,0,16.09,16.09,0.0,LOW-RISK PROVIDER PATTERN,NORMAL,No suspicious patterns identified
1471060628,PRIOR_AUTH,1,0,0.0,0,0,0,0,0,0,0,16.09,16.09,0.0,LOW-RISK PROVIDER PATTERN,NORMAL,No suspicious patterns identified
1891483383,PRIOR_AUTH,1,0,0.0,0,0,0,0,0,0,0,16.09,16.09,0.0,LOW-RISK PROVIDER PATTERN,NORMAL,No suspicious patterns identified
1063422756,MEDICAL_CLAIM,1,0,0.0,0,0,0,0,0,0,0,16.08,16.08,0.0,LOW-RISK PROVIDER PATTERN,NORMAL,No suspicious patterns identified
1063654341,MEDICAL_CLAIM,2,1,50.0,0,0,1,0,0,0,0,16.07,27.52,0.0,HIGH-RISK PROVIDER PATTERN,PROVIDER REQUIRING REVIEW,50.0% flagged records
1137246351,PHARMACY_CLAIM,1,0,0.0,0,1,0,0,0,0,0,16.07,16.07,0.0,LOW-RISK PROVIDER PATTERN,NORMAL,No suspicious patterns identified
1304426244,PHARMACY_CLAIM,1,0,0.0,0,0,1,0,0,0,0,16.07,16.07,0.0,LOW-RISK PROVIDER PATTERN,NORMAL,No suspicious patterns identified
1816433056,PRIOR_AUTH,1,0,0.0,0,1,0,0,0,0,0,16.07,16.07,100.0,LOW-RISK PROVIDER PATTERN,NORMAL,Empirical claim denial rate = 100.0%
1832737884,PRIOR_AUTH,1,0,0.0,0,1,0,0,0,0,0,16.06,16.06,100.0,LOW-RISK PROVIDER PATTERN,NORMAL,Empirical claim denial rate = 100.0%
1245226190,MEDICAL_CLAIM,11,3,27.27,0,1,5,0,0,0,0,16.05,31.55,0.0,HIGH-RISK PROVIDER PATTERN,PROVIDER REQUIRING REVIEW,27.3% flagged records
1445494446,PHARMACY_CLAIM,1,0,0.0,0,0,1,0,0,0,0,16.04,16.04,0.0,LOW-RISK PROVIDER PATTERN,NORMAL,No suspicious patterns identified
1616596018,PRIOR_AUTH,1,0,0.0,0,1,0,0,0,0,0,16.04,16.04,100.0,LOW-RISK PROVIDER PATTERN,NORMAL,Empirical claim denial rate = 100.0%
1682603142,PRIOR_AUTH,1,0,0.0,0,1,0,0,0,0,0,16.04,16.04,100.0,LOW-RISK PROVIDER PATTERN,NORMAL,Empirical claim denial rate = 100.0%
1853719926,PHARMACY_CLAIM,1,0,0.0,0,0,1,0,0,0,0,16.04,16.04,0.0,LOW-RISK PROVIDER PATTERN,NORMAL,No suspicious patterns identified
1319757745,PHARMACY_CLAIM,1,0,0.0,0,1,0,0,0,0,0,16.02,16.02,0.0,LOW-RISK PROVIDER PATTERN,NORMAL,No suspicious patterns identified
1114964968,PRIOR_AUTH,1,0,0.0,0,1,0,0,0,0,0,16.01,16.01,0.0,LOW-RISK PROVIDER PATTERN,NORMAL,No suspicious patterns identified
1656893057,PRIOR_AUTH,1,0,0.0,0,1,0,0,0,0,0,16.01,16.01,0.0,LOW-RISK PROVIDER PATTERN,NORMAL,No suspicious patterns identified
1778501552,PRIOR_AUTH,1,0,0.0,0,1,0,0,0,0,0,16.01,16.01,0.0,LOW-RISK PROVIDER PATTERN,NORMAL,No suspicious patterns identified
1280879745,PHARMACY_CLAIM,1,0,0.0,0,0,1,0,0,0,0,16.0,16.0,0.0,LOW-RISK PROVIDER PATTERN,NORMAL,No suspicious patterns identified
1571161190,PHARMACY_CLAIM,1,0,0.0,0,0,0,0,0,0,0,16.0,16.0,0.0,LOW-RISK PROVIDER PATTERN,NORMAL,No suspicious patterns identified
1539875215,PRIOR_AUTH,1,0,0.0,0,1,0,0,0,0,0,15.99,15.99,0.0,LOW-RISK PROVIDER PATTERN,NORMAL,No suspicious patterns identified
1740301345,PHARMACY_CLAIM,1,0,0.0,0,0,1,0,0,0,0,15.98,15.98,0.0,LOW-RISK PROVIDER PATTERN,NORMAL,No suspicious patterns identified
1878815207,PHARMACY_CLAIM,1,0,0.0,0,0,1,0,0,0,0,15.97,15.97,0.0,LOW-RISK PROVIDER PATTERN,NORMAL,No suspicious patterns identified
1905465647,PRIOR_AUTH,1,0,0.0,0,1,0,0,0,0,0,15.97,15.97,0.0,LOW-RISK PROVIDER PATTERN,NORMAL,No suspicious patterns identified
1070374173,PHARMACY_CLAIM,1,0,0.0,0,0,0,0,0,0,0,15.95,15.95,0.0,LOW-RISK PROVIDER PATTERN,NORMAL,No suspicious patterns identified
1665044371,PHARMACY_CLAIM,1,0,0.0,0,0,1,0,0,0,0,15.94,15.94,0.0,LOW-RISK PROVIDER PATTERN,NORMAL,No suspicious patterns identified
1833916557,PHARMACY_CLAIM,1,0,0.0,0,1,0,0,0,0,0,15.94,15.94,0.0,LOW-RISK PROVIDER PATTERN,NORMAL,No suspicious patterns identified
1115196298,PRIOR_AUTH,1,0,0.0,0,1,0,0,0,0,0,15.93,15.93,100.0,LOW-RISK PROVIDER PATTERN,NORMAL,Empirical claim denial rate = 100.0%
1246338379,PRIOR_AUTH,1,0,0.0,0,0,1,0,0,0,0,15.93,15.93,0.0,LOW-RISK PROVIDER PATTERN,NORMAL,No suspicious patterns identified
1454226382,PRIOR_AUTH,1,0,0.0,0,0,1,0,0,0,0,15.93,15.93,0.0,LOW-RISK PROVIDER PATTERN,NORMAL,No suspicious patterns identified
1623936328,PRIOR_AUTH,1,0,0.0,0,1,0,0,0,0,0,15.93,15.93,100.0,LOW-RISK PROVIDER PATTERN,NORMAL,Empirical claim denial rate = 100.0%
1629831984,PHARMACY_CLAIM,1,0,0.0,0,1,0,0,0,0,0,15.92,15.92,0.0,LOW-RISK PROVIDER PATTERN,NORMAL,No suspicious patterns identified
1184612764,MEDICAL_CLAIM,3,1,33.33,0,0,2,0,0,0,0,15.91,25.16,0.0,HIGH-RISK PROVIDER PATTERN,PROVIDER REQUIRING REVIEW,33.3% flagged records
1174828362,MEDICAL_CLAIM,1,0,0.0,0,1,0,0,0,0,0,15.91,15.91,0.0,LOW-RISK PROVIDER PATTERN,NORMAL,No suspicious patterns identified
1789344893,PRIOR_AUTH,1,0,0.0,0,0,1,0,0,0,0,15.91,15.91,0.0,LOW-RISK PROVIDER PATTERN,NORMAL,No suspicious patterns identified
1296595381,PRIOR_AUTH,1,0,0.0,0,1,0,0,0,0,0,15.9,15.9,100.0,LOW-RISK PROVIDER PATTERN,NORMAL,Empirical claim denial rate = 100.0%
1460429839,PRIOR_AUTH,1,0,0.0,0,1,0,0,0,0,0,15.9,15.9,100.0,LOW-RISK PROVIDER PATTERN,NORMAL,Empirical claim denial rate = 100.0%
1477482450,PRIOR_AUTH,1,0,0.0,0,1,0,0,0,0,0,15.9,15.9,100.0,LOW-RISK PROVIDER PATTERN,NORMAL,Empirical claim denial rate = 100.0%
1530116524,PHARMACY_CLAIM,1,0,0.0,0,1,0,0,0,0,0,15.9,15.9,0.0,LOW-RISK PROVIDER PATTERN,NORMAL,No suspicious patterns identified
1266054116,PHARMACY_CLAIM,1,0,0.0,0,1,0,0,0,0,0,15.89,15.89,0.0,LOW-RISK PROVIDER PATTERN,NORMAL,No suspicious patterns identified
1733163463,PHARMACY_CLAIM,1,0,0.0,0,0,1,0,0,0,0,15.89,15.89,0.0,LOW-RISK PROVIDER PATTERN,NORMAL,No suspicious patterns identified
1815601762,PRIOR_AUTH,1,0,0.0,0,0,1,0,0,0,0,15.89,15.89,0.0,LOW-RISK PROVIDER PATTERN,NORMAL,No suspicious patterns identified
1164690689,PHARMACY_CLAIM,1,0,0.0,0,0,1,0,0,0,0,15.87,15.87,0.0,LOW-RISK PROVIDER PATTERN,NORMAL,No suspicious patterns identified
1478358364,PRIOR_AUTH,1,0,0.0,0,0,0,0,0,0,0,15.86,15.86,0.0,LOW-RISK PROVIDER PATTERN,NORMAL,No suspicious patterns identified
1943608424,PRIOR_AUTH,1,0,0.0,0,0,0,0,0,0,0,15.86,15.86,0.0,LOW-RISK PROVIDER PATTERN,NORMAL,No suspicious patterns identified
1991898039,PHARMACY_CLAIM,1,0,0.0,0,0,1,0,0,0,0,15.86,15.86,0.0,LOW-RISK PROVIDER PATTERN,NORMAL,No suspicious patterns identified
1049169114,PHARMACY_CLAIM,1,0,0.0,0,0,1,0,0,0,0,15.85,15.85,0.0,LOW-RISK PROVIDER PATTERN,NORMAL,No suspicious patterns identified
1233989483,PRIOR_AUTH,1,0,0.0,0,1,0,0,0,0,0,15.84,15.84,100.0,LOW-RISK PROVIDER PATTERN,NORMAL,Empirical claim denial rate = 100.0%
1546412261,PHARMACY_CLAIM,1,0,0.0,0,1,0,0,0,0,0,15.84,15.84,0.0,LOW-RISK PROVIDER PATTERN,NORMAL,No suspicious patterns identified
1908846489,PHARMACY_CLAIM,1,0,0.0,0,0,1,0,0,0,0,15.84,15.84,0.0,LOW-RISK PROVIDER PATTERN,NORMAL,No suspicious patterns identified
1156793954,PRIOR_AUTH,1,0,0.0,0,0,1,0,0,0,0,15.82,15.82,0.0,LOW-RISK PROVIDER PATTERN,NORMAL,No suspicious patterns identified
1956900262,PRIOR_AUTH,1,0,0.0,0,0,1,0,0,0,0,15.82,15.82,0.0,LOW-RISK PROVIDER PATTERN,NORMAL,No suspicious patterns identified
1082888637,PRIOR_AUTH,1,0,0.0,0,1,0,0,0,0,0,15.81,15.81,100.0,LOW-RISK PROVIDER PATTERN,NORMAL,Empirical claim denial rate = 100.0%
1137112365,PRIOR_AUTH,1,0,0.0,0,1,0,0,0,0,0,15.81,15.81,100.0,LOW-RISK PROVIDER PATTERN,NORMAL,Empirical claim denial rate = 100.0%
1588912703,MEDICAL_CLAIM,2,1,50.0,0,0,1,0,0,0,0,15.79,31.14,0.0,HIGH-RISK PROVIDER PATTERN,PROVIDER REQUIRING REVIEW,50.0% flagged records
1171423756,PRIOR_AUTH,1,0,0.0,0,0,1,0,0,0,0,15.79,15.79,0.0,LOW-RISK PROVIDER PATTERN,NORMAL,No suspicious patterns identified
1178840137,PRIOR_AUTH,1,0,0.0,0,1,0,0,0,0,0,15.79,15.79,100.0,LOW-RISK PROVIDER PATTERN,NORMAL,Empirical claim denial rate = 100.0%
1693852781,PHARMACY_CLAIM,1,0,0.0,0,0,1,0,0,0,0,15.79,15.79,0.0,LOW-RISK PROVIDER PATTERN,NORMAL,No suspicious patterns identified
1910040847,PRIOR_AUTH,1,0,0.0,0,0,1,0,0,0,0,15.79,15.79,0.0,LOW-RISK PROVIDER PATTERN,NORMAL,No suspicious patterns identified
1706506374,PHARMACY_CLAIM,1,0,0.0,0,0,1,0,0,0,0,15.77,15.77,0.0,LOW-RISK PROVIDER PATTERN,NORMAL,No suspicious patterns identified
1740373679,MEDICAL_CLAIM,4,1,25.0,0,1,1,0,0,0,0,15.76,38.81,0.0,HIGH-RISK PROVIDER PATTERN,PROVIDER REQUIRING REVIEW,25.0% flagged records
1441166611,PHARMACY_CLAIM,1,0,0.0,0,0,1,0,0,0,0,15.76,15.76,0.0,LOW-RISK PROVIDER PATTERN,NORMAL,No suspicious patterns identified
1507208610,PRIOR_AUTH,1,0,0.0,0,1,0,0,0,0,0,15.76,15.76,100.0,LOW-RISK PROVIDER PATTERN,NORMAL,Empirical claim denial rate = 100.0%
1013138001,PHARMACY_CLAIM,1,0,0.0,0,0,0,0,0,0,0,15.75,15.75,0.0,LOW-RISK PROVIDER PATTERN,NORMAL,No suspicious patterns identified
1527950078,PRIOR_AUTH,1,0,0.0,0,1,0,0,0,0,0,15.75,15.75,0.0,LOW-RISK PROVIDER PATTERN,NORMAL,No suspicious patterns identified
1739670843,PHARMACY_CLAIM,1,0,0.0,0,0,0,0,0,0,0,15.74,15.74,0.0,LOW-RISK PROVIDER PATTERN,NORMAL,No suspicious patterns identified
1747555367,PRIOR_AUTH,1,0,0.0,0,1,0,0,0,0,0,15.74,15.74,100.0,LOW-RISK PROVIDER PATTERN,NORMAL,Empirical claim denial rate = 100.0%
1565879477,PHARMACY_CLAIM,1,0,0.0,0,0,1,0,0,0,0,15.73,15.73,0.0,LOW-RISK PROVIDER PATTERN,NORMAL,No suspicious patterns identified
1696440940,PHARMACY_CLAIM,1,0,0.0,0,0,0,0,0,0,0,15.73,15.73,0.0,LOW-RISK PROVIDER PATTERN,NORMAL,No suspicious patterns identified
1298881812,PHARMACY_CLAIM,1,0,0.0,0,0,1,0,0,0,0,15.72,15.72,0.0,LOW-RISK PROVIDER PATTERN,NORMAL,No suspicious patterns identified
1891953048,MEDICAL_CLAIM,2,1,50.0,0,0,1,0,0,0,0,15.71,27.56,0.0,HIGH-RISK PROVIDER PATTERN,PROVIDER REQUIRING REVIEW,50.0% flagged records
1243607128,PRIOR_AUTH,1,0,0.0,0,1,0,0,0,0,0,15.71,15.71,100.0,LOW-RISK PROVIDER PATTERN,NORMAL,Empirical claim denial rate = 100.0%
1375860711,PRIOR_AUTH,1,0,0.0,0,1,0,0,0,0,0,15.71,15.71,100.0,LOW-RISK PROVIDER PATTERN,NORMAL,Empirical claim denial rate = 100.0%
1981131405,PRIOR_AUTH,1,0,0.0,0,1,0,0,0,0,0,15.71,15.71,100.0,LOW-RISK PROVIDER PATTERN,NORMAL,Empirical claim denial rate = 100.0%
1405615480,PHARMACY_CLAIM,1,0,0.0,0,0,0,0,0,0,0,15.68,15.68,0.0,LOW-RISK PROVIDER PATTERN,NORMAL,No suspicious patterns identified
1664150376,PHARMACY_CLAIM,1,0,0.0,0,0,1,0,0,0,0,15.68,15.68,0.0,LOW-RISK PROVIDER PATTERN,NORMAL,No suspicious patterns identified
1498992378,PHARMACY_CLAIM,1,0,0.0,0,0,1,0,0,0,0,15.67,15.67,0.0,LOW-RISK PROVIDER PATTERN,NORMAL,No suspicious patterns identified
1334155985,PRIOR_AUTH,1,0,0.0,0,1,0,0,0,0,0,15.66,15.66,0.0,LOW-RISK PROVIDER PATTERN,NORMAL,No suspicious patterns identified
1621969593,PHARMACY_CLAIM,1,0,0.0,0,0,0,0,0,0,0,15.66,15.66,0.0,LOW-RISK PROVIDER PATTERN,NORMAL,No suspicious patterns identified
1994894770,PRIOR_AUTH,1,0,0.0,0,1,0,0,0,0,0,15.65,15.65,100.0,LOW-RISK PROVIDER PATTERN,NORMAL,Empirical claim denial rate = 100.0%
1154971925,PRIOR_AUTH,1,0,0.0,0,1,0,0,0,0,0,15.64,15.64,100.0,LOW-RISK PROVIDER PATTERN,NORMAL,Empirical claim denial rate = 100.0%
1300452618,PHARMACY_CLAIM,1,0,0.0,0,0,0,0,0,0,0,15.64,15.64,0.0,LOW-RISK PROVIDER PATTERN,NORMAL,No suspicious patterns identified
1406386416,PHARMACY_CLAIM,1,0,0.0,0,1,0,0,0,0,0,15.64,15.64,0.0,LOW-RISK PROVIDER PATTERN,NORMAL,No suspicious patterns identified
1806698973,PRIOR_AUTH,1,0,0.0,0,0,1,0,0,0,0,15.64,15.64,0.0,LOW-RISK PROVIDER PATTERN,NORMAL,No suspicious patterns identified
1194799023,MEDICAL_CLAIM,2,0,0.0,0,1,0,0,0,0,0,15.63,17.58,0.0,LOW-RISK PROVIDER PATTERN,NORMAL,No suspicious patterns identified
1033304373,MEDICAL_CLAIM,1,0,0.0,0,1,0,0,0,0,0,15.63,15.63,0.0,LOW-RISK PROVIDER PATTERN,NORMAL,No suspicious patterns identified
1186860743,PRIOR_AUTH,1,0,0.0,0,1,0,0,0,0,0,15.62,15.62,0.0,LOW-RISK PROVIDER PATTERN,NORMAL,No suspicious patterns identified
1266923033,PHARMACY_CLAIM,1,0,0.0,0,0,1,0,0,0,0,15.61,15.61,0.0,LOW-RISK PROVIDER PATTERN,NORMAL,No suspicious patterns identified
1854053444,PRIOR_AUTH,1,0,0.0,0,1,0,0,0,0,0,15.61,15.61,0.0,LOW-RISK PROVIDER PATTERN,NORMAL,No suspicious patterns identified
1940312331,PRIOR_AUTH,1,0,0.0,0,0,0,0,0,0,0,15.6,15.6,0.0,LOW-RISK PROVIDER PATTERN,NORMAL,No suspicious patterns identified
1573375741,PHARMACY_CLAIM,1,0,0.0,0,0,1,0,0,0,0,15.59,15.59,0.0,LOW-RISK PROVIDER PATTERN,NORMAL,No suspicious patterns identified
1256664643,PHARMACY_CLAIM,1,0,0.0,0,0,1,0,0,0,0,15.58,15.58,0.0,LOW-RISK PROVIDER PATTERN,NORMAL,No suspicious patterns identified
1581443617,PHARMACY_CLAIM,1,0,0.0,0,0,1,0,0,0,0,15.57,15.57,0.0,LOW-RISK PROVIDER PATTERN,NORMAL,No suspicious patterns identified
1880320978,PRIOR_AUTH,1,0,0.0,0,1,0,0,0,0,0,15.57,15.57,0.0,LOW-RISK PROVIDER PATTERN,NORMAL,No suspicious patterns identified
1088517308,PRIOR_AUTH,1,0,0.0,0,0,1,0,0,0,0,15.56,15.56,0.0,LOW-RISK PROVIDER PATTERN,NORMAL,No suspicious patterns identified
1227098210,PRIOR_AUTH,1,0,0.0,0,1,0,0,0,0,0,15.56,15.56,100.0,LOW-RISK PROVIDER PATTERN,NORMAL,Empirical claim denial rate = 100.0%
1353411804,PHARMACY_CLAIM,1,0,0.0,0,0,1,0,0,0,0,15.56,15.56,0.0,LOW-RISK PROVIDER PATTERN,NORMAL,No suspicious patterns identified
1763761758,PRIOR_AUTH,1,0,0.0,0,0,1,0,0,0,0,15.56,15.56,0.0,LOW-RISK PROVIDER PATTERN,NORMAL,No suspicious patterns identified
1026372526,PRIOR_AUTH,1,0,0.0,0,1,0,0,0,0,0,15.54,15.54,0.0,LOW-RISK PROVIDER PATTERN,NORMAL,No suspicious patterns identified
1196685488,PRIOR_AUTH,1,0,0.0,0,1,0,0,0,0,0,15.54,15.54,0.0,LOW-RISK PROVIDER PATTERN,NORMAL,No suspicious patterns identified
1535836009,PRIOR_AUTH,1,0,0.0,0,1,0,0,0,0,0,15.54,15.54,0.0,LOW-RISK PROVIDER PATTERN,NORMAL,No suspicious patterns identified
1720525584,PHARMACY_CLAIM,1,0,0.0,0,0,1,0,0,0,0,15.53,15.53,0.0,LOW-RISK PROVIDER PATTERN,NORMAL,No suspicious patterns identified
1727849657,PRIOR_AUTH,1,0,0.0,0,0,0,0,0,0,0,15.53,15.53,0.0,LOW-RISK PROVIDER PATTERN,NORMAL,No suspicious patterns identified
1835843150,PRIOR_AUTH,1,0,0.0,0,0,0,0,0,0,0,15.53,15.53,0.0,LOW-RISK PROVIDER PATTERN,NORMAL,No suspicious patterns identified
1609207034,MEDICAL_CLAIM,1,0,0.0,0,1,0,0,0,0,0,15.52,15.52,0.0,LOW-RISK PROVIDER PATTERN,NORMAL,No suspicious patterns identified
1013944479,MEDICAL_CLAIM,3,1,33.33,0,1,1,0,0,0,0,15.51,37.74,0.0,HIGH-RISK PROVIDER PATTERN,PROVIDER REQUIRING REVIEW,33.3% flagged records
1644032336,PRIOR_AUTH,1,0,0.0,0,0,1,0,0,0,0,15.51,15.51,0.0,LOW-RISK PROVIDER PATTERN,NORMAL,No suspicious patterns identified
1079516932,PRIOR_AUTH,1,0,0.0,0,1,0,0,0,0,0,15.5,15.5,100.0,LOW-RISK PROVIDER PATTERN,NORMAL,Empirical claim denial rate = 100.0%
1205886223,MEDICAL_CLAIM,3,0,0.0,0,0,2,0,0,0,0,15.49,23.13,0.0,LOW-RISK PROVIDER PATTERN,NORMAL,No suspicious patterns identified
1137177440,PRIOR_AUTH,1,0,0.0,0,0,1,0,0,0,0,15.49,15.49,0.0,LOW-RISK PROVIDER PATTERN,NORMAL,No suspicious patterns identified
1613582850,PRIOR_AUTH,1,0,0.0,0,1,0,0,0,0,0,15.49,15.49,0.0,LOW-RISK PROVIDER PATTERN,NORMAL,No suspicious patterns identified
1823042887,PRIOR_AUTH,1,0,0.0,0,0,1,0,0,0,0,15.49,15.49,0.0,LOW-RISK PROVIDER PATTERN,NORMAL,No suspicious patterns identified
1035678406,PHARMACY_CLAIM,1,0,0.0,0,0,0,0,0,0,0,15.48,15.48,0.0,LOW-RISK PROVIDER PATTERN,NORMAL,No suspicious patterns identified
1660296906,PHARMACY_CLAIM,1,0,0.0,0,0,1,0,0,0,0,15.48,15.48,0.0,LOW-RISK PROVIDER PATTERN,NORMAL,No suspicious patterns identified
1979277469,PHARMACY_CLAIM,1,0,0.0,0,0,1,0,0,0,0,15.48,15.48,0.0,LOW-RISK PROVIDER PATTERN,NORMAL,No suspicious patterns identified
1417377813,MEDICAL_CLAIM,3,0,0.0,0,3,0,0,0,0,0,15.47,17.01,0.0,LOW-RISK PROVIDER PATTERN,NORMAL,No suspicious patterns identified
1004679101,PRIOR_AUTH,1,0,0.0,0,1,0,0,0,0,0,15.47,15.47,100.0,LOW-RISK PROVIDER PATTERN,NORMAL,Empirical claim denial rate = 100.0%
1165338455,PHARMACY_CLAIM,1,0,0.0,0,0,1,0,0,0,0,15.47,15.47,0.0,LOW-RISK PROVIDER PATTERN,NORMAL,No suspicious patterns identified
1455060735,PRIOR_AUTH,1,0,0.0,0,0,0,0,0,0,0,15.47,15.47,0.0,LOW-RISK PROVIDER PATTERN,NORMAL,No suspicious patterns identified
1472503549,PRIOR_AUTH,1,0,0.0,0,0,0,0,0,0,0,15.47,15.47,0.0,LOW-RISK PROVIDER PATTERN,NORMAL,No suspicious patterns identified
1557957678,PRIOR_AUTH,1,0,0.0,0,0,0,0,0,0,0,15.47,15.47,0.0,LOW-RISK PROVIDER PATTERN,NORMAL,No suspicious patterns identified
1609854439,MEDICAL_CLAIM,2,0,0.0,0,0,1,0,0,0,0,15.46,23.0,0.0,LOW-RISK PROVIDER PATTERN,NORMAL,No suspicious patterns identified
1029338021,PRIOR_AUTH,1,0,0.0,0,1,0,0,0,0,0,15.46,15.46,0.0,LOW-RISK PROVIDER PATTERN,NORMAL,No suspicious patterns identified
1597688104,PRIOR_AUTH,1,0,0.0,0,1,0,0,0,0,0,15.46,15.46,0.0,LOW-RISK PROVIDER PATTERN,NORMAL,No suspicious patterns identified
1269357197,PHARMACY_CLAIM,1,0,0.0,0,1,0,0,0,0,0,15.45,15.45,0.0,LOW-RISK PROVIDER PATTERN,NORMAL,No suspicious patterns identified
1417731675,PHARMACY_CLAIM,1,0,0.0,0,0,1,0,0,0,0,15.45,15.45,0.0,LOW-RISK PROVIDER PATTERN,NORMAL,No suspicious patterns identified
1777559121,PRIOR_AUTH,1,0,0.0,0,1,0,0,0,0,0,15.44,15.44,100.0,LOW-RISK PROVIDER PATTERN,NORMAL,Empirical claim denial rate = 100.0%
1174580831,MEDICAL_CLAIM,4,1,25.0,0,2,1,0,0,0,0,15.43,27.55,0.0,HIGH-RISK PROVIDER PATTERN,PROVIDER REQUIRING REVIEW,25.0% flagged records
1463429137,PHARMACY_CLAIM,1,0,0.0,0,0,1,0,0,0,0,15.41,15.41,0.0,LOW-RISK PROVIDER PATTERN,NORMAL,No suspicious patterns identified
1467483297,MEDICAL_CLAIM,1,0,0.0,0,1,0,0,0,0,0,15.41,15.41,0.0,LOW-RISK PROVIDER PATTERN,NORMAL,No suspicious patterns identified
1514846080,PHARMACY_CLAIM,1,0,0.0,0,0,0,0,0,0,0,15.41,15.41,0.0,LOW-RISK PROVIDER PATTERN,NORMAL,No suspicious patterns identified
1936856314,PRIOR_AUTH,1,0,0.0,0,1,0,0,0,0,0,15.41,15.41,0.0,LOW-RISK PROVIDER PATTERN,NORMAL,No suspicious patterns identified
1630604156,PRIOR_AUTH,1,0,0.0,0,1,0,0,0,0,0,15.4,15.4,0.0,LOW-RISK PROVIDER PATTERN,NORMAL,No suspicious patterns identified
1953293647,PHARMACY_CLAIM,1,0,0.0,0,0,1,0,0,0,0,15.4,15.4,0.0,LOW-RISK PROVIDER PATTERN,NORMAL,No suspicious patterns identified
1166494980,PRIOR_AUTH,1,0,0.0,0,0,0,0,0,0,0,15.39,15.39,0.0,LOW-RISK PROVIDER PATTERN,NORMAL,No suspicious patterns identified
1301022378,PRIOR_AUTH,1,0,0.0,0,0,0,0,0,0,0,15.39,15.39,0.0,LOW-RISK PROVIDER PATTERN,NORMAL,No suspicious patterns identified
1304809065,PRIOR_AUTH,1,0,0.0,0,0,0,0,0,0,0,15.39,15.39,0.0,LOW-RISK PROVIDER PATTERN,NORMAL,No suspicious patterns identified
1432058435,PRIOR_AUTH,1,0,0.0,0,0,0,0,0,0,0,15.39,15.39,0.0,LOW-RISK PROVIDER PATTERN,NORMAL,No suspicious patterns identified
1605150626,PRIOR_AUTH,1,0,0.0,0,0,0,0,0,0,0,15.39,15.39,0.0,LOW-RISK PROVIDER PATTERN,NORMAL,No suspicious patterns identified
1640732798,PRIOR_AUTH,1,0,0.0,0,0,0,0,0,0,0,15.39,15.39,0.0,LOW-RISK PROVIDER PATTERN,NORMAL,No suspicious patterns identified
1766438964,PRIOR_AUTH,1,0,0.0,0,0,0,0,0,0,0,15.39,15.39,0.0,LOW-RISK PROVIDER PATTERN,NORMAL,No suspicious patterns identified
1849106301,PRIOR_AUTH,1,0,0.0,0,0,0,0,0,0,0,15.39,15.39,0.0,LOW-RISK PROVIDER PATTERN,NORMAL,No suspicious patterns identified
1890928893,PHARMACY_CLAIM,1,0,0.0,0,1,0,0,0,0,0,15.39,15.39,0.0,LOW-RISK PROVIDER PATTERN,NORMAL,No suspicious patterns identified
1327459024,PRIOR_AUTH,1,0,0.0,0,1,0,0,0,0,0,15.38,15.38,100.0,LOW-RISK PROVIDER PATTERN,NORMAL,Empirical claim denial rate = 100.0%
1811340546,PHARMACY_CLAIM,1,0,0.0,0,1,0,0,0,0,0,15.38,15.38,0.0,LOW-RISK PROVIDER PATTERN,NORMAL,No suspicious patterns identified
1841560976,PRIOR_AUTH,1,0,0.0,0,1,0,0,0,0,0,15.38,15.38,100.0,LOW-RISK PROVIDER PATTERN,NORMAL,Empirical claim denial rate = 100.0%
1183542450,PHARMACY_CLAIM,1,0,0.0,0,0,1,0,0,0,0,15.37,15.37,0.0,LOW-RISK PROVIDER PATTERN,NORMAL,No suspicious patterns identified
1185401848,PRIOR_AUTH,1,0,0.0,0,1,0,0,0,0,0,15.36,15.36,0.0,LOW-RISK PROVIDER PATTERN,NORMAL,No suspicious patterns identified
1552431684,PRIOR_AUTH,1,0,0.0,0,1,0,0,0,0,0,15.36,15.36,0.0,LOW-RISK PROVIDER PATTERN,NORMAL,No suspicious patterns identified
1075995382,PHARMACY_CLAIM,1,0,0.0,0,1,0,0,0,0,0,15.35,15.35,0.0,LOW-RISK PROVIDER PATTERN,NORMAL,No suspicious patterns identified
1714563507,PHARMACY_CLAIM,1,0,0.0,0,0,0,0,0,0,0,15.35,15.35,0.0,LOW-RISK PROVIDER PATTERN,NORMAL,No suspicious patterns identified
1125392924,PRIOR_AUTH,1,0,0.0,0,1,0,0,0,0,0,15.34,15.34,0.0,LOW-RISK PROVIDER PATTERN,NORMAL,No suspicious patterns identified
1596875630,PHARMACY_CLAIM,1,0,0.0,0,0,0,0,0,0,0,15.34,15.34,0.0,LOW-RISK PROVIDER PATTERN,NORMAL,No suspicious patterns identified
1669369866,PHARMACY_CLAIM,1,0,0.0,0,0,1,0,0,0,0,15.32,15.32,0.0,LOW-RISK PROVIDER PATTERN,NORMAL,No suspicious patterns identified
1835191843,PHARMACY_CLAIM,1,0,0.0,0,1,0,0,0,0,0,15.32,15.32,0.0,LOW-RISK PROVIDER PATTERN,NORMAL,No suspicious patterns identified
1912939703,MEDICAL_CLAIM,2,0,0.0,0,0,1,0,0,0,0,15.31,24.31,0.0,LOW-RISK PROVIDER PATTERN,NORMAL,No suspicious patterns identified
1124320106,MEDICAL_CLAIM,1,0,0.0,0,1,0,0,0,0,0,15.31,15.31,0.0,LOW-RISK PROVIDER PATTERN,NORMAL,No suspicious patterns identified
1587165725,PRIOR_AUTH,1,0,0.0,0,0,1,0,0,0,0,15.31,15.31,0.0,LOW-RISK PROVIDER PATTERN,NORMAL,No suspicious patterns identified
1663965519,PHARMACY_CLAIM,1,0,0.0,0,0,1,0,0,0,0,15.3,15.3,0.0,LOW-RISK PROVIDER PATTERN,NORMAL,No suspicious patterns identified
1805233278,PRIOR_AUTH,1,0,0.0,0,1,0,0,0,0,0,15.3,15.3,0.0,LOW-RISK PROVIDER PATTERN,NORMAL,No suspicious patterns identified
1364112223,PHARMACY_CLAIM,1,0,0.0,0,1,0,0,0,0,0,15.28,15.28,0.0,LOW-RISK PROVIDER PATTERN,NORMAL,No suspicious patterns identified
1722042887,PHARMACY_CLAIM,1,0,0.0,0,0,1,0,0,0,0,15.28,15.28,0.0,LOW-RISK PROVIDER PATTERN,NORMAL,No suspicious patterns identified
1730311143,MEDICAL_CLAIM,1,0,0.0,0,1,0,0,0,0,0,15.27,15.27,0.0,LOW-RISK PROVIDER PATTERN,NORMAL,No suspicious patterns identified
1790943507,PHARMACY_CLAIM,1,0,0.0,0,0,0,0,0,0,0,15.27,15.27,0.0,LOW-RISK PROVIDER PATTERN,NORMAL,No suspicious patterns identified
1240783267,PRIOR_AUTH,1,0,0.0,0,0,1,0,0,0,0,15.26,15.26,0.0,LOW-RISK PROVIDER PATTERN,NORMAL,No suspicious patterns identified
1547155376,PRIOR_AUTH,1,0,0.0,0,0,1,0,0,0,0,15.26,15.26,0.0,LOW-RISK PROVIDER PATTERN,NORMAL,No suspicious patterns identified
1422544602,PRIOR_AUTH,1,0,0.0,0,1,0,0,0,0,0,15.25,15.25,0.0,LOW-RISK PROVIDER PATTERN,NORMAL,No suspicious patterns identified
1391227997,PRIOR_AUTH,1,0,0.0,0,1,0,0,0,0,0,15.24,15.24,0.0,LOW-RISK PROVIDER PATTERN,NORMAL,No suspicious patterns identified
1668438528,PHARMACY_CLAIM,1,0,0.0,0,0,1,0,0,0,0,15.24,15.24,0.0,LOW-RISK PROVIDER PATTERN,NORMAL,No suspicious patterns identified
1123756656,PHARMACY_CLAIM,1,0,0.0,0,0,1,0,0,0,0,15.23,15.23,0.0,LOW-RISK PROVIDER PATTERN,NORMAL,No suspicious patterns identified
1362378463,PRIOR_AUTH,1,0,0.0,0,0,0,0,0,0,0,15.23,15.23,0.0,LOW-RISK PROVIDER PATTERN,NORMAL,No suspicious patterns identified
1397126253,PRIOR_AUTH,1,0,0.0,0,0,0,0,0,0,0,15.23,15.23,0.0,LOW-RISK PROVIDER PATTERN,NORMAL,No suspicious patterns identified
1465069278,PRIOR_AUTH,1,0,0.0,0,0,0,0,0,0,0,15.23,15.23,0.0,LOW-RISK PROVIDER PATTERN,NORMAL,No suspicious patterns identified
1631851004,PRIOR_AUTH,1,0,0.0,0,0,0,0,0,0,0,15.23,15.23,0.0,LOW-RISK PROVIDER PATTERN,NORMAL,No suspicious patterns identified
1645833044,PHARMACY_CLAIM,1,0,0.0,0,0,1,0,0,0,0,15.23,15.23,0.0,LOW-RISK PROVIDER PATTERN,NORMAL,No suspicious patterns identified
1692782863,PRIOR_AUTH,1,0,0.0,0,0,0,0,0,0,0,15.23,15.23,0.0,LOW-RISK PROVIDER PATTERN,NORMAL,No suspicious patterns identified
1745139534,PRIOR_AUTH,1,0,0.0,0,0,0,0,0,0,0,15.23,15.23,0.0,LOW-RISK PROVIDER PATTERN,NORMAL,No suspicious patterns identified
1890242221,PRIOR_AUTH,1,0,0.0,0,0,0,0,0,0,0,15.23,15.23,0.0,LOW-RISK PROVIDER PATTERN,NORMAL,No suspicious patterns identified
1994954903,PRIOR_AUTH,1,0,0.0,0,0,0,0,0,0,0,15.23,15.23,0.0,LOW-RISK PROVIDER PATTERN,NORMAL,No suspicious patterns identified
1124387482,PRIOR_AUTH,1,0,0.0,0,0,1,0,0,0,0,15.22,15.22,0.0,LOW-RISK PROVIDER PATTERN,NORMAL,No suspicious patterns identified
1897228895,PHARMACY_CLAIM,1,0,0.0,0,1,0,0,0,0,0,15.22,15.22,0.0,LOW-RISK PROVIDER PATTERN,NORMAL,No suspicious patterns identified
1324297638,PHARMACY_CLAIM,1,0,0.0,0,0,1,0,0,0,0,15.21,15.21,0.0,LOW-RISK PROVIDER PATTERN,NORMAL,No suspicious patterns identified
1376453815,PRIOR_AUTH,1,0,0.0,0,0,1,0,0,0,0,15.21,15.21,0.0,LOW-RISK PROVIDER PATTERN,NORMAL,No suspicious patterns identified
1548569924,MEDICAL_CLAIM,2,1,50.0,0,0,1,0,0,0,0,15.2,25.88,0.0,HIGH-RISK PROVIDER PATTERN,PROVIDER REQUIRING REVIEW,50.0% flagged records
1730284605,MEDICAL_CLAIM,2,1,50.0,0,0,1,0,0,0,0,15.2,26.05,0.0,HIGH-RISK PROVIDER PATTERN,PROVIDER REQUIRING REVIEW,50.0% flagged records
1063683332,MEDICAL_CLAIM,1,0,0.0,0,1,0,0,0,0,0,15.19,15.19,0.0,LOW-RISK PROVIDER PATTERN,NORMAL,No suspicious patterns identified
1095180053,PRIOR_AUTH,1,0,0.0,0,1,0,0,0,0,0,15.18,15.18,100.0,LOW-RISK PROVIDER PATTERN,NORMAL,Empirical claim denial rate = 100.0%
1171158719,PRIOR_AUTH,1,0,0.0,0,1,0,0,0,0,0,15.18,15.18,100.0,LOW-RISK PROVIDER PATTERN,NORMAL,Empirical claim denial rate = 100.0%
1308929788,PHARMACY_CLAIM,1,0,0.0,0,1,0,0,0,0,0,15.17,15.17,0.0,LOW-RISK PROVIDER PATTERN,NORMAL,No suspicious patterns identified
1581252474,PHARMACY_CLAIM,1,0,0.0,0,0,0,0,0,0,0,15.17,15.17,0.0,LOW-RISK PROVIDER PATTERN,NORMAL,No suspicious patterns identified
1562058233,PHARMACY_CLAIM,1,0,0.0,0,1,0,0,0,0,0,15.16,15.16,0.0,LOW-RISK PROVIDER PATTERN,NORMAL,No suspicious patterns identified
1991558484,PRIOR_AUTH,1,0,0.0,0,1,0,0,0,0,0,15.16,15.16,100.0,LOW-RISK PROVIDER PATTERN,NORMAL,Empirical claim denial rate = 100.0%
1738313877,PHARMACY_CLAIM,1,0,0.0,0,0,0,0,0,0,0,15.15,15.15,0.0,LOW-RISK PROVIDER PATTERN,NORMAL,No suspicious patterns identified
1835840910,PRIOR_AUTH,1,0,0.0,0,1,0,0,0,0,0,15.15,15.15,100.0,LOW-RISK PROVIDER PATTERN,NORMAL,Empirical claim denial rate = 100.0%
1750783556,PHARMACY_CLAIM,1,0,0.0,0,0,0,0,0,0,0,15.14,15.14,0.0,LOW-RISK PROVIDER PATTERN,NORMAL,No suspicious patterns identified
1629279666,MEDICAL_CLAIM,3,1,33.33,0,2,0,0,0,0,0,15.12,25.25,0.0,HIGH-RISK PROVIDER PATTERN,PROVIDER REQUIRING REVIEW,33.3% flagged records
1912954720,PHARMACY_CLAIM,1,0,0.0,0,0,0,0,0,0,0,15.12,15.12,0.0,LOW-RISK PROVIDER PATTERN,NORMAL,No suspicious patterns identified
1788442421,PRIOR_AUTH,1,0,0.0,0,1,0,0,0,0,0,15.11,15.11,100.0,LOW-RISK PROVIDER PATTERN,NORMAL,Empirical claim denial rate = 100.0%
1124169073,MEDICAL_CLAIM,2,0,0.0,0,0,0,0,0,0,0,15.1,18.85,0.0,LOW-RISK PROVIDER PATTERN,NORMAL,No suspicious patterns identified
1171236614,PHARMACY_CLAIM,1,0,0.0,0,0,0,0,0,0,0,15.1,15.1,0.0,LOW-RISK PROVIDER PATTERN,NORMAL,No suspicious patterns identified
1366942831,MEDICAL_CLAIM,12,1,8.33,0,1,5,0,0,0,0,15.07,37.85,0.0,LOW-RISK PROVIDER PATTERN,NORMAL,No suspicious patterns identified
1780847517,MEDICAL_CLAIM,3,1,33.33,0,2,0,0,0,0,0,15.07,27.68,0.0,HIGH-RISK PROVIDER PATTERN,PROVIDER REQUIRING REVIEW,33.3% flagged records
1003397878,MEDICAL_CLAIM,2,0,0.0,0,0,1,0,0,0,0,15.07,23.66,0.0,LOW-RISK PROVIDER PATTERN,NORMAL,No suspicious patterns identified
1877575835,PHARMACY_CLAIM,1,0,0.0,0,1,0,0,0,0,0,15.07,15.07,0.0,LOW-RISK PROVIDER PATTERN,NORMAL,No suspicious patterns identified
1889830702,PRIOR_AUTH,1,0,0.0,0,1,0,0,0,0,0,15.07,15.07,100.0,LOW-RISK PROVIDER PATTERN,NORMAL,Empirical claim denial rate = 100.0%
1968103292,PHARMACY_CLAIM,1,0,0.0,0,0,1,0,0,0,0,15.07,15.07,0.0,LOW-RISK PROVIDER PATTERN,NORMAL,No suspicious patterns identified
1233282699,PHARMACY_CLAIM,1,0,0.0,0,0,0,0,0,0,0,15.06,15.06,0.0,LOW-RISK PROVIDER PATTERN,NORMAL,No suspicious patterns identified
1434511829,PHARMACY_CLAIM,1,0,0.0,0,0,1,0,0,0,0,15.05,15.05,0.0,LOW-RISK PROVIDER PATTERN,NORMAL,No suspicious patterns identified
1486562463,PRIOR_AUTH,1,0,0.0,0,1,0,0,0,0,0,15.05,15.05,0.0,LOW-RISK PROVIDER PATTERN,NORMAL,No suspicious patterns identified
1060882278,PHARMACY_CLAIM,1,0,0.0,0,0,0,0,0,0,0,15.03,15.03,0.0,LOW-RISK PROVIDER PATTERN,NORMAL,No suspicious patterns identified
1371034102,PRIOR_AUTH,1,0,0.0,0,1,0,0,0,0,0,15.03,15.03,0.0,LOW-RISK PROVIDER PATTERN,NORMAL,No suspicious patterns identified
1404002391,PHARMACY_CLAIM,1,0,0.0,0,0,1,0,0,0,0,15.03,15.03,0.0,LOW-RISK PROVIDER PATTERN,NORMAL,No suspicious patterns identified
1534635433,PRIOR_AUTH,1,0,0.0,0,1,0,0,0,0,0,15.03,15.03,0.0,LOW-RISK PROVIDER PATTERN,NORMAL,No suspicious patterns identified
1612027229,PHARMACY_CLAIM,1,0,0.0,0,1,0,0,0,0,0,15.03,15.03,0.0,LOW-RISK PROVIDER PATTERN,NORMAL,No suspicious patterns identified
1007821687,PHARMACY_CLAIM,1,0,0.0,0,0,1,0,0,0,0,15.02,15.02,0.0,LOW-RISK PROVIDER PATTERN,NORMAL,No suspicious patterns identified
1199450824,PRIOR_AUTH,1,0,0.0,0,0,1,0,0,0,0,15.02,15.02,0.0,LOW-RISK PROVIDER PATTERN,NORMAL,No suspicious patterns identified
1363144206,PHARMACY_CLAIM,1,0,0.0,0,0,0,0,0,0,0,15.02,15.02,0.0,LOW-RISK PROVIDER PATTERN,NORMAL,No suspicious patterns identified
1416419119,PRIOR_AUTH,1,0,0.0,0,0,1,0,0,0,0,15.02,15.02,0.0,LOW-RISK PROVIDER PATTERN,NORMAL,No suspicious patterns identified
1205931479,PHARMACY_CLAIM,1,0,0.0,0,0,1,0,0,0,0,15.01,15.01,0.0,LOW-RISK PROVIDER PATTERN,NORMAL,No suspicious patterns identified
1801219258,MEDICAL_CLAIM,2,1,50.0,0,0,1,0,0,0,0,15.0,29.42,0.0,HIGH-RISK PROVIDER PATTERN,PROVIDER REQUIRING REVIEW,50.0% flagged records
1834810702,PRIOR_AUTH,1,0,0.0,0,1,0,0,0,0,0,15.0,15.0,100.0,LOW-RISK PROVIDER PATTERN,NORMAL,Empirical claim denial rate = 100.0%
1503579325,PRIOR_AUTH,1,0,0.0,0,1,0,0,0,0,0,14.99,14.99,100.0,LOW-RISK PROVIDER PATTERN,NORMAL,Empirical claim denial rate = 100.0%
1074457819,PHARMACY_CLAIM,1,0,0.0,0,0,1,0,0,0,0,14.98,14.98,0.0,LOW-RISK PROVIDER PATTERN,NORMAL,No suspicious patterns identified
1100623397,PHARMACY_CLAIM,1,0,0.0,0,0,1,0,0,0,0,14.97,14.97,0.0,LOW-RISK PROVIDER PATTERN,NORMAL,No suspicious patterns identified
1093414273,PRIOR_AUTH,1,0,0.0,0,1,0,0,0,0,0,14.96,14.96,100.0,LOW-RISK PROVIDER PATTERN,NORMAL,Empirical claim denial rate = 100.0%
1115511038,PHARMACY_CLAIM,1,0,0.0,0,0,1,0,0,0,0,14.96,14.96,0.0,LOW-RISK PROVIDER PATTERN,NORMAL,No suspicious patterns identified
1133093282,PRIOR_AUTH,1,0,0.0,0,1,0,0,0,0,0,14.96,14.96,100.0,LOW-RISK PROVIDER PATTERN,NORMAL,Empirical claim denial rate = 100.0%
1083086359,MEDICAL_CLAIM,2,0,0.0,0,1,0,0,0,0,0,14.93,17.77,0.0,LOW-RISK PROVIDER PATTERN,NORMAL,No suspicious patterns identified
1265955518,PHARMACY_CLAIM,1,0,0.0,0,0,1,0,0,0,0,14.93,14.93,0.0,LOW-RISK PROVIDER PATTERN,NORMAL,No suspicious patterns identified
1649357473,PRIOR_AUTH,1,0,0.0,0,1,0,0,0,0,0,14.93,14.93,100.0,LOW-RISK PROVIDER PATTERN,NORMAL,Empirical claim denial rate = 100.0%
1568553519,MEDICAL_CLAIM,5,1,20.0,0,3,0,0,0,0,0,14.91,28.4,0.0,HIGH-RISK PROVIDER PATTERN,PROVIDER REQUIRING REVIEW,20.0% flagged records
1224606573,PRIOR_AUTH,1,0,0.0,0,1,0,0,0,0,0,14.91,14.91,100.0,LOW-RISK PROVIDER PATTERN,NORMAL,Empirical claim denial rate = 100.0%
1962711650,PHARMACY_CLAIM,1,0,0.0,0,0,0,0,0,0,0,14.89,14.89,0.0,LOW-RISK PROVIDER PATTERN,NORMAL,No suspicious patterns identified
1965812075,PHARMACY_CLAIM,1,0,0.0,0,0,1,0,0,0,0,14.89,14.89,0.0,LOW-RISK PROVIDER PATTERN,NORMAL,No suspicious patterns identified
1340302778,PHARMACY_CLAIM,1,0,0.0,0,0,1,0,0,0,0,14.88,14.88,0.0,LOW-RISK PROVIDER PATTERN,NORMAL,No suspicious patterns identified
1608450349,PHARMACY_CLAIM,1,0,0.0,0,0,0,0,0,0,0,14.88,14.88,0.0,LOW-RISK PROVIDER PATTERN,NORMAL,No suspicious patterns identified
1717741973,PRIOR_AUTH,1,0,0.0,0,1,0,0,0,0,0,14.88,14.88,100.0,LOW-RISK PROVIDER PATTERN,NORMAL,Empirical claim denial rate = 100.0%
1734426361,PHARMACY_CLAIM,1,0,0.0,0,0,0,0,0,0,0,14.88,14.88,0.0,LOW-RISK PROVIDER PATTERN,NORMAL,No suspicious patterns identified
1619038536,MEDICAL_CLAIM,2,0,0.0,0,1,0,0,0,0,0,14.87,22.64,0.0,LOW-RISK PROVIDER PATTERN,NORMAL,No suspicious patterns identified
1080555309,PRIOR_AUTH,1,0,0.0,0,0,1,0,0,0,0,14.86,14.86,0.0,LOW-RISK PROVIDER PATTERN,NORMAL,No suspicious patterns identified
1091441747,PRIOR_AUTH,1,0,0.0,0,1,0,0,0,0,0,14.85,14.85,100.0,LOW-RISK PROVIDER PATTERN,NORMAL,Empirical claim denial rate = 100.0%
1279340512,PRIOR_AUTH,1,0,0.0,0,1,0,0,0,0,0,14.85,14.85,100.0,LOW-RISK PROVIDER PATTERN,NORMAL,Empirical claim denial rate = 100.0%
1690479087,PHARMACY_CLAIM,1,0,0.0,0,0,1,0,0,0,0,14.85,14.85,0.0,LOW-RISK PROVIDER PATTERN,NORMAL,No suspicious patterns identified
1698358859,PRIOR_AUTH,1,0,0.0,0,1,0,0,0,0,0,14.85,14.85,100.0,LOW-RISK PROVIDER PATTERN,NORMAL,Empirical claim denial rate = 100.0%
1206480450,PHARMACY_CLAIM,1,0,0.0,0,0,1,0,0,0,0,14.84,14.84,0.0,LOW-RISK PROVIDER PATTERN,NORMAL,No suspicious patterns identified
1222738194,PRIOR_AUTH,1,0,0.0,0,0,1,0,0,0,0,14.84,14.84,0.0,LOW-RISK PROVIDER PATTERN,NORMAL,No suspicious patterns identified
1409746484,PHARMACY_CLAIM,1,0,0.0,0,0,0,0,0,0,0,14.84,14.84,0.0,LOW-RISK PROVIDER PATTERN,NORMAL,No suspicious patterns identified
1528377687,PRIOR_AUTH,1,0,0.0,0,0,1,0,0,0,0,14.84,14.84,0.0,LOW-RISK PROVIDER PATTERN,NORMAL,No suspicious patterns identified
1750339511,MEDICAL_CLAIM,1,0,0.0,0,1,0,0,0,0,0,14.84,14.84,0.0,LOW-RISK PROVIDER PATTERN,NORMAL,No suspicious patterns identified
1875047057,PHARMACY_CLAIM,1,0,0.0,0,0,0,0,0,0,0,14.83,14.83,0.0,LOW-RISK PROVIDER PATTERN,NORMAL,No suspicious patterns identified
1118755574,PHARMACY_CLAIM,1,0,0.0,0,0,1,0,0,0,0,14.82,14.82,0.0,LOW-RISK PROVIDER PATTERN,NORMAL,No suspicious patterns identified
1411777031,PRIOR_AUTH,1,0,0.0,0,1,0,0,0,0,0,14.81,14.81,100.0,LOW-RISK PROVIDER PATTERN,NORMAL,Empirical claim denial rate = 100.0%
1377864384,PHARMACY_CLAIM,1,0,0.0,0,0,1,0,0,0,0,14.8,14.8,0.0,LOW-RISK PROVIDER PATTERN,NORMAL,No suspicious patterns identified
1385052747,PRIOR_AUTH,1,0,0.0,0,1,0,0,0,0,0,14.8,14.8,100.0,LOW-RISK PROVIDER PATTERN,NORMAL,Empirical claim denial rate = 100.0%
1422061538,PHARMACY_CLAIM,1,0,0.0,0,0,1,0,0,0,0,14.79,14.79,0.0,LOW-RISK PROVIDER PATTERN,NORMAL,No suspicious patterns identified
1767034959,PRIOR_AUTH,1,0,0.0,0,1,0,0,0,0,0,14.79,14.79,0.0,LOW-RISK PROVIDER PATTERN,NORMAL,No suspicious patterns identified
1166509310,PHARMACY_CLAIM,1,0,0.0,0,0,0,0,0,0,0,14.78,14.78,0.0,LOW-RISK PROVIDER PATTERN,NORMAL,No suspicious patterns identified
1661888676,PHARMACY_CLAIM,1,0,0.0,0,1,0,0,0,0,0,14.77,14.77,0.0,LOW-RISK PROVIDER PATTERN,NORMAL,No suspicious patterns identified
1014244996,PHARMACY_CLAIM,1,0,0.0,0,0,1,0,0,0,0,14.75,14.75,0.0,LOW-RISK PROVIDER PATTERN,NORMAL,No suspicious patterns identified
1068390369,PRIOR_AUTH,1,0,0.0,0,1,0,0,0,0,0,14.75,14.75,100.0,LOW-RISK PROVIDER PATTERN,NORMAL,Empirical claim denial rate = 100.0%
1599484187,PHARMACY_CLAIM,1,0,0.0,0,0,1,0,0,0,0,14.74,14.74,0.0,LOW-RISK PROVIDER PATTERN,NORMAL,No suspicious patterns identified
1754738074,PRIOR_AUTH,1,0,0.0,0,0,1,0,0,0,0,14.74,14.74,0.0,LOW-RISK PROVIDER PATTERN,NORMAL,No suspicious patterns identified
1076422979,PHARMACY_CLAIM,1,0,0.0,0,1,0,0,0,0,0,14.73,14.73,0.0,LOW-RISK PROVIDER PATTERN,NORMAL,No suspicious patterns identified
1984276725,PRIOR_AUTH,1,0,0.0,0,1,0,0,0,0,0,14.73,14.73,0.0,LOW-RISK PROVIDER PATTERN,NORMAL,No suspicious patterns identified
1091331402,PRIOR_AUTH,1,0,0.0,0,1,0,0,0,0,0,14.71,14.71,100.0,LOW-RISK PROVIDER PATTERN,NORMAL,Empirical claim denial rate = 100.0%
1284435513,PRIOR_AUTH,1,0,0.0,0,1,0,0,0,0,0,14.71,14.71,100.0,LOW-RISK PROVIDER PATTERN,NORMAL,Empirical claim denial rate = 100.0%
1475065908,PRIOR_AUTH,1,0,0.0,0,0,1,0,0,0,0,14.69,14.69,0.0,LOW-RISK PROVIDER PATTERN,NORMAL,No suspicious patterns identified
1639760804,MEDICAL_CLAIM,3,1,33.33,0,0,1,0,0,0,0,14.68,33.62,0.0,HIGH-RISK PROVIDER PATTERN,PROVIDER REQUIRING REVIEW,33.3% flagged records
1336583004,MEDICAL_CLAIM,2,0,0.0,0,0,1,0,0,0,0,14.68,24.54,0.0,LOW-RISK PROVIDER PATTERN,NORMAL,No suspicious patterns identified
1207234434,PHARMACY_CLAIM,1,0,0.0,0,1,0,0,0,0,0,14.68,14.68,0.0,LOW-RISK PROVIDER PATTERN,NORMAL,No suspicious patterns identified
1639693492,MEDICAL_CLAIM,1,0,0.0,0,1,0,0,0,0,0,14.68,14.68,0.0,LOW-RISK PROVIDER PATTERN,NORMAL,No suspicious patterns identified
1938879236,PRIOR_AUTH,1,0,0.0,0,1,0,0,0,0,0,14.68,14.68,100.0,LOW-RISK PROVIDER PATTERN,NORMAL,Empirical claim denial rate = 100.0%
1424629502,PHARMACY_CLAIM,1,0,0.0,0,0,0,0,0,0,0,14.67,14.67,0.0,LOW-RISK PROVIDER PATTERN,NORMAL,No suspicious patterns identified
1740513928,MEDICAL_CLAIM,6,1,16.67,0,0,3,0,0,0,0,14.66,26.68,0.0,HIGH-RISK PROVIDER PATTERN,PROVIDER REQUIRING REVIEW,16.7% flagged records
1093259681,MEDICAL_CLAIM,1,0,0.0,0,0,0,0,0,0,0,14.66,14.66,0.0,LOW-RISK PROVIDER PATTERN,NORMAL,No suspicious patterns identified
1133989938,PRIOR_AUTH,1,0,0.0,0,0,1,0,0,0,0,14.66,14.66,0.0,LOW-RISK PROVIDER PATTERN,NORMAL,No suspicious patterns identified
1227138271,PRIOR_AUTH,1,0,0.0,0,1,0,0,0,0,0,14.66,14.66,0.0,LOW-RISK PROVIDER PATTERN,NORMAL,No suspicious patterns identified
1327135660,PHARMACY_CLAIM,1,0,0.0,0,0,0,0,0,0,0,14.66,14.66,0.0,LOW-RISK PROVIDER PATTERN,NORMAL,No suspicious patterns identified
1627578658,PHARMACY_CLAIM,1,0,0.0,0,0,0,0,0,0,0,14.63,14.63,0.0,LOW-RISK PROVIDER PATTERN,NORMAL,No suspicious patterns identified
1790584436,PHARMACY_CLAIM,1,0,0.0,0,0,1,0,0,0,0,14.63,14.63,0.0,LOW-RISK PROVIDER PATTERN,NORMAL,No suspicious patterns identified
1331179910,PHARMACY_CLAIM,1,0,0.0,0,0,0,0,0,0,0,14.62,14.62,0.0,LOW-RISK PROVIDER PATTERN,NORMAL,No suspicious patterns identified
1394866000,PHARMACY_CLAIM,1,0,0.0,0,0,1,0,0,0,0,14.62,14.62,0.0,LOW-RISK PROVIDER PATTERN,NORMAL,No suspicious patterns identified
1507021693,PHARMACY_CLAIM,1,0,0.0,0,0,1,0,0,0,0,14.62,14.62,0.0,LOW-RISK PROVIDER PATTERN,NORMAL,No suspicious patterns identified
1825357460,PRIOR_AUTH,1,0,0.0,0,1,0,0,0,0,0,14.61,14.61,0.0,LOW-RISK PROVIDER PATTERN,NORMAL,No suspicious patterns identified
1477519908,MEDICAL_CLAIM,3,0,0.0,0,1,1,0,0,0,0,14.6,22.77,0.0,LOW-RISK PROVIDER PATTERN,NORMAL,No suspicious patterns identified
1097916765,PHARMACY_CLAIM,1,0,0.0,0,0,0,0,0,0,0,14.59,14.59,0.0,LOW-RISK PROVIDER PATTERN,NORMAL,No suspicious patterns identified
1929305453,PRIOR_AUTH,1,0,0.0,0,1,0,0,0,0,0,14.58,14.58,100.0,LOW-RISK PROVIDER PATTERN,NORMAL,Empirical claim denial rate = 100.0%
1773904570,PHARMACY_CLAIM,1,0,0.0,0,0,0,0,0,0,0,14.57,14.57,0.0,LOW-RISK PROVIDER PATTERN,NORMAL,No suspicious patterns identified
1485063898,PRIOR_AUTH,1,0,0.0,0,1,0,0,0,0,0,14.56,14.56,100.0,LOW-RISK PROVIDER PATTERN,NORMAL,Empirical claim denial rate = 100.0%
1958871398,PRIOR_AUTH,1,0,0.0,0,0,1,0,0,0,0,14.56,14.56,0.0,LOW-RISK PROVIDER PATTERN,NORMAL,No suspicious patterns identified
1871083725,MEDICAL_CLAIM,3,0,0.0,0,0,1,0,0,0,0,14.55,22.56,0.0,LOW-RISK PROVIDER PATTERN,NORMAL,No suspicious patterns identified
1120134969,PRIOR_AUTH,1,0,0.0,0,0,1,0,0,0,0,14.5,14.5,0.0,LOW-RISK PROVIDER PATTERN,NORMAL,No suspicious patterns identified
1198351475,PRIOR_AUTH,1,0,0.0,0,1,0,0,0,0,0,14.5,14.5,0.0,LOW-RISK PROVIDER PATTERN,NORMAL,No suspicious patterns identified
1344881885,PRIOR_AUTH,1,0,0.0,0,0,1,0,0,0,0,14.5,14.5,0.0,LOW-RISK PROVIDER PATTERN,NORMAL,No suspicious patterns identified
1448973170,PHARMACY_CLAIM,1,0,0.0,0,0,0,0,0,0,0,14.5,14.5,0.0,LOW-RISK PROVIDER PATTERN,NORMAL,No suspicious patterns identified
1697296549,PHARMACY_CLAIM,1,0,0.0,0,0,1,0,0,0,0,14.5,14.5,0.0,LOW-RISK PROVIDER PATTERN,NORMAL,No suspicious patterns identified
1960655499,PRIOR_AUTH,1,0,0.0,0,0,1,0,0,0,0,14.5,14.5,0.0,LOW-RISK PROVIDER PATTERN,NORMAL,No suspicious patterns identified
1215182712,MEDICAL_CLAIM,2,1,50.0,0,0,1,0,0,0,0,14.49,28.16,0.0,HIGH-RISK PROVIDER PATTERN,PROVIDER REQUIRING REVIEW,50.0% flagged records
1941003661,PHARMACY_CLAIM,1,0,0.0,0,0,1,0,0,0,0,14.48,14.48,0.0,LOW-RISK PROVIDER PATTERN,NORMAL,No suspicious patterns identified
1114278009,MEDICAL_CLAIM,2,0,0.0,0,0,0,0,0,0,0,14.47,23.02,0.0,LOW-RISK PROVIDER PATTERN,NORMAL,No suspicious patterns identified
1278140635,PRIOR_AUTH,1,0,0.0,0,1,0,0,0,0,0,14.47,14.47,100.0,LOW-RISK PROVIDER PATTERN,NORMAL,Empirical claim denial rate = 100.0%
1384049598,PHARMACY_CLAIM,1,0,0.0,0,0,1,0,0,0,0,14.47,14.47,0.0,LOW-RISK PROVIDER PATTERN,NORMAL,No suspicious patterns identified
1566966931,PRIOR_AUTH,1,0,0.0,0,1,0,0,0,0,0,14.47,14.47,100.0,LOW-RISK PROVIDER PATTERN,NORMAL,Empirical claim denial rate = 100.0%
1911264960,PRIOR_AUTH,1,0,0.0,0,1,0,0,0,0,0,14.47,14.47,100.0,LOW-RISK PROVIDER PATTERN,NORMAL,Empirical claim denial rate = 100.0%
1574357812,PHARMACY_CLAIM,1,0,0.0,0,0,1,0,0,0,0,14.46,14.46,0.0,LOW-RISK PROVIDER PATTERN,NORMAL,No suspicious patterns identified
1281266355,PRIOR_AUTH,1,0,0.0,0,1,0,0,0,0,0,14.45,14.45,100.0,LOW-RISK PROVIDER PATTERN,NORMAL,Empirical claim denial rate = 100.0%
1809864944,PHARMACY_CLAIM,1,0,0.0,0,0,1,0,0,0,0,14.44,14.44,0.0,LOW-RISK PROVIDER PATTERN,NORMAL,No suspicious patterns identified
1934201100,PRIOR_AUTH,1,0,0.0,0,1,0,0,0,0,0,14.43,14.43,0.0,LOW-RISK PROVIDER PATTERN,NORMAL,No suspicious patterns identified
1912170457,MEDICAL_CLAIM,4,0,0.0,0,1,1,0,0,0,0,14.42,22.57,0.0,LOW-RISK PROVIDER PATTERN,NORMAL,No suspicious patterns identified
1238027012,PHARMACY_CLAIM,1,0,0.0,0,0,0,0,0,0,0,14.42,14.42,0.0,LOW-RISK PROVIDER PATTERN,NORMAL,No suspicious patterns identified
1291738952,PHARMACY_CLAIM,1,0,0.0,0,0,1,0,0,0,0,14.42,14.42,0.0,LOW-RISK PROVIDER PATTERN,NORMAL,No suspicious patterns identified
1437303955,MEDICAL_CLAIM,1,0,0.0,0,1,0,0,0,0,0,14.42,14.42,0.0,LOW-RISK PROVIDER PATTERN,NORMAL,No suspicious patterns identified
1386708154,MEDICAL_CLAIM,6,1,16.67,0,3,1,0,0,0,0,14.41,30.24,0.0,HIGH-RISK PROVIDER PATTERN,PROVIDER REQUIRING REVIEW,16.7% flagged records
1675121899,PHARMACY_CLAIM,1,0,0.0,0,0,1,0,0,0,0,14.41,14.41,0.0,LOW-RISK PROVIDER PATTERN,NORMAL,No suspicious patterns identified
1295032803,MEDICAL_CLAIM,6,0,0.0,0,3,1,0,0,0,0,14.4,22.54,0.0,LOW-RISK PROVIDER PATTERN,NORMAL,No suspicious patterns identified
1092129424,PRIOR_AUTH,1,0,0.0,0,0,1,0,0,0,0,14.4,14.4,0.0,LOW-RISK PROVIDER PATTERN,NORMAL,No suspicious patterns identified
1579883596,PHARMACY_CLAIM,1,0,0.0,0,0,0,0,0,0,0,14.4,14.4,0.0,LOW-RISK PROVIDER PATTERN,NORMAL,No suspicious patterns identified
1441312601,PHARMACY_CLAIM,1,0,0.0,0,0,0,0,0,0,0,14.39,14.39,0.0,LOW-RISK PROVIDER PATTERN,NORMAL,No suspicious patterns identified
1009952131,PHARMACY_CLAIM,1,0,0.0,0,0,1,0,0,0,0,14.38,14.38,0.0,LOW-RISK PROVIDER PATTERN,NORMAL,No suspicious patterns identified
1148174657,PRIOR_AUTH,1,0,0.0,0,1,0,0,0,0,0,14.38,14.38,0.0,LOW-RISK PROVIDER PATTERN,NORMAL,No suspicious patterns identified
1912801297,PHARMACY_CLAIM,1,0,0.0,0,0,1,0,0,0,0,14.37,14.37,0.0,LOW-RISK PROVIDER PATTERN,NORMAL,No suspicious patterns identified
1314250212,PRIOR_AUTH,1,0,0.0,0,1,0,0,0,0,0,14.36,14.36,100.0,LOW-RISK PROVIDER PATTERN,NORMAL,Empirical claim denial rate = 100.0%
1317270953,PHARMACY_CLAIM,1,0,0.0,0,1,0,0,0,0,0,14.35,14.35,0.0,LOW-RISK PROVIDER PATTERN,NORMAL,No suspicious patterns identified
1906550763,PHARMACY_CLAIM,1,0,0.0,0,0,1,0,0,0,0,14.35,14.35,0.0,LOW-RISK PROVIDER PATTERN,NORMAL,No suspicious patterns identified
1249474062,PHARMACY_CLAIM,1,0,0.0,0,0,1,0,0,0,0,14.34,14.34,0.0,LOW-RISK PROVIDER PATTERN,NORMAL,No suspicious patterns identified
1332485126,PRIOR_AUTH,1,0,0.0,0,1,0,0,0,0,0,14.34,14.34,100.0,LOW-RISK PROVIDER PATTERN,NORMAL,Empirical claim denial rate = 100.0%
1338025566,PHARMACY_CLAIM,1,0,0.0,0,0,0,0,0,0,0,14.34,14.34,0.0,LOW-RISK PROVIDER PATTERN,NORMAL,No suspicious patterns identified
1709922727,PRIOR_AUTH,1,0,0.0,0,1,0,0,0,0,0,14.34,14.34,100.0,LOW-RISK PROVIDER PATTERN,NORMAL,Empirical claim denial rate = 100.0%
1524975943,PHARMACY_CLAIM,1,0,0.0,0,0,1,0,0,0,0,14.32,14.32,0.0,LOW-RISK PROVIDER PATTERN,NORMAL,No suspicious patterns identified
1094697428,PHARMACY_CLAIM,1,0,0.0,0,0,0,0,0,0,0,14.31,14.31,0.0,LOW-RISK PROVIDER PATTERN,NORMAL,No suspicious patterns identified
1555732294,PRIOR_AUTH,1,0,0.0,0,1,0,0,0,0,0,14.31,14.31,0.0,LOW-RISK PROVIDER PATTERN,NORMAL,No suspicious patterns identified
1023920299,PHARMACY_CLAIM,1,0,0.0,0,1,0,0,0,0,0,14.3,14.3,0.0,LOW-RISK PROVIDER PATTERN,NORMAL,No suspicious patterns identified
1316930602,PHARMACY_CLAIM,1,0,0.0,0,0,1,0,0,0,0,14.29,14.29,0.0,LOW-RISK PROVIDER PATTERN,NORMAL,No suspicious patterns identified
1996168773,PHARMACY_CLAIM,1,0,0.0,0,0,1,0,0,0,0,14.28,14.28,0.0,LOW-RISK PROVIDER PATTERN,NORMAL,No suspicious patterns identified
1010692368,PRIOR_AUTH,1,0,0.0,0,1,0,0,0,0,0,14.27,14.27,0.0,LOW-RISK PROVIDER PATTERN,NORMAL,No suspicious patterns identified
1357943111,PRIOR_AUTH,1,0,0.0,0,1,0,0,0,0,0,14.27,14.27,0.0,LOW-RISK PROVIDER PATTERN,NORMAL,No suspicious patterns identified
1127590957,PHARMACY_CLAIM,1,0,0.0,0,0,1,0,0,0,0,14.26,14.26,0.0,LOW-RISK PROVIDER PATTERN,NORMAL,No suspicious patterns identified
1936927837,PHARMACY_CLAIM,1,0,0.0,0,0,0,0,0,0,0,14.26,14.26,0.0,LOW-RISK PROVIDER PATTERN,NORMAL,No suspicious patterns identified
1376159236,MEDICAL_CLAIM,2,0,0.0,0,0,1,0,0,0,0,14.25,23.17,0.0,LOW-RISK PROVIDER PATTERN,NORMAL,No suspicious patterns identified
1542956794,PHARMACY_CLAIM,1,0,0.0,0,0,1,0,0,0,0,14.25,14.25,0.0,LOW-RISK PROVIDER PATTERN,NORMAL,No suspicious patterns identified
1487869467,MEDICAL_CLAIM,1,0,0.0,0,0,0,0,0,0,0,14.24,14.24,0.0,LOW-RISK PROVIDER PATTERN,NORMAL,No suspicious patterns identified
1213433345,PHARMACY_CLAIM,1,0,0.0,0,0,0,0,0,0,0,14.23,14.23,0.0,LOW-RISK PROVIDER PATTERN,NORMAL,No suspicious patterns identified
1554331786,PRIOR_AUTH,1,0,0.0,0,1,0,0,0,0,0,14.22,14.22,100.0,LOW-RISK PROVIDER PATTERN,NORMAL,Empirical claim denial rate = 100.0%
1723817137,PHARMACY_CLAIM,1,0,0.0,0,0,1,0,0,0,0,14.22,14.22,0.0,LOW-RISK PROVIDER PATTERN,NORMAL,No suspicious patterns identified
1246354029,PRIOR_AUTH,1,0,0.0,0,1,0,0,0,0,0,14.21,14.21,0.0,LOW-RISK PROVIDER PATTERN,NORMAL,No suspicious patterns identified
1483030141,PHARMACY_CLAIM,1,0,0.0,0,0,0,0,0,0,0,14.21,14.21,0.0,LOW-RISK PROVIDER PATTERN,NORMAL,No suspicious patterns identified
1499160807,PHARMACY_CLAIM,1,0,0.0,0,0,1,0,0,0,0,14.21,14.21,0.0,LOW-RISK PROVIDER PATTERN,NORMAL,No suspicious patterns identified
1899311568,PHARMACY_CLAIM,1,0,0.0,0,0,1,0,0,0,0,14.21,14.21,0.0,LOW-RISK PROVIDER PATTERN,NORMAL,No suspicious patterns identified
1102912542,PHARMACY_CLAIM,1,0,0.0,0,1,0,0,0,0,0,14.2,14.2,0.0,LOW-RISK PROVIDER PATTERN,NORMAL,No suspicious patterns identified
1325547239,PHARMACY_CLAIM,1,0,0.0,0,0,1,0,0,0,0,14.2,14.2,0.0,LOW-RISK PROVIDER PATTERN,NORMAL,No suspicious patterns identified
1384851537,PHARMACY_CLAIM,1,0,0.0,0,0,0,0,0,0,0,14.18,14.18,0.0,LOW-RISK PROVIDER PATTERN,NORMAL,No suspicious patterns identified
1053582098,MEDICAL_CLAIM,3,0,0.0,0,1,1,0,0,0,0,14.17,23.76,0.0,LOW-RISK PROVIDER PATTERN,NORMAL,No suspicious patterns identified
1439432127,PHARMACY_CLAIM,1,0,0.0,0,0,1,0,0,0,0,14.17,14.17,0.0,LOW-RISK PROVIDER PATTERN,NORMAL,No suspicious patterns identified
1289946978,PRIOR_AUTH,1,0,0.0,0,0,1,0,0,0,0,14.16,14.16,0.0,LOW-RISK PROVIDER PATTERN,NORMAL,No suspicious patterns identified
1518935220,MEDICAL_CLAIM,2,1,50.0,0,0,1,0,0,0,0,14.12,25.39,0.0,HIGH-RISK PROVIDER PATTERN,PROVIDER REQUIRING REVIEW,50.0% flagged records
1976705772,PRIOR_AUTH,1,0,0.0,0,1,0,0,0,0,0,14.12,14.12,0.0,LOW-RISK PROVIDER PATTERN,NORMAL,No suspicious patterns identified
1204108716,PRIOR_AUTH,1,0,0.0,0,1,0,0,0,0,0,14.11,14.11,0.0,LOW-RISK PROVIDER PATTERN,NORMAL,No suspicious patterns identified
1503193375,PRIOR_AUTH,1,0,0.0,0,0,1,0,0,0,0,14.11,14.11,0.0,LOW-RISK PROVIDER PATTERN,NORMAL,No suspicious patterns identified
1504956196,PRIOR_AUTH,1,0,0.0,0,0,1,0,0,0,0,14.11,14.11,0.0,LOW-RISK PROVIDER PATTERN,NORMAL,No suspicious patterns identified
1957370912,PHARMACY_CLAIM,1,0,0.0,0,0,0,0,0,0,0,14.11,14.11,0.0,LOW-RISK PROVIDER PATTERN,NORMAL,No suspicious patterns identified
1117813573,PHARMACY_CLAIM,1,0,0.0,0,0,1,0,0,0,0,14.1,14.1,0.0,LOW-RISK PROVIDER PATTERN,NORMAL,No suspicious patterns identified
1914469358,PRIOR_AUTH,1,0,0.0,0,1,0,0,0,0,0,14.1,14.1,0.0,LOW-RISK PROVIDER PATTERN,NORMAL,No suspicious patterns identified
1393027849,PRIOR_AUTH,1,0,0.0,0,1,0,0,0,0,0,14.07,14.07,0.0,LOW-RISK PROVIDER PATTERN,NORMAL,No suspicious patterns identified
1638093270,PHARMACY_CLAIM,1,0,0.0,0,0,0,0,0,0,0,14.07,14.07,0.0,LOW-RISK PROVIDER PATTERN,NORMAL,No suspicious patterns identified
1702434742,PHARMACY_CLAIM,1,0,0.0,0,0,1,0,0,0,0,14.07,14.07,0.0,LOW-RISK PROVIDER PATTERN,NORMAL,No suspicious patterns identified
1188249218,PHARMACY_CLAIM,1,0,0.0,0,0,0,0,0,0,0,14.06,14.06,0.0,LOW-RISK PROVIDER PATTERN,NORMAL,No suspicious patterns identified
1926679707,PHARMACY_CLAIM,1,0,0.0,0,0,1,0,0,0,0,14.06,14.06,0.0,LOW-RISK PROVIDER PATTERN,NORMAL,No suspicious patterns identified
1145393560,PHARMACY_CLAIM,1,0,0.0,0,0,0,0,0,0,0,14.03,14.03,0.0,LOW-RISK PROVIDER PATTERN,NORMAL,No suspicious patterns identified
1841598919,MEDICAL_CLAIM,2,0,0.0,0,0,0,0,0,0,0,14.02,14.02,0.0,LOW-RISK PROVIDER PATTERN,NORMAL,No suspicious patterns identified
1377865936,PRIOR_AUTH,1,0,0.0,0,1,0,0,0,0,0,14.02,14.02,0.0,LOW-RISK PROVIDER PATTERN,NORMAL,No suspicious patterns identified
1805385243,PRIOR_AUTH,1,0,0.0,0,1,0,0,0,0,0,14.02,14.02,0.0,LOW-RISK PROVIDER PATTERN,NORMAL,No suspicious patterns identified
1981203898,PHARMACY_CLAIM,1,0,0.0,0,0,1,0,0,0,0,14.02,14.02,0.0,LOW-RISK PROVIDER PATTERN,NORMAL,No suspicious patterns identified
1337947461,PHARMACY_CLAIM,1,0,0.0,0,0,0,0,0,0,0,14.01,14.01,0.0,LOW-RISK PROVIDER PATTERN,NORMAL,No suspicious patterns identified
1094889640,PHARMACY_CLAIM,1,0,0.0,0,0,1,0,0,0,0,13.99,13.99,0.0,LOW-RISK PROVIDER PATTERN,NORMAL,No suspicious patterns identified
1463142373,PHARMACY_CLAIM,1,0,0.0,0,0,1,0,0,0,0,13.96,13.96,0.0,LOW-RISK PROVIDER PATTERN,NORMAL,No suspicious patterns identified
1762807854,PHARMACY_CLAIM,1,0,0.0,0,0,1,0,0,0,0,13.96,13.96,0.0,LOW-RISK PROVIDER PATTERN,NORMAL,No suspicious patterns identified
1993296497,PHARMACY_CLAIM,1,0,0.0,0,0,1,0,0,0,0,13.95,13.95,0.0,LOW-RISK PROVIDER PATTERN,NORMAL,No suspicious patterns identified
1295286045,MEDICAL_CLAIM,3,0,0.0,0,1,1,0,0,0,0,13.94,24.79,0.0,LOW-RISK PROVIDER PATTERN,NORMAL,No suspicious patterns identified
1904646107,PHARMACY_CLAIM,1,0,0.0,0,0,1,0,0,0,0,13.94,13.94,0.0,LOW-RISK PROVIDER PATTERN,NORMAL,No suspicious patterns identified
1319088201,PHARMACY_CLAIM,1,0,0.0,0,0,1,0,0,0,0,13.93,13.93,0.0,LOW-RISK PROVIDER PATTERN,NORMAL,No suspicious patterns identified
1043510241,MEDICAL_CLAIM,4,1,25.0,0,0,2,0,0,0,0,13.92,25.21,0.0,HIGH-RISK PROVIDER PATTERN,PROVIDER REQUIRING REVIEW,25.0% flagged records
1480827858,PRIOR_AUTH,1,0,0.0,0,1,0,0,0,0,0,13.92,13.92,0.0,LOW-RISK PROVIDER PATTERN,NORMAL,No suspicious patterns identified
1862707265,PRIOR_AUTH,1,0,0.0,0,1,0,0,0,0,0,13.92,13.92,0.0,LOW-RISK PROVIDER PATTERN,NORMAL,No suspicious patterns identified
1405730364,PHARMACY_CLAIM,1,0,0.0,0,0,1,0,0,0,0,13.91,13.91,0.0,LOW-RISK PROVIDER PATTERN,NORMAL,No suspicious patterns identified
1225585383,MEDICAL_CLAIM,1,0,0.0,0,0,0,0,0,0,0,13.87,13.87,0.0,LOW-RISK PROVIDER PATTERN,NORMAL,No suspicious patterns identified
1358772164,PRIOR_AUTH,1,0,0.0,0,1,0,0,0,0,0,13.87,13.87,0.0,LOW-RISK PROVIDER PATTERN,NORMAL,No suspicious patterns identified
1706153462,PHARMACY_CLAIM,1,0,0.0,0,0,1,0,0,0,0,13.87,13.87,0.0,LOW-RISK PROVIDER PATTERN,NORMAL,No suspicious patterns identified
1771980517,PRIOR_AUTH,1,0,0.0,0,1,0,0,0,0,0,13.87,13.87,0.0,LOW-RISK PROVIDER PATTERN,NORMAL,No suspicious patterns identified
1028834868,PHARMACY_CLAIM,1,0,0.0,0,0,1,0,0,0,0,13.86,13.86,0.0,LOW-RISK PROVIDER PATTERN,NORMAL,No suspicious patterns identified
1084171617,PHARMACY_CLAIM,1,0,0.0,0,0,1,0,0,0,0,13.85,13.85,0.0,LOW-RISK PROVIDER PATTERN,NORMAL,No suspicious patterns identified
1455516926,PHARMACY_CLAIM,1,0,0.0,0,0,0,0,0,0,0,13.85,13.85,0.0,LOW-RISK PROVIDER PATTERN,NORMAL,No suspicious patterns identified
1773254593,PHARMACY_CLAIM,1,0,0.0,0,0,1,0,0,0,0,13.85,13.85,0.0,LOW-RISK PROVIDER PATTERN,NORMAL,No suspicious patterns identified
1275751448,MEDICAL_CLAIM,1,0,0.0,0,0,0,0,0,0,0,13.82,13.82,0.0,LOW-RISK PROVIDER PATTERN,NORMAL,No suspicious patterns identified
1640842964,PRIOR_AUTH,1,0,0.0,0,0,0,0,0,0,0,13.82,13.82,0.0,LOW-RISK PROVIDER PATTERN,NORMAL,No suspicious patterns identified
1185367067,PHARMACY_CLAIM,1,0,0.0,0,0,1,0,0,0,0,13.81,13.81,0.0,LOW-RISK PROVIDER PATTERN,NORMAL,No suspicious patterns identified
1725695034,PRIOR_AUTH,1,0,0.0,0,1,0,0,0,0,0,13.81,13.81,0.0,LOW-RISK PROVIDER PATTERN,NORMAL,No suspicious patterns identified
1391323572,PHARMACY_CLAIM,1,0,0.0,0,0,1,0,0,0,0,13.8,13.8,0.0,LOW-RISK PROVIDER PATTERN,NORMAL,No suspicious patterns identified
1497786818,MEDICAL_CLAIM,1,0,0.0,0,1,0,0,0,0,0,13.8,13.8,0.0,LOW-RISK PROVIDER PATTERN,NORMAL,No suspicious patterns identified
1612187211,PHARMACY_CLAIM,1,0,0.0,0,0,1,0,0,0,0,13.78,13.78,0.0,LOW-RISK PROVIDER PATTERN,NORMAL,No suspicious patterns identified
1336231091,MEDICAL_CLAIM,2,0,0.0,0,0,1,0,0,0,0,13.77,23.31,0.0,LOW-RISK PROVIDER PATTERN,NORMAL,No suspicious patterns identified
1890755702,PHARMACY_CLAIM,1,0,0.0,0,0,1,0,0,0,0,13.77,13.77,0.0,LOW-RISK PROVIDER PATTERN,NORMAL,No suspicious patterns identified
1215364682,MEDICAL_CLAIM,3,1,33.33,0,0,1,0,0,0,0,13.75,26.84,0.0,HIGH-RISK PROVIDER PATTERN,PROVIDER REQUIRING REVIEW,33.3% flagged records
1228932995,PHARMACY_CLAIM,1,0,0.0,0,0,1,0,0,0,0,13.75,13.75,0.0,LOW-RISK PROVIDER PATTERN,NORMAL,No suspicious patterns identified
1689130338,MEDICAL_CLAIM,1,0,0.0,0,0,0,0,0,0,0,13.75,13.75,0.0,LOW-RISK PROVIDER PATTERN,NORMAL,No suspicious patterns identified
1308384167,PHARMACY_CLAIM,1,0,0.0,0,0,0,0,0,0,0,13.71,13.71,0.0,LOW-RISK PROVIDER PATTERN,NORMAL,No suspicious patterns identified
1542894089,PHARMACY_CLAIM,1,0,0.0,0,0,1,0,0,0,0,13.71,13.71,0.0,LOW-RISK PROVIDER PATTERN,NORMAL,No suspicious patterns identified
1002338266,PHARMACY_CLAIM,1,0,0.0,0,0,0,0,0,0,0,13.7,13.7,0.0,LOW-RISK PROVIDER PATTERN,NORMAL,No suspicious patterns identified
1104860808,MEDICAL_CLAIM,1,0,0.0,0,1,0,0,0,0,0,13.7,13.7,0.0,LOW-RISK PROVIDER PATTERN,NORMAL,No suspicious patterns identified
1540114489,PHARMACY_CLAIM,1,0,0.0,0,0,1,0,0,0,0,13.7,13.7,0.0,LOW-RISK PROVIDER PATTERN,NORMAL,No suspicious patterns identified
1160592305,PHARMACY_CLAIM,1,0,0.0,0,0,0,0,0,0,0,13.68,13.68,0.0,LOW-RISK PROVIDER PATTERN,NORMAL,No suspicious patterns identified
1119832998,PHARMACY_CLAIM,1,0,0.0,0,0,1,0,0,0,0,13.66,13.66,0.0,LOW-RISK PROVIDER PATTERN,NORMAL,No suspicious patterns identified
1227223980,PHARMACY_CLAIM,1,0,0.0,0,0,1,0,0,0,0,13.65,13.65,0.0,LOW-RISK PROVIDER PATTERN,NORMAL,No suspicious patterns identified
1374293138,PHARMACY_CLAIM,1,0,0.0,0,0,0,0,0,0,0,13.65,13.65,0.0,LOW-RISK PROVIDER PATTERN,NORMAL,No suspicious patterns identified
1790723633,MEDICAL_CLAIM,3,0,0.0,0,1,1,0,0,0,0,13.64,24.23,0.0,LOW-RISK PROVIDER PATTERN,NORMAL,No suspicious patterns identified
1015948960,PHARMACY_CLAIM,1,0,0.0,0,0,1,0,0,0,0,13.63,13.63,0.0,LOW-RISK PROVIDER PATTERN,NORMAL,No suspicious patterns identified
1064402619,PRIOR_AUTH,1,0,0.0,0,0,1,0,0,0,0,13.63,13.63,0.0,LOW-RISK PROVIDER PATTERN,NORMAL,No suspicious patterns identified
1380758743,PHARMACY_CLAIM,1,0,0.0,0,0,0,0,0,0,0,13.63,13.63,0.0,LOW-RISK PROVIDER PATTERN,NORMAL,No suspicious patterns identified
1902885676,PRIOR_AUTH,1,0,0.0,0,0,1,0,0,0,0,13.63,13.63,0.0,LOW-RISK PROVIDER PATTERN,NORMAL,No suspicious patterns identified
1186426944,PRIOR_AUTH,1,0,0.0,0,1,0,0,0,0,0,13.62,13.62,0.0,LOW-RISK PROVIDER PATTERN,NORMAL,No suspicious patterns identified
1401562924,PHARMACY_CLAIM,1,0,0.0,0,0,1,0,0,0,0,13.6,13.6,0.0,LOW-RISK PROVIDER PATTERN,NORMAL,No suspicious patterns identified
1520370764,PHARMACY_CLAIM,1,0,0.0,0,0,1,0,0,0,0,13.6,13.6,0.0,LOW-RISK PROVIDER PATTERN,NORMAL,No suspicious patterns identified
1665608955,PHARMACY_CLAIM,1,0,0.0,0,0,0,0,0,0,0,13.6,13.6,0.0,LOW-RISK PROVIDER PATTERN,NORMAL,No suspicious patterns identified
1558797266,MEDICAL_CLAIM,3,0,0.0,0,1,1,0,0,0,0,13.59,23.48,0.0,LOW-RISK PROVIDER PATTERN,NORMAL,No suspicious patterns identified
1778652699,PHARMACY_CLAIM,1,0,0.0,0,0,0,0,0,0,0,13.59,13.59,0.0,LOW-RISK PROVIDER PATTERN,NORMAL,No suspicious patterns identified
1715374006,PHARMACY_CLAIM,1,0,0.0,0,0,0,0,0,0,0,13.57,13.57,0.0,LOW-RISK PROVIDER PATTERN,NORMAL,No suspicious patterns identified
1131985647,PHARMACY_CLAIM,1,0,0.0,0,1,0,0,0,0,0,13.55,13.55,0.0,LOW-RISK PROVIDER PATTERN,NORMAL,No suspicious patterns identified
1369828974,PHARMACY_CLAIM,1,0,0.0,0,0,1,0,0,0,0,13.55,13.55,0.0,LOW-RISK PROVIDER PATTERN,NORMAL,No suspicious patterns identified
1144692674,MEDICAL_CLAIM,7,1,14.29,0,2,1,0,0,0,0,13.54,38.39,0.0,HIGH-RISK PROVIDER PATTERN,PROVIDER REQUIRING REVIEW,14.3% flagged records
1580142299,PHARMACY_CLAIM,1,0,0.0,0,0,0,0,0,0,0,13.54,13.54,0.0,LOW-RISK PROVIDER PATTERN,NORMAL,No suspicious patterns identified
1644343698,PHARMACY_CLAIM,1,0,0.0,0,0,1,0,0,0,0,13.5,13.5,0.0,LOW-RISK PROVIDER PATTERN,NORMAL,No suspicious patterns identified
1783020773,PHARMACY_CLAIM,1,0,0.0,0,0,1,0,0,0,0,13.49,13.49,0.0,LOW-RISK PROVIDER PATTERN,NORMAL,No suspicious patterns identified
1897034762,PHARMACY_CLAIM,1,0,0.0,0,0,0,0,0,0,0,13.48,13.48,0.0,LOW-RISK PROVIDER PATTERN,NORMAL,No suspicious patterns identified
1834107676,PHARMACY_CLAIM,1,0,0.0,0,0,0,0,0,0,0,13.44,13.44,0.0,LOW-RISK PROVIDER PATTERN,NORMAL,No suspicious patterns identified
1579251048,PHARMACY_CLAIM,1,0,0.0,0,0,1,0,0,0,0,13.43,13.43,0.0,LOW-RISK PROVIDER PATTERN,NORMAL,No suspicious patterns identified
1831151455,MEDICAL_CLAIM,1,0,0.0,0,1,0,0,0,0,0,13.43,13.43,0.0,LOW-RISK PROVIDER PATTERN,NORMAL,No suspicious patterns identified
1483518428,PHARMACY_CLAIM,1,0,0.0,0,0,1,0,0,0,0,13.4,13.4,0.0,LOW-RISK PROVIDER PATTERN,NORMAL,No suspicious patterns identified
1932450160,MEDICAL_CLAIM,1,0,0.0,0,0,0,0,0,0,0,13.4,13.4,0.0,LOW-RISK PROVIDER PATTERN,NORMAL,No suspicious patterns identified
1090982230,PHARMACY_CLAIM,1,0,0.0,0,0,0,0,0,0,0,13.39,13.39,0.0,LOW-RISK PROVIDER PATTERN,NORMAL,No suspicious patterns identified
1948305842,PHARMACY_CLAIM,1,0,0.0,0,0,1,0,0,0,0,13.39,13.39,0.0,LOW-RISK PROVIDER PATTERN,NORMAL,No suspicious patterns identified
1949365062,PRIOR_AUTH,1,0,0.0,0,0,1,0,0,0,0,13.39,13.39,0.0,LOW-RISK PROVIDER PATTERN,NORMAL,No suspicious patterns identified
1467027482,MEDICAL_CLAIM,2,1,50.0,0,1,0,0,0,0,0,13.38,25.86,0.0,HIGH-RISK PROVIDER PATTERN,PROVIDER REQUIRING REVIEW,50.0% flagged records
1773047001,PHARMACY_CLAIM,1,0,0.0,0,0,1,0,0,0,0,13.37,13.37,0.0,LOW-RISK PROVIDER PATTERN,NORMAL,No suspicious patterns identified
1113240164,PHARMACY_CLAIM,1,0,0.0,0,0,0,0,0,0,0,13.36,13.36,0.0,LOW-RISK PROVIDER PATTERN,NORMAL,No suspicious patterns identified
1156185648,PHARMACY_CLAIM,1,0,0.0,0,0,0,0,0,0,0,13.34,13.34,0.0,LOW-RISK PROVIDER PATTERN,NORMAL,No suspicious patterns identified
1462841457,PHARMACY_CLAIM,1,0,0.0,0,0,1,0,0,0,0,13.34,13.34,0.0,LOW-RISK PROVIDER PATTERN,NORMAL,No suspicious patterns identified
1669475166,MEDICAL_CLAIM,1,0,0.0,0,0,0,0,0,0,0,13.34,13.34,0.0,LOW-RISK PROVIDER PATTERN,NORMAL,No suspicious patterns identified
1625870717,PHARMACY_CLAIM,1,0,0.0,0,0,1,0,0,0,0,13.33,13.33,0.0,LOW-RISK PROVIDER PATTERN,NORMAL,No suspicious patterns identified
1633238599,PHARMACY_CLAIM,1,0,0.0,0,0,1,0,0,0,0,13.32,13.32,0.0,LOW-RISK PROVIDER PATTERN,NORMAL,No suspicious patterns identified
1441691701,PHARMACY_CLAIM,1,0,0.0,0,1,0,0,0,0,0,13.31,13.31,0.0,LOW-RISK PROVIDER PATTERN,NORMAL,No suspicious patterns identified
1809763077,PHARMACY_CLAIM,1,0,0.0,0,1,0,0,0,0,0,13.3,13.3,0.0,LOW-RISK PROVIDER PATTERN,NORMAL,No suspicious patterns identified
1057152467,PRIOR_AUTH,1,0,0.0,0,0,0,0,0,0,0,13.29,13.29,0.0,LOW-RISK PROVIDER PATTERN,NORMAL,No suspicious patterns identified
1469084398,PHARMACY_CLAIM,1,0,0.0,0,0,0,0,0,0,0,13.29,13.29,0.0,LOW-RISK PROVIDER PATTERN,NORMAL,No suspicious patterns identified
1517219639,PHARMACY_CLAIM,1,0,0.0,0,0,1,0,0,0,0,13.28,13.28,0.0,LOW-RISK PROVIDER PATTERN,NORMAL,No suspicious patterns identified
1816782189,PHARMACY_CLAIM,1,0,0.0,0,0,0,0,0,0,0,13.25,13.25,0.0,LOW-RISK PROVIDER PATTERN,NORMAL,No suspicious patterns identified
1970382155,PHARMACY_CLAIM,1,0,0.0,0,0,1,0,0,0,0,13.24,13.24,0.0,LOW-RISK PROVIDER PATTERN,NORMAL,No suspicious patterns identified
1033400205,MEDICAL_CLAIM,1,0,0.0,0,0,0,0,0,0,0,13.23,13.23,0.0,LOW-RISK PROVIDER PATTERN,NORMAL,No suspicious patterns identified
1970392409,PHARMACY_CLAIM,1,0,0.0,0,0,0,0,0,0,0,13.23,13.23,0.0,LOW-RISK PROVIDER PATTERN,NORMAL,No suspicious patterns identified
1049686752,PHARMACY_CLAIM,1,0,0.0,0,0,0,0,0,0,0,13.22,13.22,0.0,LOW-RISK PROVIDER PATTERN,NORMAL,No suspicious patterns identified
1551052397,PHARMACY_CLAIM,1,0,0.0,0,1,0,0,0,0,0,13.19,13.19,0.0,LOW-RISK PROVIDER PATTERN,NORMAL,No suspicious patterns identified
1403683105,PHARMACY_CLAIM,1,0,0.0,0,1,0,0,0,0,0,13.18,13.18,0.0,LOW-RISK PROVIDER PATTERN,NORMAL,No suspicious patterns identified
1099909680,PHARMACY_CLAIM,1,0,0.0,0,0,1,0,0,0,0,13.17,13.17,0.0,LOW-RISK PROVIDER PATTERN,NORMAL,No suspicious patterns identified
1003942972,PHARMACY_CLAIM,1,0,0.0,0,0,0,0,0,0,0,13.16,13.16,0.0,LOW-RISK PROVIDER PATTERN,NORMAL,No suspicious patterns identified
1461523380,PHARMACY_CLAIM,1,0,0.0,0,0,0,0,0,0,0,13.16,13.16,0.0,LOW-RISK PROVIDER PATTERN,NORMAL,No suspicious patterns identified
1779383795,PHARMACY_CLAIM,1,0,0.0,0,0,1,0,0,0,0,13.15,13.15,0.0,LOW-RISK PROVIDER PATTERN,NORMAL,No suspicious patterns identified
1075927714,PHARMACY_CLAIM,1,0,0.0,0,0,1,0,0,0,0,13.13,13.13,0.0,LOW-RISK PROVIDER PATTERN,NORMAL,No suspicious patterns identified
1947170860,PHARMACY_CLAIM,1,0,0.0,0,0,0,0,0,0,0,13.13,13.13,0.0,LOW-RISK PROVIDER PATTERN,NORMAL,No suspicious patterns identified
1602750102,PHARMACY_CLAIM,1,0,0.0,0,0,1,0,0,0,0,13.11,13.11,0.0,LOW-RISK PROVIDER PATTERN,NORMAL,No suspicious patterns identified
1784659052,PHARMACY_CLAIM,1,0,0.0,0,0,1,0,0,0,0,13.09,13.09,0.0,LOW-RISK PROVIDER PATTERN,NORMAL,No suspicious patterns identified
1679948319,MEDICAL_CLAIM,6,1,16.67,0,1,2,0,0,0,0,13.08,25.63,0.0,HIGH-RISK PROVIDER PATTERN,PROVIDER REQUIRING REVIEW,16.7% flagged records
1528390507,MEDICAL_CLAIM,1,0,0.0,0,0,0,0,0,0,0,13.07,13.07,0.0,LOW-RISK PROVIDER PATTERN,NORMAL,No suspicious patterns identified
1794885339,PHARMACY_CLAIM,1,0,0.0,0,0,0,0,0,0,0,13.07,13.07,0.0,LOW-RISK PROVIDER PATTERN,NORMAL,No suspicious patterns identified
1287905718,PRIOR_AUTH,1,0,0.0,0,0,0,0,0,0,0,13.06,13.06,0.0,LOW-RISK PROVIDER PATTERN,NORMAL,No suspicious patterns identified
1578539979,MEDICAL_CLAIM,1,0,0.0,0,0,0,0,0,0,0,13.06,13.06,0.0,LOW-RISK PROVIDER PATTERN,NORMAL,No suspicious patterns identified
1366630949,MEDICAL_CLAIM,2,0,0.0,0,1,0,0,0,0,0,13.04,18.36,0.0,LOW-RISK PROVIDER PATTERN,NORMAL,No suspicious patterns identified
1285293217,MEDICAL_CLAIM,1,0,0.0,0,0,0,0,0,0,0,13.04,13.04,0.0,LOW-RISK PROVIDER PATTERN,NORMAL,No suspicious patterns identified
1331375725,PHARMACY_CLAIM,1,0,0.0,0,0,1,0,0,0,0,13.04,13.04,0.0,LOW-RISK PROVIDER PATTERN,NORMAL,No suspicious patterns identified
1723145219,PHARMACY_CLAIM,1,0,0.0,0,0,1,0,0,0,0,13.04,13.04,0.0,LOW-RISK PROVIDER PATTERN,NORMAL,No suspicious patterns identified
1717139921,PHARMACY_CLAIM,1,0,0.0,0,0,0,0,0,0,0,13.03,13.03,0.0,LOW-RISK PROVIDER PATTERN,NORMAL,No suspicious patterns identified
1994199793,PHARMACY_CLAIM,1,0,0.0,0,0,1,0,0,0,0,13.02,13.02,0.0,LOW-RISK PROVIDER PATTERN,NORMAL,No suspicious patterns identified
1619232295,MEDICAL_CLAIM,2,0,0.0,0,2,0,0,0,0,0,13.01,13.01,0.0,LOW-RISK PROVIDER PATTERN,NORMAL,No suspicious patterns identified
1543606850,PHARMACY_CLAIM,1,0,0.0,0,0,0,0,0,0,0,13.0,13.0,0.0,LOW-RISK PROVIDER PATTERN,NORMAL,No suspicious patterns identified
1563857002,PHARMACY_CLAIM,1,0,0.0,0,0,1,0,0,0,0,12.99,12.99,0.0,LOW-RISK PROVIDER PATTERN,NORMAL,No suspicious patterns identified
1207267729,PHARMACY_CLAIM,1,0,0.0,0,0,0,0,0,0,0,12.98,12.98,0.0,LOW-RISK PROVIDER PATTERN,NORMAL,No suspicious patterns identified
1941913455,PHARMACY_CLAIM,1,0,0.0,0,0,1,0,0,0,0,12.98,12.98,0.0,LOW-RISK PROVIDER PATTERN,NORMAL,No suspicious patterns identified
1772649150,PHARMACY_CLAIM,1,0,0.0,0,0,1,0,0,0,0,12.97,12.97,0.0,LOW-RISK PROVIDER PATTERN,NORMAL,No suspicious patterns identified
1860193460,PHARMACY_CLAIM,1,0,0.0,0,0,0,0,0,0,0,12.94,12.94,0.0,LOW-RISK PROVIDER PATTERN,NORMAL,No suspicious patterns identified
1320792056,PHARMACY_CLAIM,1,0,0.0,0,0,0,0,0,0,0,12.93,12.93,0.0,LOW-RISK PROVIDER PATTERN,NORMAL,No suspicious patterns identified
1813953174,PHARMACY_CLAIM,1,0,0.0,0,0,1,0,0,0,0,12.93,12.93,0.0,LOW-RISK PROVIDER PATTERN,NORMAL,No suspicious patterns identified
1424657658,PHARMACY_CLAIM,1,0,0.0,0,0,1,0,0,0,0,12.91,12.91,0.0,LOW-RISK PROVIDER PATTERN,NORMAL,No suspicious patterns identified
1407171721,MEDICAL_CLAIM,2,0,0.0,0,0,0,0,0,0,0,12.89,23.38,0.0,LOW-RISK PROVIDER PATTERN,NORMAL,No suspicious patterns identified
1750310884,MEDICAL_CLAIM,2,0,0.0,0,1,0,0,0,0,0,12.89,19.5,0.0,LOW-RISK PROVIDER PATTERN,NORMAL,No suspicious patterns identified
1870737834,PHARMACY_CLAIM,1,0,0.0,0,0,1,0,0,0,0,12.89,12.89,0.0,LOW-RISK PROVIDER PATTERN,NORMAL,No suspicious patterns identified
1114829150,PHARMACY_CLAIM,1,0,0.0,0,0,0,0,0,0,0,12.88,12.88,0.0,LOW-RISK PROVIDER PATTERN,NORMAL,No suspicious patterns identified
1816264140,PHARMACY_CLAIM,1,0,0.0,0,0,1,0,0,0,0,12.86,12.86,0.0,LOW-RISK PROVIDER PATTERN,NORMAL,No suspicious patterns identified
1834573290,PHARMACY_CLAIM,1,0,0.0,0,0,0,0,0,0,0,12.86,12.86,0.0,LOW-RISK PROVIDER PATTERN,NORMAL,No suspicious patterns identified
1093054447,MEDICAL_CLAIM,1,0,0.0,0,1,0,0,0,0,0,12.85,12.85,0.0,LOW-RISK PROVIDER PATTERN,NORMAL,No suspicious patterns identified
1332700572,PHARMACY_CLAIM,1,0,0.0,0,0,1,0,0,0,0,12.84,12.84,0.0,LOW-RISK PROVIDER PATTERN,NORMAL,No suspicious patterns identified
1551355445,PHARMACY_CLAIM,1,0,0.0,0,0,0,0,0,0,0,12.84,12.84,0.0,LOW-RISK PROVIDER PATTERN,NORMAL,No suspicious patterns identified
1407415157,PHARMACY_CLAIM,1,0,0.0,0,0,0,0,0,0,0,12.83,12.83,0.0,LOW-RISK PROVIDER PATTERN,NORMAL,No suspicious patterns identified
1567124873,PHARMACY_CLAIM,1,0,0.0,0,0,1,0,0,0,0,12.83,12.83,0.0,LOW-RISK PROVIDER PATTERN,NORMAL,No suspicious patterns identified
1581053236,PHARMACY_CLAIM,1,0,0.0,0,0,0,0,0,0,0,12.83,12.83,0.0,LOW-RISK PROVIDER PATTERN,NORMAL,No suspicious patterns identified
1770277499,PHARMACY_CLAIM,1,0,0.0,0,0,0,0,0,0,0,12.82,12.82,0.0,LOW-RISK PROVIDER PATTERN,NORMAL,No suspicious patterns identified
1195934780,PHARMACY_CLAIM,1,0,0.0,0,0,0,0,0,0,0,12.81,12.81,0.0,LOW-RISK PROVIDER PATTERN,NORMAL,No suspicious patterns identified
1930034633,PHARMACY_CLAIM,1,0,0.0,0,0,0,0,0,0,0,12.8,12.8,0.0,LOW-RISK PROVIDER PATTERN,NORMAL,No suspicious patterns identified
1284166521,PHARMACY_CLAIM,1,0,0.0,0,0,0,0,0,0,0,12.79,12.79,0.0,LOW-RISK PROVIDER PATTERN,NORMAL,No suspicious patterns identified
1435863970,PHARMACY_CLAIM,1,0,0.0,0,0,1,0,0,0,0,12.79,12.79,0.0,LOW-RISK PROVIDER PATTERN,NORMAL,No suspicious patterns identified
1558529206,MEDICAL_CLAIM,3,0,0.0,0,1,1,0,0,0,0,12.78,22.47,0.0,LOW-RISK PROVIDER PATTERN,NORMAL,No suspicious patterns identified
1718181987,PHARMACY_CLAIM,1,0,0.0,0,0,1,0,0,0,0,12.77,12.77,0.0,LOW-RISK PROVIDER PATTERN,NORMAL,No suspicious patterns identified
1206488249,PHARMACY_CLAIM,1,0,0.0,0,0,1,0,0,0,0,12.76,12.76,0.0,LOW-RISK PROVIDER PATTERN,NORMAL,No suspicious patterns identified
1521719710,PHARMACY_CLAIM,1,0,0.0,0,0,0,0,0,0,0,12.76,12.76,0.0,LOW-RISK PROVIDER PATTERN,NORMAL,No suspicious patterns identified
1158234003,PHARMACY_CLAIM,1,0,0.0,0,0,0,0,0,0,0,12.75,12.75,0.0,LOW-RISK PROVIDER PATTERN,NORMAL,No suspicious patterns identified
1083606495,MEDICAL_CLAIM,1,0,0.0,0,1,0,0,0,0,0,12.74,12.74,0.0,LOW-RISK PROVIDER PATTERN,NORMAL,No suspicious patterns identified
1126416457,PHARMACY_CLAIM,1,0,0.0,0,0,1,0,0,0,0,12.73,12.73,0.0,LOW-RISK PROVIDER PATTERN,NORMAL,No suspicious patterns identified
1023271855,MEDICAL_CLAIM,3,1,33.33,0,0,1,0,0,0,0,12.72,26.8,0.0,HIGH-RISK PROVIDER PATTERN,PROVIDER REQUIRING REVIEW,33.3% flagged records
1184372730,PHARMACY_CLAIM,1,0,0.0,0,0,1,0,0,0,0,12.71,12.71,0.0,LOW-RISK PROVIDER PATTERN,NORMAL,No suspicious patterns identified
1098220355,PHARMACY_CLAIM,1,0,0.0,0,0,1,0,0,0,0,12.69,12.69,0.0,LOW-RISK PROVIDER PATTERN,NORMAL,No suspicious patterns identified
1971632094,PHARMACY_CLAIM,1,0,0.0,0,0,0,0,0,0,0,12.68,12.68,0.0,LOW-RISK PROVIDER PATTERN,NORMAL,No suspicious patterns identified
1992692877,PHARMACY_CLAIM,1,0,0.0,0,0,0,0,0,0,0,12.68,12.68,0.0,LOW-RISK PROVIDER PATTERN,NORMAL,No suspicious patterns identified
1151021081,PHARMACY_CLAIM,1,0,0.0,0,0,1,0,0,0,0,12.66,12.66,0.0,LOW-RISK PROVIDER PATTERN,NORMAL,No suspicious patterns identified
1357088679,PHARMACY_CLAIM,1,0,0.0,0,0,1,0,0,0,0,12.65,12.65,0.0,LOW-RISK PROVIDER PATTERN,NORMAL,No suspicious patterns identified
1632806934,PHARMACY_CLAIM,1,0,0.0,0,0,1,0,0,0,0,12.64,12.64,0.0,LOW-RISK PROVIDER PATTERN,NORMAL,No suspicious patterns identified
1522575663,PHARMACY_CLAIM,1,0,0.0,0,0,0,0,0,0,0,12.63,12.63,0.0,LOW-RISK PROVIDER PATTERN,NORMAL,No suspicious patterns identified
1832904495,PHARMACY_CLAIM,1,0,0.0,0,1,0,0,0,0,0,12.62,12.62,0.0,LOW-RISK PROVIDER PATTERN,NORMAL,No suspicious patterns identified
1897281754,PHARMACY_CLAIM,1,0,0.0,0,0,0,0,0,0,0,12.62,12.62,0.0,LOW-RISK PROVIDER PATTERN,NORMAL,No suspicious patterns identified
1051626409,PHARMACY_CLAIM,1,0,0.0,0,0,0,0,0,0,0,12.6,12.6,0.0,LOW-RISK PROVIDER PATTERN,NORMAL,No suspicious patterns identified
1493037665,PHARMACY_CLAIM,1,0,0.0,0,0,1,0,0,0,0,12.6,12.6,0.0,LOW-RISK PROVIDER PATTERN,NORMAL,No suspicious patterns identified
1989131316,PHARMACY_CLAIM,1,0,0.0,0,0,0,0,0,0,0,12.6,12.6,0.0,LOW-RISK PROVIDER PATTERN,NORMAL,No suspicious patterns identified
1023629425,MEDICAL_CLAIM,1,0,0.0,0,0,0,0,0,0,0,12.59,12.59,0.0,LOW-RISK PROVIDER PATTERN,NORMAL,No suspicious patterns identified
1781201371,PHARMACY_CLAIM,1,0,0.0,0,0,1,0,0,0,0,12.58,12.58,0.0,LOW-RISK PROVIDER PATTERN,NORMAL,No suspicious patterns identified
1255880647,MEDICAL_CLAIM,2,0,0.0,0,0,1,0,0,0,0,12.57,22.9,0.0,LOW-RISK PROVIDER PATTERN,NORMAL,No suspicious patterns identified
1477890267,MEDICAL_CLAIM,2,0,0.0,0,0,1,0,0,0,0,12.55,22.2,0.0,LOW-RISK PROVIDER PATTERN,NORMAL,No suspicious patterns identified
1083213896,PHARMACY_CLAIM,1,0,0.0,0,0,0,0,0,0,0,12.55,12.55,0.0,LOW-RISK PROVIDER PATTERN,NORMAL,No suspicious patterns identified
1451240032,PHARMACY_CLAIM,1,0,0.0,0,1,0,0,0,0,0,12.55,12.55,0.0,LOW-RISK PROVIDER PATTERN,NORMAL,No suspicious patterns identified
1396267068,MEDICAL_CLAIM,1,0,0.0,0,0,0,0,0,0,0,12.54,12.54,0.0,LOW-RISK PROVIDER PATTERN,NORMAL,No suspicious patterns identified
1694776442,PHARMACY_CLAIM,1,0,0.0,0,0,0,0,0,0,0,12.54,12.54,0.0,LOW-RISK PROVIDER PATTERN,NORMAL,No suspicious patterns identified
1552425901,PHARMACY_CLAIM,1,0,0.0,0,0,1,0,0,0,0,12.53,12.53,0.0,LOW-RISK PROVIDER PATTERN,NORMAL,No suspicious patterns identified
1567703918,PHARMACY_CLAIM,1,0,0.0,0,0,1,0,0,0,0,12.53,12.53,0.0,LOW-RISK PROVIDER PATTERN,NORMAL,No suspicious patterns identified
1867582419,PHARMACY_CLAIM,1,0,0.0,0,0,0,0,0,0,0,12.52,12.52,0.0,LOW-RISK PROVIDER PATTERN,NORMAL,No suspicious patterns identified
1902921380,MEDICAL_CLAIM,2,0,0.0,0,0,0,0,0,0,0,12.51,20.38,0.0,LOW-RISK PROVIDER PATTERN,NORMAL,No suspicious patterns identified
1154794096,PHARMACY_CLAIM,1,0,0.0,0,0,1,0,0,0,0,12.51,12.51,0.0,LOW-RISK PROVIDER PATTERN,NORMAL,No suspicious patterns identified
1694576697,PHARMACY_CLAIM,1,0,0.0,0,1,0,0,0,0,0,12.51,12.51,0.0,LOW-RISK PROVIDER PATTERN,NORMAL,No suspicious patterns identified
1609164391,PHARMACY_CLAIM,1,0,0.0,0,0,0,0,0,0,0,12.49,12.49,0.0,LOW-RISK PROVIDER PATTERN,NORMAL,No suspicious patterns identified
1184644174,PHARMACY_CLAIM,1,0,0.0,0,0,1,0,0,0,0,12.48,12.48,0.0,LOW-RISK PROVIDER PATTERN,NORMAL,No suspicious patterns identified
1880797333,PHARMACY_CLAIM,1,0,0.0,0,0,0,0,0,0,0,12.47,12.47,0.0,LOW-RISK PROVIDER PATTERN,NORMAL,No suspicious patterns identified
1437624260,PHARMACY_CLAIM,1,0,0.0,0,0,0,0,0,0,0,12.46,12.46,0.0,LOW-RISK PROVIDER PATTERN,NORMAL,No suspicious patterns identified
1730253626,MEDICAL_CLAIM,3,1,33.33,0,0,1,0,0,0,0,12.44,35.07,0.0,HIGH-RISK PROVIDER PATTERN,PROVIDER REQUIRING REVIEW,33.3% flagged records
1655497699,PHARMACY_CLAIM,1,0,0.0,0,0,0,0,0,0,0,12.44,12.44,0.0,LOW-RISK PROVIDER PATTERN,NORMAL,No suspicious patterns identified
1258704751,PHARMACY_CLAIM,1,0,0.0,0,0,0,0,0,0,0,12.43,12.43,0.0,LOW-RISK PROVIDER PATTERN,NORMAL,No suspicious patterns identified
1770076544,PHARMACY_CLAIM,1,0,0.0,0,0,0,0,0,0,0,12.43,12.43,0.0,LOW-RISK PROVIDER PATTERN,NORMAL,No suspicious patterns identified
1014459790,PHARMACY_CLAIM,1,0,0.0,0,0,0,0,0,0,0,12.42,12.42,0.0,LOW-RISK PROVIDER PATTERN,NORMAL,No suspicious patterns identified
1885819844,PHARMACY_CLAIM,1,0,0.0,0,0,1,0,0,0,0,12.4,12.4,0.0,LOW-RISK PROVIDER PATTERN,NORMAL,No suspicious patterns identified
1922230962,PHARMACY_CLAIM,1,0,0.0,0,0,1,0,0,0,0,12.39,12.39,0.0,LOW-RISK PROVIDER PATTERN,NORMAL,No suspicious patterns identified
1548634991,MEDICAL_CLAIM,5,1,20.0,0,2,1,0,0,0,0,12.38,29.63,0.0,HIGH-RISK PROVIDER PATTERN,PROVIDER REQUIRING REVIEW,20.0% flagged records
1392648227,PHARMACY_CLAIM,1,0,0.0,0,0,0,0,0,0,0,12.37,12.37,0.0,LOW-RISK PROVIDER PATTERN,NORMAL,No suspicious patterns identified
1826152760,PHARMACY_CLAIM,1,0,0.0,0,0,0,0,0,0,0,12.35,12.35,0.0,LOW-RISK PROVIDER PATTERN,NORMAL,No suspicious patterns identified
1236459608,PRIOR_AUTH,1,0,0.0,0,0,0,0,0,0,0,12.34,12.34,0.0,LOW-RISK PROVIDER PATTERN,NORMAL,No suspicious patterns identified
1535148912,PHARMACY_CLAIM,1,0,0.0,0,0,1,0,0,0,0,12.34,12.34,0.0,LOW-RISK PROVIDER PATTERN,NORMAL,No suspicious patterns identified
1619795141,PHARMACY_CLAIM,1,0,0.0,0,0,1,0,0,0,0,12.33,12.33,0.0,LOW-RISK PROVIDER PATTERN,NORMAL,No suspicious patterns identified
1745876651,PHARMACY_CLAIM,1,0,0.0,0,0,0,0,0,0,0,12.33,12.33,0.0,LOW-RISK PROVIDER PATTERN,NORMAL,No suspicious patterns identified
1785279217,PHARMACY_CLAIM,1,0,0.0,0,0,0,0,0,0,0,12.32,12.32,0.0,LOW-RISK PROVIDER PATTERN,NORMAL,No suspicious patterns identified
1752015086,PHARMACY_CLAIM,1,0,0.0,0,0,0,0,0,0,0,12.31,12.31,0.0,LOW-RISK PROVIDER PATTERN,NORMAL,No suspicious patterns identified
1724106533,PHARMACY_CLAIM,1,0,0.0,0,0,0,0,0,0,0,12.3,12.3,0.0,LOW-RISK PROVIDER PATTERN,NORMAL,No suspicious patterns identified
1804001535,PRIOR_AUTH,1,0,0.0,0,0,0,0,0,0,0,12.3,12.3,0.0,LOW-RISK PROVIDER PATTERN,NORMAL,No suspicious patterns identified
1929535799,PHARMACY_CLAIM,1,0,0.0,0,0,1,0,0,0,0,12.3,12.3,0.0,LOW-RISK PROVIDER PATTERN,NORMAL,No suspicious patterns identified
1427384353,MEDICAL_CLAIM,3,0,0.0,0,3,0,0,0,0,0,12.29,15.78,0.0,LOW-RISK PROVIDER PATTERN,NORMAL,No suspicious patterns identified
1081193639,PHARMACY_CLAIM,1,0,0.0,0,0,1,0,0,0,0,12.28,12.28,0.0,LOW-RISK PROVIDER PATTERN,NORMAL,No suspicious patterns identified
1841457363,PHARMACY_CLAIM,1,0,0.0,0,0,0,0,0,0,0,12.27,12.27,0.0,LOW-RISK PROVIDER PATTERN,NORMAL,No suspicious patterns identified
1516887768,PHARMACY_CLAIM,1,0,0.0,0,0,0,0,0,0,0,12.25,12.25,0.0,LOW-RISK PROVIDER PATTERN,NORMAL,No suspicious patterns identified
1679455386,PHARMACY_CLAIM,1,0,0.0,0,0,1,0,0,0,0,12.25,12.25,0.0,LOW-RISK PROVIDER PATTERN,NORMAL,No suspicious patterns identified
1540163453,PRIOR_AUTH,1,0,0.0,0,0,0,0,0,0,0,12.24,12.24,0.0,LOW-RISK PROVIDER PATTERN,NORMAL,No suspicious patterns identified
1627016576,PHARMACY_CLAIM,1,0,0.0,0,0,1,0,0,0,0,12.24,12.24,0.0,LOW-RISK PROVIDER PATTERN,NORMAL,No suspicious patterns identified
1443806592,PHARMACY_CLAIM,1,0,0.0,0,0,1,0,0,0,0,12.23,12.23,0.0,LOW-RISK PROVIDER PATTERN,NORMAL,No suspicious patterns identified
1356682959,MEDICAL_CLAIM,5,0,0.0,0,1,2,0,0,0,0,12.22,22.5,0.0,LOW-RISK PROVIDER PATTERN,NORMAL,No suspicious patterns identified
1009044527,PHARMACY_CLAIM,1,0,0.0,0,0,1,0,0,0,0,12.19,12.19,0.0,LOW-RISK PROVIDER PATTERN,NORMAL,No suspicious patterns identified
1518129212,MEDICAL_CLAIM,1,0,0.0,0,1,0,0,0,0,0,12.18,12.18,0.0,LOW-RISK PROVIDER PATTERN,NORMAL,No suspicious patterns identified
1699785089,MEDICAL_CLAIM,1,0,0.0,0,0,0,0,0,0,0,12.18,12.18,0.0,LOW-RISK PROVIDER PATTERN,NORMAL,No suspicious patterns identified
1962287834,PHARMACY_CLAIM,1,0,0.0,0,0,1,0,0,0,0,12.18,12.18,0.0,LOW-RISK PROVIDER PATTERN,NORMAL,No suspicious patterns identified
1969324316,PHARMACY_CLAIM,1,0,0.0,0,0,0,0,0,0,0,12.17,12.17,0.0,LOW-RISK PROVIDER PATTERN,NORMAL,No suspicious patterns identified
1671098558,PHARMACY_CLAIM,1,0,0.0,0,0,1,0,0,0,0,12.16,12.16,0.0,LOW-RISK PROVIDER PATTERN,NORMAL,No suspicious patterns identified
1251882214,PHARMACY_CLAIM,1,0,0.0,0,0,1,0,0,0,0,12.15,12.15,0.0,LOW-RISK PROVIDER PATTERN,NORMAL,No suspicious patterns identified
1325587788,PHARMACY_CLAIM,1,0,0.0,0,0,1,0,0,0,0,12.14,12.14,0.0,LOW-RISK PROVIDER PATTERN,NORMAL,No suspicious patterns identified
1337724082,PHARMACY_CLAIM,1,0,0.0,0,0,0,0,0,0,0,12.14,12.14,0.0,LOW-RISK PROVIDER PATTERN,NORMAL,No suspicious patterns identified
1595536167,PHARMACY_CLAIM,1,0,0.0,0,0,1,0,0,0,0,12.13,12.13,0.0,LOW-RISK PROVIDER PATTERN,NORMAL,No suspicious patterns identified
1047046753,PHARMACY_CLAIM,1,0,0.0,0,0,0,0,0,0,0,12.12,12.12,0.0,LOW-RISK PROVIDER PATTERN,NORMAL,No suspicious patterns identified
1669474425,MEDICAL_CLAIM,1,0,0.0,0,0,0,0,0,0,0,12.12,12.12,0.0,LOW-RISK PROVIDER PATTERN,NORMAL,No suspicious patterns identified
1818269896,PHARMACY_CLAIM,1,0,0.0,0,0,0,0,0,0,0,12.11,12.11,0.0,LOW-RISK PROVIDER PATTERN,NORMAL,No suspicious patterns identified
1067426951,PHARMACY_CLAIM,1,0,0.0,0,0,0,0,0,0,0,12.1,12.1,0.0,LOW-RISK PROVIDER PATTERN,NORMAL,No suspicious patterns identified
1193596769,PRIOR_AUTH,1,0,0.0,0,0,0,0,0,0,0,12.09,12.09,0.0,LOW-RISK PROVIDER PATTERN,NORMAL,No suspicious patterns identified
1932171629,PHARMACY_CLAIM,1,0,0.0,0,0,1,0,0,0,0,12.08,12.08,0.0,LOW-RISK PROVIDER PATTERN,NORMAL,No suspicious patterns identified
1405901233,PHARMACY_CLAIM,1,0,0.0,0,0,0,0,0,0,0,12.07,12.07,0.0,LOW-RISK PROVIDER PATTERN,NORMAL,No suspicious patterns identified
1330254548,PRIOR_AUTH,1,0,0.0,0,0,0,0,0,0,0,12.05,12.05,0.0,LOW-RISK PROVIDER PATTERN,NORMAL,No suspicious patterns identified
1744657561,PHARMACY_CLAIM,1,0,0.0,0,0,1,0,0,0,0,12.05,12.05,0.0,LOW-RISK PROVIDER PATTERN,NORMAL,No suspicious patterns identified
1109131899,PHARMACY_CLAIM,1,0,0.0,0,0,0,0,0,0,0,12.02,12.02,0.0,LOW-RISK PROVIDER PATTERN,NORMAL,No suspicious patterns identified
1655294724,PHARMACY_CLAIM,1,0,0.0,0,0,1,0,0,0,0,12.01,12.01,0.0,LOW-RISK PROVIDER PATTERN,NORMAL,No suspicious patterns identified
1628583953,PHARMACY_CLAIM,1,0,0.0,0,0,0,0,0,0,0,11.99,11.99,0.0,LOW-RISK PROVIDER PATTERN,NORMAL,No suspicious patterns identified
1058910749,PHARMACY_CLAIM,1,0,0.0,0,0,0,0,0,0,0,11.97,11.97,0.0,LOW-RISK PROVIDER PATTERN,NORMAL,No suspicious patterns identified
1905959581,PHARMACY_CLAIM,1,0,0.0,0,0,0,0,0,0,0,11.97,11.97,0.0,LOW-RISK PROVIDER PATTERN,NORMAL,No suspicious patterns identified
1701018493,PHARMACY_CLAIM,1,0,0.0,0,0,0,0,0,0,0,11.96,11.96,0.0,LOW-RISK PROVIDER PATTERN,NORMAL,No suspicious patterns identified
1033218565,MEDICAL_CLAIM,1,0,0.0,0,0,0,0,0,0,0,11.95,11.95,0.0,LOW-RISK PROVIDER PATTERN,NORMAL,No suspicious patterns identified
1507864695,PHARMACY_CLAIM,1,0,0.0,0,0,0,0,0,0,0,11.94,11.94,0.0,LOW-RISK PROVIDER PATTERN,NORMAL,No suspicious patterns identified
1225573025,MEDICAL_CLAIM,3,1,33.33,0,0,1,0,0,0,0,11.93,29.02,0.0,HIGH-RISK PROVIDER PATTERN,PROVIDER REQUIRING REVIEW,33.3% flagged records
1464489764,PHARMACY_CLAIM,1,0,0.0,0,0,0,0,0,0,0,11.92,11.92,0.0,LOW-RISK PROVIDER PATTERN,NORMAL,No suspicious patterns identified
1568404838,MEDICAL_CLAIM,1,0,0.0,0,0,0,0,0,0,0,11.89,11.89,0.0,LOW-RISK PROVIDER PATTERN,NORMAL,No suspicious patterns identified
1770119588,MEDICAL_CLAIM,1,0,0.0,0,1,0,0,0,0,0,11.89,11.89,0.0,LOW-RISK PROVIDER PATTERN,NORMAL,No suspicious patterns identified
1790775229,MEDICAL_CLAIM,1,0,0.0,0,0,0,0,0,0,0,11.89,11.89,0.0,LOW-RISK PROVIDER PATTERN,NORMAL,No suspicious patterns identified
1267036721,PHARMACY_CLAIM,1,0,0.0,0,0,0,0,0,0,0,11.87,11.87,0.0,LOW-RISK PROVIDER PATTERN,NORMAL,No suspicious patterns identified
1255701942,MEDICAL_CLAIM,4,1,25.0,0,1,1,0,0,0,0,11.86,28.2,0.0,HIGH-RISK PROVIDER PATTERN,PROVIDER REQUIRING REVIEW,25.0% flagged records
1196712677,PHARMACY_CLAIM,1,0,0.0,0,0,0,0,0,0,0,11.86,11.86,0.0,LOW-RISK PROVIDER PATTERN,NORMAL,No suspicious patterns identified
1860382204,PHARMACY_CLAIM,1,0,0.0,0,0,0,0,0,0,0,11.85,11.85,0.0,LOW-RISK PROVIDER PATTERN,NORMAL,No suspicious patterns identified
1205781403,PHARMACY_CLAIM,1,0,0.0,0,0,0,0,0,0,0,11.83,11.83,0.0,LOW-RISK PROVIDER PATTERN,NORMAL,No suspicious patterns identified
1811465602,MEDICAL_CLAIM,1,0,0.0,0,0,0,0,0,0,0,11.81,11.81,0.0,LOW-RISK PROVIDER PATTERN,NORMAL,No suspicious patterns identified
1951350591,PHARMACY_CLAIM,1,0,0.0,0,0,0,0,0,0,0,11.81,11.81,0.0,LOW-RISK PROVIDER PATTERN,NORMAL,No suspicious patterns identified
1467928671,MEDICAL_CLAIM,3,1,33.33,0,1,0,0,0,0,0,11.8,28.4,0.0,HIGH-RISK PROVIDER PATTERN,PROVIDER REQUIRING REVIEW,33.3% flagged records
1596526302,PHARMACY_CLAIM,1,0,0.0,0,0,0,0,0,0,0,11.79,11.79,0.0,LOW-RISK PROVIDER PATTERN,NORMAL,No suspicious patterns identified
1096477408,PHARMACY_CLAIM,1,0,0.0,0,0,0,0,0,0,0,11.78,11.78,0.0,LOW-RISK PROVIDER PATTERN,NORMAL,No suspicious patterns identified
1588635973,MEDICAL_CLAIM,1,0,0.0,0,0,0,0,0,0,0,11.76,11.76,0.0,LOW-RISK PROVIDER PATTERN,NORMAL,No suspicious patterns identified
1626548284,PHARMACY_CLAIM,1,0,0.0,0,0,0,0,0,0,0,11.76,11.76,0.0,LOW-RISK PROVIDER PATTERN,NORMAL,No suspicious patterns identified
1100321466,PHARMACY_CLAIM,1,0,0.0,0,0,0,0,0,0,0,11.75,11.75,0.0,LOW-RISK PROVIDER PATTERN,NORMAL,No suspicious patterns identified
1775902898,PHARMACY_CLAIM,1,0,0.0,0,0,0,0,0,0,0,11.74,11.74,0.0,LOW-RISK PROVIDER PATTERN,NORMAL,No suspicious patterns identified
1662763170,PHARMACY_CLAIM,1,0,0.0,0,0,0,0,0,0,0,11.73,11.73,0.0,LOW-RISK PROVIDER PATTERN,NORMAL,No suspicious patterns identified
1746052798,PHARMACY_CLAIM,1,0,0.0,0,0,0,0,0,0,0,11.72,11.72,0.0,LOW-RISK PROVIDER PATTERN,NORMAL,No suspicious patterns identified
1588294045,MEDICAL_CLAIM,2,0,0.0,0,0,1,0,0,0,0,11.71,23.09,0.0,LOW-RISK PROVIDER PATTERN,NORMAL,No suspicious patterns identified
1002741381,PHARMACY_CLAIM,1,0,0.0,0,0,0,0,0,0,0,11.66,11.66,0.0,LOW-RISK PROVIDER PATTERN,NORMAL,No suspicious patterns identified
1811063795,MEDICAL_CLAIM,4,0,0.0,0,3,0,0,0,0,0,11.65,18.02,0.0,LOW-RISK PROVIDER PATTERN,NORMAL,No suspicious patterns identified
1248460193,PHARMACY_CLAIM,1,0,0.0,0,1,0,0,0,0,0,11.61,11.61,0.0,LOW-RISK PROVIDER PATTERN,NORMAL,No suspicious patterns identified
1657113020,PRIOR_AUTH,1,0,0.0,0,0,0,0,0,0,0,11.6,11.6,0.0,LOW-RISK PROVIDER PATTERN,NORMAL,No suspicious patterns identified
1291498322,PHARMACY_CLAIM,1,0,0.0,0,0,0,0,0,0,0,11.58,11.58,0.0,LOW-RISK PROVIDER PATTERN,NORMAL,No suspicious patterns identified
1458049478,PHARMACY_CLAIM,1,0,0.0,0,0,0,0,0,0,0,11.57,11.57,0.0,LOW-RISK PROVIDER PATTERN,NORMAL,No suspicious patterns identified
1323486808,PHARMACY_CLAIM,1,0,0.0,0,0,0,0,0,0,0,11.56,11.56,0.0,LOW-RISK PROVIDER PATTERN,NORMAL,No suspicious patterns identified
1709119116,PHARMACY_CLAIM,1,0,0.0,0,0,0,0,0,0,0,11.56,11.56,0.0,LOW-RISK PROVIDER PATTERN,NORMAL,No suspicious patterns identified
1710160098,MEDICAL_CLAIM,1,0,0.0,0,0,0,0,0,0,0,11.55,11.55,0.0,LOW-RISK PROVIDER PATTERN,NORMAL,No suspicious patterns identified
1882416931,PHARMACY_CLAIM,1,0,0.0,0,0,0,0,0,0,0,11.53,11.53,0.0,LOW-RISK PROVIDER PATTERN,NORMAL,No suspicious patterns identified
1585019545,PHARMACY_CLAIM,1,0,0.0,0,0,0,0,0,0,0,11.52,11.52,0.0,LOW-RISK PROVIDER PATTERN,NORMAL,No suspicious patterns identified
1508964883,MEDICAL_CLAIM,1,0,0.0,0,1,0,0,0,0,0,11.51,11.51,0.0,LOW-RISK PROVIDER PATTERN,NORMAL,No suspicious patterns identified
1679581532,MEDICAL_CLAIM,1,0,0.0,0,0,0,0,0,0,0,11.5,11.5,0.0,LOW-RISK PROVIDER PATTERN,NORMAL,No suspicious patterns identified
1164676680,MEDICAL_CLAIM,2,0,0.0,0,0,0,0,0,0,0,11.47,22.87,0.0,LOW-RISK PROVIDER PATTERN,NORMAL,No suspicious patterns identified
1861099087,MEDICAL_CLAIM,1,0,0.0,0,0,0,0,0,0,0,11.47,11.47,0.0,LOW-RISK PROVIDER PATTERN,NORMAL,No suspicious patterns identified
1895088928,PHARMACY_CLAIM,1,0,0.0,0,0,0,0,0,0,0,11.47,11.47,0.0,LOW-RISK PROVIDER PATTERN,NORMAL,No suspicious patterns identified
1661129896,PHARMACY_CLAIM,1,0,0.0,0,0,0,0,0,0,0,11.46,11.46,0.0,LOW-RISK PROVIDER PATTERN,NORMAL,No suspicious patterns identified
1968892565,PHARMACY_CLAIM,1,0,0.0,0,0,0,0,0,0,0,11.46,11.46,0.0,LOW-RISK PROVIDER PATTERN,NORMAL,No suspicious patterns identified
1006391819,PRIOR_AUTH,1,0,0.0,0,0,0,0,0,0,0,11.44,11.44,0.0,LOW-RISK PROVIDER PATTERN,NORMAL,No suspicious patterns identified
1633672168,PHARMACY_CLAIM,1,0,0.0,0,0,0,0,0,0,0,11.44,11.44,0.0,LOW-RISK PROVIDER PATTERN,NORMAL,No suspicious patterns identified
1312671388,PHARMACY_CLAIM,1,0,0.0,0,1,0,0,0,0,0,11.43,11.43,0.0,LOW-RISK PROVIDER PATTERN,NORMAL,No suspicious patterns identified
1960599560,PHARMACY_CLAIM,1,0,0.0,0,0,0,0,0,0,0,11.43,11.43,0.0,LOW-RISK PROVIDER PATTERN,NORMAL,No suspicious patterns identified
1336677426,MEDICAL_CLAIM,1,0,0.0,0,0,0,0,0,0,0,11.42,11.42,0.0,LOW-RISK PROVIDER PATTERN,NORMAL,No suspicious patterns identified
1388080786,PHARMACY_CLAIM,1,0,0.0,0,0,0,0,0,0,0,11.42,11.42,0.0,LOW-RISK PROVIDER PATTERN,NORMAL,No suspicious patterns identified
1669548392,MEDICAL_CLAIM,1,0,0.0,0,1,0,0,0,0,0,11.42,11.42,0.0,LOW-RISK PROVIDER PATTERN,NORMAL,No suspicious patterns identified
1503170232,PHARMACY_CLAIM,1,0,0.0,0,0,0,0,0,0,0,11.41,11.41,0.0,LOW-RISK PROVIDER PATTERN,NORMAL,No suspicious patterns identified
1902796866,PHARMACY_CLAIM,1,0,0.0,0,0,0,0,0,0,0,11.41,11.41,0.0,LOW-RISK PROVIDER PATTERN,NORMAL,No suspicious patterns identified
1396270831,MEDICAL_CLAIM,4,1,25.0,0,1,1,0,0,0,0,11.38,26.16,0.0,HIGH-RISK PROVIDER PATTERN,PROVIDER REQUIRING REVIEW,25.0% flagged records
1412976091,PHARMACY_CLAIM,1,0,0.0,0,0,0,0,0,0,0,11.38,11.38,0.0,LOW-RISK PROVIDER PATTERN,NORMAL,No suspicious patterns identified
1467873315,MEDICAL_CLAIM,2,0,0.0,0,0,1,0,0,0,0,11.37,22.31,0.0,LOW-RISK PROVIDER PATTERN,NORMAL,No suspicious patterns identified
1749181150,PRIOR_AUTH,1,0,0.0,0,0,0,0,0,0,0,11.37,11.37,0.0,LOW-RISK PROVIDER PATTERN,NORMAL,No suspicious patterns identified
1955093864,PRIOR_AUTH,1,0,0.0,0,0,0,0,0,0,0,11.37,11.37,0.0,LOW-RISK PROVIDER PATTERN,NORMAL,No suspicious patterns identified
1114906906,MEDICAL_CLAIM,3,0,0.0,0,1,0,0,0,0,0,11.36,16.97,0.0,LOW-RISK PROVIDER PATTERN,NORMAL,No suspicious patterns identified
1955335588,PHARMACY_CLAIM,1,0,0.0,0,0,0,0,0,0,0,11.36,11.36,0.0,LOW-RISK PROVIDER PATTERN,NORMAL,No suspicious patterns identified
1471568674,PHARMACY_CLAIM,1,0,0.0,0,0,0,0,0,0,0,11.35,11.35,0.0,LOW-RISK PROVIDER PATTERN,NORMAL,No suspicious patterns identified
1892521768,PRIOR_AUTH,1,0,0.0,0,0,0,0,0,0,0,11.34,11.34,0.0,LOW-RISK PROVIDER PATTERN,NORMAL,No suspicious patterns identified
1497071161,MEDICAL_CLAIM,1,0,0.0,0,0,0,0,0,0,0,11.31,11.31,0.0,LOW-RISK PROVIDER PATTERN,NORMAL,No suspicious patterns identified
1525480739,PHARMACY_CLAIM,1,0,0.0,0,0,0,0,0,0,0,11.31,11.31,0.0,LOW-RISK PROVIDER PATTERN,NORMAL,No suspicious patterns identified
1221970182,PHARMACY_CLAIM,1,0,0.0,0,1,0,0,0,0,0,11.29,11.29,0.0,LOW-RISK PROVIDER PATTERN,NORMAL,No suspicious patterns identified
1393389299,PRIOR_AUTH,1,0,0.0,0,0,0,0,0,0,0,11.28,11.28,0.0,LOW-RISK PROVIDER PATTERN,NORMAL,No suspicious patterns identified
1403968108,PHARMACY_CLAIM,1,0,0.0,0,0,0,0,0,0,0,11.26,11.26,0.0,LOW-RISK PROVIDER PATTERN,NORMAL,No suspicious patterns identified
1973067437,PHARMACY_CLAIM,1,0,0.0,0,0,0,0,0,0,0,11.26,11.26,0.0,LOW-RISK PROVIDER PATTERN,NORMAL,No suspicious patterns identified
1975658703,PRIOR_AUTH,1,0,0.0,0,0,0,0,0,0,0,11.26,11.26,0.0,LOW-RISK PROVIDER PATTERN,NORMAL,No suspicious patterns identified
1215567474,MEDICAL_CLAIM,2,0,0.0,0,1,0,0,0,0,0,11.25,16.34,0.0,LOW-RISK PROVIDER PATTERN,NORMAL,No suspicious patterns identified
1490579496,PHARMACY_CLAIM,1,0,0.0,0,0,0,0,0,0,0,11.24,11.24,0.0,LOW-RISK PROVIDER PATTERN,NORMAL,No suspicious patterns identified
1829090965,PHARMACY_CLAIM,1,0,0.0,0,0,0,0,0,0,0,11.23,11.23,0.0,LOW-RISK PROVIDER PATTERN,NORMAL,No suspicious patterns identified
1081462179,PHARMACY_CLAIM,1,0,0.0,0,0,0,0,0,0,0,11.21,11.21,0.0,LOW-RISK PROVIDER PATTERN,NORMAL,No suspicious patterns identified
1159237853,PHARMACY_CLAIM,1,0,0.0,0,1,0,0,0,0,0,11.2,11.2,0.0,LOW-RISK PROVIDER PATTERN,NORMAL,No suspicious patterns identified
1584043413,PHARMACY_CLAIM,1,0,0.0,0,0,0,0,0,0,0,11.2,11.2,0.0,LOW-RISK PROVIDER PATTERN,NORMAL,No suspicious patterns identified
1454180287,PHARMACY_CLAIM,1,0,0.0,0,0,0,0,0,0,0,11.18,11.18,0.0,LOW-RISK PROVIDER PATTERN,NORMAL,No suspicious patterns identified
1170400526,PHARMACY_CLAIM,1,0,0.0,0,0,0,0,0,0,0,11.15,11.15,0.0,LOW-RISK PROVIDER PATTERN,NORMAL,No suspicious patterns identified
1417063819,MEDICAL_CLAIM,1,0,0.0,0,1,0,0,0,0,0,11.15,11.15,0.0,LOW-RISK PROVIDER PATTERN,NORMAL,No suspicious patterns identified
1839972247,PHARMACY_CLAIM,1,0,0.0,0,0,0,0,0,0,0,11.15,11.15,0.0,LOW-RISK PROVIDER PATTERN,NORMAL,No suspicious patterns identified
1255380127,MEDICAL_CLAIM,2,0,0.0,0,1,0,0,0,0,0,11.12,13.42,0.0,LOW-RISK PROVIDER PATTERN,NORMAL,No suspicious patterns identified
1681859003,PRIOR_AUTH,1,0,0.0,0,0,0,0,0,0,0,11.12,11.12,0.0,LOW-RISK PROVIDER PATTERN,NORMAL,No suspicious patterns identified
1750210252,PHARMACY_CLAIM,1,0,0.0,0,0,0,0,0,0,0,11.12,11.12,0.0,LOW-RISK PROVIDER PATTERN,NORMAL,No suspicious patterns identified
1574069502,PHARMACY_CLAIM,1,0,0.0,0,0,0,0,0,0,0,11.1,11.1,0.0,LOW-RISK PROVIDER PATTERN,NORMAL,No suspicious patterns identified
1201056442,PHARMACY_CLAIM,1,0,0.0,0,0,0,0,0,0,0,11.09,11.09,0.0,LOW-RISK PROVIDER PATTERN,NORMAL,No suspicious patterns identified
1922515907,MEDICAL_CLAIM,2,0,0.0,0,1,0,0,0,0,0,11.06,16.41,0.0,LOW-RISK PROVIDER PATTERN,NORMAL,No suspicious patterns identified
1449797340,PHARMACY_CLAIM,1,0,0.0,0,0,0,0,0,0,0,11.06,11.06,0.0,LOW-RISK PROVIDER PATTERN,NORMAL,No suspicious patterns identified
1746738910,PHARMACY_CLAIM,1,0,0.0,0,0,0,0,0,0,0,11.05,11.05,0.0,LOW-RISK PROVIDER PATTERN,NORMAL,No suspicious patterns identified
1791495421,PHARMACY_CLAIM,1,0,0.0,0,0,0,0,0,0,0,11.04,11.04,0.0,LOW-RISK PROVIDER PATTERN,NORMAL,No suspicious patterns identified
1188726364,PHARMACY_CLAIM,1,0,0.0,0,0,0,0,0,0,0,11.03,11.03,0.0,LOW-RISK PROVIDER PATTERN,NORMAL,No suspicious patterns identified
1548622285,MEDICAL_CLAIM,1,0,0.0,0,1,0,0,0,0,0,11.03,11.03,0.0,LOW-RISK PROVIDER PATTERN,NORMAL,No suspicious patterns identified
1165258171,PHARMACY_CLAIM,1,0,0.0,0,0,0,0,0,0,0,11.02,11.02,0.0,LOW-RISK PROVIDER PATTERN,NORMAL,No suspicious patterns identified
1104992621,PHARMACY_CLAIM,1,0,0.0,0,0,0,0,0,0,0,11.0,11.0,0.0,LOW-RISK PROVIDER PATTERN,NORMAL,No suspicious patterns identified
1185827656,PHARMACY_CLAIM,1,0,0.0,0,0,0,0,0,0,0,10.98,10.98,0.0,LOW-RISK PROVIDER PATTERN,NORMAL,No suspicious patterns identified
1174143701,PRIOR_AUTH,1,0,0.0,0,0,0,0,0,0,0,10.97,10.97,0.0,LOW-RISK PROVIDER PATTERN,NORMAL,No suspicious patterns identified
1910203559,PHARMACY_CLAIM,1,0,0.0,0,0,0,0,0,0,0,10.97,10.97,0.0,LOW-RISK PROVIDER PATTERN,NORMAL,No suspicious patterns identified
1316972599,MEDICAL_CLAIM,3,0,0.0,0,1,0,0,0,0,0,10.96,17.82,0.0,LOW-RISK PROVIDER PATTERN,NORMAL,No suspicious patterns identified
1242328805,PHARMACY_CLAIM,1,0,0.0,0,0,0,0,0,0,0,10.96,10.96,0.0,LOW-RISK PROVIDER PATTERN,NORMAL,No suspicious patterns identified
1686505547,PHARMACY_CLAIM,1,0,0.0,0,0,0,0,0,0,0,10.95,10.95,0.0,LOW-RISK PROVIDER PATTERN,NORMAL,No suspicious patterns identified
1467947101,MEDICAL_CLAIM,1,0,0.0,0,0,0,0,0,0,0,10.94,10.94,0.0,LOW-RISK PROVIDER PATTERN,NORMAL,No suspicious patterns identified
1905198148,PHARMACY_CLAIM,1,0,0.0,0,0,0,0,0,0,0,10.94,10.94,0.0,LOW-RISK PROVIDER PATTERN,NORMAL,No suspicious patterns identified
1093695395,PHARMACY_CLAIM,1,0,0.0,0,0,0,0,0,0,0,10.93,10.93,0.0,LOW-RISK PROVIDER PATTERN,NORMAL,No suspicious patterns identified
1750660726,MEDICAL_CLAIM,1,0,0.0,0,0,0,0,0,0,0,10.93,10.93,0.0,LOW-RISK PROVIDER PATTERN,NORMAL,No suspicious patterns identified
1164496410,MEDICAL_CLAIM,1,0,0.0,0,0,0,0,0,0,0,10.91,10.91,0.0,LOW-RISK PROVIDER PATTERN,NORMAL,No suspicious patterns identified
1819865490,PHARMACY_CLAIM,1,0,0.0,0,0,0,0,0,0,0,10.91,10.91,0.0,LOW-RISK PROVIDER PATTERN,NORMAL,No suspicious patterns identified
1164561701,PHARMACY_CLAIM,1,0,0.0,0,0,0,0,0,0,0,10.9,10.9,0.0,LOW-RISK PROVIDER PATTERN,NORMAL,No suspicious patterns identified
1203295299,PHARMACY_CLAIM,1,0,0.0,0,0,0,0,0,0,0,10.9,10.9,0.0,LOW-RISK PROVIDER PATTERN,NORMAL,No suspicious patterns identified
1668167715,PHARMACY_CLAIM,1,0,0.0,0,0,0,0,0,0,0,10.85,10.85,0.0,LOW-RISK PROVIDER PATTERN,NORMAL,No suspicious patterns identified
1116371041,PHARMACY_CLAIM,1,0,0.0,0,0,0,0,0,0,0,10.84,10.84,0.0,LOW-RISK PROVIDER PATTERN,NORMAL,No suspicious patterns identified
1841444973,MEDICAL_CLAIM,3,0,0.0,0,0,1,0,0,0,0,10.83,23.77,0.0,LOW-RISK PROVIDER PATTERN,NORMAL,No suspicious patterns identified
1394839687,PHARMACY_CLAIM,1,0,0.0,0,0,0,0,0,0,0,10.83,10.83,0.0,LOW-RISK PROVIDER PATTERN,NORMAL,No suspicious patterns identified
1990903533,PHARMACY_CLAIM,1,0,0.0,0,0,0,0,0,0,0,10.82,10.82,0.0,LOW-RISK PROVIDER PATTERN,NORMAL,No suspicious patterns identified
1335324978,PHARMACY_CLAIM,1,0,0.0,0,0,0,0,0,0,0,10.81,10.81,0.0,LOW-RISK PROVIDER PATTERN,NORMAL,No suspicious patterns identified
1907267446,PHARMACY_CLAIM,1,0,0.0,0,0,0,0,0,0,0,10.81,10.81,0.0,LOW-RISK PROVIDER PATTERN,NORMAL,No suspicious patterns identified
1230494477,PHARMACY_CLAIM,1,0,0.0,0,0,0,0,0,0,0,10.78,10.78,0.0,LOW-RISK PROVIDER PATTERN,NORMAL,No suspicious patterns identified
1245292788,MEDICAL_CLAIM,1,0,0.0,0,0,0,0,0,0,0,10.77,10.77,0.0,LOW-RISK PROVIDER PATTERN,NORMAL,No suspicious patterns identified
1571387808,PHARMACY_CLAIM,1,0,0.0,0,0,0,0,0,0,0,10.77,10.77,0.0,LOW-RISK PROVIDER PATTERN,NORMAL,No suspicious patterns identified
1794307197,PHARMACY_CLAIM,1,0,0.0,0,0,0,0,0,0,0,10.75,10.75,0.0,LOW-RISK PROVIDER PATTERN,NORMAL,No suspicious patterns identified
1212869442,PHARMACY_CLAIM,1,0,0.0,0,0,0,0,0,0,0,10.74,10.74,0.0,LOW-RISK PROVIDER PATTERN,NORMAL,No suspicious patterns identified
1115159757,PRIOR_AUTH,1,0,0.0,0,0,0,0,0,0,0,10.73,10.73,0.0,LOW-RISK PROVIDER PATTERN,NORMAL,No suspicious patterns identified
1548381317,PRIOR_AUTH,1,0,0.0,0,0,0,0,0,0,0,10.73,10.73,0.0,LOW-RISK PROVIDER PATTERN,NORMAL,No suspicious patterns identified
1962594622,MEDICAL_CLAIM,3,0,0.0,0,0,1,0,0,0,0,10.72,22.32,0.0,LOW-RISK PROVIDER PATTERN,NORMAL,No suspicious patterns identified
1251515483,PHARMACY_CLAIM,1,0,0.0,0,0,0,0,0,0,0,10.72,10.72,0.0,LOW-RISK PROVIDER PATTERN,NORMAL,No suspicious patterns identified
1239214387,PHARMACY_CLAIM,1,0,0.0,0,0,0,0,0,0,0,10.71,10.71,0.0,LOW-RISK PROVIDER PATTERN,NORMAL,No suspicious patterns identified
1498218388,PHARMACY_CLAIM,1,0,0.0,0,0,0,0,0,0,0,10.71,10.71,0.0,LOW-RISK PROVIDER PATTERN,NORMAL,No suspicious patterns identified
1995215072,PHARMACY_CLAIM,1,0,0.0,0,0,0,0,0,0,0,10.7,10.7,0.0,LOW-RISK PROVIDER PATTERN,NORMAL,No suspicious patterns identified
1713785382,PHARMACY_CLAIM,1,0,0.0,0,0,0,0,0,0,0,10.68,10.68,0.0,LOW-RISK PROVIDER PATTERN,NORMAL,No suspicious patterns identified
1332857443,PHARMACY_CLAIM,1,0,0.0,0,0,0,0,0,0,0,10.66,10.66,0.0,LOW-RISK PROVIDER PATTERN,NORMAL,No suspicious patterns identified
1394166084,PHARMACY_CLAIM,1,0,0.0,0,0,0,0,0,0,0,10.63,10.63,0.0,LOW-RISK PROVIDER PATTERN,NORMAL,No suspicious patterns identified
1285915603,MEDICAL_CLAIM,2,0,0.0,0,1,0,0,0,0,0,10.62,14.9,0.0,LOW-RISK PROVIDER PATTERN,NORMAL,No suspicious patterns identified
1164403622,MEDICAL_CLAIM,3,1,33.33,0,0,1,0,0,0,0,10.61,27.12,0.0,HIGH-RISK PROVIDER PATTERN,PROVIDER REQUIRING REVIEW,33.3% flagged records
1040776193,PHARMACY_CLAIM,1,0,0.0,0,0,0,0,0,0,0,10.61,10.61,0.0,LOW-RISK PROVIDER PATTERN,NORMAL,No suspicious patterns identified
1381442711,PHARMACY_CLAIM,1,0,0.0,0,0,0,0,0,0,0,10.57,10.57,0.0,LOW-RISK PROVIDER PATTERN,NORMAL,No suspicious patterns identified
1631211592,PHARMACY_CLAIM,1,0,0.0,0,0,0,0,0,0,0,10.55,10.55,0.0,LOW-RISK PROVIDER PATTERN,NORMAL,No suspicious patterns identified
1380596989,PHARMACY_CLAIM,1,0,0.0,0,0,0,0,0,0,0,10.52,10.52,0.0,LOW-RISK PROVIDER PATTERN,NORMAL,No suspicious patterns identified
1870358833,PHARMACY_CLAIM,1,0,0.0,0,0,0,0,0,0,0,10.5,10.5,0.0,LOW-RISK PROVIDER PATTERN,NORMAL,No suspicious patterns identified
1429558687,PHARMACY_CLAIM,1,0,0.0,0,0,0,0,0,0,0,10.48,10.48,0.0,LOW-RISK PROVIDER PATTERN,NORMAL,No suspicious patterns identified
1851662233,MEDICAL_CLAIM,1,0,0.0,0,0,0,0,0,0,0,10.48,10.48,0.0,LOW-RISK PROVIDER PATTERN,NORMAL,No suspicious patterns identified
1296366768,PHARMACY_CLAIM,1,0,0.0,0,0,0,0,0,0,0,10.47,10.47,0.0,LOW-RISK PROVIDER PATTERN,NORMAL,No suspicious patterns identified
1846989008,PHARMACY_CLAIM,1,0,0.0,0,0,0,0,0,0,0,10.47,10.47,0.0,LOW-RISK PROVIDER PATTERN,NORMAL,No suspicious patterns identified
1659818623,MEDICAL_CLAIM,2,0,0.0,0,0,0,0,0,0,0,10.46,18.1,0.0,LOW-RISK PROVIDER PATTERN,NORMAL,No suspicious patterns identified
1337041205,PRIOR_AUTH,1,0,0.0,0,0,0,0,0,0,0,10.46,10.46,0.0,LOW-RISK PROVIDER PATTERN,NORMAL,No suspicious patterns identified
1897305398,PHARMACY_CLAIM,1,0,0.0,0,0,0,0,0,0,0,10.46,10.46,0.0,LOW-RISK PROVIDER PATTERN,NORMAL,No suspicious patterns identified
1239654800,PHARMACY_CLAIM,1,0,0.0,0,0,0,0,0,0,0,10.45,10.45,0.0,LOW-RISK PROVIDER PATTERN,NORMAL,No suspicious patterns identified
1520621847,PHARMACY_CLAIM,1,0,0.0,0,1,0,0,0,0,0,10.45,10.45,0.0,LOW-RISK PROVIDER PATTERN,NORMAL,No suspicious patterns identified
1863822539,PRIOR_AUTH,1,0,0.0,0,0,0,0,0,0,0,10.45,10.45,0.0,LOW-RISK PROVIDER PATTERN,NORMAL,No suspicious patterns identified
1174704329,PHARMACY_CLAIM,1,0,0.0,0,0,0,0,0,0,0,10.44,10.44,0.0,LOW-RISK PROVIDER PATTERN,NORMAL,No suspicious patterns identified
1682527380,PHARMACY_CLAIM,1,0,0.0,0,0,0,0,0,0,0,10.44,10.44,0.0,LOW-RISK PROVIDER PATTERN,NORMAL,No suspicious patterns identified
1803325815,PRIOR_AUTH,1,0,0.0,0,0,0,0,0,0,0,10.44,10.44,0.0,LOW-RISK PROVIDER PATTERN,NORMAL,No suspicious patterns identified
1841516504,PHARMACY_CLAIM,1,0,0.0,0,0,0,0,0,0,0,10.42,10.42,0.0,LOW-RISK PROVIDER PATTERN,NORMAL,No suspicious patterns identified
1158403186,PRIOR_AUTH,1,0,0.0,0,0,0,0,0,0,0,10.41,10.41,0.0,LOW-RISK PROVIDER PATTERN,NORMAL,No suspicious patterns identified
1263761832,PRIOR_AUTH,1,0,0.0,0,0,0,0,0,0,0,10.41,10.41,0.0,LOW-RISK PROVIDER PATTERN,NORMAL,No suspicious patterns identified
1442997402,PHARMACY_CLAIM,1,0,0.0,0,0,0,0,0,0,0,10.41,10.41,0.0,LOW-RISK PROVIDER PATTERN,NORMAL,No suspicious patterns identified
1513916200,PRIOR_AUTH,1,0,0.0,0,0,0,0,0,0,0,10.41,10.41,0.0,LOW-RISK PROVIDER PATTERN,NORMAL,No suspicious patterns identified
1945978762,PHARMACY_CLAIM,1,0,0.0,0,0,0,0,0,0,0,10.4,10.4,0.0,LOW-RISK PROVIDER PATTERN,NORMAL,No suspicious patterns identified
1389875720,PHARMACY_CLAIM,1,0,0.0,0,0,0,0,0,0,0,10.39,10.39,0.0,LOW-RISK PROVIDER PATTERN,NORMAL,No suspicious patterns identified
1314259501,PHARMACY_CLAIM,1,0,0.0,0,0,0,0,0,0,0,10.38,10.38,0.0,LOW-RISK PROVIDER PATTERN,NORMAL,No suspicious patterns identified
1982657292,MEDICAL_CLAIM,1,0,0.0,0,1,0,0,0,0,0,10.32,10.32,0.0,LOW-RISK PROVIDER PATTERN,NORMAL,No suspicious patterns identified
1821687605,PRIOR_AUTH,1,0,0.0,0,0,0,0,0,0,0,10.3,10.3,0.0,LOW-RISK PROVIDER PATTERN,NORMAL,No suspicious patterns identified
1811917823,PHARMACY_CLAIM,1,0,0.0,0,0,0,0,0,0,0,10.29,10.29,0.0,LOW-RISK PROVIDER PATTERN,NORMAL,No suspicious patterns identified
1597854564,PHARMACY_CLAIM,1,0,0.0,0,0,0,0,0,0,0,10.25,10.25,0.0,LOW-RISK PROVIDER PATTERN,NORMAL,No suspicious patterns identified
1334422065,PHARMACY_CLAIM,1,0,0.0,0,0,0,0,0,0,0,10.24,10.24,0.0,LOW-RISK PROVIDER PATTERN,NORMAL,No suspicious patterns identified
1213487752,PRIOR_AUTH,1,0,0.0,0,0,0,0,0,0,0,10.19,10.19,0.0,LOW-RISK PROVIDER PATTERN,NORMAL,No suspicious patterns identified
1838101699,PHARMACY_CLAIM,1,0,0.0,0,0,0,0,0,0,0,10.17,10.17,0.0,LOW-RISK PROVIDER PATTERN,NORMAL,No suspicious patterns identified
1469954794,PHARMACY_CLAIM,1,0,0.0,0,0,0,0,0,0,0,10.13,10.13,0.0,LOW-RISK PROVIDER PATTERN,NORMAL,No suspicious patterns identified
1627105800,PHARMACY_CLAIM,1,0,0.0,0,0,0,0,0,0,0,10.12,10.12,0.0,LOW-RISK PROVIDER PATTERN,NORMAL,No suspicious patterns identified
1484989633,PHARMACY_CLAIM,1,0,0.0,0,0,0,0,0,0,0,10.11,10.11,0.0,LOW-RISK PROVIDER PATTERN,NORMAL,No suspicious patterns identified
1040938605,PRIOR_AUTH,1,0,0.0,0,0,0,0,0,0,0,10.1,10.1,0.0,LOW-RISK PROVIDER PATTERN,NORMAL,No suspicious patterns identified
1096705937,PHARMACY_CLAIM,1,0,0.0,0,0,0,0,0,0,0,10.08,10.08,0.0,LOW-RISK PROVIDER PATTERN,NORMAL,No suspicious patterns identified
1141420215,PHARMACY_CLAIM,1,0,0.0,0,0,0,0,0,0,0,10.07,10.07,0.0,LOW-RISK PROVIDER PATTERN,NORMAL,No suspicious patterns identified
1658247390,PRIOR_AUTH,1,0,0.0,0,0,0,0,0,0,0,10.06,10.06,0.0,LOW-RISK PROVIDER PATTERN,NORMAL,No suspicious patterns identified
1156762548,PHARMACY_CLAIM,1,0,0.0,0,0,0,0,0,0,0,10.04,10.04,0.0,LOW-RISK PROVIDER PATTERN,NORMAL,No suspicious patterns identified
1906256798,PHARMACY_CLAIM,1,0,0.0,0,0,0,0,0,0,0,10.04,10.04,0.0,LOW-RISK PROVIDER PATTERN,NORMAL,No suspicious patterns identified
1719344492,PHARMACY_CLAIM,1,0,0.0,0,0,0,0,0,0,0,10.03,10.03,0.0,LOW-RISK PROVIDER PATTERN,NORMAL,No suspicious patterns identified
1580246493,PHARMACY_CLAIM,1,0,0.0,0,0,0,0,0,0,0,10.02,10.02,0.0,LOW-RISK PROVIDER PATTERN,NORMAL,No suspicious patterns identified
1581483238,PHARMACY_CLAIM,1,0,0.0,0,0,0,0,0,0,0,10.01,10.01,0.0,LOW-RISK PROVIDER PATTERN,NORMAL,No suspicious patterns identified
1180921015,PHARMACY_CLAIM,1,0,0.0,0,0,0,0,0,0,0,10.0,10.0,0.0,LOW-RISK PROVIDER PATTERN,NORMAL,No suspicious patterns identified
1902206857,MEDICAL_CLAIM,1,0,0.0,0,0,0,0,0,0,0,9.99,9.99,0.0,LOW-RISK PROVIDER PATTERN,NORMAL,No suspicious patterns identified
1093026619,MEDICAL_CLAIM,1,0,0.0,0,1,0,0,0,0,0,9.98,9.98,0.0,LOW-RISK PROVIDER PATTERN,NORMAL,No suspicious patterns identified
1133841396,PHARMACY_CLAIM,1,0,0.0,0,0,0,0,0,0,0,9.98,9.98,0.0,LOW-RISK PROVIDER PATTERN,NORMAL,No suspicious patterns identified
1871252206,PHARMACY_CLAIM,1,0,0.0,0,0,0,0,0,0,0,9.97,9.97,0.0,LOW-RISK PROVIDER PATTERN,NORMAL,No suspicious patterns identified
1649526773,MEDICAL_CLAIM,2,0,0.0,0,1,0,0,0,0,0,9.96,18.9,0.0,LOW-RISK PROVIDER PATTERN,NORMAL,No suspicious patterns identified
1782252720,PHARMACY_CLAIM,1,0,0.0,0,0,0,0,0,0,0,9.95,9.95,0.0,LOW-RISK PROVIDER PATTERN,NORMAL,No suspicious patterns identified
1686888117,PHARMACY_CLAIM,1,0,0.0,0,0,0,0,0,0,0,9.94,9.94,0.0,LOW-RISK PROVIDER PATTERN,NORMAL,No suspicious patterns identified
1396654436,PHARMACY_CLAIM,1,0,0.0,0,0,0,0,0,0,0,9.93,9.93,0.0,LOW-RISK PROVIDER PATTERN,NORMAL,No suspicious patterns identified
1473926947,PRIOR_AUTH,1,0,0.0,0,0,0,0,0,0,0,9.93,9.93,0.0,LOW-RISK PROVIDER PATTERN,NORMAL,No suspicious patterns identified
1040331086,PHARMACY_CLAIM,1,0,0.0,0,0,0,0,0,0,0,9.92,9.92,0.0,LOW-RISK PROVIDER PATTERN,NORMAL,No suspicious patterns identified
1870126887,PHARMACY_CLAIM,1,0,0.0,0,0,0,0,0,0,0,9.91,9.91,0.0,LOW-RISK PROVIDER PATTERN,NORMAL,No suspicious patterns identified
1174019327,MEDICAL_CLAIM,5,0,0.0,0,1,0,0,0,0,0,9.9,15.37,0.0,LOW-RISK PROVIDER PATTERN,NORMAL,No suspicious patterns identified
1280447843,PRIOR_AUTH,1,0,0.0,0,0,0,0,0,0,0,9.9,9.9,0.0,LOW-RISK PROVIDER PATTERN,NORMAL,No suspicious patterns identified
1345541037,PRIOR_AUTH,1,0,0.0,0,0,0,0,0,0,0,9.9,9.9,0.0,LOW-RISK PROVIDER PATTERN,NORMAL,No suspicious patterns identified
1961150163,PHARMACY_CLAIM,1,0,0.0,0,0,0,0,0,0,0,9.9,9.9,0.0,LOW-RISK PROVIDER PATTERN,NORMAL,No suspicious patterns identified
1230882801,PHARMACY_CLAIM,1,0,0.0,0,0,0,0,0,0,0,9.89,9.89,0.0,LOW-RISK PROVIDER PATTERN,NORMAL,No suspicious patterns identified
1730207663,MEDICAL_CLAIM,3,0,0.0,0,2,0,0,0,0,0,9.88,16.09,0.0,LOW-RISK PROVIDER PATTERN,NORMAL,No suspicious patterns identified
1147674301,PHARMACY_CLAIM,1,0,0.0,0,0,0,0,0,0,0,9.88,9.88,0.0,LOW-RISK PROVIDER PATTERN,NORMAL,No suspicious patterns identified
1024248983,PHARMACY_CLAIM,1,0,0.0,0,0,0,0,0,0,0,9.86,9.86,0.0,LOW-RISK PROVIDER PATTERN,NORMAL,No suspicious patterns identified
1657105636,PRIOR_AUTH,1,0,0.0,0,0,0,0,0,0,0,9.85,9.85,0.0,LOW-RISK PROVIDER PATTERN,NORMAL,No suspicious patterns identified
1790247476,MEDICAL_CLAIM,4,0,0.0,0,0,0,0,0,0,0,9.84,13.09,0.0,LOW-RISK PROVIDER PATTERN,NORMAL,No suspicious patterns identified
1273617211,PHARMACY_CLAIM,1,0,0.0,0,0,0,0,0,0,0,9.84,9.84,0.0,LOW-RISK PROVIDER PATTERN,NORMAL,No suspicious patterns identified
1336188413,PRIOR_AUTH,1,0,0.0,0,0,0,0,0,0,0,9.84,9.84,0.0,LOW-RISK PROVIDER PATTERN,NORMAL,No suspicious patterns identified
1175398339,PHARMACY_CLAIM,1,0,0.0,0,0,0,0,0,0,0,9.83,9.83,0.0,LOW-RISK PROVIDER PATTERN,NORMAL,No suspicious patterns identified
1508472804,MEDICAL_CLAIM,1,0,0.0,0,1,0,0,0,0,0,9.82,9.82,0.0,LOW-RISK PROVIDER PATTERN,NORMAL,No suspicious patterns identified
1455071527,PHARMACY_CLAIM,1,0,0.0,0,0,0,0,0,0,0,9.8,9.8,0.0,LOW-RISK PROVIDER PATTERN,NORMAL,No suspicious patterns identified
1558310052,MEDICAL_CLAIM,1,0,0.0,0,0,0,0,0,0,0,9.8,9.8,0.0,LOW-RISK PROVIDER PATTERN,NORMAL,No suspicious patterns identified
1618888455,PHARMACY_CLAIM,1,0,0.0,0,0,0,0,0,0,0,9.8,9.8,0.0,LOW-RISK PROVIDER PATTERN,NORMAL,No suspicious patterns identified
1102204095,PHARMACY_CLAIM,1,0,0.0,0,0,0,0,0,0,0,9.79,9.79,0.0,LOW-RISK PROVIDER PATTERN,NORMAL,No suspicious patterns identified
1425595045,PHARMACY_CLAIM,1,0,0.0,0,0,0,0,0,0,0,9.76,9.76,0.0,LOW-RISK PROVIDER PATTERN,NORMAL,No suspicious patterns identified
1087515250,PHARMACY_CLAIM,1,0,0.0,0,0,0,0,0,0,0,9.74,9.74,0.0,LOW-RISK PROVIDER PATTERN,NORMAL,No suspicious patterns identified
1762102169,PHARMACY_CLAIM,1,0,0.0,0,0,0,0,0,0,0,9.73,9.73,0.0,LOW-RISK PROVIDER PATTERN,NORMAL,No suspicious patterns identified
1043263080,MEDICAL_CLAIM,1,0,0.0,0,0,0,0,0,0,0,9.72,9.72,0.0,LOW-RISK PROVIDER PATTERN,NORMAL,No suspicious patterns identified
1143633247,PHARMACY_CLAIM,1,0,0.0,0,0,0,0,0,0,0,9.71,9.71,0.0,LOW-RISK PROVIDER PATTERN,NORMAL,No suspicious patterns identified
1407332984,MEDICAL_CLAIM,1,0,0.0,0,0,0,0,0,0,0,9.71,9.71,0.0,LOW-RISK PROVIDER PATTERN,NORMAL,No suspicious patterns identified
1438549212,PRIOR_AUTH,1,0,0.0,0,0,0,0,0,0,0,9.71,9.71,0.0,LOW-RISK PROVIDER PATTERN,NORMAL,No suspicious patterns identified
1438523584,PRIOR_AUTH,1,0,0.0,0,0,0,0,0,0,0,9.7,9.7,0.0,LOW-RISK PROVIDER PATTERN,NORMAL,No suspicious patterns identified
1832289707,PHARMACY_CLAIM,1,0,0.0,0,0,0,0,0,0,0,9.7,9.7,0.0,LOW-RISK PROVIDER PATTERN,NORMAL,No suspicious patterns identified
1560804810,PHARMACY_CLAIM,1,0,0.0,0,0,0,0,0,0,0,9.68,9.68,0.0,LOW-RISK PROVIDER PATTERN,NORMAL,No suspicious patterns identified
1124571815,MEDICAL_CLAIM,2,0,0.0,0,0,0,0,0,0,0,9.65,12.35,0.0,LOW-RISK PROVIDER PATTERN,NORMAL,No suspicious patterns identified
1183958228,PHARMACY_CLAIM,1,0,0.0,0,0,0,0,0,0,0,9.63,9.63,0.0,LOW-RISK PROVIDER PATTERN,NORMAL,No suspicious patterns identified
1337406191,PHARMACY_CLAIM,1,0,0.0,0,0,0,0,0,0,0,9.63,9.63,0.0,LOW-RISK PROVIDER PATTERN,NORMAL,No suspicious patterns identified
1164496006,MEDICAL_CLAIM,2,0,0.0,0,0,0,0,0,0,0,9.62,13.62,0.0,LOW-RISK PROVIDER PATTERN,NORMAL,No suspicious patterns identified
1321028573,PRIOR_AUTH,1,0,0.0,0,0,0,0,0,0,0,9.62,9.62,0.0,LOW-RISK PROVIDER PATTERN,NORMAL,No suspicious patterns identified
1817699460,PHARMACY_CLAIM,1,0,0.0,0,0,0,0,0,0,0,9.62,9.62,0.0,LOW-RISK PROVIDER PATTERN,NORMAL,No suspicious patterns identified
1418550458,PRIOR_AUTH,1,0,0.0,0,0,0,0,0,0,0,9.61,9.61,0.0,LOW-RISK PROVIDER PATTERN,NORMAL,No suspicious patterns identified
1430929079,PHARMACY_CLAIM,1,0,0.0,0,0,0,0,0,0,0,9.6,9.6,0.0,LOW-RISK PROVIDER PATTERN,NORMAL,No suspicious patterns identified
1625965784,PRIOR_AUTH,1,0,0.0,0,0,0,0,0,0,0,9.6,9.6,0.0,LOW-RISK PROVIDER PATTERN,NORMAL,No suspicious patterns identified
1131080247,PHARMACY_CLAIM,1,0,0.0,0,0,0,0,0,0,0,9.58,9.58,0.0,LOW-RISK PROVIDER PATTERN,NORMAL,No suspicious patterns identified
1239758129,PHARMACY_CLAIM,1,0,0.0,0,0,0,0,0,0,0,9.57,9.57,0.0,LOW-RISK PROVIDER PATTERN,NORMAL,No suspicious patterns identified
1542420866,PHARMACY_CLAIM,1,0,0.0,0,0,0,0,0,0,0,9.56,9.56,0.0,LOW-RISK PROVIDER PATTERN,NORMAL,No suspicious patterns identified
1196651241,PHARMACY_CLAIM,1,0,0.0,0,0,0,0,0,0,0,9.53,9.53,0.0,LOW-RISK PROVIDER PATTERN,NORMAL,No suspicious patterns identified
1501184955,PRIOR_AUTH,1,0,0.0,0,0,0,0,0,0,0,9.53,9.53,0.0,LOW-RISK PROVIDER PATTERN,NORMAL,No suspicious patterns identified
1961993888,PHARMACY_CLAIM,1,0,0.0,0,0,0,0,0,0,0,9.52,9.52,0.0,LOW-RISK PROVIDER PATTERN,NORMAL,No suspicious patterns identified
1063143868,PHARMACY_CLAIM,1,0,0.0,0,0,0,0,0,0,0,9.51,9.51,0.0,LOW-RISK PROVIDER PATTERN,NORMAL,No suspicious patterns identified
1928230034,PRIOR_AUTH,1,0,0.0,0,0,0,0,0,0,0,9.5,9.5,0.0,LOW-RISK PROVIDER PATTERN,NORMAL,No suspicious patterns identified
1963294435,PHARMACY_CLAIM,1,0,0.0,0,0,0,0,0,0,0,9.5,9.5,0.0,LOW-RISK PROVIDER PATTERN,NORMAL,No suspicious patterns identified
1563719015,PHARMACY_CLAIM,1,0,0.0,0,0,0,0,0,0,0,9.49,9.49,0.0,LOW-RISK PROVIDER PATTERN,NORMAL,No suspicious patterns identified
1966582448,PHARMACY_CLAIM,1,0,0.0,0,0,0,0,0,0,0,9.48,9.48,0.0,LOW-RISK PROVIDER PATTERN,NORMAL,No suspicious patterns identified
1891853446,MEDICAL_CLAIM,1,0,0.0,0,0,0,0,0,0,0,9.47,9.47,0.0,LOW-RISK PROVIDER PATTERN,NORMAL,No suspicious patterns identified
1594518301,PHARMACY_CLAIM,1,0,0.0,0,0,0,0,0,0,0,9.46,9.46,0.0,LOW-RISK PROVIDER PATTERN,NORMAL,No suspicious patterns identified
1695002592,PHARMACY_CLAIM,1,0,0.0,0,0,0,0,0,0,0,9.46,9.46,0.0,LOW-RISK PROVIDER PATTERN,NORMAL,No suspicious patterns identified
1230524790,PHARMACY_CLAIM,1,0,0.0,0,0,0,0,0,0,0,9.45,9.45,0.0,LOW-RISK PROVIDER PATTERN,NORMAL,No suspicious patterns identified
1362708908,PHARMACY_CLAIM,1,0,0.0,0,0,0,0,0,0,0,9.44,9.44,0.0,LOW-RISK PROVIDER PATTERN,NORMAL,No suspicious patterns identified
1911378677,PHARMACY_CLAIM,1,0,0.0,0,0,0,0,0,0,0,9.42,9.42,0.0,LOW-RISK PROVIDER PATTERN,NORMAL,No suspicious patterns identified
1360222851,PHARMACY_CLAIM,1,0,0.0,0,0,0,0,0,0,0,9.4,9.4,0.0,LOW-RISK PROVIDER PATTERN,NORMAL,No suspicious patterns identified
1231295133,PRIOR_AUTH,1,0,0.0,0,0,0,0,0,0,0,9.39,9.39,0.0,LOW-RISK PROVIDER PATTERN,NORMAL,No suspicious patterns identified
1232484112,PHARMACY_CLAIM,1,0,0.0,0,0,0,0,0,0,0,9.38,9.38,0.0,LOW-RISK PROVIDER PATTERN,NORMAL,No suspicious patterns identified
1750546313,MEDICAL_CLAIM,4,1,25.0,0,1,0,0,0,0,0,9.37,33.7,0.0,HIGH-RISK PROVIDER PATTERN,PROVIDER REQUIRING REVIEW,25.0% flagged records
1003101346,MEDICAL_CLAIM,1,0,0.0,0,0,0,0,0,0,0,9.36,9.36,0.0,LOW-RISK PROVIDER PATTERN,NORMAL,No suspicious patterns identified
1130600464,PHARMACY_CLAIM,1,0,0.0,0,0,0,0,0,0,0,9.36,9.36,0.0,LOW-RISK PROVIDER PATTERN,NORMAL,No suspicious patterns identified
1094701263,PHARMACY_CLAIM,1,0,0.0,0,0,0,0,0,0,0,9.35,9.35,0.0,LOW-RISK PROVIDER PATTERN,NORMAL,No suspicious patterns identified
1909313863,PRIOR_AUTH,1,0,0.0,0,0,0,0,0,0,0,9.35,9.35,0.0,LOW-RISK PROVIDER PATTERN,NORMAL,No suspicious patterns identified
1916107730,PHARMACY_CLAIM,1,0,0.0,0,0,0,0,0,0,0,9.34,9.34,0.0,LOW-RISK PROVIDER PATTERN,NORMAL,No suspicious patterns identified
1710559836,MEDICAL_CLAIM,5,1,20.0,0,0,1,0,0,0,0,9.31,25.69,0.0,HIGH-RISK PROVIDER PATTERN,PROVIDER REQUIRING REVIEW,20.0% flagged records
1841709763,MEDICAL_CLAIM,5,1,20.0,0,1,1,0,0,0,0,9.31,26.13,0.0,HIGH-RISK PROVIDER PATTERN,PROVIDER REQUIRING REVIEW,20.0% flagged records
1996391735,PHARMACY_CLAIM,1,0,0.0,0,0,0,0,0,0,0,9.31,9.31,0.0,LOW-RISK PROVIDER PATTERN,NORMAL,No suspicious patterns identified
1382194541,PHARMACY_CLAIM,1,0,0.0,0,0,0,0,0,0,0,9.28,9.28,0.0,LOW-RISK PROVIDER PATTERN,NORMAL,No suspicious patterns identified
1184109497,PHARMACY_CLAIM,1,0,0.0,0,0,0,0,0,0,0,9.27,9.27,0.0,LOW-RISK PROVIDER PATTERN,NORMAL,No suspicious patterns identified
1811347651,MEDICAL_CLAIM,1,0,0.0,0,0,0,0,0,0,0,9.27,9.27,0.0,LOW-RISK PROVIDER PATTERN,NORMAL,No suspicious patterns identified
1919578156,PHARMACY_CLAIM,1,0,0.0,0,0,0,0,0,0,0,9.25,9.25,0.0,LOW-RISK PROVIDER PATTERN,NORMAL,No suspicious patterns identified
1991785622,PHARMACY_CLAIM,1,0,0.0,0,0,0,0,0,0,0,9.24,9.24,0.0,LOW-RISK PROVIDER PATTERN,NORMAL,No suspicious patterns identified
1315492749,PHARMACY_CLAIM,1,0,0.0,0,0,0,0,0,0,0,9.22,9.22,0.0,LOW-RISK PROVIDER PATTERN,NORMAL,No suspicious patterns identified
1406292784,PRIOR_AUTH,1,0,0.0,0,0,0,0,0,0,0,9.22,9.22,0.0,LOW-RISK PROVIDER PATTERN,NORMAL,No suspicious patterns identified
1139006541,PHARMACY_CLAIM,1,0,0.0,0,0,0,0,0,0,0,9.21,9.21,0.0,LOW-RISK PROVIDER PATTERN,NORMAL,No suspicious patterns identified
1609814219,MEDICAL_CLAIM,1,0,0.0,0,0,0,0,0,0,0,9.19,9.19,0.0,LOW-RISK PROVIDER PATTERN,NORMAL,No suspicious patterns identified
1599260795,PRIOR_AUTH,1,0,0.0,0,0,0,0,0,0,0,9.18,9.18,0.0,LOW-RISK PROVIDER PATTERN,NORMAL,No suspicious patterns identified
1588422737,PHARMACY_CLAIM,1,0,0.0,0,0,0,0,0,0,0,9.16,9.16,0.0,LOW-RISK PROVIDER PATTERN,NORMAL,No suspicious patterns identified
1300678929,PHARMACY_CLAIM,1,0,0.0,0,0,0,0,0,0,0,9.11,9.11,0.0,LOW-RISK PROVIDER PATTERN,NORMAL,No suspicious patterns identified
1474928349,PHARMACY_CLAIM,1,0,0.0,0,0,0,0,0,0,0,9.08,9.08,0.0,LOW-RISK PROVIDER PATTERN,NORMAL,No suspicious patterns identified
1246762770,PRIOR_AUTH,1,0,0.0,0,0,0,0,0,0,0,9.06,9.06,0.0,LOW-RISK PROVIDER PATTERN,NORMAL,No suspicious patterns identified
1645243292,PHARMACY_CLAIM,1,0,0.0,0,0,0,0,0,0,0,9.04,9.04,0.0,LOW-RISK PROVIDER PATTERN,NORMAL,No suspicious patterns identified
1983732684,PRIOR_AUTH,1,0,0.0,0,0,0,0,0,0,0,9.04,9.04,0.0,LOW-RISK PROVIDER PATTERN,NORMAL,No suspicious patterns identified
1033556290,PRIOR_AUTH,1,0,0.0,0,0,0,0,0,0,0,9.02,9.02,0.0,LOW-RISK PROVIDER PATTERN,NORMAL,No suspicious patterns identified
1235672527,PRIOR_AUTH,1,0,0.0,0,0,0,0,0,0,0,9.02,9.02,0.0,LOW-RISK PROVIDER PATTERN,NORMAL,No suspicious patterns identified
1831315739,PHARMACY_CLAIM,1,0,0.0,0,0,0,0,0,0,0,9.01,9.01,0.0,LOW-RISK PROVIDER PATTERN,NORMAL,No suspicious patterns identified
1609842152,MEDICAL_CLAIM,1,0,0.0,0,0,0,0,0,0,0,8.99,8.99,0.0,LOW-RISK PROVIDER PATTERN,NORMAL,No suspicious patterns identified
1895032668,PHARMACY_CLAIM,1,0,0.0,0,0,0,0,0,0,0,8.99,8.99,0.0,LOW-RISK PROVIDER PATTERN,NORMAL,No suspicious patterns identified
1429054019,PHARMACY_CLAIM,1,0,0.0,0,0,0,0,0,0,0,8.98,8.98,0.0,LOW-RISK PROVIDER PATTERN,NORMAL,No suspicious patterns identified
1957219699,PHARMACY_CLAIM,1,0,0.0,0,0,0,0,0,0,0,8.98,8.98,0.0,LOW-RISK PROVIDER PATTERN,NORMAL,No suspicious patterns identified
1697053663,PHARMACY_CLAIM,1,0,0.0,0,0,0,0,0,0,0,8.96,8.96,0.0,LOW-RISK PROVIDER PATTERN,NORMAL,No suspicious patterns identified
1639271794,MEDICAL_CLAIM,6,1,16.67,0,1,1,0,0,0,0,8.95,26.98,0.0,HIGH-RISK PROVIDER PATTERN,PROVIDER REQUIRING REVIEW,16.7% flagged records
1554625245,PRIOR_AUTH,1,0,0.0,0,0,0,0,0,0,0,8.95,8.95,0.0,LOW-RISK PROVIDER PATTERN,NORMAL,No suspicious patterns identified
1804872298,PHARMACY_CLAIM,1,0,0.0,0,0,0,0,0,0,0,8.93,8.93,0.0,LOW-RISK PROVIDER PATTERN,NORMAL,No suspicious patterns identified
1391554132,PHARMACY_CLAIM,1,0,0.0,0,0,0,0,0,0,0,8.91,8.91,0.0,LOW-RISK PROVIDER PATTERN,NORMAL,No suspicious patterns identified
1594692421,PHARMACY_CLAIM,1,0,0.0,0,0,0,0,0,0,0,8.9,8.9,0.0,LOW-RISK PROVIDER PATTERN,NORMAL,No suspicious patterns identified
1760586325,MEDICAL_CLAIM,1,0,0.0,0,0,0,0,0,0,0,8.9,8.9,0.0,LOW-RISK PROVIDER PATTERN,NORMAL,No suspicious patterns identified
1786898220,PHARMACY_CLAIM,1,0,0.0,0,0,0,0,0,0,0,8.89,8.89,0.0,LOW-RISK PROVIDER PATTERN,NORMAL,No suspicious patterns identified
1447318902,PHARMACY_CLAIM,1,0,0.0,0,0,0,0,0,0,0,8.88,8.88,0.0,LOW-RISK PROVIDER PATTERN,NORMAL,No suspicious patterns identified
1915830348,PRIOR_AUTH,1,0,0.0,0,0,0,0,0,0,0,8.88,8.88,0.0,LOW-RISK PROVIDER PATTERN,NORMAL,No suspicious patterns identified
1756195765,PHARMACY_CLAIM,1,0,0.0,0,0,0,0,0,0,0,8.87,8.87,0.0,LOW-RISK PROVIDER PATTERN,NORMAL,No suspicious patterns identified
1433996387,PHARMACY_CLAIM,1,0,0.0,0,0,0,0,0,0,0,8.84,8.84,0.0,LOW-RISK PROVIDER PATTERN,NORMAL,No suspicious patterns identified
1194741611,MEDICAL_CLAIM,1,0,0.0,0,0,0,0,0,0,0,8.83,8.83,0.0,LOW-RISK PROVIDER PATTERN,NORMAL,No suspicious patterns identified
1981311467,PHARMACY_CLAIM,1,0,0.0,0,0,0,0,0,0,0,8.83,8.83,0.0,LOW-RISK PROVIDER PATTERN,NORMAL,No suspicious patterns identified
1814321349,PRIOR_AUTH,1,0,0.0,0,0,0,0,0,0,0,8.81,8.81,0.0,LOW-RISK PROVIDER PATTERN,NORMAL,No suspicious patterns identified
1769293828,PRIOR_AUTH,1,0,0.0,0,0,0,0,0,0,0,8.8,8.8,0.0,LOW-RISK PROVIDER PATTERN,NORMAL,No suspicious patterns identified
1278533989,PHARMACY_CLAIM,1,0,0.0,0,0,0,0,0,0,0,8.77,8.77,0.0,LOW-RISK PROVIDER PATTERN,NORMAL,No suspicious patterns identified
1841313790,PHARMACY_CLAIM,1,0,0.0,0,0,0,0,0,0,0,8.77,8.77,0.0,LOW-RISK PROVIDER PATTERN,NORMAL,No suspicious patterns identified
1695158998,PRIOR_AUTH,1,0,0.0,0,0,0,0,0,0,0,8.76,8.76,0.0,LOW-RISK PROVIDER PATTERN,NORMAL,No suspicious patterns identified
1814930817,PHARMACY_CLAIM,1,0,0.0,0,0,0,0,0,0,0,8.76,8.76,0.0,LOW-RISK PROVIDER PATTERN,NORMAL,No suspicious patterns identified
1868654520,PRIOR_AUTH,1,0,0.0,0,0,0,0,0,0,0,8.76,8.76,0.0,LOW-RISK PROVIDER PATTERN,NORMAL,No suspicious patterns identified
1113334243,PHARMACY_CLAIM,1,0,0.0,0,0,0,0,0,0,0,8.73,8.73,0.0,LOW-RISK PROVIDER PATTERN,NORMAL,No suspicious patterns identified
1164779654,PHARMACY_CLAIM,1,0,0.0,0,0,0,0,0,0,0,8.72,8.72,0.0,LOW-RISK PROVIDER PATTERN,NORMAL,No suspicious patterns identified
1891010393,MEDICAL_CLAIM,1,0,0.0,0,1,0,0,0,0,0,8.72,8.72,0.0,LOW-RISK PROVIDER PATTERN,NORMAL,No suspicious patterns identified
1851347223,MEDICAL_CLAIM,3,0,0.0,0,1,0,0,0,0,0,8.7,16.97,0.0,LOW-RISK PROVIDER PATTERN,NORMAL,No suspicious patterns identified
1584952942,PRIOR_AUTH,1,0,0.0,0,0,0,0,0,0,0,8.69,8.69,0.0,LOW-RISK PROVIDER PATTERN,NORMAL,No suspicious patterns identified
1710639595,PHARMACY_CLAIM,1,0,0.0,0,0,0,0,0,0,0,8.69,8.69,0.0,LOW-RISK PROVIDER PATTERN,NORMAL,No suspicious patterns identified
1625526943,PHARMACY_CLAIM,1,0,0.0,0,0,0,0,0,0,0,8.66,8.66,0.0,LOW-RISK PROVIDER PATTERN,NORMAL,No suspicious patterns identified
1963096011,PRIOR_AUTH,1,0,0.0,0,0,0,0,0,0,0,8.65,8.65,0.0,LOW-RISK PROVIDER PATTERN,NORMAL,No suspicious patterns identified
1265816300,MEDICAL_CLAIM,1,0,0.0,0,0,0,0,0,0,0,8.63,8.63,0.0,LOW-RISK PROVIDER PATTERN,NORMAL,No suspicious patterns identified
1662379058,PHARMACY_CLAIM,1,0,0.0,0,0,0,0,0,0,0,8.62,8.62,0.0,LOW-RISK PROVIDER PATTERN,NORMAL,No suspicious patterns identified
1799753356,PHARMACY_CLAIM,1,0,0.0,0,0,0,0,0,0,0,8.62,8.62,0.0,LOW-RISK PROVIDER PATTERN,NORMAL,No suspicious patterns identified
1618894425,PHARMACY_CLAIM,1,0,0.0,0,0,0,0,0,0,0,8.61,8.61,0.0,LOW-RISK PROVIDER PATTERN,NORMAL,No suspicious patterns identified
1982132189,MEDICAL_CLAIM,1,0,0.0,0,0,0,0,0,0,0,8.6,8.6,0.0,LOW-RISK PROVIDER PATTERN,NORMAL,No suspicious patterns identified
1285057281,MEDICAL_CLAIM,2,0,0.0,0,1,0,0,0,0,0,8.59,14.96,0.0,LOW-RISK PROVIDER PATTERN,NORMAL,No suspicious patterns identified
1407389590,PHARMACY_CLAIM,1,0,0.0,0,0,0,0,0,0,0,8.59,8.59,0.0,LOW-RISK PROVIDER PATTERN,NORMAL,No suspicious patterns identified
1932162301,PRIOR_AUTH,1,0,0.0,0,0,0,0,0,0,0,8.58,8.58,0.0,LOW-RISK PROVIDER PATTERN,NORMAL,No suspicious patterns identified
1934872641,PHARMACY_CLAIM,1,0,0.0,0,0,0,0,0,0,0,8.58,8.58,0.0,LOW-RISK PROVIDER PATTERN,NORMAL,No suspicious patterns identified
1586936188,PHARMACY_CLAIM,1,0,0.0,0,0,0,0,0,0,0,8.55,8.55,0.0,LOW-RISK PROVIDER PATTERN,NORMAL,No suspicious patterns identified
1033573183,MEDICAL_CLAIM,2,0,0.0,0,0,0,0,0,0,0,8.54,11.32,0.0,LOW-RISK PROVIDER PATTERN,NORMAL,No suspicious patterns identified
1358090744,PHARMACY_CLAIM,1,0,0.0,0,0,0,0,0,0,0,8.54,8.54,0.0,LOW-RISK PROVIDER PATTERN,NORMAL,No suspicious patterns identified
1549687650,PHARMACY_CLAIM,1,0,0.0,0,0,0,0,0,0,0,8.54,8.54,0.0,LOW-RISK PROVIDER PATTERN,NORMAL,No suspicious patterns identified
1053637180,PRIOR_AUTH,1,0,0.0,0,0,0,0,0,0,0,8.53,8.53,0.0,LOW-RISK PROVIDER PATTERN,NORMAL,No suspicious patterns identified
1345746278,PRIOR_AUTH,1,0,0.0,0,0,0,0,0,0,0,8.51,8.51,0.0,LOW-RISK PROVIDER PATTERN,NORMAL,No suspicious patterns identified
1401496942,PHARMACY_CLAIM,1,0,0.0,0,0,0,0,0,0,0,8.51,8.51,0.0,LOW-RISK PROVIDER PATTERN,NORMAL,No suspicious patterns identified
1595849001,PHARMACY_CLAIM,1,0,0.0,0,0,0,0,0,0,0,8.51,8.51,0.0,LOW-RISK PROVIDER PATTERN,NORMAL,No suspicious patterns identified
1984430334,PRIOR_AUTH,1,0,0.0,0,0,0,0,0,0,0,8.49,8.49,0.0,LOW-RISK PROVIDER PATTERN,NORMAL,No suspicious patterns identified
1495589862,PHARMACY_CLAIM,1,0,0.0,0,0,0,0,0,0,0,8.46,8.46,0.0,LOW-RISK PROVIDER PATTERN,NORMAL,No suspicious patterns identified
1749859514,PHARMACY_CLAIM,1,0,0.0,0,0,0,0,0,0,0,8.45,8.45,0.0,LOW-RISK PROVIDER PATTERN,NORMAL,No suspicious patterns identified
1871523795,MEDICAL_CLAIM,3,0,0.0,0,0,1,0,0,0,0,8.44,22.11,0.0,LOW-RISK PROVIDER PATTERN,NORMAL,No suspicious patterns identified
1743796983,PHARMACY_CLAIM,1,0,0.0,0,0,0,0,0,0,0,8.44,8.44,0.0,LOW-RISK PROVIDER PATTERN,NORMAL,No suspicious patterns identified
1962165104,PHARMACY_CLAIM,1,0,0.0,0,0,0,0,0,0,0,8.39,8.39,0.0,LOW-RISK PROVIDER PATTERN,NORMAL,No suspicious patterns identified
1170258599,PRIOR_AUTH,1,0,0.0,0,0,0,0,0,0,0,8.38,8.38,0.0,LOW-RISK PROVIDER PATTERN,NORMAL,No suspicious patterns identified
1824077810,PRIOR_AUTH,1,0,0.0,0,0,0,0,0,0,0,8.35,8.35,0.0,LOW-RISK PROVIDER PATTERN,NORMAL,No suspicious patterns identified
1041649984,PRIOR_AUTH,1,0,0.0,0,0,0,0,0,0,0,8.34,8.34,0.0,LOW-RISK PROVIDER PATTERN,NORMAL,No suspicious patterns identified
1299277678,PHARMACY_CLAIM,1,0,0.0,0,0,0,0,0,0,0,8.34,8.34,0.0,LOW-RISK PROVIDER PATTERN,NORMAL,No suspicious patterns identified
1135770330,PHARMACY_CLAIM,1,0,0.0,0,0,0,0,0,0,0,8.32,8.32,0.0,LOW-RISK PROVIDER PATTERN,NORMAL,No suspicious patterns identified
1154652024,PHARMACY_CLAIM,1,0,0.0,0,0,0,0,0,0,0,8.31,8.31,0.0,LOW-RISK PROVIDER PATTERN,NORMAL,No suspicious patterns identified
1797193162,PHARMACY_CLAIM,1,0,0.0,0,0,0,0,0,0,0,8.31,8.31,0.0,LOW-RISK PROVIDER PATTERN,NORMAL,No suspicious patterns identified
1446820808,PRIOR_AUTH,1,0,0.0,0,0,0,0,0,0,0,8.3,8.3,0.0,LOW-RISK PROVIDER PATTERN,NORMAL,No suspicious patterns identified
1072282149,PRIOR_AUTH,1,0,0.0,0,0,0,0,0,0,0,8.29,8.29,0.0,LOW-RISK PROVIDER PATTERN,NORMAL,No suspicious patterns identified
1841530946,MEDICAL_CLAIM,1,0,0.0,0,0,0,0,0,0,0,8.29,8.29,0.0,LOW-RISK PROVIDER PATTERN,NORMAL,No suspicious patterns identified
1780717579,MEDICAL_CLAIM,2,0,0.0,0,0,0,0,0,0,0,8.27,9.79,0.0,LOW-RISK PROVIDER PATTERN,NORMAL,No suspicious patterns identified
1820130093,PHARMACY_CLAIM,1,0,0.0,0,0,0,0,0,0,0,8.27,8.27,0.0,LOW-RISK PROVIDER PATTERN,NORMAL,No suspicious patterns identified
1053780734,MEDICAL_CLAIM,1,0,0.0,0,0,0,0,0,0,0,8.26,8.26,0.0,LOW-RISK PROVIDER PATTERN,NORMAL,No suspicious patterns identified
1564052361,PHARMACY_CLAIM,1,0,0.0,0,0,0,0,0,0,0,8.26,8.26,0.0,LOW-RISK PROVIDER PATTERN,NORMAL,No suspicious patterns identified
1686578863,PHARMACY_CLAIM,1,0,0.0,0,0,0,0,0,0,0,8.23,8.23,0.0,LOW-RISK PROVIDER PATTERN,NORMAL,No suspicious patterns identified
1976000986,PHARMACY_CLAIM,1,0,0.0,0,0,0,0,0,0,0,8.22,8.22,0.0,LOW-RISK PROVIDER PATTERN,NORMAL,No suspicious patterns identified
1639240393,MEDICAL_CLAIM,1,0,0.0,0,0,0,0,0,0,0,8.21,8.21,0.0,LOW-RISK PROVIDER PATTERN,NORMAL,No suspicious patterns identified
1680445725,PHARMACY_CLAIM,1,0,0.0,0,0,0,0,0,0,0,8.21,8.21,0.0,LOW-RISK PROVIDER PATTERN,NORMAL,No suspicious patterns identified
1995952155,PHARMACY_CLAIM,1,0,0.0,0,0,0,0,0,0,0,8.2,8.2,0.0,LOW-RISK PROVIDER PATTERN,NORMAL,No suspicious patterns identified
1247232382,PHARMACY_CLAIM,1,0,0.0,0,0,0,0,0,0,0,8.19,8.19,0.0,LOW-RISK PROVIDER PATTERN,NORMAL,No suspicious patterns identified
1026845017,PHARMACY_CLAIM,1,0,0.0,0,0,0,0,0,0,0,8.18,8.18,0.0,LOW-RISK PROVIDER PATTERN,NORMAL,No suspicious patterns identified
1514452548,PRIOR_AUTH,1,0,0.0,0,0,0,0,0,0,0,8.16,8.16,0.0,LOW-RISK PROVIDER PATTERN,NORMAL,No suspicious patterns identified
1429930409,PHARMACY_CLAIM,1,0,0.0,0,0,0,0,0,0,0,8.15,8.15,0.0,LOW-RISK PROVIDER PATTERN,NORMAL,No suspicious patterns identified
1279261274,PRIOR_AUTH,1,0,0.0,0,0,0,0,0,0,0,8.14,8.14,0.0,LOW-RISK PROVIDER PATTERN,NORMAL,No suspicious patterns identified
1577516361,PHARMACY_CLAIM,1,0,0.0,0,0,0,0,0,0,0,8.14,8.14,0.0,LOW-RISK PROVIDER PATTERN,NORMAL,No suspicious patterns identified
1810891009,PRIOR_AUTH,1,0,0.0,0,0,0,0,0,0,0,8.14,8.14,0.0,LOW-RISK PROVIDER PATTERN,NORMAL,No suspicious patterns identified
1104622065,PHARMACY_CLAIM,1,0,0.0,0,0,0,0,0,0,0,8.12,8.12,0.0,LOW-RISK PROVIDER PATTERN,NORMAL,No suspicious patterns identified
1725390788,PHARMACY_CLAIM,1,0,0.0,0,0,0,0,0,0,0,8.11,8.11,0.0,LOW-RISK PROVIDER PATTERN,NORMAL,No suspicious patterns identified
1054194391,PHARMACY_CLAIM,1,0,0.0,0,0,0,0,0,0,0,8.1,8.1,0.0,LOW-RISK PROVIDER PATTERN,NORMAL,No suspicious patterns identified
1598788218,MEDICAL_CLAIM,2,0,0.0,0,0,0,0,0,0,0,8.09,11.21,0.0,LOW-RISK PROVIDER PATTERN,NORMAL,No suspicious patterns identified
1275552812,MEDICAL_CLAIM,5,0,0.0,0,1,0,0,0,0,0,8.08,18.9,0.0,LOW-RISK PROVIDER PATTERN,NORMAL,No suspicious patterns identified
1689198863,MEDICAL_CLAIM,3,0,0.0,0,0,0,0,0,0,0,8.08,11.21,0.0,LOW-RISK PROVIDER PATTERN,NORMAL,No suspicious patterns identified
1989432939,PHARMACY_CLAIM,1,0,0.0,0,0,0,0,0,0,0,8.06,8.06,0.0,LOW-RISK PROVIDER PATTERN,NORMAL,No suspicious patterns identified
1502377124,PHARMACY_CLAIM,1,0,0.0,0,0,0,0,0,0,0,8.05,8.05,0.0,LOW-RISK PROVIDER PATTERN,NORMAL,No suspicious patterns identified
1004213002,PRIOR_AUTH,1,0,0.0,0,0,0,0,0,0,0,8.04,8.04,0.0,LOW-RISK PROVIDER PATTERN,NORMAL,No suspicious patterns identified
1065062433,PHARMACY_CLAIM,1,0,0.0,0,0,0,0,0,0,0,8.04,8.04,0.0,LOW-RISK PROVIDER PATTERN,NORMAL,No suspicious patterns identified
1144447505,PHARMACY_CLAIM,1,0,0.0,0,0,0,0,0,0,0,8.01,8.01,0.0,LOW-RISK PROVIDER PATTERN,NORMAL,No suspicious patterns identified
1491251338,PHARMACY_CLAIM,1,0,0.0,0,0,0,0,0,0,0,8.0,8.0,0.0,LOW-RISK PROVIDER PATTERN,NORMAL,No suspicious patterns identified
1931577070,PRIOR_AUTH,1,0,0.0,0,0,0,0,0,0,0,8.0,8.0,0.0,LOW-RISK PROVIDER PATTERN,NORMAL,No suspicious patterns identified
1535174498,PHARMACY_CLAIM,1,0,0.0,0,0,0,0,0,0,0,7.99,7.99,0.0,LOW-RISK PROVIDER PATTERN,NORMAL,No suspicious patterns identified
1995737535,PRIOR_AUTH,1,0,0.0,0,0,0,0,0,0,0,7.99,7.99,0.0,LOW-RISK PROVIDER PATTERN,NORMAL,No suspicious patterns identified
1598160358,PHARMACY_CLAIM,1,0,0.0,0,0,0,0,0,0,0,7.95,7.95,0.0,LOW-RISK PROVIDER PATTERN,NORMAL,No suspicious patterns identified
1073547154,MEDICAL_CLAIM,2,0,0.0,0,1,0,0,0,0,0,7.93,14.99,0.0,LOW-RISK PROVIDER PATTERN,NORMAL,No suspicious patterns identified
1913355063,PRIOR_AUTH,1,0,0.0,0,0,0,0,0,0,0,7.92,7.92,0.0,LOW-RISK PROVIDER PATTERN,NORMAL,No suspicious patterns identified
1449120010,PHARMACY_CLAIM,1,0,0.0,0,0,0,0,0,0,0,7.9,7.9,0.0,LOW-RISK PROVIDER PATTERN,NORMAL,No suspicious patterns identified
1750847650,PHARMACY_CLAIM,1,0,0.0,0,0,0,0,0,0,0,7.9,7.9,0.0,LOW-RISK PROVIDER PATTERN,NORMAL,No suspicious patterns identified
1060677801,PRIOR_AUTH,1,0,0.0,0,0,0,0,0,0,0,7.89,7.89,0.0,LOW-RISK PROVIDER PATTERN,NORMAL,No suspicious patterns identified
1346240470,MEDICAL_CLAIM,1,0,0.0,0,0,0,0,0,0,0,7.88,7.88,0.0,LOW-RISK PROVIDER PATTERN,NORMAL,No suspicious patterns identified
1033434056,PHARMACY_CLAIM,1,0,0.0,0,0,0,0,0,0,0,7.87,7.87,0.0,LOW-RISK PROVIDER PATTERN,NORMAL,No suspicious patterns identified
1113084519,PHARMACY_CLAIM,1,0,0.0,0,0,0,0,0,0,0,7.84,7.84,0.0,LOW-RISK PROVIDER PATTERN,NORMAL,No suspicious patterns identified
1448160089,PRIOR_AUTH,1,0,0.0,0,0,0,0,0,0,0,7.84,7.84,0.0,LOW-RISK PROVIDER PATTERN,NORMAL,No suspicious patterns identified
1894828059,PHARMACY_CLAIM,1,0,0.0,0,0,0,0,0,0,0,7.83,7.83,0.0,LOW-RISK PROVIDER PATTERN,NORMAL,No suspicious patterns identified
1514159913,PRIOR_AUTH,1,0,0.0,0,0,0,0,0,0,0,7.81,7.81,0.0,LOW-RISK PROVIDER PATTERN,NORMAL,No suspicious patterns identified
1577635119,PRIOR_AUTH,1,0,0.0,0,0,0,0,0,0,0,7.81,7.81,0.0,LOW-RISK PROVIDER PATTERN,NORMAL,No suspicious patterns identified
1470401394,PRIOR_AUTH,1,0,0.0,0,0,0,0,0,0,0,7.8,7.8,0.0,LOW-RISK PROVIDER PATTERN,NORMAL,No suspicious patterns identified
1978093722,PHARMACY_CLAIM,1,0,0.0,0,0,0,0,0,0,0,7.79,7.79,0.0,LOW-RISK PROVIDER PATTERN,NORMAL,No suspicious patterns identified
1076986158,PHARMACY_CLAIM,1,0,0.0,0,0,0,0,0,0,0,7.77,7.77,0.0,LOW-RISK PROVIDER PATTERN,NORMAL,No suspicious patterns identified
1255339750,MEDICAL_CLAIM,1,0,0.0,0,0,0,0,0,0,0,7.77,7.77,0.0,LOW-RISK PROVIDER PATTERN,NORMAL,No suspicious patterns identified
1135486079,PHARMACY_CLAIM,1,0,0.0,0,0,0,0,0,0,0,7.75,7.75,0.0,LOW-RISK PROVIDER PATTERN,NORMAL,No suspicious patterns identified
1783756790,PHARMACY_CLAIM,1,0,0.0,0,0,0,0,0,0,0,7.74,7.74,0.0,LOW-RISK PROVIDER PATTERN,NORMAL,No suspicious patterns identified
1344668382,PHARMACY_CLAIM,1,0,0.0,0,0,0,0,0,0,0,7.71,7.71,0.0,LOW-RISK PROVIDER PATTERN,NORMAL,No suspicious patterns identified
1650586756,PHARMACY_CLAIM,1,0,0.0,0,0,0,0,0,0,0,7.7,7.7,0.0,LOW-RISK PROVIDER PATTERN,NORMAL,No suspicious patterns identified
1316230872,PRIOR_AUTH,1,0,0.0,0,0,0,0,0,0,0,7.69,7.69,0.0,LOW-RISK PROVIDER PATTERN,NORMAL,No suspicious patterns identified
1362452944,PRIOR_AUTH,1,0,0.0,0,0,0,0,0,0,0,7.69,7.69,0.0,LOW-RISK PROVIDER PATTERN,NORMAL,No suspicious patterns identified
1440263765,PHARMACY_CLAIM,1,0,0.0,0,0,0,0,0,0,0,7.69,7.69,0.0,LOW-RISK PROVIDER PATTERN,NORMAL,No suspicious patterns identified
1821234246,MEDICAL_CLAIM,1,0,0.0,0,0,0,0,0,0,0,7.69,7.69,0.0,LOW-RISK PROVIDER PATTERN,NORMAL,No suspicious patterns identified
1293259359,PHARMACY_CLAIM,1,0,0.0,0,0,0,0,0,0,0,7.68,7.68,0.0,LOW-RISK PROVIDER PATTERN,NORMAL,No suspicious patterns identified
1623592866,PHARMACY_CLAIM,1,0,0.0,0,0,0,0,0,0,0,7.67,7.67,0.0,LOW-RISK PROVIDER PATTERN,NORMAL,No suspicious patterns identified
1962663211,MEDICAL_CLAIM,2,0,0.0,0,0,0,0,0,0,0,7.65,10.45,0.0,LOW-RISK PROVIDER PATTERN,NORMAL,No suspicious patterns identified
1011132243,PRIOR_AUTH,1,0,0.0,0,0,0,0,0,0,0,7.65,7.65,0.0,LOW-RISK PROVIDER PATTERN,NORMAL,No suspicious patterns identified
1306724195,PHARMACY_CLAIM,1,0,0.0,0,0,0,0,0,0,0,7.65,7.65,0.0,LOW-RISK PROVIDER PATTERN,NORMAL,No suspicious patterns identified
1694490928,PRIOR_AUTH,1,0,0.0,0,0,0,0,0,0,0,7.64,7.64,0.0,LOW-RISK PROVIDER PATTERN,NORMAL,No suspicious patterns identified
1562758478,PHARMACY_CLAIM,1,0,0.0,0,0,0,0,0,0,0,7.63,7.63,0.0,LOW-RISK PROVIDER PATTERN,NORMAL,No suspicious patterns identified
1876635944,PHARMACY_CLAIM,1,0,0.0,0,0,0,0,0,0,0,7.62,7.62,0.0,LOW-RISK PROVIDER PATTERN,NORMAL,No suspicious patterns identified
1916442516,PHARMACY_CLAIM,1,0,0.0,0,0,0,0,0,0,0,7.61,7.61,0.0,LOW-RISK PROVIDER PATTERN,NORMAL,No suspicious patterns identified
1541163314,PRIOR_AUTH,1,0,0.0,0,0,0,0,0,0,0,7.6,7.6,0.0,LOW-RISK PROVIDER PATTERN,NORMAL,No suspicious patterns identified
1774428030,PRIOR_AUTH,1,0,0.0,0,0,0,0,0,0,0,7.6,7.6,0.0,LOW-RISK PROVIDER PATTERN,NORMAL,No suspicious patterns identified
1192359851,PHARMACY_CLAIM,1,0,0.0,0,0,0,0,0,0,0,7.59,7.59,0.0,LOW-RISK PROVIDER PATTERN,NORMAL,No suspicious patterns identified
1189564482,PRIOR_AUTH,1,0,0.0,0,0,0,0,0,0,0,7.58,7.58,0.0,LOW-RISK PROVIDER PATTERN,NORMAL,No suspicious patterns identified
1325261422,PHARMACY_CLAIM,1,0,0.0,0,0,0,0,0,0,0,7.58,7.58,0.0,LOW-RISK PROVIDER PATTERN,NORMAL,No suspicious patterns identified
1212448736,PHARMACY_CLAIM,1,0,0.0,0,0,0,0,0,0,0,7.57,7.57,0.0,LOW-RISK PROVIDER PATTERN,NORMAL,No suspicious patterns identified
1114341415,PHARMACY_CLAIM,1,0,0.0,0,0,0,0,0,0,0,7.55,7.55,0.0,LOW-RISK PROVIDER PATTERN,NORMAL,No suspicious patterns identified
1805745494,PHARMACY_CLAIM,1,0,0.0,0,0,0,0,0,0,0,7.55,7.55,0.0,LOW-RISK PROVIDER PATTERN,NORMAL,No suspicious patterns identified
1507455186,PRIOR_AUTH,1,0,0.0,0,0,0,0,0,0,0,7.54,7.54,0.0,LOW-RISK PROVIDER PATTERN,NORMAL,No suspicious patterns identified
1698756494,PRIOR_AUTH,1,0,0.0,0,0,0,0,0,0,0,7.54,7.54,0.0,LOW-RISK PROVIDER PATTERN,NORMAL,No suspicious patterns identified
1105887882,PHARMACY_CLAIM,1,0,0.0,0,0,0,0,0,0,0,7.53,7.53,0.0,LOW-RISK PROVIDER PATTERN,NORMAL,No suspicious patterns identified
1261592004,PRIOR_AUTH,1,0,0.0,0,0,0,0,0,0,0,7.52,7.52,0.0,LOW-RISK PROVIDER PATTERN,NORMAL,No suspicious patterns identified
1335101836,PHARMACY_CLAIM,1,0,0.0,0,0,0,0,0,0,0,7.52,7.52,0.0,LOW-RISK PROVIDER PATTERN,NORMAL,No suspicious patterns identified
1999364900,PRIOR_AUTH,1,0,0.0,0,0,0,0,0,0,0,7.52,7.52,0.0,LOW-RISK PROVIDER PATTERN,NORMAL,No suspicious patterns identified
1404270888,PHARMACY_CLAIM,1,0,0.0,0,0,0,0,0,0,0,7.51,7.51,0.0,LOW-RISK PROVIDER PATTERN,NORMAL,No suspicious patterns identified
1319218010,PHARMACY_CLAIM,1,0,0.0,0,0,0,0,0,0,0,7.49,7.49,0.0,LOW-RISK PROVIDER PATTERN,NORMAL,No suspicious patterns identified
1025476201,PHARMACY_CLAIM,1,0,0.0,0,0,0,0,0,0,0,7.47,7.47,0.0,LOW-RISK PROVIDER PATTERN,NORMAL,No suspicious patterns identified
1228138873,PRIOR_AUTH,1,0,0.0,0,0,0,0,0,0,0,7.47,7.47,0.0,LOW-RISK PROVIDER PATTERN,NORMAL,No suspicious patterns identified
1468031887,PRIOR_AUTH,1,0,0.0,0,0,0,0,0,0,0,7.47,7.47,0.0,LOW-RISK PROVIDER PATTERN,NORMAL,No suspicious patterns identified
1520269791,PHARMACY_CLAIM,1,0,0.0,0,0,0,0,0,0,0,7.47,7.47,0.0,LOW-RISK PROVIDER PATTERN,NORMAL,No suspicious patterns identified
1523174329,PRIOR_AUTH,1,0,0.0,0,0,0,0,0,0,0,7.45,7.45,0.0,LOW-RISK PROVIDER PATTERN,NORMAL,No suspicious patterns identified
1083051902,PHARMACY_CLAIM,1,0,0.0,0,0,0,0,0,0,0,7.44,7.44,0.0,LOW-RISK PROVIDER PATTERN,NORMAL,No suspicious patterns identified
1104690309,PRIOR_AUTH,1,0,0.0,0,0,0,0,0,0,0,7.44,7.44,0.0,LOW-RISK PROVIDER PATTERN,NORMAL,No suspicious patterns identified
1939398651,PRIOR_AUTH,1,0,0.0,0,0,0,0,0,0,0,7.4,7.4,0.0,LOW-RISK PROVIDER PATTERN,NORMAL,No suspicious patterns identified
1948901376,PHARMACY_CLAIM,1,0,0.0,0,0,0,0,0,0,0,7.4,7.4,0.0,LOW-RISK PROVIDER PATTERN,NORMAL,No suspicious patterns identified
1053149166,PHARMACY_CLAIM,1,0,0.0,0,0,0,0,0,0,0,7.39,7.39,0.0,LOW-RISK PROVIDER PATTERN,NORMAL,No suspicious patterns identified
1325885131,PHARMACY_CLAIM,1,0,0.0,0,0,0,0,0,0,0,7.39,7.39,0.0,LOW-RISK PROVIDER PATTERN,NORMAL,No suspicious patterns identified
1107421116,PHARMACY_CLAIM,1,0,0.0,0,0,0,0,0,0,0,7.37,7.37,0.0,LOW-RISK PROVIDER PATTERN,NORMAL,No suspicious patterns identified
1987960983,PRIOR_AUTH,1,0,0.0,0,0,0,0,0,0,0,7.36,7.36,0.0,LOW-RISK PROVIDER PATTERN,NORMAL,No suspicious patterns identified
1858476768,PHARMACY_CLAIM,1,0,0.0,0,0,0,0,0,0,0,7.35,7.35,0.0,LOW-RISK PROVIDER PATTERN,NORMAL,No suspicious patterns identified
1241472028,PHARMACY_CLAIM,1,0,0.0,0,0,0,0,0,0,0,7.34,7.34,0.0,LOW-RISK PROVIDER PATTERN,NORMAL,No suspicious patterns identified
1253691204,PRIOR_AUTH,1,0,0.0,0,0,0,0,0,0,0,7.34,7.34,0.0,LOW-RISK PROVIDER PATTERN,NORMAL,No suspicious patterns identified
1374958003,PHARMACY_CLAIM,1,0,0.0,0,0,0,0,0,0,0,7.34,7.34,0.0,LOW-RISK PROVIDER PATTERN,NORMAL,No suspicious patterns identified
1350542255,PHARMACY_CLAIM,1,0,0.0,0,0,0,0,0,0,0,7.29,7.29,0.0,LOW-RISK PROVIDER PATTERN,NORMAL,No suspicious patterns identified
1425149391,PHARMACY_CLAIM,1,0,0.0,0,0,0,0,0,0,0,7.29,7.29,0.0,LOW-RISK PROVIDER PATTERN,NORMAL,No suspicious patterns identified
1820572010,PRIOR_AUTH,1,0,0.0,0,0,0,0,0,0,0,7.28,7.28,0.0,LOW-RISK PROVIDER PATTERN,NORMAL,No suspicious patterns identified
1891731956,MEDICAL_CLAIM,1,0,0.0,0,0,0,0,0,0,0,7.28,7.28,0.0,LOW-RISK PROVIDER PATTERN,NORMAL,No suspicious patterns identified
1222203103,PRIOR_AUTH,1,0,0.0,0,0,0,0,0,0,0,7.26,7.26,0.0,LOW-RISK PROVIDER PATTERN,NORMAL,No suspicious patterns identified
1986476856,PHARMACY_CLAIM,1,0,0.0,0,0,0,0,0,0,0,7.26,7.26,0.0,LOW-RISK PROVIDER PATTERN,NORMAL,No suspicious patterns identified
1790223352,MEDICAL_CLAIM,2,0,0.0,0,1,0,0,0,0,0,7.25,13.57,0.0,LOW-RISK PROVIDER PATTERN,NORMAL,No suspicious patterns identified
1326532225,PHARMACY_CLAIM,1,0,0.0,0,0,0,0,0,0,0,7.25,7.25,0.0,LOW-RISK PROVIDER PATTERN,NORMAL,No suspicious patterns identified
1858790364,PRIOR_AUTH,1,0,0.0,0,0,0,0,0,0,0,7.25,7.25,0.0,LOW-RISK PROVIDER PATTERN,NORMAL,No suspicious patterns identified
1708499843,PHARMACY_CLAIM,1,0,0.0,0,0,0,0,0,0,0,7.23,7.23,0.0,LOW-RISK PROVIDER PATTERN,NORMAL,No suspicious patterns identified
1062206069,PRIOR_AUTH,1,0,0.0,0,0,0,0,0,0,0,7.22,7.22,0.0,LOW-RISK PROVIDER PATTERN,NORMAL,No suspicious patterns identified
1299027179,PHARMACY_CLAIM,1,0,0.0,0,0,0,0,0,0,0,7.22,7.22,0.0,LOW-RISK PROVIDER PATTERN,NORMAL,No suspicious patterns identified
1853837386,PRIOR_AUTH,1,0,0.0,0,0,0,0,0,0,0,7.21,7.21,0.0,LOW-RISK PROVIDER PATTERN,NORMAL,No suspicious patterns identified
1955107390,PHARMACY_CLAIM,1,0,0.0,0,0,0,0,0,0,0,7.21,7.21,0.0,LOW-RISK PROVIDER PATTERN,NORMAL,No suspicious patterns identified
1330365249,PRIOR_AUTH,1,0,0.0,0,0,0,0,0,0,0,7.2,7.2,0.0,LOW-RISK PROVIDER PATTERN,NORMAL,No suspicious patterns identified
1699115600,MEDICAL_CLAIM,1,0,0.0,0,0,0,0,0,0,0,7.2,7.2,0.0,LOW-RISK PROVIDER PATTERN,NORMAL,No suspicious patterns identified
1377843683,PRIOR_AUTH,1,0,0.0,0,0,0,0,0,0,0,7.19,7.19,0.0,LOW-RISK PROVIDER PATTERN,NORMAL,No suspicious patterns identified
1454701486,PHARMACY_CLAIM,1,0,0.0,0,0,0,0,0,0,0,7.19,7.19,0.0,LOW-RISK PROVIDER PATTERN,NORMAL,No suspicious patterns identified
1570252487,PHARMACY_CLAIM,1,0,0.0,0,0,0,0,0,0,0,7.18,7.18,0.0,LOW-RISK PROVIDER PATTERN,NORMAL,No suspicious patterns identified
1461952929,PHARMACY_CLAIM,1,0,0.0,0,0,0,0,0,0,0,7.17,7.17,0.0,LOW-RISK PROVIDER PATTERN,NORMAL,No suspicious patterns identified
1122461575,PHARMACY_CLAIM,1,0,0.0,0,0,0,0,0,0,0,7.16,7.16,0.0,LOW-RISK PROVIDER PATTERN,NORMAL,No suspicious patterns identified
1186461948,PRIOR_AUTH,1,0,0.0,0,0,0,0,0,0,0,7.15,7.15,0.0,LOW-RISK PROVIDER PATTERN,NORMAL,No suspicious patterns identified
1280586411,PHARMACY_CLAIM,1,0,0.0,0,0,0,0,0,0,0,7.14,7.14,0.0,LOW-RISK PROVIDER PATTERN,NORMAL,No suspicious patterns identified
1548558009,PHARMACY_CLAIM,1,0,0.0,0,0,0,0,0,0,0,7.14,7.14,0.0,LOW-RISK PROVIDER PATTERN,NORMAL,No suspicious patterns identified
1765930688,PRIOR_AUTH,1,0,0.0,0,0,0,0,0,0,0,7.14,7.14,0.0,LOW-RISK PROVIDER PATTERN,NORMAL,No suspicious patterns identified
1645543142,PRIOR_AUTH,1,0,0.0,0,0,0,0,0,0,0,7.12,7.12,0.0,LOW-RISK PROVIDER PATTERN,NORMAL,No suspicious patterns identified
1463494107,PRIOR_AUTH,1,0,0.0,0,0,0,0,0,0,0,7.11,7.11,0.0,LOW-RISK PROVIDER PATTERN,NORMAL,No suspicious patterns identified
1516915831,PHARMACY_CLAIM,1,0,0.0,0,0,0,0,0,0,0,7.11,7.11,0.0,LOW-RISK PROVIDER PATTERN,NORMAL,No suspicious patterns identified
1296707947,PHARMACY_CLAIM,1,0,0.0,0,0,0,0,0,0,0,7.1,7.1,0.0,LOW-RISK PROVIDER PATTERN,NORMAL,No suspicious patterns identified
1877239176,PRIOR_AUTH,1,0,0.0,0,0,0,0,0,0,0,7.1,7.1,0.0,LOW-RISK PROVIDER PATTERN,NORMAL,No suspicious patterns identified
1248210173,PRIOR_AUTH,1,0,0.0,0,0,0,0,0,0,0,7.09,7.09,0.0,LOW-RISK PROVIDER PATTERN,NORMAL,No suspicious patterns identified
1407766857,PHARMACY_CLAIM,1,0,0.0,0,0,0,0,0,0,0,7.09,7.09,0.0,LOW-RISK PROVIDER PATTERN,NORMAL,No suspicious patterns identified
1432124366,PHARMACY_CLAIM,1,0,0.0,0,0,0,0,0,0,0,7.09,7.09,0.0,LOW-RISK PROVIDER PATTERN,NORMAL,No suspicious patterns identified
1479471146,PHARMACY_CLAIM,1,0,0.0,0,0,0,0,0,0,0,7.08,7.08,0.0,LOW-RISK PROVIDER PATTERN,NORMAL,No suspicious patterns identified
1096115078,PHARMACY_CLAIM,1,0,0.0,0,0,0,0,0,0,0,7.07,7.07,0.0,LOW-RISK PROVIDER PATTERN,NORMAL,No suspicious patterns identified
1745767042,PRIOR_AUTH,1,0,0.0,0,0,0,0,0,0,0,7.06,7.06,0.0,LOW-RISK PROVIDER PATTERN,NORMAL,No suspicious patterns identified
1244083388,PHARMACY_CLAIM,1,0,0.0,0,0,0,0,0,0,0,7.04,7.04,0.0,LOW-RISK PROVIDER PATTERN,NORMAL,No suspicious patterns identified
1405588928,PHARMACY_CLAIM,1,0,0.0,0,0,0,0,0,0,0,7.04,7.04,0.0,LOW-RISK PROVIDER PATTERN,NORMAL,No suspicious patterns identified
1083114809,PRIOR_AUTH,1,0,0.0,0,0,0,0,0,0,0,7.03,7.03,0.0,LOW-RISK PROVIDER PATTERN,NORMAL,No suspicious patterns identified
1257213896,PHARMACY_CLAIM,1,0,0.0,0,0,0,0,0,0,0,7.03,7.03,0.0,LOW-RISK PROVIDER PATTERN,NORMAL,No suspicious patterns identified
1507740096,PRIOR_AUTH,1,0,0.0,0,0,0,0,0,0,0,7.03,7.03,0.0,LOW-RISK PROVIDER PATTERN,NORMAL,No suspicious patterns identified
1910687253,PRIOR_AUTH,1,0,0.0,0,0,0,0,0,0,0,7.03,7.03,0.0,LOW-RISK PROVIDER PATTERN,NORMAL,No suspicious patterns identified
1457309122,MEDICAL_CLAIM,3,0,0.0,0,1,0,0,0,0,0,7.02,17.13,0.0,LOW-RISK PROVIDER PATTERN,NORMAL,No suspicious patterns identified
1100829306,PHARMACY_CLAIM,1,0,0.0,0,0,0,0,0,0,0,7.02,7.02,0.0,LOW-RISK PROVIDER PATTERN,NORMAL,No suspicious patterns identified
1638061051,PHARMACY_CLAIM,1,0,0.0,0,0,0,0,0,0,0,7.01,7.01,0.0,LOW-RISK PROVIDER PATTERN,NORMAL,No suspicious patterns identified
1520449051,PRIOR_AUTH,1,0,0.0,0,0,0,0,0,0,0,6.99,6.99,0.0,LOW-RISK PROVIDER PATTERN,NORMAL,No suspicious patterns identified
1661544257,PHARMACY_CLAIM,1,0,0.0,0,0,0,0,0,0,0,6.99,6.99,0.0,LOW-RISK PROVIDER PATTERN,NORMAL,No suspicious patterns identified
1495018829,PHARMACY_CLAIM,1,0,0.0,0,0,0,0,0,0,0,6.97,6.97,0.0,LOW-RISK PROVIDER PATTERN,NORMAL,No suspicious patterns identified
1344230434,PHARMACY_CLAIM,1,0,0.0,0,0,0,0,0,0,0,6.96,6.96,0.0,LOW-RISK PROVIDER PATTERN,NORMAL,No suspicious patterns identified
1638392952,PHARMACY_CLAIM,1,0,0.0,0,0,0,0,0,0,0,6.95,6.95,0.0,LOW-RISK PROVIDER PATTERN,NORMAL,No suspicious patterns identified
1457134940,PRIOR_AUTH,1,0,0.0,0,0,0,0,0,0,0,6.94,6.94,0.0,LOW-RISK PROVIDER PATTERN,NORMAL,No suspicious patterns identified
1349859255,PHARMACY_CLAIM,1,0,0.0,0,0,0,0,0,0,0,6.92,6.92,0.0,LOW-RISK PROVIDER PATTERN,NORMAL,No suspicious patterns identified
1385774293,PRIOR_AUTH,1,0,0.0,0,0,0,0,0,0,0,6.91,6.91,0.0,LOW-RISK PROVIDER PATTERN,NORMAL,No suspicious patterns identified
1662350014,PHARMACY_CLAIM,1,0,0.0,0,0,0,0,0,0,0,6.9,6.9,0.0,LOW-RISK PROVIDER PATTERN,NORMAL,No suspicious patterns identified
1033619804,MEDICAL_CLAIM,1,0,0.0,0,0,0,0,0,0,0,6.89,6.89,0.0,LOW-RISK PROVIDER PATTERN,NORMAL,No suspicious patterns identified
1239404270,PHARMACY_CLAIM,1,0,0.0,0,0,0,0,0,0,0,6.89,6.89,0.0,LOW-RISK PROVIDER PATTERN,NORMAL,No suspicious patterns identified
1683978129,PHARMACY_CLAIM,1,0,0.0,0,0,0,0,0,0,0,6.89,6.89,0.0,LOW-RISK PROVIDER PATTERN,NORMAL,No suspicious patterns identified
1367389034,PRIOR_AUTH,1,0,0.0,0,0,0,0,0,0,0,6.88,6.88,0.0,LOW-RISK PROVIDER PATTERN,NORMAL,No suspicious patterns identified
1395842523,PRIOR_AUTH,1,0,0.0,0,0,0,0,0,0,0,6.88,6.88,0.0,LOW-RISK PROVIDER PATTERN,NORMAL,No suspicious patterns identified
1967606172,PHARMACY_CLAIM,1,0,0.0,0,0,0,0,0,0,0,6.87,6.87,0.0,LOW-RISK PROVIDER PATTERN,NORMAL,No suspicious patterns identified
1202956978,PHARMACY_CLAIM,1,0,0.0,0,0,0,0,0,0,0,6.86,6.86,0.0,LOW-RISK PROVIDER PATTERN,NORMAL,No suspicious patterns identified
1232232319,PRIOR_AUTH,1,0,0.0,0,0,0,0,0,0,0,6.86,6.86,0.0,LOW-RISK PROVIDER PATTERN,NORMAL,No suspicious patterns identified
1720625322,PHARMACY_CLAIM,1,0,0.0,0,0,0,0,0,0,0,6.85,6.85,0.0,LOW-RISK PROVIDER PATTERN,NORMAL,No suspicious patterns identified
1841017112,PRIOR_AUTH,1,0,0.0,0,0,0,0,0,0,0,6.85,6.85,0.0,LOW-RISK PROVIDER PATTERN,NORMAL,No suspicious patterns identified
1185427821,PHARMACY_CLAIM,1,0,0.0,0,0,0,0,0,0,0,6.84,6.84,0.0,LOW-RISK PROVIDER PATTERN,NORMAL,No suspicious patterns identified
1472492405,PRIOR_AUTH,1,0,0.0,0,0,0,0,0,0,0,6.83,6.83,0.0,LOW-RISK PROVIDER PATTERN,NORMAL,No suspicious patterns identified
1549379120,PHARMACY_CLAIM,1,0,0.0,0,0,0,0,0,0,0,6.82,6.82,0.0,LOW-RISK PROVIDER PATTERN,NORMAL,No suspicious patterns identified
1080819180,PHARMACY_CLAIM,1,0,0.0,0,0,0,0,0,0,0,6.81,6.81,0.0,LOW-RISK PROVIDER PATTERN,NORMAL,No suspicious patterns identified
1720974466,PHARMACY_CLAIM,1,0,0.0,0,0,0,0,0,0,0,6.8,6.8,0.0,LOW-RISK PROVIDER PATTERN,NORMAL,No suspicious patterns identified
1467934061,PRIOR_AUTH,1,0,0.0,0,0,0,0,0,0,0,6.79,6.79,0.0,LOW-RISK PROVIDER PATTERN,NORMAL,No suspicious patterns identified
1419995557,PRIOR_AUTH,1,0,0.0,0,0,0,0,0,0,0,6.78,6.78,0.0,LOW-RISK PROVIDER PATTERN,NORMAL,No suspicious patterns identified
1910606276,PHARMACY_CLAIM,1,0,0.0,0,0,0,0,0,0,0,6.77,6.77,0.0,LOW-RISK PROVIDER PATTERN,NORMAL,No suspicious patterns identified
1015112107,PRIOR_AUTH,1,0,0.0,0,0,0,0,0,0,0,6.75,6.75,0.0,LOW-RISK PROVIDER PATTERN,NORMAL,No suspicious patterns identified
1180092553,PHARMACY_CLAIM,1,0,0.0,0,0,0,0,0,0,0,6.75,6.75,0.0,LOW-RISK PROVIDER PATTERN,NORMAL,No suspicious patterns identified
1821010448,MEDICAL_CLAIM,1,0,0.0,0,0,0,0,0,0,0,6.75,6.75,0.0,LOW-RISK PROVIDER PATTERN,NORMAL,No suspicious patterns identified
1569340481,PRIOR_AUTH,1,0,0.0,0,0,0,0,0,0,0,6.74,6.74,0.0,LOW-RISK PROVIDER PATTERN,NORMAL,No suspicious patterns identified
1115101064,PHARMACY_CLAIM,1,0,0.0,0,0,0,0,0,0,0,6.73,6.73,0.0,LOW-RISK PROVIDER PATTERN,NORMAL,No suspicious patterns identified
1831397237,PHARMACY_CLAIM,1,0,0.0,0,0,0,0,0,0,0,6.71,6.71,0.0,LOW-RISK PROVIDER PATTERN,NORMAL,No suspicious patterns identified
1217714411,PHARMACY_CLAIM,1,0,0.0,0,0,0,0,0,0,0,6.7,6.7,0.0,LOW-RISK PROVIDER PATTERN,NORMAL,No suspicious patterns identified
1688021657,PRIOR_AUTH,1,0,0.0,0,0,0,0,0,0,0,6.7,6.7,0.0,LOW-RISK PROVIDER PATTERN,NORMAL,No suspicious patterns identified
1278050214,PHARMACY_CLAIM,1,0,0.0,0,0,0,0,0,0,0,6.69,6.69,0.0,LOW-RISK PROVIDER PATTERN,NORMAL,No suspicious patterns identified
1026913336,PRIOR_AUTH,1,0,0.0,0,0,0,0,0,0,0,6.68,6.68,0.0,LOW-RISK PROVIDER PATTERN,NORMAL,No suspicious patterns identified
1637504199,PRIOR_AUTH,1,0,0.0,0,0,0,0,0,0,0,6.68,6.68,0.0,LOW-RISK PROVIDER PATTERN,NORMAL,No suspicious patterns identified
1683441939,PHARMACY_CLAIM,1,0,0.0,0,0,0,0,0,0,0,6.68,6.68,0.0,LOW-RISK PROVIDER PATTERN,NORMAL,No suspicious patterns identified
1883801076,PHARMACY_CLAIM,1,0,0.0,0,0,0,0,0,0,0,6.68,6.68,0.0,LOW-RISK PROVIDER PATTERN,NORMAL,No suspicious patterns identified
1735633548,PHARMACY_CLAIM,1,0,0.0,0,0,0,0,0,0,0,6.67,6.67,0.0,LOW-RISK PROVIDER PATTERN,NORMAL,No suspicious patterns identified
1065422794,PRIOR_AUTH,1,0,0.0,0,0,0,0,0,0,0,6.66,6.66,0.0,LOW-RISK PROVIDER PATTERN,NORMAL,No suspicious patterns identified
1286373631,PHARMACY_CLAIM,1,0,0.0,0,0,0,0,0,0,0,6.66,6.66,0.0,LOW-RISK PROVIDER PATTERN,NORMAL,No suspicious patterns identified
1536374037,PRIOR_AUTH,1,0,0.0,0,0,0,0,0,0,0,6.66,6.66,0.0,LOW-RISK PROVIDER PATTERN,NORMAL,No suspicious patterns identified
1172205139,PRIOR_AUTH,1,0,0.0,0,0,0,0,0,0,0,6.65,6.65,0.0,LOW-RISK PROVIDER PATTERN,NORMAL,No suspicious patterns identified
1376588871,MEDICAL_CLAIM,1,0,0.0,0,0,0,0,0,0,0,6.65,6.65,0.0,LOW-RISK PROVIDER PATTERN,NORMAL,No suspicious patterns identified
1886370287,PHARMACY_CLAIM,1,0,0.0,0,0,0,0,0,0,0,6.65,6.65,0.0,LOW-RISK PROVIDER PATTERN,NORMAL,No suspicious patterns identified
1217057921,PHARMACY_CLAIM,1,0,0.0,0,0,0,0,0,0,0,6.63,6.63,0.0,LOW-RISK PROVIDER PATTERN,NORMAL,No suspicious patterns identified
1373550476,PHARMACY_CLAIM,1,0,0.0,0,0,0,0,0,0,0,6.63,6.63,0.0,LOW-RISK PROVIDER PATTERN,NORMAL,No suspicious patterns identified
1018614702,PRIOR_AUTH,1,0,0.0,0,0,0,0,0,0,0,6.59,6.59,0.0,LOW-RISK PROVIDER PATTERN,NORMAL,No suspicious patterns identified
1572163449,PRIOR_AUTH,1,0,0.0,0,0,0,0,0,0,0,6.59,6.59,0.0,LOW-RISK PROVIDER PATTERN,NORMAL,No suspicious patterns identified
1740418501,PHARMACY_CLAIM,1,0,0.0,0,0,0,0,0,0,0,6.59,6.59,0.0,LOW-RISK PROVIDER PATTERN,NORMAL,No suspicious patterns identified
1922012350,MEDICAL_CLAIM,1,0,0.0,0,0,0,0,0,0,0,6.59,6.59,0.0,LOW-RISK PROVIDER PATTERN,NORMAL,No suspicious patterns identified
1932411493,MEDICAL_CLAIM,1,0,0.0,0,0,0,0,0,0,0,6.59,6.59,0.0,LOW-RISK PROVIDER PATTERN,NORMAL,No suspicious patterns identified
1351607427,PRIOR_AUTH,1,0,0.0,0,0,0,0,0,0,0,6.58,6.58,0.0,LOW-RISK PROVIDER PATTERN,NORMAL,No suspicious patterns identified
1573553285,PHARMACY_CLAIM,1,0,0.0,0,0,0,0,0,0,0,6.57,6.57,0.0,LOW-RISK PROVIDER PATTERN,NORMAL,No suspicious patterns identified
1357036537,PHARMACY_CLAIM,1,0,0.0,0,0,0,0,0,0,0,6.56,6.56,0.0,LOW-RISK PROVIDER PATTERN,NORMAL,No suspicious patterns identified
1302813807,PHARMACY_CLAIM,1,0,0.0,0,0,0,0,0,0,0,6.55,6.55,0.0,LOW-RISK PROVIDER PATTERN,NORMAL,No suspicious patterns identified
1578160330,PRIOR_AUTH,1,0,0.0,0,0,0,0,0,0,0,6.54,6.54,0.0,LOW-RISK PROVIDER PATTERN,NORMAL,No suspicious patterns identified
1649520644,MEDICAL_CLAIM,2,0,0.0,0,0,0,0,0,0,0,6.53,10.03,0.0,LOW-RISK PROVIDER PATTERN,NORMAL,No suspicious patterns identified
1353201757,PHARMACY_CLAIM,1,0,0.0,0,0,0,0,0,0,0,6.53,6.53,0.0,LOW-RISK PROVIDER PATTERN,NORMAL,No suspicious patterns identified
1747005905,PRIOR_AUTH,1,0,0.0,0,0,0,0,0,0,0,6.53,6.53,0.0,LOW-RISK PROVIDER PATTERN,NORMAL,No suspicious patterns identified
1191775832,PHARMACY_CLAIM,1,0,0.0,0,0,0,0,0,0,0,6.52,6.52,0.0,LOW-RISK PROVIDER PATTERN,NORMAL,No suspicious patterns identified
1755409979,PHARMACY_CLAIM,1,0,0.0,0,0,0,0,0,0,0,6.51,6.51,0.0,LOW-RISK PROVIDER PATTERN,NORMAL,No suspicious patterns identified
1151824200,PRIOR_AUTH,1,0,0.0,0,0,0,0,0,0,0,6.49,6.49,0.0,LOW-RISK PROVIDER PATTERN,NORMAL,No suspicious patterns identified
1567151182,PRIOR_AUTH,1,0,0.0,0,0,0,0,0,0,0,6.49,6.49,0.0,LOW-RISK PROVIDER PATTERN,NORMAL,No suspicious patterns identified
1649509514,MEDICAL_CLAIM,2,0,0.0,0,1,0,0,0,0,0,6.47,11.81,0.0,LOW-RISK PROVIDER PATTERN,NORMAL,No suspicious patterns identified
1371861970,PHARMACY_CLAIM,1,0,0.0,0,0,0,0,0,0,0,6.47,6.47,0.0,LOW-RISK PROVIDER PATTERN,NORMAL,No suspicious patterns identified
1630783173,PRIOR_AUTH,1,0,0.0,0,0,0,0,0,0,0,6.46,6.46,0.0,LOW-RISK PROVIDER PATTERN,NORMAL,No suspicious patterns identified
1296200657,PHARMACY_CLAIM,1,0,0.0,0,0,0,0,0,0,0,6.45,6.45,0.0,LOW-RISK PROVIDER PATTERN,NORMAL,No suspicious patterns identified
1419696810,PHARMACY_CLAIM,1,0,0.0,0,0,0,0,0,0,0,6.44,6.44,0.0,LOW-RISK PROVIDER PATTERN,NORMAL,No suspicious patterns identified
1259393884,PHARMACY_CLAIM,1,0,0.0,0,0,0,0,0,0,0,6.43,6.43,0.0,LOW-RISK PROVIDER PATTERN,NORMAL,No suspicious patterns identified
1760553576,PHARMACY_CLAIM,1,0,0.0,0,0,0,0,0,0,0,6.43,6.43,0.0,LOW-RISK PROVIDER PATTERN,NORMAL,No suspicious patterns identified
1671284216,PHARMACY_CLAIM,1,0,0.0,0,0,0,0,0,0,0,6.42,6.42,0.0,LOW-RISK PROVIDER PATTERN,NORMAL,No suspicious patterns identified
1747857638,PRIOR_AUTH,1,0,0.0,0,0,0,0,0,0,0,6.42,6.42,0.0,LOW-RISK PROVIDER PATTERN,NORMAL,No suspicious patterns identified
1755776663,PRIOR_AUTH,1,0,0.0,0,0,0,0,0,0,0,6.42,6.42,0.0,LOW-RISK PROVIDER PATTERN,NORMAL,No suspicious patterns identified
1851288271,PRIOR_AUTH,1,0,0.0,0,0,0,0,0,0,0,6.42,6.42,0.0,LOW-RISK PROVIDER PATTERN,NORMAL,No suspicious patterns identified
1760443469,MEDICAL_CLAIM,2,0,0.0,0,0,0,0,0,0,0,6.41,6.99,0.0,LOW-RISK PROVIDER PATTERN,NORMAL,No suspicious patterns identified
1131864767,PHARMACY_CLAIM,1,0,0.0,0,0,0,0,0,0,0,6.4,6.4,0.0,LOW-RISK PROVIDER PATTERN,NORMAL,No suspicious patterns identified
1106087109,PRIOR_AUTH,1,0,0.0,0,0,0,0,0,0,0,6.39,6.39,0.0,LOW-RISK PROVIDER PATTERN,NORMAL,No suspicious patterns identified
1065394415,PHARMACY_CLAIM,1,0,0.0,0,0,0,0,0,0,0,6.38,6.38,0.0,LOW-RISK PROVIDER PATTERN,NORMAL,No suspicious patterns identified
1827919731,PHARMACY_CLAIM,1,0,0.0,0,0,0,0,0,0,0,6.38,6.38,0.0,LOW-RISK PROVIDER PATTERN,NORMAL,No suspicious patterns identified
1785488753,PRIOR_AUTH,1,0,0.0,0,0,0,0,0,0,0,6.35,6.35,0.0,LOW-RISK PROVIDER PATTERN,NORMAL,No suspicious patterns identified
1922301472,MEDICAL_CLAIM,1,0,0.0,0,0,0,0,0,0,0,6.35,6.35,0.0,LOW-RISK PROVIDER PATTERN,NORMAL,No suspicious patterns identified
1516605033,PHARMACY_CLAIM,1,0,0.0,0,0,0,0,0,0,0,6.34,6.34,0.0,LOW-RISK PROVIDER PATTERN,NORMAL,No suspicious patterns identified
1055748248,PHARMACY_CLAIM,1,0,0.0,0,0,0,0,0,0,0,6.33,6.33,0.0,LOW-RISK PROVIDER PATTERN,NORMAL,No suspicious patterns identified
1142856262,PHARMACY_CLAIM,1,0,0.0,0,0,0,0,0,0,0,6.33,6.33,0.0,LOW-RISK PROVIDER PATTERN,NORMAL,No suspicious patterns identified
1152386177,PRIOR_AUTH,1,0,0.0,0,0,0,0,0,0,0,6.32,6.32,0.0,LOW-RISK PROVIDER PATTERN,NORMAL,No suspicious patterns identified
1177200930,PRIOR_AUTH,1,0,0.0,0,0,0,0,0,0,0,6.32,6.32,0.0,LOW-RISK PROVIDER PATTERN,NORMAL,No suspicious patterns identified
1388134269,PRIOR_AUTH,1,0,0.0,0,0,0,0,0,0,0,6.32,6.32,0.0,LOW-RISK PROVIDER PATTERN,NORMAL,No suspicious patterns identified
1569206867,PHARMACY_CLAIM,1,0,0.0,0,0,0,0,0,0,0,6.32,6.32,0.0,LOW-RISK PROVIDER PATTERN,NORMAL,No suspicious patterns identified
1876553187,PRIOR_AUTH,1,0,0.0,0,0,0,0,0,0,0,6.32,6.32,0.0,LOW-RISK PROVIDER PATTERN,NORMAL,No suspicious patterns identified
1973656108,PHARMACY_CLAIM,1,0,0.0,0,0,0,0,0,0,0,6.31,6.31,0.0,LOW-RISK PROVIDER PATTERN,NORMAL,No suspicious patterns identified
1267986709,PHARMACY_CLAIM,1,0,0.0,0,0,0,0,0,0,0,6.29,6.29,0.0,LOW-RISK PROVIDER PATTERN,NORMAL,No suspicious patterns identified
1149744726,PHARMACY_CLAIM,1,0,0.0,0,0,0,0,0,0,0,6.28,6.28,0.0,LOW-RISK PROVIDER PATTERN,NORMAL,No suspicious patterns identified
1700762079,PRIOR_AUTH,1,0,0.0,0,0,0,0,0,0,0,6.28,6.28,0.0,LOW-RISK PROVIDER PATTERN,NORMAL,No suspicious patterns identified
1818918869,PRIOR_AUTH,1,0,0.0,0,0,0,0,0,0,0,6.28,6.28,0.0,LOW-RISK PROVIDER PATTERN,NORMAL,No suspicious patterns identified
1998761413,PHARMACY_CLAIM,1,0,0.0,0,0,0,0,0,0,0,6.28,6.28,0.0,LOW-RISK PROVIDER PATTERN,NORMAL,No suspicious patterns identified
1316573405,MEDICAL_CLAIM,1,0,0.0,0,0,0,0,0,0,0,6.27,6.27,0.0,LOW-RISK PROVIDER PATTERN,NORMAL,No suspicious patterns identified
1763849070,PHARMACY_CLAIM,1,0,0.0,0,0,0,0,0,0,0,6.27,6.27,0.0,LOW-RISK PROVIDER PATTERN,NORMAL,No suspicious patterns identified
1629102819,MEDICAL_CLAIM,2,0,0.0,0,1,0,0,0,0,0,6.26,11.59,0.0,LOW-RISK PROVIDER PATTERN,NORMAL,No suspicious patterns identified
1421559735,PRIOR_AUTH,1,0,0.0,0,0,0,0,0,0,0,6.26,6.26,0.0,LOW-RISK PROVIDER PATTERN,NORMAL,No suspicious patterns identified
1250314192,PHARMACY_CLAIM,1,0,0.0,0,0,0,0,0,0,0,6.25,6.25,0.0,LOW-RISK PROVIDER PATTERN,NORMAL,No suspicious patterns identified
1467642942,MEDICAL_CLAIM,2,0,0.0,0,0,0,0,0,0,0,6.22,6.22,0.0,LOW-RISK PROVIDER PATTERN,NORMAL,No suspicious patterns identified
1880130728,PRIOR_AUTH,1,0,0.0,0,0,0,0,0,0,0,6.22,6.22,0.0,LOW-RISK PROVIDER PATTERN,NORMAL,No suspicious patterns identified
1057167713,PHARMACY_CLAIM,1,0,0.0,0,0,0,0,0,0,0,6.21,6.21,0.0,LOW-RISK PROVIDER PATTERN,NORMAL,No suspicious patterns identified
1289511882,PRIOR_AUTH,1,0,0.0,0,0,0,0,0,0,0,6.21,6.21,0.0,LOW-RISK PROVIDER PATTERN,NORMAL,No suspicious patterns identified
1195935991,PHARMACY_CLAIM,1,0,0.0,0,0,0,0,0,0,0,6.2,6.2,0.0,LOW-RISK PROVIDER PATTERN,NORMAL,No suspicious patterns identified
1244969434,PRIOR_AUTH,1,0,0.0,0,0,0,0,0,0,0,6.19,6.19,0.0,LOW-RISK PROVIDER PATTERN,NORMAL,No suspicious patterns identified
1268416400,PRIOR_AUTH,1,0,0.0,0,0,0,0,0,0,0,6.19,6.19,0.0,LOW-RISK PROVIDER PATTERN,NORMAL,No suspicious patterns identified
1634072519,PHARMACY_CLAIM,1,0,0.0,0,0,0,0,0,0,0,6.19,6.19,0.0,LOW-RISK PROVIDER PATTERN,NORMAL,No suspicious patterns identified
1571162944,PHARMACY_CLAIM,1,0,0.0,0,0,0,0,0,0,0,6.18,6.18,0.0,LOW-RISK PROVIDER PATTERN,NORMAL,No suspicious patterns identified
1915825832,PHARMACY_CLAIM,1,0,0.0,0,0,0,0,0,0,0,6.17,6.17,0.0,LOW-RISK PROVIDER PATTERN,NORMAL,No suspicious patterns identified
1991373272,PHARMACY_CLAIM,1,0,0.0,0,0,0,0,0,0,0,6.17,6.17,0.0,LOW-RISK PROVIDER PATTERN,NORMAL,No suspicious patterns identified
1291831410,PRIOR_AUTH,1,0,0.0,0,0,0,0,0,0,0,6.15,6.15,0.0,LOW-RISK PROVIDER PATTERN,NORMAL,No suspicious patterns identified
1487048847,PRIOR_AUTH,1,0,0.0,0,0,0,0,0,0,0,6.15,6.15,0.0,LOW-RISK PROVIDER PATTERN,NORMAL,No suspicious patterns identified
1744423878,PRIOR_AUTH,1,0,0.0,0,0,0,0,0,0,0,6.15,6.15,0.0,LOW-RISK PROVIDER PATTERN,NORMAL,No suspicious patterns identified
1952651713,MEDICAL_CLAIM,2,0,0.0,0,1,0,0,0,0,0,6.12,10.83,0.0,LOW-RISK PROVIDER PATTERN,NORMAL,No suspicious patterns identified
1016034235,PHARMACY_CLAIM,1,0,0.0,0,0,0,0,0,0,0,6.12,6.12,0.0,LOW-RISK PROVIDER PATTERN,NORMAL,No suspicious patterns identified
1527299968,PHARMACY_CLAIM,1,0,0.0,0,0,0,0,0,0,0,6.1,6.1,0.0,LOW-RISK PROVIDER PATTERN,NORMAL,No suspicious patterns identified
1944886105,PRIOR_AUTH,1,0,0.0,0,0,0,0,0,0,0,6.1,6.1,0.0,LOW-RISK PROVIDER PATTERN,NORMAL,No suspicious patterns identified
1324150824,PHARMACY_CLAIM,1,0,0.0,0,0,0,0,0,0,0,6.09,6.09,0.0,LOW-RISK PROVIDER PATTERN,NORMAL,No suspicious patterns identified
1083629661,MEDICAL_CLAIM,1,0,0.0,0,0,0,0,0,0,0,6.08,6.08,0.0,LOW-RISK PROVIDER PATTERN,NORMAL,No suspicious patterns identified
1254874896,PHARMACY_CLAIM,1,0,0.0,0,0,0,0,0,0,0,6.08,6.08,0.0,LOW-RISK PROVIDER PATTERN,NORMAL,No suspicious patterns identified
1017055217,PHARMACY_CLAIM,1,0,0.0,0,0,0,0,0,0,0,6.07,6.07,0.0,LOW-RISK PROVIDER PATTERN,NORMAL,No suspicious patterns identified
1626346659,PHARMACY_CLAIM,1,0,0.0,0,0,0,0,0,0,0,6.06,6.06,0.0,LOW-RISK PROVIDER PATTERN,NORMAL,No suspicious patterns identified
1943361364,PHARMACY_CLAIM,1,0,0.0,0,0,0,0,0,0,0,6.06,6.06,0.0,LOW-RISK PROVIDER PATTERN,NORMAL,No suspicious patterns identified
1958875863,PHARMACY_CLAIM,1,0,0.0,0,0,0,0,0,0,0,6.05,6.05,0.0,LOW-RISK PROVIDER PATTERN,NORMAL,No suspicious patterns identified
1068765597,PHARMACY_CLAIM,1,0,0.0,0,0,0,0,0,0,0,6.04,6.04,0.0,LOW-RISK PROVIDER PATTERN,NORMAL,No suspicious patterns identified
1733565459,PRIOR_AUTH,1,0,0.0,0,0,0,0,0,0,0,6.04,6.04,0.0,LOW-RISK PROVIDER PATTERN,NORMAL,No suspicious patterns identified
1297025281,PRIOR_AUTH,1,0,0.0,0,0,0,0,0,0,0,6.02,6.02,0.0,LOW-RISK PROVIDER PATTERN,NORMAL,No suspicious patterns identified
1597486952,PHARMACY_CLAIM,1,0,0.0,0,0,0,0,0,0,0,6.02,6.02,0.0,LOW-RISK PROVIDER PATTERN,NORMAL,No suspicious patterns identified
1668931759,PRIOR_AUTH,1,0,0.0,0,0,0,0,0,0,0,6.02,6.02,0.0,LOW-RISK PROVIDER PATTERN,NORMAL,No suspicious patterns identified
1010002718,PHARMACY_CLAIM,1,0,0.0,0,0,0,0,0,0,0,6.01,6.01,0.0,LOW-RISK PROVIDER PATTERN,NORMAL,No suspicious patterns identified
1134276074,MEDICAL_CLAIM,1,0,0.0,0,0,0,0,0,0,0,6.01,6.01,0.0,LOW-RISK PROVIDER PATTERN,NORMAL,No suspicious patterns identified
1005507428,PRIOR_AUTH,1,0,0.0,0,0,0,0,0,0,0,6.0,6.0,0.0,LOW-RISK PROVIDER PATTERN,NORMAL,No suspicious patterns identified
1744131442,PRIOR_AUTH,1,0,0.0,0,0,0,0,0,0,0,5.99,5.99,0.0,LOW-RISK PROVIDER PATTERN,NORMAL,No suspicious patterns identified
1097906643,PHARMACY_CLAIM,1,0,0.0,0,0,0,0,0,0,0,5.98,5.98,0.0,LOW-RISK PROVIDER PATTERN,NORMAL,No suspicious patterns identified
1145114552,PHARMACY_CLAIM,1,0,0.0,0,0,0,0,0,0,0,5.97,5.97,0.0,LOW-RISK PROVIDER PATTERN,NORMAL,No suspicious patterns identified
1517942181,PRIOR_AUTH,1,0,0.0,0,0,0,0,0,0,0,5.97,5.97,0.0,LOW-RISK PROVIDER PATTERN,NORMAL,No suspicious patterns identified
1982955290,MEDICAL_CLAIM,1,0,0.0,0,0,0,0,0,0,0,5.97,5.97,0.0,LOW-RISK PROVIDER PATTERN,NORMAL,No suspicious patterns identified
1898319221,PHARMACY_CLAIM,1,0,0.0,0,0,0,0,0,0,0,5.96,5.96,0.0,LOW-RISK PROVIDER PATTERN,NORMAL,No suspicious patterns identified
1754152598,PHARMACY_CLAIM,1,0,0.0,0,0,0,0,0,0,0,5.95,5.95,0.0,LOW-RISK PROVIDER PATTERN,NORMAL,No suspicious patterns identified
1069397352,PRIOR_AUTH,1,0,0.0,0,0,0,0,0,0,0,5.92,5.92,0.0,LOW-RISK PROVIDER PATTERN,NORMAL,No suspicious patterns identified
1470827742,PHARMACY_CLAIM,1,0,0.0,0,0,0,0,0,0,0,5.92,5.92,0.0,LOW-RISK PROVIDER PATTERN,NORMAL,No suspicious patterns identified
1478718145,PHARMACY_CLAIM,1,0,0.0,0,0,0,0,0,0,0,5.92,5.92,0.0,LOW-RISK PROVIDER PATTERN,NORMAL,No suspicious patterns identified
1902856123,MEDICAL_CLAIM,1,0,0.0,0,0,0,0,0,0,0,5.92,5.92,0.0,LOW-RISK PROVIDER PATTERN,NORMAL,No suspicious patterns identified
1073144028,MEDICAL_CLAIM,1,0,0.0,0,0,0,0,0,0,0,5.9,5.9,0.0,LOW-RISK PROVIDER PATTERN,NORMAL,No suspicious patterns identified
1221218480,PRIOR_AUTH,1,0,0.0,0,0,0,0,0,0,0,5.9,5.9,0.0,LOW-RISK PROVIDER PATTERN,NORMAL,No suspicious patterns identified
1352813868,PHARMACY_CLAIM,1,0,0.0,0,0,0,0,0,0,0,5.9,5.9,0.0,LOW-RISK PROVIDER PATTERN,NORMAL,No suspicious patterns identified
1141181403,PHARMACY_CLAIM,1,0,0.0,0,0,0,0,0,0,0,5.88,5.88,0.0,LOW-RISK PROVIDER PATTERN,NORMAL,No suspicious patterns identified
1620387209,PRIOR_AUTH,1,0,0.0,0,0,0,0,0,0,0,5.88,5.88,0.0,LOW-RISK PROVIDER PATTERN,NORMAL,No suspicious patterns identified
1426024081,PHARMACY_CLAIM,1,0,0.0,0,0,0,0,0,0,0,5.87,5.87,0.0,LOW-RISK PROVIDER PATTERN,NORMAL,No suspicious patterns identified
1235365398,PHARMACY_CLAIM,1,0,0.0,0,0,0,0,0,0,0,5.86,5.86,0.0,LOW-RISK PROVIDER PATTERN,NORMAL,No suspicious patterns identified
1743021372,PRIOR_AUTH,1,0,0.0,0,0,0,0,0,0,0,5.86,5.86,0.0,LOW-RISK PROVIDER PATTERN,NORMAL,No suspicious patterns identified
1589770563,PHARMACY_CLAIM,1,0,0.0,0,0,0,0,0,0,0,5.85,5.85,0.0,LOW-RISK PROVIDER PATTERN,NORMAL,No suspicious patterns identified
1012651361,PHARMACY_CLAIM,1,0,0.0,0,0,0,0,0,0,0,5.84,5.84,0.0,LOW-RISK PROVIDER PATTERN,NORMAL,No suspicious patterns identified
1498287264,PRIOR_AUTH,1,0,0.0,0,0,0,0,0,0,0,5.83,5.83,0.0,LOW-RISK PROVIDER PATTERN,NORMAL,No suspicious patterns identified
1352032817,PHARMACY_CLAIM,1,0,0.0,0,0,0,0,0,0,0,5.82,5.82,0.0,LOW-RISK PROVIDER PATTERN,NORMAL,No suspicious patterns identified
1684185570,PHARMACY_CLAIM,1,0,0.0,0,0,0,0,0,0,0,5.82,5.82,0.0,LOW-RISK PROVIDER PATTERN,NORMAL,No suspicious patterns identified
1318554734,PHARMACY_CLAIM,1,0,0.0,0,0,0,0,0,0,0,5.81,5.81,0.0,LOW-RISK PROVIDER PATTERN,NORMAL,No suspicious patterns identified
1550642323,PRIOR_AUTH,1,0,0.0,0,0,0,0,0,0,0,5.8,5.8,0.0,LOW-RISK PROVIDER PATTERN,NORMAL,No suspicious patterns identified
1139376404,PHARMACY_CLAIM,1,0,0.0,0,0,0,0,0,0,0,5.79,5.79,0.0,LOW-RISK PROVIDER PATTERN,NORMAL,No suspicious patterns identified
1603044636,PRIOR_AUTH,1,0,0.0,0,0,0,0,0,0,0,5.79,5.79,0.0,LOW-RISK PROVIDER PATTERN,NORMAL,No suspicious patterns identified
1811279136,MEDICAL_CLAIM,1,0,0.0,0,0,0,0,0,0,0,5.79,5.79,0.0,LOW-RISK PROVIDER PATTERN,NORMAL,No suspicious patterns identified
1059101816,PHARMACY_CLAIM,1,0,0.0,0,0,0,0,0,0,0,5.77,5.77,0.0,LOW-RISK PROVIDER PATTERN,NORMAL,No suspicious patterns identified
1263194196,PRIOR_AUTH,1,0,0.0,0,0,0,0,0,0,0,5.76,5.76,0.0,LOW-RISK PROVIDER PATTERN,NORMAL,No suspicious patterns identified
1325566543,PHARMACY_CLAIM,1,0,0.0,0,0,0,0,0,0,0,5.76,5.76,0.0,LOW-RISK PROVIDER PATTERN,NORMAL,No suspicious patterns identified
1428620548,PHARMACY_CLAIM,1,0,0.0,0,0,0,0,0,0,0,5.75,5.75,0.0,LOW-RISK PROVIDER PATTERN,NORMAL,No suspicious patterns identified
1225675189,PRIOR_AUTH,1,0,0.0,0,0,0,0,0,0,0,5.74,5.74,0.0,LOW-RISK PROVIDER PATTERN,NORMAL,No suspicious patterns identified
1295265662,PHARMACY_CLAIM,1,0,0.0,0,0,0,0,0,0,0,5.74,5.74,0.0,LOW-RISK PROVIDER PATTERN,NORMAL,No suspicious patterns identified
1970583526,PRIOR_AUTH,1,0,0.0,0,0,0,0,0,0,0,5.74,5.74,0.0,LOW-RISK PROVIDER PATTERN,NORMAL,No suspicious patterns identified
1207258831,PRIOR_AUTH,1,0,0.0,0,0,0,0,0,0,0,5.72,5.72,0.0,LOW-RISK PROVIDER PATTERN,NORMAL,No suspicious patterns identified
1950311873,PHARMACY_CLAIM,1,0,0.0,0,0,0,0,0,0,0,5.72,5.72,0.0,LOW-RISK PROVIDER PATTERN,NORMAL,No suspicious patterns identified
1333857459,PHARMACY_CLAIM,1,0,0.0,0,0,0,0,0,0,0,5.71,5.71,0.0,LOW-RISK PROVIDER PATTERN,NORMAL,No suspicious patterns identified
1607995727,PHARMACY_CLAIM,1,0,0.0,0,0,0,0,0,0,0,5.69,5.69,0.0,LOW-RISK PROVIDER PATTERN,NORMAL,No suspicious patterns identified
1641246423,PHARMACY_CLAIM,1,0,0.0,0,0,0,0,0,0,0,5.68,5.68,0.0,LOW-RISK PROVIDER PATTERN,NORMAL,No suspicious patterns identified
1537358413,PRIOR_AUTH,1,0,0.0,0,0,0,0,0,0,0,5.67,5.67,0.0,LOW-RISK PROVIDER PATTERN,NORMAL,No suspicious patterns identified
1822504090,PRIOR_AUTH,1,0,0.0,0,0,0,0,0,0,0,5.65,5.65,0.0,LOW-RISK PROVIDER PATTERN,NORMAL,No suspicious patterns identified
1981632681,PHARMACY_CLAIM,1,0,0.0,0,0,0,0,0,0,0,5.64,5.64,0.0,LOW-RISK PROVIDER PATTERN,NORMAL,No suspicious patterns identified
1163366943,PRIOR_AUTH,1,0,0.0,0,0,0,0,0,0,0,5.63,5.63,0.0,LOW-RISK PROVIDER PATTERN,NORMAL,No suspicious patterns identified
1769543545,PRIOR_AUTH,1,0,0.0,0,0,0,0,0,0,0,5.63,5.63,0.0,LOW-RISK PROVIDER PATTERN,NORMAL,No suspicious patterns identified
1825565295,PHARMACY_CLAIM,1,0,0.0,0,0,0,0,0,0,0,5.62,5.62,0.0,LOW-RISK PROVIDER PATTERN,NORMAL,No suspicious patterns identified
1639350480,PRIOR_AUTH,1,0,0.0,0,0,0,0,0,0,0,5.61,5.61,0.0,LOW-RISK PROVIDER PATTERN,NORMAL,No suspicious patterns identified
1887635170,PHARMACY_CLAIM,1,0,0.0,0,0,0,0,0,0,0,5.61,5.61,0.0,LOW-RISK PROVIDER PATTERN,NORMAL,No suspicious patterns identified
1904642845,PHARMACY_CLAIM,1,0,0.0,0,0,0,0,0,0,0,5.61,5.61,0.0,LOW-RISK PROVIDER PATTERN,NORMAL,No suspicious patterns identified
1836058886,PHARMACY_CLAIM,1,0,0.0,0,0,0,0,0,0,0,5.59,5.59,0.0,LOW-RISK PROVIDER PATTERN,NORMAL,No suspicious patterns identified
1087919564,PHARMACY_CLAIM,1,0,0.0,0,0,0,0,0,0,0,5.58,5.58,0.0,LOW-RISK PROVIDER PATTERN,NORMAL,No suspicious patterns identified
1347081036,PHARMACY_CLAIM,1,0,0.0,0,0,0,0,0,0,0,5.57,5.57,0.0,LOW-RISK PROVIDER PATTERN,NORMAL,No suspicious patterns identified
1097939411,PRIOR_AUTH,1,0,0.0,0,0,0,0,0,0,0,5.56,5.56,0.0,LOW-RISK PROVIDER PATTERN,NORMAL,No suspicious patterns identified
1256362776,PRIOR_AUTH,1,0,0.0,0,0,0,0,0,0,0,5.56,5.56,0.0,LOW-RISK PROVIDER PATTERN,NORMAL,No suspicious patterns identified
1326704115,PRIOR_AUTH,1,0,0.0,0,0,0,0,0,0,0,5.56,5.56,0.0,LOW-RISK PROVIDER PATTERN,NORMAL,No suspicious patterns identified
1625118402,PHARMACY_CLAIM,1,0,0.0,0,0,0,0,0,0,0,5.56,5.56,0.0,LOW-RISK PROVIDER PATTERN,NORMAL,No suspicious patterns identified
1740097363,PRIOR_AUTH,1,0,0.0,0,0,0,0,0,0,0,5.56,5.56,0.0,LOW-RISK PROVIDER PATTERN,NORMAL,No suspicious patterns identified
1948195901,PRIOR_AUTH,1,0,0.0,0,0,0,0,0,0,0,5.56,5.56,0.0,LOW-RISK PROVIDER PATTERN,NORMAL,No suspicious patterns identified
1287971767,PHARMACY_CLAIM,1,0,0.0,0,0,0,0,0,0,0,5.54,5.54,0.0,LOW-RISK PROVIDER PATTERN,NORMAL,No suspicious patterns identified
1023240520,MEDICAL_CLAIM,1,0,0.0,0,0,0,0,0,0,0,5.53,5.53,0.0,LOW-RISK PROVIDER PATTERN,NORMAL,No suspicious patterns identified
1517890067,PHARMACY_CLAIM,1,0,0.0,0,0,0,0,0,0,0,5.53,5.53,0.0,LOW-RISK PROVIDER PATTERN,NORMAL,No suspicious patterns identified
1699301136,PRIOR_AUTH,1,0,0.0,0,0,0,0,0,0,0,5.53,5.53,0.0,LOW-RISK PROVIDER PATTERN,NORMAL,No suspicious patterns identified
1533636329,PHARMACY_CLAIM,1,0,0.0,0,0,0,0,0,0,0,5.52,5.52,0.0,LOW-RISK PROVIDER PATTERN,NORMAL,No suspicious patterns identified
1235836204,PHARMACY_CLAIM,1,0,0.0,0,0,0,0,0,0,0,5.51,5.51,0.0,LOW-RISK PROVIDER PATTERN,NORMAL,No suspicious patterns identified
1628181464,PRIOR_AUTH,1,0,0.0,0,0,0,0,0,0,0,5.51,5.51,0.0,LOW-RISK PROVIDER PATTERN,NORMAL,No suspicious patterns identified
1373536570,PHARMACY_CLAIM,1,0,0.0,0,0,0,0,0,0,0,5.5,5.5,0.0,LOW-RISK PROVIDER PATTERN,NORMAL,No suspicious patterns identified
1470502121,PRIOR_AUTH,1,0,0.0,0,0,0,0,0,0,0,5.49,5.49,0.0,LOW-RISK PROVIDER PATTERN,NORMAL,No suspicious patterns identified
1822557506,PRIOR_AUTH,1,0,0.0,0,0,0,0,0,0,0,5.49,5.49,0.0,LOW-RISK PROVIDER PATTERN,NORMAL,No suspicious patterns identified
1871680496,MEDICAL_CLAIM,1,0,0.0,0,0,0,0,0,0,0,5.48,5.48,0.0,LOW-RISK PROVIDER PATTERN,NORMAL,No suspicious patterns identified
1905824059,PRIOR_AUTH,1,0,0.0,0,0,0,0,0,0,0,5.47,5.47,0.0,LOW-RISK PROVIDER PATTERN,NORMAL,No suspicious patterns identified
1942329909,MEDICAL_CLAIM,1,0,0.0,0,0,0,0,0,0,0,5.47,5.47,0.0,LOW-RISK PROVIDER PATTERN,NORMAL,No suspicious patterns identified
1417068545,MEDICAL_CLAIM,1,0,0.0,0,0,0,0,0,0,0,5.46,5.46,0.0,LOW-RISK PROVIDER PATTERN,NORMAL,No suspicious patterns identified
1814054811,PHARMACY_CLAIM,1,0,0.0,0,0,0,0,0,0,0,5.46,5.46,0.0,LOW-RISK PROVIDER PATTERN,NORMAL,No suspicious patterns identified
1949948218,PRIOR_AUTH,1,0,0.0,0,0,0,0,0,0,0,5.46,5.46,0.0,LOW-RISK PROVIDER PATTERN,NORMAL,No suspicious patterns identified
1533350300,PHARMACY_CLAIM,1,0,0.0,0,0,0,0,0,0,0,5.45,5.45,0.0,LOW-RISK PROVIDER PATTERN,NORMAL,No suspicious patterns identified
1043790983,MEDICAL_CLAIM,1,0,0.0,0,0,0,0,0,0,0,5.44,5.44,0.0,LOW-RISK PROVIDER PATTERN,NORMAL,No suspicious patterns identified
1176303983,PRIOR_AUTH,1,0,0.0,0,0,0,0,0,0,0,5.44,5.44,0.0,LOW-RISK PROVIDER PATTERN,NORMAL,No suspicious patterns identified
1965306015,PRIOR_AUTH,1,0,0.0,0,0,0,0,0,0,0,5.44,5.44,0.0,LOW-RISK PROVIDER PATTERN,NORMAL,No suspicious patterns identified
1487898946,MEDICAL_CLAIM,2,0,0.0,0,0,0,0,0,0,0,5.43,5.43,0.0,LOW-RISK PROVIDER PATTERN,NORMAL,No suspicious patterns identified
1237953572,PRIOR_AUTH,1,0,0.0,0,0,0,0,0,0,0,5.42,5.42,0.0,LOW-RISK PROVIDER PATTERN,NORMAL,No suspicious patterns identified
1412466376,PHARMACY_CLAIM,1,0,0.0,0,0,0,0,0,0,0,5.42,5.42,0.0,LOW-RISK PROVIDER PATTERN,NORMAL,No suspicious patterns identified
1417005919,MEDICAL_CLAIM,1,0,0.0,0,0,0,0,0,0,0,5.42,5.42,0.0,LOW-RISK PROVIDER PATTERN,NORMAL,No suspicious patterns identified
1354267037,PHARMACY_CLAIM,1,0,0.0,0,0,0,0,0,0,0,5.41,5.41,0.0,LOW-RISK PROVIDER PATTERN,NORMAL,No suspicious patterns identified
1182213280,PRIOR_AUTH,1,0,0.0,0,0,0,0,0,0,0,5.4,5.4,0.0,LOW-RISK PROVIDER PATTERN,NORMAL,No suspicious patterns identified
1638650708,PHARMACY_CLAIM,1,0,0.0,0,0,0,0,0,0,0,5.4,5.4,0.0,LOW-RISK PROVIDER PATTERN,NORMAL,No suspicious patterns identified
1323641391,PRIOR_AUTH,1,0,0.0,0,0,0,0,0,0,0,5.39,5.39,0.0,LOW-RISK PROVIDER PATTERN,NORMAL,No suspicious patterns identified
1431851703,PHARMACY_CLAIM,1,0,0.0,0,0,0,0,0,0,0,5.39,5.39,0.0,LOW-RISK PROVIDER PATTERN,NORMAL,No suspicious patterns identified
1082634401,PRIOR_AUTH,1,0,0.0,0,0,0,0,0,0,0,5.38,5.38,0.0,LOW-RISK PROVIDER PATTERN,NORMAL,No suspicious patterns identified
1299325182,PHARMACY_CLAIM,1,0,0.0,0,0,0,0,0,0,0,5.37,5.37,0.0,LOW-RISK PROVIDER PATTERN,NORMAL,No suspicious patterns identified
1124893338,PHARMACY_CLAIM,1,0,0.0,0,0,0,0,0,0,0,5.36,5.36,0.0,LOW-RISK PROVIDER PATTERN,NORMAL,No suspicious patterns identified
1215909826,PRIOR_AUTH,1,0,0.0,0,0,0,0,0,0,0,5.36,5.36,0.0,LOW-RISK PROVIDER PATTERN,NORMAL,No suspicious patterns identified
1212514141,PRIOR_AUTH,1,0,0.0,0,0,0,0,0,0,0,5.35,5.35,0.0,LOW-RISK PROVIDER PATTERN,NORMAL,No suspicious patterns identified
1613564427,PHARMACY_CLAIM,1,0,0.0,0,0,0,0,0,0,0,5.34,5.34,0.0,LOW-RISK PROVIDER PATTERN,NORMAL,No suspicious patterns identified
1739459540,PRIOR_AUTH,1,0,0.0,0,0,0,0,0,0,0,5.34,5.34,0.0,LOW-RISK PROVIDER PATTERN,NORMAL,No suspicious patterns identified
1439099540,PHARMACY_CLAIM,1,0,0.0,0,0,0,0,0,0,0,5.33,5.33,0.0,LOW-RISK PROVIDER PATTERN,NORMAL,No suspicious patterns identified
1132925818,PHARMACY_CLAIM,1,0,0.0,0,0,0,0,0,0,0,5.31,5.31,0.0,LOW-RISK PROVIDER PATTERN,NORMAL,No suspicious patterns identified
1363957437,PRIOR_AUTH,1,0,0.0,0,0,0,0,0,0,0,5.31,5.31,0.0,LOW-RISK PROVIDER PATTERN,NORMAL,No suspicious patterns identified
1730645631,MEDICAL_CLAIM,1,0,0.0,0,0,0,0,0,0,0,5.31,5.31,0.0,LOW-RISK PROVIDER PATTERN,NORMAL,No suspicious patterns identified
1985963030,PHARMACY_CLAIM,1,0,0.0,0,0,0,0,0,0,0,5.31,5.31,0.0,LOW-RISK PROVIDER PATTERN,NORMAL,No suspicious patterns identified
1639970932,PRIOR_AUTH,1,0,0.0,0,0,0,0,0,0,0,5.29,5.29,0.0,LOW-RISK PROVIDER PATTERN,NORMAL,No suspicious patterns identified
1765628669,PRIOR_AUTH,1,0,0.0,0,0,0,0,0,0,0,5.29,5.29,0.0,LOW-RISK PROVIDER PATTERN,NORMAL,No suspicious patterns identified
1264902491,PRIOR_AUTH,1,0,0.0,0,0,0,0,0,0,0,5.28,5.28,0.0,LOW-RISK PROVIDER PATTERN,NORMAL,No suspicious patterns identified
1893820470,PHARMACY_CLAIM,1,0,0.0,0,0,0,0,0,0,0,5.28,5.28,0.0,LOW-RISK PROVIDER PATTERN,NORMAL,No suspicious patterns identified
1335339039,PHARMACY_CLAIM,1,0,0.0,0,0,0,0,0,0,0,5.25,5.25,0.0,LOW-RISK PROVIDER PATTERN,NORMAL,No suspicious patterns identified
1802805593,PRIOR_AUTH,1,0,0.0,0,0,0,0,0,0,0,5.25,5.25,0.0,LOW-RISK PROVIDER PATTERN,NORMAL,No suspicious patterns identified
1005893407,PHARMACY_CLAIM,1,0,0.0,0,0,0,0,0,0,0,5.24,5.24,0.0,LOW-RISK PROVIDER PATTERN,NORMAL,No suspicious patterns identified
1008853602,PRIOR_AUTH,1,0,0.0,0,0,0,0,0,0,0,5.24,5.24,0.0,LOW-RISK PROVIDER PATTERN,NORMAL,No suspicious patterns identified
1369950654,PHARMACY_CLAIM,1,0,0.0,0,0,0,0,0,0,0,5.23,5.23,0.0,LOW-RISK PROVIDER PATTERN,NORMAL,No suspicious patterns identified
1043389398,MEDICAL_CLAIM,1,0,0.0,0,0,0,0,0,0,0,5.21,5.21,0.0,LOW-RISK PROVIDER PATTERN,NORMAL,No suspicious patterns identified
1897143014,PRIOR_AUTH,1,0,0.0,0,0,0,0,0,0,0,5.21,5.21,0.0,LOW-RISK PROVIDER PATTERN,NORMAL,No suspicious patterns identified
1129527993,PRIOR_AUTH,1,0,0.0,0,0,0,0,0,0,0,5.2,5.2,0.0,LOW-RISK PROVIDER PATTERN,NORMAL,No suspicious patterns identified
1806661578,PRIOR_AUTH,1,0,0.0,0,0,0,0,0,0,0,5.19,5.19,0.0,LOW-RISK PROVIDER PATTERN,NORMAL,No suspicious patterns identified
1957576047,PHARMACY_CLAIM,1,0,0.0,0,0,0,0,0,0,0,5.19,5.19,0.0,LOW-RISK PROVIDER PATTERN,NORMAL,No suspicious patterns identified
1218835919,PHARMACY_CLAIM,1,0,0.0,0,0,0,0,0,0,0,5.17,5.17,0.0,LOW-RISK PROVIDER PATTERN,NORMAL,No suspicious patterns identified
1041953213,PRIOR_AUTH,1,0,0.0,0,0,0,0,0,0,0,5.16,5.16,0.0,LOW-RISK PROVIDER PATTERN,NORMAL,No suspicious patterns identified
1150106148,PHARMACY_CLAIM,1,0,0.0,0,0,0,0,0,0,0,5.16,5.16,0.0,LOW-RISK PROVIDER PATTERN,NORMAL,No suspicious patterns identified
1326763804,PHARMACY_CLAIM,1,0,0.0,0,0,0,0,0,0,0,5.15,5.15,0.0,LOW-RISK PROVIDER PATTERN,NORMAL,No suspicious patterns identified
1066562752,PRIOR_AUTH,1,0,0.0,0,0,0,0,0,0,0,5.14,5.14,0.0,LOW-RISK PROVIDER PATTERN,NORMAL,No suspicious patterns identified
1067348812,PRIOR_AUTH,1,0,0.0,0,0,0,0,0,0,0,5.14,5.14,0.0,LOW-RISK PROVIDER PATTERN,NORMAL,No suspicious patterns identified
1388052254,PRIOR_AUTH,1,0,0.0,0,0,0,0,0,0,0,5.14,5.14,0.0,LOW-RISK PROVIDER PATTERN,NORMAL,No suspicious patterns identified
1807759808,PHARMACY_CLAIM,1,0,0.0,0,0,0,0,0,0,0,5.14,5.14,0.0,LOW-RISK PROVIDER PATTERN,NORMAL,No suspicious patterns identified
1140231093,PHARMACY_CLAIM,1,0,0.0,0,0,0,0,0,0,0,5.13,5.13,0.0,LOW-RISK PROVIDER PATTERN,NORMAL,No suspicious patterns identified
1023092995,PHARMACY_CLAIM,1,0,0.0,0,0,0,0,0,0,0,5.11,5.11,0.0,LOW-RISK PROVIDER PATTERN,NORMAL,No suspicious patterns identified
1734915835,PHARMACY_CLAIM,1,0,0.0,0,0,0,0,0,0,0,5.11,5.11,0.0,LOW-RISK PROVIDER PATTERN,NORMAL,No suspicious patterns identified
1159651733,PRIOR_AUTH,1,0,0.0,0,0,0,0,0,0,0,5.1,5.1,0.0,LOW-RISK PROVIDER PATTERN,NORMAL,No suspicious patterns identified
1355512652,PRIOR_AUTH,1,0,0.0,0,0,0,0,0,0,0,5.1,5.1,0.0,LOW-RISK PROVIDER PATTERN,NORMAL,No suspicious patterns identified
1554985812,PRIOR_AUTH,1,0,0.0,0,0,0,0,0,0,0,5.1,5.1,0.0,LOW-RISK PROVIDER PATTERN,NORMAL,No suspicious patterns identified
1685237081,PHARMACY_CLAIM,1,0,0.0,0,0,0,0,0,0,0,5.1,5.1,0.0,LOW-RISK PROVIDER PATTERN,NORMAL,No suspicious patterns identified
1317710654,PRIOR_AUTH,1,0,0.0,0,0,0,0,0,0,0,5.08,5.08,0.0,LOW-RISK PROVIDER PATTERN,NORMAL,No suspicious patterns identified
1376662262,MEDICAL_CLAIM,1,0,0.0,0,0,0,0,0,0,0,5.08,5.08,0.0,LOW-RISK PROVIDER PATTERN,NORMAL,No suspicious patterns identified
1642584236,PHARMACY_CLAIM,1,0,0.0,0,0,0,0,0,0,0,5.06,5.06,0.0,LOW-RISK PROVIDER PATTERN,NORMAL,No suspicious patterns identified
1246143422,PRIOR_AUTH,1,0,0.0,0,0,0,0,0,0,0,5.05,5.05,0.0,LOW-RISK PROVIDER PATTERN,NORMAL,No suspicious patterns identified
1801938657,PRIOR_AUTH,1,0,0.0,0,0,0,0,0,0,0,5.03,5.03,0.0,LOW-RISK PROVIDER PATTERN,NORMAL,No suspicious patterns identified
1996521945,PRIOR_AUTH,1,0,0.0,0,0,0,0,0,0,0,5.03,5.03,0.0,LOW-RISK PROVIDER PATTERN,NORMAL,No suspicious patterns identified
1535847900,PHARMACY_CLAIM,1,0,0.0,0,0,0,0,0,0,0,5.01,5.01,0.0,LOW-RISK PROVIDER PATTERN,NORMAL,No suspicious patterns identified
1803765526,PRIOR_AUTH,1,0,0.0,0,0,0,0,0,0,0,5.01,5.01,0.0,LOW-RISK PROVIDER PATTERN,NORMAL,No suspicious patterns identified
1013951706,MEDICAL_CLAIM,1,0,0.0,0,0,0,0,0,0,0,4.99,4.99,0.0,LOW-RISK PROVIDER PATTERN,NORMAL,No suspicious patterns identified
1421025763,PRIOR_AUTH,1,0,0.0,0,0,0,0,0,0,0,4.97,4.97,0.0,LOW-RISK PROVIDER PATTERN,NORMAL,No suspicious patterns identified
1912079039,MEDICAL_CLAIM,2,0,0.0,0,0,0,0,0,0,0,4.96,7.63,0.0,LOW-RISK PROVIDER PATTERN,NORMAL,No suspicious patterns identified
1343523638,PRIOR_AUTH,1,0,0.0,0,0,0,0,0,0,0,4.96,4.96,0.0,LOW-RISK PROVIDER PATTERN,NORMAL,No suspicious patterns identified
1391588517,PHARMACY_CLAIM,1,0,0.0,0,0,0,0,0,0,0,4.96,4.96,0.0,LOW-RISK PROVIDER PATTERN,NORMAL,No suspicious patterns identified
1790249837,MEDICAL_CLAIM,1,0,0.0,0,0,0,0,0,0,0,4.96,4.96,0.0,LOW-RISK PROVIDER PATTERN,NORMAL,No suspicious patterns identified
1477015348,PRIOR_AUTH,1,0,0.0,0,0,0,0,0,0,0,4.95,4.95,0.0,LOW-RISK PROVIDER PATTERN,NORMAL,No suspicious patterns identified
1801553302,PHARMACY_CLAIM,1,0,0.0,0,0,0,0,0,0,0,4.95,4.95,0.0,LOW-RISK PROVIDER PATTERN,NORMAL,No suspicious patterns identified
1013588466,MEDICAL_CLAIM,1,0,0.0,0,0,0,0,0,0,0,4.94,4.94,0.0,LOW-RISK PROVIDER PATTERN,NORMAL,No suspicious patterns identified
1942774153,MEDICAL_CLAIM,1,0,0.0,0,0,0,0,0,0,0,4.94,4.94,0.0,LOW-RISK PROVIDER PATTERN,NORMAL,No suspicious patterns identified
1448288337,PHARMACY_CLAIM,1,0,0.0,0,0,0,0,0,0,0,4.93,4.93,0.0,LOW-RISK PROVIDER PATTERN,NORMAL,No suspicious patterns identified
1515573251,PRIOR_AUTH,1,0,0.0,0,0,0,0,0,0,0,4.93,4.93,0.0,LOW-RISK PROVIDER PATTERN,NORMAL,No suspicious patterns identified
1795443196,PRIOR_AUTH,1,0,0.0,0,0,0,0,0,0,0,4.93,4.93,0.0,LOW-RISK PROVIDER PATTERN,NORMAL,No suspicious patterns identified
1072831607,PRIOR_AUTH,1,0,0.0,0,0,0,0,0,0,0,4.91,4.91,0.0,LOW-RISK PROVIDER PATTERN,NORMAL,No suspicious patterns identified
1695653965,PRIOR_AUTH,1,0,0.0,0,0,0,0,0,0,0,4.91,4.91,0.0,LOW-RISK PROVIDER PATTERN,NORMAL,No suspicious patterns identified
1696502044,PHARMACY_CLAIM,1,0,0.0,0,0,0,0,0,0,0,4.9,4.9,0.0,LOW-RISK PROVIDER PATTERN,NORMAL,No suspicious patterns identified
1731685401,PHARMACY_CLAIM,1,0,0.0,0,0,0,0,0,0,0,4.9,4.9,0.0,LOW-RISK PROVIDER PATTERN,NORMAL,No suspicious patterns identified
1280288446,PRIOR_AUTH,1,0,0.0,0,0,0,0,0,0,0,4.89,4.89,0.0,LOW-RISK PROVIDER PATTERN,NORMAL,No suspicious patterns identified
1902040454,MEDICAL_CLAIM,1,0,0.0,0,0,0,0,0,0,0,4.89,4.89,0.0,LOW-RISK PROVIDER PATTERN,NORMAL,No suspicious patterns identified
1774408306,PRIOR_AUTH,1,0,0.0,0,0,0,0,0,0,0,4.88,4.88,0.0,LOW-RISK PROVIDER PATTERN,NORMAL,No suspicious patterns identified
1001814906,PHARMACY_CLAIM,1,0,0.0,0,0,0,0,0,0,0,4.86,4.86,0.0,LOW-RISK PROVIDER PATTERN,NORMAL,No suspicious patterns identified
1193951396,PRIOR_AUTH,1,0,0.0,0,0,0,0,0,0,0,4.86,4.86,0.0,LOW-RISK PROVIDER PATTERN,NORMAL,No suspicious patterns identified
1164751467,PRIOR_AUTH,1,0,0.0,0,0,0,0,0,0,0,4.85,4.85,0.0,LOW-RISK PROVIDER PATTERN,NORMAL,No suspicious patterns identified
1496279341,PHARMACY_CLAIM,1,0,0.0,0,0,0,0,0,0,0,4.84,4.84,0.0,LOW-RISK PROVIDER PATTERN,NORMAL,No suspicious patterns identified
1306800602,MEDICAL_CLAIM,1,0,0.0,0,0,0,0,0,0,0,4.83,4.83,0.0,LOW-RISK PROVIDER PATTERN,NORMAL,No suspicious patterns identified
1467800426,PRIOR_AUTH,1,0,0.0,0,0,0,0,0,0,0,4.83,4.83,0.0,LOW-RISK PROVIDER PATTERN,NORMAL,No suspicious patterns identified
1505687611,PHARMACY_CLAIM,1,0,0.0,0,0,0,0,0,0,0,4.83,4.83,0.0,LOW-RISK PROVIDER PATTERN,NORMAL,No suspicious patterns identified
1776226900,PRIOR_AUTH,1,0,0.0,0,0,0,0,0,0,0,4.83,4.83,0.0,LOW-RISK PROVIDER PATTERN,NORMAL,No suspicious patterns identified
1818550074,PRIOR_AUTH,1,0,0.0,0,0,0,0,0,0,0,4.83,4.83,0.0,LOW-RISK PROVIDER PATTERN,NORMAL,No suspicious patterns identified
1234565821,PHARMACY_CLAIM,1,0,0.0,0,0,0,0,0,0,0,4.82,4.82,0.0,LOW-RISK PROVIDER PATTERN,NORMAL,No suspicious patterns identified
1327431577,PHARMACY_CLAIM,1,0,0.0,0,0,0,0,0,0,0,4.8,4.8,0.0,LOW-RISK PROVIDER PATTERN,NORMAL,No suspicious patterns identified
1340689113,PRIOR_AUTH,1,0,0.0,0,0,0,0,0,0,0,4.8,4.8,0.0,LOW-RISK PROVIDER PATTERN,NORMAL,No suspicious patterns identified
1795415947,PHARMACY_CLAIM,1,0,0.0,0,0,0,0,0,0,0,4.8,4.8,0.0,LOW-RISK PROVIDER PATTERN,NORMAL,No suspicious patterns identified
1170376322,PHARMACY_CLAIM,1,0,0.0,0,0,0,0,0,0,0,4.79,4.79,0.0,LOW-RISK PROVIDER PATTERN,NORMAL,No suspicious patterns identified
1335195884,PRIOR_AUTH,1,0,0.0,0,0,0,0,0,0,0,4.79,4.79,0.0,LOW-RISK PROVIDER PATTERN,NORMAL,No suspicious patterns identified
1391322365,PHARMACY_CLAIM,1,0,0.0,0,0,0,0,0,0,0,4.78,4.78,0.0,LOW-RISK PROVIDER PATTERN,NORMAL,No suspicious patterns identified
1750746285,MEDICAL_CLAIM,1,0,0.0,0,0,0,0,0,0,0,4.78,4.78,0.0,LOW-RISK PROVIDER PATTERN,NORMAL,No suspicious patterns identified
1219223994,PRIOR_AUTH,1,0,0.0,0,0,0,0,0,0,0,4.77,4.77,0.0,LOW-RISK PROVIDER PATTERN,NORMAL,No suspicious patterns identified
1593172264,PHARMACY_CLAIM,1,0,0.0,0,0,0,0,0,0,0,4.77,4.77,0.0,LOW-RISK PROVIDER PATTERN,NORMAL,No suspicious patterns identified
1671837212,PRIOR_AUTH,1,0,0.0,0,0,0,0,0,0,0,4.77,4.77,0.0,LOW-RISK PROVIDER PATTERN,NORMAL,No suspicious patterns identified
1161823220,PRIOR_AUTH,1,0,0.0,0,0,0,0,0,0,0,4.75,4.75,0.0,LOW-RISK PROVIDER PATTERN,NORMAL,No suspicious patterns identified
1305581285,PHARMACY_CLAIM,1,0,0.0,0,0,0,0,0,0,0,4.75,4.75,0.0,LOW-RISK PROVIDER PATTERN,NORMAL,No suspicious patterns identified
1922177229,MEDICAL_CLAIM,1,0,0.0,0,0,0,0,0,0,0,4.75,4.75,0.0,LOW-RISK PROVIDER PATTERN,NORMAL,No suspicious patterns identified
1800702184,PHARMACY_CLAIM,1,0,0.0,0,0,0,0,0,0,0,4.74,4.74,0.0,LOW-RISK PROVIDER PATTERN,NORMAL,No suspicious patterns identified
1557795361,PRIOR_AUTH,1,0,0.0,0,0,0,0,0,0,0,4.72,4.72,0.0,LOW-RISK PROVIDER PATTERN,NORMAL,No suspicious patterns identified
1936058555,PRIOR_AUTH,1,0,0.0,0,0,0,0,0,0,0,4.72,4.72,0.0,LOW-RISK PROVIDER PATTERN,NORMAL,No suspicious patterns identified
1968950901,PRIOR_AUTH,1,0,0.0,0,0,0,0,0,0,0,4.72,4.72,0.0,LOW-RISK PROVIDER PATTERN,NORMAL,No suspicious patterns identified
1297413822,PHARMACY_CLAIM,1,0,0.0,0,0,0,0,0,0,0,4.71,4.71,0.0,LOW-RISK PROVIDER PATTERN,NORMAL,No suspicious patterns identified
1211906968,PRIOR_AUTH,1,0,0.0,0,0,0,0,0,0,0,4.7,4.7,0.0,LOW-RISK PROVIDER PATTERN,NORMAL,No suspicious patterns identified
1775606052,PHARMACY_CLAIM,1,0,0.0,0,0,0,0,0,0,0,4.7,4.7,0.0,LOW-RISK PROVIDER PATTERN,NORMAL,No suspicious patterns identified
1879025764,PHARMACY_CLAIM,1,0,0.0,0,0,0,0,0,0,0,4.7,4.7,0.0,LOW-RISK PROVIDER PATTERN,NORMAL,No suspicious patterns identified
1113771897,PHARMACY_CLAIM,1,0,0.0,0,0,0,0,0,0,0,4.69,4.69,0.0,LOW-RISK PROVIDER PATTERN,NORMAL,No suspicious patterns identified
1008350193,PRIOR_AUTH,1,0,0.0,0,0,0,0,0,0,0,4.68,4.68,0.0,LOW-RISK PROVIDER PATTERN,NORMAL,No suspicious patterns identified
1231343976,PHARMACY_CLAIM,1,0,0.0,0,0,0,0,0,0,0,4.68,4.68,0.0,LOW-RISK PROVIDER PATTERN,NORMAL,No suspicious patterns identified
1451414155,PRIOR_AUTH,1,0,0.0,0,0,0,0,0,0,0,4.68,4.68,0.0,LOW-RISK PROVIDER PATTERN,NORMAL,No suspicious patterns identified
1141137284,PHARMACY_CLAIM,1,0,0.0,0,0,0,0,0,0,0,4.66,4.66,0.0,LOW-RISK PROVIDER PATTERN,NORMAL,No suspicious patterns identified
1261255268,PRIOR_AUTH,1,0,0.0,0,0,0,0,0,0,0,4.66,4.66,0.0,LOW-RISK PROVIDER PATTERN,NORMAL,No suspicious patterns identified
1175524252,PHARMACY_CLAIM,1,0,0.0,0,0,0,0,0,0,0,4.65,4.65,0.0,LOW-RISK PROVIDER PATTERN,NORMAL,No suspicious patterns identified
1982942275,PHARMACY_CLAIM,1,0,0.0,0,0,0,0,0,0,0,4.65,4.65,0.0,LOW-RISK PROVIDER PATTERN,NORMAL,No suspicious patterns identified
1106441265,PHARMACY_CLAIM,1,0,0.0,0,0,0,0,0,0,0,4.64,4.64,0.0,LOW-RISK PROVIDER PATTERN,NORMAL,No suspicious patterns identified
1808662767,PHARMACY_CLAIM,1,0,0.0,0,0,0,0,0,0,0,4.63,4.63,0.0,LOW-RISK PROVIDER PATTERN,NORMAL,No suspicious patterns identified
1158709935,PRIOR_AUTH,1,0,0.0,0,0,0,0,0,0,0,4.62,4.62,0.0,LOW-RISK PROVIDER PATTERN,NORMAL,No suspicious patterns identified
1284559424,PRIOR_AUTH,1,0,0.0,0,0,0,0,0,0,0,4.62,4.62,0.0,LOW-RISK PROVIDER PATTERN,NORMAL,No suspicious patterns identified
1454159292,PRIOR_AUTH,1,0,0.0,0,0,0,0,0,0,0,4.62,4.62,0.0,LOW-RISK PROVIDER PATTERN,NORMAL,No suspicious patterns identified
1654674249,PHARMACY_CLAIM,1,0,0.0,0,0,0,0,0,0,0,4.62,4.62,0.0,LOW-RISK PROVIDER PATTERN,NORMAL,No suspicious patterns identified
1377902061,PHARMACY_CLAIM,1,0,0.0,0,0,0,0,0,0,0,4.61,4.61,0.0,LOW-RISK PROVIDER PATTERN,NORMAL,No suspicious patterns identified
1111969317,PHARMACY_CLAIM,1,0,0.0,0,0,0,0,0,0,0,4.6,4.6,0.0,LOW-RISK PROVIDER PATTERN,NORMAL,No suspicious patterns identified
1449076179,PHARMACY_CLAIM,1,0,0.0,0,0,0,0,0,0,0,4.6,4.6,0.0,LOW-RISK PROVIDER PATTERN,NORMAL,No suspicious patterns identified
1796847624,PRIOR_AUTH,1,0,0.0,0,0,0,0,0,0,0,4.6,4.6,0.0,LOW-RISK PROVIDER PATTERN,NORMAL,No suspicious patterns identified
1013564546,PHARMACY_CLAIM,1,0,0.0,0,0,0,0,0,0,0,4.58,4.58,0.0,LOW-RISK PROVIDER PATTERN,NORMAL,No suspicious patterns identified
1129281887,PRIOR_AUTH,1,0,0.0,0,0,0,0,0,0,0,4.56,4.56,0.0,LOW-RISK PROVIDER PATTERN,NORMAL,No suspicious patterns identified
1602422506,PRIOR_AUTH,1,0,0.0,0,0,0,0,0,0,0,4.56,4.56,0.0,LOW-RISK PROVIDER PATTERN,NORMAL,No suspicious patterns identified
1836508973,PRIOR_AUTH,1,0,0.0,0,0,0,0,0,0,0,4.56,4.56,0.0,LOW-RISK PROVIDER PATTERN,NORMAL,No suspicious patterns identified
1847743258,PRIOR_AUTH,1,0,0.0,0,0,0,0,0,0,0,4.56,4.56,0.0,LOW-RISK PROVIDER PATTERN,NORMAL,No suspicious patterns identified
1926768015,PRIOR_AUTH,1,0,0.0,0,0,0,0,0,0,0,4.56,4.56,0.0,LOW-RISK PROVIDER PATTERN,NORMAL,No suspicious patterns identified
1977847517,PRIOR_AUTH,1,0,0.0,0,0,0,0,0,0,0,4.56,4.56,0.0,LOW-RISK PROVIDER PATTERN,NORMAL,No suspicious patterns identified
1498039179,PHARMACY_CLAIM,1,0,0.0,0,0,0,0,0,0,0,4.55,4.55,0.0,LOW-RISK PROVIDER PATTERN,NORMAL,No suspicious patterns identified
1892310469,PHARMACY_CLAIM,1,0,0.0,0,0,0,0,0,0,0,4.55,4.55,0.0,LOW-RISK PROVIDER PATTERN,NORMAL,No suspicious patterns identified
1123340875,PHARMACY_CLAIM,1,0,0.0,0,0,0,0,0,0,0,4.54,4.54,0.0,LOW-RISK PROVIDER PATTERN,NORMAL,No suspicious patterns identified
1241062907,PHARMACY_CLAIM,1,0,0.0,0,0,0,0,0,0,0,4.51,4.51,0.0,LOW-RISK PROVIDER PATTERN,NORMAL,No suspicious patterns identified
1584062463,PRIOR_AUTH,1,0,0.0,0,0,0,0,0,0,0,4.51,4.51,0.0,LOW-RISK PROVIDER PATTERN,NORMAL,No suspicious patterns identified
1784498122,PRIOR_AUTH,1,0,0.0,0,0,0,0,0,0,0,4.5,4.5,0.0,LOW-RISK PROVIDER PATTERN,NORMAL,No suspicious patterns identified
1978868938,PHARMACY_CLAIM,1,0,0.0,0,0,0,0,0,0,0,4.5,4.5,0.0,LOW-RISK PROVIDER PATTERN,NORMAL,No suspicious patterns identified
1964201076,PHARMACY_CLAIM,1,0,0.0,0,0,0,0,0,0,0,4.49,4.49,0.0,LOW-RISK PROVIDER PATTERN,NORMAL,No suspicious patterns identified
1604242096,PRIOR_AUTH,1,0,0.0,0,0,0,0,0,0,0,4.48,4.48,0.0,LOW-RISK PROVIDER PATTERN,NORMAL,No suspicious patterns identified
1961593242,PRIOR_AUTH,1,0,0.0,0,0,0,0,0,0,0,4.48,4.48,0.0,LOW-RISK PROVIDER PATTERN,NORMAL,No suspicious patterns identified
1478593987,PHARMACY_CLAIM,1,0,0.0,0,0,0,0,0,0,0,4.47,4.47,0.0,LOW-RISK PROVIDER PATTERN,NORMAL,No suspicious patterns identified
1220691257,PRIOR_AUTH,1,0,0.0,0,0,0,0,0,0,0,4.45,4.45,0.0,LOW-RISK PROVIDER PATTERN,NORMAL,No suspicious patterns identified
1749787867,PHARMACY_CLAIM,1,0,0.0,0,0,0,0,0,0,0,4.44,4.44,0.0,LOW-RISK PROVIDER PATTERN,NORMAL,No suspicious patterns identified
1908866659,PHARMACY_CLAIM,1,0,0.0,0,0,0,0,0,0,0,4.43,4.43,0.0,LOW-RISK PROVIDER PATTERN,NORMAL,No suspicious patterns identified
1099087264,PRIOR_AUTH,1,0,0.0,0,0,0,0,0,0,0,4.41,4.41,0.0,LOW-RISK PROVIDER PATTERN,NORMAL,No suspicious patterns identified
1169998420,PRIOR_AUTH,1,0,0.0,0,0,0,0,0,0,0,4.41,4.41,0.0,LOW-RISK PROVIDER PATTERN,NORMAL,No suspicious patterns identified
1610563835,PRIOR_AUTH,1,0,0.0,0,0,0,0,0,0,0,4.41,4.41,0.0,LOW-RISK PROVIDER PATTERN,NORMAL,No suspicious patterns identified
1100235510,PHARMACY_CLAIM,1,0,0.0,0,0,0,0,0,0,0,4.4,4.4,0.0,LOW-RISK PROVIDER PATTERN,NORMAL,No suspicious patterns identified
1823071363,PHARMACY_CLAIM,1,0,0.0,0,0,0,0,0,0,0,4.4,4.4,0.0,LOW-RISK PROVIDER PATTERN,NORMAL,No suspicious patterns identified
1227672145,PRIOR_AUTH,1,0,0.0,0,0,0,0,0,0,0,4.39,4.39,0.0,LOW-RISK PROVIDER PATTERN,NORMAL,No suspicious patterns identified
1904333167,PHARMACY_CLAIM,1,0,0.0,0,0,0,0,0,0,0,4.39,4.39,0.0,LOW-RISK PROVIDER PATTERN,NORMAL,No suspicious patterns identified
1254302818,PHARMACY_CLAIM,1,0,0.0,0,0,0,0,0,0,0,4.38,4.38,0.0,LOW-RISK PROVIDER PATTERN,NORMAL,No suspicious patterns identified
1962568674,PRIOR_AUTH,1,0,0.0,0,0,0,0,0,0,0,4.38,4.38,0.0,LOW-RISK PROVIDER PATTERN,NORMAL,No suspicious patterns identified
1922633535,PHARMACY_CLAIM,1,0,0.0,0,0,0,0,0,0,0,4.36,4.36,0.0,LOW-RISK PROVIDER PATTERN,NORMAL,No suspicious patterns identified
1947354580,PRIOR_AUTH,1,0,0.0,0,0,0,0,0,0,0,4.36,4.36,0.0,LOW-RISK PROVIDER PATTERN,NORMAL,No suspicious patterns identified
1104875095,MEDICAL_CLAIM,1,0,0.0,0,0,0,0,0,0,0,4.35,4.35,0.0,LOW-RISK PROVIDER PATTERN,NORMAL,No suspicious patterns identified
1740767757,PRIOR_AUTH,1,0,0.0,0,0,0,0,0,0,0,4.34,4.34,0.0,LOW-RISK PROVIDER PATTERN,NORMAL,No suspicious patterns identified
1950679245,PHARMACY_CLAIM,1,0,0.0,0,0,0,0,0,0,0,4.33,4.33,0.0,LOW-RISK PROVIDER PATTERN,NORMAL,No suspicious patterns identified
1347624659,PHARMACY_CLAIM,1,0,0.0,0,0,0,0,0,0,0,4.32,4.32,0.0,LOW-RISK PROVIDER PATTERN,NORMAL,No suspicious patterns identified
1945366619,PRIOR_AUTH,1,0,0.0,0,0,0,0,0,0,0,4.32,4.32,0.0,LOW-RISK PROVIDER PATTERN,NORMAL,No suspicious patterns identified
1380199096,PHARMACY_CLAIM,1,0,0.0,0,0,0,0,0,0,0,4.31,4.31,0.0,LOW-RISK PROVIDER PATTERN,NORMAL,No suspicious patterns identified
1740653922,MEDICAL_CLAIM,2,0,0.0,0,0,0,0,0,0,0,4.3,6.67,0.0,LOW-RISK PROVIDER PATTERN,NORMAL,No suspicious patterns identified
1339407397,PHARMACY_CLAIM,1,0,0.0,0,0,0,0,0,0,0,4.29,4.29,0.0,LOW-RISK PROVIDER PATTERN,NORMAL,No suspicious patterns identified
1388040535,PRIOR_AUTH,1,0,0.0,0,0,0,0,0,0,0,4.28,4.28,0.0,LOW-RISK PROVIDER PATTERN,NORMAL,No suspicious patterns identified
1529365059,PRIOR_AUTH,1,0,0.0,0,0,0,0,0,0,0,4.28,4.28,0.0,LOW-RISK PROVIDER PATTERN,NORMAL,No suspicious patterns identified
1567329586,PHARMACY_CLAIM,1,0,0.0,0,0,0,0,0,0,0,4.28,4.28,0.0,LOW-RISK PROVIDER PATTERN,NORMAL,No suspicious patterns identified
1669078879,MEDICAL_CLAIM,1,0,0.0,0,0,0,0,0,0,0,4.28,4.28,0.0,LOW-RISK PROVIDER PATTERN,NORMAL,No suspicious patterns identified
1720918893,PRIOR_AUTH,1,0,0.0,0,0,0,0,0,0,0,4.28,4.28,0.0,LOW-RISK PROVIDER PATTERN,NORMAL,No suspicious patterns identified
1878889523,PRIOR_AUTH,1,0,0.0,0,0,0,0,0,0,0,4.28,4.28,0.0,LOW-RISK PROVIDER PATTERN,NORMAL,No suspicious patterns identified
1951146027,PRIOR_AUTH,1,0,0.0,0,0,0,0,0,0,0,4.28,4.28,0.0,LOW-RISK PROVIDER PATTERN,NORMAL,No suspicious patterns identified
1951800857,PRIOR_AUTH,1,0,0.0,0,0,0,0,0,0,0,4.28,4.28,0.0,LOW-RISK PROVIDER PATTERN,NORMAL,No suspicious patterns identified
1961165538,PRIOR_AUTH,1,0,0.0,0,0,0,0,0,0,0,4.28,4.28,0.0,LOW-RISK PROVIDER PATTERN,NORMAL,No suspicious patterns identified
1271852128,PHARMACY_CLAIM,1,0,0.0,0,0,0,0,0,0,0,4.27,4.27,0.0,LOW-RISK PROVIDER PATTERN,NORMAL,No suspicious patterns identified
1391543311,PHARMACY_CLAIM,1,0,0.0,0,0,0,0,0,0,0,4.26,4.26,0.0,LOW-RISK PROVIDER PATTERN,NORMAL,No suspicious patterns identified
1115136723,PHARMACY_CLAIM,1,0,0.0,0,0,0,0,0,0,0,4.25,4.25,0.0,LOW-RISK PROVIDER PATTERN,NORMAL,No suspicious patterns identified
1377544964,PHARMACY_CLAIM,1,0,0.0,0,0,0,0,0,0,0,4.24,4.24,0.0,LOW-RISK PROVIDER PATTERN,NORMAL,No suspicious patterns identified
1534760074,PHARMACY_CLAIM,1,0,0.0,0,0,0,0,0,0,0,4.24,4.24,0.0,LOW-RISK PROVIDER PATTERN,NORMAL,No suspicious patterns identified
1134877210,PHARMACY_CLAIM,1,0,0.0,0,0,0,0,0,0,0,4.23,4.23,0.0,LOW-RISK PROVIDER PATTERN,NORMAL,No suspicious patterns identified
1798610365,PRIOR_AUTH,1,0,0.0,0,0,0,0,0,0,0,4.23,4.23,0.0,LOW-RISK PROVIDER PATTERN,NORMAL,No suspicious patterns identified
1083009997,MEDICAL_CLAIM,2,0,0.0,0,0,0,0,0,0,0,4.22,4.51,0.0,LOW-RISK PROVIDER PATTERN,NORMAL,No suspicious patterns identified
1003858176,MEDICAL_CLAIM,1,0,0.0,0,0,0,0,0,0,0,4.22,4.22,0.0,LOW-RISK PROVIDER PATTERN,NORMAL,No suspicious patterns identified
1242412948,PHARMACY_CLAIM,1,0,0.0,0,0,0,0,0,0,0,4.21,4.21,0.0,LOW-RISK PROVIDER PATTERN,NORMAL,No suspicious patterns identified
1718734988,PRIOR_AUTH,1,0,0.0,0,0,0,0,0,0,0,4.21,4.21,0.0,LOW-RISK PROVIDER PATTERN,NORMAL,No suspicious patterns identified
1765917292,PRIOR_AUTH,1,0,0.0,0,0,0,0,0,0,0,4.2,4.2,0.0,LOW-RISK PROVIDER PATTERN,NORMAL,No suspicious patterns identified
1209434618,PHARMACY_CLAIM,1,0,0.0,0,0,0,0,0,0,0,4.19,4.19,0.0,LOW-RISK PROVIDER PATTERN,NORMAL,No suspicious patterns identified
1692179727,PRIOR_AUTH,1,0,0.0,0,0,0,0,0,0,0,4.19,4.19,0.0,LOW-RISK PROVIDER PATTERN,NORMAL,No suspicious patterns identified
1851126615,PHARMACY_CLAIM,1,0,0.0,0,0,0,0,0,0,0,4.19,4.19,0.0,LOW-RISK PROVIDER PATTERN,NORMAL,No suspicious patterns identified
1669479929,MEDICAL_CLAIM,1,0,0.0,0,0,0,0,0,0,0,4.18,4.18,0.0,LOW-RISK PROVIDER PATTERN,NORMAL,No suspicious patterns identified
1187897266,PRIOR_AUTH,1,0,0.0,0,0,0,0,0,0,0,4.17,4.17,0.0,LOW-RISK PROVIDER PATTERN,NORMAL,No suspicious patterns identified
1406259471,PHARMACY_CLAIM,1,0,0.0,0,0,0,0,0,0,0,4.17,4.17,0.0,LOW-RISK PROVIDER PATTERN,NORMAL,No suspicious patterns identified
1113816329,PHARMACY_CLAIM,1,0,0.0,0,0,0,0,0,0,0,4.16,4.16,0.0,LOW-RISK PROVIDER PATTERN,NORMAL,No suspicious patterns identified
1670635817,PRIOR_AUTH,1,0,0.0,0,0,0,0,0,0,0,4.16,4.16,0.0,LOW-RISK PROVIDER PATTERN,NORMAL,No suspicious patterns identified
1884380682,PRIOR_AUTH,1,0,0.0,0,0,0,0,0,0,0,4.15,4.15,0.0,LOW-RISK PROVIDER PATTERN,NORMAL,No suspicious patterns identified
1936857085,PHARMACY_CLAIM,1,0,0.0,0,0,0,0,0,0,0,4.15,4.15,0.0,LOW-RISK PROVIDER PATTERN,NORMAL,No suspicious patterns identified
1102877863,PRIOR_AUTH,1,0,0.0,0,0,0,0,0,0,0,4.14,4.14,0.0,LOW-RISK PROVIDER PATTERN,NORMAL,No suspicious patterns identified
1403364824,PHARMACY_CLAIM,1,0,0.0,0,0,0,0,0,0,0,4.14,4.14,0.0,LOW-RISK PROVIDER PATTERN,NORMAL,No suspicious patterns identified
1744657409,PHARMACY_CLAIM,1,0,0.0,0,0,0,0,0,0,0,4.14,4.14,0.0,LOW-RISK PROVIDER PATTERN,NORMAL,No suspicious patterns identified
1780607754,MEDICAL_CLAIM,1,0,0.0,0,0,0,0,0,0,0,4.14,4.14,0.0,LOW-RISK PROVIDER PATTERN,NORMAL,No suspicious patterns identified
1993927167,PHARMACY_CLAIM,1,0,0.0,0,0,0,0,0,0,0,4.14,4.14,0.0,LOW-RISK PROVIDER PATTERN,NORMAL,No suspicious patterns identified
1513541595,PHARMACY_CLAIM,1,0,0.0,0,0,0,0,0,0,0,4.13,4.13,0.0,LOW-RISK PROVIDER PATTERN,NORMAL,No suspicious patterns identified
1165949150,PHARMACY_CLAIM,1,0,0.0,0,0,0,0,0,0,0,4.11,4.11,0.0,LOW-RISK PROVIDER PATTERN,NORMAL,No suspicious patterns identified
1247561386,PRIOR_AUTH,1,0,0.0,0,0,0,0,0,0,0,4.11,4.11,0.0,LOW-RISK PROVIDER PATTERN,NORMAL,No suspicious patterns identified
1459072360,PRIOR_AUTH,1,0,0.0,0,0,0,0,0,0,0,4.11,4.11,0.0,LOW-RISK PROVIDER PATTERN,NORMAL,No suspicious patterns identified
1725115448,PRIOR_AUTH,1,0,0.0,0,0,0,0,0,0,0,4.11,4.11,0.0,LOW-RISK PROVIDER PATTERN,NORMAL,No suspicious patterns identified
1926892333,PHARMACY_CLAIM,1,0,0.0,0,0,0,0,0,0,0,4.1,4.1,0.0,LOW-RISK PROVIDER PATTERN,NORMAL,No suspicious patterns identified
1156640869,PHARMACY_CLAIM,1,0,0.0,0,0,0,0,0,0,0,4.09,4.09,0.0,LOW-RISK PROVIDER PATTERN,NORMAL,No suspicious patterns identified
1879147726,PHARMACY_CLAIM,1,0,0.0,0,0,0,0,0,0,0,4.09,4.09,0.0,LOW-RISK PROVIDER PATTERN,NORMAL,No suspicious patterns identified
1092386472,PRIOR_AUTH,1,0,0.0,0,0,0,0,0,0,0,4.08,4.08,0.0,LOW-RISK PROVIDER PATTERN,NORMAL,No suspicious patterns identified
1365870019,PHARMACY_CLAIM,1,0,0.0,0,0,0,0,0,0,0,4.08,4.08,0.0,LOW-RISK PROVIDER PATTERN,NORMAL,No suspicious patterns identified
1750508651,MEDICAL_CLAIM,1,0,0.0,0,0,0,0,0,0,0,4.08,4.08,0.0,LOW-RISK PROVIDER PATTERN,NORMAL,No suspicious patterns identified
1841277696,PRIOR_AUTH,1,0,0.0,0,0,0,0,0,0,0,4.08,4.08,0.0,LOW-RISK PROVIDER PATTERN,NORMAL,No suspicious patterns identified
1154358878,PRIOR_AUTH,1,0,0.0,0,0,0,0,0,0,0,4.06,4.06,0.0,LOW-RISK PROVIDER PATTERN,NORMAL,No suspicious patterns identified
1326703430,MEDICAL_CLAIM,1,0,0.0,0,0,0,0,0,0,0,4.06,4.06,0.0,LOW-RISK PROVIDER PATTERN,NORMAL,No suspicious patterns identified
1341975046,PRIOR_AUTH,1,0,0.0,0,0,0,0,0,0,0,4.06,4.06,0.0,LOW-RISK PROVIDER PATTERN,NORMAL,No suspicious patterns identified
1535732221,PHARMACY_CLAIM,1,0,0.0,0,0,0,0,0,0,0,4.05,4.05,0.0,LOW-RISK PROVIDER PATTERN,NORMAL,No suspicious patterns identified
1105279136,PRIOR_AUTH,1,0,0.0,0,0,0,0,0,0,0,4.03,4.03,0.0,LOW-RISK PROVIDER PATTERN,NORMAL,No suspicious patterns identified
1140372542,PHARMACY_CLAIM,1,0,0.0,0,0,0,0,0,0,0,4.03,4.03,0.0,LOW-RISK PROVIDER PATTERN,NORMAL,No suspicious patterns identified
1295011757,MEDICAL_CLAIM,1,0,0.0,0,0,0,0,0,0,0,4.03,4.03,0.0,LOW-RISK PROVIDER PATTERN,NORMAL,No suspicious patterns identified
1631910132,PRIOR_AUTH,1,0,0.0,0,0,0,0,0,0,0,4.03,4.03,0.0,LOW-RISK PROVIDER PATTERN,NORMAL,No suspicious patterns identified
1713095729,PRIOR_AUTH,1,0,0.0,0,0,0,0,0,0,0,4.03,4.03,0.0,LOW-RISK PROVIDER PATTERN,NORMAL,No suspicious patterns identified
1157303123,PHARMACY_CLAIM,1,0,0.0,0,0,0,0,0,0,0,4.01,4.01,0.0,LOW-RISK PROVIDER PATTERN,NORMAL,No suspicious patterns identified
1518384213,MEDICAL_CLAIM,1,0,0.0,0,0,0,0,0,0,0,4.01,4.01,0.0,LOW-RISK PROVIDER PATTERN,NORMAL,No suspicious patterns identified
1015544487,PHARMACY_CLAIM,1,0,0.0,0,0,0,0,0,0,0,3.99,3.99,0.0,LOW-RISK PROVIDER PATTERN,NORMAL,No suspicious patterns identified
1086043442,PRIOR_AUTH,1,0,0.0,0,0,0,0,0,0,0,3.99,3.99,0.0,LOW-RISK PROVIDER PATTERN,NORMAL,No suspicious patterns identified
1206459800,PHARMACY_CLAIM,1,0,0.0,0,0,0,0,0,0,0,3.99,3.99,0.0,LOW-RISK PROVIDER PATTERN,NORMAL,No suspicious patterns identified
1391190925,PRIOR_AUTH,1,0,0.0,0,0,0,0,0,0,0,3.99,3.99,0.0,LOW-RISK PROVIDER PATTERN,NORMAL,No suspicious patterns identified
1931675039,PRIOR_AUTH,1,0,0.0,0,0,0,0,0,0,0,3.99,3.99,0.0,LOW-RISK PROVIDER PATTERN,NORMAL,No suspicious patterns identified
1562127536,PRIOR_AUTH,1,0,0.0,0,0,0,0,0,0,0,3.96,3.96,0.0,LOW-RISK PROVIDER PATTERN,NORMAL,No suspicious patterns identified
1952295833,PHARMACY_CLAIM,1,0,0.0,0,0,0,0,0,0,0,3.96,3.96,0.0,LOW-RISK PROVIDER PATTERN,NORMAL,No suspicious patterns identified
1091207997,PHARMACY_CLAIM,1,0,0.0,0,0,0,0,0,0,0,3.95,3.95,0.0,LOW-RISK PROVIDER PATTERN,NORMAL,No suspicious patterns identified
1438453584,PRIOR_AUTH,1,0,0.0,0,0,0,0,0,0,0,3.95,3.95,0.0,LOW-RISK PROVIDER PATTERN,NORMAL,No suspicious patterns identified
1348792416,PHARMACY_CLAIM,1,0,0.0,0,0,0,0,0,0,0,3.94,3.94,0.0,LOW-RISK PROVIDER PATTERN,NORMAL,No suspicious patterns identified
1295104958,MEDICAL_CLAIM,1,0,0.0,0,0,0,0,0,0,0,3.93,3.93,0.0,LOW-RISK PROVIDER PATTERN,NORMAL,No suspicious patterns identified
1719022058,PHARMACY_CLAIM,1,0,0.0,0,0,0,0,0,0,0,3.93,3.93,0.0,LOW-RISK PROVIDER PATTERN,NORMAL,No suspicious patterns identified
1640330737,PHARMACY_CLAIM,1,0,0.0,0,0,0,0,0,0,0,3.92,3.92,0.0,LOW-RISK PROVIDER PATTERN,NORMAL,No suspicious patterns identified
1757397794,PHARMACY_CLAIM,1,0,0.0,0,0,0,0,0,0,0,3.91,3.91,0.0,LOW-RISK PROVIDER PATTERN,NORMAL,No suspicious patterns identified
1780189504,PHARMACY_CLAIM,1,0,0.0,0,0,0,0,0,0,0,3.91,3.91,0.0,LOW-RISK PROVIDER PATTERN,NORMAL,No suspicious patterns identified
1099977319,PRIOR_AUTH,1,0,0.0,0,0,0,0,0,0,0,3.9,3.9,0.0,LOW-RISK PROVIDER PATTERN,NORMAL,No suspicious patterns identified
1939550123,PHARMACY_CLAIM,1,0,0.0,0,0,0,0,0,0,0,3.9,3.9,0.0,LOW-RISK PROVIDER PATTERN,NORMAL,No suspicious patterns identified
1652238001,PHARMACY_CLAIM,1,0,0.0,0,0,0,0,0,0,0,3.89,3.89,0.0,LOW-RISK PROVIDER PATTERN,NORMAL,No suspicious patterns identified
1352180814,PRIOR_AUTH,1,0,0.0,0,0,0,0,0,0,0,3.88,3.88,0.0,LOW-RISK PROVIDER PATTERN,NORMAL,No suspicious patterns identified
1526359590,PHARMACY_CLAIM,1,0,0.0,0,0,0,0,0,0,0,3.88,3.88,0.0,LOW-RISK PROVIDER PATTERN,NORMAL,No suspicious patterns identified
1804120416,PRIOR_AUTH,1,0,0.0,0,0,0,0,0,0,0,3.86,3.86,0.0,LOW-RISK PROVIDER PATTERN,NORMAL,No suspicious patterns identified
1929026192,PRIOR_AUTH,1,0,0.0,0,0,0,0,0,0,0,3.86,3.86,0.0,LOW-RISK PROVIDER PATTERN,NORMAL,No suspicious patterns identified
1535029300,PHARMACY_CLAIM,1,0,0.0,0,0,0,0,0,0,0,3.84,3.84,0.0,LOW-RISK PROVIDER PATTERN,NORMAL,No suspicious patterns identified
1831839755,PRIOR_AUTH,1,0,0.0,0,0,0,0,0,0,0,3.84,3.84,0.0,LOW-RISK PROVIDER PATTERN,NORMAL,No suspicious patterns identified
1923112352,PHARMACY_CLAIM,1,0,0.0,0,0,0,0,0,0,0,3.83,3.83,0.0,LOW-RISK PROVIDER PATTERN,NORMAL,No suspicious patterns identified
1060969427,PHARMACY_CLAIM,1,0,0.0,0,0,0,0,0,0,0,3.82,3.82,0.0,LOW-RISK PROVIDER PATTERN,NORMAL,No suspicious patterns identified
1141414069,PHARMACY_CLAIM,1,0,0.0,0,0,0,0,0,0,0,3.81,3.81,0.0,LOW-RISK PROVIDER PATTERN,NORMAL,No suspicious patterns identified
1258491245,PHARMACY_CLAIM,1,0,0.0,0,0,0,0,0,0,0,3.8,3.8,0.0,LOW-RISK PROVIDER PATTERN,NORMAL,No suspicious patterns identified
1434080362,PHARMACY_CLAIM,1,0,0.0,0,0,0,0,0,0,0,3.79,3.79,0.0,LOW-RISK PROVIDER PATTERN,NORMAL,No suspicious patterns identified
1615152776,PHARMACY_CLAIM,1,0,0.0,0,0,0,0,0,0,0,3.78,3.78,0.0,LOW-RISK PROVIDER PATTERN,NORMAL,No suspicious patterns identified
1659348506,MEDICAL_CLAIM,2,0,0.0,0,0,0,0,0,0,0,3.77,4.97,0.0,LOW-RISK PROVIDER PATTERN,NORMAL,No suspicious patterns identified
1117581525,PRIOR_AUTH,1,0,0.0,0,0,0,0,0,0,0,3.76,3.76,0.0,LOW-RISK PROVIDER PATTERN,NORMAL,No suspicious patterns identified
1368356540,PRIOR_AUTH,1,0,0.0,0,0,0,0,0,0,0,3.76,3.76,0.0,LOW-RISK PROVIDER PATTERN,NORMAL,No suspicious patterns identified
1404660087,PRIOR_AUTH,1,0,0.0,0,0,0,0,0,0,0,3.76,3.76,0.0,LOW-RISK PROVIDER PATTERN,NORMAL,No suspicious patterns identified
1925082039,PHARMACY_CLAIM,1,0,0.0,0,0,0,0,0,0,0,3.75,3.75,0.0,LOW-RISK PROVIDER PATTERN,NORMAL,No suspicious patterns identified
1702308694,PRIOR_AUTH,1,0,0.0,0,0,0,0,0,0,0,3.74,3.74,0.0,LOW-RISK PROVIDER PATTERN,NORMAL,No suspicious patterns identified
1767683254,PHARMACY_CLAIM,1,0,0.0,0,0,0,0,0,0,0,3.74,3.74,0.0,LOW-RISK PROVIDER PATTERN,NORMAL,No suspicious patterns identified
1709986502,PRIOR_AUTH,1,0,0.0,0,0,0,0,0,0,0,3.73,3.73,0.0,LOW-RISK PROVIDER PATTERN,NORMAL,No suspicious patterns identified
1734942574,PHARMACY_CLAIM,1,0,0.0,0,0,0,0,0,0,0,3.73,3.73,0.0,LOW-RISK PROVIDER PATTERN,NORMAL,No suspicious patterns identified
1987172895,PHARMACY_CLAIM,1,0,0.0,0,0,0,0,0,0,0,3.71,3.71,0.0,LOW-RISK PROVIDER PATTERN,NORMAL,No suspicious patterns identified
1204006146,PHARMACY_CLAIM,1,0,0.0,0,0,0,0,0,0,0,3.7,3.7,0.0,LOW-RISK PROVIDER PATTERN,NORMAL,No suspicious patterns identified
1385646751,PRIOR_AUTH,1,0,0.0,0,0,0,0,0,0,0,3.7,3.7,0.0,LOW-RISK PROVIDER PATTERN,NORMAL,No suspicious patterns identified
1415045050,PRIOR_AUTH,1,0,0.0,0,0,0,0,0,0,0,3.7,3.7,0.0,LOW-RISK PROVIDER PATTERN,NORMAL,No suspicious patterns identified
1959170877,PRIOR_AUTH,1,0,0.0,0,0,0,0,0,0,0,3.7,3.7,0.0,LOW-RISK PROVIDER PATTERN,NORMAL,No suspicious patterns identified
1199125511,PHARMACY_CLAIM,1,0,0.0,0,0,0,0,0,0,0,3.69,3.69,0.0,LOW-RISK PROVIDER PATTERN,NORMAL,No suspicious patterns identified
1171795541,PHARMACY_CLAIM,1,0,0.0,0,0,0,0,0,0,0,3.68,3.68,0.0,LOW-RISK PROVIDER PATTERN,NORMAL,No suspicious patterns identified
1184385568,PRIOR_AUTH,1,0,0.0,0,0,0,0,0,0,0,3.67,3.67,0.0,LOW-RISK PROVIDER PATTERN,NORMAL,No suspicious patterns identified
1801853979,PHARMACY_CLAIM,1,0,0.0,0,0,0,0,0,0,0,3.66,3.66,0.0,LOW-RISK PROVIDER PATTERN,NORMAL,No suspicious patterns identified
1746197988,PHARMACY_CLAIM,1,0,0.0,0,0,0,0,0,0,0,3.65,3.65,0.0,LOW-RISK PROVIDER PATTERN,NORMAL,No suspicious patterns identified
1899614341,PRIOR_AUTH,1,0,0.0,0,0,0,0,0,0,0,3.65,3.65,0.0,LOW-RISK PROVIDER PATTERN,NORMAL,No suspicious patterns identified
1588315003,PHARMACY_CLAIM,1,0,0.0,0,0,0,0,0,0,0,3.64,3.64,0.0,LOW-RISK PROVIDER PATTERN,NORMAL,No suspicious patterns identified
1312544528,PHARMACY_CLAIM,1,0,0.0,0,0,0,0,0,0,0,3.63,3.63,0.0,LOW-RISK PROVIDER PATTERN,NORMAL,No suspicious patterns identified
1933531164,PHARMACY_CLAIM,1,0,0.0,0,0,0,0,0,0,0,3.63,3.63,0.0,LOW-RISK PROVIDER PATTERN,NORMAL,No suspicious patterns identified
1455799486,PRIOR_AUTH,1,0,0.0,0,0,0,0,0,0,0,3.62,3.62,0.0,LOW-RISK PROVIDER PATTERN,NORMAL,No suspicious patterns identified
1712209410,PHARMACY_CLAIM,1,0,0.0,0,0,0,0,0,0,0,3.62,3.62,0.0,LOW-RISK PROVIDER PATTERN,NORMAL,No suspicious patterns identified
1645699327,PRIOR_AUTH,1,0,0.0,0,0,0,0,0,0,0,3.61,3.61,0.0,LOW-RISK PROVIDER PATTERN,NORMAL,No suspicious patterns identified
1212632459,PHARMACY_CLAIM,1,0,0.0,0,0,0,0,0,0,0,3.6,3.6,0.0,LOW-RISK PROVIDER PATTERN,NORMAL,No suspicious patterns identified
1531489157,PRIOR_AUTH,1,0,0.0,0,0,0,0,0,0,0,3.59,3.59,0.0,LOW-RISK PROVIDER PATTERN,NORMAL,No suspicious patterns identified
1893664579,PRIOR_AUTH,1,0,0.0,0,0,0,0,0,0,0,3.59,3.59,0.0,LOW-RISK PROVIDER PATTERN,NORMAL,No suspicious patterns identified
1655977898,PRIOR_AUTH,1,0,0.0,0,0,0,0,0,0,0,3.58,3.58,0.0,LOW-RISK PROVIDER PATTERN,NORMAL,No suspicious patterns identified
1746785973,PHARMACY_CLAIM,1,0,0.0,0,0,0,0,0,0,0,3.58,3.58,0.0,LOW-RISK PROVIDER PATTERN,NORMAL,No suspicious patterns identified
1367194602,PHARMACY_CLAIM,1,0,0.0,0,0,0,0,0,0,0,3.55,3.55,0.0,LOW-RISK PROVIDER PATTERN,NORMAL,No suspicious patterns identified
1760695770,PHARMACY_CLAIM,1,0,0.0,0,0,0,0,0,0,0,3.54,3.54,0.0,LOW-RISK PROVIDER PATTERN,NORMAL,No suspicious patterns identified
1184414583,PHARMACY_CLAIM,1,0,0.0,0,0,0,0,0,0,0,3.53,3.53,0.0,LOW-RISK PROVIDER PATTERN,NORMAL,No suspicious patterns identified
1294230576,PRIOR_AUTH,1,0,0.0,0,0,0,0,0,0,0,3.53,3.53,0.0,LOW-RISK PROVIDER PATTERN,NORMAL,No suspicious patterns identified
1337969309,PRIOR_AUTH,1,0,0.0,0,0,0,0,0,0,0,3.53,3.53,0.0,LOW-RISK PROVIDER PATTERN,NORMAL,No suspicious patterns identified
1231235520,PHARMACY_CLAIM,1,0,0.0,0,0,0,0,0,0,0,3.52,3.52,0.0,LOW-RISK PROVIDER PATTERN,NORMAL,No suspicious patterns identified
1184670549,MEDICAL_CLAIM,1,0,0.0,0,0,0,0,0,0,0,3.51,3.51,0.0,LOW-RISK PROVIDER PATTERN,NORMAL,No suspicious patterns identified
1783986076,PHARMACY_CLAIM,1,0,0.0,0,0,0,0,0,0,0,3.51,3.51,0.0,LOW-RISK PROVIDER PATTERN,NORMAL,No suspicious patterns identified
1319286121,PHARMACY_CLAIM,1,0,0.0,0,0,0,0,0,0,0,3.5,3.5,0.0,LOW-RISK PROVIDER PATTERN,NORMAL,No suspicious patterns identified
1127714674,PHARMACY_CLAIM,1,0,0.0,0,0,0,0,0,0,0,3.49,3.49,0.0,LOW-RISK PROVIDER PATTERN,NORMAL,No suspicious patterns identified
1154625606,MEDICAL_CLAIM,1,0,0.0,0,0,0,0,0,0,0,3.49,3.49,0.0,LOW-RISK PROVIDER PATTERN,NORMAL,No suspicious patterns identified
1754115733,PRIOR_AUTH,1,0,0.0,0,0,0,0,0,0,0,3.48,3.48,0.0,LOW-RISK PROVIDER PATTERN,NORMAL,No suspicious patterns identified
1548306343,MEDICAL_CLAIM,1,0,0.0,0,0,0,0,0,0,0,3.47,3.47,0.0,LOW-RISK PROVIDER PATTERN,NORMAL,No suspicious patterns identified
1769025222,PHARMACY_CLAIM,1,0,0.0,0,0,0,0,0,0,0,3.46,3.46,0.0,LOW-RISK PROVIDER PATTERN,NORMAL,No suspicious patterns identified
1885535284,PRIOR_AUTH,1,0,0.0,0,0,0,0,0,0,0,3.46,3.46,0.0,LOW-RISK PROVIDER PATTERN,NORMAL,No suspicious patterns identified
1911923804,PRIOR_AUTH,1,0,0.0,0,0,0,0,0,0,0,3.45,3.45,0.0,LOW-RISK PROVIDER PATTERN,NORMAL,No suspicious patterns identified
1305140462,PRIOR_AUTH,1,0,0.0,0,0,0,0,0,0,0,3.44,3.44,0.0,LOW-RISK PROVIDER PATTERN,NORMAL,No suspicious patterns identified
1496546372,PHARMACY_CLAIM,1,0,0.0,0,0,0,0,0,0,0,3.44,3.44,0.0,LOW-RISK PROVIDER PATTERN,NORMAL,No suspicious patterns identified
1383146136,PHARMACY_CLAIM,1,0,0.0,0,0,0,0,0,0,0,3.43,3.43,0.0,LOW-RISK PROVIDER PATTERN,NORMAL,No suspicious patterns identified
1437785351,PHARMACY_CLAIM,1,0,0.0,0,0,0,0,0,0,0,3.43,3.43,0.0,LOW-RISK PROVIDER PATTERN,NORMAL,No suspicious patterns identified
1272187643,PHARMACY_CLAIM,1,0,0.0,0,0,0,0,0,0,0,3.42,3.42,0.0,LOW-RISK PROVIDER PATTERN,NORMAL,No suspicious patterns identified
1736877541,PRIOR_AUTH,1,0,0.0,0,0,0,0,0,0,0,3.42,3.42,0.0,LOW-RISK PROVIDER PATTERN,NORMAL,No suspicious patterns identified
1407900343,MEDICAL_CLAIM,3,0,0.0,0,0,0,0,0,0,0,3.41,7.7,0.0,LOW-RISK PROVIDER PATTERN,NORMAL,No suspicious patterns identified
1314826737,PRIOR_AUTH,1,0,0.0,0,0,0,0,0,0,0,3.41,3.41,0.0,LOW-RISK PROVIDER PATTERN,NORMAL,No suspicious patterns identified
1280770699,PRIOR_AUTH,1,0,0.0,0,0,0,0,0,0,0,3.4,3.4,0.0,LOW-RISK PROVIDER PATTERN,NORMAL,No suspicious patterns identified
1092694492,PHARMACY_CLAIM,1,0,0.0,0,0,0,0,0,0,0,3.39,3.39,0.0,LOW-RISK PROVIDER PATTERN,NORMAL,No suspicious patterns identified
1978324630,PRIOR_AUTH,1,0,0.0,0,0,0,0,0,0,0,3.39,3.39,0.0,LOW-RISK PROVIDER PATTERN,NORMAL,No suspicious patterns identified
1521780822,PRIOR_AUTH,1,0,0.0,0,0,0,0,0,0,0,3.38,3.38,0.0,LOW-RISK PROVIDER PATTERN,NORMAL,No suspicious patterns identified
1777266946,PHARMACY_CLAIM,1,0,0.0,0,0,0,0,0,0,0,3.38,3.38,0.0,LOW-RISK PROVIDER PATTERN,NORMAL,No suspicious patterns identified
1921064215,PHARMACY_CLAIM,1,0,0.0,0,0,0,0,0,0,0,3.38,3.38,0.0,LOW-RISK PROVIDER PATTERN,NORMAL,No suspicious patterns identified
1134121175,PHARMACY_CLAIM,1,0,0.0,0,0,0,0,0,0,0,3.36,3.36,0.0,LOW-RISK PROVIDER PATTERN,NORMAL,No suspicious patterns identified
1457330744,PRIOR_AUTH,1,0,0.0,0,0,0,0,0,0,0,3.36,3.36,0.0,LOW-RISK PROVIDER PATTERN,NORMAL,No suspicious patterns identified
1768885063,PRIOR_AUTH,1,0,0.0,0,0,0,0,0,0,0,3.36,3.36,0.0,LOW-RISK PROVIDER PATTERN,NORMAL,No suspicious patterns identified
1480176236,PHARMACY_CLAIM,1,0,0.0,0,0,0,0,0,0,0,3.35,3.35,0.0,LOW-RISK PROVIDER PATTERN,NORMAL,No suspicious patterns identified
1669911764,MEDICAL_CLAIM,1,0,0.0,0,0,0,0,0,0,0,3.35,3.35,0.0,LOW-RISK PROVIDER PATTERN,NORMAL,No suspicious patterns identified
1129971212,PRIOR_AUTH,1,0,0.0,0,0,0,0,0,0,0,3.34,3.34,0.0,LOW-RISK PROVIDER PATTERN,NORMAL,No suspicious patterns identified
1986259590,PHARMACY_CLAIM,1,0,0.0,0,0,0,0,0,0,0,3.34,3.34,0.0,LOW-RISK PROVIDER PATTERN,NORMAL,No suspicious patterns identified
1274572249,PRIOR_AUTH,1,0,0.0,0,0,0,0,0,0,0,3.33,3.33,0.0,LOW-RISK PROVIDER PATTERN,NORMAL,No suspicious patterns identified
1308620659,PHARMACY_CLAIM,1,0,0.0,0,0,0,0,0,0,0,3.33,3.33,0.0,LOW-RISK PROVIDER PATTERN,NORMAL,No suspicious patterns identified
1776127562,PHARMACY_CLAIM,1,0,0.0,0,0,0,0,0,0,0,3.33,3.33,0.0,LOW-RISK PROVIDER PATTERN,NORMAL,No suspicious patterns identified
1033210166,MEDICAL_CLAIM,1,0,0.0,0,0,0,0,0,0,0,3.32,3.32,0.0,LOW-RISK PROVIDER PATTERN,NORMAL,No suspicious patterns identified
1156074017,PHARMACY_CLAIM,1,0,0.0,0,0,0,0,0,0,0,3.31,3.31,0.0,LOW-RISK PROVIDER PATTERN,NORMAL,No suspicious patterns identified
1223626622,PRIOR_AUTH,1,0,0.0,0,0,0,0,0,0,0,3.3,3.3,0.0,LOW-RISK PROVIDER PATTERN,NORMAL,No suspicious patterns identified
1285630533,MEDICAL_CLAIM,1,0,0.0,0,0,0,0,0,0,0,3.29,3.29,0.0,LOW-RISK PROVIDER PATTERN,NORMAL,No suspicious patterns identified
1550946351,PHARMACY_CLAIM,1,0,0.0,0,0,0,0,0,0,0,3.29,3.29,0.0,LOW-RISK PROVIDER PATTERN,NORMAL,No suspicious patterns identified
1281470657,PRIOR_AUTH,1,0,0.0,0,0,0,0,0,0,0,3.28,3.28,0.0,LOW-RISK PROVIDER PATTERN,NORMAL,No suspicious patterns identified
1387774917,PHARMACY_CLAIM,1,0,0.0,0,0,0,0,0,0,0,3.28,3.28,0.0,LOW-RISK PROVIDER PATTERN,NORMAL,No suspicious patterns identified
1727690159,PRIOR_AUTH,1,0,0.0,0,0,0,0,0,0,0,3.28,3.28,0.0,LOW-RISK PROVIDER PATTERN,NORMAL,No suspicious patterns identified
1548398316,PHARMACY_CLAIM,1,0,0.0,0,0,0,0,0,0,0,3.27,3.27,0.0,LOW-RISK PROVIDER PATTERN,NORMAL,No suspicious patterns identified
1623213680,PHARMACY_CLAIM,1,0,0.0,0,0,0,0,0,0,0,3.26,3.26,0.0,LOW-RISK PROVIDER PATTERN,NORMAL,No suspicious patterns identified
1923531107,PHARMACY_CLAIM,1,0,0.0,0,0,0,0,0,0,0,3.25,3.25,0.0,LOW-RISK PROVIDER PATTERN,NORMAL,No suspicious patterns identified
1033618616,MEDICAL_CLAIM,1,0,0.0,0,0,0,0,0,0,0,3.24,3.24,0.0,LOW-RISK PROVIDER PATTERN,NORMAL,No suspicious patterns identified
1939675032,PRIOR_AUTH,1,0,0.0,0,0,0,0,0,0,0,3.24,3.24,0.0,LOW-RISK PROVIDER PATTERN,NORMAL,No suspicious patterns identified
1463341526,PHARMACY_CLAIM,1,0,0.0,0,0,0,0,0,0,0,3.22,3.22,0.0,LOW-RISK PROVIDER PATTERN,NORMAL,No suspicious patterns identified
1189680961,PHARMACY_CLAIM,1,0,0.0,0,0,0,0,0,0,0,3.2,3.2,0.0,LOW-RISK PROVIDER PATTERN,NORMAL,No suspicious patterns identified
1083685986,MEDICAL_CLAIM,1,0,0.0,0,0,0,0,0,0,0,3.19,3.19,0.0,LOW-RISK PROVIDER PATTERN,NORMAL,No suspicious patterns identified
1360153305,PRIOR_AUTH,1,0,0.0,0,0,0,0,0,0,0,3.19,3.19,0.0,LOW-RISK PROVIDER PATTERN,NORMAL,No suspicious patterns identified
1394895033,PHARMACY_CLAIM,1,0,0.0,0,0,0,0,0,0,0,3.19,3.19,0.0,LOW-RISK PROVIDER PATTERN,NORMAL,No suspicious patterns identified
1632720472,PRIOR_AUTH,1,0,0.0,0,0,0,0,0,0,0,3.19,3.19,0.0,LOW-RISK PROVIDER PATTERN,NORMAL,No suspicious patterns identified
1511593927,PHARMACY_CLAIM,1,0,0.0,0,0,0,0,0,0,0,3.18,3.18,0.0,LOW-RISK PROVIDER PATTERN,NORMAL,No suspicious patterns identified
1549575538,PHARMACY_CLAIM,1,0,0.0,0,0,0,0,0,0,0,3.18,3.18,0.0,LOW-RISK PROVIDER PATTERN,NORMAL,No suspicious patterns identified
1387992204,PRIOR_AUTH,1,0,0.0,0,0,0,0,0,0,0,3.17,3.17,0.0,LOW-RISK PROVIDER PATTERN,NORMAL,No suspicious patterns identified
1811196798,PRIOR_AUTH,1,0,0.0,0,0,0,0,0,0,0,3.17,3.17,0.0,LOW-RISK PROVIDER PATTERN,NORMAL,No suspicious patterns identified
1328751408,PHARMACY_CLAIM,1,0,0.0,0,0,0,0,0,0,0,3.16,3.16,0.0,LOW-RISK PROVIDER PATTERN,NORMAL,No suspicious patterns identified
1377835065,PHARMACY_CLAIM,1,0,0.0,0,0,0,0,0,0,0,3.15,3.15,0.0,LOW-RISK PROVIDER PATTERN,NORMAL,No suspicious patterns identified
1839204557,PHARMACY_CLAIM,1,0,0.0,0,0,0,0,0,0,0,3.14,3.14,0.0,LOW-RISK PROVIDER PATTERN,NORMAL,No suspicious patterns identified
1142660464,PRIOR_AUTH,1,0,0.0,0,0,0,0,0,0,0,3.13,3.13,0.0,LOW-RISK PROVIDER PATTERN,NORMAL,No suspicious patterns identified
1242116789,PRIOR_AUTH,1,0,0.0,0,0,0,0,0,0,0,3.13,3.13,0.0,LOW-RISK PROVIDER PATTERN,NORMAL,No suspicious patterns identified
1768330466,PRIOR_AUTH,1,0,0.0,0,0,0,0,0,0,0,3.13,3.13,0.0,LOW-RISK PROVIDER PATTERN,NORMAL,No suspicious patterns identified
1802160976,PRIOR_AUTH,1,0,0.0,0,0,0,0,0,0,0,3.13,3.13,0.0,LOW-RISK PROVIDER PATTERN,NORMAL,No suspicious patterns identified
1227412130,PHARMACY_CLAIM,1,0,0.0,0,0,0,0,0,0,0,3.12,3.12,0.0,LOW-RISK PROVIDER PATTERN,NORMAL,No suspicious patterns identified
1406371146,PHARMACY_CLAIM,1,0,0.0,0,0,0,0,0,0,0,3.12,3.12,0.0,LOW-RISK PROVIDER PATTERN,NORMAL,No suspicious patterns identified
1746739369,PHARMACY_CLAIM,1,0,0.0,0,0,0,0,0,0,0,3.11,3.11,0.0,LOW-RISK PROVIDER PATTERN,NORMAL,No suspicious patterns identified
1759100793,PHARMACY_CLAIM,1,0,0.0,0,0,0,0,0,0,0,3.1,3.1,0.0,LOW-RISK PROVIDER PATTERN,NORMAL,No suspicious patterns identified
1443304913,PRIOR_AUTH,1,0,0.0,0,0,0,0,0,0,0,3.09,3.09,0.0,LOW-RISK PROVIDER PATTERN,NORMAL,No suspicious patterns identified
1575416817,PHARMACY_CLAIM,1,0,0.0,0,0,0,0,0,0,0,3.09,3.09,0.0,LOW-RISK PROVIDER PATTERN,NORMAL,No suspicious patterns identified
1816977047,PRIOR_AUTH,1,0,0.0,0,0,0,0,0,0,0,3.09,3.09,0.0,LOW-RISK PROVIDER PATTERN,NORMAL,No suspicious patterns identified
1780027025,PHARMACY_CLAIM,1,0,0.0,0,0,0,0,0,0,0,3.08,3.08,0.0,LOW-RISK PROVIDER PATTERN,NORMAL,No suspicious patterns identified
1917489072,PRIOR_AUTH,1,0,0.0,0,0,0,0,0,0,0,3.08,3.08,0.0,LOW-RISK PROVIDER PATTERN,NORMAL,No suspicious patterns identified
1679686992,MEDICAL_CLAIM,1,0,0.0,0,0,0,0,0,0,0,3.07,3.07,0.0,LOW-RISK PROVIDER PATTERN,NORMAL,No suspicious patterns identified
1706863388,PHARMACY_CLAIM,1,0,0.0,0,0,0,0,0,0,0,3.07,3.07,0.0,LOW-RISK PROVIDER PATTERN,NORMAL,No suspicious patterns identified
1576838031,PHARMACY_CLAIM,1,0,0.0,0,0,0,0,0,0,0,3.06,3.06,0.0,LOW-RISK PROVIDER PATTERN,NORMAL,No suspicious patterns identified
1102584791,PRIOR_AUTH,1,0,0.0,0,0,0,0,0,0,0,3.05,3.05,0.0,LOW-RISK PROVIDER PATTERN,NORMAL,No suspicious patterns identified
1438204819,PRIOR_AUTH,1,0,0.0,0,0,0,0,0,0,0,3.05,3.05,0.0,LOW-RISK PROVIDER PATTERN,NORMAL,No suspicious patterns identified
1776348138,PRIOR_AUTH,1,0,0.0,0,0,0,0,0,0,0,3.05,3.05,0.0,LOW-RISK PROVIDER PATTERN,NORMAL,No suspicious patterns identified
1723747992,PHARMACY_CLAIM,1,0,0.0,0,0,0,0,0,0,0,3.04,3.04,0.0,LOW-RISK PROVIDER PATTERN,NORMAL,No suspicious patterns identified
1000377508,PHARMACY_CLAIM,1,0,0.0,0,0,0,0,0,0,0,3.02,3.02,0.0,LOW-RISK PROVIDER PATTERN,NORMAL,No suspicious patterns identified
1105727081,PRIOR_AUTH,1,0,0.0,0,0,0,0,0,0,0,3.0,3.0,0.0,LOW-RISK PROVIDER PATTERN,NORMAL,No suspicious patterns identified
1747003145,PHARMACY_CLAIM,1,0,0.0,0,0,0,0,0,0,0,3.0,3.0,0.0,LOW-RISK PROVIDER PATTERN,NORMAL,No suspicious patterns identified
1623431707,PRIOR_AUTH,1,0,0.0,0,0,0,0,0,0,0,2.99,2.99,0.0,LOW-RISK PROVIDER PATTERN,NORMAL,No suspicious patterns identified
1917799940,PHARMACY_CLAIM,1,0,0.0,0,0,0,0,0,0,0,2.99,2.99,0.0,LOW-RISK PROVIDER PATTERN,NORMAL,No suspicious patterns identified
1252185927,PRIOR_AUTH,1,0,0.0,0,0,0,0,0,0,0,2.98,2.98,0.0,LOW-RISK PROVIDER PATTERN,NORMAL,No suspicious patterns identified
1043512023,MEDICAL_CLAIM,1,0,0.0,0,0,0,0,0,0,0,2.97,2.97,0.0,LOW-RISK PROVIDER PATTERN,NORMAL,No suspicious patterns identified
1648899914,PHARMACY_CLAIM,1,0,0.0,0,0,0,0,0,0,0,2.97,2.97,0.0,LOW-RISK PROVIDER PATTERN,NORMAL,No suspicious patterns identified
1816566619,PRIOR_AUTH,1,0,0.0,0,0,0,0,0,0,0,2.96,2.96,0.0,LOW-RISK PROVIDER PATTERN,NORMAL,No suspicious patterns identified
1781853319,PHARMACY_CLAIM,1,0,0.0,0,0,0,0,0,0,0,2.95,2.95,0.0,LOW-RISK PROVIDER PATTERN,NORMAL,No suspicious patterns identified
1015946165,PHARMACY_CLAIM,1,0,0.0,0,0,0,0,0,0,0,2.94,2.94,0.0,LOW-RISK PROVIDER PATTERN,NORMAL,No suspicious patterns identified
1068389332,PHARMACY_CLAIM,1,0,0.0,0,0,0,0,0,0,0,2.92,2.92,0.0,LOW-RISK PROVIDER PATTERN,NORMAL,No suspicious patterns identified
1417011487,MEDICAL_CLAIM,1,0,0.0,0,0,0,0,0,0,0,2.92,2.92,0.0,LOW-RISK PROVIDER PATTERN,NORMAL,No suspicious patterns identified
1746458999,PHARMACY_CLAIM,1,0,0.0,0,0,0,0,0,0,0,2.92,2.92,0.0,LOW-RISK PROVIDER PATTERN,NORMAL,No suspicious patterns identified
1021638750,PRIOR_AUTH,1,0,0.0,0,0,0,0,0,0,0,2.91,2.91,0.0,LOW-RISK PROVIDER PATTERN,NORMAL,No suspicious patterns identified
1175098788,PRIOR_AUTH,1,0,0.0,0,0,0,0,0,0,0,2.91,2.91,0.0,LOW-RISK PROVIDER PATTERN,NORMAL,No suspicious patterns identified
1284273713,PRIOR_AUTH,1,0,0.0,0,0,0,0,0,0,0,2.91,2.91,0.0,LOW-RISK PROVIDER PATTERN,NORMAL,No suspicious patterns identified
1393338057,PRIOR_AUTH,1,0,0.0,0,0,0,0,0,0,0,2.91,2.91,0.0,LOW-RISK PROVIDER PATTERN,NORMAL,No suspicious patterns identified
1839797794,PRIOR_AUTH,1,0,0.0,0,0,0,0,0,0,0,2.91,2.91,0.0,LOW-RISK PROVIDER PATTERN,NORMAL,No suspicious patterns identified
1841445901,PHARMACY_CLAIM,1,0,0.0,0,0,0,0,0,0,0,2.91,2.91,0.0,LOW-RISK PROVIDER PATTERN,NORMAL,No suspicious patterns identified
1951030216,PRIOR_AUTH,1,0,0.0,0,0,0,0,0,0,0,2.91,2.91,0.0,LOW-RISK PROVIDER PATTERN,NORMAL,No suspicious patterns identified
1973017056,PRIOR_AUTH,1,0,0.0,0,0,0,0,0,0,0,2.91,2.91,0.0,LOW-RISK PROVIDER PATTERN,NORMAL,No suspicious patterns identified
1679124010,MEDICAL_CLAIM,1,0,0.0,0,0,0,0,0,0,0,2.9,2.9,0.0,LOW-RISK PROVIDER PATTERN,NORMAL,No suspicious patterns identified
1764002206,PHARMACY_CLAIM,1,0,0.0,0,0,0,0,0,0,0,2.9,2.9,0.0,LOW-RISK PROVIDER PATTERN,NORMAL,No suspicious patterns identified
1186304767,PHARMACY_CLAIM,1,0,0.0,0,0,0,0,0,0,0,2.87,2.87,0.0,LOW-RISK PROVIDER PATTERN,NORMAL,No suspicious patterns identified
1837958790,PHARMACY_CLAIM,1,0,0.0,0,0,0,0,0,0,0,2.87,2.87,0.0,LOW-RISK PROVIDER PATTERN,NORMAL,No suspicious patterns identified
1041286212,PHARMACY_CLAIM,1,0,0.0,0,0,0,0,0,0,0,2.86,2.86,0.0,LOW-RISK PROVIDER PATTERN,NORMAL,No suspicious patterns identified
1131822436,PHARMACY_CLAIM,1,0,0.0,0,0,0,0,0,0,0,2.82,2.82,0.0,LOW-RISK PROVIDER PATTERN,NORMAL,No suspicious patterns identified
1197317486,PRIOR_AUTH,1,0,0.0,0,0,0,0,0,0,0,2.82,2.82,0.0,LOW-RISK PROVIDER PATTERN,NORMAL,No suspicious patterns identified
1611755164,PRIOR_AUTH,1,0,0.0,0,0,0,0,0,0,0,2.82,2.82,0.0,LOW-RISK PROVIDER PATTERN,NORMAL,No suspicious patterns identified
1831296052,MEDICAL_CLAIM,2,0,0.0,0,0,0,0,0,0,0,2.81,3.67,0.0,LOW-RISK PROVIDER PATTERN,NORMAL,No suspicious patterns identified
1195962523,PHARMACY_CLAIM,1,0,0.0,0,0,0,0,0,0,0,2.81,2.81,0.0,LOW-RISK PROVIDER PATTERN,NORMAL,No suspicious patterns identified
1124272547,MEDICAL_CLAIM,1,0,0.0,0,0,0,0,0,0,0,2.8,2.8,0.0,LOW-RISK PROVIDER PATTERN,NORMAL,No suspicious patterns identified
1084166147,PRIOR_AUTH,1,0,0.0,0,0,0,0,0,0,0,2.79,2.79,0.0,LOW-RISK PROVIDER PATTERN,NORMAL,No suspicious patterns identified
1594367619,PRIOR_AUTH,1,0,0.0,0,0,0,0,0,0,0,2.79,2.79,0.0,LOW-RISK PROVIDER PATTERN,NORMAL,No suspicious patterns identified
1134736879,PHARMACY_CLAIM,1,0,0.0,0,0,0,0,0,0,0,2.78,2.78,0.0,LOW-RISK PROVIDER PATTERN,NORMAL,No suspicious patterns identified
1089854180,PRIOR_AUTH,1,0,0.0,0,0,0,0,0,0,0,2.77,2.77,0.0,LOW-RISK PROVIDER PATTERN,NORMAL,No suspicious patterns identified
1097752728,PHARMACY_CLAIM,1,0,0.0,0,0,0,0,0,0,0,2.77,2.77,0.0,LOW-RISK PROVIDER PATTERN,NORMAL,No suspicious patterns identified
1759641270,PHARMACY_CLAIM,1,0,0.0,0,0,0,0,0,0,0,2.77,2.77,0.0,LOW-RISK PROVIDER PATTERN,NORMAL,No suspicious patterns identified
1120681558,PRIOR_AUTH,1,0,0.0,0,0,0,0,0,0,0,2.76,2.76,0.0,LOW-RISK PROVIDER PATTERN,NORMAL,No suspicious patterns identified
1225645386,PRIOR_AUTH,1,0,0.0,0,0,0,0,0,0,0,2.76,2.76,0.0,LOW-RISK PROVIDER PATTERN,NORMAL,No suspicious patterns identified
1370875520,PHARMACY_CLAIM,1,0,0.0,0,0,0,0,0,0,0,2.76,2.76,0.0,LOW-RISK PROVIDER PATTERN,NORMAL,No suspicious patterns identified
1750566386,MEDICAL_CLAIM,1,0,0.0,0,0,0,0,0,0,0,2.74,2.74,0.0,LOW-RISK PROVIDER PATTERN,NORMAL,No suspicious patterns identified
1884470911,PHARMACY_CLAIM,1,0,0.0,0,0,0,0,0,0,0,2.73,2.73,0.0,LOW-RISK PROVIDER PATTERN,NORMAL,No suspicious patterns identified
1972731800,MEDICAL_CLAIM,1,0,0.0,0,0,0,0,0,0,0,2.73,2.73,0.0,LOW-RISK PROVIDER PATTERN,NORMAL,No suspicious patterns identified
1206213670,PRIOR_AUTH,1,0,0.0,0,0,0,0,0,0,0,2.72,2.72,0.0,LOW-RISK PROVIDER PATTERN,NORMAL,No suspicious patterns identified
1614796331,PHARMACY_CLAIM,1,0,0.0,0,0,0,0,0,0,0,2.72,2.72,0.0,LOW-RISK PROVIDER PATTERN,NORMAL,No suspicious patterns identified
1806985428,PHARMACY_CLAIM,1,0,0.0,0,0,0,0,0,0,0,2.72,2.72,0.0,LOW-RISK PROVIDER PATTERN,NORMAL,No suspicious patterns identified
1811025333,PRIOR_AUTH,1,0,0.0,0,0,0,0,0,0,0,2.72,2.72,0.0,LOW-RISK PROVIDER PATTERN,NORMAL,No suspicious patterns identified
1437708237,MEDICAL_CLAIM,1,0,0.0,0,0,0,0,0,0,0,2.71,2.71,0.0,LOW-RISK PROVIDER PATTERN,NORMAL,No suspicious patterns identified
1990345887,PHARMACY_CLAIM,1,0,0.0,0,0,0,0,0,0,0,2.71,2.71,0.0,LOW-RISK PROVIDER PATTERN,NORMAL,No suspicious patterns identified
1146272204,PHARMACY_CLAIM,1,0,0.0,0,0,0,0,0,0,0,2.7,2.7,0.0,LOW-RISK PROVIDER PATTERN,NORMAL,No suspicious patterns identified
1707948594,PRIOR_AUTH,1,0,0.0,0,0,0,0,0,0,0,2.7,2.7,0.0,LOW-RISK PROVIDER PATTERN,NORMAL,No suspicious patterns identified
1402538974,PHARMACY_CLAIM,1,0,0.0,0,0,0,0,0,0,0,2.69,2.69,0.0,LOW-RISK PROVIDER PATTERN,NORMAL,No suspicious patterns identified
1189788480,PHARMACY_CLAIM,1,0,0.0,0,0,0,0,0,0,0,2.67,2.67,0.0,LOW-RISK PROVIDER PATTERN,NORMAL,No suspicious patterns identified
1604111636,PRIOR_AUTH,1,0,0.0,0,0,0,0,0,0,0,2.67,2.67,0.0,LOW-RISK PROVIDER PATTERN,NORMAL,No suspicious patterns identified
1606885981,PHARMACY_CLAIM,1,0,0.0,0,0,0,0,0,0,0,2.67,2.67,0.0,LOW-RISK PROVIDER PATTERN,NORMAL,No suspicious patterns identified
1811123664,MEDICAL_CLAIM,1,0,0.0,0,0,0,0,0,0,0,2.67,2.67,0.0,LOW-RISK PROVIDER PATTERN,NORMAL,No suspicious patterns identified
1452823735,PHARMACY_CLAIM,1,0,0.0,0,0,0,0,0,0,0,2.66,2.66,0.0,LOW-RISK PROVIDER PATTERN,NORMAL,No suspicious patterns identified
1476792698,PHARMACY_CLAIM,1,0,0.0,0,0,0,0,0,0,0,2.65,2.65,0.0,LOW-RISK PROVIDER PATTERN,NORMAL,No suspicious patterns identified
1013417525,PHARMACY_CLAIM,1,0,0.0,0,0,0,0,0,0,0,2.64,2.64,0.0,LOW-RISK PROVIDER PATTERN,NORMAL,No suspicious patterns identified
1730188865,PRIOR_AUTH,1,0,0.0,0,0,0,0,0,0,0,2.64,2.64,0.0,LOW-RISK PROVIDER PATTERN,NORMAL,No suspicious patterns identified
1810657183,PRIOR_AUTH,1,0,0.0,0,0,0,0,0,0,0,2.64,2.64,0.0,LOW-RISK PROVIDER PATTERN,NORMAL,No suspicious patterns identified
1906428721,PRIOR_AUTH,1,0,0.0,0,0,0,0,0,0,0,2.64,2.64,0.0,LOW-RISK PROVIDER PATTERN,NORMAL,No suspicious patterns identified
1472041142,PRIOR_AUTH,1,0,0.0,0,0,0,0,0,0,0,2.61,2.61,0.0,LOW-RISK PROVIDER PATTERN,NORMAL,No suspicious patterns identified
1649959640,PHARMACY_CLAIM,1,0,0.0,0,0,0,0,0,0,0,2.61,2.61,0.0,LOW-RISK PROVIDER PATTERN,NORMAL,No suspicious patterns identified
1216005435,PHARMACY_CLAIM,1,0,0.0,0,0,0,0,0,0,0,2.6,2.6,0.0,LOW-RISK PROVIDER PATTERN,NORMAL,No suspicious patterns identified
1975234047,PRIOR_AUTH,1,0,0.0,0,0,0,0,0,0,0,2.6,2.6,0.0,LOW-RISK PROVIDER PATTERN,NORMAL,No suspicious patterns identified
1517306399,PHARMACY_CLAIM,1,0,0.0,0,0,0,0,0,0,0,2.59,2.59,0.0,LOW-RISK PROVIDER PATTERN,NORMAL,No suspicious patterns identified
1915064333,PRIOR_AUTH,1,0,0.0,0,0,0,0,0,0,0,2.59,2.59,0.0,LOW-RISK PROVIDER PATTERN,NORMAL,No suspicious patterns identified
1140736006,PRIOR_AUTH,1,0,0.0,0,0,0,0,0,0,0,2.58,2.58,0.0,LOW-RISK PROVIDER PATTERN,NORMAL,No suspicious patterns identified
1913194655,PHARMACY_CLAIM,1,0,0.0,0,0,0,0,0,0,0,2.58,2.58,0.0,LOW-RISK PROVIDER PATTERN,NORMAL,No suspicious patterns identified
1245160607,PHARMACY_CLAIM,1,0,0.0,0,0,0,0,0,0,0,2.57,2.57,0.0,LOW-RISK PROVIDER PATTERN,NORMAL,No suspicious patterns identified
1847627537,PHARMACY_CLAIM,1,0,0.0,0,0,0,0,0,0,0,2.57,2.57,0.0,LOW-RISK PROVIDER PATTERN,NORMAL,No suspicious patterns identified
1099070445,PRIOR_AUTH,1,0,0.0,0,0,0,0,0,0,0,2.55,2.55,0.0,LOW-RISK PROVIDER PATTERN,NORMAL,No suspicious patterns identified
1540604554,PHARMACY_CLAIM,1,0,0.0,0,0,0,0,0,0,0,2.55,2.55,0.0,LOW-RISK PROVIDER PATTERN,NORMAL,No suspicious patterns identified
1686531837,PHARMACY_CLAIM,1,0,0.0,0,0,0,0,0,0,0,2.54,2.54,0.0,LOW-RISK PROVIDER PATTERN,NORMAL,No suspicious patterns identified
1349083890,PRIOR_AUTH,1,0,0.0,0,0,0,0,0,0,0,2.53,2.53,0.0,LOW-RISK PROVIDER PATTERN,NORMAL,No suspicious patterns identified
1537054015,PRIOR_AUTH,1,0,0.0,0,0,0,0,0,0,0,2.53,2.53,0.0,LOW-RISK PROVIDER PATTERN,NORMAL,No suspicious patterns identified
1837660834,PHARMACY_CLAIM,1,0,0.0,0,0,0,0,0,0,0,2.53,2.53,0.0,LOW-RISK PROVIDER PATTERN,NORMAL,No suspicious patterns identified
1115639127,PHARMACY_CLAIM,1,0,0.0,0,0,0,0,0,0,0,2.52,2.52,0.0,LOW-RISK PROVIDER PATTERN,NORMAL,No suspicious patterns identified
1947010010,PHARMACY_CLAIM,1,0,0.0,0,0,0,0,0,0,0,2.52,2.52,0.0,LOW-RISK PROVIDER PATTERN,NORMAL,No suspicious patterns identified
1628336216,PHARMACY_CLAIM,1,0,0.0,0,0,0,0,0,0,0,2.51,2.51,0.0,LOW-RISK PROVIDER PATTERN,NORMAL,No suspicious patterns identified
1333587432,PRIOR_AUTH,1,0,0.0,0,0,0,0,0,0,0,2.48,2.48,0.0,LOW-RISK PROVIDER PATTERN,NORMAL,No suspicious patterns identified
1497764526,MEDICAL_CLAIM,1,0,0.0,0,0,0,0,0,0,0,2.48,2.48,0.0,LOW-RISK PROVIDER PATTERN,NORMAL,No suspicious patterns identified
1071986251,PHARMACY_CLAIM,1,0,0.0,0,0,0,0,0,0,0,2.46,2.46,0.0,LOW-RISK PROVIDER PATTERN,NORMAL,No suspicious patterns identified
1023284924,MEDICAL_CLAIM,1,0,0.0,0,0,0,0,0,0,0,2.45,2.45,0.0,LOW-RISK PROVIDER PATTERN,NORMAL,No suspicious patterns identified
1323355277,PRIOR_AUTH,1,0,0.0,0,0,0,0,0,0,0,2.45,2.45,0.0,LOW-RISK PROVIDER PATTERN,NORMAL,No suspicious patterns identified
1325249781,PRIOR_AUTH,1,0,0.0,0,0,0,0,0,0,0,2.45,2.45,0.0,LOW-RISK PROVIDER PATTERN,NORMAL,No suspicious patterns identified
1556032392,PRIOR_AUTH,1,0,0.0,0,0,0,0,0,0,0,2.45,2.45,0.0,LOW-RISK PROVIDER PATTERN,NORMAL,No suspicious patterns identified
1985925671,PHARMACY_CLAIM,1,0,0.0,0,0,0,0,0,0,0,2.45,2.45,0.0,LOW-RISK PROVIDER PATTERN,NORMAL,No suspicious patterns identified
1109230357,PHARMACY_CLAIM,1,0,0.0,0,0,0,0,0,0,0,2.43,2.43,0.0,LOW-RISK PROVIDER PATTERN,NORMAL,No suspicious patterns identified
1417262556,PRIOR_AUTH,1,0,0.0,0,0,0,0,0,0,0,2.42,2.42,0.0,LOW-RISK PROVIDER PATTERN,NORMAL,No suspicious patterns identified
1251559183,PRIOR_AUTH,1,0,0.0,0,0,0,0,0,0,0,2.41,2.41,0.0,LOW-RISK PROVIDER PATTERN,NORMAL,No suspicious patterns identified
1272317575,PHARMACY_CLAIM,1,0,0.0,0,0,0,0,0,0,0,2.41,2.41,0.0,LOW-RISK PROVIDER PATTERN,NORMAL,No suspicious patterns identified
1298168950,PHARMACY_CLAIM,1,0,0.0,0,0,0,0,0,0,0,2.4,2.4,0.0,LOW-RISK PROVIDER PATTERN,NORMAL,No suspicious patterns identified
1466508505,PRIOR_AUTH,1,0,0.0,0,0,0,0,0,0,0,2.39,2.39,0.0,LOW-RISK PROVIDER PATTERN,NORMAL,No suspicious patterns identified
1556369970,PHARMACY_CLAIM,1,0,0.0,0,0,0,0,0,0,0,2.39,2.39,0.0,LOW-RISK PROVIDER PATTERN,NORMAL,No suspicious patterns identified
1049429827,PRIOR_AUTH,1,0,0.0,0,0,0,0,0,0,0,2.36,2.36,0.0,LOW-RISK PROVIDER PATTERN,NORMAL,No suspicious patterns identified
1395423625,PRIOR_AUTH,1,0,0.0,0,0,0,0,0,0,0,2.36,2.36,0.0,LOW-RISK PROVIDER PATTERN,NORMAL,No suspicious patterns identified
1549553246,PHARMACY_CLAIM,1,0,0.0,0,0,0,0,0,0,0,2.36,2.36,0.0,LOW-RISK PROVIDER PATTERN,NORMAL,No suspicious patterns identified
1781447005,PHARMACY_CLAIM,1,0,0.0,0,0,0,0,0,0,0,2.36,2.36,0.0,LOW-RISK PROVIDER PATTERN,NORMAL,No suspicious patterns identified
1896448517,PRIOR_AUTH,1,0,0.0,0,0,0,0,0,0,0,2.36,2.36,0.0,LOW-RISK PROVIDER PATTERN,NORMAL,No suspicious patterns identified
1759340475,PRIOR_AUTH,1,0,0.0,0,0,0,0,0,0,0,2.34,2.34,0.0,LOW-RISK PROVIDER PATTERN,NORMAL,No suspicious patterns identified
1558943305,PHARMACY_CLAIM,1,0,0.0,0,0,0,0,0,0,0,2.33,2.33,0.0,LOW-RISK PROVIDER PATTERN,NORMAL,No suspicious patterns identified
1600105055,PRIOR_AUTH,1,0,0.0,0,0,0,0,0,0,0,2.33,2.33,0.0,LOW-RISK PROVIDER PATTERN,NORMAL,No suspicious patterns identified
1198936012,PHARMACY_CLAIM,1,0,0.0,0,0,0,0,0,0,0,2.31,2.31,0.0,LOW-RISK PROVIDER PATTERN,NORMAL,No suspicious patterns identified
1415978779,PRIOR_AUTH,1,0,0.0,0,0,0,0,0,0,0,2.31,2.31,0.0,LOW-RISK PROVIDER PATTERN,NORMAL,No suspicious patterns identified
1705779134,PHARMACY_CLAIM,1,0,0.0,0,0,0,0,0,0,0,2.31,2.31,0.0,LOW-RISK PROVIDER PATTERN,NORMAL,No suspicious patterns identified
1291426807,PHARMACY_CLAIM,1,0,0.0,0,0,0,0,0,0,0,2.3,2.3,0.0,LOW-RISK PROVIDER PATTERN,NORMAL,No suspicious patterns identified
1678249996,PRIOR_AUTH,1,0,0.0,0,0,0,0,0,0,0,2.3,2.3,0.0,LOW-RISK PROVIDER PATTERN,NORMAL,No suspicious patterns identified
1242427685,PRIOR_AUTH,1,0,0.0,0,0,0,0,0,0,0,2.29,2.29,0.0,LOW-RISK PROVIDER PATTERN,NORMAL,No suspicious patterns identified
1073802492,MEDICAL_CLAIM,1,0,0.0,0,0,0,0,0,0,0,2.28,2.28,0.0,LOW-RISK PROVIDER PATTERN,NORMAL,No suspicious patterns identified
1507855960,PHARMACY_CLAIM,1,0,0.0,0,0,0,0,0,0,0,2.27,2.27,0.0,LOW-RISK PROVIDER PATTERN,NORMAL,No suspicious patterns identified
1028375206,PRIOR_AUTH,1,0,0.0,0,0,0,0,0,0,0,2.26,2.26,0.0,LOW-RISK PROVIDER PATTERN,NORMAL,No suspicious patterns identified
1383613965,PRIOR_AUTH,1,0,0.0,0,0,0,0,0,0,0,2.26,2.26,0.0,LOW-RISK PROVIDER PATTERN,NORMAL,No suspicious patterns identified
1806838143,PHARMACY_CLAIM,1,0,0.0,0,0,0,0,0,0,0,2.26,2.26,0.0,LOW-RISK PROVIDER PATTERN,NORMAL,No suspicious patterns identified
1933511572,PRIOR_AUTH,1,0,0.0,0,0,0,0,0,0,0,2.26,2.26,0.0,LOW-RISK PROVIDER PATTERN,NORMAL,No suspicious patterns identified
1948027552,PRIOR_AUTH,1,0,0.0,0,0,0,0,0,0,0,2.26,2.26,0.0,LOW-RISK PROVIDER PATTERN,NORMAL,No suspicious patterns identified
1983117598,PHARMACY_CLAIM,1,0,0.0,0,0,0,0,0,0,0,2.24,2.24,0.0,LOW-RISK PROVIDER PATTERN,NORMAL,No suspicious patterns identified
1567448685,PHARMACY_CLAIM,1,0,0.0,0,0,0,0,0,0,0,2.23,2.23,0.0,LOW-RISK PROVIDER PATTERN,NORMAL,No suspicious patterns identified
1650966521,PRIOR_AUTH,1,0,0.0,0,0,0,0,0,0,0,2.23,2.23,0.0,LOW-RISK PROVIDER PATTERN,NORMAL,No suspicious patterns identified
1158402575,PRIOR_AUTH,1,0,0.0,0,0,0,0,0,0,0,2.21,2.21,0.0,LOW-RISK PROVIDER PATTERN,NORMAL,No suspicious patterns identified
1989074465,PRIOR_AUTH,1,0,0.0,0,0,0,0,0,0,0,2.21,2.21,0.0,LOW-RISK PROVIDER PATTERN,NORMAL,No suspicious patterns identified
1477549731,MEDICAL_CLAIM,1,0,0.0,0,0,0,0,0,0,0,2.2,2.2,0.0,LOW-RISK PROVIDER PATTERN,NORMAL,No suspicious patterns identified
1257822682,PHARMACY_CLAIM,1,0,0.0,0,0,0,0,0,0,0,2.19,2.19,0.0,LOW-RISK PROVIDER PATTERN,NORMAL,No suspicious patterns identified
1008177499,PRIOR_AUTH,1,0,0.0,0,0,0,0,0,0,0,2.18,2.18,0.0,LOW-RISK PROVIDER PATTERN,NORMAL,No suspicious patterns identified
1072644258,PHARMACY_CLAIM,1,0,0.0,0,0,0,0,0,0,0,2.18,2.18,0.0,LOW-RISK PROVIDER PATTERN,NORMAL,No suspicious patterns identified
1112951367,PRIOR_AUTH,1,0,0.0,0,0,0,0,0,0,0,2.18,2.18,0.0,LOW-RISK PROVIDER PATTERN,NORMAL,No suspicious patterns identified
1397311824,PHARMACY_CLAIM,1,0,0.0,0,0,0,0,0,0,0,2.16,2.16,0.0,LOW-RISK PROVIDER PATTERN,NORMAL,No suspicious patterns identified
1591801845,PHARMACY_CLAIM,1,0,0.0,0,0,0,0,0,0,0,2.16,2.16,0.0,LOW-RISK PROVIDER PATTERN,NORMAL,No suspicious patterns identified
1004277806,PHARMACY_CLAIM,1,0,0.0,0,0,0,0,0,0,0,2.15,2.15,0.0,LOW-RISK PROVIDER PATTERN,NORMAL,No suspicious patterns identified
1066651900,PRIOR_AUTH,1,0,0.0,0,0,0,0,0,0,0,2.14,2.14,0.0,LOW-RISK PROVIDER PATTERN,NORMAL,No suspicious patterns identified
1764464189,PRIOR_AUTH,1,0,0.0,0,0,0,0,0,0,0,2.14,2.14,0.0,LOW-RISK PROVIDER PATTERN,NORMAL,No suspicious patterns identified
1822256153,PHARMACY_CLAIM,1,0,0.0,0,0,0,0,0,0,0,2.13,2.13,0.0,LOW-RISK PROVIDER PATTERN,NORMAL,No suspicious patterns identified
1434435321,PRIOR_AUTH,1,0,0.0,0,0,0,0,0,0,0,2.12,2.12,0.0,LOW-RISK PROVIDER PATTERN,NORMAL,No suspicious patterns identified
1752204800,PHARMACY_CLAIM,1,0,0.0,0,0,0,0,0,0,0,2.12,2.12,0.0,LOW-RISK PROVIDER PATTERN,NORMAL,No suspicious patterns identified
1537358674,PHARMACY_CLAIM,1,0,0.0,0,0,0,0,0,0,0,2.11,2.11,0.0,LOW-RISK PROVIDER PATTERN,NORMAL,No suspicious patterns identified
1741167562,PHARMACY_CLAIM,1,0,0.0,0,0,0,0,0,0,0,2.11,2.11,0.0,LOW-RISK PROVIDER PATTERN,NORMAL,No suspicious patterns identified
1964307198,PHARMACY_CLAIM,1,0,0.0,0,0,0,0,0,0,0,2.09,2.09,0.0,LOW-RISK PROVIDER PATTERN,NORMAL,No suspicious patterns identified
1827410219,PHARMACY_CLAIM,1,0,0.0,0,0,0,0,0,0,0,2.08,2.08,0.0,LOW-RISK PROVIDER PATTERN,NORMAL,No suspicious patterns identified
1101266982,PRIOR_AUTH,1,0,0.0,0,0,0,0,0,0,0,2.07,2.07,0.0,LOW-RISK PROVIDER PATTERN,NORMAL,No suspicious patterns identified
1183006200,PRIOR_AUTH,1,0,0.0,0,0,0,0,0,0,0,2.07,2.07,0.0,LOW-RISK PROVIDER PATTERN,NORMAL,No suspicious patterns identified
1663028551,PRIOR_AUTH,1,0,0.0,0,0,0,0,0,0,0,2.07,2.07,0.0,LOW-RISK PROVIDER PATTERN,NORMAL,No suspicious patterns identified
1942273231,PRIOR_AUTH,1,0,0.0,0,0,0,0,0,0,0,2.07,2.07,0.0,LOW-RISK PROVIDER PATTERN,NORMAL,No suspicious patterns identified
1518698873,PHARMACY_CLAIM,1,0,0.0,0,0,0,0,0,0,0,2.06,2.06,0.0,LOW-RISK PROVIDER PATTERN,NORMAL,No suspicious patterns identified
1570928874,PHARMACY_CLAIM,1,0,0.0,0,0,0,0,0,0,0,2.05,2.05,0.0,LOW-RISK PROVIDER PATTERN,NORMAL,No suspicious patterns identified
1952427163,MEDICAL_CLAIM,2,0,0.0,0,0,0,0,0,0,0,2.04,3.34,0.0,LOW-RISK PROVIDER PATTERN,NORMAL,No suspicious patterns identified
1932169215,PHARMACY_CLAIM,1,0,0.0,0,0,0,0,0,0,0,2.04,2.04,0.0,LOW-RISK PROVIDER PATTERN,NORMAL,No suspicious patterns identified
1635920607,PRIOR_AUTH,1,0,0.0,0,0,0,0,0,0,0,2.03,2.03,0.0,LOW-RISK PROVIDER PATTERN,NORMAL,No suspicious patterns identified
1844142639,PHARMACY_CLAIM,1,0,0.0,0,0,0,0,0,0,0,2.03,2.03,0.0,LOW-RISK PROVIDER PATTERN,NORMAL,No suspicious patterns identified
1920614243,PRIOR_AUTH,1,0,0.0,0,0,0,0,0,0,0,2.03,2.03,0.0,LOW-RISK PROVIDER PATTERN,NORMAL,No suspicious patterns identified
1020325380,PHARMACY_CLAIM,1,0,0.0,0,0,0,0,0,0,0,2.01,2.01,0.0,LOW-RISK PROVIDER PATTERN,NORMAL,No suspicious patterns identified
1264220903,PRIOR_AUTH,1,0,0.0,0,0,0,0,0,0,0,2.01,2.01,0.0,LOW-RISK PROVIDER PATTERN,NORMAL,No suspicious patterns identified
1863057201,PHARMACY_CLAIM,1,0,0.0,0,0,0,0,0,0,0,2.01,2.01,0.0,LOW-RISK PROVIDER PATTERN,NORMAL,No suspicious patterns identified
1245253160,MEDICAL_CLAIM,1,0,0.0,0,0,0,0,0,0,0,2.0,2.0,0.0,LOW-RISK PROVIDER PATTERN,NORMAL,No suspicious patterns identified
1604821152,PHARMACY_CLAIM,1,0,0.0,0,0,0,0,0,0,0,2.0,2.0,0.0,LOW-RISK PROVIDER PATTERN,NORMAL,No suspicious patterns identified
1697192554,PRIOR_AUTH,1,0,0.0,0,0,0,0,0,0,0,2.0,2.0,0.0,LOW-RISK PROVIDER PATTERN,NORMAL,No suspicious patterns identified
1230970487,PRIOR_AUTH,1,0,0.0,0,0,0,0,0,0,0,1.99,1.99,0.0,LOW-RISK PROVIDER PATTERN,NORMAL,No suspicious patterns identified
1083083814,PRIOR_AUTH,1,0,0.0,0,0,0,0,0,0,0,1.98,1.98,0.0,LOW-RISK PROVIDER PATTERN,NORMAL,No suspicious patterns identified
1259754337,PHARMACY_CLAIM,1,0,0.0,0,0,0,0,0,0,0,1.98,1.98,0.0,LOW-RISK PROVIDER PATTERN,NORMAL,No suspicious patterns identified
1973745486,PHARMACY_CLAIM,1,0,0.0,0,0,0,0,0,0,0,1.97,1.97,0.0,LOW-RISK PROVIDER PATTERN,NORMAL,No suspicious patterns identified
1062838511,PRIOR_AUTH,1,0,0.0,0,0,0,0,0,0,0,1.96,1.96,0.0,LOW-RISK PROVIDER PATTERN,NORMAL,No suspicious patterns identified
1422367647,PRIOR_AUTH,1,0,0.0,0,0,0,0,0,0,0,1.96,1.96,0.0,LOW-RISK PROVIDER PATTERN,NORMAL,No suspicious patterns identified
1538209077,MEDICAL_CLAIM,2,0,0.0,0,0,0,0,0,0,0,1.94,1.94,0.0,LOW-RISK PROVIDER PATTERN,NORMAL,No suspicious patterns identified
1520766556,PRIOR_AUTH,1,0,0.0,0,0,0,0,0,0,0,1.94,1.94,0.0,LOW-RISK PROVIDER PATTERN,NORMAL,No suspicious patterns identified
1109665322,PHARMACY_CLAIM,1,0,0.0,0,0,0,0,0,0,0,1.92,1.92,0.0,LOW-RISK PROVIDER PATTERN,NORMAL,No suspicious patterns identified
1413360392,PRIOR_AUTH,1,0,0.0,0,0,0,0,0,0,0,1.92,1.92,0.0,LOW-RISK PROVIDER PATTERN,NORMAL,No suspicious patterns identified
1452086166,PRIOR_AUTH,1,0,0.0,0,0,0,0,0,0,0,1.92,1.92,0.0,LOW-RISK PROVIDER PATTERN,NORMAL,No suspicious patterns identified
1224581529,PHARMACY_CLAIM,1,0,0.0,0,0,0,0,0,0,0,1.9,1.9,0.0,LOW-RISK PROVIDER PATTERN,NORMAL,No suspicious patterns identified
1126635706,PHARMACY_CLAIM,1,0,0.0,0,0,0,0,0,0,0,1.89,1.89,0.0,LOW-RISK PROVIDER PATTERN,NORMAL,No suspicious patterns identified
1355560442,PRIOR_AUTH,1,0,0.0,0,0,0,0,0,0,0,1.89,1.89,0.0,LOW-RISK PROVIDER PATTERN,NORMAL,No suspicious patterns identified
1665140744,PRIOR_AUTH,1,0,0.0,0,0,0,0,0,0,0,1.89,1.89,0.0,LOW-RISK PROVIDER PATTERN,NORMAL,No suspicious patterns identified
1718793044,PHARMACY_CLAIM,1,0,0.0,0,0,0,0,0,0,0,1.88,1.88,0.0,LOW-RISK PROVIDER PATTERN,NORMAL,No suspicious patterns identified
1097418547,PRIOR_AUTH,1,0,0.0,0,0,0,0,0,0,0,1.86,1.86,0.0,LOW-RISK PROVIDER PATTERN,NORMAL,No suspicious patterns identified
1192045194,PRIOR_AUTH,1,0,0.0,0,0,0,0,0,0,0,1.86,1.86,0.0,LOW-RISK PROVIDER PATTERN,NORMAL,No suspicious patterns identified
1375393536,PRIOR_AUTH,1,0,0.0,0,0,0,0,0,0,0,1.86,1.86,0.0,LOW-RISK PROVIDER PATTERN,NORMAL,No suspicious patterns identified
1950754020,PRIOR_AUTH,1,0,0.0,0,0,0,0,0,0,0,1.86,1.86,0.0,LOW-RISK PROVIDER PATTERN,NORMAL,No suspicious patterns identified
1506370000,PHARMACY_CLAIM,1,0,0.0,0,0,0,0,0,0,0,1.84,1.84,0.0,LOW-RISK PROVIDER PATTERN,NORMAL,No suspicious patterns identified
1871109635,PHARMACY_CLAIM,1,0,0.0,0,0,0,0,0,0,0,1.83,1.83,0.0,LOW-RISK PROVIDER PATTERN,NORMAL,No suspicious patterns identified
1013640222,PHARMACY_CLAIM,1,0,0.0,0,0,0,0,0,0,0,1.82,1.82,0.0,LOW-RISK PROVIDER PATTERN,NORMAL,No suspicious patterns identified
1076735096,PRIOR_AUTH,1,0,0.0,0,0,0,0,0,0,0,1.82,1.82,0.0,LOW-RISK PROVIDER PATTERN,NORMAL,No suspicious patterns identified
1972049641,MEDICAL_CLAIM,1,0,0.0,0,0,0,0,0,0,0,1.82,1.82,0.0,LOW-RISK PROVIDER PATTERN,NORMAL,No suspicious patterns identified
1614025059,PRIOR_AUTH,1,0,0.0,0,0,0,0,0,0,0,1.81,1.81,0.0,LOW-RISK PROVIDER PATTERN,NORMAL,No suspicious patterns identified
1269251601,PRIOR_AUTH,1,0,0.0,0,0,0,0,0,0,0,1.8,1.8,0.0,LOW-RISK PROVIDER PATTERN,NORMAL,No suspicious patterns identified
1659744167,MEDICAL_CLAIM,1,0,0.0,0,0,0,0,0,0,0,1.8,1.8,0.0,LOW-RISK PROVIDER PATTERN,NORMAL,No suspicious patterns identified
1760099055,PHARMACY_CLAIM,1,0,0.0,0,0,0,0,0,0,0,1.8,1.8,0.0,LOW-RISK PROVIDER PATTERN,NORMAL,No suspicious patterns identified
1573526015,PHARMACY_CLAIM,1,0,0.0,0,0,0,0,0,0,0,1.79,1.79,0.0,LOW-RISK PROVIDER PATTERN,NORMAL,No suspicious patterns identified
1396108213,MEDICAL_CLAIM,1,0,0.0,0,0,0,0,0,0,0,1.78,1.78,0.0,LOW-RISK PROVIDER PATTERN,NORMAL,No suspicious patterns identified
1029998375,PRIOR_AUTH,1,0,0.0,0,0,0,0,0,0,0,1.77,1.77,0.0,LOW-RISK PROVIDER PATTERN,NORMAL,No suspicious patterns identified
1595009638,PRIOR_AUTH,1,0,0.0,0,0,0,0,0,0,0,1.77,1.77,0.0,LOW-RISK PROVIDER PATTERN,NORMAL,No suspicious patterns identified
1820688810,PRIOR_AUTH,1,0,0.0,0,0,0,0,0,0,0,1.77,1.77,0.0,LOW-RISK PROVIDER PATTERN,NORMAL,No suspicious patterns identified
1789164001,PHARMACY_CLAIM,1,0,0.0,0,0,0,0,0,0,0,1.76,1.76,0.0,LOW-RISK PROVIDER PATTERN,NORMAL,No suspicious patterns identified
1837285865,PHARMACY_CLAIM,1,0,0.0,0,0,0,0,0,0,0,1.75,1.75,0.0,LOW-RISK PROVIDER PATTERN,NORMAL,No suspicious patterns identified
1561407655,PHARMACY_CLAIM,1,0,0.0,0,0,0,0,0,0,0,1.74,1.74,0.0,LOW-RISK PROVIDER PATTERN,NORMAL,No suspicious patterns identified
1186081367,PRIOR_AUTH,1,0,0.0,0,0,0,0,0,0,0,1.73,1.73,0.0,LOW-RISK PROVIDER PATTERN,NORMAL,No suspicious patterns identified
1331272942,PRIOR_AUTH,1,0,0.0,0,0,0,0,0,0,0,1.73,1.73,0.0,LOW-RISK PROVIDER PATTERN,NORMAL,No suspicious patterns identified
1547958794,PRIOR_AUTH,1,0,0.0,0,0,0,0,0,0,0,1.73,1.73,0.0,LOW-RISK PROVIDER PATTERN,NORMAL,No suspicious patterns identified
1858729812,PRIOR_AUTH,1,0,0.0,0,0,0,0,0,0,0,1.73,1.73,0.0,LOW-RISK PROVIDER PATTERN,NORMAL,No suspicious patterns identified
1884044502,PRIOR_AUTH,1,0,0.0,0,0,0,0,0,0,0,1.73,1.73,0.0,LOW-RISK PROVIDER PATTERN,NORMAL,No suspicious patterns identified
1988658078,PHARMACY_CLAIM,1,0,0.0,0,0,0,0,0,0,0,1.73,1.73,0.0,LOW-RISK PROVIDER PATTERN,NORMAL,No suspicious patterns identified
1447079851,PHARMACY_CLAIM,1,0,0.0,0,0,0,0,0,0,0,1.72,1.72,0.0,LOW-RISK PROVIDER PATTERN,NORMAL,No suspicious patterns identified
1493260887,PHARMACY_CLAIM,1,0,0.0,0,0,0,0,0,0,0,1.7,1.7,0.0,LOW-RISK PROVIDER PATTERN,NORMAL,No suspicious patterns identified
1684198791,PHARMACY_CLAIM,1,0,0.0,0,0,0,0,0,0,0,1.69,1.69,0.0,LOW-RISK PROVIDER PATTERN,NORMAL,No suspicious patterns identified
1013608153,PRIOR_AUTH,1,0,0.0,0,0,0,0,0,0,0,1.68,1.68,0.0,LOW-RISK PROVIDER PATTERN,NORMAL,No suspicious patterns identified
1544126721,PRIOR_AUTH,1,0,0.0,0,0,0,0,0,0,0,1.68,1.68,0.0,LOW-RISK PROVIDER PATTERN,NORMAL,No suspicious patterns identified
1807827526,PHARMACY_CLAIM,1,0,0.0,0,0,0,0,0,0,0,1.68,1.68,0.0,LOW-RISK PROVIDER PATTERN,NORMAL,No suspicious patterns identified
1343672959,PHARMACY_CLAIM,1,0,0.0,0,0,0,0,0,0,0,1.67,1.67,0.0,LOW-RISK PROVIDER PATTERN,NORMAL,No suspicious patterns identified
1075802105,PRIOR_AUTH,1,0,0.0,0,0,0,0,0,0,0,1.66,1.66,0.0,LOW-RISK PROVIDER PATTERN,NORMAL,No suspicious patterns identified
1768022903,PRIOR_AUTH,1,0,0.0,0,0,0,0,0,0,0,1.66,1.66,0.0,LOW-RISK PROVIDER PATTERN,NORMAL,No suspicious patterns identified
1887083228,PHARMACY_CLAIM,1,0,0.0,0,0,0,0,0,0,0,1.65,1.65,0.0,LOW-RISK PROVIDER PATTERN,NORMAL,No suspicious patterns identified
1067067455,PHARMACY_CLAIM,1,0,0.0,0,0,0,0,0,0,0,1.64,1.64,0.0,LOW-RISK PROVIDER PATTERN,NORMAL,No suspicious patterns identified
1578821005,MEDICAL_CLAIM,1,0,0.0,0,0,0,0,0,0,0,1.64,1.64,0.0,LOW-RISK PROVIDER PATTERN,NORMAL,No suspicious patterns identified
1023474244,MEDICAL_CLAIM,2,0,0.0,0,0,0,0,0,0,0,1.62,1.92,0.0,LOW-RISK PROVIDER PATTERN,NORMAL,No suspicious patterns identified
1068789265,PHARMACY_CLAIM,1,0,0.0,0,0,0,0,0,0,0,1.62,1.62,0.0,LOW-RISK PROVIDER PATTERN,NORMAL,No suspicious patterns identified
1217349823,PHARMACY_CLAIM,1,0,0.0,0,0,0,0,0,0,0,1.61,1.61,0.0,LOW-RISK PROVIDER PATTERN,NORMAL,No suspicious patterns identified
1298197946,PRIOR_AUTH,1,0,0.0,0,0,0,0,0,0,0,1.6,1.6,0.0,LOW-RISK PROVIDER PATTERN,NORMAL,No suspicious patterns identified
1625451633,PRIOR_AUTH,1,0,0.0,0,0,0,0,0,0,0,1.6,1.6,0.0,LOW-RISK PROVIDER PATTERN,NORMAL,No suspicious patterns identified
1654893854,PRIOR_AUTH,1,0,0.0,0,0,0,0,0,0,0,1.6,1.6,0.0,LOW-RISK PROVIDER PATTERN,NORMAL,No suspicious patterns identified
1105695940,PHARMACY_CLAIM,1,0,0.0,0,0,0,0,0,0,0,1.59,1.59,0.0,LOW-RISK PROVIDER PATTERN,NORMAL,No suspicious patterns identified
1138659568,PHARMACY_CLAIM,1,0,0.0,0,0,0,0,0,0,0,1.58,1.58,0.0,LOW-RISK PROVIDER PATTERN,NORMAL,No suspicious patterns identified
1489986684,PRIOR_AUTH,1,0,0.0,0,0,0,0,0,0,0,1.57,1.57,0.0,LOW-RISK PROVIDER PATTERN,NORMAL,No suspicious patterns identified
1144227588,MEDICAL_CLAIM,1,0,0.0,0,0,0,0,0,0,0,1.56,1.56,0.0,LOW-RISK PROVIDER PATTERN,NORMAL,No suspicious patterns identified
1153419453,PHARMACY_CLAIM,1,0,0.0,0,0,0,0,0,0,0,1.56,1.56,0.0,LOW-RISK PROVIDER PATTERN,NORMAL,No suspicious patterns identified
1845032691,PRIOR_AUTH,1,0,0.0,0,0,0,0,0,0,0,1.56,1.56,0.0,LOW-RISK PROVIDER PATTERN,NORMAL,No suspicious patterns identified
1114082605,PRIOR_AUTH,1,0,0.0,0,0,0,0,0,0,0,1.55,1.55,0.0,LOW-RISK PROVIDER PATTERN,NORMAL,No suspicious patterns identified
1592431521,PHARMACY_CLAIM,1,0,0.0,0,0,0,0,0,0,0,1.55,1.55,0.0,LOW-RISK PROVIDER PATTERN,NORMAL,No suspicious patterns identified
1854009758,PHARMACY_CLAIM,1,0,0.0,0,0,0,0,0,0,0,1.54,1.54,0.0,LOW-RISK PROVIDER PATTERN,NORMAL,No suspicious patterns identified
1088697393,PRIOR_AUTH,1,0,0.0,0,0,0,0,0,0,0,1.53,1.53,0.0,LOW-RISK PROVIDER PATTERN,NORMAL,No suspicious patterns identified
1427924341,PRIOR_AUTH,1,0,0.0,0,0,0,0,0,0,0,1.53,1.53,0.0,LOW-RISK PROVIDER PATTERN,NORMAL,No suspicious patterns identified
1467118601,PHARMACY_CLAIM,1,0,0.0,0,0,0,0,0,0,0,1.53,1.53,0.0,LOW-RISK PROVIDER PATTERN,NORMAL,No suspicious patterns identified
1583253209,PHARMACY_CLAIM,1,0,0.0,0,0,0,0,0,0,0,1.52,1.52,0.0,LOW-RISK PROVIDER PATTERN,NORMAL,No suspicious patterns identified
1252839535,PHARMACY_CLAIM,1,0,0.0,0,0,0,0,0,0,0,1.51,1.51,0.0,LOW-RISK PROVIDER PATTERN,NORMAL,No suspicious patterns identified
1361692539,PRIOR_AUTH,1,0,0.0,0,0,0,0,0,0,0,1.51,1.51,0.0,LOW-RISK PROVIDER PATTERN,NORMAL,No suspicious patterns identified
1730104217,MEDICAL_CLAIM,1,0,0.0,0,0,0,0,0,0,0,1.51,1.51,0.0,LOW-RISK PROVIDER PATTERN,NORMAL,No suspicious patterns identified
1811216350,PRIOR_AUTH,1,0,0.0,0,0,0,0,0,0,0,1.51,1.51,0.0,LOW-RISK PROVIDER PATTERN,NORMAL,No suspicious patterns identified
1104429919,PHARMACY_CLAIM,1,0,0.0,0,0,0,0,0,0,0,1.5,1.5,0.0,LOW-RISK PROVIDER PATTERN,NORMAL,No suspicious patterns identified
1046681108,PRIOR_AUTH,1,0,0.0,0,0,0,0,0,0,0,1.48,1.48,0.0,LOW-RISK PROVIDER PATTERN,NORMAL,No suspicious patterns identified
1379385518,PRIOR_AUTH,1,0,0.0,0,0,0,0,0,0,0,1.48,1.48,0.0,LOW-RISK PROVIDER PATTERN,NORMAL,No suspicious patterns identified
1634011208,PHARMACY_CLAIM,1,0,0.0,0,0,0,0,0,0,0,1.48,1.48,0.0,LOW-RISK PROVIDER PATTERN,NORMAL,No suspicious patterns identified
1750887972,MEDICAL_CLAIM,1,0,0.0,0,0,0,0,0,0,0,1.48,1.48,0.0,LOW-RISK PROVIDER PATTERN,NORMAL,No suspicious patterns identified
1513312938,PHARMACY_CLAIM,1,0,0.0,0,0,0,0,0,0,0,1.47,1.47,0.0,LOW-RISK PROVIDER PATTERN,NORMAL,No suspicious patterns identified
1048108712,PHARMACY_CLAIM,1,0,0.0,0,0,0,0,0,0,0,1.46,1.46,0.0,LOW-RISK PROVIDER PATTERN,NORMAL,No suspicious patterns identified
1532059329,PRIOR_AUTH,1,0,0.0,0,0,0,0,0,0,0,1.46,1.46,0.0,LOW-RISK PROVIDER PATTERN,NORMAL,No suspicious patterns identified
1226216115,PHARMACY_CLAIM,1,0,0.0,0,0,0,0,0,0,0,1.45,1.45,0.0,LOW-RISK PROVIDER PATTERN,NORMAL,No suspicious patterns identified
1586586712,PHARMACY_CLAIM,1,0,0.0,0,0,0,0,0,0,0,1.45,1.45,0.0,LOW-RISK PROVIDER PATTERN,NORMAL,No suspicious patterns identified
1789637255,PRIOR_AUTH,1,0,0.0,0,0,0,0,0,0,0,1.45,1.45,0.0,LOW-RISK PROVIDER PATTERN,NORMAL,No suspicious patterns identified
1482844719,PHARMACY_CLAIM,1,0,0.0,0,0,0,0,0,0,0,1.44,1.44,0.0,LOW-RISK PROVIDER PATTERN,NORMAL,No suspicious patterns identified
1484728324,PRIOR_AUTH,1,0,0.0,0,0,0,0,0,0,0,1.44,1.44,0.0,LOW-RISK PROVIDER PATTERN,NORMAL,No suspicious patterns identified
1700392438,MEDICAL_CLAIM,2,0,0.0,0,0,0,0,0,0,0,1.43,2.76,0.0,LOW-RISK PROVIDER PATTERN,NORMAL,No suspicious patterns identified
1477292121,PRIOR_AUTH,1,0,0.0,0,0,0,0,0,0,0,1.43,1.43,0.0,LOW-RISK PROVIDER PATTERN,NORMAL,No suspicious patterns identified
1840372373,PHARMACY_CLAIM,1,0,0.0,0,0,0,0,0,0,0,1.42,1.42,0.0,LOW-RISK PROVIDER PATTERN,NORMAL,No suspicious patterns identified
1194406534,PHARMACY_CLAIM,1,0,0.0,0,0,0,0,0,0,0,1.41,1.41,0.0,LOW-RISK PROVIDER PATTERN,NORMAL,No suspicious patterns identified
1209597202,PRIOR_AUTH,1,0,0.0,0,0,0,0,0,0,0,1.41,1.41,0.0,LOW-RISK PROVIDER PATTERN,NORMAL,No suspicious patterns identified
1792578374,PRIOR_AUTH,1,0,0.0,0,0,0,0,0,0,0,1.41,1.41,0.0,LOW-RISK PROVIDER PATTERN,NORMAL,No suspicious patterns identified
1369998022,PHARMACY_CLAIM,1,0,0.0,0,0,0,0,0,0,0,1.4,1.4,0.0,LOW-RISK PROVIDER PATTERN,NORMAL,No suspicious patterns identified
1639533763,MEDICAL_CLAIM,1,0,0.0,0,0,0,0,0,0,0,1.4,1.4,0.0,LOW-RISK PROVIDER PATTERN,NORMAL,No suspicious patterns identified
1285273291,PHARMACY_CLAIM,1,0,0.0,0,0,0,0,0,0,0,1.38,1.38,0.0,LOW-RISK PROVIDER PATTERN,NORMAL,No suspicious patterns identified
1009664146,PRIOR_AUTH,1,0,0.0,0,0,0,0,0,0,0,1.36,1.36,0.0,LOW-RISK PROVIDER PATTERN,NORMAL,No suspicious patterns identified
1104035393,PRIOR_AUTH,1,0,0.0,0,0,0,0,0,0,0,1.36,1.36,0.0,LOW-RISK PROVIDER PATTERN,NORMAL,No suspicious patterns identified
1397466900,PRIOR_AUTH,1,0,0.0,0,0,0,0,0,0,0,1.36,1.36,0.0,LOW-RISK PROVIDER PATTERN,NORMAL,No suspicious patterns identified
1873619061,PHARMACY_CLAIM,1,0,0.0,0,0,0,0,0,0,0,1.36,1.36,0.0,LOW-RISK PROVIDER PATTERN,NORMAL,No suspicious patterns identified
1546622513,PHARMACY_CLAIM,1,0,0.0,0,0,0,0,0,0,0,1.35,1.35,0.0,LOW-RISK PROVIDER PATTERN,NORMAL,No suspicious patterns identified
1604626516,PHARMACY_CLAIM,1,0,0.0,0,0,0,0,0,0,0,1.35,1.35,0.0,LOW-RISK PROVIDER PATTERN,NORMAL,No suspicious patterns identified
1942510508,MEDICAL_CLAIM,1,0,0.0,0,0,0,0,0,0,0,1.35,1.35,0.0,LOW-RISK PROVIDER PATTERN,NORMAL,No suspicious patterns identified
1163686158,PRIOR_AUTH,1,0,0.0,0,0,0,0,0,0,0,1.34,1.34,0.0,LOW-RISK PROVIDER PATTERN,NORMAL,No suspicious patterns identified
1140709260,PRIOR_AUTH,1,0,0.0,0,0,0,0,0,0,0,1.31,1.31,0.0,LOW-RISK PROVIDER PATTERN,NORMAL,No suspicious patterns identified
1788996086,PRIOR_AUTH,1,0,0.0,0,0,0,0,0,0,0,1.31,1.31,0.0,LOW-RISK PROVIDER PATTERN,NORMAL,No suspicious patterns identified
1902531812,PHARMACY_CLAIM,1,0,0.0,0,0,0,0,0,0,0,1.31,1.31,0.0,LOW-RISK PROVIDER PATTERN,NORMAL,No suspicious patterns identified
1910115716,PRIOR_AUTH,1,0,0.0,0,0,0,0,0,0,0,1.31,1.31,0.0,LOW-RISK PROVIDER PATTERN,NORMAL,No suspicious patterns identified
1366818270,MEDICAL_CLAIM,3,0,0.0,0,0,0,0,0,0,0,1.3,3.8,0.0,LOW-RISK PROVIDER PATTERN,NORMAL,No suspicious patterns identified
1034430744,PHARMACY_CLAIM,1,0,0.0,0,0,0,0,0,0,0,1.3,1.3,0.0,LOW-RISK PROVIDER PATTERN,NORMAL,No suspicious patterns identified
1919988981,PHARMACY_CLAIM,1,0,0.0,0,0,0,0,0,0,0,1.3,1.3,0.0,LOW-RISK PROVIDER PATTERN,NORMAL,No suspicious patterns identified
1866364077,PHARMACY_CLAIM,1,0,0.0,0,0,0,0,0,0,0,1.29,1.29,0.0,LOW-RISK PROVIDER PATTERN,NORMAL,No suspicious patterns identified
1104991687,PRIOR_AUTH,1,0,0.0,0,0,0,0,0,0,0,1.28,1.28,0.0,LOW-RISK PROVIDER PATTERN,NORMAL,No suspicious patterns identified
1911712750,PRIOR_AUTH,1,0,0.0,0,0,0,0,0,0,0,1.28,1.28,0.0,LOW-RISK PROVIDER PATTERN,NORMAL,No suspicious patterns identified
1218734799,PHARMACY_CLAIM,1,0,0.0,0,0,0,0,0,0,0,1.27,1.27,0.0,LOW-RISK PROVIDER PATTERN,NORMAL,No suspicious patterns identified
1199070081,PRIOR_AUTH,1,0,0.0,0,0,0,0,0,0,0,1.26,1.26,0.0,LOW-RISK PROVIDER PATTERN,NORMAL,No suspicious patterns identified
1385890027,PRIOR_AUTH,1,0,0.0,0,0,0,0,0,0,0,1.26,1.26,0.0,LOW-RISK PROVIDER PATTERN,NORMAL,No suspicious patterns identified
1979206175,PHARMACY_CLAIM,1,0,0.0,0,0,0,0,0,0,0,1.26,1.26,0.0,LOW-RISK PROVIDER PATTERN,NORMAL,No suspicious patterns identified
1144728852,PHARMACY_CLAIM,1,0,0.0,0,0,0,0,0,0,0,1.25,1.25,0.0,LOW-RISK PROVIDER PATTERN,NORMAL,No suspicious patterns identified
1899454854,PRIOR_AUTH,1,0,0.0,0,0,0,0,0,0,0,1.24,1.24,0.0,LOW-RISK PROVIDER PATTERN,NORMAL,No suspicious patterns identified
1977687865,PHARMACY_CLAIM,1,0,0.0,0,0,0,0,0,0,0,1.24,1.24,0.0,LOW-RISK PROVIDER PATTERN,NORMAL,No suspicious patterns identified
1372124258,PHARMACY_CLAIM,1,0,0.0,0,0,0,0,0,0,0,1.23,1.23,0.0,LOW-RISK PROVIDER PATTERN,NORMAL,No suspicious patterns identified
1756716371,PRIOR_AUTH,1,0,0.0,0,0,0,0,0,0,0,1.23,1.23,0.0,LOW-RISK PROVIDER PATTERN,NORMAL,No suspicious patterns identified
1717402853,PHARMACY_CLAIM,1,0,0.0,0,0,0,0,0,0,0,1.22,1.22,0.0,LOW-RISK PROVIDER PATTERN,NORMAL,No suspicious patterns identified
1186032486,PRIOR_AUTH,1,0,0.0,0,0,0,0,0,0,0,1.21,1.21,0.0,LOW-RISK PROVIDER PATTERN,NORMAL,No suspicious patterns identified
1917188419,PHARMACY_CLAIM,1,0,0.0,0,0,0,0,0,0,0,1.21,1.21,0.0,LOW-RISK PROVIDER PATTERN,NORMAL,No suspicious patterns identified
1380443506,PHARMACY_CLAIM,1,0,0.0,0,0,0,0,0,0,0,1.2,1.2,0.0,LOW-RISK PROVIDER PATTERN,NORMAL,No suspicious patterns identified
1493097331,PRIOR_AUTH,1,0,0.0,0,0,0,0,0,0,0,1.19,1.19,0.0,LOW-RISK PROVIDER PATTERN,NORMAL,No suspicious patterns identified
1759107796,PHARMACY_CLAIM,1,0,0.0,0,0,0,0,0,0,0,1.19,1.19,0.0,LOW-RISK PROVIDER PATTERN,NORMAL,No suspicious patterns identified
1869699272,PRIOR_AUTH,1,0,0.0,0,0,0,0,0,0,0,1.19,1.19,0.0,LOW-RISK PROVIDER PATTERN,NORMAL,No suspicious patterns identified
1966966090,PHARMACY_CLAIM,1,0,0.0,0,0,0,0,0,0,0,1.19,1.19,0.0,LOW-RISK PROVIDER PATTERN,NORMAL,No suspicious patterns identified
1082368998,PHARMACY_CLAIM,1,0,0.0,0,0,0,0,0,0,0,1.18,1.18,0.0,LOW-RISK PROVIDER PATTERN,NORMAL,No suspicious patterns identified
1003612450,PRIOR_AUTH,1,0,0.0,0,0,0,0,0,0,0,1.16,1.16,0.0,LOW-RISK PROVIDER PATTERN,NORMAL,No suspicious patterns identified
1255354361,MEDICAL_CLAIM,1,0,0.0,0,0,0,0,0,0,0,1.16,1.16,0.0,LOW-RISK PROVIDER PATTERN,NORMAL,No suspicious patterns identified
1259264346,PHARMACY_CLAIM,1,0,0.0,0,0,0,0,0,0,0,1.16,1.16,0.0,LOW-RISK PROVIDER PATTERN,NORMAL,No suspicious patterns identified
1359397074,PRIOR_AUTH,1,0,0.0,0,0,0,0,0,0,0,1.16,1.16,0.0,LOW-RISK PROVIDER PATTERN,NORMAL,No suspicious patterns identified
1423928934,PRIOR_AUTH,1,0,0.0,0,0,0,0,0,0,0,1.16,1.16,0.0,LOW-RISK PROVIDER PATTERN,NORMAL,No suspicious patterns identified
1948674353,PRIOR_AUTH,1,0,0.0,0,0,0,0,0,0,0,1.16,1.16,0.0,LOW-RISK PROVIDER PATTERN,NORMAL,No suspicious patterns identified
1962761379,MEDICAL_CLAIM,1,0,0.0,0,0,0,0,0,0,0,1.15,1.15,0.0,LOW-RISK PROVIDER PATTERN,NORMAL,No suspicious patterns identified
1448959630,PHARMACY_CLAIM,1,0,0.0,0,0,0,0,0,0,0,1.14,1.14,0.0,LOW-RISK PROVIDER PATTERN,NORMAL,No suspicious patterns identified
1471518879,PHARMACY_CLAIM,1,0,0.0,0,0,0,0,0,0,0,1.14,1.14,0.0,LOW-RISK PROVIDER PATTERN,NORMAL,No suspicious patterns identified
1459168436,PRIOR_AUTH,1,0,0.0,0,0,0,0,0,0,0,1.12,1.12,0.0,LOW-RISK PROVIDER PATTERN,NORMAL,No suspicious patterns identified
1840586110,PHARMACY_CLAIM,1,0,0.0,0,0,0,0,0,0,0,1.12,1.12,0.0,LOW-RISK PROVIDER PATTERN,NORMAL,No suspicious patterns identified
1396546237,PRIOR_AUTH,1,0,0.0,0,0,0,0,0,0,0,1.11,1.11,0.0,LOW-RISK PROVIDER PATTERN,NORMAL,No suspicious patterns identified
1730179847,MEDICAL_CLAIM,1,0,0.0,0,0,0,0,0,0,0,1.11,1.11,0.0,LOW-RISK PROVIDER PATTERN,NORMAL,No suspicious patterns identified
1734143684,PRIOR_AUTH,1,0,0.0,0,0,0,0,0,0,0,1.11,1.11,0.0,LOW-RISK PROVIDER PATTERN,NORMAL,No suspicious patterns identified
1949248876,PHARMACY_CLAIM,1,0,0.0,0,0,0,0,0,0,0,1.1,1.1,0.0,LOW-RISK PROVIDER PATTERN,NORMAL,No suspicious patterns identified
1997457686,PHARMACY_CLAIM,1,0,0.0,0,0,0,0,0,0,0,1.09,1.09,0.0,LOW-RISK PROVIDER PATTERN,NORMAL,No suspicious patterns identified
1006625345,PRIOR_AUTH,1,0,0.0,0,0,0,0,0,0,0,1.08,1.08,0.0,LOW-RISK PROVIDER PATTERN,NORMAL,No suspicious patterns identified
1331931951,PRIOR_AUTH,1,0,0.0,0,0,0,0,0,0,0,1.08,1.08,0.0,LOW-RISK PROVIDER PATTERN,NORMAL,No suspicious patterns identified
1454097237,PHARMACY_CLAIM,1,0,0.0,0,0,0,0,0,0,0,1.08,1.08,0.0,LOW-RISK PROVIDER PATTERN,NORMAL,No suspicious patterns identified
1246637586,PHARMACY_CLAIM,1,0,0.0,0,0,0,0,0,0,0,1.07,1.07,0.0,LOW-RISK PROVIDER PATTERN,NORMAL,No suspicious patterns identified
1153855789,PHARMACY_CLAIM,1,0,0.0,0,0,0,0,0,0,0,1.06,1.06,0.0,LOW-RISK PROVIDER PATTERN,NORMAL,No suspicious patterns identified
1745911772,PRIOR_AUTH,1,0,0.0,0,0,0,0,0,0,0,1.06,1.06,0.0,LOW-RISK PROVIDER PATTERN,NORMAL,No suspicious patterns identified
1186851574,PRIOR_AUTH,1,0,0.0,0,0,0,0,0,0,0,1.05,1.05,0.0,LOW-RISK PROVIDER PATTERN,NORMAL,No suspicious patterns identified
1384544993,PHARMACY_CLAIM,1,0,0.0,0,0,0,0,0,0,0,1.05,1.05,0.0,LOW-RISK PROVIDER PATTERN,NORMAL,No suspicious patterns identified
1762798640,PRIOR_AUTH,1,0,0.0,0,0,0,0,0,0,0,1.04,1.04,0.0,LOW-RISK PROVIDER PATTERN,NORMAL,No suspicious patterns identified
1117865546,PHARMACY_CLAIM,1,0,0.0,0,0,0,0,0,0,0,1.03,1.03,0.0,LOW-RISK PROVIDER PATTERN,NORMAL,No suspicious patterns identified
1107985529,PRIOR_AUTH,1,0,0.0,0,0,0,0,0,0,0,1.02,1.02,0.0,LOW-RISK PROVIDER PATTERN,NORMAL,No suspicious patterns identified
1924571870,PRIOR_AUTH,1,0,0.0,0,0,0,0,0,0,0,1.02,1.02,0.0,LOW-RISK PROVIDER PATTERN,NORMAL,No suspicious patterns identified
1629077235,MEDICAL_CLAIM,1,0,0.0,0,0,0,0,0,0,0,1.01,1.01,0.0,LOW-RISK PROVIDER PATTERN,NORMAL,No suspicious patterns identified
1631036802,PHARMACY_CLAIM,1,0,0.0,0,0,0,0,0,0,0,1.01,1.01,0.0,LOW-RISK PROVIDER PATTERN,NORMAL,No suspicious patterns identified
1662489325,PHARMACY_CLAIM,1,0,0.0,0,0,0,0,0,0,0,1.0,1.0,0.0,LOW-RISK PROVIDER PATTERN,NORMAL,No suspicious patterns identified
1426109356,PHARMACY_CLAIM,1,0,0.0,0,0,0,0,0,0,0,0.99,0.99,0.0,LOW-RISK PROVIDER PATTERN,NORMAL,No suspicious patterns identified
1667597436,PRIOR_AUTH,1,0,0.0,0,0,0,0,0,0,0,0.99,0.99,0.0,LOW-RISK PROVIDER PATTERN,NORMAL,No suspicious patterns identified
1930627446,PRIOR_AUTH,1,0,0.0,0,0,0,0,0,0,0,0.99,0.99,0.0,LOW-RISK PROVIDER PATTERN,NORMAL,No suspicious patterns identified
1568606051,MEDICAL_CLAIM,1,0,0.0,0,0,0,0,0,0,0,0.98,0.98,0.0,LOW-RISK PROVIDER PATTERN,NORMAL,No suspicious patterns identified
1105838108,PRIOR_AUTH,1,0,0.0,0,0,0,0,0,0,0,0.96,0.96,0.0,LOW-RISK PROVIDER PATTERN,NORMAL,No suspicious patterns identified
1138538503,PHARMACY_CLAIM,1,0,0.0,0,0,0,0,0,0,0,0.96,0.96,0.0,LOW-RISK PROVIDER PATTERN,NORMAL,No suspicious patterns identified
1210782900,PRIOR_AUTH,1,0,0.0,0,0,0,0,0,0,0,0.96,0.96,0.0,LOW-RISK PROVIDER PATTERN,NORMAL,No suspicious patterns identified
1532833159,PRIOR_AUTH,1,0,0.0,0,0,0,0,0,0,0,0.96,0.96,0.0,LOW-RISK PROVIDER PATTERN,NORMAL,No suspicious patterns identified
1858859457,PRIOR_AUTH,1,0,0.0,0,0,0,0,0,0,0,0.96,0.96,0.0,LOW-RISK PROVIDER PATTERN,NORMAL,No suspicious patterns identified
1398081605,PHARMACY_CLAIM,1,0,0.0,0,0,0,0,0,0,0,0.95,0.95,0.0,LOW-RISK PROVIDER PATTERN,NORMAL,No suspicious patterns identified
1193280257,PHARMACY_CLAIM,1,0,0.0,0,0,0,0,0,0,0,0.94,0.94,0.0,LOW-RISK PROVIDER PATTERN,NORMAL,No suspicious patterns identified
1444632752,PHARMACY_CLAIM,1,0,0.0,0,0,0,0,0,0,0,0.94,0.94,0.0,LOW-RISK PROVIDER PATTERN,NORMAL,No suspicious patterns identified
1322174716,PRIOR_AUTH,1,0,0.0,0,0,0,0,0,0,0,0.93,0.93,0.0,LOW-RISK PROVIDER PATTERN,NORMAL,No suspicious patterns identified
1111136850,PHARMACY_CLAIM,1,0,0.0,0,0,0,0,0,0,0,0.92,0.92,0.0,LOW-RISK PROVIDER PATTERN,NORMAL,No suspicious patterns identified
1656716394,PRIOR_AUTH,1,0,0.0,0,0,0,0,0,0,0,0.91,0.91,0.0,LOW-RISK PROVIDER PATTERN,NORMAL,No suspicious patterns identified
1686888140,PHARMACY_CLAIM,1,0,0.0,0,0,0,0,0,0,0,0.9,0.9,0.0,LOW-RISK PROVIDER PATTERN,NORMAL,No suspicious patterns identified
1033198590,PRIOR_AUTH,1,0,0.0,0,0,0,0,0,0,0,0.89,0.89,0.0,LOW-RISK PROVIDER PATTERN,NORMAL,No suspicious patterns identified
1106862214,PRIOR_AUTH,1,0,0.0,0,0,0,0,0,0,0,0.89,0.89,0.0,LOW-RISK PROVIDER PATTERN,NORMAL,No suspicious patterns identified
1588732747,MEDICAL_CLAIM,1,0,0.0,0,0,0,0,0,0,0,0.89,0.89,0.0,LOW-RISK PROVIDER PATTERN,NORMAL,No suspicious patterns identified
1716945424,PHARMACY_CLAIM,1,0,0.0,0,0,0,0,0,0,0,0.89,0.89,0.0,LOW-RISK PROVIDER PATTERN,NORMAL,No suspicious patterns identified
1912906850,MEDICAL_CLAIM,1,0,0.0,0,0,0,0,0,0,0,0.89,0.89,0.0,LOW-RISK PROVIDER PATTERN,NORMAL,No suspicious patterns identified
1212261389,PHARMACY_CLAIM,1,0,0.0,0,0,0,0,0,0,0,0.88,0.88,0.0,LOW-RISK PROVIDER PATTERN,NORMAL,No suspicious patterns identified
1168260971,PRIOR_AUTH,1,0,0.0,0,0,0,0,0,0,0,0.87,0.87,0.0,LOW-RISK PROVIDER PATTERN,NORMAL,No suspicious patterns identified
1732655317,PRIOR_AUTH,1,0,0.0,0,0,0,0,0,0,0,0.87,0.87,0.0,LOW-RISK PROVIDER PATTERN,NORMAL,No suspicious patterns identified
1739065536,PHARMACY_CLAIM,1,0,0.0,0,0,0,0,0,0,0,0.87,0.87,0.0,LOW-RISK PROVIDER PATTERN,NORMAL,No suspicious patterns identified
1196106729,PHARMACY_CLAIM,1,0,0.0,0,0,0,0,0,0,0,0.85,0.85,0.0,LOW-RISK PROVIDER PATTERN,NORMAL,No suspicious patterns identified
1609289883,MEDICAL_CLAIM,1,0,0.0,0,0,0,0,0,0,0,0.84,0.84,0.0,LOW-RISK PROVIDER PATTERN,NORMAL,No suspicious patterns identified
1726863250,PHARMACY_CLAIM,1,0,0.0,0,0,0,0,0,0,0,0.84,0.84,0.0,LOW-RISK PROVIDER PATTERN,NORMAL,No suspicious patterns identified
1926041772,PRIOR_AUTH,1,0,0.0,0,0,0,0,0,0,0,0.84,0.84,0.0,LOW-RISK PROVIDER PATTERN,NORMAL,No suspicious patterns identified
1978322413,PRIOR_AUTH,1,0,0.0,0,0,0,0,0,0,0,0.84,0.84,0.0,LOW-RISK PROVIDER PATTERN,NORMAL,No suspicious patterns identified
1015151318,PRIOR_AUTH,1,0,0.0,0,0,0,0,0,0,0,0.82,0.82,0.0,LOW-RISK PROVIDER PATTERN,NORMAL,No suspicious patterns identified
1436303421,PRIOR_AUTH,1,0,0.0,0,0,0,0,0,0,0,0.82,0.82,0.0,LOW-RISK PROVIDER PATTERN,NORMAL,No suspicious patterns identified
1693461912,PHARMACY_CLAIM,1,0,0.0,0,0,0,0,0,0,0,0.82,0.82,0.0,LOW-RISK PROVIDER PATTERN,NORMAL,No suspicious patterns identified
1057109401,PHARMACY_CLAIM,1,0,0.0,0,0,0,0,0,0,0,0.81,0.81,0.0,LOW-RISK PROVIDER PATTERN,NORMAL,No suspicious patterns identified
1583008695,PRIOR_AUTH,1,0,0.0,0,0,0,0,0,0,0,0.8,0.8,0.0,LOW-RISK PROVIDER PATTERN,NORMAL,No suspicious patterns identified
1771244934,PHARMACY_CLAIM,1,0,0.0,0,0,0,0,0,0,0,0.8,0.8,0.0,LOW-RISK PROVIDER PATTERN,NORMAL,No suspicious patterns identified
1386112172,PHARMACY_CLAIM,1,0,0.0,0,0,0,0,0,0,0,0.79,0.79,0.0,LOW-RISK PROVIDER PATTERN,NORMAL,No suspicious patterns identified
1813276073,PRIOR_AUTH,1,0,0.0,0,0,0,0,0,0,0,0.79,0.79,0.0,LOW-RISK PROVIDER PATTERN,NORMAL,No suspicious patterns identified
1567053184,PHARMACY_CLAIM,1,0,0.0,0,0,0,0,0,0,0,0.78,0.78,0.0,LOW-RISK PROVIDER PATTERN,NORMAL,No suspicious patterns identified
1738765315,PRIOR_AUTH,1,0,0.0,0,0,0,0,0,0,0,0.78,0.78,0.0,LOW-RISK PROVIDER PATTERN,NORMAL,No suspicious patterns identified
1932193224,MEDICAL_CLAIM,1,0,0.0,0,0,0,0,0,0,0,0.77,0.77,0.0,LOW-RISK PROVIDER PATTERN,NORMAL,No suspicious patterns identified
1501087325,PRIOR_AUTH,1,0,0.0,0,0,0,0,0,0,0,0.76,0.76,0.0,LOW-RISK PROVIDER PATTERN,NORMAL,No suspicious patterns identified
1615807229,PHARMACY_CLAIM,1,0,0.0,0,0,0,0,0,0,0,0.75,0.75,0.0,LOW-RISK PROVIDER PATTERN,NORMAL,No suspicious patterns identified
1226519657,PHARMACY_CLAIM,1,0,0.0,0,0,0,0,0,0,0,0.74,0.74,0.0,LOW-RISK PROVIDER PATTERN,NORMAL,No suspicious patterns identified
1615223895,PHARMACY_CLAIM,1,0,0.0,0,0,0,0,0,0,0,0.74,0.74,0.0,LOW-RISK PROVIDER PATTERN,NORMAL,No suspicious patterns identified
1741016735,PRIOR_AUTH,1,0,0.0,0,0,0,0,0,0,0,0.74,0.74,0.0,LOW-RISK PROVIDER PATTERN,NORMAL,No suspicious patterns identified
1765505171,PRIOR_AUTH,1,0,0.0,0,0,0,0,0,0,0,0.74,0.74,0.0,LOW-RISK PROVIDER PATTERN,NORMAL,No suspicious patterns identified
1310902882,PRIOR_AUTH,1,0,0.0,0,0,0,0,0,0,0,0.73,0.73,0.0,LOW-RISK PROVIDER PATTERN,NORMAL,No suspicious patterns identified
1462487021,PHARMACY_CLAIM,1,0,0.0,0,0,0,0,0,0,0,0.72,0.72,0.0,LOW-RISK PROVIDER PATTERN,NORMAL,No suspicious patterns identified
1198292843,PRIOR_AUTH,1,0,0.0,0,0,0,0,0,0,0,0.71,0.71,0.0,LOW-RISK PROVIDER PATTERN,NORMAL,No suspicious patterns identified
1805125682,PRIOR_AUTH,1,0,0.0,0,0,0,0,0,0,0,0.71,0.71,0.0,LOW-RISK PROVIDER PATTERN,NORMAL,No suspicious patterns identified
1772891562,PHARMACY_CLAIM,1,0,0.0,0,0,0,0,0,0,0,0.7,0.7,0.0,LOW-RISK PROVIDER PATTERN,NORMAL,No suspicious patterns identified
1310924671,PHARMACY_CLAIM,1,0,0.0,0,0,0,0,0,0,0,0.69,0.69,0.0,LOW-RISK PROVIDER PATTERN,NORMAL,No suspicious patterns identified
1186815576,PRIOR_AUTH,1,0,0.0,0,0,0,0,0,0,0,0.68,0.68,0.0,LOW-RISK PROVIDER PATTERN,NORMAL,No suspicious patterns identified
1601019159,PHARMACY_CLAIM,1,0,0.0,0,0,0,0,0,0,0,0.68,0.68,0.0,LOW-RISK PROVIDER PATTERN,NORMAL,No suspicious patterns identified
1839936442,PRIOR_AUTH,1,0,0.0,0,0,0,0,0,0,0,0.68,0.68,0.0,LOW-RISK PROVIDER PATTERN,NORMAL,No suspicious patterns identified
1276019487,PHARMACY_CLAIM,1,0,0.0,0,0,0,0,0,0,0,0.67,0.67,0.0,LOW-RISK PROVIDER PATTERN,NORMAL,No suspicious patterns identified
1085453224,PRIOR_AUTH,1,0,0.0,0,0,0,0,0,0,0,0.66,0.66,0.0,LOW-RISK PROVIDER PATTERN,NORMAL,No suspicious patterns identified
1863273553,PRIOR_AUTH,1,0,0.0,0,0,0,0,0,0,0,0.66,0.66,0.0,LOW-RISK PROVIDER PATTERN,NORMAL,No suspicious patterns identified
1522891883,PRIOR_AUTH,1,0,0.0,0,0,0,0,0,0,0,0.64,0.64,0.0,LOW-RISK PROVIDER PATTERN,NORMAL,No suspicious patterns identified
1679743949,PHARMACY_CLAIM,1,0,0.0,0,0,0,0,0,0,0,0.64,0.64,0.0,LOW-RISK PROVIDER PATTERN,NORMAL,No suspicious patterns identified
1703783466,PHARMACY_CLAIM,1,0,0.0,0,0,0,0,0,0,0,0.63,0.63,0.0,LOW-RISK PROVIDER PATTERN,NORMAL,No suspicious patterns identified
1089237607,PHARMACY_CLAIM,1,0,0.0,0,0,0,0,0,0,0,0.62,0.62,0.0,LOW-RISK PROVIDER PATTERN,NORMAL,No suspicious patterns identified
1639653709,PRIOR_AUTH,1,0,0.0,0,0,0,0,0,0,0,0.62,0.62,0.0,LOW-RISK PROVIDER PATTERN,NORMAL,No suspicious patterns identified
1890337194,PRIOR_AUTH,1,0,0.0,0,0,0,0,0,0,0,0.62,0.62,0.0,LOW-RISK PROVIDER PATTERN,NORMAL,No suspicious patterns identified
1338623869,PHARMACY_CLAIM,1,0,0.0,0,0,0,0,0,0,0,0.61,0.61,0.0,LOW-RISK PROVIDER PATTERN,NORMAL,No suspicious patterns identified
1380687949,PRIOR_AUTH,1,0,0.0,0,0,0,0,0,0,0,0.6,0.6,0.0,LOW-RISK PROVIDER PATTERN,NORMAL,No suspicious patterns identified
1527800324,PHARMACY_CLAIM,1,0,0.0,0,0,0,0,0,0,0,0.59,0.59,0.0,LOW-RISK PROVIDER PATTERN,NORMAL,No suspicious patterns identified
1380441045,PHARMACY_CLAIM,1,0,0.0,0,0,0,0,0,0,0,0.58,0.58,0.0,LOW-RISK PROVIDER PATTERN,NORMAL,No suspicious patterns identified
1211764300,PHARMACY_CLAIM,1,0,0.0,0,0,0,0,0,0,0,0.57,0.57,0.0,LOW-RISK PROVIDER PATTERN,NORMAL,No suspicious patterns identified
1547734002,PRIOR_AUTH,1,0,0.0,0,0,0,0,0,0,0,0.57,0.57,0.0,LOW-RISK PROVIDER PATTERN,NORMAL,No suspicious patterns identified
1876653762,PRIOR_AUTH,1,0,0.0,0,0,0,0,0,0,0,0.57,0.57,0.0,LOW-RISK PROVIDER PATTERN,NORMAL,No suspicious patterns identified
1982064993,PRIOR_AUTH,1,0,0.0,0,0,0,0,0,0,0,0.57,0.57,0.0,LOW-RISK PROVIDER PATTERN,NORMAL,No suspicious patterns identified
1831317029,PHARMACY_CLAIM,1,0,0.0,0,0,0,0,0,0,0,0.56,0.56,0.0,LOW-RISK PROVIDER PATTERN,NORMAL,No suspicious patterns identified
1970698142,PHARMACY_CLAIM,1,0,0.0,0,0,0,0,0,0,0,0.55,0.55,0.0,LOW-RISK PROVIDER PATTERN,NORMAL,No suspicious patterns identified
1109383429,PRIOR_AUTH,1,0,0.0,0,0,0,0,0,0,0,0.54,0.54,0.0,LOW-RISK PROVIDER PATTERN,NORMAL,No suspicious patterns identified
1389001471,PHARMACY_CLAIM,1,0,0.0,0,0,0,0,0,0,0,0.54,0.54,0.0,LOW-RISK PROVIDER PATTERN,NORMAL,No suspicious patterns identified
1666674568,PRIOR_AUTH,1,0,0.0,0,0,0,0,0,0,0,0.54,0.54,0.0,LOW-RISK PROVIDER PATTERN,NORMAL,No suspicious patterns identified
1073339933,PRIOR_AUTH,1,0,0.0,0,0,0,0,0,0,0,0.53,0.53,0.0,LOW-RISK PROVIDER PATTERN,NORMAL,No suspicious patterns identified
1192222688,PHARMACY_CLAIM,1,0,0.0,0,0,0,0,0,0,0,0.52,0.52,0.0,LOW-RISK PROVIDER PATTERN,NORMAL,No suspicious patterns identified
1194941542,MEDICAL_CLAIM,1,0,0.0,0,0,0,0,0,0,0,0.51,0.51,0.0,LOW-RISK PROVIDER PATTERN,NORMAL,No suspicious patterns identified
1926872145,PRIOR_AUTH,1,0,0.0,0,0,0,0,0,0,0,0.51,0.51,0.0,LOW-RISK PROVIDER PATTERN,NORMAL,No suspicious patterns identified
1013271262,PHARMACY_CLAIM,1,0,0.0,0,0,0,0,0,0,0,0.5,0.5,0.0,LOW-RISK PROVIDER PATTERN,NORMAL,No suspicious patterns identified
1914996953,PRIOR_AUTH,1,0,0.0,0,0,0,0,0,0,0,0.5,0.5,0.0,LOW-RISK PROVIDER PATTERN,NORMAL,No suspicious patterns identified
1840443742,PHARMACY_CLAIM,1,0,0.0,0,0,0,0,0,0,0,0.49,0.49,0.0,LOW-RISK PROVIDER PATTERN,NORMAL,No suspicious patterns identified
1631766597,PHARMACY_CLAIM,1,0,0.0,0,0,0,0,0,0,0,0.48,0.48,0.0,LOW-RISK PROVIDER PATTERN,NORMAL,No suspicious patterns identified
1180140165,PRIOR_AUTH,1,0,0.0,0,0,0,0,0,0,0,0.47,0.47,0.0,LOW-RISK PROVIDER PATTERN,NORMAL,No suspicious patterns identified
1405151744,PRIOR_AUTH,1,0,0.0,0,0,0,0,0,0,0,0.47,0.47,0.0,LOW-RISK PROVIDER PATTERN,NORMAL,No suspicious patterns identified
1638888044,PRIOR_AUTH,1,0,0.0,0,0,0,0,0,0,0,0.47,0.47,0.0,LOW-RISK PROVIDER PATTERN,NORMAL,No suspicious patterns identified
1896194193,PHARMACY_CLAIM,1,0,0.0,0,0,0,0,0,0,0,0.47,0.47,0.0,LOW-RISK PROVIDER PATTERN,NORMAL,No suspicious patterns identified
1593569306,PHARMACY_CLAIM,1,0,0.0,0,0,0,0,0,0,0,0.46,0.46,0.0,LOW-RISK PROVIDER PATTERN,NORMAL,No suspicious patterns identified
1041505146,PHARMACY_CLAIM,1,0,0.0,0,0,0,0,0,0,0,0.45,0.45,0.0,LOW-RISK PROVIDER PATTERN,NORMAL,No suspicious patterns identified
1138074297,PRIOR_AUTH,1,0,0.0,0,0,0,0,0,0,0,0.44,0.44,0.0,LOW-RISK PROVIDER PATTERN,NORMAL,No suspicious patterns identified
1645045028,PHARMACY_CLAIM,1,0,0.0,0,0,0,0,0,0,0,0.44,0.44,0.0,LOW-RISK PROVIDER PATTERN,NORMAL,No suspicious patterns identified
1806031490,PRIOR_AUTH,1,0,0.0,0,0,0,0,0,0,0,0.44,0.44,0.0,LOW-RISK PROVIDER PATTERN,NORMAL,No suspicious patterns identified
1053027785,PHARMACY_CLAIM,1,0,0.0,0,0,0,0,0,0,0,0.43,0.43,0.0,LOW-RISK PROVIDER PATTERN,NORMAL,No suspicious patterns identified
1533787268,PRIOR_AUTH,1,0,0.0,0,0,0,0,0,0,0,0.43,0.43,0.0,LOW-RISK PROVIDER PATTERN,NORMAL,No suspicious patterns identified
1683811406,PHARMACY_CLAIM,1,0,0.0,0,0,0,0,0,0,0,0.43,0.43,0.0,LOW-RISK PROVIDER PATTERN,NORMAL,No suspicious patterns identified
1274345747,PHARMACY_CLAIM,1,0,0.0,0,0,0,0,0,0,0,0.42,0.42,0.0,LOW-RISK PROVIDER PATTERN,NORMAL,No suspicious patterns identified
1415359560,PRIOR_AUTH,1,0,0.0,0,0,0,0,0,0,0,0.41,0.41,0.0,LOW-RISK PROVIDER PATTERN,NORMAL,No suspicious patterns identified
1876417408,PHARMACY_CLAIM,1,0,0.0,0,0,0,0,0,0,0,0.41,0.41,0.0,LOW-RISK PROVIDER PATTERN,NORMAL,No suspicious patterns identified
1491961018,PRIOR_AUTH,1,0,0.0,0,0,0,0,0,0,0,0.4,0.4,0.0,LOW-RISK PROVIDER PATTERN,NORMAL,No suspicious patterns identified
1543616264,PHARMACY_CLAIM,1,0,0.0,0,0,0,0,0,0,0,0.38,0.38,0.0,LOW-RISK PROVIDER PATTERN,NORMAL,No suspicious patterns identified
1550167296,PRIOR_AUTH,1,0,0.0,0,0,0,0,0,0,0,0.38,0.38,0.0,LOW-RISK PROVIDER PATTERN,NORMAL,No suspicious patterns identified
1605891676,PRIOR_AUTH,1,0,0.0,0,0,0,0,0,0,0,0.38,0.38,0.0,LOW-RISK PROVIDER PATTERN,NORMAL,No suspicious patterns identified
1667180642,PHARMACY_CLAIM,1,0,0.0,0,0,0,0,0,0,0,0.38,0.38,0.0,LOW-RISK PROVIDER PATTERN,NORMAL,No suspicious patterns identified
1846035628,PRIOR_AUTH,1,0,0.0,0,0,0,0,0,0,0,0.38,0.38,0.0,LOW-RISK PROVIDER PATTERN,NORMAL,No suspicious patterns identified
1776382727,PHARMACY_CLAIM,1,0,0.0,0,0,0,0,0,0,0,0.37,0.37,0.0,LOW-RISK PROVIDER PATTERN,NORMAL,No suspicious patterns identified
1675094882,PHARMACY_CLAIM,1,0,0.0,0,0,0,0,0,0,0,0.36,0.36,0.0,LOW-RISK PROVIDER PATTERN,NORMAL,No suspicious patterns identified
1028437684,PHARMACY_CLAIM,1,0,0.0,0,0,0,0,0,0,0,0.35,0.35,0.0,LOW-RISK PROVIDER PATTERN,NORMAL,No suspicious patterns identified
1639784603,PRIOR_AUTH,1,0,0.0,0,0,0,0,0,0,0,0.35,0.35,0.0,LOW-RISK PROVIDER PATTERN,NORMAL,No suspicious patterns identified
1233714142,PHARMACY_CLAIM,1,0,0.0,0,0,0,0,0,0,0,0.33,0.33,0.0,LOW-RISK PROVIDER PATTERN,NORMAL,No suspicious patterns identified
1311571124,PRIOR_AUTH,1,0,0.0,0,0,0,0,0,0,0,0.33,0.33,0.0,LOW-RISK PROVIDER PATTERN,NORMAL,No suspicious patterns identified
1507503173,PRIOR_AUTH,1,0,0.0,0,0,0,0,0,0,0,0.33,0.33,0.0,LOW-RISK PROVIDER PATTERN,NORMAL,No suspicious patterns identified
1619656936,PRIOR_AUTH,1,0,0.0,0,0,0,0,0,0,0,0.33,0.33,0.0,LOW-RISK PROVIDER PATTERN,NORMAL,No suspicious patterns identified
1560201507,PHARMACY_CLAIM,1,0,0.0,0,0,0,0,0,0,0,0.32,0.32,0.0,LOW-RISK PROVIDER PATTERN,NORMAL,No suspicious patterns identified
1778417515,PHARMACY_CLAIM,1,0,0.0,0,0,0,0,0,0,0,0.31,0.31,0.0,LOW-RISK PROVIDER PATTERN,NORMAL,No suspicious patterns identified
1448326456,PHARMACY_CLAIM,1,0,0.0,0,0,0,0,0,0,0,0.29,0.29,0.0,LOW-RISK PROVIDER PATTERN,NORMAL,No suspicious patterns identified
1831287655,MEDICAL_CLAIM,1,0,0.0,0,0,0,0,0,0,0,0.29,0.29,0.0,LOW-RISK PROVIDER PATTERN,NORMAL,No suspicious patterns identified
1022720478,PHARMACY_CLAIM,1,0,0.0,0,0,0,0,0,0,0,0.28,0.28,0.0,LOW-RISK PROVIDER PATTERN,NORMAL,No suspicious patterns identified
1184988047,PRIOR_AUTH,1,0,0.0,0,0,0,0,0,0,0,0.28,0.28,0.0,LOW-RISK PROVIDER PATTERN,NORMAL,No suspicious patterns identified
1201788845,PRIOR_AUTH,1,0,0.0,0,0,0,0,0,0,0,0.28,0.28,0.0,LOW-RISK PROVIDER PATTERN,NORMAL,No suspicious patterns identified
1505840217,PRIOR_AUTH,1,0,0.0,0,0,0,0,0,0,0,0.28,0.28,0.0,LOW-RISK PROVIDER PATTERN,NORMAL,No suspicious patterns identified
1546780453,PRIOR_AUTH,1,0,0.0,0,0,0,0,0,0,0,0.28,0.28,0.0,LOW-RISK PROVIDER PATTERN,NORMAL,No suspicious patterns identified
1583991955,PRIOR_AUTH,1,0,0.0,0,0,0,0,0,0,0,0.28,0.28,0.0,LOW-RISK PROVIDER PATTERN,NORMAL,No suspicious patterns identified
1213611345,PHARMACY_CLAIM,1,0,0.0,0,0,0,0,0,0,0,0.27,0.27,0.0,LOW-RISK PROVIDER PATTERN,NORMAL,No suspicious patterns identified
1418846529,PHARMACY_CLAIM,1,0,0.0,0,0,0,0,0,0,0,0.26,0.26,0.0,LOW-RISK PROVIDER PATTERN,NORMAL,No suspicious patterns identified
1987134750,PRIOR_AUTH,1,0,0.0,0,0,0,0,0,0,0,0.24,0.24,0.0,LOW-RISK PROVIDER PATTERN,NORMAL,No suspicious patterns identified
1300321895,PHARMACY_CLAIM,1,0,0.0,0,0,0,0,0,0,0,0.23,0.23,0.0,LOW-RISK PROVIDER PATTERN,NORMAL,No suspicious patterns identified
1370700043,PRIOR_AUTH,1,0,0.0,0,0,0,0,0,0,0,0.22,0.22,0.0,LOW-RISK PROVIDER PATTERN,NORMAL,No suspicious patterns identified
1618050586,PHARMACY_CLAIM,1,0,0.0,0,0,0,0,0,0,0,0.22,0.22,0.0,LOW-RISK PROVIDER PATTERN,NORMAL,No suspicious patterns identified
1272282407,PRIOR_AUTH,1,0,0.0,0,0,0,0,0,0,0,0.21,0.21,0.0,LOW-RISK PROVIDER PATTERN,NORMAL,No suspicious patterns identified
1609374842,MEDICAL_CLAIM,1,0,0.0,0,0,0,0,0,0,0,0.21,0.21,0.0,LOW-RISK PROVIDER PATTERN,NORMAL,No suspicious patterns identified
1906029052,PHARMACY_CLAIM,1,0,0.0,0,0,0,0,0,0,0,0.21,0.21,0.0,LOW-RISK PROVIDER PATTERN,NORMAL,No suspicious patterns identified
1173615550,PHARMACY_CLAIM,1,0,0.0,0,0,0,0,0,0,0,0.2,0.2,0.0,LOW-RISK PROVIDER PATTERN,NORMAL,No suspicious patterns identified
1393365096,PRIOR_AUTH,1,0,0.0,0,0,0,0,0,0,0,0.2,0.2,0.0,LOW-RISK PROVIDER PATTERN,NORMAL,No suspicious patterns identified
1387589664,PRIOR_AUTH,1,0,0.0,0,0,0,0,0,0,0,0.19,0.19,0.0,LOW-RISK PROVIDER PATTERN,NORMAL,No suspicious patterns identified
1313298179,PHARMACY_CLAIM,1,0,0.0,0,0,0,0,0,0,0,0.18,0.18,0.0,LOW-RISK PROVIDER PATTERN,NORMAL,No suspicious patterns identified
1472465949,PHARMACY_CLAIM,1,0,0.0,0,0,0,0,0,0,0,0.17,0.17,0.0,LOW-RISK PROVIDER PATTERN,NORMAL,No suspicious patterns identified
1149899478,PRIOR_AUTH,1,0,0.0,0,0,0,0,0,0,0,0.14,0.14,0.0,LOW-RISK PROVIDER PATTERN,NORMAL,No suspicious patterns identified
1334662912,PRIOR_AUTH,1,0,0.0,0,0,0,0,0,0,0,0.14,0.14,0.0,LOW-RISK PROVIDER PATTERN,NORMAL,No suspicious patterns identified
1345976960,PRIOR_AUTH,1,0,0.0,0,0,0,0,0,0,0,0.14,0.14,0.0,LOW-RISK PROVIDER PATTERN,NORMAL,No suspicious patterns identified
1485105633,PRIOR_AUTH,1,0,0.0,0,0,0,0,0,0,0,0.14,0.14,0.0,LOW-RISK PROVIDER PATTERN,NORMAL,No suspicious patterns identified
1918517271,PRIOR_AUTH,1,0,0.0,0,0,0,0,0,0,0,0.14,0.14,0.0,LOW-RISK PROVIDER PATTERN,NORMAL,No suspicious patterns identified
1999273235,PRIOR_AUTH,1,0,0.0,0,0,0,0,0,0,0,0.14,0.14,0.0,LOW-RISK PROVIDER PATTERN,NORMAL,No suspicious patterns identified
1199081883,PHARMACY_CLAIM,1,0,0.0,0,0,0,0,0,0,0,0.13,0.13,0.0,LOW-RISK PROVIDER PATTERN,NORMAL,No suspicious patterns identified
1395242026,PHARMACY_CLAIM,1,0,0.0,0,0,0,0,0,0,0,0.12,0.12,0.0,LOW-RISK PROVIDER PATTERN,NORMAL,No suspicious patterns identified
1489983832,PHARMACY_CLAIM,1,0,0.0,0,0,0,0,0,0,0,0.11,0.11,0.0,LOW-RISK PROVIDER PATTERN,NORMAL,No suspicious patterns identified
1223113886,PRIOR_AUTH,1,0,0.0,0,0,0,0,0,0,0,0.1,0.1,0.0,LOW-RISK PROVIDER PATTERN,NORMAL,No suspicious patterns identified
1908339696,PHARMACY_CLAIM,1,0,0.0,0,0,0,0,0,0,0,0.1,0.1,0.0,LOW-RISK PROVIDER PATTERN,NORMAL,No suspicious patterns identified
1119194152,PHARMACY_CLAIM,1,0,0.0,0,0,0,0,0,0,0,0.09,0.09,0.0,LOW-RISK PROVIDER PATTERN,NORMAL,No suspicious patterns identified
1676805417,PHARMACY_CLAIM,1,0,0.0,0,0,0,0,0,0,0,0.08,0.08,0.0,LOW-RISK PROVIDER PATTERN,NORMAL,No suspicious patterns identified
1329595404,PRIOR_AUTH,1,0,0.0,0,0,0,0,0,0,0,0.07,0.07,0.0,LOW-RISK PROVIDER PATTERN,NORMAL,No suspicious patterns identified
1683360630,PHARMACY_CLAIM,1,0,0.0,0,0,0,0,0,0,0,0.07,0.07,0.0,LOW-RISK PROVIDER PATTERN,NORMAL,No suspicious patterns identified
1718977529,PRIOR_AUTH,1,0,0.0,0,0,0,0,0,0,0,0.07,0.07,0.0,LOW-RISK PROVIDER PATTERN,NORMAL,No suspicious patterns identified
1856847267,PRIOR_AUTH,1,0,0.0,0,0,0,0,0,0,0,0.07,0.07,0.0,LOW-RISK PROVIDER PATTERN,NORMAL,No suspicious patterns identified
1964920491,PRIOR_AUTH,1,0,0.0,0,0,0,0,0,0,0,0.07,0.07,0.0,LOW-RISK PROVIDER PATTERN,NORMAL,No suspicious patterns identified
1434685032,PHARMACY_CLAIM,1,0,0.0,0,0,0,0,0,0,0,0.06,0.06,0.0,LOW-RISK PROVIDER PATTERN,NORMAL,No suspicious patterns identified
1714720504,PHARMACY_CLAIM,1,0,0.0,0,0,0,0,0,0,0,0.04,0.04,0.0,LOW-RISK PROVIDER PATTERN,NORMAL,No suspicious patterns identified
1055512191,PHARMACY_CLAIM,1,0,0.0,0,0,0,0,0,0,0,0.03,0.03,0.0,LOW-RISK PROVIDER PATTERN,NORMAL,No suspicious patterns identified
1097319824,PRIOR_AUTH,1,0,0.0,0,0,0,0,0,0,0,0.03,0.03,0.0,LOW-RISK PROVIDER PATTERN,NORMAL,No suspicious patterns identified
1199461342,PRIOR_AUTH,1,0,0.0,0,0,0,0,0,0,0,0.03,0.03,0.0,LOW-RISK PROVIDER PATTERN,NORMAL,No suspicious patterns identified
1416694133,PRIOR_AUTH,1,0,0.0,0,0,0,0,0,0,0,0.03,0.03,0.0,LOW-RISK PROVIDER PATTERN,NORMAL,No suspicious patterns identified
1634592640,PHARMACY_CLAIM,1,0,0.0,0,0,0,0,0,0,0,0.03,0.03,0.0,LOW-RISK PROVIDER PATTERN,NORMAL,No suspicious patterns identified
1936972891,PHARMACY_CLAIM,1,0,0.0,0,0,0,0,0,0,0,0.02,0.02,0.0,LOW-RISK PROVIDER PATTERN,NORMAL,No suspicious patterns identified
