Record_ID,Record_Type,Isolation_Forest_Score,ML_Anomaly_Flag,Anomaly_Percentile
MC100442,MEDICAL_CLAIM,-0.21646933333044366,0,18.370607028753994
MC103954,MEDICAL_CLAIM,-0.22218850533228557,0,11.441693290734824
MC102288,MEDICAL_CLAIM,-0.16659496958893155,0,66.87300319488818
MC103196,MEDICAL_CLAIM,-0.19389070989367424,0,46.10623003194888
MC102065,MEDICAL_CLAIM,-0.23550266138055403,0,0.08985623003194888
MC100413,MEDICAL_CLAIM,-0.2116769055695138,0,24.001597444089455
MC101805,MEDICAL_CLAIM,-0.20601395579793869,0,31.28993610223642
MC103631,MEDICAL_CLAIM,-0.13471869963735517,0,81.01038338658148
MC100837,MEDICAL_CLAIM,-0.08741015952124509,0,89.83626198083067
MC104186,MEDICAL_CLAIM,-0.2258237678564215,0,6.9089456869009584
MC101995,MEDICAL_CLAIM,-0.17423807572986916,0,61.441693290734825
MC104921,MEDICAL_CLAIM,-0.2262160906188026,0,6.5894568690095845
MC102593,MEDICAL_CLAIM,-0.2145532117577993,0,20.56709265175719
MC101745,MEDICAL_CLAIM,-0.12085149687909486,0,84.3849840255591
MC103830,MEDICAL_CLAIM,-0.21432982231417808,0,20.946485623003195
MC104871,MEDICAL_CLAIM,0.013491083377997759,1,98.9217252396166
MC102097,MEDICAL_CLAIM,-0.20401144629139495,0,33.72603833865815
MC104872,MEDICAL_CLAIM,-0.21065788055674456,0,25.419329073482427
MC101810,MEDICAL_CLAIM,-0.18623863779843713,0,52.51597444089457
MC101091,MEDICAL_CLAIM,-0.23070464860737105,0,2.7555910543130993
MC102828,MEDICAL_CLAIM,-0.2043277556413074,0,33.316693290734825
MC102200,MEDICAL_CLAIM,-0.1988599589888813,0,39.936102236421725
MC103346,MEDICAL_CLAIM,-0.16195039775660047,0,69.76837060702876
MC100157,MEDICAL_CLAIM,-0.173447768242453,0,62.30031948881789
MC101242,MEDICAL_CLAIM,-0.2235007130959144,0,9.864217252396166
MC100101,MEDICAL_CLAIM,-0.1251672279125628,0,83.42651757188499
MC104254,MEDICAL_CLAIM,-0.18957547123033658,0,49.52076677316294
MC104882,MEDICAL_CLAIM,-0.1988511325244552,0,40.00599041533546
MC100964,MEDICAL_CLAIM,-0.2110698589141053,0,25.019968051118212
MC103666,MEDICAL_CLAIM,-0.17652872880906967,0,59.71445686900958
MC102803,MEDICAL_CLAIM,-0.2041105108747171,0,33.60623003194888
MC103685,MEDICAL_CLAIM,-0.2222677120444072,0,11.36182108626198
MC102687,MEDICAL_CLAIM,-0.019382186063141793,0,96.92492012779552
MC102231,MEDICAL_CLAIM,-0.2150086349224264,0,20.067891373801917
MC104429,MEDICAL_CLAIM,-0.1725717012312249,0,62.879392971246006
MC101521,MEDICAL_CLAIM,-0.19933742722053893,0,39.49680511182109
MC103178,MEDICAL_CLAIM,-0.21680474542232214,0,17.931309904153355
MC100608,MEDICAL_CLAIM,-0.06909821959731022,0,91.53354632587859
MC102420,MEDICAL_CLAIM,-0.17927508293218686,0,57.757587859424916
MC104646,MEDICAL_CLAIM,-0.2347942351625385,0,0.2595846645367412
MC102049,MEDICAL_CLAIM,-0.21425903293898918,0,21.01637380191693
MC103869,MEDICAL_CLAIM,-0.22062072152327278,0,13.418530351437699
MC101239,MEDICAL_CLAIM,-0.20268638605748157,0,35.403354632587856
MC103357,MEDICAL_CLAIM,-0.17922592239383967,0,57.807507987220454
MC104786,MEDICAL_CLAIM,-0.22049239653989555,0,13.578274760383385
MC102467,MEDICAL_CLAIM,-0.2054633930138673,0,32.108626198083066
MC100227,MEDICAL_CLAIM,-0.20369524331835437,0,34.025559105431306
MC101313,MEDICAL_CLAIM,-0.19186462501908746,0,47.783546325878596
MC103158,MEDICAL_CLAIM,-0.23200556320512944,0,1.7971246006389778
MC104016,MEDICAL_CLAIM,-0.2039514967995088,0,33.80591054313099
MC103370,MEDICAL_CLAIM,-0.18205874990571191,0,55.71086261980831
MC104653,MEDICAL_CLAIM,-0.18771406201636764,0,51.118210862619804
MC100425,MEDICAL_CLAIM,-0.1968203084661201,0,42.93130990415335
MC100577,MEDICAL_CLAIM,-0.23247301210473997,0,1.317891373801917
MC100125,MEDICAL_CLAIM,-0.1502503658709461,0,75.19968051118211
MC100069,MEDICAL_CLAIM,-0.22029924088924208,0,13.87779552715655
MC103833,MEDICAL_CLAIM,-0.1580400159309891,0,71.82507987220448
MC100960,MEDICAL_CLAIM,-0.20473687325085171,0,32.9073482428115
MC101431,MEDICAL_CLAIM,-0.19930701214494867,0,39.55670926517572
MC102228,MEDICAL_CLAIM,-0.2209518851245127,0,12.8694089456869
MC103923,MEDICAL_CLAIM,-0.19791022853336793,0,41.49361022364217
MC101252,MEDICAL_CLAIM,-0.1623296289941435,0,69.46884984025559
MC104671,MEDICAL_CLAIM,-0.13025436781295252,0,82.30830670926518
MC101499,MEDICAL_CLAIM,-0.03702687282893802,0,95.26757188498402
MC102454,MEDICAL_CLAIM,-0.20907684338921323,0,27.595846645367413
MC104326,MEDICAL_CLAIM,-0.05010912513160515,0,93.98961661341852
MC100999,MEDICAL_CLAIM,-0.06811780072043078,0,91.63338658146965
MC104975,MEDICAL_CLAIM,-0.19790825661958228,0,41.513578274760384
MC102451,MEDICAL_CLAIM,-0.17565609846682506,0,60.383386581469644
MC100931,MEDICAL_CLAIM,-0.1971753800435555,0,42.51198083067093
MC101977,MEDICAL_CLAIM,-0.22250785958395358,0,11.042332268370608
MC104070,MEDICAL_CLAIM,-0.12090109753337341,0,84.3650159744409
MC102308,MEDICAL_CLAIM,-0.19992405565666838,0,38.79792332268371
MC104411,MEDICAL_CLAIM,-0.1321018994638658,0,81.84904153354633
MC100761,MEDICAL_CLAIM,-0.21017335580920232,0,26.13817891373802
MC103521,MEDICAL_CLAIM,-0.19148531310614247,0,48.123003194888184
MC101616,MEDICAL_CLAIM,-0.21235144247319754,0,23.28274760383387
MC100177,MEDICAL_CLAIM,-0.2040116871965964,0,33.70607028753994
MC104267,MEDICAL_CLAIM,-0.20743023025950275,0,29.5926517571885
MC101901,MEDICAL_CLAIM,-0.21294624456727862,0,22.583865814696484
MC100542,MEDICAL_CLAIM,-0.20222726251933054,0,36.022364217252395
MC102846,MEDICAL_CLAIM,-0.2124562884306574,0,23.162939297124602
MC102649,MEDICAL_CLAIM,-0.1371257076411867,0,80.07188498402556
MC103262,MEDICAL_CLAIM,-0.2176111280886363,0,17.0926517571885
MC102032,MEDICAL_CLAIM,-0.13407051557083022,0,81.23003194888179
MC101244,MEDICAL_CLAIM,-0.190302877266114,0,48.801916932907346
MC104227,MEDICAL_CLAIM,-0.07159874648739167,0,91.27396166134186
MC104452,MEDICAL_CLAIM,-0.23055536502872082,0,2.8554313099041533
MC103071,MEDICAL_CLAIM,-0.22631954215712052,0,6.489616613418531
MC101961,MEDICAL_CLAIM,-0.16424546545961338,0,68.21086261980831
MC103532,MEDICAL_CLAIM,-0.20829068955622188,0,28.674121405750796
MC101469,MEDICAL_CLAIM,-0.14305656692870256,0,78.35463258785943
MC102016,MEDICAL_CLAIM,-0.1584022407163373,0,71.70527156549521
MC102694,MEDICAL_CLAIM,-0.23232040858234143,0,1.4976038338658146
MC101827,MEDICAL_CLAIM,-0.22433323412995754,0,8.54632587859425
MC103936,MEDICAL_CLAIM,-0.21774066635462114,0,16.873003194888177
MC103303,MEDICAL_CLAIM,-0.20383365567851253,0,33.885782747603834
MC101309,MEDICAL_CLAIM,-0.009729302198985268,0,97.5838658146965
MC101037,MEDICAL_CLAIM,-0.19466468504408874,0,45.367412140575084
MC101160,MEDICAL_CLAIM,-0.02655999373761564,0,96.20607028753993
MC100901,MEDICAL_CLAIM,-0.20840745864438132,0,28.4944089456869
MC101650,MEDICAL_CLAIM,-0.22085484427753516,0,13.019169329073483
MC101350,MEDICAL_CLAIM,-0.10758287281813056,0,87.16054313099042
MC103430,MEDICAL_CLAIM,0.021562790229319506,1,99.32108626198082
MC104249,MEDICAL_CLAIM,-0.1896260544324061,0,49.4608626198083
MC103483,MEDICAL_CLAIM,-0.17570894154225614,0,60.26357827476039
MC102434,MEDICAL_CLAIM,-0.20614418148114372,0,31.05031948881789
MC100628,MEDICAL_CLAIM,0.0027689908666272967,1,98.20287539936102
MC102725,MEDICAL_CLAIM,-0.12198704074592837,0,84.10543130990416
MC101868,MEDICAL_CLAIM,-0.1063431579738861,0,87.34025559105432
MC100313,MEDICAL_CLAIM,-0.10188342425369235,0,88.01916932907349
MC101210,MEDICAL_CLAIM,-0.23181379294911902,0,2.036741214057508
MC104853,MEDICAL_CLAIM,-0.19716310504660844,0,42.53194888178914
MC100743,MEDICAL_CLAIM,-0.23073148400868715,0,2.7356230031948883
MC100826,MEDICAL_CLAIM,-0.19618829199127463,0,43.59025559105431
MC101934,MEDICAL_CLAIM,-0.2141955063637963,0,21.166134185303516
MC102991,MEDICAL_CLAIM,-0.20898214729199655,0,27.695686900958467
MC104523,MEDICAL_CLAIM,-0.09533562003997859,0,88.7779552715655
MC103062,MEDICAL_CLAIM,-0.11769254342614105,0,85.24361022364218
MC104599,MEDICAL_CLAIM,-0.16831472380627738,0,65.77476038338658
MC101009,MEDICAL_CLAIM,-0.16222596685924956,0,69.58865814696486
MC104807,MEDICAL_CLAIM,-0.18480873405800485,0,53.71405750798722
MC102987,MEDICAL_CLAIM,-0.18848121202237805,0,50.53913738019169
MC101496,MEDICAL_CLAIM,-0.22382937237853429,0,9.26517571884984
MC103801,MEDICAL_CLAIM,-0.0361880422237868,0,95.36741214057508
MC104096,MEDICAL_CLAIM,-0.21480963233582945,0,20.287539936102235
MC104986,MEDICAL_CLAIM,-0.21961464046521545,0,14.696485623003195
MC100169,MEDICAL_CLAIM,-0.21510041079908765,0,20.007987220447284
MC103737,MEDICAL_CLAIM,-0.06428718221338758,0,92.2723642172524
MC102893,MEDICAL_CLAIM,-0.23020024341736023,0,3.1948881789137378
MC101143,MEDICAL_CLAIM,-0.12260224970478695,0,83.94568690095848
MC104964,MEDICAL_CLAIM,-0.21430998349070085,0,20.98642172523962
MC102935,MEDICAL_CLAIM,-0.1783708375803874,0,58.2867412140575
MC101994,MEDICAL_CLAIM,-0.05325430771217887,0,93.71006389776358
MC102457,MEDICAL_CLAIM,-0.20129288699332082,0,37.180511182108624
MC100611,MEDICAL_CLAIM,-0.14845650607194016,0,75.99840255591054
MC103386,MEDICAL_CLAIM,-0.05941706145218051,0,92.95127795527156
MC104292,MEDICAL_CLAIM,-0.22997059200343067,0,3.334664536741214
MC101170,MEDICAL_CLAIM,-0.18752415544492151,0,51.337859424920126
MC104206,MEDICAL_CLAIM,-0.20337882143039893,0,34.524760383386585
MC103288,MEDICAL_CLAIM,0.01663317283159882,1,99.16134185303514
MC104693,MEDICAL_CLAIM,-0.023233752826005594,0,96.58546325878594
MC101627,MEDICAL_CLAIM,-0.22034448513823562,0,13.797923322683706
MC100295,MEDICAL_CLAIM,-0.1983192487711798,0,40.834664536741215
MC101502,MEDICAL_CLAIM,-0.19664003101981103,0,43.170926517571885
MC101749,MEDICAL_CLAIM,-0.23415909910361465,0,0.4193290734824281
MC103429,MEDICAL_CLAIM,-0.21471129271790823,0,20.36741214057508
MC101660,MEDICAL_CLAIM,-0.1941714612585837,0,45.9464856230032
MC100309,MEDICAL_CLAIM,-0.11429314675723595,0,85.88258785942492
MC102255,MEDICAL_CLAIM,-0.20912806099610937,0,27.51597444089457
MC102719,MEDICAL_CLAIM,-0.16535798680033853,0,67.43210862619809
MC100896,MEDICAL_CLAIM,-0.20859804150265365,0,28.115015974440894
MC104247,MEDICAL_CLAIM,-0.2068466855221583,0,30.411341853035147
MC104899,MEDICAL_CLAIM,-0.04594720482507719,0,94.32907348242811
MC100966,MEDICAL_CLAIM,-0.17595227035266103,0,60.14376996805112
MC102433,MEDICAL_CLAIM,-0.18082533735221906,0,56.60942492012779
MC104172,MEDICAL_CLAIM,-0.167673231761924,0,66.1741214057508
MC102213,MEDICAL_CLAIM,-0.1904359296577247,0,48.722044728434504
MC100958,MEDICAL_CLAIM,-0.10209953874710859,0,87.93929712460063
MC103325,MEDICAL_CLAIM,-0.13639368856233675,0,80.39137380191693
MC100797,MEDICAL_CLAIM,-0.15265407730886793,0,74.36102236421725
MC104751,MEDICAL_CLAIM,-0.21396823467141013,0,21.405750798722046
MC103942,MEDICAL_CLAIM,-0.1651096588165728,0,67.55191693290735
MC103097,MEDICAL_CLAIM,-0.03629872363447373,0,95.34744408945687
MC103092,MEDICAL_CLAIM,-0.14457457873355206,0,77.67571884984025
MC101633,MEDICAL_CLAIM,-0.06533738607242512,0,92.17252396166134
MC100667,MEDICAL_CLAIM,-0.12237964194216305,0,84.02555910543131
MC103725,MEDICAL_CLAIM,-0.10158933782008256,0,88.07907348242811
MC104170,MEDICAL_CLAIM,-0.22191981471514471,0,11.78115015974441
MC101891,MEDICAL_CLAIM,-0.16941325200549262,0,65.20567092651757
MC104330,MEDICAL_CLAIM,-0.2195802116335666,0,14.776357827476039
MC101174,MEDICAL_CLAIM,-0.10201119621045301,0,87.95926517571885
MC102651,MEDICAL_CLAIM,-0.20518585183009236,0,32.38817891373802
MC104144,MEDICAL_CLAIM,-0.07186976698014474,0,91.23402555910543
MC101460,MEDICAL_CLAIM,-0.16050812438936374,0,70.52715654952077
MC102043,MEDICAL_CLAIM,-0.23083302642084874,0,2.655750798722045
MC103803,MEDICAL_CLAIM,-0.1836635800575942,0,54.45287539936102
MC104335,MEDICAL_CLAIM,-0.2269591357321193,0,5.7507987220447285
MC101953,MEDICAL_CLAIM,-0.20848653298334874,0,28.25479233226837
MC101582,MEDICAL_CLAIM,-0.06495949876546969,0,92.19249201277955
MC101537,MEDICAL_CLAIM,-0.19387947653803145,0,46.1461661341853
MC104360,MEDICAL_CLAIM,-0.12311400641803,0,83.84584664536742
MC103805,MEDICAL_CLAIM,-0.14630403923863255,0,76.93690095846645
MC102120,MEDICAL_CLAIM,-0.20196185364720481,0,36.28194888178914
MC104803,MEDICAL_CLAIM,-0.18735534079153188,0,51.557507987220454
MC102344,MEDICAL_CLAIM,-0.21365557318759815,0,21.645367412140576
MC104481,MEDICAL_CLAIM,-0.19942635163979272,0,39.41693290734825
MC102292,MEDICAL_CLAIM,-0.21441434279541488,0,20.756789137380192
MC103789,MEDICAL_CLAIM,-0.21148875406637035,0,24.261182108626198
MC104313,MEDICAL_CLAIM,-0.058639974186821986,0,93.07108626198082
MC103026,MEDICAL_CLAIM,-0.2109076165835319,0,25.159744408945688
MC103077,MEDICAL_CLAIM,-0.20601969954315708,0,31.25
MC104499,MEDICAL_CLAIM,-0.21527903999214593,0,19.828274760383387
MC101114,MEDICAL_CLAIM,-0.20811595939907762,0,28.77396166134185
MC103000,MEDICAL_CLAIM,-0.19310903457403955,0,46.76517571884984
MC104415,MEDICAL_CLAIM,-0.20160515465469286,0,36.7711661341853
MC100578,MEDICAL_CLAIM,-0.22680711824919092,0,5.890575079872205
MC102598,MEDICAL_CLAIM,-0.2327289250615081,0,1.0782747603833864
MC101897,MEDICAL_CLAIM,-0.17181728105099608,0,63.3985623003195
MC104840,MEDICAL_CLAIM,-0.20028957219658233,0,38.37859424920128
MC100833,MEDICAL_CLAIM,-0.2142524586334037,0,21.04632587859425
MC102866,MEDICAL_CLAIM,-0.15370310353386613,0,73.98162939297124
MC101089,MEDICAL_CLAIM,-0.20905756257110197,0,27.635782747603834
MC104367,MEDICAL_CLAIM,-0.14762531095399184,0,76.31789137380191
MC104211,MEDICAL_CLAIM,-0.2345549827037362,0,0.33945686900958466
MC101112,MEDICAL_CLAIM,-0.20623590827468852,0,30.97044728434505
MC104657,MEDICAL_CLAIM,-0.21161736790948554,0,24.121405750798722
MC100073,MEDICAL_CLAIM,-0.17035007250293605,0,64.47683706070288
MC101444,MEDICAL_CLAIM,-0.2209518851245127,0,12.8694089456869
MC100242,MEDICAL_CLAIM,-0.1937929002991392,0,46.22603833865815
MC103494,MEDICAL_CLAIM,-0.21398202924003812,0,21.385782747603834
MC100601,MEDICAL_CLAIM,-0.19258896013838556,0,47.224440894568694
MC102613,MEDICAL_CLAIM,-0.2154620280654504,0,19.50878594249201
MC103651,MEDICAL_CLAIM,-0.1535067144793294,0,74.06150159744409
MC104976,MEDICAL_CLAIM,-0.1669774109254712,0,66.57348242811501
MC102670,MEDICAL_CLAIM,-0.06616843430466679,0,91.99281150159744
MC102321,MEDICAL_CLAIM,-0.09754433360152776,0,88.51837060702876
MC100580,MEDICAL_CLAIM,-0.21966548473372355,0,14.656549520766774
MC100153,MEDICAL_CLAIM,-0.20613152809991314,0,31.090255591054312
MC100881,MEDICAL_CLAIM,-0.1875091079762089,0,51.37779552715654
MC101843,MEDICAL_CLAIM,-0.2043733652515538,0,33.22683706070288
MC104268,MEDICAL_CLAIM,-0.18391652389685037,0,54.2132587859425
MC102956,MEDICAL_CLAIM,-0.2069775689812744,0,30.191693290734822
MC103434,MEDICAL_CLAIM,-0.21956010696752543,0,14.81629392971246
MC100376,MEDICAL_CLAIM,-0.14749618016803556,0,76.37779552715655
MC103768,MEDICAL_CLAIM,-0.21475236368159384,0,20.307507987220447
MC101119,MEDICAL_CLAIM,-0.2095568533708645,0,26.89696485623003
MC103455,MEDICAL_CLAIM,-0.17828264109668546,0,58.32667731629393
MC102190,MEDICAL_CLAIM,-0.19228713632264482,0,47.424121405750796
MC103836,MEDICAL_CLAIM,-0.00819135824995132,0,97.68370607028754
MC103808,MEDICAL_CLAIM,-0.1717862722834082,0,63.43849840255591
MC104255,MEDICAL_CLAIM,-0.15849294383762969,0,71.64536741214057
MC101383,MEDICAL_CLAIM,-0.18080391081565877,0,56.689297124600635
MC104655,MEDICAL_CLAIM,-0.20002671517341025,0,38.73801916932907
MC103544,MEDICAL_CLAIM,-0.21450590250168816,0,20.686900958466452
MC102465,MEDICAL_CLAIM,-0.19873664916118805,0,40.11581469648562
MC104287,MEDICAL_CLAIM,-0.22140176336879985,0,12.380191693290735
MC104707,MEDICAL_CLAIM,-0.17240392237864582,0,62.99920127795527
MC104948,MEDICAL_CLAIM,-0.19843960120113352,0,40.59504792332269
MC101301,MEDICAL_CLAIM,-0.16679175209121377,0,66.75319488817891
MC101837,MEDICAL_CLAIM,-0.11069162267887939,0,86.5814696485623
MC101790,MEDICAL_CLAIM,-0.10197155514128275,0,87.97923322683707
MC102743,MEDICAL_CLAIM,-0.1463123690606432,0,76.91693290734824
MC104973,MEDICAL_CLAIM,-0.21207085737652503,0,23.58226837060703
MC103741,MEDICAL_CLAIM,-0.23073198422585162,0,2.7156549520766773
MC102663,MEDICAL_CLAIM,-0.18204979914856811,0,55.730830670926515
MC100329,MEDICAL_CLAIM,-0.21542262364098475,0,19.60862619808307
MC100491,MEDICAL_CLAIM,-0.13241107458771822,0,81.70926517571885
MC101709,MEDICAL_CLAIM,-0.06768060279446853,0,91.7132587859425
MC102597,MEDICAL_CLAIM,-0.013267549919767307,0,97.38418530351439
MC100179,MEDICAL_CLAIM,-0.1815029564627676,0,56.13019169329073
MC103628,MEDICAL_CLAIM,-0.11260471253079773,0,86.2220447284345
MC103024,MEDICAL_CLAIM,-0.20532963278092858,0,32.248402555910545
MC101377,MEDICAL_CLAIM,-0.1266924598263427,0,83.12699680511182
MC101406,MEDICAL_CLAIM,-0.21028012166994614,0,26.038338658146966
MC100922,MEDICAL_CLAIM,-0.22482192394951783,0,8.047124600638977
MC101011,MEDICAL_CLAIM,-0.17440607342266629,0,61.34185303514377
MC100189,MEDICAL_CLAIM,-0.10994782536027797,0,86.72124600638978
MC103938,MEDICAL_CLAIM,-0.20238904974800093,0,35.822683706070286
MC103400,MEDICAL_CLAIM,-0.19808223275082615,0,41.15415335463259
MC103817,MEDICAL_CLAIM,-0.1456424890637224,0,77.27635782747603
MC103609,MEDICAL_CLAIM,-0.2340662258319936,0,0.4792332268370607
MC103431,MEDICAL_CLAIM,-0.10657837763686656,0,87.3202875399361
MC102574,MEDICAL_CLAIM,-0.07433148698906467,0,91.03434504792332
MC100424,MEDICAL_CLAIM,-0.21902043610819472,0,15.515175718849841
MC102946,MEDICAL_CLAIM,-0.2015688647482155,0,36.811102236421725
MC102019,MEDICAL_CLAIM,-0.16510517620274273,0,67.57188498402556
MC102992,MEDICAL_CLAIM,-0.16158816697565798,0,69.96805111821087
MC103304,MEDICAL_CLAIM,-0.18269967557339234,0,55.23162939297125
MC102376,MEDICAL_CLAIM,-0.14977634938082934,0,75.379392971246
MC102191,MEDICAL_CLAIM,-0.21317144145435113,0,22.2444089456869
MC102684,MEDICAL_CLAIM,-0.18118745375158146,0,56.409744408945684
MC103396,MEDICAL_CLAIM,-0.1646225105670227,0,67.8514376996805
MC100365,MEDICAL_CLAIM,-0.09617104970940332,0,88.67811501597444
MC102282,MEDICAL_CLAIM,-0.20515397300081628,0,32.50798722044728
MC103498,MEDICAL_CLAIM,-0.20239290249252562,0,35.80271565495208
MC104315,MEDICAL_CLAIM,-0.19797030788077818,0,41.41373801916933
MC102373,MEDICAL_CLAIM,-0.18582150124649888,0,52.97523961661342
MC101126,MEDICAL_CLAIM,-0.017901073817303548,0,97.04472843450479
MC101752,MEDICAL_CLAIM,-0.19305716945117224,0,46.78514376996805
MC102088,MEDICAL_CLAIM,-0.15431440630112442,0,73.74201277955271
MC100517,MEDICAL_CLAIM,-0.20967071262271186,0,26.697284345047922
MC104649,MEDICAL_CLAIM,-0.1373937578395068,0,79.99201277955271
MC102969,MEDICAL_CLAIM,-0.15020469327222752,0,75.21964856230032
MC104049,MEDICAL_CLAIM,-0.126750247856331,0,83.1070287539936
MC102054,MEDICAL_CLAIM,-0.0680435308870494,0,91.67332268370608
MC100433,MEDICAL_CLAIM,-0.12189218684824243,0,84.14536741214057
MC100789,MEDICAL_CLAIM,-0.13540539497453286,0,80.71086261980831
MC101712,MEDICAL_CLAIM,-0.16046951522424996,0,70.54712460063898
MC104301,MEDICAL_CLAIM,-0.229523208155196,0,3.7739616613418527
MC100909,MEDICAL_CLAIM,-0.18581066653608946,0,52.99520766773163
MC103435,MEDICAL_CLAIM,-0.17877591879181837,0,58.06709265175719
MC103727,MEDICAL_CLAIM,-0.17780153709973218,0,58.74600638977636
MC103348,MEDICAL_CLAIM,-0.2326964108928013,0,1.15814696485623
MC100696,MEDICAL_CLAIM,-0.12556754488885358,0,83.30670926517571
MC102712,MEDICAL_CLAIM,-0.21781921560308642,0,16.833067092651756
MC104216,MEDICAL_CLAIM,-0.17296687689764584,0,62.599840255591054
MC103599,MEDICAL_CLAIM,-0.19688694332444667,0,42.8314696485623
MC104810,MEDICAL_CLAIM,-0.20313891343267543,0,34.844249201277954
MC102246,MEDICAL_CLAIM,-0.19805231756792724,0,41.23402555910543
MC101577,MEDICAL_CLAIM,-0.22052288492060207,0,13.498402555910543
MC103030,MEDICAL_CLAIM,-0.009214077116161734,0,97.6238019169329
MC102706,MEDICAL_CLAIM,-0.2014910024380268,0,36.9408945686901
MC100848,MEDICAL_CLAIM,-0.15255359850539285,0,74.38099041533548
MC103674,MEDICAL_CLAIM,-0.16458817365298994,0,67.91134185303514
MC104708,MEDICAL_CLAIM,-0.06118248184654207,0,92.71166134185303
MC101072,MEDICAL_CLAIM,-0.20322699736486066,0,34.7444089456869
MC102356,MEDICAL_CLAIM,-0.22546730547599686,0,7.268370607028754
MC104804,MEDICAL_CLAIM,-0.2206916223832479,0,13.338658146964857
MC104423,MEDICAL_CLAIM,-0.222050984312766,0,11.661341853035143
MC103857,MEDICAL_CLAIM,-0.10317614164623562,0,87.65974440894568
MC102693,MEDICAL_CLAIM,-0.09157226910206256,0,89.31709265175719
MC100190,MEDICAL_CLAIM,-0.1700738784867724,0,64.61661341853035
MC103411,MEDICAL_CLAIM,-0.14132255445970932,0,78.81389776357828
MC102835,MEDICAL_CLAIM,-0.17583626539623148,0,60.183706070287535
MC101838,MEDICAL_CLAIM,-0.15607172633621041,0,72.6238019169329
MC102588,MEDICAL_CLAIM,-0.19931262654231052,0,39.53674121405751
MC104282,MEDICAL_CLAIM,-0.016135115164518266,0,97.18450479233228
MC100212,MEDICAL_CLAIM,-0.22545146243306613,0,7.348242811501597
MC104586,MEDICAL_CLAIM,-0.1813163714893437,0,56.25
MC104489,MEDICAL_CLAIM,-0.07824619521493847,0,90.73482428115017
MC102139,MEDICAL_CLAIM,-0.18985765184851583,0,49.141373801916934
MC100530,MEDICAL_CLAIM,-0.23084631128552358,0,2.635782747603834
MC101006,MEDICAL_CLAIM,-0.19770514731742483,0,41.9129392971246
MC101200,MEDICAL_CLAIM,-0.20710989325945456,0,30.11182108626198
MC100838,MEDICAL_CLAIM,-0.18472249944263874,0,53.79392971246006
MC101394,MEDICAL_CLAIM,-0.17463854164128056,0,61.102236421725244
MC100420,MEDICAL_CLAIM,-0.18791120859662497,0,50.93849840255591
MC102455,MEDICAL_CLAIM,-0.21927143197957388,0,15.135782747603836
MC103809,MEDICAL_CLAIM,-0.1695366982667214,0,65.0658945686901
MC102908,MEDICAL_CLAIM,-0.15296192760569244,0,74.22124600638978
MC102918,MEDICAL_CLAIM,-0.16861924182301657,0,65.67492012779552
MC100955,MEDICAL_CLAIM,-0.22387430578591538,0,9.145367412140574
MC103581,MEDICAL_CLAIM,-0.20897338166298868,0,27.73562300319489
MC101357,MEDICAL_CLAIM,-0.19041993590809886,0,48.74201277955272
MC104866,MEDICAL_CLAIM,-0.2121083409090146,0,23.502396166134183
MC103562,MEDICAL_CLAIM,-0.1866312295524284,0,52.23642172523961
MC102787,MEDICAL_CLAIM,-0.17218171117467418,0,63.21884984025559
MC100104,MEDICAL_CLAIM,-0.056970551283116344,0,93.17092651757189
MC101134,MEDICAL_CLAIM,-0.1325530385019109,0,81.629392971246
MC102167,MEDICAL_CLAIM,-0.18035916051622353,0,56.94888178913738
MC101815,MEDICAL_CLAIM,-0.13937654456195225,0,79.45287539936102
MC102864,MEDICAL_CLAIM,-0.06233322852734435,0,92.55191693290735
MC103791,MEDICAL_CLAIM,-0.1551174736525141,0,73.10303514376997
MC101069,MEDICAL_CLAIM,-0.16307622614559042,0,68.96964856230032
MC102281,MEDICAL_CLAIM,-0.17057134580635458,0,64.3570287539936
MC101360,MEDICAL_CLAIM,-0.21258407342909363,0,23.003194888178914
MC103663,MEDICAL_CLAIM,-0.16182939438047744,0,69.8282747603834
MC104608,MEDICAL_CLAIM,-0.1919940788983162,0,47.68370607028754
MC102634,MEDICAL_CLAIM,-0.2245707177183599,0,8.34664536741214
MC100948,MEDICAL_CLAIM,-0.07391930964384624,0,91.09424920127796
MC104494,MEDICAL_CLAIM,-0.22692140641598713,0,5.780750798722044
MC104880,MEDICAL_CLAIM,-0.19828749980509325,0,40.894568690095845
MC100178,MEDICAL_CLAIM,-0.1838787236267042,0,54.31309904153354
MC100656,MEDICAL_CLAIM,-0.21461214779870036,0,20.507188498402556
MC102621,MEDICAL_CLAIM,-0.21989143660755367,0,14.337060702875398
MC100070,MEDICAL_CLAIM,-0.2338949299017598,0,0.5591054313099041
MC103539,MEDICAL_CLAIM,0.0049490630797861535,1,98.42252396166134
MC100619,MEDICAL_CLAIM,-0.09709430142293213,0,88.55830670926518
MC100919,MEDICAL_CLAIM,-0.15473422719500285,0,73.42252396166134
MC100603,MEDICAL_CLAIM,-0.1797817630237057,0,57.48801916932907
MC103341,MEDICAL_CLAIM,-0.21302207619629687,0,22.4241214057508
MC101685,MEDICAL_CLAIM,-0.22022664656851432,0,14.057507987220447
MC103282,MEDICAL_CLAIM,-0.20879586355827662,0,27.935303514376997
MC103784,MEDICAL_CLAIM,-0.20440845221217235,0,33.18690095846645
MC101445,MEDICAL_CLAIM,-0.047442204594355775,0,94.16932907348243
MC101538,MEDICAL_CLAIM,-0.03730220154852515,0,95.18769968051119
MC100111,MEDICAL_CLAIM,-0.21939566950751627,0,15.015974440894569
MC101101,MEDICAL_CLAIM,-0.1978007032010224,0,41.77316293929712
MC104891,MEDICAL_CLAIM,-0.1750685851923589,0,60.902555910543136
MC103211,MEDICAL_CLAIM,-0.16074717087187212,0,70.36741214057508
MC104123,MEDICAL_CLAIM,-0.1984549752371637,0,40.55511182108626
MC101155,MEDICAL_CLAIM,-0.20267756799734876,0,35.42332268370607
MC103289,MEDICAL_CLAIM,0.03901533302165194,1,99.84025559105432
MC102601,MEDICAL_CLAIM,-0.10784662758384628,0,87.1405750798722
MC100746,MEDICAL_CLAIM,-0.2327095112408074,0,1.1381789137380192
MC102496,MEDICAL_CLAIM,-0.166840231528612,0,66.7132587859425
MC101914,MEDICAL_CLAIM,-0.21053113126719591,0,25.619009584664536
MC102653,MEDICAL_CLAIM,-0.06712071601424874,0,91.85303514376997
MC102940,MEDICAL_CLAIM,-0.20498077379645507,0,32.68769968051119
MC102916,MEDICAL_CLAIM,-0.21485125427073082,0,20.247603833865817
MC104953,MEDICAL_CLAIM,-0.20788998941440684,0,29.0535143769968
MC103583,MEDICAL_CLAIM,-0.18250826430501216,0,55.37140575079872
MC102666,MEDICAL_CLAIM,-0.18702172220128743,0,51.73722044728435
MC104209,MEDICAL_CLAIM,-0.19852823733121155,0,40.37539936102236
MC104014,MEDICAL_CLAIM,-0.17212577111030347,0,63.25878594249201
MC103215,MEDICAL_CLAIM,-0.07912168016543786,0,90.67492012779552
MC101581,MEDICAL_CLAIM,-0.1733797713512904,0,62.38019169329073
MC104851,MEDICAL_CLAIM,-0.1742974707608732,0,61.36182108626198
MC102871,MEDICAL_CLAIM,-0.1628465049428769,0,69.1094249201278
MC103248,MEDICAL_CLAIM,-0.16486237079089988,0,67.75159744408946
MC100739,MEDICAL_CLAIM,-0.17796668034873692,0,58.60623003194888
MC102527,MEDICAL_CLAIM,-0.14566241473379865,0,77.25638977635782
MC102979,MEDICAL_CLAIM,-0.12878925755579468,0,82.64776357827476
MC102187,MEDICAL_CLAIM,-0.15482034422452118,0,73.3426517571885
MC104702,MEDICAL_CLAIM,-0.20607301469939476,0,31.230031948881788
MC101662,MEDICAL_CLAIM,-0.21217426221998503,0,23.40255591054313
MC104591,MEDICAL_CLAIM,0.0007490461566110884,1,98.08306709265176
MC103608,MEDICAL_CLAIM,-0.2089929546854125,0,27.67571884984025
MC104386,MEDICAL_CLAIM,-0.14846524816430912,0,75.93849840255591
MC102959,MEDICAL_CLAIM,-0.22152064650114817,0,12.26038338658147
MC101756,MEDICAL_CLAIM,-0.20220040909107917,0,36.04233226837061
MC103292,MEDICAL_CLAIM,-0.22574094936030004,0,6.988817891373802
MC103354,MEDICAL_CLAIM,-0.1680146801142956,0,65.9944089456869
MC100615,MEDICAL_CLAIM,-0.22654663422394972,0,6.25
MC100626,MEDICAL_CLAIM,-0.17276849533881977,0,62.71964856230032
MC101265,MEDICAL_CLAIM,-0.2004715406829835,0,38.17891373801917
MC104421,MEDICAL_CLAIM,-0.2270948883635025,0,5.650958466453674
MC103161,MEDICAL_CLAIM,-0.11991852640001083,0,84.66453674121406
MC101404,MEDICAL_CLAIM,-0.1233949350850827,0,83.76597444089457
MC101043,MEDICAL_CLAIM,-0.20616292838312356,0,31.01038338658147
MC100040,MEDICAL_CLAIM,-0.19921554245546602,0,39.61661341853035
MC101368,MEDICAL_CLAIM,-0.1989360214235626,0,39.85623003194888
MC100446,MEDICAL_CLAIM,0.004995552958506622,1,98.46246006389777
MC101648,MEDICAL_CLAIM,-0.08226208297287918,0,90.35543130990416
MC100437,MEDICAL_CLAIM,-0.17449258040583765,0,61.2220447284345
MC101458,MEDICAL_CLAIM,-0.18762254170776999,0,51.21805111821086
MC102879,MEDICAL_CLAIM,-0.18577687325072262,0,53.01517571884984
MC104240,MEDICAL_CLAIM,-0.16384793733347697,0,68.47044728434504
MC102130,MEDICAL_CLAIM,-0.21992287554822065,0,14.257188498402556
MC102701,MEDICAL_CLAIM,-0.16194835980862038,0,69.78833865814697
MC102337,MEDICAL_CLAIM,-0.14502258213498953,0,77.49600638977637
MC100968,MEDICAL_CLAIM,-0.19971287825464562,0,38.977635782747605
MC103522,MEDICAL_CLAIM,-0.03205332072877287,0,95.66693290734824
MC104894,MEDICAL_CLAIM,-0.21789923210869677,0,16.61341853035144
MC100637,MEDICAL_CLAIM,-0.040409491076361714,0,94.8282747603834
MC102327,MEDICAL_CLAIM,-0.2171255605475952,0,17.711661341853034
MC101389,MEDICAL_CLAIM,-0.10938241251965758,0,86.88099041533548
MC101904,MEDICAL_CLAIM,-0.205541612281273,0,32.02875399361022
MC102343,MEDICAL_CLAIM,-0.20281607103553462,0,35.22364217252396
MC101410,MEDICAL_CLAIM,-0.19165438499433063,0,47.983226837060705
MC104739,MEDICAL_CLAIM,-0.21417720461238415,0,21.24600638977636
MC102988,MEDICAL_CLAIM,-0.19563590421017113,0,44.22923322683706
MC104336,MEDICAL_CLAIM,-0.19695756164180128,0,42.751597444089455
MC102548,MEDICAL_CLAIM,-0.22932582272891433,0,3.9337060702875397
MC102751,MEDICAL_CLAIM,-0.2250463253920134,0,7.747603833865814
MC101772,MEDICAL_CLAIM,-0.1663928487609853,0,67.1126198083067
MC103886,MEDICAL_CLAIM,-0.18759199679482091,0,51.2979233226837
MC104794,MEDICAL_CLAIM,-0.1720611308819831,0,63.298722044728436
MC102605,MEDICAL_CLAIM,-0.19417218670912373,0,45.926517571884986
MC104202,MEDICAL_CLAIM,-0.2155175738690231,0,19.388977635782748
MC102422,MEDICAL_CLAIM,-0.1741708792445789,0,61.50159744408946
MC103543,MEDICAL_CLAIM,-0.1892781112653691,0,49.80031948881789
MC102060,MEDICAL_CLAIM,-0.17092915121839303,0,64.03753993610223
MC100209,MEDICAL_CLAIM,-0.06536642394321235,0,92.15255591054313
MC104201,MEDICAL_CLAIM,-0.21129795893754028,0,24.56070287539936
MC100894,MEDICAL_CLAIM,0.020081514211217177,1,99.2611821086262
MC104628,MEDICAL_CLAIM,-0.13334287332651285,0,81.44968051118211
MC101789,MEDICAL_CLAIM,-0.1851567905026386,0,53.41453674121406
MC101214,MEDICAL_CLAIM,-0.1834927012917082,0,54.652555910543136
MC100042,MEDICAL_CLAIM,-0.21162594620368674,0,24.10143769968051
MC104331,MEDICAL_CLAIM,-0.09048991688859365,0,89.43690095846645
MC103276,MEDICAL_CLAIM,-0.22579846180980168,0,6.92891373801917
MC101059,MEDICAL_CLAIM,-0.09441730208480276,0,88.9776357827476
MC100355,MEDICAL_CLAIM,-0.21019729680016114,0,26.058306709265178
MC100516,MEDICAL_CLAIM,-0.179644915720303,0,57.5479233226837
MC103364,MEDICAL_CLAIM,-0.18098772138599195,0,56.50958466453674
MC101733,MEDICAL_CLAIM,-0.23112337018314666,0,2.476038338658147
MC104641,MEDICAL_CLAIM,-0.19152030103476297,0,48.08306709265175
MC103511,MEDICAL_CLAIM,-0.2171845218322887,0,17.631789137380192
MC104130,MEDICAL_CLAIM,-0.1749212162251672,0,60.942492012779546
MC104026,MEDICAL_CLAIM,-0.22800150682316106,0,4.952076677316294
MC100612,MEDICAL_CLAIM,-0.23310952586266498,0,0.6789137380191693
MC104409,MEDICAL_CLAIM,-0.22845688813979803,0,4.6725239616613425
MC104815,MEDICAL_CLAIM,-0.06467351404222732,0,92.21246006389777
MC101865,MEDICAL_CLAIM,-0.2192394060149399,0,15.195686900958465
MC103181,MEDICAL_CLAIM,-0.16886747037253275,0,65.59504792332268
MC100719,MEDICAL_CLAIM,-0.23341680320991404,0,0.6389776357827476
MC102152,MEDICAL_CLAIM,-0.20049145242769123,0,38.11900958466454
MC102633,MEDICAL_CLAIM,-0.18334505912526405,0,54.7923322683706
MC102050,MEDICAL_CLAIM,-0.059034704954530115,0,93.0111821086262
MC104083,MEDICAL_CLAIM,-0.2315610080971583,0,2.1765175718849843
MC100714,MEDICAL_CLAIM,-0.18819636100496528,0,50.65894568690096
MC100452,MEDICAL_CLAIM,-0.22141050304712045,0,12.360223642172524
MC101302,MEDICAL_CLAIM,-0.1950219505605793,0,44.88817891373802
MC100688,MEDICAL_CLAIM,-0.17411623648495972,0,61.581469648562305
MC101422,MEDICAL_CLAIM,-0.03584686150994976,0,95.4273162939297
MC102366,MEDICAL_CLAIM,-0.18314717067415204,0,54.9520766773163
MC102216,MEDICAL_CLAIM,-0.19087653124969145,0,48.42252396166134
MC103056,MEDICAL_CLAIM,-0.17407068061026587,0,61.6014376996805
MC104189,MEDICAL_CLAIM,-0.2221706548464804,0,11.461661341853036
MC100775,MEDICAL_CLAIM,-0.203301316260539,0,34.66453674121406
MC100950,MEDICAL_CLAIM,-0.20536999750981078,0,32.18849840255591
MC100448,MEDICAL_CLAIM,-0.20139362533935157,0,37.08067092651757
MC102609,MEDICAL_CLAIM,-0.19425799571599128,0,45.78674121405751
MC103324,MEDICAL_CLAIM,-0.026951644218091597,0,96.14616613418531
MC101074,MEDICAL_CLAIM,-0.19568370275779762,0,44.16932907348243
MC101330,MEDICAL_CLAIM,-0.1946270252269191,0,45.427316293929714
MC104601,MEDICAL_CLAIM,-0.20872663903933597,0,28.03514376996805
MC101794,MEDICAL_CLAIM,-0.08538465013759916,0,90.05591054313099
MC100942,MEDICAL_CLAIM,-0.10425542514790198,0,87.55990415335462
MC101419,MEDICAL_CLAIM,-0.06226163188781386,0,92.57188498402556
MC104328,MEDICAL_CLAIM,0.009929576398592377,1,98.82188498402556
MC103405,MEDICAL_CLAIM,-0.19760846404370702,0,42.05271565495208
MC101824,MEDICAL_CLAIM,-0.10277150449306793,0,87.75958466453673
MC104095,MEDICAL_CLAIM,-0.12026021596892028,0,84.48482428115017
MC104630,MEDICAL_CLAIM,-0.07090890661706323,0,91.35383386581469
MC103777,MEDICAL_CLAIM,-0.21840945409971807,0,16.19408945686901
MC103170,MEDICAL_CLAIM,-0.20677416742182614,0,30.431309904153352
MC102895,MEDICAL_CLAIM,-0.16149504239560075,0,70.06789137380191
MC102052,MEDICAL_CLAIM,-0.19215202001713505,0,47.54392971246006
MC104564,MEDICAL_CLAIM,-0.1953941956881287,0,44.42891373801917
MC100163,MEDICAL_CLAIM,-0.22076685800489187,0,13.19888178913738
MC100021,MEDICAL_CLAIM,-0.1565064300466974,0,72.34424920127796
MC101798,MEDICAL_CLAIM,-0.15496749055190523,0,73.22284345047923
MC101952,MEDICAL_CLAIM,-0.22481007798957836,0,8.067092651757187
MC103584,MEDICAL_CLAIM,-0.19489397464267227,0,45.087859424920126
MC104037,MEDICAL_CLAIM,-0.2013680994436156,0,37.10063897763578
MC101686,MEDICAL_CLAIM,-0.20818072138433147,0,28.714057507987224
MC102889,MEDICAL_CLAIM,-0.22945520017303106,0,3.8338658146964857
MC101308,MEDICAL_CLAIM,-0.13876133972624927,0,79.63258785942492
MC101801,MEDICAL_CLAIM,-0.20051116933387764,0,38.09904153354633
MC100681,MEDICAL_CLAIM,-0.16319721679098337,0,68.90974440894568
MC101222,MEDICAL_CLAIM,-0.21826141448939979,0,16.333865814696484
MC103440,MEDICAL_CLAIM,-0.20694150184051874,0,30.251597444089455
MC102520,MEDICAL_CLAIM,-0.22035278395992142,0,13.777955271565496
MC102896,MEDICAL_CLAIM,-0.1825784509599631,0,55.331469648562305
MC102347,MEDICAL_CLAIM,-0.21211484711965323,0,23.462460063897765
MC100250,MEDICAL_CLAIM,-0.200224228197593,0,38.51837060702875
MC101478,MEDICAL_CLAIM,-0.18636399677518,0,52.45607028753994
MC100944,MEDICAL_CLAIM,-0.20239487651501376,0,35.78274760383386
MC101583,MEDICAL_CLAIM,-0.20664813417989347,0,30.5111821086262
MC102529,MEDICAL_CLAIM,-0.16007222110770658,0,70.7867412140575
MC100939,MEDICAL_CLAIM,-0.23202588316979572,0,1.7472044728434506
MC103603,MEDICAL_CLAIM,-0.2060923432136712,0,31.170127795527158
MC101056,MEDICAL_CLAIM,-0.1901810313711656,0,48.92172523961661
MC100570,MEDICAL_CLAIM,-0.19787609483715202,0,41.63338658146965
MC102402,MEDICAL_CLAIM,-0.20264970621743278,0,35.53314696485623
MC104226,MEDICAL_CLAIM,-0.0671480072535468,0,91.83306709265176
MC100286,MEDICAL_CLAIM,-0.19057507670540802,0,48.62220447284345
MC102523,MEDICAL_CLAIM,-0.21696888232545958,0,17.85143769968051
MC102328,MEDICAL_CLAIM,-0.14863771046741447,0,75.8985623003195
MC104102,MEDICAL_CLAIM,-0.1948598015436478,0,45.16773162939297
MC102136,MEDICAL_CLAIM,-0.18592995725851197,0,52.81549520766773
MC101666,MEDICAL_CLAIM,-0.17685353874436133,0,59.40495207667732
MC104749,MEDICAL_CLAIM,-0.2203827531761639,0,13.69808306709265
MC104952,MEDICAL_CLAIM,-0.2080142589907178,0,28.88378594249201
MC103550,MEDICAL_CLAIM,-0.19580819190657678,0,44.03953674121406
MC103527,MEDICAL_CLAIM,-0.20771320717245623,0,29.323083067092654
MC103239,MEDICAL_CLAIM,-0.22134889843068095,0,12.440095846645367
MC101908,MEDICAL_CLAIM,-0.22254122601191118,0,10.982428115015974
MC103099,MEDICAL_CLAIM,-0.10190960210728944,0,87.99920127795528
MC102519,MEDICAL_CLAIM,-0.14708273005063244,0,76.55750798722045
MC104375,MEDICAL_CLAIM,-0.05381560632426052,0,93.61022364217251
MC103902,MEDICAL_CLAIM,-0.20009814655521158,0,38.63817891373802
MC102230,MEDICAL_CLAIM,-0.20928278163565484,0,27.316293929712458
MC103903,MEDICAL_CLAIM,-0.19796169296085775,0,41.45367412140575
MC104585,MEDICAL_CLAIM,-0.086233534119038,0,89.95607028753993
MC102681,MEDICAL_CLAIM,-0.2261081466073493,0,6.689297124600639
MC104594,MEDICAL_CLAIM,-0.23142159688491803,0,2.2763578274760383
MC104139,MEDICAL_CLAIM,-0.010234048919869898,0,97.50399361022363
MC101646,MEDICAL_CLAIM,-0.1375213817932341,0,79.93210862619809
MC102150,MEDICAL_CLAIM,-0.045609825410456106,0,94.40894568690096
MC101047,MEDICAL_CLAIM,-0.16952227513731616,0,65.09584664536742
MC100457,MEDICAL_CLAIM,-0.18268203600699062,0,55.25159744408946
MC104644,MEDICAL_CLAIM,-0.17382442272095538,0,61.920926517571885
MC100379,MEDICAL_CLAIM,-0.07808661767992353,0,90.77476038338658
MC103473,MEDICAL_CLAIM,-0.22300082897733886,0,10.44329073482428
MC102936,MEDICAL_CLAIM,-0.03277512314913644,0,95.6070287539936
MC100406,MEDICAL_CLAIM,-0.17086246432233715,0,64.11741214057508
MC103004,MEDICAL_CLAIM,-0.144053972783745,0,77.83546325878594
MC103604,MEDICAL_CLAIM,-0.19954326539088207,0,39.257188498402556
MC103171,MEDICAL_CLAIM,-0.19590097394643935,0,43.90974440894569
MC102446,MEDICAL_CLAIM,-0.1972643266550842,0,42.43210862619809
MC103086,MEDICAL_CLAIM,-0.17398415074497958,0,61.74121405750799
MC103842,MEDICAL_CLAIM,-0.20873004345457247,0,28.01517571884984
MC101726,MEDICAL_CLAIM,-0.23078855919114294,0,2.6956869009584663
MC101925,MEDICAL_CLAIM,-0.08985675097816281,0,89.5167731629393
MC101595,MEDICAL_CLAIM,-0.18603383431024245,0,52.73562300319489
MC100769,MEDICAL_CLAIM,-0.20799031953289038,0,28.933706070287542
MC100875,MEDICAL_CLAIM,-0.21898721275286442,0,15.595047923322683
MC103883,MEDICAL_CLAIM,-0.06581109537461705,0,92.0726837060703
MC100986,MEDICAL_CLAIM,-0.19896881184638687,0,39.81629392971246
MC102556,MEDICAL_CLAIM,-0.22363426266646175,0,9.604632587859426
MC104485,MEDICAL_CLAIM,-0.20632559031571757,0,30.890575079872207
MC101028,MEDICAL_CLAIM,-0.2037150993998022,0,33.98562300319489
MC103514,MEDICAL_CLAIM,-0.1548989671650272,0,73.26277955271566
MC103412,MEDICAL_CLAIM,-0.1911792496553109,0,48.28274760383386
MC104754,MEDICAL_CLAIM,-0.20032505558004293,0,38.33865814696485
MC103669,MEDICAL_CLAIM,-0.20481001727592418,0,32.847444089456864
MC101144,MEDICAL_CLAIM,-0.19066875129719119,0,48.48242811501598
MC104437,MEDICAL_CLAIM,-0.1861631693439315,0,52.575878594249204
MC103220,MEDICAL_CLAIM,0.0029639044710065843,1,98.22284345047923
MC102647,MEDICAL_CLAIM,-0.2214962337687879,0,12.300319488817891
MC104972,MEDICAL_CLAIM,-0.18462147925246142,0,53.813897763578275
MC100728,MEDICAL_CLAIM,-0.06337023167955258,0,92.41214057507987
MC100857,MEDICAL_CLAIM,-0.08693838181667657,0,89.8761980830671
MC102330,MEDICAL_CLAIM,-0.16941325200549262,0,65.20567092651757
MC100571,MEDICAL_CLAIM,-0.20196738767207578,0,36.26198083067093
MC102101,MEDICAL_CLAIM,-0.08626670971161338,0,89.93610223642172
MC101605,MEDICAL_CLAIM,-0.208452630804573,0,28.36461661341853
MC102023,MEDICAL_CLAIM,-0.16309251996867397,0,68.94968051118211
MC100074,MEDICAL_CLAIM,-0.19066860834009458,0,48.50239616613419
MC104192,MEDICAL_CLAIM,-0.21858214638083034,0,16.034345047923324
MC103038,MEDICAL_CLAIM,-0.06641735134575161,0,91.93290734824281
MC104046,MEDICAL_CLAIM,-0.20879798421041895,0,27.915335463258785
MC104500,MEDICAL_CLAIM,-0.1989283095612085,0,39.876198083067095
MC101753,MEDICAL_CLAIM,-0.204298667869672,0,33.406549520766774
MC100475,MEDICAL_CLAIM,-0.22326082387454987,0,10.18370607028754
MC102967,MEDICAL_CLAIM,-0.20792268195987657,0,29.033546325878596
MC102628,MEDICAL_CLAIM,-0.21618193280181042,0,18.650159744408946
MC103152,MEDICAL_CLAIM,-0.20350218725108332,0,34.30511182108626
MC100281,MEDICAL_CLAIM,-0.22527788536133697,0,7.527955271565495
MC103707,MEDICAL_CLAIM,-0.18551613824420782,0,53.15495207667732
MC104384,MEDICAL_CLAIM,-0.21779762254549712,0,16.85303514376997
MC103213,MEDICAL_CLAIM,-0.19341620863044096,0,46.54552715654952
MC102941,MEDICAL_CLAIM,-0.17697818909545543,0,59.34504792332268
MC100822,MEDICAL_CLAIM,-0.21166097261471628,0,24.021565495207668
MC102911,MEDICAL_CLAIM,-0.21851095245861474,0,16.154153354632587
MC101990,MEDICAL_CLAIM,-0.22635085477271027,0,6.429712460063898
MC101163,MEDICAL_CLAIM,-0.1745068465903264,0,61.162140575079874
MC102902,MEDICAL_CLAIM,0.009093804291353091,1,98.76198083067092
MC100957,MEDICAL_CLAIM,-0.13958402697805522,0,79.37300319488818
MC104945,MEDICAL_CLAIM,-0.206873071568756,0,30.331469648562297
MC102111,MEDICAL_CLAIM,-0.2004271957084972,0,38.19888178913738
MC102155,MEDICAL_CLAIM,-0.20581356514284505,0,31.549520766773163
MC104863,MEDICAL_CLAIM,-0.15751811099750657,0,72.00479233226838
MC100453,MEDICAL_CLAIM,-0.09909679528224619,0,88.33865814696486
MC100509,MEDICAL_CLAIM,-0.20155892047008905,0,36.84105431309904
MC103128,MEDICAL_CLAIM,-0.2018640568687653,0,36.441693290734825
MC104563,MEDICAL_CLAIM,-0.22982076214392477,0,3.5742811501597442
MC101447,MEDICAL_CLAIM,-0.19520841322151578,0,44.58865814696485
MC103815,MEDICAL_CLAIM,-0.10563743083189037,0,87.40015974440894
MC101778,MEDICAL_CLAIM,-0.19421449049225098,0,45.86661341853035
MC102006,MEDICAL_CLAIM,-0.1434625543380551,0,78.1349840255591
MC103891,MEDICAL_CLAIM,-0.17918961152941792,0,57.82747603833865
MC103924,MEDICAL_CLAIM,-0.20852207965700603,0,28.19488817891374
MC104505,MEDICAL_CLAIM,-0.16117161894817134,0,70.2276357827476
MC101996,MEDICAL_CLAIM,-0.2094031940230453,0,27.13658146964856
MC104465,MEDICAL_CLAIM,-0.1646777749093724,0,67.8314696485623
MC104237,MEDICAL_CLAIM,-0.04081178437986266,0,94.78833865814697
MC103144,MEDICAL_CLAIM,-0.21719435597182862,0,17.59185303514377
MC103187,MEDICAL_CLAIM,-0.1529546897292417,0,74.24121405750799
MC103622,MEDICAL_CLAIM,-0.19796976002416183,0,41.43370607028754
MC101828,MEDICAL_CLAIM,-0.2099180952398444,0,26.41773162939297
MC103047,MEDICAL_CLAIM,-0.022805632066820514,0,96.60543130990416
MC103279,MEDICAL_CLAIM,-0.013870215890107396,0,97.32428115015975
MC101225,MEDICAL_CLAIM,-0.1661581498786177,0,67.21246006389777
MC100555,MEDICAL_CLAIM,-0.14920994805369636,0,75.67891373801918
MC102186,MEDICAL_CLAIM,-0.2043302356925144,0,33.28674121405751
MC102576,MEDICAL_CLAIM,-0.07181293585529536,0,91.25399361022363
MC104138,MEDICAL_CLAIM,-0.16605853558178613,0,67.2923322683706
MC101968,MEDICAL_CLAIM,-0.1984658756907967,0,40.45527156549521
MC100306,MEDICAL_CLAIM,-0.20649850611842552,0,30.650958466453677
MC101256,MEDICAL_CLAIM,-0.20245945864120135,0,35.72284345047924
MC101351,MEDICAL_CLAIM,-0.1966202842378773,0,43.1908945686901
MC103638,MEDICAL_CLAIM,-0.18157874193443435,0,56.090255591054316
MC104771,MEDICAL_CLAIM,-0.18385996006684152,0,54.33306709265175
MC100228,MEDICAL_CLAIM,-0.025965649066814533,0,96.34584664536742
MC102906,MEDICAL_CLAIM,-0.1459460388650619,0,77.07667731629392
MC100432,MEDICAL_CLAIM,-0.21972248242261805,0,14.616613418530353
MC101948,MEDICAL_CLAIM,-0.1986787252975985,0,40.17571884984025
MC101909,MEDICAL_CLAIM,-0.2078210632904114,0,29.13338658146965
MC102069,MEDICAL_CLAIM,-0.17743287378387723,0,59.0055910543131
MC103356,MEDICAL_CLAIM,-0.21372638539131472,0,21.54552715654952
MC104273,MEDICAL_CLAIM,-0.22422235430539134,0,8.716054313099042
MC104212,MEDICAL_CLAIM,-0.20514282352511815,0,32.56789137380191
MC104737,MEDICAL_CLAIM,-0.12805741594523068,0,82.78753993610223
MC103271,MEDICAL_CLAIM,-0.15553762888306916,0,72.82348242811501
MC102994,MEDICAL_CLAIM,-0.18416999974008852,0,54.03354632587859
MC103837,MEDICAL_CLAIM,-0.16933770954026095,0,65.29552715654951
MC103620,MEDICAL_CLAIM,-0.13698401973473473,0,80.19169329073482
MC102891,MEDICAL_CLAIM,-0.20986852392899946,0,26.497603833865814
MC102964,MEDICAL_CLAIM,-0.1365713744567682,0,80.3514376996805
MC100372,MEDICAL_CLAIM,-0.055872867709552465,0,93.35063897763578
MC100203,MEDICAL_CLAIM,-0.13229009890960947,0,81.76916932907349
MC102862,MEDICAL_CLAIM,-0.14645657778327958,0,76.87699680511182
MC100238,MEDICAL_CLAIM,-0.005364214887382923,0,97.82348242811501
MC102400,MEDICAL_CLAIM,-0.19846286568539817,0,40.475239616613415
MC102331,MEDICAL_CLAIM,-0.15566703814118732,0,72.74361022364218
MC101040,MEDICAL_CLAIM,-0.2177344079935109,0,16.89297124600639
MC100526,MEDICAL_CLAIM,-0.21270836426425793,0,22.823482428115017
MC100928,MEDICAL_CLAIM,-0.20183677555904767,0,36.501597444089455
MC104362,MEDICAL_CLAIM,-0.11315890298045961,0,86.16214057507987
MC103769,MEDICAL_CLAIM,-0.1769918357633985,0,59.325079872204476
MC102210,MEDICAL_CLAIM,-0.10993584814063717,0,86.74121405750799
MC100824,MEDICAL_CLAIM,-0.14529425496409998,0,77.4161341853035
MC104417,MEDICAL_CLAIM,-0.20587631054839411,0,31.389776357827476
MC104983,MEDICAL_CLAIM,-0.21516990122283308,0,19.90814696485623
MC103139,MEDICAL_CLAIM,-0.15883012419922987,0,71.20607028753993
MC102942,MEDICAL_CLAIM,-0.1718956060171823,0,63.358626198083066
MC104370,MEDICAL_CLAIM,-0.19902316281545446,0,39.79632587859425
MC103362,MEDICAL_CLAIM,-0.1496074433991792,0,75.46924920127796
MC101738,MEDICAL_CLAIM,-0.2020627819489461,0,36.20207667731629
MC103306,MEDICAL_CLAIM,-0.2262979384614932,0,6.5095846645367414
MC102755,MEDICAL_CLAIM,-0.17509449531132348,0,60.862619808306704
MC100891,MEDICAL_CLAIM,-0.21877330840805287,0,15.814696485623003
MC100771,MEDICAL_CLAIM,-0.17879314526731893,0,58.04712460063898
MC103251,MEDICAL_CLAIM,-0.13604473310248466,0,80.57108626198082
MC101844,MEDICAL_CLAIM,-0.2092055928760454,0,27.43610223642173
MC100700,MEDICAL_CLAIM,-0.205738806134191,0,31.609424920127793
MC102897,MEDICAL_CLAIM,-0.22119095768896285,0,12.699680511182109
MC102106,MEDICAL_CLAIM,-0.22463160967161427,0,8.266773162939298
MC104654,MEDICAL_CLAIM,-0.19031809974027142,0,48.76198083067093
MC100218,MEDICAL_CLAIM,-0.21454969753103315,0,20.587060702875398
MC104135,MEDICAL_CLAIM,-0.14950649852902737,0,75.58905750798722
MC100551,MEDICAL_CLAIM,-0.18592711151533858,0,52.83546325878594
MC100470,MEDICAL_CLAIM,-0.06968334072650778,0,91.41373801916933
MC103148,MEDICAL_CLAIM,-0.2240058261483578,0,8.985623003194888
MC100191,MEDICAL_CLAIM,-0.21325214963398642,0,22.124600638977636
MC100816,MEDICAL_CLAIM,-0.23295472052257543,0,0.8186900958466454
MC101142,MEDICAL_CLAIM,-0.20063313706344882,0,37.93929712460064
MC100872,MEDICAL_CLAIM,-0.15426906730504075,0,73.76198083067092
MC102149,MEDICAL_CLAIM,-0.2150112023793322,0,20.047923322683705
MC104381,MEDICAL_CLAIM,-0.22972215180789696,0,3.634185303514377
MC101878,MEDICAL_CLAIM,-0.19931663254238796,0,39.516773162939295
MC103811,MEDICAL_CLAIM,-0.21881893096408422,0,15.734824281150159
MC102892,MEDICAL_CLAIM,-0.15228049811283118,0,74.53075079872204
MC104402,MEDICAL_CLAIM,-0.1391416536575132,0,79.50279552715655
MC100565,MEDICAL_CLAIM,-0.21542432699777292,0,19.588658146964857
MC103105,MEDICAL_CLAIM,-0.10309454025266862,0,87.69968051118211
MC100255,MEDICAL_CLAIM,-0.13375822163034445,0,81.34984025559106
MC101771,MEDICAL_CLAIM,-0.16383647980339455,0,68.51038338658148
MC102562,MEDICAL_CLAIM,-0.012021209489820439,0,97.46405750798722
MC101841,MEDICAL_CLAIM,-0.20741807404746881,0,29.652555910543132
MC102881,MEDICAL_CLAIM,-0.20035450062878224,0,38.27875399361022
MC104394,MEDICAL_CLAIM,-0.22848374911460662,0,4.612619808306709
MC100327,MEDICAL_CLAIM,-0.14728755042293923,0,76.49760383386581
MC102423,MEDICAL_CLAIM,-0.22381658629552087,0,9.325079872204473
MC104557,MEDICAL_CLAIM,-0.10680284436057813,0,87.30031948881789
MC104281,MEDICAL_CLAIM,-0.0732769962060783,0,91.11421725239617
MC103164,MEDICAL_CLAIM,-0.20783372882168655,0,29.11341853035144
MC102158,MEDICAL_CLAIM,-0.2192147542065489,0,15.275559105431311
MC101500,MEDICAL_CLAIM,-0.2069928770753407,0,30.171725239616613
MC101332,MEDICAL_CLAIM,-0.2156156043002468,0,19.20926517571885
MC104283,MEDICAL_CLAIM,-0.19380925146424344,0,46.20607028753994
MC103107,MEDICAL_CLAIM,-0.0639269909633331,0,92.33226837060703
MC102278,MEDICAL_CLAIM,-0.23293459088141294,0,0.8386581469648562
MC101504,MEDICAL_CLAIM,-0.2154010111303678,0,19.6685303514377
MC104085,MEDICAL_CLAIM,-0.21417062653247576,0,21.26597444089457
MC103115,MEDICAL_CLAIM,-0.17519433635437004,0,60.78274760383386
MC103940,MEDICAL_CLAIM,-0.17377098360840437,0,61.980830670926515
MC103731,MEDICAL_CLAIM,-0.18964766155579588,0,49.43091054313099
MC104449,MEDICAL_CLAIM,-0.22577236350144586,0,6.968849840255591
MC102146,MEDICAL_CLAIM,-0.2146908446555656,0,20.387380191693293
MC104215,MEDICAL_CLAIM,-0.22896085132450283,0,4.15335463258786
MC102809,MEDICAL_CLAIM,-0.013660132140821624,0,97.34424920127796
MC101601,MEDICAL_CLAIM,-0.21543038579637425,0,19.568690095846645
MC100027,MEDICAL_CLAIM,-0.21435616650429068,0,20.906549520766774
MC101421,MEDICAL_CLAIM,-0.1522196979825461,0,74.58067092651757
MC103524,MEDICAL_CLAIM,-0.12244338339066463,0,84.0055910543131
MC102838,MEDICAL_CLAIM,-0.15768370882760024,0,71.92492012779552
MC104704,MEDICAL_CLAIM,-0.18698893061048377,0,51.80710862619809
MC100414,MEDICAL_CLAIM,-0.1611275711074578,0,70.24760383386581
MC104816,MEDICAL_CLAIM,-0.21897956296543764,0,15.615015974440894
MC103951,MEDICAL_CLAIM,-0.20566229302713873,0,31.74920127795527
MC104129,MEDICAL_CLAIM,-0.16285723196620056,0,69.06948881789138
MC104185,MEDICAL_CLAIM,-0.06018024890001161,0,92.84145367412141
MC103560,MEDICAL_CLAIM,-0.17403085048214856,0,61.65135782747604
MC102635,MEDICAL_CLAIM,-0.016933202559058058,0,97.10463258785943
MC102851,MEDICAL_CLAIM,-0.22399315658823804,0,9.005591054313099
MC104797,MEDICAL_CLAIM,-0.11411982466876214,0,85.92252396166134
MC102393,MEDICAL_CLAIM,-0.20716309887407242,0,30.051916932907346
MC104540,MEDICAL_CLAIM,-0.21009232698324232,0,26.317891373801917
MC102367,MEDICAL_CLAIM,0.039428088700185104,1,99.86022364217251
MC102113,MEDICAL_CLAIM,-0.23099134725423842,0,2.5559105431309903
MC100735,MEDICAL_CLAIM,-0.13818123378605296,0,79.7923322683706
MC103534,MEDICAL_CLAIM,-0.06616573857055347,0,92.01277955271566
MC103469,MEDICAL_CLAIM,-0.19798649403162694,0,41.38378594249201
MC104690,MEDICAL_CLAIM,-0.21061628972450736,0,25.459265175718848
MC101139,MEDICAL_CLAIM,-0.2238191756290967,0,9.305111821086262
MC103957,MEDICAL_CLAIM,-0.21652990439700293,0,18.350638977635782
MC102590,MEDICAL_CLAIM,-0.21524568780680603,0,19.868210862619808
MC104401,MEDICAL_CLAIM,-0.22988942121756134,0,3.4544728434504792
MC100390,MEDICAL_CLAIM,-0.2218587997815228,0,11.880990415335463
MC100908,MEDICAL_CLAIM,-0.016751188365608183,0,97.12460063897763
MC100362,MEDICAL_CLAIM,-0.216544937668607,0,18.330670926517573
MC102289,MEDICAL_CLAIM,-0.21605823236038368,0,18.849840255591054
MC103688,MEDICAL_CLAIM,-0.17695431402211953,0,59.365015974440894
MC100105,MEDICAL_CLAIM,-0.23172311382403987,0,2.1166134185303513
MC101246,MEDICAL_CLAIM,-0.21666445219265035,0,18.091054313099043
MC100952,MEDICAL_CLAIM,-0.1698812880547143,0,64.79632587859425
MC103736,MEDICAL_CLAIM,-0.21047814711773333,0,25.718849840255594
MC103459,MEDICAL_CLAIM,-0.2052386828886822,0,32.32827476038339
MC103377,MEDICAL_CLAIM,-0.21109818086972915,0,24.920127795527154
MC102582,MEDICAL_CLAIM,0.002354885810420315,1,98.18290734824281
MC103835,MEDICAL_CLAIM,0.007200175508111362,1,98.62220447284345
MC100594,MEDICAL_CLAIM,-0.22464809638762562,0,8.246805111821086
MC101468,MEDICAL_CLAIM,-0.1684307792624738,0,65.71485623003196
MC102229,MEDICAL_CLAIM,-0.20797329279662985,0,28.97364217252396
MC104838,MEDICAL_CLAIM,-0.19836742104747734,0,40.73482428115016
MC103929,MEDICAL_CLAIM,-0.16037657366106606,0,70.5870607028754
MC100264,MEDICAL_CLAIM,-0.00317476509820358,0,97.92332268370608
MC102830,MEDICAL_CLAIM,-0.036081153332770066,0,95.4073482428115
MC100254,MEDICAL_CLAIM,-0.1863665251245114,0,52.436102236421725
MC104535,MEDICAL_CLAIM,-0.19058251374920787,0,48.58226837060703
MC100017,MEDICAL_CLAIM,-0.08927262186942875,0,89.59664536741214
MC102432,MEDICAL_CLAIM,-0.1735173068886901,0,62.20047923322684
MC104080,MEDICAL_CLAIM,-0.19057866366187337,0,48.602236421725244
MC104618,MEDICAL_CLAIM,-0.2022667427865774,0,36.00239616613419
MC100339,MEDICAL_CLAIM,-0.20063276463427004,0,37.95926517571885
MC100033,MEDICAL_CLAIM,-0.22985149370924773,0,3.494408945686901
MC103233,MEDICAL_CLAIM,-0.19623455591432548,0,43.55031948881789
MC103670,MEDICAL_CLAIM,-0.20406604233000913,0,33.626198083067095
MC104054,MEDICAL_CLAIM,-0.04036381760648089,0,94.88817891373802
MC104553,MEDICAL_CLAIM,-0.04175542164116797,0,94.70846645367412
MC100974,MEDICAL_CLAIM,-0.21933363500910408,0,15.0758785942492
MC104998,MEDICAL_CLAIM,-0.18201341855240605,0,55.75079872204473
MC104733,MEDICAL_CLAIM,-0.23464975450382453,0,0.2995207667731629
MC102728,MEDICAL_CLAIM,-0.12538599713157444,0,83.36661341853035
MC101890,MEDICAL_CLAIM,-0.2318800411591201,0,1.9568690095846646
MC101092,MEDICAL_CLAIM,-0.20191024422873882,0,36.34185303514377
MC101986,MEDICAL_CLAIM,-0.1822057971263793,0,55.58107028753994
MC102324,MEDICAL_CLAIM,-0.19521368049295484,0,44.56869009584665
MC104524,MEDICAL_CLAIM,-0.18698893061048377,0,51.80710862619809
MC104695,MEDICAL_CLAIM,-0.144283418075157,0,77.77555910543131
MC101333,MEDICAL_CLAIM,-0.031660691890263326,0,95.72683706070288
MC102174,MEDICAL_CLAIM,-0.09017287523345746,0,89.49680511182109
MC104264,MEDICAL_CLAIM,-0.21134775297828523,0,24.460862619808307
MC103790,MEDICAL_CLAIM,-0.17794803671300286,0,58.626198083067095
MC102516,MEDICAL_CLAIM,-0.0581726048876966,0,93.13099041533548
MC104248,MEDICAL_CLAIM,-0.17823296312627945,0,58.366613418530356
MC101358,MEDICAL_CLAIM,-0.16055762951935615,0,70.50718849840256
MC101454,MEDICAL_CLAIM,-0.20935894763053026,0,27.216453674121404
MC102439,MEDICAL_CLAIM,-0.1866125643259816,0,52.25638977635783
MC102699,MEDICAL_CLAIM,-0.020086888348477494,0,96.8849840255591
MC101766,MEDICAL_CLAIM,-0.19512955766997164,0,44.76837060702875
MC103926,MEDICAL_CLAIM,-0.19915770749723855,0,39.656549520766774
MC102804,MEDICAL_CLAIM,-0.18495046371712398,0,53.614217252396166
MC103913,MEDICAL_CLAIM,-0.15445664271563997,0,73.62220447284345
MC102295,MEDICAL_CLAIM,-0.19190649546426952,0,47.72364217252396
MC101417,MEDICAL_CLAIM,-0.18197399741995895,0,55.810702875399365
MC101796,MEDICAL_CLAIM,-0.21450908625698262,0,20.666932907348244
MC103261,MEDICAL_CLAIM,-0.2029107066175223,0,35.08386581469649
MC102810,MEDICAL_CLAIM,-0.19782452795757538,0,41.75319488817891
MC104603,MEDICAL_CLAIM,-0.1514087537913969,0,74.84025559105432
MC101109,MEDICAL_CLAIM,-0.13404069792195744,0,81.25
MC100019,MEDICAL_CLAIM,-0.20959366199451485,0,26.797124600638977
MC100007,MEDICAL_CLAIM,-0.14520362386581648,0,77.45607028753993
MC104547,MEDICAL_CLAIM,-0.05767212865318716,0,93.15095846645367
MC103643,MEDICAL_CLAIM,-0.20956952801710604,0,26.87699680511182
MC103347,MEDICAL_CLAIM,-0.21857622807206067,0,16.054313099041533
MC103504,MEDICAL_CLAIM,-0.10692784290615454,0,87.26038338658148
MC101987,MEDICAL_CLAIM,-0.17446977136889563,0,61.26198083067093
MC100995,MEDICAL_CLAIM,-0.1869011525927024,0,51.93690095846646
MC103321,MEDICAL_CLAIM,-0.17667457263433684,0,59.584664536741215
MC103450,MEDICAL_CLAIM,-0.17330714997768476,0,62.400159744408946
MC101803,MEDICAL_CLAIM,-0.19332219676678203,0,46.64536741214057
MC104706,MEDICAL_CLAIM,-0.2071892250988493,0,30.031948881789138
MC104067,MEDICAL_CLAIM,-0.21609089650531232,0,18.80990415335463
MC103513,MEDICAL_CLAIM,-0.17373108081610106,0,62.00079872204473
MC103162,MEDICAL_CLAIM,-0.18342862221431117,0,54.71246006389776
MC104187,MEDICAL_CLAIM,-0.19697160925139395,0,42.73162939297125
MC100447,MEDICAL_CLAIM,0.01973430413415178,1,99.22124600638978
MC100731,MEDICAL_CLAIM,-0.23066799081813955,0,2.77555910543131
MC103028,MEDICAL_CLAIM,-0.15738985684207868,0,72.04472843450479
MC102769,MEDICAL_CLAIM,-0.15415981016523822,0,73.78194888178913
MC103667,MEDICAL_CLAIM,-0.22487719444328358,0,8.007188498402556
MC103645,MEDICAL_CLAIM,-0.13966276354483736,0,79.33306709265176
MC104868,MEDICAL_CLAIM,-0.026857525629207957,0,96.1661341853035
MC101292,MEDICAL_CLAIM,-0.1929274294288108,0,46.92492012779553
MC104731,MEDICAL_CLAIM,-0.1970684395250023,0,42.6517571884984
MC104676,MEDICAL_CLAIM,-0.1738580900158765,0,61.861022364217256
MC101076,MEDICAL_CLAIM,-0.18331325904053863,0,54.83226837060703
MC102116,MEDICAL_CLAIM,-0.2128028364855789,0,22.72364217252396
MC100310,MEDICAL_CLAIM,-0.23131260351162908,0,2.356230031948882
MC102154,MEDICAL_CLAIM,-0.11316294696196133,0,86.14217252396166
MC101493,MEDICAL_CLAIM,-0.14757936117674214,0,76.33785942492013
MC102157,MEDICAL_CLAIM,-0.2262930619315794,0,6.529552715654951
MC104881,MEDICAL_CLAIM,-0.1973324550477149,0,42.37220447284345
MC100715,MEDICAL_CLAIM,-0.22430614460991632,0,8.606230031948883
MC101921,MEDICAL_CLAIM,-0.19482994449109675,0,45.227635782747605
MC101395,MEDICAL_CLAIM,-0.10219053290900765,0,87.89936102236422
MC101728,MEDICAL_CLAIM,-0.14742293917981136,0,76.41773162939297
MC102412,MEDICAL_CLAIM,-0.01854220490255787,0,96.96485623003196
MC100659,MEDICAL_CLAIM,-0.20112919990300926,0,37.44009584664536
MC103228,MEDICAL_CLAIM,-0.2089067228439408,0,27.815495207667734
MC104193,MEDICAL_CLAIM,0.00333624244659525,1,98.30271565495208
MC100441,MEDICAL_CLAIM,-0.08045105995314139,0,90.55511182108627
MC100175,MEDICAL_CLAIM,-0.18517159224490398,0,53.394568690095845
MC103009,MEDICAL_CLAIM,-0.23256365173559912,0,1.2380191693290734
MC100978,MEDICAL_CLAIM,-0.14986310061394736,0,75.31948881789138
MC104512,MEDICAL_CLAIM,-0.20026753414987197,0,38.39856230031949
MC102637,MEDICAL_CLAIM,-0.20831840959436243,0,28.634185303514375
MC104939,MEDICAL_CLAIM,-0.05640692889711496,0,93.27076677316293
MC103120,MEDICAL_CLAIM,-0.10989974283012627,0,86.7611821086262
MC104230,MEDICAL_CLAIM,-0.10955046985132372,0,86.82108626198082
MC101451,MEDICAL_CLAIM,-0.17397176550899057,0,61.7611821086262
MC100585,MEDICAL_CLAIM,-0.15565525959429966,0,72.76357827476039
MC104820,MEDICAL_CLAIM,-0.22260982346284686,0,10.90255591054313
MC101730,MEDICAL_CLAIM,-0.19272928386002874,0,47.16453674121406
MC104034,MEDICAL_CLAIM,-0.09844213542074864,0,88.3985623003195
MC102648,MEDICAL_CLAIM,-0.1947879308379467,0,45.32747603833866
MC103327,MEDICAL_CLAIM,-0.22944465622841825,0,3.893769968051118
MC102807,MEDICAL_CLAIM,-0.16430429828831805,0,68.13099041533548
MC100980,MEDICAL_CLAIM,-0.21906260516632475,0,15.495207667731629
MC104303,MEDICAL_CLAIM,-0.2030707058334747,0,34.924121405750796
MC102453,MEDICAL_CLAIM,-0.22224447959542398,0,11.38178913738019
MC103865,MEDICAL_CLAIM,-0.17739824972920298,0,59.02555910543131
MC101107,MEDICAL_CLAIM,-0.19715673566009284,0,42.551916932907346
MC102697,MEDICAL_CLAIM,-0.19674331277989826,0,43.04113418530351
MC102754,MEDICAL_CLAIM,-0.04640457359111616,0,94.24920127795528
MC104174,MEDICAL_CLAIM,-0.21785867834578287,0,16.76317891373802
MC102617,MEDICAL_CLAIM,-0.14258357199787847,0,78.4944089456869
MC100684,MEDICAL_CLAIM,-0.21312672499200674,0,22.304313099041533
MC103153,MEDICAL_CLAIM,-0.21055478088149676,0,25.579073482428115
MC101267,MEDICAL_CLAIM,-0.2077319496249458,0,29.273162939297126
MC104957,MEDICAL_CLAIM,-0.21279358110028357,0,22.74361022364217
MC103293,MEDICAL_CLAIM,-0.20291176828573393,0,35.063897763578275
MC101811,MEDICAL_CLAIM,-0.17253626171327285,0,62.91932907348243
MC102710,MEDICAL_CLAIM,-0.1022400511952441,0,87.879392971246
MC101353,MEDICAL_CLAIM,-0.14284548371927286,0,78.41453674121406
MC103100,MEDICAL_CLAIM,0.00901088157402119,1,98.74201277955271
MC104946,MEDICAL_CLAIM,-0.14491679046959866,0,77.55591054313099
MC102575,MEDICAL_CLAIM,-0.21292368768174197,0,22.623801916932905
MC104181,MEDICAL_CLAIM,-0.18079888019152407,0,56.70926517571885
MC102164,MEDICAL_CLAIM,-0.1736187379127176,0,62.04073482428115
MC102729,MEDICAL_CLAIM,-0.1470366494264465,0,76.59744408945687
MC102716,MEDICAL_CLAIM,-0.20991699944021475,0,26.437699680511184
MC101376,MEDICAL_CLAIM,-0.2154806296669874,0,19.448881789137378
MC104029,MEDICAL_CLAIM,0.003314842813924357,1,98.28274760383387
MC103345,MEDICAL_CLAIM,-0.22868109888042232,0,4.432907348242812
MC104895,MEDICAL_CLAIM,-0.19220714020021773,0,47.48402555910543
MC101110,MEDICAL_CLAIM,-0.22395936901456953,0,9.045527156549522
MC104971,MEDICAL_CLAIM,-0.20362636083195584,0,34.08546325878594
MC103048,MEDICAL_CLAIM,-0.1928439759786934,0,47.04472843450479
MC100855,MEDICAL_CLAIM,-0.22120325749562697,0,12.679712460063897
MC103093,MEDICAL_CLAIM,-0.16644196643798576,0,67.05271565495208
MC104388,MEDICAL_CLAIM,-0.1975778583322138,0,42.11261980830671
MC101108,MEDICAL_CLAIM,-0.23273002712056845,0,1.0583067092651757
MC100808,MEDICAL_CLAIM,-0.22704075673577068,0,5.730830670926518
MC104723,MEDICAL_CLAIM,-0.05569722926218623,0,93.41054313099042
MC100214,MEDICAL_CLAIM,-0.20650026750589906,0,30.630990415335464
MC101555,MEDICAL_CLAIM,-0.21829476905908396,0,16.273961661341854
MC101296,MEDICAL_CLAIM,-0.2296760145764481,0,3.654153354632588
MC102683,MEDICAL_CLAIM,-0.15588780725747753,0,72.70367412140575
MC100001,MEDICAL_CLAIM,-0.16074299146426668,0,70.3873801916933
MC104410,MEDICAL_CLAIM,-0.1969948915558702,0,42.71166134185304
MC103501,MEDICAL_CLAIM,-0.21249760672916906,0,23.10303514376997
MC100940,MEDICAL_CLAIM,-0.19582729345353506,0,44.009584664536746
MC104012,MEDICAL_CLAIM,-0.11098614478636526,0,86.54153354632588
MC104529,MEDICAL_CLAIM,-0.12074806647949704,0,84.42492012779552
MC102790,MEDICAL_CLAIM,-0.19590470476920113,0,43.88977635782748
MC103070,MEDICAL_CLAIM,-0.22993947632795514,0,3.3945686900958463
MC101167,MEDICAL_CLAIM,-0.16837897362538506,0,65.75479233226838
MC104169,MEDICAL_CLAIM,-0.1949484894993091,0,44.95806709265175
MC100229,MEDICAL_CLAIM,-0.21939481752779522,0,15.03594249201278
MC102264,MEDICAL_CLAIM,-0.13700388552124498,0,80.1717252396166
MC104245,MEDICAL_CLAIM,-0.19968534529774234,0,39.03753993610224
MC104914,MEDICAL_CLAIM,-0.10547304185171125,0,87.44009584664538
MC103579,MEDICAL_CLAIM,-0.17005701979429538,0,64.67651757188499
MC103243,MEDICAL_CLAIM,-0.1540627917058237,0,73.80191693290735
MC102939,MEDICAL_CLAIM,-0.17809261712546748,0,58.46645367412141
MC100213,MEDICAL_CLAIM,-0.23093154854892978,0,2.615814696485623
MC102733,MEDICAL_CLAIM,-0.2211253787918589,0,12.75958466453674
MC100602,MEDICAL_CLAIM,-0.21692840646324185,0,17.871405750798722
MC103191,MEDICAL_CLAIM,-0.21749283369816447,0,17.212460063897765
MC102450,MEDICAL_CLAIM,-0.07560733164649935,0,90.95447284345049
MC103395,MEDICAL_CLAIM,-0.205796566723299,0,31.569488817891372
MC103860,MEDICAL_CLAIM,-0.18956299720893577,0,49.54073482428115
MC101260,MEDICAL_CLAIM,0.007216537468003104,1,98.64217252396166
MC102274,MEDICAL_CLAIM,-0.18613441236039202,0,52.655750798722046
MC101882,MEDICAL_CLAIM,-0.1664299726567826,0,67.0726837060703
MC100671,MEDICAL_CLAIM,-0.1836977673565236,0,54.43290734824281
MC103912,MEDICAL_CLAIM,-0.08170570101794666,0,90.37539936102237
MC102122,MEDICAL_CLAIM,-0.22373533559132464,0,9.504792332268371
MC100412,MEDICAL_CLAIM,-0.19518141674716027,0,44.64856230031949
MC100859,MEDICAL_CLAIM,-0.15917604021319937,0,71.10623003194888
MC104740,MEDICAL_CLAIM,-0.15608723450516132,0,72.60383386581469
MC103011,MEDICAL_CLAIM,-0.18660280906845556,0,52.27635782747604
MC103342,MEDICAL_CLAIM,-0.22856546716689768,0,4.512779552715656
MC104050,MEDICAL_CLAIM,-0.00995145339325132,0,97.54392971246007
MC100276,MEDICAL_CLAIM,-0.21402595584148976,0,21.365814696485625
MC104064,MEDICAL_CLAIM,-0.2313384440879418,0,2.3362619808306713
MC104355,MEDICAL_CLAIM,-0.02740675349072841,0,96.08626198083067
MC100315,MEDICAL_CLAIM,-0.22987126503633637,0,3.47444089456869
MC103979,MEDICAL_CLAIM,-0.18289664402469596,0,55.171725239616606
MC102642,MEDICAL_CLAIM,-0.1575234748255282,0,71.98482428115017
MC104419,MEDICAL_CLAIM,-0.18897987267333438,0,50.11980830670927
MC103140,MEDICAL_CLAIM,-0.1753788434930757,0,60.6429712460064
MC100150,MEDICAL_CLAIM,-0.1995854528881979,0,39.19728434504792
MC103392,MEDICAL_CLAIM,-0.0026553267407074532,0,97.94329073482429
MC103588,MEDICAL_CLAIM,-0.1937448628011353,0,46.26597444089457
MC104504,MEDICAL_CLAIM,-0.2129779705295059,0,22.543929712460063
MC103564,MEDICAL_CLAIM,-0.22614636606110866,0,6.6293929712460065
MC100304,MEDICAL_CLAIM,-0.22518147903933405,0,7.587859424920127
MC100800,MEDICAL_CLAIM,-0.19762811131246438,0,42.01277955271566
MC104382,MEDICAL_CLAIM,-0.21162866291234117,0,24.0814696485623
MC103657,MEDICAL_CLAIM,-0.20126135139267737,0,37.30031948881789
MC104051,MEDICAL_CLAIM,-0.22329772456781993,0,10.143769968051117
MC100140,MEDICAL_CLAIM,-0.13197892339286532,0,81.90894568690096
MC104321,MEDICAL_CLAIM,-0.20494119969494434,0,32.80750798722045
MC102612,MEDICAL_CLAIM,-0.20107146764655542,0,37.53993610223642
MC104327,MEDICAL_CLAIM,-0.1851507256729925,0,53.43450479233227
MC100532,MEDICAL_CLAIM,-0.13629246491360553,0,80.43130990415335
MC101370,MEDICAL_CLAIM,-0.21463850130857332,0,20.417332268370608
MC103081,MEDICAL_CLAIM,-0.183630476060964,0,54.49281150159745
MC104154,MEDICAL_CLAIM,-0.16263506054576693,0,69.22923322683707
MC103881,MEDICAL_CLAIM,-0.1813553787126802,0,56.17012779552716
MC101326,MEDICAL_CLAIM,-0.17057342693470662,0,64.3370607028754
MC104623,MEDICAL_CLAIM,-0.22274669503487715,0,10.722843450479234
MC100510,MEDICAL_CLAIM,-0.19605909654242049,0,43.75
MC100338,MEDICAL_CLAIM,-0.18100242377956516,0,56.48961661341853
MC104841,MEDICAL_CLAIM,-0.22293652129417613,0,10.523162939297125
MC101268,MEDICAL_CLAIM,-0.16212038527653466,0,69.68849840255591
MC101282,MEDICAL_CLAIM,-0.0690323709369669,0,91.5535143769968
MC104314,MEDICAL_CLAIM,-0.21065695687819852,0,25.43929712460064
MC101640,MEDICAL_CLAIM,-0.2040485320350211,0,33.66613418530351
MC100631,MEDICAL_CLAIM,-0.22277152048217075,0,10.682907348242813
MC100840,MEDICAL_CLAIM,-0.22496472773871307,0,7.907348242811501
MC100075,MEDICAL_CLAIM,-0.1713448981662835,0,63.81789137380191
MC101550,MEDICAL_CLAIM,-0.15678177856635345,0,72.18450479233228
MC100141,MEDICAL_CLAIM,-0.21641091609585,0,18.47044728434505
MC100349,MEDICAL_CLAIM,-0.1333197536163248,0,81.46964856230032
MC102008,MEDICAL_CLAIM,0.03796930030625467,1,99.80031948881789
MC103349,MEDICAL_CLAIM,-0.20694847260957677,0,30.23162939297125
MC104087,MEDICAL_CLAIM,-0.2085599594604446,0,28.154952076677315
MC102192,MEDICAL_CLAIM,-0.22790972765877782,0,5.031948881789138
MC104712,MEDICAL_CLAIM,-0.14587993715418468,0,77.09664536741214
MC103461,MEDICAL_CLAIM,-0.2155699092637562,0,19.289137380191693
MC100011,MEDICAL_CLAIM,-0.1101194575366451,0,86.66134185303514
MC103064,MEDICAL_CLAIM,-0.23215571660824486,0,1.6573482428115016
MC103454,MEDICAL_CLAIM,-0.22084849004744012,0,13.059105431309902
MC103838,MEDICAL_CLAIM,-0.17568794991614922,0,60.3035143769968
MC101290,MEDICAL_CLAIM,-0.07254144647421029,0,91.1741214057508
MC100887,MEDICAL_CLAIM,-0.1093289569750896,0,86.90095846645367
MC102085,MEDICAL_CLAIM,-0.20533491826996303,0,32.22843450479233
MC102022,MEDICAL_CLAIM,-0.20188312141629727,0,36.4017571884984
MC103806,MEDICAL_CLAIM,-0.1607332100521915,0,70.4073482428115
MC100600,MEDICAL_CLAIM,-0.19905735395455132,0,39.77635782747604
MC103708,MEDICAL_CLAIM,-0.1745564669006267,0,61.142172523961655
MC102903,MEDICAL_CLAIM,-0.20341095239690077,0,34.44488817891374
MC101343,MEDICAL_CLAIM,-0.21787755459574498,0,16.65335463258786
MC101930,MEDICAL_CLAIM,-0.22060742051937732,0,13.43849840255591
MC101816,MEDICAL_CLAIM,-0.19337025041497313,0,46.605431309904155
MC102042,MEDICAL_CLAIM,-0.16590520621557636,0,67.37220447284345
MC103549,MEDICAL_CLAIM,-0.20398824831402151,0,33.78594249201278
MC103594,MEDICAL_CLAIM,-0.23301931171315138,0,0.7587859424920127
MC102013,MEDICAL_CLAIM,-0.22031728043200005,0,13.837859424920126
MC101940,MEDICAL_CLAIM,-0.2199244509597475,0,14.237220447284345
MC104696,MEDICAL_CLAIM,-0.17358428337295073,0,62.120607028753994
MC104308,MEDICAL_CLAIM,-0.19773503501498385,0,41.83306709265175
MC100675,MEDICAL_CLAIM,-0.21031924177749506,0,25.97843450479233
MC101098,MEDICAL_CLAIM,-0.17076131216429252,0,64.19728434504792
MC103832,MEDICAL_CLAIM,-0.20229711382714638,0,35.92252396166134
MC101981,MEDICAL_CLAIM,-0.20348081471120177,0,34.384984025559106
MC102901,MEDICAL_CLAIM,-0.13830557051009562,0,79.75239616613419
MC100391,MEDICAL_CLAIM,-0.2096933770144193,0,26.63738019169329
MC100462,MEDICAL_CLAIM,-0.22170546675524128,0,11.940894568690096
MC101919,MEDICAL_CLAIM,-0.21335063391085618,0,21.984824281150157
MC103397,MEDICAL_CLAIM,-0.12008221567015015,0,84.58466453674122
MC102565,MEDICAL_CLAIM,-0.09100807168469799,0,89.37699680511182
MC100496,MEDICAL_CLAIM,-0.2321794683618439,0,1.6174121405750796
MC101250,MEDICAL_CLAIM,-0.1767348456000954,0,59.50479233226837
MC104606,MEDICAL_CLAIM,-0.19048025075909736,0,48.70207667731629
MC103481,MEDICAL_CLAIM,-0.03505141850094806,0,95.50718849840256
MC103032,MEDICAL_CLAIM,-0.2015688647482155,0,36.811102236421725
MC104763,MEDICAL_CLAIM,-0.21419109569461392,0,21.186102236421725
MC102715,MEDICAL_CLAIM,-0.2161134876363372,0,18.75
MC100077,MEDICAL_CLAIM,-0.18867040200919877,0,50.41932907348243
MC100405,MEDICAL_CLAIM,-0.06963845525644519,0,91.43370607028754
MC101181,MEDICAL_CLAIM,-0.22991286566448654,0,3.4345047923322687
MC102277,MEDICAL_CLAIM,-0.026253580954256228,0,96.26597444089457
MC101157,MEDICAL_CLAIM,-0.18802797844061125,0,50.75878594249201
MC100494,MEDICAL_CLAIM,-0.19166829769517163,0,47.94329073482428
MC100110,MEDICAL_CLAIM,-0.21804793218651908,0,16.45367412140575
MC100055,MEDICAL_CLAIM,-0.026832191148130735,0,96.18610223642172
MC101287,MEDICAL_CLAIM,-0.14533183301905095,0,77.39616613418531
MC100755,MEDICAL_CLAIM,-0.12226620135591781,0,84.04552715654951
MC104160,MEDICAL_CLAIM,-0.08278062273978226,0,90.27555910543131
MC104633,MEDICAL_CLAIM,-0.2260691490579368,0,6.7092651757188495
MC104680,MEDICAL_CLAIM,-0.13942835541162996,0,79.43290734824281
MC101125,MEDICAL_CLAIM,-0.1776843740339104,0,58.845846645367416
MC104605,MEDICAL_CLAIM,-0.029750542248372036,0,95.86661341853035
MC101050,MEDICAL_CLAIM,-0.22638479874481432,0,6.409744408945688
MC101740,MEDICAL_CLAIM,-0.17238836113962758,0,63.019169329073485
MC104441,MEDICAL_CLAIM,-0.2223734231664788,0,11.222044728434504
MC100164,MEDICAL_CLAIM,-0.21958717123689103,0,14.756389776357828
MC103577,MEDICAL_CLAIM,-0.20675292337199114,0,30.451277955271568
MC104666,MEDICAL_CLAIM,-0.10720533531821363,0,87.20047923322683
MC102882,MEDICAL_CLAIM,-0.21006834798004514,0,26.33785942492013
MC102836,MEDICAL_CLAIM,-0.1784166724335826,0,58.18690095846646
MC104870,MEDICAL_CLAIM,-0.22752611577909831,0,5.271565495207668
MC102239,MEDICAL_CLAIM,-0.19720546064453398,0,42.49201277955272
MC101667,MEDICAL_CLAIM,-0.12118920114950521,0,84.30511182108627
MC104090,MEDICAL_CLAIM,-0.15597570113454795,0,72.68370607028754
MC100038,MEDICAL_CLAIM,-0.1819508702736689,0,55.83067092651757
MC100352,MEDICAL_CLAIM,-0.1996884200066137,0,39.01757188498402
MC101858,MEDICAL_CLAIM,-0.159552970072252,0,70.92651757188499
MC102526,MEDICAL_CLAIM,-0.2101430037683305,0,26.218051118210862
MC100328,MEDICAL_CLAIM,-0.19178128915577236,0,47.903354632587856
MC102885,MEDICAL_CLAIM,-0.1951234281370463,0,44.78833865814696
MC103212,MEDICAL_CLAIM,-0.15805470764466478,0,71.80511182108627
MC101696,MEDICAL_CLAIM,-0.2098498361282342,0,26.57747603833866
MC103287,MEDICAL_CLAIM,-0.1960317885629077,0,43.78993610223642
MC103174,MEDICAL_CLAIM,-0.12018760683318103,0,84.50479233226838
MC102466,MEDICAL_CLAIM,-0.16451884079858053,0,67.93130990415335
MC101275,MEDICAL_CLAIM,-0.22239936823722006,0,11.162140575079873
MC101548,MEDICAL_CLAIM,-0.19298233703844248,0,46.865015974440894
MC103772,MEDICAL_CLAIM,-0.20948881299902483,0,26.996805111821086
MC103612,MEDICAL_CLAIM,-0.12281382962404613,0,83.90575079872204
MC102362,MEDICAL_CLAIM,-0.10505568466496734,0,87.48003194888179
MC103870,MEDICAL_CLAIM,-0.2235577472063322,0,9.764376996805112
MC100618,MEDICAL_CLAIM,-0.03410730038661114,0,95.52715654952077
MC104929,MEDICAL_CLAIM,-0.22123069644637955,0,12.599840255591054
MC104513,MEDICAL_CLAIM,-0.21118994295047377,0,24.680511182108624
MC100849,MEDICAL_CLAIM,-0.18987225681763525,0,49.12140575079872
MC100975,MEDICAL_CLAIM,-0.009732893808455878,0,97.56389776357828
MC100900,MEDICAL_CLAIM,-0.17329505763736036,0,62.42012779552716
MC102778,MEDICAL_CLAIM,-0.19061061586293598,0,48.56230031948881
MC100712,MEDICAL_CLAIM,-0.22101363322691342,0,12.819488817891376
MC101761,MEDICAL_CLAIM,-0.14671002737614952,0,76.71725239616613
MC101872,MEDICAL_CLAIM,-0.2083995264614047,0,28.51437699680511
MC104416,MEDICAL_CLAIM,-0.18232533505618292,0,55.55111821086262
MC100468,MEDICAL_CLAIM,-0.23273150503305406,0,1.038338658146965
MC104936,MEDICAL_CLAIM,-0.22331890869969961,0,10.063897763578275
MC101481,MEDICAL_CLAIM,-0.09412859920044842,0,89.05750798722045
MC102928,MEDICAL_CLAIM,-0.18972020890366198,0,49.30111821086262
MC102044,MEDICAL_CLAIM,-0.1643879864610273,0,68.03115015974441
MC101405,MEDICAL_CLAIM,-0.1802713167663904,0,57.06869009584664
MC100951,MEDICAL_CLAIM,-0.1682110930325817,0,65.814696485623
MC101896,MEDICAL_CLAIM,-0.16593382182849326,0,67.35223642172524
MC101559,MEDICAL_CLAIM,-0.2317448432356618,0,2.096645367412141
MC104060,MEDICAL_CLAIM,-0.1861499438674697,0,52.595846645367416
MC101920,MEDICAL_CLAIM,-0.2261391371280697,0,6.649361022364217
MC102514,MEDICAL_CLAIM,-0.21115393520848535,0,24.78035143769968
MC100791,MEDICAL_CLAIM,-0.20202499766768628,0,36.222044728434504
MC104752,MEDICAL_CLAIM,-0.21549238248881258,0,19.408945686900957
MC103022,MEDICAL_CLAIM,-0.21097199966355945,0,25.03993610223642
MC102638,MEDICAL_CLAIM,-0.22321529094515052,0,10.303514376996805
MC100564,MEDICAL_CLAIM,-0.18017564676025388,0,57.18849840255591
MC102812,MEDICAL_CLAIM,-0.20183295565254245,0,36.52156549520767
MC101030,MEDICAL_CLAIM,-0.17634135070086876,0,59.864217252396166
MC103528,MEDICAL_CLAIM,-0.21754582629381447,0,17.15255591054313
MC102788,MEDICAL_CLAIM,-0.03043235556225743,0,95.7567891373802
MC101131,MEDICAL_CLAIM,-0.026377022101669145,0,96.24600638977637
MC100210,MEDICAL_CLAIM,-0.1994945633540458,0,39.31709265175719
MC100524,MEDICAL_CLAIM,-0.2204530584788692,0,13.61821086261981
MC104091,MEDICAL_CLAIM,-0.2303982962636556,0,3.035143769968051
MC103823,MEDICAL_CLAIM,-0.13269765772326148,0,81.58945686900958
MC100051,MEDICAL_CLAIM,-0.1790633355996556,0,57.93730031948881
MC103785,MEDICAL_CLAIM,-0.18958521549998425,0,49.50079872204473
MC101781,MEDICAL_CLAIM,-0.21587791936283418,0,19.069488817891376
MC103226,MEDICAL_CLAIM,-0.19887651512437693,0,39.91613418530351
MC103747,MEDICAL_CLAIM,-0.21950741607409174,0,14.916134185303514
MC100674,MEDICAL_CLAIM,-0.12759623476867904,0,82.9073482428115
MC101556,MEDICAL_CLAIM,-0.16181883020768306,0,69.8682108626198
MC103407,MEDICAL_CLAIM,-0.18022195797323431,0,57.1485623003195
MC102559,MEDICAL_CLAIM,-0.21298877945030698,0,22.48402555910543
MC100560,MEDICAL_CLAIM,-0.21643210162278537,0,18.450479233226837
MC103602,MEDICAL_CLAIM,-0.14937712657301283,0,75.61900958466452
MC104446,MEDICAL_CLAIM,-0.18081875735785208,0,56.63937699680511
MC104659,MEDICAL_CLAIM,-0.1836552677920239,0,54.47284345047924
MC103755,MEDICAL_CLAIM,-0.2272703991265687,0,5.451277955271565
MC100569,MEDICAL_CLAIM,-0.21072417673508154,0,25.27955271565495
MC103010,MEDICAL_CLAIM,-0.14222000679741897,0,78.59424920127796
MC103822,MEDICAL_CLAIM,-0.08284210603989417,0,90.2555910543131
MC104857,MEDICAL_CLAIM,-0.22211673823139833,0,11.521565495207668
MC104290,MEDICAL_CLAIM,-0.17840060813371278,0,58.20686900958466
MC103512,MEDICAL_CLAIM,-0.012151939689447722,0,97.44408945686901
MC103127,MEDICAL_CLAIM,-0.19702436880436858,0,42.691693290734825
MC101486,MEDICAL_CLAIM,-0.22897835168901182,0,4.133386581469649
MC103717,MEDICAL_CLAIM,-0.21111797182114062,0,24.820287539936103
MC104980,MEDICAL_CLAIM,-0.2129730552045342,0,22.563897763578275
MC104269,MEDICAL_CLAIM,-0.21661376044094593,0,18.23083067092652
MC100399,MEDICAL_CLAIM,-0.1994495090252067,0,39.396964856230035
MC100263,MEDICAL_CLAIM,-0.15647235322479802,0,72.36421725239617
MC103529,MEDICAL_CLAIM,-0.20112502399301124,0,37.46006389776358
MC102985,MEDICAL_CLAIM,-0.22153659902791278,0,12.160543130990416
MC100106,MEDICAL_CLAIM,-0.22216131764853697,0,11.481629392971247
MC103206,MEDICAL_CLAIM,-0.1710734041552885,0,63.9576677316294
MC100520,MEDICAL_CLAIM,-0.2132692249924223,0,22.104632587859424
MC101812,MEDICAL_CLAIM,-0.22522747093492818,0,7.5479233226837055
MC104554,MEDICAL_CLAIM,-0.19155957366570447,0,48.06309904153355
MC103277,MEDICAL_CLAIM,-0.0985133268152717,0,88.37859424920129
MC102982,MEDICAL_CLAIM,-0.059266013582438326,0,92.99121405750799
MC100767,MEDICAL_CLAIM,-0.22445744039535837,0,8.446485623003195
MC104277,MEDICAL_CLAIM,-0.1841932904842068,0,54.01357827476039
MC100590,MEDICAL_CLAIM,-0.19302168710351186,0,46.82507987220447
MC104490,MEDICAL_CLAIM,-0.16665094032613542,0,66.83306709265176
MC104469,MEDICAL_CLAIM,-0.1960606632130641,0,43.73003194888179
MC100009,MEDICAL_CLAIM,-0.18770826753126424,0,51.15814696485623
MC103355,MEDICAL_CLAIM,-0.10275823042289545,0,87.77955271565496
MC100758,MEDICAL_CLAIM,-0.16156456014301446,0,70.0279552715655
MC101830,MEDICAL_CLAIM,-0.2276781226493274,0,5.171725239616613
MC103592,MEDICAL_CLAIM,-0.18534186753201243,0,53.314696485623
MC101848,MEDICAL_CLAIM,-0.13704947345224916,0,80.11182108626198
MC104565,MEDICAL_CLAIM,-0.14783624853088279,0,76.19808306709265
MC100529,MEDICAL_CLAIM,-0.0242872885853459,0,96.48562300319489
MC103039,MEDICAL_CLAIM,-0.21907478845049305,0,15.455271565495208
MC101985,MEDICAL_CLAIM,-0.21664610268572143,0,18.170926517571885
MC104931,MEDICAL_CLAIM,-0.23122721944609842,0,2.376198083067093
MC100792,MEDICAL_CLAIM,-0.16371262658386454,0,68.61022364217251
MC102924,MEDICAL_CLAIM,-0.19279332506140734,0,47.084664536741215
MC101324,MEDICAL_CLAIM,-0.19788220566364434,0,41.60343450479233
MC102691,MEDICAL_CLAIM,-0.18477462568469766,0,53.75399361022364
MC102953,MEDICAL_CLAIM,-0.13050686892912688,0,82.25838658146965
MC102944,MEDICAL_CLAIM,-0.2164351159242811,0,18.410543130990416
MC104532,MEDICAL_CLAIM,-0.13295524978932666,0,81.54952076677317
MC100651,MEDICAL_CLAIM,-0.2271602825638393,0,5.571086261980831
MC103679,MEDICAL_CLAIM,-0.1690738694832183,0,65.49520766773162
MC100249,MEDICAL_CLAIM,-0.22603173360152168,0,6.769169329073482
MC104556,MEDICAL_CLAIM,-0.2220694784084214,0,11.621405750798722
MC103990,MEDICAL_CLAIM,-0.15857847778933198,0,71.5055910543131
MC100245,MEDICAL_CLAIM,-0.19868226646453374,0,40.155750798722046
MC100579,MEDICAL_CLAIM,-0.2330401983363543,0,0.7388178913738019
MC103804,MEDICAL_CLAIM,-0.061828581262077686,0,92.65175718849841
MC101213,MEDICAL_CLAIM,-0.15980627256079488,0,70.84664536741214
MC104231,MEDICAL_CLAIM,-0.19783246288758066,0,41.683306709265175
MC103258,MEDICAL_CLAIM,-0.2154520875698442,0,19.548722044728432
MC101123,MEDICAL_CLAIM,-0.13568581583921124,0,80.63099041533548
MC104970,MEDICAL_CLAIM,-0.11565656984669365,0,85.60303514376997
MC101033,MEDICAL_CLAIM,-0.1422566469758484,0,78.57428115015975
MC103947,MEDICAL_CLAIM,-0.20467358627635018,0,32.94728434504792
MC100534,MEDICAL_CLAIM,-0.05678115848320431,0,93.22084664536742
MC103165,MEDICAL_CLAIM,-0.20517005430770086,0,32.42811501597444
MC104568,MEDICAL_CLAIM,-0.02333849182601999,0,96.54552715654951
MC104164,MEDICAL_CLAIM,-0.19280293704625373,0,47.064696485623
MC100207,MEDICAL_CLAIM,-0.21528815830448084,0,19.808306709265175
MC103897,MEDICAL_CLAIM,-0.21538013318140736,0,19.698482428115017
MC104898,MEDICAL_CLAIM,-0.1853650200729497,0,53.23482428115016
MC100710,MEDICAL_CLAIM,-0.22206796810155943,0,11.641373801916934
MC104515,MEDICAL_CLAIM,-0.22676108892717073,0,6.010383386581469
MC101204,MEDICAL_CLAIM,-0.23486777964223415,0,0.21964856230031948
MC104932,MEDICAL_CLAIM,-0.23397960065577533,0,0.509185303514377
MC101073,MEDICAL_CLAIM,-0.19341620863044096,0,46.54552715654952
MC101551,MEDICAL_CLAIM,-0.21656115471004872,0,18.260782747603834
MC101238,MEDICAL_CLAIM,-0.1403529207920836,0,79.17332268370608
MC100983,MEDICAL_CLAIM,-0.11481996568522185,0,85.76277955271566
MC102375,MEDICAL_CLAIM,-0.20068941384893546,0,37.89936102236422
MC101576,MEDICAL_CLAIM,-0.13395619342264975,0,81.28993610223642
MC103227,MEDICAL_CLAIM,-0.1691555340775765,0,65.435303514377
MC100443,MEDICAL_CLAIM,-0.0472519108748054,0,94.20926517571885
MC101606,MEDICAL_CLAIM,-0.21638571615477303,0,18.53035143769968
MC102333,MEDICAL_CLAIM,-0.12132454543085514,0,84.26517571884983
MC100308,MEDICAL_CLAIM,-0.16285093810666096,0,69.08945686900958
MC100030,MEDICAL_CLAIM,-0.1374845126265668,0,79.9520766773163
MC103414,MEDICAL_CLAIM,-0.17797100257296755,0,58.566293929712465
MC103526,MEDICAL_CLAIM,-0.13607350930544582,0,80.53115015974441
MC102512,MEDICAL_CLAIM,-0.184872956173602,0,53.63418530351438
MC102021,MEDICAL_CLAIM,-0.17816177650641934,0,58.426517571884986
MC101168,MEDICAL_CLAIM,-0.1736187379127176,0,62.04073482428115
MC103151,MEDICAL_CLAIM,-0.19554683236506265,0,44.269169329073485
MC100709,MEDICAL_CLAIM,-0.06945451230626015,0,91.47364217252397
MC101075,MEDICAL_CLAIM,-0.07158345353346346,0,91.29392971246007
MC103294,MEDICAL_CLAIM,-0.14194868225444612,0,78.6741214057508
MC102297,MEDICAL_CLAIM,-0.23266193391136353,0,1.1980830670926517
MC104735,MEDICAL_CLAIM,-0.19115492419138963,0,48.322683706070286
MC102553,MEDICAL_CLAIM,-0.16036559173774378,0,70.6070287539936
MC100649,MEDICAL_CLAIM,-0.20728891086168283,0,29.85223642172524
MC101036,MEDICAL_CLAIM,-0.20801865272585052,0,28.8538338658147
MC100784,MEDICAL_CLAIM,-0.19274249873539273,0,47.12460063897764
MC103598,MEDICAL_CLAIM,-0.1484606044402903,0,75.97843450479233
MC103333,MEDICAL_CLAIM,-0.22458728704907177,0,8.30670926517572
MC102826,MEDICAL_CLAIM,-0.09423349587686985,0,89.03753993610223
MC101545,MEDICAL_CLAIM,-0.1927496898690903,0,47.10463258785943
MC102416,MEDICAL_CLAIM,-0.20093247576244494,0,37.65974440894569
MC103625,MEDICAL_CLAIM,-0.1767482488552764,0,59.48482428115016
MC102233,MEDICAL_CLAIM,-0.19552599317429842,0,44.3091054313099
MC104979,MEDICAL_CLAIM,-0.1634468426531881,0,68.78993610223642
MC103490,MEDICAL_CLAIM,-0.1274706009385918,0,82.9273162939297
MC101719,MEDICAL_CLAIM,-0.20585899994843632,0,31.409744408945688
MC103767,MEDICAL_CLAIM,-0.02955678660743244,0,95.90654952076677
MC103652,MEDICAL_CLAIM,-0.20097187317066806,0,37.63977635782748
MC103557,MEDICAL_CLAIM,-0.1756786598100722,0,60.363418530351446
MC103484,MEDICAL_CLAIM,-0.1949138685115835,0,45.06789137380191
MC102236,MEDICAL_CLAIM,-0.12549933231689747,0,83.34664536741214
MC100072,MEDICAL_CLAIM,-0.18775400224865774,0,51.09824281150159
MC102114,MEDICAL_CLAIM,-0.07321398737165763,0,91.13418530351439
MC102664,MEDICAL_CLAIM,-0.16657083146710944,0,66.9129392971246
MC101659,MEDICAL_CLAIM,-0.1603044899042948,0,70.66693290734824
MC103312,MEDICAL_CLAIM,-0.0034227116514776723,0,97.90335463258786
MC104086,MEDICAL_CLAIM,-0.15449400802691216,0,73.60223642172524
MC103027,MEDICAL_CLAIM,-0.1783976084931687,0,58.22683706070288
MC102817,MEDICAL_CLAIM,-0.2070818213792432,0,30.131789137380196
MC100583,MEDICAL_CLAIM,-0.20860236490709488,0,28.095047923322685
MC101166,MEDICAL_CLAIM,-0.17721595743629653,0,59.105431309904155
MC102215,MEDICAL_CLAIM,-0.043006340835064605,0,94.58865814696486
MC103723,MEDICAL_CLAIM,-0.1790100300683855,0,57.98722044728435
MC103505,MEDICAL_CLAIM,-0.20563650214513607,0,31.869009584664536
MC104721,MEDICAL_CLAIM,-0.18801544157599703,0,50.798722044728436
MC102430,MEDICAL_CLAIM,-0.11009375413223588,0,86.68130990415335
MC104602,MEDICAL_CLAIM,-0.2175216739966911,0,17.172523961661344
MC102604,MEDICAL_CLAIM,-0.21899498306709542,0,15.575079872204473
MC101701,MEDICAL_CLAIM,-0.14128467717211618,0,78.8738019169329
MC100595,MEDICAL_CLAIM,-0.13564694917648268,0,80.65095846645367
MC102445,MEDICAL_CLAIM,-0.20152593283435916,0,36.90095846645367
MC101821,MEDICAL_CLAIM,-0.21436048109704053,0,20.88658146964856
MC101562,MEDICAL_CLAIM,-0.20834341590331668,0,28.554313099041533
MC101959,MEDICAL_CLAIM,-0.18889733990163493,0,50.23961661341853
MC104839,MEDICAL_CLAIM,-0.17344960296158152,0,62.28035143769968
MC104715,MEDICAL_CLAIM,-0.21278987612432765,0,22.76357827476038
MC102682,MEDICAL_CLAIM,-0.17556293395169553,0,60.4832268370607
MC103856,MEDICAL_CLAIM,-0.08665673931631424,0,89.9161341853035
MC103871,MEDICAL_CLAIM,-0.2299578754322763,0,3.3746006389776357
MC102166,MEDICAL_CLAIM,-0.17661433039901364,0,59.62460063897763
MC101298,MEDICAL_CLAIM,-0.17614368432419325,0,60.02396166134185
MC103681,MEDICAL_CLAIM,-0.14663153584227645,0,76.73722044728434
MC104089,MEDICAL_CLAIM,-0.23016446375741928,0,3.214856230031949
MC103176,MEDICAL_CLAIM,-0.2161215263824755,0,18.71006389776358
MC103699,MEDICAL_CLAIM,-0.10134397185972627,0,88.09904153354633
MC101861,MEDICAL_CLAIM,-0.1769058293141471,0,59.384984025559106
MC101793,MEDICAL_CLAIM,-0.19805655753620083,0,41.21405750798722
MC104662,MEDICAL_CLAIM,-0.19626422800287857,0,43.490415335463254
MC103067,MEDICAL_CLAIM,-0.23190776805606816,0,1.8969648562300319
MC104570,MEDICAL_CLAIM,-0.13665932229326688,0,80.29153354632588
MC102020,MEDICAL_CLAIM,-0.04725214664328381,0,94.18929712460063
MC102223,MEDICAL_CLAIM,-0.22153451447511552,0,12.180511182108626
MC101823,MEDICAL_CLAIM,-0.17251844573158565,0,62.939297124600635
MC104061,MEDICAL_CLAIM,-0.22148553333973847,0,12.340255591054312
MC102283,MEDICAL_CLAIM,-0.17820965720373916,0,58.406549520766774
MC104094,MEDICAL_CLAIM,-0.2222249090077365,0,11.401757188498403
MC101484,MEDICAL_CLAIM,-0.12259710810920554,0,83.97563897763578
MC104992,MEDICAL_CLAIM,-0.07720958748921414,0,90.83466453674122
MC103664,MEDICAL_CLAIM,-0.22468576178873279,0,8.206869009584665
MC100067,MEDICAL_CLAIM,-0.2345614756758555,0,0.3194888178913738
MC101910,MEDICAL_CLAIM,-0.17841720272579953,0,58.16693290734825
MC101564,MEDICAL_CLAIM,-0.22131264023634245,0,12.539936102236421
MC104911,MEDICAL_CLAIM,-0.19885268697607672,0,39.95607028753994
MC100267,MEDICAL_CLAIM,-0.2021396645869678,0,36.102236421725244
MC104307,MEDICAL_CLAIM,-0.14570996405567177,0,77.2264376996805
MC104566,MEDICAL_CLAIM,-0.11578755470002838,0,85.56309904153355
MC100480,MEDICAL_CLAIM,-0.10720285442625183,0,87.22044728434504
MC104474,MEDICAL_CLAIM,0.014371313414022202,1,99.00159744408946
MC100831,MEDICAL_CLAIM,-0.19959684159015428,0,39.177316293929714
MC102938,MEDICAL_CLAIM,-0.1300082192828773,0,82.3682108626198
MC101262,MEDICAL_CLAIM,-0.2064371164409562,0,30.670926517571885
MC100512,MEDICAL_CLAIM,-0.053998983071241624,0,93.5702875399361
MC104521,MEDICAL_CLAIM,-0.21095948845774182,0,25.079872204472842
MC103675,MEDICAL_CLAIM,-0.22966995434995474,0,3.6741214057507987
MC104438,MEDICAL_CLAIM,-0.18124916768176563,0,56.32987220447284
MC100898,MEDICAL_CLAIM,-0.2103898928658537,0,25.878594249201274
MC100574,MEDICAL_CLAIM,-0.05072248526523282,0,93.96964856230032
MC101184,MEDICAL_CLAIM,-0.19163833719776235,0,48.00319488817891
MC104184,MEDICAL_CLAIM,-0.11821058539283891,0,85.10383386581469
MC104910,MEDICAL_CLAIM,-0.13223523976725438,0,81.78913738019169
MC104225,MEDICAL_CLAIM,-0.23033951905197791,0,3.0950479233226837
MC100407,MEDICAL_CLAIM,-0.19588813508062314,0,43.9297124600639
MC103760,MEDICAL_CLAIM,-0.20635392080639048,0,30.790734824281152
MC102478,MEDICAL_CLAIM,-0.15599325418001986,0,72.66373801916933
MC102854,MEDICAL_CLAIM,-0.21733687930540452,0,17.382188498402556
MC101933,MEDICAL_CLAIM,-0.23520239988629066,0,0.1597444089456869
MC100047,MEDICAL_CLAIM,-0.13673201469201451,0,80.27156549520767
MC100573,MEDICAL_CLAIM,-0.15954975238736374,0,70.9464856230032
MC103646,MEDICAL_CLAIM,-0.23310121887080704,0,0.6988817891373802
MC100902,MEDICAL_CLAIM,-0.08351661590065623,0,90.19568690095848
MC100064,MEDICAL_CLAIM,-0.20958906005294603,0,26.81709265175719
MC100316,MEDICAL_CLAIM,-0.18695386958165677,0,51.91693290734825
MC101053,MEDICAL_CLAIM,-0.15643149620507524,0,72.40415335463258
MC104385,MEDICAL_CLAIM,-0.2133543394032711,0,21.96485623003195
MC101517,MEDICAL_CLAIM,-0.22282143039545832,0,10.632987220447285
MC101227,MEDICAL_CLAIM,-0.18741189517802054,0,51.4776357827476
MC102795,MEDICAL_CLAIM,-0.1885434093658408,0,50.49920127795527
MC103112,MEDICAL_CLAIM,-0.22846565405554625,0,4.652555910543131
MC101553,MEDICAL_CLAIM,-0.18138637211071457,0,56.150159744408946
MC101833,MEDICAL_CLAIM,-0.1305723737642301,0,82.20846645367412
MC100300,MEDICAL_CLAIM,-0.08582155613205583,0,89.99600638977637
MC104400,MEDICAL_CLAIM,-0.18672482566723347,0,52.096645367412144
MC100967,MEDICAL_CLAIM,-0.2095780860001254,0,26.837060702875398
MC100487,MEDICAL_CLAIM,-0.21379178362639917,0,21.445686900958467
MC104996,MEDICAL_CLAIM,-0.22997559888325964,0,3.3146964856230032
MC104876,MEDICAL_CLAIM,-0.21882146258714907,0,15.714856230031948
MC104965,MEDICAL_CLAIM,-0.08572182650814714,0,90.01597444089457
MC103265,MEDICAL_CLAIM,-0.13756849588264664,0,79.85223642172524
MC103129,MEDICAL_CLAIM,-0.2134818985503948,0,21.78514376996805
MC101025,MEDICAL_CLAIM,-0.15212696189207847,0,74.6405750798722
MC101426,MEDICAL_CLAIM,-0.08788940548414687,0,89.71645367412141
MC102275,MEDICAL_CLAIM,-0.2076709197378338,0,29.37300319488818
MC101099,MEDICAL_CLAIM,-0.1685537819223777,0,65.69488817891373
MC103605,MEDICAL_CLAIM,-0.15196996327111578,0,74.68051118210862
MC102222,MEDICAL_CLAIM,-0.1813414840789459,0,56.210063897763575
MC102668,MEDICAL_CLAIM,-0.18501431084612713,0,53.55431309904153
MC101034,MEDICAL_CLAIM,-0.21095567930900666,0,25.099840255591054
MC101031,MEDICAL_CLAIM,-0.13105109288411804,0,82.06869009584665
MC104501,MEDICAL_CLAIM,-0.15934068387744865,0,71.02635782747603
MC103900,MEDICAL_CLAIM,-0.10307994009392996,0,87.71964856230032
MC103779,MEDICAL_CLAIM,-0.16744927828456113,0,66.29392971246007
MC104040,MEDICAL_CLAIM,-0.20566157191298118,0,31.76916932907348
MC103177,MEDICAL_CLAIM,-0.09411101640360481,0,89.07747603833866
MC102753,MEDICAL_CLAIM,-0.22085603336714554,0,12.999201277955272
MC100757,MEDICAL_CLAIM,-0.19828346850701944,0,40.91453674121406
MC104801,MEDICAL_CLAIM,-0.22885736709928767,0,4.233226837060703
MC104536,MEDICAL_CLAIM,-0.21897070129481538,0,15.634984025559106
MC101147,MEDICAL_CLAIM,-0.22138057129875122,0,12.400159744408946
MC101677,MEDICAL_CLAIM,-0.22866597394268207,0,4.452875399361023
MC102585,MEDICAL_CLAIM,-0.1918549210011704,0,47.8035143769968
MC102219,MEDICAL_CLAIM,-0.22647046553197148,0,6.329872204472843
MC103359,MEDICAL_CLAIM,-0.23550266138055403,0,0.08985623003194888
MC102602,MEDICAL_CLAIM,-0.17628138377049074,0,59.904153354632584
MC101809,MEDICAL_CLAIM,-0.18006681823580406,0,57.26837060702875
MC102900,MEDICAL_CLAIM,-0.12463703254112857,0,83.54632587859425
MC104694,MEDICAL_CLAIM,-0.17216371508192857,0,63.2388178913738
MC102722,MEDICAL_CLAIM,-0.16281405050118675,0,69.16932907348243
MC104188,MEDICAL_CLAIM,-0.1652375416146617,0,67.4720447284345
MC101186,MEDICAL_CLAIM,-0.1964383477788858,0,43.35063897763578
MC103541,MEDICAL_CLAIM,-0.13019133122154686,0,82.3282747603834
MC100060,MEDICAL_CLAIM,-0.20059194733211289,0,37.99920127795527
MC103366,MEDICAL_CLAIM,-0.22062349014926563,0,13.398562300319488
MC102045,MEDICAL_CLAIM,-0.19963715979463265,0,39.1573482428115
MC103254,MEDICAL_CLAIM,-0.20463943765447357,0,32.98722044728434
MC101956,MEDICAL_CLAIM,-0.14986162445961393,0,75.33945686900958
MC104294,MEDICAL_CLAIM,-0.2180396952946076,0,16.47364217252396
MC102374,MEDICAL_CLAIM,-0.22744800932687537,0,5.31150159744409
MC102749,MEDICAL_CLAIM,-0.1309984596876802,0,82.08865814696486
MC101015,MEDICAL_CLAIM,-0.2253235208513764,0,7.488019169329073
MC101943,MEDICAL_CLAIM,-0.21379440028757352,0,21.425718849840255
MC100456,MEDICAL_CLAIM,-0.21185900595339302,0,23.742012779552716
MC103866,MEDICAL_CLAIM,-0.22204600148061654,0,11.681309904153354
MC103734,MEDICAL_CLAIM,-0.16343664161865534,0,68.84984025559106
MC102325,MEDICAL_CLAIM,-0.2108036651885784,0,25.23961661341853
MC100805,MEDICAL_CLAIM,-0.002113480304935189,0,97.9632587859425
MC102786,MEDICAL_CLAIM,-0.2114104156806434,0,24.361022364217252
MC104063,MEDICAL_CLAIM,-0.20876096896366036,0,27.99520766773163
MC103713,MEDICAL_CLAIM,-0.06281941393191814,0,92.51198083067092
MC104297,MEDICAL_CLAIM,-0.12769605085578417,0,82.8873801916933
MC100850,MEDICAL_CLAIM,-0.18358743020377427,0,54.51277955271565
MC101839,MEDICAL_CLAIM,-0.17963334741747194,0,57.56789137380191
MC103593,MEDICAL_CLAIM,-0.21744677499630927,0,17.252396166134183
MC100431,MEDICAL_CLAIM,-0.19714437027658738,0,42.57188498402556
MC102620,MEDICAL_CLAIM,-0.13403100374642762,0,81.26996805111821
MC101658,MEDICAL_CLAIM,-0.10400271031327774,0,87.59984025559106
MC102884,MEDICAL_CLAIM,-0.1909352792585267,0,48.402555910543136
MC101628,MEDICAL_CLAIM,-0.15941480101098354,0,71.00638977635782
MC102986,MEDICAL_CLAIM,-0.043698903402301426,0,94.54872204472844
MC101937,MEDICAL_CLAIM,-0.1551804692516509,0,73.04313099041534
MC104507,MEDICAL_CLAIM,-0.1758907669638845,0,60.16373801916933
MC101645,MEDICAL_CLAIM,-0.17639608547422453,0,59.82428115015974
MC104596,MEDICAL_CLAIM,-0.1500559614487748,0,75.27955271565496
MC104431,MEDICAL_CLAIM,-0.17277354466981681,0,62.69968051118211
MC100806,MEDICAL_CLAIM,-0.1694109766617698,0,65.23562300319489
MC100705,MEDICAL_CLAIM,-0.14153246523814594,0,78.75399361022363
MC101029,MEDICAL_CLAIM,-0.2317972945868344,0,2.056709265175719
MC103036,MEDICAL_CLAIM,-0.2098676645814807,0,26.517571884984026
MC101081,MEDICAL_CLAIM,0.01102100720665078,1,98.84185303514377
MC102468,MEDICAL_CLAIM,-0.15978058745007123,0,70.86661341853035
MC103428,MEDICAL_CLAIM,-0.09815648876579508,0,88.43849840255591
MC104342,MEDICAL_CLAIM,-0.21816004740668948,0,16.373801916932905
MC104030,MEDICAL_CLAIM,-0.19845502124430514,0,40.53514376996805
MC104549,MEDICAL_CLAIM,-0.17916040686581858,0,57.867412140575084
MC103773,MEDICAL_CLAIM,-0.17187841052835323,0,63.37859424920128
MC100388,MEDICAL_CLAIM,-0.04815918616341586,0,94.1094249201278
MC104214,MEDICAL_CLAIM,-0.14711027529439435,0,76.53753993610223
MC104368,MEDICAL_CLAIM,-0.1615784097181749,0,70.00798722044729
MC102955,MEDICAL_CLAIM,0.0031755438700139527,1,98.26277955271566
MC102401,MEDICAL_CLAIM,-0.21972852850536284,0,14.596645367412139
MC104718,MEDICAL_CLAIM,-0.2100348127860709,0,26.37779552715655
MC103630,MEDICAL_CLAIM,-0.1892588208511115,0,49.84025559105431
MC102009,MEDICAL_CLAIM,-0.21227527809061258,0,23.3426517571885
MC103013,MEDICAL_CLAIM,-0.016557052408700645,0,97.14456869009584
MC103316,MEDICAL_CLAIM,-0.22995982136636633,0,3.3546325878594248
MC103978,MEDICAL_CLAIM,-0.17947978725082492,0,57.65774760383386
MC102095,MEDICAL_CLAIM,-0.1137518812142404,0,85.96246006389777
MC100927,MEDICAL_CLAIM,-0.19613327960733828,0,43.63019169329074
MC101655,MEDICAL_CLAIM,-0.21185289304877897,0,23.781948881789138
MC101911,MEDICAL_CLAIM,-0.2198348729095979,0,14.436900958466452
MC102428,MEDICAL_CLAIM,-0.20154119322541675,0,36.88099041533546
MC101102,MEDICAL_CLAIM,-0.17796779027827736,0,58.58626198083067
MC101008,MEDICAL_CLAIM,-0.16809349728435014,0,65.93450479233228
MC104854,MEDICAL_CLAIM,-0.17532053341182985,0,60.68290734824281
MC101145,MEDICAL_CLAIM,-0.11274570217338054,0,86.2020766773163
MC100234,MEDICAL_CLAIM,-0.17728313387492517,0,59.06549520766773
MC102176,MEDICAL_CLAIM,-0.22201914724290034,0,11.701277955271564
MC100118,MEDICAL_CLAIM,-0.05379184143289484,0,93.63019169329073
MC102783,MEDICAL_CLAIM,-0.1997126037691086,0,38.99760383386581
MC100079,MEDICAL_CLAIM,-0.2263904768357095,0,6.3897763578274756
MC103132,MEDICAL_CLAIM,0.015843348043764305,1,99.0814696485623
MC101688,MEDICAL_CLAIM,-0.21334898079202014,0,22.004792332268373
MC102752,MEDICAL_CLAIM,-0.20921338322724342,0,27.3961661341853
MC101266,MEDICAL_CLAIM,-0.1348331776874952,0,80.95047923322683
MC104011,MEDICAL_CLAIM,-0.1973559898030725,0,42.352236421725244
MC104432,MEDICAL_CLAIM,-0.22239737317265412,0,11.182108626198083
MC104183,MEDICAL_CLAIM,-0.21029644320187918,0,25.998402555910545
MC101453,MEDICAL_CLAIM,-0.1734994810214398,0,62.24041533546326
MC101736,MEDICAL_CLAIM,-0.20814656937724796,0,28.73402555910543
MC104207,MEDICAL_CLAIM,-0.19339966803618763,0,46.58546325878594
MC102775,MEDICAL_CLAIM,-0.1625923639163674,0,69.26916932907349
MC104682,MEDICAL_CLAIM,-0.04183045560994436,0,94.68849840255591
MC100576,MEDICAL_CLAIM,-0.20277823549265744,0,35.3035143769968
MC100283,MEDICAL_CLAIM,-0.22116993297631743,0,12.73961661341853
MC101899,MEDICAL_CLAIM,-0.21643417270232745,0,18.430511182108624
MC101245,MEDICAL_CLAIM,-0.0559041119532242,0,93.33067092651757
MC102768,MEDICAL_CLAIM,-0.052848822387961514,0,93.75
MC101420,MEDICAL_CLAIM,-0.2054999570553646,0,32.048722044728436
MC104291,MEDICAL_CLAIM,-0.20360280389079694,0,34.105431309904155
MC104296,MEDICAL_CLAIM,-0.1694090919544688,0,65.2555910543131
MC100842,MEDICAL_CLAIM,-0.18582871476645846,0,52.95527156549521
MC103291,MEDICAL_CLAIM,-0.19190761797155603,0,47.70367412140575
MC100091,MEDICAL_CLAIM,-0.22445791759983497,0,8.426517571884984
MC101323,MEDICAL_CLAIM,-0.2036010628477189,0,34.14536741214057
MC103249,MEDICAL_CLAIM,-0.20697530609899162,0,30.211661341853034
MC102926,MEDICAL_CLAIM,-0.22173334385443427,0,11.920926517571885
MC104634,MEDICAL_CLAIM,-0.1821211921774052,0,55.63099041533547
MC100416,MEDICAL_CLAIM,-0.2076183676802293,0,29.412939297124602
MC104066,MEDICAL_CLAIM,-0.19341880774377118,0,46.5055910543131
MC103018,MEDICAL_CLAIM,-0.1206536907338911,0,84.45487220447284
MC102543,MEDICAL_CLAIM,-0.18738986754700943,0,51.49760383386581
MC101021,MEDICAL_CLAIM,-0.1891919974382239,0,49.95007987220447
MC103216,MEDICAL_CLAIM,-0.2068592964121725,0,30.371405750798726
MC100489,MEDICAL_CLAIM,-0.2206827898192445,0,13.358626198083067
MC100342,MEDICAL_CLAIM,-0.05874591642276905,0,93.03115015974441
MC102792,MEDICAL_CLAIM,-0.11963321562109369,0,84.82428115015975
MC103443,MEDICAL_CLAIM,-0.1158311537031706,0,85.54313099041534
MC100669,MEDICAL_CLAIM,-0.20258085040512364,0,35.603035143769965
MC102883,MEDICAL_CLAIM,-0.20271793540501204,0,35.36341853035144
MC104878,MEDICAL_CLAIM,-0.20353857144684584,0,34.245207667731634
MC102837,MEDICAL_CLAIM,-0.22916370367426075,0,4.053514376996805
MC100537,MEDICAL_CLAIM,-0.1977088906321039,0,41.89297124600639
MC104213,MEDICAL_CLAIM,-0.11459498889708536,0,85.78274760383387
MC100984,MEDICAL_CLAIM,-0.1516029694679754,0,74.8202875399361
MC104770,MEDICAL_CLAIM,-0.196421938757476,0,43.370607028753994
MC102646,MEDICAL_CLAIM,-0.12291645144881042,0,83.88578274760383
MC102856,MEDICAL_CLAIM,-0.13857029735845622,0,79.71246006389777
MC100126,MEDICAL_CLAIM,-0.18002026649312575,0,57.34824281150159
MC100133,MEDICAL_CLAIM,-0.0037671553669691438,0,97.86341853035144
MC104426,MEDICAL_CLAIM,-0.20081404397078684,0,37.79952076677316
MC104142,MEDICAL_CLAIM,-0.1775749818451422,0,58.94568690095847
MC100165,MEDICAL_CLAIM,-0.1352641713967631,0,80.81070287539937
MC103388,MEDICAL_CLAIM,-0.21516922908736952,0,19.92811501597444
MC100151,MEDICAL_CLAIM,-0.12366261774631637,0,83.72603833865814
MC102084,MEDICAL_CLAIM,-0.020670138499422674,0,96.78514376996804
MC104334,MEDICAL_CLAIM,-0.21702788484143531,0,17.791533546325876
MC104697,MEDICAL_CLAIM,0.00033935530992312835,1,98.06309904153355
MC102495,MEDICAL_CLAIM,-0.18900453466765638,0,50.07987220447284
MC100514,MEDICAL_CLAIM,-0.21319434128449555,0,22.18450479233227
MC101764,MEDICAL_CLAIM,-0.16035233808903865,0,70.64696485623003
MC103415,MEDICAL_CLAIM,-0.2334911802702052,0,0.6190095846645367
MC101045,MEDICAL_CLAIM,-0.20032739447491854,0,38.31869009584665
MC104105,MEDICAL_CLAIM,-0.21094986523209414,0,25.119808306709263
MC102452,MEDICAL_CLAIM,-0.22949827195110095,0,3.7939297124600637
MC101964,MEDICAL_CLAIM,-0.21028867725273281,0,26.01837060702875
MC101767,MEDICAL_CLAIM,-0.15630575012076714,0,72.48402555910543
MC103465,MEDICAL_CLAIM,-0.22832773383665572,0,4.752396166134186
MC100971,MEDICAL_CLAIM,-0.18835879883078493,0,50.59904153354633
MC101340,MEDICAL_CLAIM,-0.21767492789090231,0,17.012779552715653
MC100389,MEDICAL_CLAIM,-0.17630871347675492,0,59.88418530351438
MC101230,MEDICAL_CLAIM,-0.2327266335484381,0,1.108226837060703
MC102426,MEDICAL_CLAIM,-0.16461525364721197,0,67.89137380191693
MC103766,MEDICAL_CLAIM,-0.16757980170717945,0,66.23402555910543
MC103863,MEDICAL_CLAIM,-0.1859987219758118,0,52.7555910543131
MC102243,MEDICAL_CLAIM,0.015502401216726747,1,99.04153354632588
MC104466,MEDICAL_CLAIM,-0.19180385631975988,0,47.86341853035144
MC101516,MEDICAL_CLAIM,-0.21879107757468325,0,15.794728434504792
MC100878,MEDICAL_CLAIM,-0.14870935914000832,0,75.81869009584665
MC101020,MEDICAL_CLAIM,-0.18687661222020108,0,51.97683706070288
MC104613,MEDICAL_CLAIM,-0.2293882959118313,0,3.913738019169329
MC103141,MEDICAL_CLAIM,-0.2154156873580897,0,19.628594249201278
MC102491,MEDICAL_CLAIM,-0.21644884702904754,0,18.390575079872203
MC104345,MEDICAL_CLAIM,-0.2094494857818634,0,27.096645367412144
MC100096,MEDICAL_CLAIM,-0.09662975121645256,0,88.63817891373802
MC100440,MEDICAL_CLAIM,-0.20832784420961542,0,28.57428115015975
MC103656,MEDICAL_CLAIM,-0.22685966154251813,0,5.8706070287539935
MC104495,MEDICAL_CLAIM,-0.20653479507883293,0,30.61102236421725
MC100814,MEDICAL_CLAIM,-0.20040006345735667,0,38.218849840255594
MC100668,MEDICAL_CLAIM,-0.23278134935977357,0,0.9784345047923323
MC102098,MEDICAL_CLAIM,-0.2216211285854665,0,12.04073482428115
MC100720,MEDICAL_CLAIM,-0.19814402302620943,0,41.07428115015975
MC103058,MEDICAL_CLAIM,-0.18345096413824757,0,54.692492012779546
MC102528,MEDICAL_CLAIM,-0.19320374996444828,0,46.685303514377
MC101105,MEDICAL_CLAIM,-0.2255636833150363,0,7.208466453674121
MC102509,MEDICAL_CLAIM,-0.14359320302934458,0,78.07507987220448
MC101068,MEDICAL_CLAIM,-0.04433344927759897,0,94.50878594249201
MC101717,MEDICAL_CLAIM,-0.18295942215414762,0,55.09185303514377
MC102435,MEDICAL_CLAIM,-0.2105992445087541,0,25.47923322683706
MC100677,MEDICAL_CLAIM,-0.19016410426016023,0,48.96166134185304
MC104220,MEDICAL_CLAIM,-0.18840283165926763,0,50.579073482428115
MC102408,MEDICAL_CLAIM,-0.040271842396846114,0,94.90814696485623
MC103302,MEDICAL_CLAIM,-0.20813132902903003,0,28.753993610223645
MC101384,MEDICAL_CLAIM,-0.22330296991289267,0,10.123801916932909
MC100467,MEDICAL_CLAIM,-0.17489751438232393,0,61.012380191693296
MC102983,MEDICAL_CLAIM,-0.1561106746605162,0,72.5838658146965
MC100877,MEDICAL_CLAIM,-0.14936688573008156,0,75.63897763578275
MC102083,MEDICAL_CLAIM,-0.1596282592173227,0,70.90654952076677
MC100655,MEDICAL_CLAIM,-0.20353108447988505,0,34.28514376996805
MC103798,MEDICAL_CLAIM,-0.21269242416062462,0,22.843450479233226
MC103133,MEDICAL_CLAIM,-0.17034319080010113,0,64.49680511182109
MC100535,MEDICAL_CLAIM,-0.14486027936525214,0,77.5758785942492
MC103003,MEDICAL_CLAIM,-0.19357871597441334,0,46.385782747603834
MC100698,MEDICAL_CLAIM,-0.21834676938711928,0,16.25399361022364
MC103190,MEDICAL_CLAIM,-0.20495269917110698,0,32.727635782747605
MC100786,MEDICAL_CLAIM,-0.17238831280214872,0,63.03913738019169
MC103582,MEDICAL_CLAIM,-0.16573710691827903,0,67.39217252396166
MC104393,MEDICAL_CLAIM,-0.20037778531421702,0,38.2388178913738
MC103585,MEDICAL_CLAIM,-0.1841671985705216,0,54.0535143769968
MC103799,MEDICAL_CLAIM,-0.21725101759697701,0,17.531948881789138
MC100381,MEDICAL_CLAIM,-0.044550885408585095,0,94.4888178913738
MC103642,MEDICAL_CLAIM,-0.1637214873049777,0,68.58027156549521
MC100318,MEDICAL_CLAIM,-0.15884770807152104,0,71.18610223642172
MC104802,MEDICAL_CLAIM,-0.21599987478648558,0,19.009584664536742
MC102250,MEDICAL_CLAIM,-0.132209800843608,0,81.8091054313099
MC100969,MEDICAL_CLAIM,-0.1913401468769284,0,48.19289137380191
MC103480,MEDICAL_CLAIM,-0.09236333505736061,0,89.25718849840256
MC103425,MEDICAL_CLAIM,-0.205973281018197,0,31.309904153354633
MC101497,MEDICAL_CLAIM,-0.21227557443569794,0,23.322683706070286
MC102026,MEDICAL_CLAIM,-0.20627779469753965,0,30.930511182108628
MC101398,MEDICAL_CLAIM,-0.17550159491398898,0,60.56309904153354
MC103317,MEDICAL_CLAIM,-0.14542573650042523,0,77.35623003194888
MC101191,MEDICAL_CLAIM,-0.15361209003994314,0,74.02156549520767
MC100369,MEDICAL_CLAIM,-0.1312379846978518,0,82.00878594249201
MC103554,MEDICAL_CLAIM,-0.20601911225448477,0,31.269968051118212
MC100938,MEDICAL_CLAIM,-0.21210230913282635,0,23.522364217252395
MC102580,MEDICAL_CLAIM,-0.0953176594771129,0,88.7979233226837
MC103783,MEDICAL_CLAIM,-0.1666437799965565,0,66.85303514376997
MC102251,MEDICAL_CLAIM,-0.22872415279032243,0,4.373003194888179
MC103712,MEDICAL_CLAIM,-0.1334095191513081,0,81.40974440894568
MC103552,MEDICAL_CLAIM,-0.07212089358115531,0,91.19408945686901
MC101273,MEDICAL_CLAIM,-0.18394170258557507,0,54.19329073482429
MC101902,MEDICAL_CLAIM,-0.22301981848442104,0,10.42332268370607
MC101423,MEDICAL_CLAIM,-0.123973846847381,0,83.6661341853035
MC100481,MEDICAL_CLAIM,-0.22303526698854342,0,10.40335463258786
MC102669,MEDICAL_CLAIM,-0.21869206984764727,0,15.894568690095848
MC103810,MEDICAL_CLAIM,-0.07952431324245529,0,90.6150159744409
MC100953,MEDICAL_CLAIM,-0.14813260610658274,0,76.1182108626198
MC102290,MEDICAL_CLAIM,-0.13701869869301403,0,80.15175718849841
MC100690,MEDICAL_CLAIM,-0.1925314835181573,0,47.284345047923324
MC101713,MEDICAL_CLAIM,-0.15485774298777788,0,73.29273162939297
MC102091,MEDICAL_CLAIM,-0.06383529697453999,0,92.35223642172524
MC102078,MEDICAL_CLAIM,-0.021159379041704285,0,96.74520766773162
MC101883,MEDICAL_CLAIM,-0.17361324599641942,0,62.08067092651757
MC103991,MEDICAL_CLAIM,-0.20948159629451107,0,27.056709265175723
MC104097,MEDICAL_CLAIM,-0.2092086719590044,0,27.416134185303516
MC102079,MEDICAL_CLAIM,-0.21989974687367986,0,14.317092651757187
MC100661,MEDICAL_CLAIM,-0.16020965102248674,0,70.74680511182109
MC104750,MEDICAL_CLAIM,-0.1664604671446575,0,66.99281150159744
MC101723,MEDICAL_CLAIM,-0.14646151846890249,0,76.8370607028754
MC102073,MEDICAL_CLAIM,-0.0796390477414014,0,90.57507987220448
MC100174,MEDICAL_CLAIM,-0.09950686582463364,0,88.27875399361022
MC104887,MEDICAL_CLAIM,-0.14678128336314306,0,76.61741214057508
MC104312,MEDICAL_CLAIM,-0.14645681566839774,0,76.8570287539936
MC103423,MEDICAL_CLAIM,-0.2041592398158596,0,33.56629392971246
MC103567,MEDICAL_CLAIM,-0.10498622994171097,0,87.5
MC104994,MEDICAL_CLAIM,-0.2218687821581351,0,11.841054313099042
MC104824,MEDICAL_CLAIM,-0.1436854132099355,0,78.05511182108627
MC103102,MEDICAL_CLAIM,-0.17986897138729085,0,57.44808306709265
MC103398,MEDICAL_CLAIM,-0.16667505583681935,0,66.77316293929712
MC104111,MEDICAL_CLAIM,-0.11665780460537967,0,85.38338658146965
MC103073,MEDICAL_CLAIM,-0.19765949709190678,0,41.992811501597444
MC102326,MEDICAL_CLAIM,-0.17154690985414595,0,63.73801916932907
MC102973,MEDICAL_CLAIM,-0.17162354057483487,0,63.59824281150159
MC101923,MEDICAL_CLAIM,-0.20293431129081912,0,35.04392971246006
MC104525,MEDICAL_CLAIM,-0.04284962659942315,0,94.62859424920129
MC103572,MEDICAL_CLAIM,-0.13448770081164912,0,81.13019169329073
MC101984,MEDICAL_CLAIM,0.01192056306645528,1,98.86182108626198
MC101532,MEDICAL_CLAIM,-0.18967211558734448,0,49.371006389776355
MC103533,MEDICAL_CLAIM,-0.13728044977285958,0,80.05191693290735
MC101012,MEDICAL_CLAIM,-0.14302474269170168,0,78.37460063897763
MC103682,MEDICAL_CLAIM,-0.15923039636030423,0,71.06629392971246
MC102494,MEDICAL_CLAIM,-0.22286969681590618,0,10.583067092651758
MC102291,MEDICAL_CLAIM,-0.18507766942593723,0,53.47444089456869
MC100886,MEDICAL_CLAIM,-0.2320210074216107,0,1.7771565495207666
MC103770,MEDICAL_CLAIM,-0.199395305442503,0,39.43690095846645
MC102801,MEDICAL_CLAIM,-0.19549384202625986,0,44.329073482428115
MC103901,MEDICAL_CLAIM,-0.10133254586635326,0,88.11900958466452
MC104951,MEDICAL_CLAIM,-0.1984759545133744,0,40.415335463258785
MC100418,MEDICAL_CLAIM,-0.04484480642727462,0,94.46884984025559
MC102912,MEDICAL_CLAIM,-0.21955353172578912,0,14.83626198083067
MC103074,MEDICAL_CLAIM,-0.05166301768879389,0,93.88977635782749
MC100478,MEDICAL_CLAIM,-0.17342809522364905,0,62.33027156549521
MC103633,MEDICAL_CLAIM,-0.19951445198243467,0,39.29712460063898
MC100541,MEDICAL_CLAIM,-0.04914446229364011,0,94.06948881789138
MC104656,MEDICAL_CLAIM,-0.1946618555751356,0,45.38738019169329
MC100979,MEDICAL_CLAIM,-0.21146602504753514,0,24.32108626198083
MC103031,MEDICAL_CLAIM,-0.18821037669246798,0,50.638977635782744
MC101758,MEDICAL_CLAIM,-0.19648888902436046,0,43.29073482428115
MC100499,MEDICAL_CLAIM,-0.22571873503571505,0,7.0287539936102235
MC104775,MEDICAL_CLAIM,-0.18762218249446772,0,51.23801916932907
MC100336,MEDICAL_CLAIM,-0.1599248122313891,0,70.80670926517571
MC104683,MEDICAL_CLAIM,-0.04009154391194336,0,94.92811501597444
MC100239,MEDICAL_CLAIM,-0.06428437716979607,0,92.2923322683706
MC102066,MEDICAL_CLAIM,-0.19459862888377294,0,45.48722044728434
MC101372,MEDICAL_CLAIM,-0.2231123706982226,0,10.363418530351437
MC104660,MEDICAL_CLAIM,-0.21611269031563046,0,18.76996805111821
MC104357,MEDICAL_CLAIM,-0.21019127759627676,0,26.118210862619804
MC101951,MEDICAL_CLAIM,-0.13234870770403778,0,81.74920127795528
MC101656,MEDICAL_CLAIM,-0.21486683498977932,0,20.197683706070286
MC100136,MEDICAL_CLAIM,-0.16522277210720204,0,67.49201277955271
MC104278,MEDICAL_CLAIM,-0.15658510261110353,0,72.26437699680511
MC103879,MEDICAL_CLAIM,-0.20847036915385864,0,28.29472843450479
MC103156,MEDICAL_CLAIM,-0.17915020412485072,0,57.887380191693296
MC104530,MEDICAL_CLAIM,-0.004894019105526226,0,97.84345047923323
MC103015,MEDICAL_CLAIM,-0.22233211007439718,0,11.32188498402556
MC103988,MEDICAL_CLAIM,-0.2321840435476153,0,1.5774760383386581
MC101997,MEDICAL_CLAIM,-0.133769453672007,0,81.32987220447284
MC100961,MEDICAL_CLAIM,-0.20849814673711697,0,28.23482428115016
MC102134,MEDICAL_CLAIM,0.008981237374097617,1,98.7220447284345
MC103786,MEDICAL_CLAIM,-0.2093531870673876,0,27.23642172523962
MC103794,MEDICAL_CLAIM,-0.17403085048214856,0,61.65135782747604
MC104828,MEDICAL_CLAIM,-0.19460964313876444,0,45.46725239616614
MC102522,MEDICAL_CLAIM,-0.006327249985579209,0,97.78354632587859
MC100636,MEDICAL_CLAIM,-0.14451557221293393,0,77.71565495207668
MC104150,MEDICAL_CLAIM,-0.19669300857922195,0,43.09105431309904
MC103360,MEDICAL_CLAIM,-0.15516111986902115,0,73.06309904153355
MC103873,MEDICAL_CLAIM,-0.21675610561029124,0,17.99121405750799
MC102217,MEDICAL_CLAIM,-0.13985045213412312,0,79.25319488817891
MC103814,MEDICAL_CLAIM,-0.20850977173600882,0,28.21485623003195
MC100148,MEDICAL_CLAIM,0.008925140487469618,1,98.7020766773163
MC102458,MEDICAL_CLAIM,-0.213399576463346,0,21.90495207667732
MC104674,MEDICAL_CLAIM,-0.07854394516211871,0,90.71485623003196
MC101716,MEDICAL_CLAIM,-0.21790686622148597,0,16.593450479233226
MC103060,MEDICAL_CLAIM,-0.18482449750132868,0,53.69408945686901
MC101590,MEDICAL_CLAIM,-0.2262274412901913,0,6.569488817891374
MC103601,MEDICAL_CLAIM,-0.2077701990132675,0,29.213258785942493
MC102824,MEDICAL_CLAIM,-0.1981165283278825,0,41.094249201277954
MC101895,MEDICAL_CLAIM,-0.19863089227939434,0,40.23562300319489
MC100168,MEDICAL_CLAIM,-0.22409618288158945,0,8.865814696485623
MC103702,MEDICAL_CLAIM,-0.21815454002903345,0,16.39376996805112
MC100128,MEDICAL_CLAIM,-0.20102051385683156,0,37.61980830670926
MC101536,MEDICAL_CLAIM,-0.22122922546619822,0,12.619808306709265
MC103844,MEDICAL_CLAIM,-0.2027217528798122,0,35.343450479233226
MC101561,MEDICAL_CLAIM,-0.14606050782050178,0,76.97683706070288
MC104647,MEDICAL_CLAIM,-0.2304471581796862,0,2.9552715654952078
MC101439,MEDICAL_CLAIM,-0.15364812944010298,0,74.00159744408946
MC100197,MEDICAL_CLAIM,-0.20859508445260228,0,28.134984025559106
MC100031,MEDICAL_CLAIM,-0.19788220566364434,0,41.60343450479233
MC104597,MEDICAL_CLAIM,-0.1848520621314687,0,53.674121405750796
MC101498,MEDICAL_CLAIM,-0.09382944000705806,0,89.11741214057508
MC100149,MEDICAL_CLAIM,-0.08754133129082275,0,89.81629392971246
MC102441,MEDICAL_CLAIM,-0.20755565792177139,0,29.43290734824281
MC101312,MEDICAL_CLAIM,-0.118877580799364,0,84.96405750798722
MC104915,MEDICAL_CLAIM,-0.19294140833947176,0,46.90495207667731
MC100985,MEDICAL_CLAIM,-0.20783478970216013,0,29.09345047923323
MC101774,MEDICAL_CLAIM,-0.20804157494181086,0,28.833865814696484
MC100883,MEDICAL_CLAIM,-0.013301612354364667,0,97.36421725239617
MC103854,MEDICAL_CLAIM,-0.05590902125307706,0,93.31070287539937
MC102540,MEDICAL_CLAIM,-0.21857009055406795,0,16.074281150159745
MC103843,MEDICAL_CLAIM,-0.014243225221982625,0,97.30431309904152
MC102005,MEDICAL_CLAIM,-0.20425375672721857,0,33.4464856230032
MC104875,MEDICAL_CLAIM,-0.1941490056790522,0,45.966453674121404
MC100421,MEDICAL_CLAIM,-0.22687066901857367,0,5.830670926517572
MC103556,MEDICAL_CLAIM,-0.021787825331550437,0,96.685303514377
MC103255,MEDICAL_CLAIM,-0.22917152164083365,0,4.033546325878594
MC100251,MEDICAL_CLAIM,-0.21509760538548378,0,20.027955271565496
MC100869,MEDICAL_CLAIM,-0.2089240622941776,0,27.77555910543131
MC103908,MEDICAL_CLAIM,-0.16650983389645108,0,66.95287539936102
MC100477,MEDICAL_CLAIM,-0.023311818867991052,0,96.56549520766772
MC102132,MEDICAL_CLAIM,-0.11150475585829284,0,86.40175718849841
MC104806,MEDICAL_CLAIM,-0.17260769416756278,0,62.85942492012779
MC100788,MEDICAL_CLAIM,-0.23287123337096616,0,0.8985623003194889
MC103394,MEDICAL_CLAIM,-0.11585579832692222,0,85.52316293929712
MC101321,MEDICAL_CLAIM,-0.2203541068202498,0,13.757987220447285
MC102658,MEDICAL_CLAIM,-0.21829047027095816,0,16.293929712460063
MC102878,MEDICAL_CLAIM,-0.16221387426539657,0,69.62859424920129
MC104179,MEDICAL_CLAIM,-0.21032830318946188,0,25.938498402555908
MC104626,MEDICAL_CLAIM,-0.23296128323902793,0,0.7887380191693291
MC102698,MEDICAL_CLAIM,-0.1189816932341608,0,84.9241214057508
MC102002,MEDICAL_CLAIM,-0.17838504113188258,0,58.2667731629393
MC104084,MEDICAL_CLAIM,-0.07460995005202653,0,91.01437699680511
MC101679,MEDICAL_CLAIM,-0.14793204971205742,0,76.17811501597444
MC103846,MEDICAL_CLAIM,-0.19784534992658925,0,41.653354632587856
MC101307,MEDICAL_CLAIM,-0.1552338408753482,0,73.00319488817891
MC100394,MEDICAL_CLAIM,-0.17232269853713822,0,63.09904153354633
MC100982,MEDICAL_CLAIM,-0.038285908907248256,0,95.06789137380191
MC102655,MEDICAL_CLAIM,-0.21734965227619202,0,17.35223642172524
MC100261,MEDICAL_CLAIM,-0.19387068789695833,0,46.16613418530351
MC104769,MEDICAL_CLAIM,-0.0828987637402987,0,90.23562300319489
MC101714,MEDICAL_CLAIM,-0.13072429896909987,0,82.1685303514377
MC102193,MEDICAL_CLAIM,-0.1565089191859831,0,72.30431309904152
MC102018,MEDICAL_CLAIM,-0.1615527157245209,0,70.0479233226837
MC104923,MEDICAL_CLAIM,-0.19810272323404654,0,41.114217252396166
MC100274,MEDICAL_CLAIM,-0.21257117530831904,0,23.023162939297126
MC104232,MEDICAL_CLAIM,-0.186719536168358,0,52.136581469648554
MC104917,MEDICAL_CLAIM,-0.18777617449268397,0,51.058306709265175
MC104208,MEDICAL_CLAIM,-0.2192199573183215,0,15.235623003194886
MC104645,MEDICAL_CLAIM,-0.1438011052368502,0,77.98522364217251
MC104043,MEDICAL_CLAIM,-0.2183948383617706,0,16.23402555910543
MC102857,MEDICAL_CLAIM,-0.17646770197757172,0,59.784345047923324
MC104228,MEDICAL_CLAIM,-0.18245229475039942,0,55.451277955271564
MC100285,MEDICAL_CLAIM,-0.18503780897427957,0,53.51437699680511
MC100156,MEDICAL_CLAIM,-0.1841220917449442,0,54.073482428115014
MC103828,MEDICAL_CLAIM,-0.11365391951877246,0,85.98242811501598
MC101671,MEDICAL_CLAIM,-0.18806748393777944,0,50.7388178913738
MC102067,MEDICAL_CLAIM,-0.20535363730995226,0,32.20846645367412
MC102954,MEDICAL_CLAIM,-0.21154280269106096,0,24.17132587859425
MC100476,MEDICAL_CLAIM,-0.1568249313882047,0,72.14456869009584
MC101449,MEDICAL_CLAIM,-0.2303599748040709,0,3.0750798722044728
MC101201,MEDICAL_CLAIM,-0.21091808525948935,0,25.139776357827476
MC101080,MEDICAL_CLAIM,-0.22534149613488302,0,7.458067092651757
MC101747,MEDICAL_CLAIM,-0.21424316476925825,0,21.066293929712458
MC100384,MEDICAL_CLAIM,-0.16449283430273842,0,67.97124600638978
MC101641,MEDICAL_CLAIM,-0.16127175878935718,0,70.12779552715655
MC100665,MEDICAL_CLAIM,-0.15129068529927187,0,74.94009584664538
MC104127,MEDICAL_CLAIM,0.02160783539544553,1,99.34105431309904
MC104509,MEDICAL_CLAIM,-0.22798324874370907,0,4.992012779552716
MC104242,MEDICAL_CLAIM,-0.1811926660578949,0,56.38977635782748
MC103008,MEDICAL_CLAIM,-0.20346599045005964,0,34.42492012779553
MC104106,MEDICAL_CLAIM,-0.21824229372844306,0,16.353833865814696
MC101466,MEDICAL_CLAIM,-0.19312037966062534,0,46.725239616613415
MC102717,MEDICAL_CLAIM,-0.19976489157484223,0,38.95766773162939
MC103052,MEDICAL_CLAIM,-0.22233337157689648,0,11.301916932907348
MC104703,MEDICAL_CLAIM,-0.19437952464474895,0,45.68690095846645
MC103849,MEDICAL_CLAIM,-0.20167706205968366,0,36.641373801916934
MC104306,MEDICAL_CLAIM,-0.20143610645103693,0,37.00079872204473
MC101795,MEDICAL_CLAIM,-0.1452909410700512,0,77.43610223642172
MC103275,MEDICAL_CLAIM,-0.13268899608295726,0,81.6094249201278
MC100634,MEDICAL_CLAIM,-0.015006424152029352,0,97.2444089456869
MC103379,MEDICAL_CLAIM,-0.15639556877289584,0,72.44408945686901
MC100002,MEDICAL_CLAIM,-0.061796209994479434,0,92.6717252396166
MC102302,MEDICAL_CLAIM,-0.2338474842132373,0,0.579073482428115
MC103596,MEDICAL_CLAIM,-0.20494388398648938,0,32.78753993610224
MC103319,MEDICAL_CLAIM,-0.23109751188441757,0,2.496006389776358
MC102224,MEDICAL_CLAIM,-0.19800186528193425,0,41.313897763578275
MC100095,MEDICAL_CLAIM,-0.1409694369447166,0,78.99361022364218
MC101035,MEDICAL_CLAIM,-0.21827007613207394,0,16.313897763578275
MC101599,MEDICAL_CLAIM,-0.17918386875275466,0,57.847444089456864
MC100591,MEDICAL_CLAIM,-0.20510479386551816,0,32.60782747603834
MC100246,MEDICAL_CLAIM,-0.22089790313816376,0,12.939297124600637
MC104900,MEDICAL_CLAIM,-0.19896462553939748,0,39.83626198083067
MC102500,MEDICAL_CLAIM,-0.20302635389946938,0,34.98402555910543
MC100629,MEDICAL_CLAIM,-0.17704489313314636,0,59.28514376996805
MC103697,MEDICAL_CLAIM,-0.22131321958041356,0,12.51996805111821
MC101001,MEDICAL_CLAIM,-0.19015163646455885,0,48.98162939297125
MC104619,MEDICAL_CLAIM,-0.1984594740474926,0,40.51517571884984
MC103154,MEDICAL_CLAIM,-0.21309997647117906,0,22.384185303514375
MC101387,MEDICAL_CLAIM,-0.21236819347177915,0,23.262779552715653
MC102798,MEDICAL_CLAIM,-0.10870895814239656,0,86.9408945686901
MC100868,MEDICAL_CLAIM,-0.23443325501312656,0,0.37939297124600635
MC100892,MEDICAL_CLAIM,-0.21889283289928796,0,15.694888178913738
MC101179,MEDICAL_CLAIM,-0.1867954481957203,0,52.0367412140575
MC103647,MEDICAL_CLAIM,-0.15491680203648545,0,73.24281150159744
MC102950,MEDICAL_CLAIM,-0.22558359288676488,0,7.168530351437699
MC101523,MEDICAL_CLAIM,-0.216394321605258,0,18.51038338658147
MC101791,MEDICAL_CLAIM,-0.21735830096591924,0,17.33226837060703
MC101171,MEDICAL_CLAIM,-0.19049651238000054,0,48.68210862619809
MC103750,MEDICAL_CLAIM,-0.20389518391325673,0,33.825878594249204
MC103840,MEDICAL_CLAIM,-0.21954240125628,0,14.876198083067093
MC102656,MEDICAL_CLAIM,-0.21039578939035458,0,25.85862619808307
MC104484,MEDICAL_CLAIM,-0.228241066803957,0,4.792332268370607
MC100568,MEDICAL_CLAIM,-0.17708842603598685,0,59.24520766773163
MC103916,MEDICAL_CLAIM,-0.14837804609839156,0,76.03833865814697
MC101464,MEDICAL_CLAIM,-0.14085914875001576,0,79.0535143769968
MC102298,MEDICAL_CLAIM,-0.2252136243649639,0,7.567891373801918
MC101524,MEDICAL_CLAIM,-0.21423703003659195,0,21.08626198083067
MC103232,MEDICAL_CLAIM,-0.1551956579831782,0,73.02316293929712
MC104107,MEDICAL_CLAIM,-0.21557733116913075,0,19.26916932907348
MC101597,MEDICAL_CLAIM,-0.22735494404610906,0,5.371405750798722
MC104420,MEDICAL_CLAIM,-0.040390347756843914,0,94.8682108626198
MC104234,MEDICAL_CLAIM,-0.1629387811173817,0,69.00958466453673
MC102440,MEDICAL_CLAIM,-0.06000747000576223,0,92.87140575079871
MC100809,MEDICAL_CLAIM,-0.2098527933624465,0,26.537539936102238
MC101386,MEDICAL_CLAIM,-0.15458381272284344,0,73.5423322683706
MC101161,MEDICAL_CLAIM,-0.15510266950097779,0,73.12300319488818
MC100084,MEDICAL_CLAIM,-0.15675923294416844,0,72.22444089456869
MC103701,MEDICAL_CLAIM,-0.20891014174445183,0,27.79552715654952
MC103477,MEDICAL_CLAIM,-0.18978432807001633,0,49.24121405750799
MC101718,MEDICAL_CLAIM,-0.21870033590349613,0,15.854632587859424
MC104622,MEDICAL_CLAIM,-0.14309741948349852,0,78.314696485623
MC102680,MEDICAL_CLAIM,-0.17339005347530906,0,62.36022364217252
MC101078,MEDICAL_CLAIM,-0.1278200003465097,0,82.80750798722045
MC100259,MEDICAL_CLAIM,-0.18375048887823303,0,54.373003194888184
MC100253,MEDICAL_CLAIM,-0.11453223988277905,0,85.8226837060703
MC100417,MEDICAL_CLAIM,-0.033956942509364985,0,95.54712460063898
MC103096,MEDICAL_CLAIM,-0.1947968617819162,0,45.26757188498402
MC103344,MEDICAL_CLAIM,-0.18698849710375354,0,51.837060702875405
MC104726,MEDICAL_CLAIM,-0.16569373727747805,0,67.41214057507987
MC102779,MEDICAL_CLAIM,-0.22271077198270317,0,10.792731629392971
MC102577,MEDICAL_CLAIM,-0.19436539128206487,0,45.72683706070288
MC101853,MEDICAL_CLAIM,-0.18794307559305712,0,50.858626198083066
MC104799,MEDICAL_CLAIM,-0.2178737711145261,0,16.683306709265175
MC103285,MEDICAL_CLAIM,-0.19825901152109016,0,40.95447284345048
MC102159,MEDICAL_CLAIM,-0.07634495523763524,0,90.91453674121406
MC102309,MEDICAL_CLAIM,-0.1107570498749848,0,86.56150159744409
MC102844,MEDICAL_CLAIM,-0.15214721900206146,0,74.620607028754
MC101283,MEDICAL_CLAIM,-0.21582869297210272,0,19.089456869009584
MC100724,MEDICAL_CLAIM,-0.12090118410909301,0,84.34504792332268
MC104848,MEDICAL_CLAIM,-0.20634386468783295,0,30.850638977635782
MC104323,MEDICAL_CLAIM,-0.1700686010828475,0,64.64656549520767
MC101393,MEDICAL_CLAIM,-0.20953040166337022,0,26.956869009584665
MC102335,MEDICAL_CLAIM,-0.08374295936652132,0,90.17571884984025
MC104053,MEDICAL_CLAIM,-0.22613669133102582,0,6.669329073482428
MC103485,MEDICAL_CLAIM,-0.15514330050627229,0,73.08306709265176
MC100219,MEDICAL_CLAIM,-0.23238238991641597,0,1.4177316293929714
MC104864,MEDICAL_CLAIM,-0.21371160706279851,0,21.56549520766773
MC100216,MEDICAL_CLAIM,-0.029295034426343403,0,95.9464856230032
MC103410,MEDICAL_CLAIM,-0.2111018621749225,0,24.860223642172524
MC104627,MEDICAL_CLAIM,-0.20160752093249845,0,36.74121405750799
MC101931,MEDICAL_CLAIM,-0.02891262869610689,0,95.96645367412141
MC101924,MEDICAL_CLAIM,-0.21853168717371352,0,16.134185303514375
MC100222,MEDICAL_CLAIM,-0.2304069014962375,0,3.0151757188498403
MC101526,MEDICAL_CLAIM,-0.05313931844264308,0,93.73003194888179
MC100459,MEDICAL_CLAIM,-0.22275599128927998,0,10.702875399361023
MC104244,MEDICAL_CLAIM,-0.158353198089412,0,71.72523961661342
MC101632,MEDICAL_CLAIM,-0.15750307490600923,0,72.02476038338658
MC104962,MEDICAL_CLAIM,-0.18411263439316422,0,54.093450479233226
MC102506,MEDICAL_CLAIM,-0.19633892686877397,0,43.47044728434505
MC100889,MEDICAL_CLAIM,-0.13974421759958833,0,79.29313099041534
MC100023,MEDICAL_CLAIM,-0.17713876823296448,0,59.185303514377
MC103742,MEDICAL_CLAIM,-0.20779666937557123,0,29.183306709265178
MC101610,MEDICAL_CLAIM,-0.19311858825748718,0,46.745207667731634
MC102474,MEDICAL_CLAIM,-0.19981992396149545,0,38.897763578274756
MC104789,MEDICAL_CLAIM,-0.229246820333124,0,3.993610223642172
MC103283,MEDICAL_CLAIM,-0.18686918789796803,0,51.99680511182109
MC103950,MEDICAL_CLAIM,-0.17605299073238406,0,60.10383386581469
MC100650,MEDICAL_CLAIM,-0.1592838500989765,0,71.04632587859425
MC103186,MEDICAL_CLAIM,-0.2246200651056055,0,8.286741214057509
MC100225,MEDICAL_CLAIM,-0.20981219709721366,0,26.597444089456868
MC102391,MEDICAL_CLAIM,-0.1784256266598125,0,58.146964856230035
MC102511,MEDICAL_CLAIM,-0.09243719547919482,0,89.21725239616613
MC100386,MEDICAL_CLAIM,-0.20330261722629744,0,34.644568690095845
MC100466,MEDICAL_CLAIM,-0.22405284958575677,0,8.905750798722046
MC100195,MEDICAL_CLAIM,-0.17066688157923682,0,64.31709265175719
MC100851,MEDICAL_CLAIM,-0.20546069968535802,0,32.12859424920128
MC104506,MEDICAL_CLAIM,-0.21560752987403914,0,19.22923322683706
MC104741,MEDICAL_CLAIM,-0.010047997494750827,0,97.52396166134186
MC102734,MEDICAL_CLAIM,-0.21116395240152613,0,24.740415335463258
MC102714,MEDICAL_CLAIM,-0.225388319960175,0,7.40814696485623
MC104756,MEDICAL_CLAIM,-0.2235946642622359,0,9.724440894568689
MC103672,MEDICAL_CLAIM,-0.19768874689741728,0,41.95287539936102
MC101744,MEDICAL_CLAIM,0.0010073211532374282,1,98.10303514376997
MC103996,MEDICAL_CLAIM,-0.1634164470999836,0,68.86980830670927
MC101315,MEDICAL_CLAIM,-0.2036735559807603,0,34.04552715654952
MC102825,MEDICAL_CLAIM,-0.17491415665681215,0,60.98242811501598
MC104558,MEDICAL_CLAIM,-0.1467164249784943,0,76.6773162939297
MC100206,MEDICAL_CLAIM,-0.15889737553119537,0,71.14616613418531
MC102705,MEDICAL_CLAIM,-0.0375090888331755,0,95.16773162939297
MC103716,MEDICAL_CLAIM,-0.14501505684356653,0,77.51597444089457
MC102737,MEDICAL_CLAIM,-0.00139573173484131,0,97.9932108626198
MC100918,MEDICAL_CLAIM,-0.20564254531986514,0,31.829073482428115
MC103922,MEDICAL_CLAIM,-0.12141401936654961,0,84.22523961661342
MC100109,MEDICAL_CLAIM,-0.11586710112679971,0,85.50319488817891
MC102554,MEDICAL_CLAIM,-0.1962599023770571,0,43.510383386581466
MC102261,MEDICAL_CLAIM,-0.11555854862315296,0,85.62300319488818
MC100815,MEDICAL_CLAIM,-0.22386470750939508,0,9.185303514376997
MC101472,MEDICAL_CLAIM,-0.17156766410999835,0,63.71805111821086
MC101189,MEDICAL_CLAIM,-0.1672504433941988,0,66.43370607028754
MC100785,MEDICAL_CLAIM,-0.22431274472156176,0,8.56629392971246
MC104885,MEDICAL_CLAIM,-0.08160588992949663,0,90.39536741214057
MC103318,MEDICAL_CLAIM,-0.21602680109006,0,18.909744408945688
MC104600,MEDICAL_CLAIM,-0.16225635458738524,0,69.50878594249201
MC102800,MEDICAL_CLAIM,-0.1440290715428928,0,77.85543130990416
MC100934,MEDICAL_CLAIM,-0.2016738720386953,0,36.66134185303515
MC104486,MEDICAL_CLAIM,-0.20631027207752523,0,30.910543130990416
MC100906,MEDICAL_CLAIM,-0.052635835466220415,0,93.78993610223642
MC104009,MEDICAL_CLAIM,-0.18972952810158955,0,49.281150159744406
MC104497,MEDICAL_CLAIM,-0.20565935242805355,0,31.789137380191697
MC102975,MEDICAL_CLAIM,-0.17749146668495996,0,58.98562300319489
MC101769,MEDICAL_CLAIM,-0.027632260246477358,0,96.04632587859425
MC101509,MEDICAL_CLAIM,-0.17533944556739656,0,60.662939297124595
MC101066,MEDICAL_CLAIM,-0.21800602731975194,0,16.49361022364217
MC102650,MEDICAL_CLAIM,-0.21768308894112748,0,16.992811501597444
MC103126,MEDICAL_CLAIM,-0.16040548038473673,0,70.56709265175719
MC101703,MEDICAL_CLAIM,-0.20132716661982936,0,37.16054313099041
MC104457,MEDICAL_CLAIM,-0.1206536907338911,0,84.45487220447284
MC102639,MEDICAL_CLAIM,-0.21452619495341446,0,20.64696485623003
MC102329,MEDICAL_CLAIM,-0.1911567910093806,0,48.30271565495208
MC101177,MEDICAL_CLAIM,-0.030027815715562678,0,95.82667731629392
MC102225,MEDICAL_CLAIM,-0.0886075181942047,0,89.65654952076677
MC101071,MEDICAL_CLAIM,-0.14675148834207402,0,76.6373801916933
MC104015,MEDICAL_CLAIM,-0.1477220561004935,0,76.23801916932908
MC104140,MEDICAL_CLAIM,-0.19997937295314488,0,38.777955271565496
MC102323,MEDICAL_CLAIM,-0.18028578682095664,0,57.048722044728436
MC103619,MEDICAL_CLAIM,-0.18290216625067718,0,55.15175718849841
MC104665,MEDICAL_CLAIM,-0.19520179394323928,0,44.608626198083066
MC103418,MEDICAL_CLAIM,-0.2233464275135898,0,10.043929712460063
MC104520,MEDICAL_CLAIM,-0.21069733255545192,0,25.319488817891372
MC101877,MEDICAL_CLAIM,-0.20005106772034836,0,38.67811501597444
MC100282,MEDICAL_CLAIM,-0.11507473739207214,0,85.72284345047923
MC100911,MEDICAL_CLAIM,-0.13392361316433793,0,81.30990415335462
MC104134,MEDICAL_CLAIM,-0.21341954409873354,0,21.884984025559106
MC102103,MEDICAL_CLAIM,-0.21524477370233663,0,19.88817891373802
MC101349,MEDICAL_CLAIM,-0.037130158317837725,0,95.2276357827476
MC103782,MEDICAL_CLAIM,-0.2064187996199675,0,30.73083067092652
MC101644,MEDICAL_CLAIM,-0.22565141220701063,0,7.128594249201278
MC100152,MEDICAL_CLAIM,-0.1670632529340787,0,66.47364217252397
MC100450,MEDICAL_CLAIM,-0.22360322692334594,0,9.704472843450478
MC102654,MEDICAL_CLAIM,-0.2049521742465556,0,32.74760383386581
MC100527,MEDICAL_CLAIM,-0.21216272975922162,0,23.422523961661344
MC103986,MEDICAL_CLAIM,-0.16021161538635748,0,70.72683706070288
MC102673,MEDICAL_CLAIM,-0.1435368773312064,0,78.1150159744409
MC100687,MEDICAL_CLAIM,-0.2329105691277183,0,0.8586261980830672
MC101845,MEDICAL_CLAIM,-0.019917569700386384,0,96.90495207667732
MC100299,MEDICAL_CLAIM,-0.15822798017380663,0,71.76517571884983
MC103788,MEDICAL_CLAIM,-0.16496696719795678,0,67.6717252396166
MC102945,MEDICAL_CLAIM,-0.21994052152812132,0,14.217252396166133
MC100194,MEDICAL_CLAIM,-0.16177698208501956,0,69.88817891373802
MC104692,MEDICAL_CLAIM,-0.211092750395366,0,24.94009584664537
MC100685,MEDICAL_CLAIM,-0.1641018263435149,0,68.33067092651757
MC104032,MEDICAL_CLAIM,-0.18080808106893043,0,56.66932907348243
MC100586,MEDICAL_CLAIM,-0.17264358704979266,0,62.77955271565495
MC100000,MEDICAL_CLAIM,-0.1755659160155253,0,60.4632587859425
MC103974,MEDICAL_CLAIM,-0.2255041169094179,0,7.2284345047923315
MC102745,MEDICAL_CLAIM,-0.06341952896173753,0,92.39217252396166
MC104865,MEDICAL_CLAIM,-0.1998637058048484,0,38.87779552715655
MC103231,MEDICAL_CLAIM,-0.19341620863044096,0,46.54552715654952
MC104668,MEDICAL_CLAIM,-0.1995367910869879,0,39.27715654952076
MC104725,MEDICAL_CLAIM,-0.2084689204251603,0,28.314696485623003
MC103335,MEDICAL_CLAIM,-0.14103208065924439,0,78.95367412140575
MC102411,MEDICAL_CLAIM,-0.18154563382797634,0,56.11022364217252
MC100458,MEDICAL_CLAIM,-0.12969473474341886,0,82.46805111821087
MC100678,MEDICAL_CLAIM,-0.19025813016341647,0,48.86182108626198
MC100020,MEDICAL_CLAIM,-0.17009710169464454,0,64.57667731629392
MC100241,MEDICAL_CLAIM,-0.1920978824885029,0,47.6038338658147
MC101720,MEDICAL_CLAIM,-0.22420045090282292,0,8.746006389776358
MC101402,MEDICAL_CLAIM,0.01655142358153594,1,99.14137380191693
MC100045,MEDICAL_CLAIM,-0.13753503126210853,0,79.91214057507987
MC103492,MEDICAL_CLAIM,-0.21725335554984748,0,17.501996805111823
MC102730,MEDICAL_CLAIM,-0.10063060393617862,0,88.21884984025559
MC103497,MEDICAL_CLAIM,-0.1432126546181457,0,78.29472843450479
MC104738,MEDICAL_CLAIM,-0.1517674973822642,0,74.74041533546327
MC104124,MEDICAL_CLAIM,-0.020219391052795133,0,96.8650159744409
MC101613,MEDICAL_CLAIM,-0.1777577060976946,0,58.78594249201278
MC100427,MEDICAL_CLAIM,-0.2189248846065508,0,15.674920127795527
MC101176,MEDICAL_CLAIM,-0.1833764716265054,0,54.75239616613419
MC101936,MEDICAL_CLAIM,-0.1666673291164889,0,66.79313099041534
MC101415,MEDICAL_CLAIM,-0.2058446645564288,0,31.44968051118211
MC101593,MEDICAL_CLAIM,-0.19836503806092792,0,40.754792332268366
MC103580,MEDICAL_CLAIM,-0.1972277566034904,0,42.472044728434504
MC103451,MEDICAL_CLAIM,-0.22649258192073474,0,6.3099041533546325
MC101988,MEDICAL_CLAIM,-0.2117713838475101,0,23.80191693290735
MC100006,MEDICAL_CLAIM,-0.22646474422079932,0,6.3498402555910545
MC102480,MEDICAL_CLAIM,-0.1144141564836007,0,85.8626198083067
MC102361,MEDICAL_CLAIM,-0.1474198648110297,0,76.43769968051119
MC102340,MEDICAL_CLAIM,-0.18084183200448145,0,56.58945686900958
MC103704,MEDICAL_CLAIM,-0.1636022875325649,0,68.67012779552716
MC104143,MEDICAL_CLAIM,-0.20355597591090674,0,34.225239616613415
MC102133,MEDICAL_CLAIM,-0.19004552044509004,0,49.04153354632588
MC104685,MEDICAL_CLAIM,-0.15444097427024267,0,73.64217252396166
MC102845,MEDICAL_CLAIM,-0.19616565692663224,0,43.61022364217252
MC104322,MEDICAL_CLAIM,-0.1351799085975221,0,80.85063897763578
MC100498,MEDICAL_CLAIM,-0.21772266198643941,0,16.912939297124602
MC104747,MEDICAL_CLAIM,-0.22215580852850786,0,11.501597444089457
MC103911,MEDICAL_CLAIM,-0.15849483044486834,0,71.62539936102237
MC102880,MEDICAL_CLAIM,-0.23037094385865714,0,3.0551118210862622
MC104450,MEDICAL_CLAIM,-0.22855177529482423,0,4.552715654952077
MC101197,MEDICAL_CLAIM,0.031756512407026594,1,99.6405750798722
MC100691,MEDICAL_CLAIM,-0.2008906067178866,0,37.739616613418534
MC101505,MEDICAL_CLAIM,-0.07424307253840384,0,91.05431309904152
MC103687,MEDICAL_CLAIM,-0.1857397103958331,0,53.075079872204476
MC102137,MEDICAL_CLAIM,-0.20252208673091932,0,35.64297124600639
MC100923,MEDICAL_CLAIM,-0.05336561861445199,0,93.67012779552716
MC101328,MEDICAL_CLAIM,-0.16502576332380953,0,67.61182108626198
MC103722,MEDICAL_CLAIM,-0.1861641834177709,0,52.55591054313099
MC101371,MEDICAL_CLAIM,-0.19537844310201274,0,44.44888178913738
MC101027,MEDICAL_CLAIM,-0.20441756732112332,0,33.146964856230035
MC103548,MEDICAL_CLAIM,-0.2050172551586687,0,32.66773162939297
MC104351,MEDICAL_CLAIM,-0.19051893176932433,0,48.662140575079874
MC100947,MEDICAL_CLAIM,-0.20079781259324153,0,37.819488817891376
MC104592,MEDICAL_CLAIM,-0.174272402589853,0,61.40175718849841
MC102951,MEDICAL_CLAIM,-0.21784054488153842,0,16.813099041533548
MC100614,MEDICAL_CLAIM,-0.19778060222213822,0,41.793130990415335
MC101699,MEDICAL_CLAIM,-0.16128872751016954,0,70.10782747603834
MC101804,MEDICAL_CLAIM,-0.12328312005595055,0,83.8258785942492
MC102484,MEDICAL_CLAIM,-0.17179567109336336,0,63.418530351437695
MC102978,MEDICAL_CLAIM,-0.16249414536249118,0,69.36900958466452
MC102818,MEDICAL_CLAIM,-0.14977817910465124,0,75.3594249201278
MC104250,MEDICAL_CLAIM,-0.13803434833099454,0,79.81230031948881
MC104901,MEDICAL_CLAIM,-0.2177223891134431,0,16.93290734824281
MC102156,MEDICAL_CLAIM,-0.16382719806505552,0,68.55031948881789
MC100884,MEDICAL_CLAIM,-0.18625249460927146,0,52.486022364217256
MC102976,MEDICAL_CLAIM,-0.17525140846548592,0,60.74281150159745
MC102242,MEDICAL_CLAIM,-0.1736187379127176,0,62.04073482428115
MC100697,MEDICAL_CLAIM,-0.17319205304062785,0,62.460063897763575
MC100830,MEDICAL_CLAIM,-0.2084810892065953,0,28.27476038338658
MC101100,MEDICAL_CLAIM,-0.22094805857695982,0,12.899361022364216
MC104082,MEDICAL_CLAIM,-0.20103528815534105,0,37.57987220447284
MC102736,MEDICAL_CLAIM,-0.21894366756187833,0,15.654952076677317
MC104033,MEDICAL_CLAIM,-0.22253308626789786,0,11.002396166134186
MC101452,MEDICAL_CLAIM,-0.1735441908354684,0,62.16054313099042
MC100703,MEDICAL_CLAIM,-0.20907661020304852,0,27.615814696485625
MC102607,MEDICAL_CLAIM,-0.18741495409402714,0,51.4576677316294
MC102320,MEDICAL_CLAIM,-0.2001023564562927,0,38.618210862619804
MC103611,MEDICAL_CLAIM,-0.18895007005174896,0,50.1797124600639
MC101428,MEDICAL_CLAIM,-0.1080874223206677,0,87.10063897763578
MC103218,MEDICAL_CLAIM,-0.06590108763641106,0,92.03274760383387
MC102674,MEDICAL_CLAIM,-0.1347439681823155,0,80.97044728434504
MC102493,MEDICAL_CLAIM,-0.20938496335523676,0,27.15654952076677
MC103885,MEDICAL_CLAIM,-0.15438170818999897,0,73.7020766773163
MC104041,MEDICAL_CLAIM,-0.2002548945384891,0,38.448482428115014
MC101639,MEDICAL_CLAIM,-0.15640510038730598,0,72.4241214057508
MC100076,MEDICAL_CLAIM,-0.21116280333437676,0,24.76038338658147
MC102799,MEDICAL_CLAIM,-0.21277050115843427,0,22.783546325878596
MC104629,MEDICAL_CLAIM,-0.21147399786880694,0,24.281150159744406
MC103427,MEDICAL_CLAIM,-0.21534220000789484,0,19.788338658146966
MC102409,MEDICAL_CLAIM,-0.1965487139864967,0,43.230830670926515
MC100024,MEDICAL_CLAIM,-0.1897351948434014,0,49.2611821086262
MC103479,MEDICAL_CLAIM,-0.18174523216838823,0,55.99041533546326
MC103175,MEDICAL_CLAIM,-0.17158945112876933,0,63.69808306709265
MC101485,MEDICAL_CLAIM,-0.1675418809163564,0,66.27396166134186
MC104896,MEDICAL_CLAIM,-0.19030782965281196,0,48.78194888178914
MC101367,MEDICAL_CLAIM,-0.11671232001144849,0,85.36341853035144
MC100473,MEDICAL_CLAIM,-0.12866743025620347,0,82.68769968051119
MC103694,MEDICAL_CLAIM,-0.22818368912809045,0,4.852236421725239
MC104742,MEDICAL_CLAIM,-0.2235119933623177,0,9.844249201277954
MC100167,MEDICAL_CLAIM,-0.18985300423991303,0,49.16134185303515
MC104611,MEDICAL_CLAIM,0.05280493084305615,1,99.96006389776358
MC102068,MEDICAL_CLAIM,-0.19821032132719302,0,40.9944089456869
MC100523,MEDICAL_CLAIM,-0.09041410739382949,0,89.45686900958466
MC104722,MEDICAL_CLAIM,-0.13685343122159271,0,80.25159744408946
MC104239,MEDICAL_CLAIM,-0.19670012481221372,0,43.07108626198083
MC102318,MEDICAL_CLAIM,-0.22023361092848098,0,14.037539936102236
MC102923,MEDICAL_CLAIM,-0.1726884274003891,0,62.75958466453674
MC104137,MEDICAL_CLAIM,-0.21976396682212274,0,14.496805111821088
MC100348,MEDICAL_CLAIM,-0.21146706392745335,0,24.301118210862622
MC102472,MEDICAL_CLAIM,-0.07949812734107453,0,90.6349840255591
MC102212,MEDICAL_CLAIM,-0.1824883564829523,0,55.391373801916934
MC104835,MEDICAL_CLAIM,-0.2038070766397579,0,33.905750798722046
MC102777,MEDICAL_CLAIM,-0.20324047155867453,0,34.724440894568694
MC104149,MEDICAL_CLAIM,-0.2117057353762592,0,23.941693290734825
MC103019,MEDICAL_CLAIM,-0.12667537449429372,0,83.14696485623003
MC102661,MEDICAL_CLAIM,-0.16350829064790967,0,68.71006389776358
MC104002,MEDICAL_CLAIM,-0.19182899239564283,0,47.823482428115014
MC101507,MEDICAL_CLAIM,-0.22024167688100393,0,14.017571884984026
MC102676,MEDICAL_CLAIM,-0.09271857303225084,0,89.1773162939297
MC100332,MEDICAL_CLAIM,-0.20363194426112624,0,34.06549520766774
MC103749,MEDICAL_CLAIM,-0.19681056377574102,0,42.951277955271564
MC103085,MEDICAL_CLAIM,-0.16222596685924956,0,69.58865814696486
MC103775,MEDICAL_CLAIM,-0.16384953591619328,0,68.45047923322683
MC100337,MEDICAL_CLAIM,-0.06761221347581814,0,91.7332268370607
MC104701,MEDICAL_CLAIM,-0.2003215724859178,0,38.358626198083066
MC102806,MEDICAL_CLAIM,-0.213782366268971,0,21.465654952076676
MC101941,MEDICAL_CLAIM,-0.1690960102577871,0,65.47523961661342
MC103715,MEDICAL_CLAIM,-0.15108952072404547,0,74.98003194888179
MC104567,MEDICAL_CLAIM,-0.20385996881912127,0,33.84584664536741
MC100912,MEDICAL_CLAIM,-0.20743680975569329,0,29.552715654952078
MC103188,MEDICAL_CLAIM,-0.1876176760936346,0,51.25798722044729
MC103994,MEDICAL_CLAIM,-0.20118548501640093,0,37.38019169329074
MC104390,MEDICAL_CLAIM,-0.20009605159001087,0,38.65814696485623
MC103695,MEDICAL_CLAIM,-0.16274590423178892,0,69.20926517571885
MC102591,MEDICAL_CLAIM,-0.21298225624978062,0,22.50399361022364
MC102640,MEDICAL_CLAIM,-0.2239295529390996,0,9.105431309904153
MC102677,MEDICAL_CLAIM,-0.1369785104481211,0,80.21166134185303
MC102814,MEDICAL_CLAIM,-0.2196357200871421,0,14.676517571884984
MC100278,MEDICAL_CLAIM,-0.19830823450750423,0,40.85463258785943
MC103272,MEDICAL_CLAIM,-0.18818571907745202,0,50.67891373801917
MC103353,MEDICAL_CLAIM,-0.1723758924907533,0,63.0591054313099
MC101922,MEDICAL_CLAIM,-0.21201225862266904,0,23.642172523961662
MC104318,MEDICAL_CLAIM,-0.2144069457442046,0,20.786741214057507
MC104942,MEDICAL_CLAIM,-0.22321963120781307,0,10.283546325878595
MC104780,MEDICAL_CLAIM,-0.21262169947320647,0,22.983226837060702
MC104517,MEDICAL_CLAIM,-0.06690755044554159,0,91.87300319488818
MC101183,MEDICAL_CLAIM,-0.08393541157423834,0,90.13578274760383
MC102610,MEDICAL_CLAIM,-0.20160515465469286,0,36.7711661341853
MC101881,MEDICAL_CLAIM,-0.16665188734832137,0,66.81309904153355
MC104055,MEDICAL_CLAIM,-0.23253016861280718,0,1.2779552715654952
MC102765,MEDICAL_CLAIM,-0.18128403426408513,0,56.26996805111821
MC102153,MEDICAL_CLAIM,-0.22132513173715052,0,12.5
MC103752,MEDICAL_CLAIM,-0.16225378889027303,0,69.52875399361022
MC103626,MEDICAL_CLAIM,-0.22285548800482707,0,10.603035143769969
MC104180,MEDICAL_CLAIM,-0.15276665275280193,0,74.34105431309904
MC101195,MEDICAL_CLAIM,-0.12102942571942393,0,84.32507987220448
MC102456,MEDICAL_CLAIM,-0.18795016261616854,0,50.83865814696485
MC101818,MEDICAL_CLAIM,-0.17249723133887612,0,62.95926517571885
MC101622,MEDICAL_CLAIM,-0.23065530597775358,0,2.7955271565495208
MC100119,MEDICAL_CLAIM,-0.20023315701098832,0,38.47843450479233
MC103906,MEDICAL_CLAIM,-0.1960860579487272,0,43.67012779552716
MC104831,MEDICAL_CLAIM,-0.22496109976266726,0,7.927316293929712
MC104997,MEDICAL_CLAIM,-0.23475164255875486,0,0.27955271565495204
MC104235,MEDICAL_CLAIM,-0.2245409103526918,0,8.366613418530351
MC102695,MEDICAL_CLAIM,-0.19180022689992032,0,47.88338658146965
MC103167,MEDICAL_CLAIM,-0.09368647221590554,0,89.1573482428115
MC102592,MEDICAL_CLAIM,-0.21926531604850708,0,15.155750798722046
MC104717,MEDICAL_CLAIM,-0.22014141766499845,0,14.077476038338657
MC104413,MEDICAL_CLAIM,-0.20333932204619165,0,34.62460063897764
MC102147,MEDICAL_CLAIM,-0.18480733778344938,0,53.73402555910543
MC104361,MEDICAL_CLAIM,-0.10724716431950498,0,87.18051118210862
MC103597,MEDICAL_CLAIM,-0.136196244816508,0,80.49121405750799
MC102257,MEDICAL_CLAIM,-0.18921079418582182,0,49.92012779552716
MC101198,MEDICAL_CLAIM,-0.22079347578886693,0,13.178913738019169
MC103278,MEDICAL_CLAIM,-0.21472882521664577,0,20.34744408945687
MC104519,MEDICAL_CLAIM,-0.18353496388720603,0,54.57268370607029
MC104005,MEDICAL_CLAIM,-0.038736961195529496,0,95.0279552715655
MC100644,MEDICAL_CLAIM,-0.11838602890601851,0,85.06389776357828
MC101436,MEDICAL_CLAIM,-0.17309674209730425,0,62.539936102236425
MC101693,MEDICAL_CLAIM,-0.19576179635120033,0,44.08945686900959
MC103098,MEDICAL_CLAIM,-0.18583962594474063,0,52.935303514377
MC103955,MEDICAL_CLAIM,-0.19755374587339702,0,42.132587859424916
MC104966,MEDICAL_CLAIM,-0.2266912858628407,0,6.12020766773163
MC103637,MEDICAL_CLAIM,-0.18921762454883412,0,49.900159744408946
MC103930,MEDICAL_CLAIM,-0.18931449648389487,0,49.730431309904155
MC104338,MEDICAL_CLAIM,-0.19574801945293102,0,44.10942492012779
MC100945,MEDICAL_CLAIM,-0.1402284878923185,0,79.2332268370607
MC100774,MEDICAL_CLAIM,-0.15760881634141694,0,71.96485623003196
MC104571,MEDICAL_CLAIM,-0.1803613542303953,0,56.92891373801917
MC101619,MEDICAL_CLAIM,-0.21474593325776242,0,20.327476038338656
MC102102,MEDICAL_CLAIM,-0.2240210580565129,0,8.945686900958465
MC104560,MEDICAL_CLAIM,-0.16957463246851767,0,65.01597444089457
MC102832,MEDICAL_CLAIM,-0.170694435097623,0,64.23722044728434
MC102839,MEDICAL_CLAIM,-0.10218561301084739,0,87.91932907348243
MC103917,MEDICAL_CLAIM,-0.1948767673767578,0,45.117811501597444
MC101172,MEDICAL_CLAIM,-0.2116395658678134,0,24.061501597444092
MC102760,MEDICAL_CLAIM,-0.2044907953433741,0,33.10702875399361
MC100663,MEDICAL_CLAIM,-0.2125512235167505,0,23.043130990415335
MC103499,MEDICAL_CLAIM,-0.18866299772963752,0,50.439297124600635
MC101734,MEDICAL_CLAIM,-0.12957482293528172,0,82.5179712460064
MC101917,MEDICAL_CLAIM,-0.11323876114384973,0,86.12220447284345
MC103420,MEDICAL_CLAIM,-0.2254423088508825,0,7.388178913738019
MC104888,MEDICAL_CLAIM,-0.16255322259275762,0,69.28913738019169
MC104266,MEDICAL_CLAIM,-0.22186643023174712,0,11.861022364217252
MC102570,MEDICAL_CLAIM,-0.08616105026854998,0,89.97603833865814
MC101476,MEDICAL_CLAIM,-0.02720401703514197,0,96.1261980830671
MC102859,MEDICAL_CLAIM,-0.19843088685917892,0,40.615015974440894
MC101969,MEDICAL_CLAIM,-0.19915800984114734,0,39.63658146964856
MC104912,MEDICAL_CLAIM,-0.16702875509046755,0,66.53354632587859
MC103980,MEDICAL_CLAIM,-0.2054859791482065,0,32.06869009584665
MC104689,MEDICAL_CLAIM,-0.11971103623055152,0,84.78434504792332
MC102962,MEDICAL_CLAIM,-0.218645755717563,0,15.974440894568689
MC100993,MEDICAL_CLAIM,-0.1278053978507781,0,82.82747603833866
MC100387,MEDICAL_CLAIM,-0.19885167405032617,0,39.97603833865815
MC103300,MEDICAL_CLAIM,0.023332057442651655,1,99.46086261980831
MC102198,MEDICAL_CLAIM,-0.2207975249355975,0,13.158945686900958
MC101208,MEDICAL_CLAIM,-0.21137685334700912,0,24.440894568690098
MC103391,MEDICAL_CLAIM,-0.22492119663382232,0,7.967252396166134
MC101623,MEDICAL_CLAIM,-0.1880054840537621,0,50.81869009584664
MC100302,MEDICAL_CLAIM,-0.2143375198945628,0,20.926517571884983
MC102128,MEDICAL_CLAIM,-0.19436377660528648,0,45.74680511182109
MC102359,MEDICAL_CLAIM,-0.2086792947680538,0,28.075079872204473
MC100049,MEDICAL_CLAIM,-0.16444239719293846,0,68.0111821086262
MC103384,MEDICAL_CLAIM,-0.18771187742887274,0,51.13817891373802
MC103576,MEDICAL_CLAIM,-0.01852544144418211,0,96.98482428115017
MC104340,MEDICAL_CLAIM,-0.0962937701757764,0,88.65814696485623
MC100454,MEDICAL_CLAIM,-0.17802814073786732,0,58.52635782747604
MC104285,MEDICAL_CLAIM,-0.11548580115322521,0,85.6629392971246
MC101207,MEDICAL_CLAIM,-0.12775583255071027,0,82.84744408945687
MC103535,MEDICAL_CLAIM,0.01638032802157574,1,99.12140575079871
MC102741,MEDICAL_CLAIM,-0.18527830898169528,0,53.334664536741215
MC104389,MEDICAL_CLAIM,-0.13959771522754094,0,79.35303514376997
MC104719,MEDICAL_CLAIM,-0.20480637861960233,0,32.867412140575084
MC103358,MEDICAL_CLAIM,-0.14306108869125683,0,78.33466453674122
MC101750,MEDICAL_CLAIM,-0.21422041683029175,0,21.146166134185304
MC102406,MEDICAL_CLAIM,-0.19529674051393864,0,44.4888178913738
MC100561,MEDICAL_CLAIM,-0.05347313879461013,0,93.65015974440894
MC100279,MEDICAL_CLAIM,-0.21611152722399912,0,18.78993610223642
MC102515,MEDICAL_CLAIM,-0.19861986121710318,0,40.2555910543131
MC103818,MEDICAL_CLAIM,-0.2136864961750718,0,21.60543130990415
MC100620,MEDICAL_CLAIM,-0.19239152089076517,0,47.364217252396166
MC100959,MEDICAL_CLAIM,-0.17768580969010256,0,58.825878594249204
MC100419,MEDICAL_CLAIM,-0.2033524734799213,0,34.584664536741215
MC100730,MEDICAL_CLAIM,-0.22417403447521966,0,8.765974440894569
MC100511,MEDICAL_CLAIM,-0.2340844325263472,0,0.45926517571884984
MC104587,MEDICAL_CLAIM,-0.22582428991311815,0,6.888977635782748
MC103589,MEDICAL_CLAIM,-0.1601499081357987,0,70.7667731629393
MC103658,MEDICAL_CLAIM,-0.1782329552308607,0,58.386581469648554
MC101443,MEDICAL_CLAIM,-0.21879988390148175,0,15.754792332268371
MC104444,MEDICAL_CLAIM,-0.20266043843538395,0,35.50319488817891
MC101944,MEDICAL_CLAIM,-0.16754280065322097,0,66.25399361022363
MC104638,MEDICAL_CLAIM,-0.20944066973122688,0,27.11661341853035
MC102498,MEDICAL_CLAIM,-0.15287071457479318,0,74.30111821086261
MC101293,MEDICAL_CLAIM,-0.19990524149646527,0,38.837859424920126
MC104197,MEDICAL_CLAIM,-0.21731363039791535,0,17.432108626198083
MC100392,MEDICAL_CLAIM,-0.1811135140119518,0,56.439696485623
MC104001,MEDICAL_CLAIM,-0.22544810569441237,0,7.368210862619809
MC101958,MEDICAL_CLAIM,-0.20249262314164135,0,35.70287539936102
MC101432,MEDICAL_CLAIM,-0.09716609547533245,0,88.53833865814697
MC101274,MEDICAL_CLAIM,-0.19742770669315401,0,42.272364217252395
MC103042,MEDICAL_CLAIM,-0.08127554664772829,0,90.435303514377
MC100181,MEDICAL_CLAIM,-0.21373246067511792,0,21.52555910543131
MC100647,MEDICAL_CLAIM,-0.22431074452902855,0,8.586261980830672
MC102348,MEDICAL_CLAIM,-0.12494002270856225,0,83.46645367412141
MC103761,MEDICAL_CLAIM,-0.2227326274661346,0,10.762779552715655
MC102342,MEDICAL_CLAIM,-0.17836558877070935,0,58.30670926517571
MC103234,MEDICAL_CLAIM,-0.166561757091382,0,66.93290734824281
MC104443,MEDICAL_CLAIM,-0.11341001564219799,0,86.06230031948881
MC102209,MEDICAL_CLAIM,-0.19498513433083675,0,44.92811501597444
MC101364,MEDICAL_CLAIM,-0.1495340559251105,0,75.5591054313099
MC100426,MEDICAL_CLAIM,-0.1664465288148455,0,67.03274760383387
MC103314,MEDICAL_CLAIM,-0.22342923214408716,0,9.94408945686901
MC101224,MEDICAL_CLAIM,-0.21510987928846353,0,19.988019169329075
MC103184,MEDICAL_CLAIM,-0.029879538479064327,0,95.84664536741214
MC104479,MEDICAL_CLAIM,-0.2197331155753765,0,14.576677316293928
MC101831,MEDICAL_CLAIM,-0.19420180423929306,0,45.88658146964856
MC104445,MEDICAL_CLAIM,-0.22248885726128576,0,11.082268370607029
MC100262,MEDICAL_CLAIM,-0.19646179846766376,0,43.33067092651757
MC100028,MEDICAL_CLAIM,-0.16060917999503416,0,70.48722044728434
MC104093,MEDICAL_CLAIM,-0.22679334393032397,0,5.930511182108626
MC101124,MEDICAL_CLAIM,-0.20705311655215652,0,30.1517571884984
MC101345,MEDICAL_CLAIM,-0.22573913628215475,0,7.008785942492013
MC104259,MEDICAL_CLAIM,-0.19964501314598782,0,39.13738019169329
MC104672,MEDICAL_CLAIM,-0.21281263447159243,0,22.70367412140575
MC103764,MEDICAL_CLAIM,-0.08432046046627872,0,90.09584664536742
MC101251,MEDICAL_CLAIM,-0.19906263020486237,0,39.75638977635783
MC102029,MEDICAL_CLAIM,-0.1244641232192093,0,83.56629392971246
MC101062,MEDICAL_CLAIM,-0.20584579599810843,0,31.429712460063897
MC104379,MEDICAL_CLAIM,-0.03977908969554744,0,94.94808306709265
MC101674,MEDICAL_CLAIM,-0.1649966673224823,0,67.65175718849841
MC104582,MEDICAL_CLAIM,-0.21944155837503077,0,14.996006389776358
MC101077,MEDICAL_CLAIM,-0.06797871933278993,0,91.69329073482429
MC101563,MEDICAL_CLAIM,-0.16973921093039773,0,64.9161341853035
MC100311,MEDICAL_CLAIM,-0.231179250780013,0,2.4161341853035143
MC101970,MEDICAL_CLAIM,-0.1881237375176918,0,50.69888178913738
MC101834,MEDICAL_CLAIM,-0.2239447386926316,0,9.065495207667732
MC104833,MEDICAL_CLAIM,-0.17306093088587848,0,62.55990415335463
MC103416,MEDICAL_CLAIM,-0.12722721758016464,0,82.98722044728434
MC100422,MEDICAL_CLAIM,0.018249063491730166,1,99.18130990415335
MC103746,MEDICAL_CLAIM,-0.088549561687148,0,89.67651757188499
MC103705,MEDICAL_CLAIM,-0.20772617779074548,0,29.293130990415335
MC103743,MEDICAL_CLAIM,-0.19391814159651843,0,46.08626198083067
MC101474,MEDICAL_CLAIM,-0.2069127369332296,0,30.291533546325876
MC100718,MEDICAL_CLAIM,-0.18314893877357113,0,54.93210862619809
MC103568,MEDICAL_CLAIM,-0.01779417485710022,0,97.064696485623
MC103268,MEDICAL_CLAIM,-0.2055769197504298,0,31.948881789137378
MC102182,MEDICAL_CLAIM,0.002060376466705316,1,98.1629392971246
MC103839,MEDICAL_CLAIM,-0.11457993674714634,0,85.80271565495208
MC102027,MEDICAL_CLAIM,-0.179600185392509,0,57.587859424920126
MC104403,MEDICAL_CLAIM,-0.2277823954347859,0,5.131789137380192
MC104364,MEDICAL_CLAIM,-0.13511134043618056,0,80.870607028754
MC104908,MEDICAL_CLAIM,-0.21195643500210343,0,23.702076677316295
MC101022,MEDICAL_CLAIM,-0.12614699074027474,0,83.20686900958466
MC100890,MEDICAL_CLAIM,-0.19600941901644098,0,43.80990415335464
MC103005,MEDICAL_CLAIM,-0.15228049811283118,0,74.53075079872204
MC101960,MEDICAL_CLAIM,-0.17093656240603555,0,64.01757188498402
MC102998,MEDICAL_CLAIM,-0.17778305804833427,0,58.76597444089457
MC100265,MEDICAL_CLAIM,-0.027667326188324903,0,96.02635782747603
MC100248,MEDICAL_CLAIM,-0.12628220634392417,0,83.18690095846645
MC104678,MEDICAL_CLAIM,-0.19751590682847303,0,42.17252396166134
MC103014,MEDICAL_CLAIM,-0.2108856899455092,0,25.219648562300318
MC102995,MEDICAL_CLAIM,-0.16086708033442787,0,70.32747603833866
MC104007,MEDICAL_CLAIM,-0.00139573173484131,0,97.9932108626198
MC104274,MEDICAL_CLAIM,-0.18187610978290586,0,55.85063897763578
MC104873,MEDICAL_CLAIM,-0.18028605463404473,0,57.02875399361022
MC100843,MEDICAL_CLAIM,-0.21364850237596017,0,21.685303514376997
MC101217,MEDICAL_CLAIM,-0.2323152659701323,0,1.5175718849840254
MC102841,MEDICAL_CLAIM,-0.12331468240154886,0,83.78594249201278
MC100895,MEDICAL_CLAIM,-0.21699184037361363,0,17.811501597444092
MC102443,MEDICAL_CLAIM,-0.16223313307996678,0,69.54872204472844
MC102109,MEDICAL_CLAIM,-0.18324618621765504,0,54.87220447284346
MC104270,MEDICAL_CLAIM,-0.16975715240143857,0,64.8761980830671
MC101678,MEDICAL_CLAIM,-0.06955684926755001,0,91.45367412140575
MC104171,MEDICAL_CLAIM,-0.09931470788551283,0,88.31869009584665
MC103960,MEDICAL_CLAIM,-0.23393718581770467,0,0.5391373801916932
MC103825,MEDICAL_CLAIM,-0.2058811317042984,0,31.369808306709263
MC101668,MEDICAL_CLAIM,-0.21495245671319735,0,20.107827476038338
MC100482,MEDICAL_CLAIM,-0.18356225292350037,0,54.53274760383386
MC101203,MEDICAL_CLAIM,-0.21172127515778633,0,23.921725239616613
MC102115,MEDICAL_CLAIM,-0.18873379330782775,0,50.379392971246006
MC103326,MEDICAL_CLAIM,-0.16813981693066338,0,65.89456869009584
MC100729,MEDICAL_CLAIM,-0.22209333291517047,0,11.541533546325878
MC104473,MEDICAL_CLAIM,-0.21096628985723803,0,25.059904153354633
MC101856,MEDICAL_CLAIM,-0.2176940019862808,0,16.972843450479232
MC102624,MEDICAL_CLAIM,-0.20721286078790935,0,29.932108626198083
MC102899,MEDICAL_CLAIM,-0.16739023900641364,0,66.3338658146965
MC104398,MEDICAL_CLAIM,-0.21555117892189962,0,19.309105431309902
MC102051,MEDICAL_CLAIM,-0.20685060323859594,0,30.39137380191693
MC102594,MEDICAL_CLAIM,-0.17609075149953474,0,60.083865814696495
MC103138,MEDICAL_CLAIM,-0.15008048418360193,0,75.25958466453673
MC102997,MEDICAL_CLAIM,-0.030039706014022394,0,95.80670926517571
MC103082,MEDICAL_CLAIM,-0.19422598072551112,0,45.80670926517572
MC104729,MEDICAL_CLAIM,-0.14110639896274185,0,78.91373801916933
MC102203,MEDICAL_CLAIM,-0.15436548133962646,0,73.7220447284345
MC103941,MEDICAL_CLAIM,-0.13637983284539323,0,80.41134185303514
MC103023,MEDICAL_CLAIM,-0.21718870261507967,0,17.61182108626198
MC103183,MEDICAL_CLAIM,-0.1735079229164419,0,62.22044728434505
MC103802,MEDICAL_CLAIM,-0.19783036820047173,0,41.71325878594249
MC101272,MEDICAL_CLAIM,-0.09453399647044453,0,88.9576677316294
MC101808,MEDICAL_CLAIM,-0.1884871306384312,0,50.519169329073485
MC104578,MEDICAL_CLAIM,-0.2103198660767397,0,25.958466453674124
MC100166,MEDICAL_CLAIM,-0.20664991129952792,0,30.49121405750799
MC101291,MEDICAL_CLAIM,-0.1247219303634079,0,83.50638977635782
MC104108,MEDICAL_CLAIM,-0.22037820806411035,0,13.718051118210864
MC101400,MEDICAL_CLAIM,-0.22375325723185585,0,9.48482428115016
MC103538,MEDICAL_CLAIM,-0.1424822846989982,0,78.51437699680511
MC101456,MEDICAL_CLAIM,-0.20236213197460606,0,35.8426517571885
MC102820,MEDICAL_CLAIM,-0.19493369620232343,0,45.00798722044728
MC100946,MEDICAL_CLAIM,-0.22187633485036812,0,11.821086261980831
MC100138,MEDICAL_CLAIM,-0.0683654632887089,0,91.61341853035144
MC104238,MEDICAL_CLAIM,-0.1681333655280447,0,65.91453674121406
MC104609,MEDICAL_CLAIM,-0.22193954537157906,0,11.761182108626198
MC102030,MEDICAL_CLAIM,-0.17976032596975272,0,57.50798722044729
MC100393,MEDICAL_CLAIM,-0.11297995477863632,0,86.18210862619809
MC101448,MEDICAL_CLAIM,-0.20582667876086191,0,31.509584664536742
MC104892,MEDICAL_CLAIM,-0.17614598843975238,0,60.00399361022364
MC102774,MEDICAL_CLAIM,-0.2090278483105566,0,27.655750798722046
MC100559,MEDICAL_CLAIM,-0.14371154893399324,0,78.03514376996804
MC103142,MEDICAL_CLAIM,-0.2154061260859223,0,19.64856230031949
MC102888,MEDICAL_CLAIM,-0.1673417746327276,0,66.3738019169329
MC100823,MEDICAL_CLAIM,-0.2112315583456616,0,24.640575079872203
MC101151,MEDICAL_CLAIM,-0.2254626287422326,0,7.308306709265176
MC102256,MEDICAL_CLAIM,-0.15905799501017615,0,71.1261980830671
MC101434,MEDICAL_CLAIM,-0.22428954451219263,0,8.626198083067091
MC102151,MEDICAL_CLAIM,-0.2052997634421745,0,32.26837060702875
MC103417,MEDICAL_CLAIM,-0.17383097981251638,0,61.90095846645367
MC100557,MEDICAL_CLAIM,-0.1954424751119339,0,44.40894568690096
MC102476,MEDICAL_CLAIM,-0.14883614329394107,0,75.75878594249201
MC101799,MEDICAL_CLAIM,-0.18352105195379514,0,54.612619808306704
MC100097,MEDICAL_CLAIM,-0.19525276461144864,0,44.52875399361022
MC104265,MEDICAL_CLAIM,-0.22085419610874635,0,13.039137380191693
MC100752,MEDICAL_CLAIM,-0.16977774454373212,0,64.85623003194888
MC102917,MEDICAL_CLAIM,-0.23094148970795692,0,2.5958466453674123
MC104496,MEDICAL_CLAIM,-0.19958047987416083,0,39.23722044728434
MC102126,MEDICAL_CLAIM,-0.20832743077017313,0,28.60423322683706
MC102931,MEDICAL_CLAIM,-0.1799994399955076,0,57.38817891373802
MC102608,MEDICAL_CLAIM,-0.2268029069082943,0,5.9105431309904155
MC100340,MEDICAL_CLAIM,-0.15681915109403022,0,72.16453674121406
MC104812,MEDICAL_CLAIM,-0.22717271286398544,0,5.531150159744409
MC104709,MEDICAL_CLAIM,-0.016135115164518266,0,97.18450479233228
MC100375,MEDICAL_CLAIM,-0.20189570645808436,0,36.36182108626198
MC104074,MEDICAL_CLAIM,-0.21423062917541214,0,21.10623003194888
MC100350,MEDICAL_CLAIM,-0.2016469822246097,0,36.701277955271564
MC100782,MEDICAL_CLAIM,-0.21334468093381953,0,22.02476038338658
MC100314,MEDICAL_CLAIM,-0.15289435797767736,0,74.27116613418531
MC100646,MEDICAL_CLAIM,-0.02579119622783077,0,96.38578274760383
MC102957,MEDICAL_CLAIM,-0.21917942304621574,0,15.335463258785943
MC101836,MEDICAL_CLAIM,-0.22199309240682513,0,11.721246006389777
MC104796,MEDICAL_CLAIM,-0.11634304353630182,0,85.4632587859425
MC103040,MEDICAL_CLAIM,-0.12445832268226537,0,83.58626198083067
MC104462,MEDICAL_CLAIM,-0.1962362601812997,0,43.530351437699686
MC102641,MEDICAL_CLAIM,-0.1562713974221519,0,72.52396166134186
MC103253,MEDICAL_CLAIM,-0.20090678036891185,0,37.69968051118211
MC102785,MEDICAL_CLAIM,-0.022322808388677395,0,96.64536741214057
MC103518,MEDICAL_CLAIM,-0.1561602244947508,0,72.56389776357828
MC104766,MEDICAL_CLAIM,-0.21917746902030377,0,15.355431309904152
MC101621,MEDICAL_CLAIM,-0.1948148497535977,0,45.24760383386581
MC101390,MEDICAL_CLAIM,-0.22386685306507187,0,9.165335463258787
MC100258,MEDICAL_CLAIM,-0.23184966481320768,0,1.996805111821086
MC102179,MEDICAL_CLAIM,-0.1864483180049306,0,52.416134185303505
MC101543,MEDICAL_CLAIM,-0.2318899768538486,0,1.9169329073482428
MC103205,MEDICAL_CLAIM,-0.1853589332594165,0,53.27476038338658
MC104772,MEDICAL_CLAIM,-0.027497486826132178,0,96.06629392971246
MC103475,MEDICAL_CLAIM,-0.19654527338111688,0,43.25079872204473
MC101482,MEDICAL_CLAIM,-0.15981015636286666,0,70.82667731629392
MC101642,MEDICAL_CLAIM,0.026073551737758494,1,99.52076677316293
MC103381,MEDICAL_CLAIM,-0.20715753935465087,0,30.07188498402556
MC100463,MEDICAL_CLAIM,-0.19883224214216355,0,40.075878594249204
MC100640,MEDICAL_CLAIM,-0.11648861167846941,0,85.44329073482429
MC101462,MEDICAL_CLAIM,-0.22261521452712424,0,10.86261980830671
MC100873,MEDICAL_CLAIM,-0.18093327802991244,0,56.52955271565495
MC104221,MEDICAL_CLAIM,-0.22568147037280212,0,7.088658146964856
MC100763,MEDICAL_CLAIM,-0.15881793017573226,0,71.22603833865814
MC100641,MEDICAL_CLAIM,-0.2311749308065869,0,2.4361022364217253
MC100108,MEDICAL_CLAIM,-0.11723153491846211,0,85.28354632587859
MC104332,MEDICAL_CLAIM,-0.16685352187361618,0,66.69329073482429
MC101286,MEDICAL_CLAIM,-0.16692705713472572,0,66.61341853035144
MC102665,MEDICAL_CLAIM,-0.21973570530721898,0,14.536741214057509
MC104217,MEDICAL_CLAIM,-0.1543977613871415,0,73.68210862619809
MC102431,MEDICAL_CLAIM,-0.17081512768089918,0,64.1573482428115
MC100056,MEDICAL_CLAIM,-0.1642299989537535,0,68.27076677316293
MC101471,MEDICAL_CLAIM,-0.04833677889048382,0,94.08945686900958
MC100804,MEDICAL_CLAIM,-0.2027678111788006,0,35.323482428115014
MC103399,MEDICAL_CLAIM,-0.20069778760519164,0,37.879392971246006
MC100004,MEDICAL_CLAIM,-0.0074171259262673095,0,97.70367412140575
MC103193,MEDICAL_CLAIM,-0.21915014734345029,0,15.375399361022366
MC104161,MEDICAL_CLAIM,-0.20280929131896652,0,35.263578274760384
MC102843,MEDICAL_CLAIM,-0.1697417504114913,0,64.89616613418531
MC103124,MEDICAL_CLAIM,-0.1486381314639944,0,75.87859424920129
MC102365,MEDICAL_CLAIM,-0.20569629343511442,0,31.68929712460064
MC102124,MEDICAL_CLAIM,-0.15851731359932536,0,71.60543130990416
MC102919,MEDICAL_CLAIM,-0.1980741400731456,0,41.174121405750796
MC103094,MEDICAL_CLAIM,-0.20538159515269877,0,32.14856230031949
MC101698,MEDICAL_CLAIM,-0.21601491787781413,0,18.94968051118211
MC101784,MEDICAL_CLAIM,-0.1700970580699166,0,64.59664536741214
MC101314,MEDICAL_CLAIM,-0.18211033659767634,0,55.65095846645367
MC102614,MEDICAL_CLAIM,-0.2067010804049474,0,30.471246006389773
MC100605,MEDICAL_CLAIM,-0.21927169619403236,0,15.115814696485625
MC100933,MEDICAL_CLAIM,-0.20267749656319756,0,35.44329073482428
MC103654,MEDICAL_CLAIM,-0.212915763362304,0,22.66373801916933
MC100781,MEDICAL_CLAIM,-0.10714822595929785,0,87.24041533546327
MC103853,MEDICAL_CLAIM,-0.22028179947374743,0,13.937699680511182
MC104272,MEDICAL_CLAIM,-0.2061487091175816,0,31.030351437699682
MC101024,MEDICAL_CLAIM,-0.03889050974481323,0,95.00798722044729
MC101876,MEDICAL_CLAIM,-0.16424183527516573,0,68.23083067092651
MC100423,MEDICAL_CLAIM,-0.18873449490881983,0,50.35942492012779
MC100584,MEDICAL_CLAIM,-0.2202881135843207,0,13.89776357827476
MC100547,MEDICAL_CLAIM,-0.19422507538693412,0,45.82667731629393
MC100963,MEDICAL_CLAIM,-0.17173218247536293,0,63.51837060702875
MC100013,MEDICAL_CLAIM,-0.20455746972328592,0,33.06709265175719
MC100796,MEDICAL_CLAIM,-0.17412213838187557,0,61.56150159744409
MC104550,MEDICAL_CLAIM,-0.15474949089272727,0,73.40255591054313
MC103966,MEDICAL_CLAIM,0.016197520100484808,1,99.1014376996805
MC100976,MEDICAL_CLAIM,-0.14334395299444813,0,78.23482428115017
MC101751,MEDICAL_CLAIM,-0.2153722174745603,0,19.728434504792332
MC101991,MEDICAL_CLAIM,-0.19927818290143134,0,39.57667731629393
MC102284,MEDICAL_CLAIM,-0.22414906672084534,0,8.8258785942492
MC102370,MEDICAL_CLAIM,-0.15338506212880654,0,74.1014376996805
MC103634,MEDICAL_CLAIM,-0.23238404026607673,0,1.3777955271565496
MC104954,MEDICAL_CLAIM,-0.1935585020260156,0,46.405750798722046
MC101334,MEDICAL_CLAIM,-0.21185589466343452,0,23.761980830670925
MC102794,MEDICAL_CLAIM,-0.14026859652650764,0,79.2132587859425
MC101284,MEDICAL_CLAIM,-0.22848234484739055,0,4.63258785942492
MC104981,MEDICAL_CLAIM,-0.12978058741928966,0,82.44808306709265
MC100776,MEDICAL_CLAIM,-0.19253888653618495,0,47.2444089456869
MC103720,MEDICAL_CLAIM,-0.1631221113254176,0,68.9297124600639
MC102860,MEDICAL_CLAIM,-0.22334916668208982,0,10.023961661341852
MC102055,MEDICAL_CLAIM,-0.15949438590580828,0,70.98642172523961
MC102907,MEDICAL_CLAIM,-0.20624594729000023,0,30.950479233226837
MC104275,MEDICAL_CLAIM,-0.23094439099731712,0,2.5758785942492013
MC104317,MEDICAL_CLAIM,-0.22947380360787228,0,3.813897763578275
MC102887,MEDICAL_CLAIM,-0.12550862751326802,0,83.32667731629392
MC101879,MEDICAL_CLAIM,-0.22234172855959117,0,11.281948881789138
MC102731,MEDICAL_CLAIM,0.018926975777929234,1,99.20127795527156
MC102382,MEDICAL_CLAIM,-0.21805683730258374,0,16.433706070287542
MC100353,MEDICAL_CLAIM,-0.20226794657006258,0,35.972444089456864
MC101325,MEDICAL_CLAIM,-0.035723909975986845,0,95.44728434504792
MC101566,MEDICAL_CLAIM,-0.14825696634497093,0,76.0782747603834
MC102197,MEDICAL_CLAIM,-0.22043954653348685,0,13.63817891373802
MC101663,MEDICAL_CLAIM,-0.21321877314729432,0,22.14456869009585
MC104787,MEDICAL_CLAIM,-0.22236746446951666,0,11.242012779552715
MC102334,MEDICAL_CLAIM,-0.1421145220475724,0,78.65415335463258
MC101900,MEDICAL_CLAIM,-0.19853192009539744,0,40.355431309904155
MC102581,MEDICAL_CLAIM,-0.1776969760946956,0,58.80591054313099
MC103686,MEDICAL_CLAIM,-0.18031568961183286,0,56.9888178913738
MC101039,MEDICAL_CLAIM,-0.1808468760614822,0,56.569488817891376
MC102709,MEDICAL_CLAIM,-0.1901775555812391,0,48.941693290734825
MC102444,MEDICAL_CLAIM,-0.18256892650081652,0,55.3514376996805
MC101614,MEDICAL_CLAIM,-0.22781318020670488,0,5.09185303514377
MC103984,MEDICAL_CLAIM,-0.23135659397980401,0,2.31629392971246
MC103252,MEDICAL_CLAIM,-0.11915768430913276,0,84.90415335463258
MC102244,MEDICAL_CLAIM,-0.20459762341550947,0,33.02715654952076
MC103043,MEDICAL_CLAIM,-0.13144209871008428,0,81.94888178913739
MC103328,MEDICAL_CLAIM,-0.13755519578212405,0,79.87220447284345
MC103322,MEDICAL_CLAIM,-0.16343688520174493,0,68.82987220447284
MC100444,MEDICAL_CLAIM,0.009884192375081091,1,98.80191693290735
MC102234,MEDICAL_CLAIM,-0.23556070094641524,0,0.039936102236421724
MC100871,MEDICAL_CLAIM,-0.11123177550226315,0,86.48162939297124
MC100987,MEDICAL_CLAIM,-0.23257232039041242,0,1.2180511182108626
MC104632,MEDICAL_CLAIM,-0.23104020571138412,0,2.5359424920127793
MC101962,MEDICAL_CLAIM,-0.14119610679420563,0,78.89376996805112
MC101763,MEDICAL_CLAIM,-0.18802395839033753,0,50.77875399361022
MC100488,MEDICAL_CLAIM,-0.23287954869732375,0,0.8785942492012779
MC101459,MEDICAL_CLAIM,-0.2051577531598907,0,32.48801916932907
MC100742,MEDICAL_CLAIM,-0.18352409639930356,0,54.592651757188506
MC104222,MEDICAL_CLAIM,-0.20739661001185145,0,29.67252396166134
MC101592,MEDICAL_CLAIM,-0.20515953719302743,0,32.46805111821086
MC104679,MEDICAL_CLAIM,-0.21914243633101183,0,15.395367412140576
MC100330,MEDICAL_CLAIM,-0.20869174500080417,0,28.05511182108626
MC102196,MEDICAL_CLAIM,-0.17945347465986683,0,57.68769968051119
MC103080,MEDICAL_CLAIM,-0.2291278322034751,0,4.093450479233226
MC103970,MEDICAL_CLAIM,-0.1770051819376433,0,59.305111821086264
MC103972,MEDICAL_CLAIM,-0.17927508293218686,0,57.757587859424916
MC101535,MEDICAL_CLAIM,-0.18945370585710908,0,49.58067092651757
MC103449,MEDICAL_CLAIM,-0.11420951178331551,0,85.90255591054313
MC103089,MEDICAL_CLAIM,-0.13563523839644515,0,80.67092651757189
MC100317,MEDICAL_CLAIM,-0.1852315579186467,0,53.35463258785943
MC101010,MEDICAL_CLAIM,-0.11783534611207153,0,85.18370607028754
MC102358,MEDICAL_CLAIM,-0.10376982419997627,0,87.61980830670927
MC103751,MEDICAL_CLAIM,-0.22367869867283574,0,9.564696485623003
MC100622,MEDICAL_CLAIM,-0.04612108931284964,0,94.28913738019169
MC104042,MEDICAL_CLAIM,-0.1837002235997081,0,54.412939297124595
MC103389,MEDICAL_CLAIM,-0.18201339047971954,0,55.77076677316294
MC101875,MEDICAL_CLAIM,-0.21233483856816016,0,23.302715654952078
MC100593,MEDICAL_CLAIM,-0.20298453607765615,0,35.02396166134185
MC102558,MEDICAL_CLAIM,-0.20281068248854406,0,35.24361022364217
MC104730,MEDICAL_CLAIM,-0.14868252430637685,0,75.83865814696486
MC100893,MEDICAL_CLAIM,-0.19678512808929138,0,42.99121405750799
MC104545,MEDICAL_CLAIM,-0.19518288324918953,0,44.62859424920128
MC100139,MEDICAL_CLAIM,-0.052530122257383294,0,93.80990415335462
MC102059,MEDICAL_CLAIM,-0.23054640281488065,0,2.8753993610223643
MC102404,MEDICAL_CLAIM,-0.16790662518438326,0,66.03434504792332
MC104825,MEDICAL_CLAIM,-0.1643525433905354,0,68.09105431309904
MC103491,MEDICAL_CLAIM,-0.1649131200154857,0,67.71166134185303
MC102685,MEDICAL_CLAIM,-0.2288497789980991,0,4.253194888178913
MC103029,MEDICAL_CLAIM,-0.22804645627943665,0,4.892172523961661
MC100802,MEDICAL_CLAIM,-0.16208482446643802,0,69.70846645367412
MC104849,MEDICAL_CLAIM,-0.07778172782807657,0,90.79472843450479
MC102567,MEDICAL_CLAIM,-0.17670138010502884,0,59.52476038338658
MC101271,MEDICAL_CLAIM,-0.061208813102662685,0,92.69169329073482
MC103653,MEDICAL_CLAIM,-0.19238934246892447,0,47.38418530351438
MC102354,MEDICAL_CLAIM,-0.16127025540075346,0,70.14776357827476
MC102767,MEDICAL_CLAIM,-0.1830381821995291,0,55.05191693290735
MC104527,MEDICAL_CLAIM,-0.1856387303842345,0,53.115015974440894
MC104131,MEDICAL_CLAIM,-0.213140064293245,0,22.26437699680511
MC103315,MEDICAL_CLAIM,-0.1587232318048809,0,71.26597444089457
MC102220,MEDICAL_CLAIM,-0.22957879748474658,0,3.753993610223642
MC100275,MEDICAL_CLAIM,-0.2200172740819767,0,14.167332268370608
MC103876,MEDICAL_CLAIM,-0.1830649268299976,0,55.03194888178914
MC100061,MEDICAL_CLAIM,-0.1878670285486314,0,50.95846645367412
MC100847,MEDICAL_CLAIM,-0.18442848558474362,0,53.95367412140575
MC103173,MEDICAL_CLAIM,-0.16532737541001274,0,67.4520766773163
MC104987,MEDICAL_CLAIM,-0.07123988056414016,0,91.3338658146965
MC103436,MEDICAL_CLAIM,-0.23030817993989638,0,3.144968051118211
MC101963,MEDICAL_CLAIM,-0.21218435507614714,0,23.38258785942492
MC100716,MEDICAL_CLAIM,-0.21198319039951696,0,23.682108626198083
MC104502,MEDICAL_CLAIM,-0.02372223993401401,0,96.52555910543131
MC103721,MEDICAL_CLAIM,-0.20192431089137008,0,36.32188498402556
MC102968,MEDICAL_CLAIM,-0.20581809540987817,0,31.52955271565495
MC100807,MEDICAL_CLAIM,-0.21010701873501358,0,26.277955271565496
MC101760,MEDICAL_CLAIM,-0.2192041185421021,0,15.315495207667732
MC103116,MEDICAL_CLAIM,-0.042664924095438095,0,94.6485623003195
MC104058,MEDICAL_CLAIM,-0.1974277821051646,0,42.25239616613419
MC104324,MEDICAL_CLAIM,-0.17912419676483826,0,57.907348242811494
MC100344,MEDICAL_CLAIM,-0.1916333583051461,0,48.02316293929712
MC102659,MEDICAL_CLAIM,-0.20565861431736004,0,31.809105431309902
MC104916,MEDICAL_CLAIM,-0.1746474500051194,0,61.06230031948881
MC101598,MEDICAL_CLAIM,-0.20917674104318795,0,27.456070287539937
MC100172,MEDICAL_CLAIM,-0.1521530007946968,0,74.60063897763578
MC103909,MEDICAL_CLAIM,-0.2311322642702297,0,2.4560702875399363
MC101196,MEDICAL_CLAIM,-0.21494846769595183,0,20.14776357827476
MC102141,MEDICAL_CLAIM,-0.18219996922131182,0,55.611022364217256
MC102829,MEDICAL_CLAIM,-0.23217459675951935,0,1.6373801916932909
MC104920,MEDICAL_CLAIM,-0.11034131061170072,0,86.6014376996805
MC104077,MEDICAL_CLAIM,-0.144328518544515,0,77.7555910543131
MC100753,MEDICAL_CLAIM,-0.020525056370125694,0,96.82507987220448
MC101228,MEDICAL_CLAIM,-0.0852665245338684,0,90.0758785942492
MC104396,MEDICAL_CLAIM,-0.20745533880416123,0,29.532747603833865
MC100015,MEDICAL_CLAIM,-0.18011243329402765,0,57.20846645367412
MC101892,MEDICAL_CLAIM,-0.20634857841475107,0,30.81070287539936
MC100378,MEDICAL_CLAIM,-0.2015586330130244,0,36.86102236421725
MC100062,MEDICAL_CLAIM,-0.20514940875504784,0,32.527955271565496
MC102121,MEDICAL_CLAIM,-0.22164159710272902,0,12.020766773162938
MC100793,MEDICAL_CLAIM,-0.1873342490000851,0,51.597444089456864
MC104299,MEDICAL_CLAIM,-0.17209133151398587,0,63.27875399361022
MC102469,MEDICAL_CLAIM,-0.19479313230718442,0,45.30750798722045
MC104344,MEDICAL_CLAIM,-0.17129604176217733,0,63.857827476038345
MC101813,MEDICAL_CLAIM,-0.21854915053586232,0,16.094249201277954
MC101787,MEDICAL_CLAIM,-0.15379315907761454,0,73.93170926517571
MC101542,MEDICAL_CLAIM,-0.21338486975706394,0,21.924920127795527
MC101494,MEDICAL_CLAIM,-0.23056354157294595,0,2.8354632587859427
MC100686,MEDICAL_CLAIM,-0.22656747292837814,0,6.210063897763578
MC102560,MEDICAL_CLAIM,-0.12397799864108822,0,83.64616613418531
MC101277,MEDICAL_CLAIM,-0.11877331209711911,0,85.00399361022363
MC104182,MEDICAL_CLAIM,-0.2090780859910522,0,27.575878594249204
MC104793,MEDICAL_CLAIM,-0.2179449084084753,0,16.533546325878596
MC103956,MEDICAL_CLAIM,-0.09559245676508732,0,88.71805111821087
MC102425,MEDICAL_CLAIM,-0.19285365320544634,0,47.004792332268366
MC103217,MEDICAL_CLAIM,-0.009178629620579692,0,97.64376996805112
MC104959,MEDICAL_CLAIM,-0.22340388033384523,0,10.003993610223642
MC100673,MEDICAL_CLAIM,-0.22717218189646088,0,5.55111821086262
MC101973,MEDICAL_CLAIM,-0.23556496727477644,0,0.019968051118210862
MC100519,MEDICAL_CLAIM,-0.05394452687469087,0,93.59025559105432
MC103087,MEDICAL_CLAIM,-0.22345163565836418,0,9.9241214057508
MC101096,MEDICAL_CLAIM,-0.1433703595901888,0,78.19488817891373
MC100201,MEDICAL_CLAIM,-0.12477028484024638,0,83.48642172523961
MC102833,MEDICAL_CLAIM,-0.23284424990466013,0,0.9384984025559105
MC103676,MEDICAL_CLAIM,-0.19753977466109607,0,42.152555910543136
MC101288,MEDICAL_CLAIM,-0.19731983639025508,0,42.39217252396166
MC102057,MEDICAL_CLAIM,-0.18960505187183857,0,49.480830670926515
MC101715,MEDICAL_CLAIM,-0.2234237742816655,0,9.96405750798722
MC104774,MEDICAL_CLAIM,-0.09156978324561971,0,89.3370607028754
MC104374,MEDICAL_CLAIM,0.032771354253001816,1,99.68051118210862
MC102014,MEDICAL_CLAIM,-0.2241052754716677,0,8.845846645367413
MC102834,MEDICAL_CLAIM,-0.0,0,98.03314696485623
MC104295,MEDICAL_CLAIM,-0.025285103442212686,0,96.44568690095848
MC102599,MEDICAL_CLAIM,-0.08694849690021872,0,89.85623003194888
MC102368,MEDICAL_CLAIM,-0.14054125212312885,0,79.11341853035144
MC101980,MEDICAL_CLAIM,-0.21633746990566893,0,18.55031948881789
MC104157,MEDICAL_CLAIM,-0.20184756239166302,0,36.48162939297125
MC104746,MEDICAL_CLAIM,-0.11864081352344086,0,85.02396166134186
MC101363,MEDICAL_CLAIM,-0.08972833357449722,0,89.5367412140575
MC102390,MEDICAL_CLAIM,-0.22761783639448618,0,5.231629392971246
MC100702,MEDICAL_CLAIM,-0.09551976499086984,0,88.73801916932908
MC102315,MEDICAL_CLAIM,0.0054475333103408685,1,98.5423322683706
MC100321,MEDICAL_CLAIM,-0.16278545097459174,0,69.18929712460063
MC102307,MEDICAL_CLAIM,-0.15067576077732792,0,75.11980830670927
MC102012,MEDICAL_CLAIM,-0.09388892675022786,0,89.09744408945687
MC104243,MEDICAL_CLAIM,-0.13007247505583824,0,82.34824281150159
MC104125,MEDICAL_CLAIM,-0.2073839254345376,0,29.712460063897762
MC102960,MEDICAL_CLAIM,-0.22883327745832827,0,4.293130990415336
MC104889,MEDICAL_CLAIM,-0.20140944254287496,0,37.04073482428115
MC100589,MEDICAL_CLAIM,-0.19945525971696398,0,39.35702875399361
MC101773,MEDICAL_CLAIM,-0.1688023663190295,0,65.6349840255591
MC103547,MEDICAL_CLAIM,-0.158212136371419,0,71.78514376996804
MC102927,MEDICAL_CLAIM,-0.1772063720238486,0,59.12539936102237
MC104681,MEDICAL_CLAIM,-0.185913763045658,0,52.89536741214057
MC104286,MEDICAL_CLAIM,-0.14412223610754027,0,77.79552715654951
MC103719,MEDICAL_CLAIM,-0.18665306883252863,0,52.1964856230032
MC101322,MEDICAL_CLAIM,-0.17516662941845124,0,60.842651757188506
MC101938,MEDICAL_CLAIM,-0.14290200718141272,0,78.39456869009584
MC100356,MEDICAL_CLAIM,-0.05108144115019231,0,93.9297124600639
MC102708,MEDICAL_CLAIM,-0.217865555943752,0,16.733226837060702
MC104427,MEDICAL_CLAIM,-0.10623184288227955,0,87.36022364217251
MC102462,MEDICAL_CLAIM,-0.09221107817152452,0,89.29712460063898
MC100303,MEDICAL_CLAIM,-0.15015257455043596,0,75.23961661341852
MC100266,MEDICAL_CLAIM,-0.1780308956431912,0,58.48642172523961
MC104684,MEDICAL_CLAIM,-0.13534631106087858,0,80.75079872204472
MC101190,MEDICAL_CLAIM,-0.14919769351616236,0,75.69888178913739
MC101279,MEDICAL_CLAIM,-0.1708741467308032,0,64.07747603833866
MC103442,MEDICAL_CLAIM,-0.17570578558158612,0,60.28354632587859
MC100748,MEDICAL_CLAIM,-0.19867746236233874,0,40.195686900958464
MC101867,MEDICAL_CLAIM,-0.20306090555618644,0,34.96405750798722
MC104842,MEDICAL_CLAIM,-0.12360901994809087,0,83.74600638977637
MC100102,MEDICAL_CLAIM,-0.19447886661115155,0,45.56709265175719
MC101918,MEDICAL_CLAIM,0.034229324974574094,1,99.75039936102237
MC100726,MEDICAL_CLAIM,-0.05235355886300419,0,93.84984025559106
MC104958,MEDICAL_CLAIM,-0.1334640035552539,0,81.38977635782749
MC100811,MEDICAL_CLAIM,-0.21011161921077248,0,26.257987220447284
MC103958,MEDICAL_CLAIM,-0.17811910972230421,0,58.4464856230032
MC104378,MEDICAL_CLAIM,-0.18347862924884267,0,54.67252396166135
MC103851,MEDICAL_CLAIM,-0.0947161534395976,0,88.93769968051119
MC103507,MEDICAL_CLAIM,-0.04143012053312056,0,94.74840255591054
MC100089,MEDICAL_CLAIM,-0.0708954390284171,0,91.38378594249201
MC104454,MEDICAL_CLAIM,-0.22049355489352124,0,13.558306709265175
MC103710,MEDICAL_CLAIM,-0.1481699876982322,0,76.09824281150159
MC100599,MEDICAL_CLAIM,-0.13621818581594913,0,80.47124600638978
MC103649,MEDICAL_CLAIM,-0.2161700089220392,0,18.69009584664537
MC103453,MEDICAL_CLAIM,-0.17956649724698692,0,57.607827476038345
MC103569,MEDICAL_CLAIM,-0.2272860879130107,0,5.431309904153355
MC104246,MEDICAL_CLAIM,-0.18309854603632153,0,54.99201277955271
MC103136,MEDICAL_CLAIM,-0.14508716978388586,0,77.47603833865814
MC102299,MEDICAL_CLAIM,-0.09484010155567119,0,88.89776357827476
MC100240,MEDICAL_CLAIM,-0.21793977879286552,0,16.553514376996805
MC100087,MEDICAL_CLAIM,-0.2054769076042754,0,32.08865814696485
MC104761,MEDICAL_CLAIM,-0.18069700324343835,0,56.72923322683706
MC103517,MEDICAL_CLAIM,-0.2192065668576843,0,15.295527156549522
MC103489,MEDICAL_CLAIM,0.012528563854695807,1,98.8817891373802
MC102932,MEDICAL_CLAIM,-0.11665264961722188,0,85.40335463258786
MC104999,MEDICAL_CLAIM,-0.15865336918528822,0,71.36581469648561
MC102827,MEDICAL_CLAIM,-0.21617401560116406,0,18.670127795527154
MC102536,MEDICAL_CLAIM,-0.16502701079956505,0,67.59185303514377
MC100083,MEDICAL_CLAIM,-0.12573366855767437,0,83.2667731629393
MC103999,MEDICAL_CLAIM,-0.1943467861783843,0,45.766773162939295
MC103054,MEDICAL_CLAIM,-0.14753521579473577,0,76.35782747603834
MC102740,MEDICAL_CLAIM,-0.212410059107504,0,23.222843450479232
MC104022,MEDICAL_CLAIM,-0.2115473046805748,0,24.14137380191693
MC102746,MEDICAL_CLAIM,-0.11881225534691092,0,84.98402555910543
MC104128,MEDICAL_CLAIM,-0.19967524348549937,0,39.05750798722045
MC101874,MEDICAL_CLAIM,-0.17249249979647718,0,62.97923322683706
MC103390,MEDICAL_CLAIM,-0.19788246912662133,0,41.573482428115014
MC102545,MEDICAL_CLAIM,-0.21076545702779154,0,25.259584664536742
MC101004,MEDICAL_CLAIM,-0.1602830324055149,0,70.68690095846645
MC103690,MEDICAL_CLAIM,-0.08543796855931685,0,90.03594249201278
MC104190,MEDICAL_CLAIM,-0.168866396951587,0,65.6150159744409
MC101465,MEDICAL_CLAIM,-0.19022588260345308,0,48.9017571884984
MC101722,MEDICAL_CLAIM,-0.23210528531823832,0,1.6773162939297124
MC100695,MEDICAL_CLAIM,-0.2005946107862593,0,37.97923322683706
MC101392,MEDICAL_CLAIM,-0.20954494184783728,0,26.916932907348247
MC102235,MEDICAL_CLAIM,-0.19607161883585827,0,43.71006389776358
MC103819,MEDICAL_CLAIM,-0.20989449453865155,0,26.477635782747605
MC100864,MEDICAL_CLAIM,-0.13890182329543038,0,79.53274760383387
MC101647,MEDICAL_CLAIM,-0.1342230418864025,0,81.21006389776358
MC101511,MEDICAL_CLAIM,-0.22234258916073735,0,11.261980830670927
MC104175,MEDICAL_CLAIM,-0.21438046843739905,0,20.80670926517572
MC101706,MEDICAL_CLAIM,0.03422772821851272,1,99.72044728434504
MC103758,MEDICAL_CLAIM,-0.22958212755088686,0,3.734025559105431
MC102551,MEDICAL_CLAIM,-0.08952231730898241,0,89.55670926517571
MC100129,MEDICAL_CLAIM,-0.19851666444646676,0,40.39536741214057
MC100834,MEDICAL_CLAIM,-0.18022165105886245,0,57.168530351437695
MC101894,MEDICAL_CLAIM,-0.20935054169862172,0,27.256389776357825
MC102766,MEDICAL_CLAIM,-0.22031585991138702,0,13.85782747603834
MC102165,MEDICAL_CLAIM,0.014482152812797078,1,99.02156549520767
MC101885,MEDICAL_CLAIM,-0.19911308701558766,0,39.716453674121404
MC102089,MEDICAL_CLAIM,-0.21134609054211612,0,24.500798722044728
MC103259,MEDICAL_CLAIM,-0.23153211690851527,0,2.196485623003195
MC100354,MEDICAL_CLAIM,-0.19421742293400895,0,45.846645367412144
MC100180,MEDICAL_CLAIM,-0.20072036101173002,0,37.83945686900959
MC100648,MEDICAL_CLAIM,-0.19513141357709685,0,44.748402555910545
MC102961,MEDICAL_CLAIM,-0.0546439684970339,0,93.49041533546327
MC102238,MEDICAL_CLAIM,-0.21844882238757773,0,16.1741214057508
MC104017,MEDICAL_CLAIM,-0.20492275176445157,0,32.82747603833866
MC100722,MEDICAL_CLAIM,-0.20232660508839495,0,35.86261980830671
MC100621,MEDICAL_CLAIM,-0.17219965098049828,0,63.19888178913738
MC100401,MEDICAL_CLAIM,0.021637392907124076,1,99.37100638977637
MC100866,MEDICAL_CLAIM,-0.21041415794154683,0,25.838658146964853
MC102037,MEDICAL_CLAIM,-0.21495112461459742,0,20.12779552715655
MC100065,MEDICAL_CLAIM,-0.11936372127362294,0,84.86421725239617
MC100100,MEDICAL_CLAIM,-0.21611754451152065,0,18.73003194888179
MC103163,MEDICAL_CLAIM,-0.2243386626748743,0,8.526357827476039
MC103393,MEDICAL_CLAIM,-0.20927264205633322,0,27.35623003194888
MC101430,MEDICAL_CLAIM,-0.20946204692630283,0,27.076677316293928
MC101297,MEDICAL_CLAIM,-0.2084540095494462,0,28.334664536741215
MC103586,MEDICAL_CLAIM,-0.025927652297000003,0,96.36581469648561
MC102616,MEDICAL_CLAIM,-0.19587358780307057,0,43.969648562300314
MC103240,MEDICAL_CLAIM,-0.11496487917623138,0,85.74281150159744
MC100860,MEDICAL_CLAIM,-0.1861451775695197,0,52.61581469648562
MC103946,MEDICAL_CLAIM,-0.12524045342976126,0,83.38658146964856
MC102268,MEDICAL_CLAIM,-0.22606051914827408,0,6.739217252396166
MC102183,MEDICAL_CLAIM,-0.15237040929960316,0,74.4408945686901
MC101514,MEDICAL_CLAIM,-0.21126565985398466,0,24.620607028753994
MC104542,MEDICAL_CLAIM,-0.1874613516885147,0,51.43769968051119
MC103200,MEDICAL_CLAIM,-0.2325506262243746,0,1.2579872204472844
MC101705,MEDICAL_CLAIM,-0.1621273434999687,0,69.6685303514377
MC100142,MEDICAL_CLAIM,-0.14101160546005326,0,78.97364217252397
MC104926,MEDICAL_CLAIM,-0.21253393505360807,0,23.083067092651756
MC101807,MEDICAL_CLAIM,-0.18317034008683586,0,54.912140575079874
MC104985,MEDICAL_CLAIM,-0.22678960832975026,0,5.9904153354632586
MC102148,MEDICAL_CLAIM,-0.2151203177521671,0,19.94808306709265
MC103266,MEDICAL_CLAIM,-0.1960520204078407,0,43.76996805111821
MC102248,MEDICAL_CLAIM,-0.18625249460927146,0,52.486022364217256
MC103635,MEDICAL_CLAIM,-0.1596691562515335,0,70.88658146964856
MC102262,MEDICAL_CLAIM,-0.17937166974041435,0,57.7076677316294
MC103257,MEDICAL_CLAIM,-0.20568325732137388,0,31.709265175718848
MC100014,MEDICAL_CLAIM,-0.22363360107739727,0,9.624600638977636
MC102303,MEDICAL_CLAIM,-0.1448401438643252,0,77.59584664536742
MC102263,MEDICAL_CLAIM,-0.13241536397988585,0,81.68929712460063
MC100484,MEDICAL_CLAIM,-0.2094839380456462,0,27.0267571884984
MC101248,MEDICAL_CLAIM,-0.06735326977739531,0,91.77316293929712
MC103155,MEDICAL_CLAIM,-0.1595489601845828,0,70.96645367412141
MC101513,MEDICAL_CLAIM,-0.22516026131164024,0,7.647763578274761
MC103367,MEDICAL_CLAIM,-0.23202588316979572,0,1.7472044728434506
MC102470,MEDICAL_CLAIM,-0.18695737534218526,0,51.88698083067093
MC101065,MEDICAL_CLAIM,-0.21271458037313756,0,22.803514376996805
MC101055,MEDICAL_CLAIM,-0.16698463118519474,0,66.5535143769968
MC104764,MEDICAL_CLAIM,-0.13237152903311877,0,81.72923322683707
MC104229,MEDICAL_CLAIM,0.005464641063053222,1,98.56230031948881
MC103474,MEDICAL_CLAIM,-0.17953356987892183,0,57.62779552715654
MC100572,MEDICAL_CLAIM,-0.21418400014107092,0,21.206070287539937
MC103820,MEDICAL_CLAIM,0.02035444083338911,1,99.2911341853035
MC102497,MEDICAL_CLAIM,-0.12934452562206578,0,82.60782747603834
MC104044,MEDICAL_CLAIM,-0.20126760387690062,0,37.260383386581466
MC104534,MEDICAL_CLAIM,-0.10449229244132552,0,87.53993610223642
MC101617,MEDICAL_CLAIM,-0.03177530114402294,0,95.70686900958466
MC102619,MEDICAL_CLAIM,-0.13626126497046592,0,80.45127795527156
MC102481,MEDICAL_CLAIM,-0.14781214057918102,0,76.21805111821087
MC104818,MEDICAL_CLAIM,0.00459364155243791,1,98.38258785942492
MC100029,MEDICAL_CLAIM,-0.1950184724757279,0,44.90814696485623
MC100232,MEDICAL_CLAIM,-0.1196459588338209,0,84.80431309904152
MC102129,MEDICAL_CLAIM,-0.16481876668769602,0,67.77156549520767
MC101748,MEDICAL_CLAIM,-0.20090196615670092,0,37.719648562300314
MC101886,MEDICAL_CLAIM,-0.20999707341625867,0,26.39776357827476
MC102531,MEDICAL_CLAIM,-0.18933458467539754,0,49.70047923322684
MC102678,MEDICAL_CLAIM,-0.2149885102956205,0,20.087859424920126
MC100086,MEDICAL_CLAIM,-0.19998503594872036,0,38.75798722044728
MC103948,MEDICAL_CLAIM,-0.22664481870178277,0,6.1501597444089455
MC103827,MEDICAL_CLAIM,-0.18246556574061007,0,55.43130990415336
MC103246,MEDICAL_CLAIM,-0.1546407737606093,0,73.50239616613419
MC104031,MEDICAL_CLAIM,-0.18939682838067307,0,49.680511182108624
MC103655,MEDICAL_CLAIM,-0.18026775538362932,0,57.08865814696485
MC103331,MEDICAL_CLAIM,-0.2043349497190864,0,33.266773162939295
MC100825,MEDICAL_CLAIM,-0.19801968092384592,0,41.27396166134185
MC102314,MEDICAL_CLAIM,-0.22810615527062933,0,4.872204472843451
MC100592,MEDICAL_CLAIM,-0.1827436052760832,0,55.21166134185304
MC100795,MEDICAL_CLAIM,-0.1790573853693233,0,57.96725239616614
MC102392,MEDICAL_CLAIM,-0.18447272033549122,0,53.91373801916933
MC102552,MEDICAL_CLAIM,-0.209130535690988,0,27.496006389776355
MC103301,MEDICAL_CLAIM,-0.1776754505481457,0,58.86581469648562
MC103210,MEDICAL_CLAIM,-0.23277465264491226,0,0.998402555910543
MC104309,MEDICAL_CLAIM,-0.1816755799017633,0,56.01038338658147
MC100623,MEDICAL_CLAIM,-0.21038499738694183,0,25.918530351437703
MC103131,MEDICAL_CLAIM,-0.1717378030848209,0,63.49840255591054
MC104869,MEDICAL_CLAIM,-0.06586928319189089,0,92.05271565495208
MC104919,MEDICAL_CLAIM,-0.21911122012110829,0,15.435303514376997
MC102850,MEDICAL_CLAIM,-0.13073027540086463,0,82.1485623003195
MC102996,MEDICAL_CLAIM,-0.13320479842198973,0,81.48961661341852
MC100531,MEDICAL_CLAIM,-0.19735777632501367,0,42.33226837060703
MC102852,MEDICAL_CLAIM,-0.04600001811045629,0,94.3091054313099
MC101949,MEDICAL_CLAIM,-0.12676945822924096,0,83.0870607028754
MC100865,MEDICAL_CLAIM,-0.16609300991545017,0,67.23242811501598
MC104607,MEDICAL_CLAIM,0.008815035093162948,1,98.68210862619809
MC102720,MEDICAL_CLAIM,-0.2101183640808722,0,26.238019169329075
MC102195,MEDICAL_CLAIM,-0.17802945012961746,0,58.50638977635783
MC101365,MEDICAL_CLAIM,-0.18681496111441387,0,52.0167731629393
MC102508,MEDICAL_CLAIM,-0.1768324613011904,0,59.444888178913736
MC102631,MEDICAL_CLAIM,-0.1343958021335231,0,81.15015974440894
MC102345,MEDICAL_CLAIM,-0.13549106994796728,0,80.6908945686901
MC104191,MEDICAL_CLAIM,-0.21459003444366398,0,20.527156549520768
MC100917,MEDICAL_CLAIM,-0.22823408741754142,0,4.812300319488818
MC102046,MEDICAL_CLAIM,-0.02058839423802339,0,96.80511182108627
MC100395,MEDICAL_CLAIM,-0.22229724987622818,0,11.341853035143771
MC103106,MEDICAL_CLAIM,-0.1554759045775415,0,72.84345047923323
MC100325,MEDICAL_CLAIM,-0.20642303593103,0,30.700878594249204
MC103703,MEDICAL_CLAIM,-0.1052589666114398,0,87.46006389776358
MC103797,MEDICAL_CLAIM,-0.14646567965387475,0,76.81709265175719
MC100575,MEDICAL_CLAIM,-0.1984486421894101,0,40.57507987220447
MC104439,MEDICAL_CLAIM,-0.21017148306421451,0,26.158146964856233
MC101814,MEDICAL_CLAIM,-0.16263243725330834,0,69.24920127795528
MC100269,MEDICAL_CLAIM,-0.22984014736424807,0,3.5343450479233227
MC101547,MEDICAL_CLAIM,-0.17876927759544342,0,58.087060702875405
MC101023,MEDICAL_CLAIM,-0.1521082347628333,0,74.66054313099042
MC104271,MEDICAL_CLAIM,-0.20467132824558215,0,32.96725239616614
MC100247,MEDICAL_CLAIM,-0.22645167755289025,0,6.369808306709265
MC102782,MEDICAL_CLAIM,-0.18708457001687662,0,51.67731629392971
MC102762,MEDICAL_CLAIM,-0.21791039695597642,0,16.573482428115017
MC102579,MEDICAL_CLAIM,-0.22065060090505562,0,13.378594249201278
MC104119,MEDICAL_CLAIM,-0.2306510882503821,0,2.8154952076677318
MC104075,MEDICAL_CLAIM,-0.16158649532734065,0,69.98801916932908
MC101591,MEDICAL_CLAIM,-0.16348162692931695,0,68.73003194888179
MC103135,MEDICAL_CLAIM,-0.0635188716517423,0,92.37220447284345
MC103065,MEDICAL_CLAIM,-0.19013695692713029,0,49.001597444089455
MC100818,MEDICAL_CLAIM,-0.22425966520821483,0,8.666134185303514
MC104562,MEDICAL_CLAIM,-0.20170276763737044,0,36.60143769968051
MC101689,MEDICAL_CLAIM,-0.17287975430863622,0,62.63977635782748
MC103169,MEDICAL_CLAIM,-0.18792877374457673,0,50.8985623003195
MC102629,MEDICAL_CLAIM,-0.18584475840828973,0,52.915335463258785
MC100334,MEDICAL_CLAIM,-0.2167076596892436,0,18.061102236421725
MC101236,MEDICAL_CLAIM,-0.18066509262248165,0,56.769169329073485
MC103757,MEDICAL_CLAIM,-0.03648142263520959,0,95.32747603833866
MC101223,MEDICAL_CLAIM,-0.22161553022395092,0,12.060702875399361
MC101373,MEDICAL_CLAIM,-0.1860495410405133,0,52.715654952076676
MC103516,MEDICAL_CLAIM,-0.1502912593539676,0,75.1797124600639
MC104884,MEDICAL_CLAIM,-0.06888516325898858,0,91.57348242811501
MC101305,MEDICAL_CLAIM,-0.2192576661299218,0,15.175718849840255
MC103055,MEDICAL_CLAIM,-0.21787077346632228,0,16.713258785942493
MC100396,MEDICAL_CLAIM,-0.23209584429813968,0,1.6972843450479231
MC100039,MEDICAL_CLAIM,-0.2178576218876906,0,16.793130990415335
MC100994,MEDICAL_CLAIM,-0.17284731232828038,0,62.659744408945684
MC100131,MEDICAL_CLAIM,-0.10085742425443661,0,88.17891373801918
MC103385,MEDICAL_CLAIM,0.001956161794656963,1,98.1429712460064
MC104543,MEDICAL_CLAIM,-0.2063397356257078,0,30.870607028753994
MC101528,MEDICAL_CLAIM,-0.19839887651101656,0,40.634984025559106
MC102071,MEDICAL_CLAIM,-0.2159591131107771,0,19.039536741214057
MC104941,MEDICAL_CLAIM,-0.17395563828305016,0,61.78115015974441
MC104424,MEDICAL_CLAIM,-0.18547632265506542,0,53.194888178913736
MC104000,MEDICAL_CLAIM,-0.15129537702611934,0,74.92012779552716
MC104433,MEDICAL_CLAIM,-0.08228750970138166,0,90.33546325878594
MC103726,MEDICAL_CLAIM,-0.23531034603213247,0,0.11980830670926518
MC101857,MEDICAL_CLAIM,-0.20314289106278943,0,34.82428115015975
MC104572,MEDICAL_CLAIM,-0.22711788516743353,0,5.611022364217252
MC101903,MEDICAL_CLAIM,-0.1352828324704755,0,80.79073482428115
MC104236,MEDICAL_CLAIM,-0.19762083081996495,0,42.03274760383386
MC103195,MEDICAL_CLAIM,-0.05274821765967941,0,93.76996805111821
MC104699,MEDICAL_CLAIM,-0.145855374985481,0,77.11661341853035
MC102301,MEDICAL_CLAIM,-0.17442565849255942,0,61.28194888178914
MC100220,MEDICAL_CLAIM,-0.1714450112228581,0,63.7779552715655
MC101490,MEDICAL_CLAIM,-0.21219555163360598,0,23.362619808306707
MC102447,MEDICAL_CLAIM,-0.13972390129257667,0,79.31309904153355
MC103882,MEDICAL_CLAIM,-0.22502642448934868,0,7.827476038338658
MC104903,MEDICAL_CLAIM,-0.19945062792200335,0,39.376996805111816
MC104397,MEDICAL_CLAIM,-0.22133612993284552,0,12.460063897763577
MC104280,MEDICAL_CLAIM,0.02035444083338911,1,99.2911341853035
MC103689,MEDICAL_CLAIM,-0.19687126319599163,0,42.85143769968051
MC100184,MEDICAL_CLAIM,-0.21569470491167314,0,19.149361022364218
MC101587,MEDICAL_CLAIM,-0.21015701239247592,0,26.198083067092654
MC103368,MEDICAL_CLAIM,-0.12559806575477162,0,83.2867412140575
MC104845,MEDICAL_CLAIM,-0.13877146000288382,0,79.6126198083067
MC101847,MEDICAL_CLAIM,-0.23031334770056666,0,3.1150159744408943
MC103724,MEDICAL_CLAIM,-0.21750794365128112,0,17.192492012779553
MC103123,MEDICAL_CLAIM,-0.20886347627052337,0,27.855431309904155
MC101215,MEDICAL_CLAIM,-0.22026046709335245,0,13.997603833865815
MC103478,MEDICAL_CLAIM,-0.2040394876283944,0,33.686102236421725
MC104092,MEDICAL_CLAIM,-0.21050318198206686,0,25.668929712460063
MC101800,MEDICAL_CLAIM,-0.20287439677255326,0,35.16373801916933
MC102082,MEDICAL_CLAIM,-0.20178213170427461,0,36.5814696485623
MC101832,MEDICAL_CLAIM,-0.17275917641539562,0,62.73961661341853
MC103888,MEDICAL_CLAIM,-0.1864721374516945,0,52.39616613418531
MC104341,MEDICAL_CLAIM,-0.06060321204595309,0,92.81150159744409
MC103728,MEDICAL_CLAIM,-0.19911433842574472,0,39.6964856230032
MC101652,MEDICAL_CLAIM,0.005032109432090759,1,98.48242811501598
MC103134,MEDICAL_CLAIM,-0.20400258347114375,0,33.746006389776355
MC101957,MEDICAL_CLAIM,-0.21365493345756947,0,21.665335463258785
MC101396,MEDICAL_CLAIM,-0.19738141272311638,0,42.29233226837061
MC100882,MEDICAL_CLAIM,-0.20284878123105454,0,35.18370607028754
MC101270,MEDICAL_CLAIM,-0.21604887626205077,0,18.889776357827476
MC102414,MEDICAL_CLAIM,-0.17067532555048293,0,64.27715654952077
MC104927,MEDICAL_CLAIM,-0.22879633578891478,0,4.353035143769969
MC100374,MEDICAL_CLAIM,-0.2014038115405914,0,37.06070287539936
MC101280,MEDICAL_CLAIM,-0.23495795858966834,0,0.18969648562300317
MC104934,MEDICAL_CLAIM,-0.20654323692590887,0,30.591054313099043
MC104757,MEDICAL_CLAIM,-0.19991752440115568,0,38.81789137380191
MC102188,MEDICAL_CLAIM,-0.20985245186916673,0,26.557507987220447
MC104533,MEDICAL_CLAIM,-0.16159928967295767,0,69.94808306709265
MC104710,MEDICAL_CLAIM,-0.16680979527793244,0,66.7332268370607
MC103925,MEDICAL_CLAIM,-0.20961788352187166,0,26.777156549520765
MC100053,MEDICAL_CLAIM,-0.20034376355349798,0,38.298722044728436
MC103337,MEDICAL_CLAIM,-0.16807416068053227,0,65.97444089456869
MC104218,MEDICAL_CLAIM,-0.15469434960346995,0,73.46246006389777
MC102732,MEDICAL_CLAIM,-0.12957482293528172,0,82.5179712460064
MC100662,MEDICAL_CLAIM,-0.16394746381334963,0,68.3905750798722
MC104967,MEDICAL_CLAIM,-0.20115408658492478,0,37.400159744408946
MC101013,MEDICAL_CLAIM,-0.17407037629324495,0,61.62140575079872
MC104425,MEDICAL_CLAIM,-0.17236422381440186,0,63.079073482428115
MC100839,MEDICAL_CLAIM,-0.19456326290837478,0,45.52715654952076
MC101998,MEDICAL_CLAIM,0.004768103738986285,1,98.40255591054313
MC103807,MEDICAL_CLAIM,-0.01497401344339766,0,97.26437699680511
MC100483,MEDICAL_CLAIM,-0.18005258501370203,0,57.29832268370607
MC103684,MEDICAL_CLAIM,-0.22992960899676107,0,3.4145367412140573
MC103678,MEDICAL_CLAIM,-0.20990284136196985,0,26.457667731629392
MC102771,MEDICAL_CLAIM,-0.20936205611746916,0,27.1964856230032
MC104422,MEDICAL_CLAIM,-0.006559485624614836,0,97.76357827476039
MC103759,MEDICAL_CLAIM,-0.15803502366230893,0,71.84504792332268
MC103159,MEDICAL_CLAIM,-0.18752225191652466,0,51.357827476038345
MC102442,MEDICAL_CLAIM,-0.19127685522422366,0,48.22284345047924
MC103145,MEDICAL_CLAIM,-0.20126582726912473,0,37.280351437699686
MC104073,MEDICAL_CLAIM,-0.1921714036514991,0,47.51397763578275
MC101338,MEDICAL_CLAIM,-0.15789358178729285,0,71.8849840255591
MC101461,MEDICAL_CLAIM,-0.17547958424522714,0,60.58306709265175
MC104811,MEDICAL_CLAIM,-0.19800813477647428,0,41.29392971246006
MC102118,MEDICAL_CLAIM,-0.2024955069521706,0,35.68290734824281
MC104508,MEDICAL_CLAIM,-0.17725834243715116,0,59.08546325878594
MC101829,MEDICAL_CLAIM,-0.22160945003929183,0,12.080670926517572
MC101873,MEDICAL_CLAIM,-0.2080026307792489,0,28.913738019169326
MC102557,MEDICAL_CLAIM,-0.23480342549291977,0,0.23961661341853036
MC103380,MEDICAL_CLAIM,-0.10550224919394319,0,87.42012779552716
MC104732,MEDICAL_CLAIM,-0.16954829819525014,0,65.03594249201278
MC104035,MEDICAL_CLAIM,-0.20562612019754695,0,31.88897763578275
MC104261,MEDICAL_CLAIM,-0.1706668863465775,0,64.29712460063898
MC101939,MEDICAL_CLAIM,-0.22386375724039492,0,9.205271565495208
MC101624,MEDICAL_CLAIM,-0.20316554324157116,0,34.784345047923324
MC100231,MEDICAL_CLAIM,-0.11204402249561746,0,86.30191693290735
MC100183,MEDICAL_CLAIM,-0.1900010866382087,0,49.0814696485623
MC102294,MEDICAL_CLAIM,-0.22084362015584103,0,13.079073482428116
MC102364,MEDICAL_CLAIM,-0.23054339246747152,0,2.8953674121405752
MC102662,MEDICAL_CLAIM,-0.11615145862267312,0,85.4832268370607
MC100284,MEDICAL_CLAIM,-0.22579285318416037,0,6.94888178913738
MC102780,MEDICAL_CLAIM,-0.20930140290461646,0,27.296325878594253
MC104407,MEDICAL_CLAIM,-0.18591713379475588,0,52.855431309904155
MC101487,MEDICAL_CLAIM,-0.2197692732213098,0,14.476837060702874
MC104023,MEDICAL_CLAIM,-0.223768969869532,0,9.444888178913738
MC101820,MEDICAL_CLAIM,-0.18688394062174613,0,51.95686900958466
MC100445,MEDICAL_CLAIM,-0.20962992527024765,0,26.737220447284344
MC102972,MEDICAL_CLAIM,-0.15346366325329064,0,74.0814696485623
MC100653,MEDICAL_CLAIM,-0.17189907053077635,0,63.33865814696485
MC104809,MEDICAL_CLAIM,-0.2203704880391622,0,13.738019169329075
MC104491,MEDICAL_CLAIM,-0.2106711224810166,0,25.359424920127793
MC103001,MEDICAL_CLAIM,-0.17356636396173036,0,62.14057507987221
MC104155,MEDICAL_CLAIM,-0.2021090940168973,0,36.14217252396166
MC100385,MEDICAL_CLAIM,-0.11664926451089525,0,85.42332268370608
MC102304,MEDICAL_CLAIM,-0.020381721953883436,0,96.84504792332268
MC103852,MEDICAL_CLAIM,-0.1297862498972308,0,82.42811501597444
MC100008,MEDICAL_CLAIM,-0.22475873150294784,0,8.0870607028754
MC104258,MEDICAL_CLAIM,-0.12772445558055512,0,82.86741214057508
MC104808,MEDICAL_CLAIM,-0.23186848103922597,0,1.9768370607028753
MC103204,MEDICAL_CLAIM,-0.19401741776305537,0,46.02635782747604
MC101289,MEDICAL_CLAIM,0.02812881669500933,1,99.60063897763578
MC102237,MEDICAL_CLAIM,-0.2131353212889947,0,22.284345047923324
MC103045,MEDICAL_CLAIM,-0.2087736900860837,0,27.95527156549521
MC101202,MEDICAL_CLAIM,-0.20751591137560849,0,29.472843450479235
MC101185,MEDICAL_CLAIM,-0.1068345734901251,0,87.28035143769968
MC104832,MEDICAL_CLAIM,-0.2167404254946168,0,18.011182108626198
MC102873,MEDICAL_CLAIM,-0.2018856700626735,0,36.381789137380196
MC102371,MEDICAL_CLAIM,-0.0434881007772876,0,94.56869009584665
MC100874,MEDICAL_CLAIM,-0.038053639513131676,0,95.10782747603834
MC103466,MEDICAL_CLAIM,-0.13311803375068954,0,81.50958466453673
MC100521,MEDICAL_CLAIM,-0.07767091245999141,0,90.814696485623
MC101935,MEDICAL_CLAIM,-0.21361380014056958,0,21.715255591054312
MC103729,MEDICAL_CLAIM,-0.18320093078861477,0,54.892172523961655
MC100853,MEDICAL_CLAIM,-0.22428528280740256,0,8.646166134185304
MC104300,MEDICAL_CLAIM,-0.22323712048576516,0,10.223642172523961
MC101173,MEDICAL_CLAIM,-0.16913821347790853,0,65.45527156549521
MC104877,MEDICAL_CLAIM,-0.22601714390566685,0,6.7891373801916926
MC103084,MEDICAL_CLAIM,-0.20071764120355018,0,37.85942492012779
MC100556,MEDICAL_CLAIM,-0.10071093160802902,0,88.19888178913739
MC102890,MEDICAL_CLAIM,-0.17717623714517905,0,59.165335463258785
MC104298,MEDICAL_CLAIM,-0.2104288009473122,0,25.788738019169326
MC102383,MEDICAL_CLAIM,0.02599195695273837,1,99.50079872204472
MC101318,MEDICAL_CLAIM,-0.22198221300429977,0,11.741214057507987
MC102819,MEDICAL_CLAIM,-0.1639242934085009,0,68.41054313099042
MC101425,MEDICAL_CLAIM,-0.1274070760679215,0,82.94728434504792
MC101044,MEDICAL_CLAIM,-0.10320866139697538,0,87.63977635782749
MC104858,MEDICAL_CLAIM,-0.12507459738516752,0,83.4464856230032
MC103934,MEDICAL_CLAIM,-0.22155718244213612,0,12.140575079872203
MC104151,MEDICAL_CLAIM,-0.17651529307980707,0,59.7444089456869
MC102003,MEDICAL_CLAIM,-0.03762225164153665,0,95.14776357827476
MC100411,MEDICAL_CLAIM,-0.22397688976155677,0,9.025559105431311
MC103855,MEDICAL_CLAIM,-0.1726142091459788,0,62.83945686900958
MC102721,MEDICAL_CLAIM,-0.21957890564597587,0,14.79632587859425
MC104640,MEDICAL_CLAIM,-0.067237434847988,0,91.81309904153355
MC100146,MEDICAL_CLAIM,-0.026152970725018987,0,96.28594249201278
MC102848,MEDICAL_CLAIM,-0.19212443099812349,0,47.563897763578275
MC103889,MEDICAL_CLAIM,-0.2100952234956533,0,26.297923322683708
MC102905,MEDICAL_CLAIM,-0.14860723655249913,0,75.9185303514377
MC102247,MEDICAL_CLAIM,-0.19545921206899813,0,44.36900958466454
MC103472,MEDICAL_CLAIM,-0.21342030987456195,0,21.865015974440894
MC101216,MEDICAL_CLAIM,-0.19010309358850114,0,49.02156549520767
MC100059,MEDICAL_CLAIM,-0.15791164221610499,0,71.8650159744409
MC100324,MEDICAL_CLAIM,-0.11817785462635899,0,85.1238019169329
MC102966,MEDICAL_CLAIM,-0.20537945718892253,0,32.1685303514377
MC101737,MEDICAL_CLAIM,-0.187639551313042,0,51.19808306709265
MC100205,MEDICAL_CLAIM,-0.2276612663368241,0,5.211661341853035
MC104025,MEDICAL_CLAIM,-0.19702506367070738,0,42.67172523961661
MC101220,MEDICAL_CLAIM,-0.16063230940594503,0,70.46725239616613
MC101508,MEDICAL_CLAIM,-0.16301741075506399,0,68.98961661341852
MC100464,MEDICAL_CLAIM,-0.07671325626179842,0,90.87460063897763
MC103256,MEDICAL_CLAIM,-0.20842115451692644,0,28.434504792332266
MC100613,MEDICAL_CLAIM,-0.1474879170876789,0,76.39776357827476
MC104784,MEDICAL_CLAIM,-0.20004001986125725,0,38.71805111821086
MC100360,MEDICAL_CLAIM,-0.21955083471155057,0,14.856230031948881
MC100428,MEDICAL_CLAIM,-0.2296211066982291,0,3.6940894568690097
MC102742,MEDICAL_CLAIM,-0.1768352440739298,0,59.424920127795524
MC100790,MEDICAL_CLAIM,-0.13601875315407636,0,80.59105431309904
MC101626,MEDICAL_CLAIM,-0.22105658141482232,0,12.799520766773162
MC103868,MEDICAL_CLAIM,-0.23247288489682755,0,1.3378594249201279
MC103441,MEDICAL_CLAIM,-0.21243875901071885,0,23.18290734824281
MC100998,MEDICAL_CLAIM,-0.22792632266863322,0,5.011980830670926
MC103933,MEDICAL_CLAIM,-0.17129974105683665,0,63.837859424920126
MC100711,MEDICAL_CLAIM,-0.15625681200578145,0,72.54392971246007
MC100492,MEDICAL_CLAIM,-0.15857556742861662,0,71.52555910543131
MC102249,MEDICAL_CLAIM,-0.16428534849117404,0,68.15095846645367
MC101435,MEDICAL_CLAIM,-0.17086555091653732,0,64.09744408945687
MC101842,MEDICAL_CLAIM,-0.07285133604093397,0,91.15415335463258
MC103962,MEDICAL_CLAIM,-0.20738159128360156,0,29.732428115015974
MC102948,MEDICAL_CLAIM,-0.19208480477515022,0,47.63378594249201
MC101002,MEDICAL_CLAIM,-0.17462237884128107,0,61.12220447284346
MC104434,MEDICAL_CLAIM,-0.1559965630365026,0,72.64376996805112
MC101775,MEDICAL_CLAIM,-0.18263304069251024,0,55.31150159744409
MC101132,MEDICAL_CLAIM,-0.1311066124219133,0,82.04872204472844
MC102761,MEDICAL_CLAIM,-0.16690709903450907,0,66.63338658146965
MC101085,MEDICAL_CLAIM,-0.20245444621458708,0,35.742811501597444
MC100130,MEDICAL_CLAIM,-0.20111099942030003,0,37.5
MC100736,MEDICAL_CLAIM,-0.19364326920533692,0,46.325878594249204
MC100733,MEDICAL_CLAIM,-0.21934623798707675,0,15.05591054313099
MC103373,MEDICAL_CLAIM,-0.16133714934845045,0,70.08785942492013
MC100943,MEDICAL_CLAIM,-0.23183783724368734,0,2.016773162939297
MC100132,MEDICAL_CLAIM,-0.17789608650387717,0,58.686102236421725
MC100134,MEDICAL_CLAIM,-0.12914713121279292,0,82.62779552715655
MC103793,MEDICAL_CLAIM,-0.1696504278979012,0,64.93610223642172
MC100812,MEDICAL_CLAIM,-0.2024043789689171,0,35.76277955271566
MC101732,MEDICAL_CLAIM,0.023268283618838703,1,99.4408945686901
MC101727,MEDICAL_CLAIM,-0.06218696003048341,0,92.61182108626198
MC103570,MEDICAL_CLAIM,-0.1670590604977632,0,66.50359424920129
MC103692,MEDICAL_CLAIM,-0.20010506470324563,0,38.5982428115016
MC100370,MEDICAL_CLAIM,-0.2216522536504003,0,11.980830670926517
MC102583,MEDICAL_CLAIM,-0.2026264617906151,0,35.56309904153355
MC104827,MEDICAL_CLAIM,-0.2215302066371183,0,12.220447284345049
MC104253,MEDICAL_CLAIM,-0.16617566815943285,0,67.19249201277955
MC104955,MEDICAL_CLAIM,-0.22779720701651146,0,5.111821086261981
MC103194,MEDICAL_CLAIM,-0.09541011947743333,0,88.75798722044729
MC104116,MEDICAL_CLAIM,0.021637392907124076,1,99.37100638977637
MC104503,MEDICAL_CLAIM,-0.014969236640167138,0,97.28434504792332
MC101103,MEDICAL_CLAIM,-0.22801510538781844,0,4.932108626198083
MC103624,MEDICAL_CLAIM,-0.203783081918597,0,33.93570287539936
MC103537,MEDICAL_CLAIM,-0.10867656923035979,0,86.98083067092651
MC101654,MEDICAL_CLAIM,-0.20441204175907446,0,33.16693290734825
MC100876,MEDICAL_CLAIM,-0.1273145742937934,0,82.96725239616613
MC103587,MEDICAL_CLAIM,-0.02609314978985111,0,96.30591054313099
MC104705,MEDICAL_CLAIM,-0.20187736223078384,0,36.42172523961661
MC102958,MEDICAL_CLAIM,-0.2317517455775741,0,2.07667731629393
MC101320,MEDICAL_CLAIM,-0.20635624263501517,0,30.77076677316294
MC101192,MEDICAL_CLAIM,-0.1840492998606102,0,54.133386581469644
MC101869,MEDICAL_CLAIM,-0.22712319199544684,0,5.5910543130990416
MC104071,MEDICAL_CLAIM,0.034229324974574094,1,99.75039936102237
MC103495,MEDICAL_CLAIM,-0.1662506922646924,0,67.15255591054313
MC101381,MEDICAL_CLAIM,-0.21416491481468553,0,21.28594249201278
MC102861,MEDICAL_CLAIM,-0.13528524673264564,0,80.77076677316293
MC100747,MEDICAL_CLAIM,-0.21680272605647283,0,17.951277955271568
MC101682,MEDICAL_CLAIM,-0.18240263918252708,0,55.49121405750799
MC100734,MEDICAL_CLAIM,-0.1299061510433876,0,82.38817891373802
MC103555,MEDICAL_CLAIM,-0.16068996774675304,0,70.44728434504792
MC101106,MEDICAL_CLAIM,-0.08046561388947998,0,90.53514376996804
MC102381,MEDICAL_CLAIM,-0.2178963570178758,0,16.633386581469647
MC103795,MEDICAL_CLAIM,-0.16619764502008866,0,67.17252396166134
MC102909,MEDICAL_CLAIM,-0.08257836876645303,0,90.29552715654951
MC100341,MEDICAL_CLAIM,-0.20512442237669026,0,32.587859424920126
MC102360,MEDICAL_CLAIM,-0.22838529618834597,0,4.732428115015974
MC101762,MEDICAL_CLAIM,-0.2174737615347312,0,17.232428115015974
MC103573,MEDICAL_CLAIM,-0.14091550584091134,0,79.03354632587859
MC100244,MEDICAL_CLAIM,-0.23159559845389854,0,2.156549520766773
MC101531,MEDICAL_CLAIM,0.032302512764183056,1,99.66054313099042
MC103824,MEDICAL_CLAIM,-0.2186938193387073,0,15.874600638977634
MC104347,MEDICAL_CLAIM,-0.1553172579245954,0,72.97324281150159
MC100783,MEDICAL_CLAIM,-0.20841542244947592,0,28.45447284345048
MC101269,MEDICAL_CLAIM,-0.13056882430255168,0,82.22843450479233
MC101522,MEDICAL_CLAIM,-0.207376390885529,0,29.752396166134186
MC103237,MEDICAL_CLAIM,-0.19856360799322786,0,40.33546325878594
MC102386,MEDICAL_CLAIM,-0.20327227278363103,0,34.70447284345048
MC101788,MEDICAL_CLAIM,-0.17580150189954424,0,60.22364217252396
MC101965,MEDICAL_CLAIM,-0.2220754101638746,0,11.561501597444089
MC102415,MEDICAL_CLAIM,-0.20516059975925582,0,32.448083067092654
MC102449,MEDICAL_CLAIM,-0.23209073491270116,0,1.7172523961661343
MC100638,MEDICAL_CLAIM,-0.14656177100199552,0,76.75718849840256
MC102131,MEDICAL_CLAIM,-0.16344037105136588,0,68.80990415335462
MC100323,MEDICAL_CLAIM,-0.006967192746070605,0,97.72364217252397
MC103467,MEDICAL_CLAIM,-0.18240118457891136,0,55.5111821086262
MC102483,MEDICAL_CLAIM,-0.13199523948054698,0,81.88897763578275
MC100503,MEDICAL_CLAIM,-0.20418872794614945,0,33.486421725239616
MC104365,MEDICAL_CLAIM,-0.18023625261081616,0,57.12859424920128
MC104069,MEDICAL_CLAIM,-0.1983757201713801,0,40.68490415335464
MC104675,MEDICAL_CLAIM,-0.200578844986957,0,38.0391373801917
MC104121,MEDICAL_CLAIM,-0.14380733605985524,0,77.95527156549521
MC102748,MEDICAL_CLAIM,-0.20735038210574258,0,29.812300319488816
MC103468,MEDICAL_CLAIM,-0.1678636432139129,0,66.09424920127796
MC103787,MEDICAL_CLAIM,-0.22056939973299744,0,13.478434504792332
MC104480,MEDICAL_CLAIM,-0.05966900345132453,0,92.92132587859425
MC101149,MEDICAL_CLAIM,-0.20750428166148094,0,29.512779552715656
MC102645,MEDICAL_CLAIM,-0.21665337159570686,0,18.150958466453673
MC100607,MEDICAL_CLAIM,-0.2126433745742663,0,22.90335463258786
MC101690,MEDICAL_CLAIM,-0.11889935195937151,0,84.94408945686901
MC103437,MEDICAL_CLAIM,-0.1849854168535961,0,53.57428115015974
MC103072,MEDICAL_CLAIM,-0.15391677664715225,0,73.86182108626198
MC101670,MEDICAL_CLAIM,-0.1883437290897868,0,50.61900958466453
MC100159,MEDICAL_CLAIM,-0.16941716329182094,0,65.17571884984025
MC102723,MEDICAL_CLAIM,-0.12176165145138085,0,84.185303514377
MC103935,MEDICAL_CLAIM,-0.19320589752003242,0,46.665335463258785
MC100116,MEDICAL_CLAIM,-0.21559310668867016,0,19.249201277955272
MC104459,MEDICAL_CLAIM,-0.20359101484635206,0,34.185303514377
MC102813,MEDICAL_CLAIM,-0.1850314181890425,0,53.534345047923324
MC104260,MEDICAL_CLAIM,-0.19029624546720375,0,48.82188498402556
MC103274,MEDICAL_CLAIM,-0.18120965456531157,0,56.36980830670927
MC100343,MEDICAL_CLAIM,-0.22354886594132534,0,9.804313099041535
MC104162,MEDICAL_CLAIM,-0.10090071760141045,0,88.15894568690096
MC101779,MEDICAL_CLAIM,-0.2254642984604705,0,7.288338658146964
MC103927,MEDICAL_CLAIM,-0.20519712749058794,0,32.368210862619804
MC101534,MEDICAL_CLAIM,-0.1980699252835697,0,41.19408945686901
MC104223,MEDICAL_CLAIM,-0.14598639091802246,0,77.05670926517571
MC103896,MEDICAL_CLAIM,-0.09942688729315963,0,88.29872204472844
MC104617,MEDICAL_CLAIM,-0.2085256355057975,0,28.174920127795527
MC101993,MEDICAL_CLAIM,-0.06224256673015649,0,92.59185303514377
MC104974,MEDICAL_CLAIM,-0.22384445853192186,0,9.225239616613418
MC100699,MEDICAL_CLAIM,-0.19483268198953768,0,45.20766773162939
MC100099,MEDICAL_CLAIM,-0.18474647159680208,0,53.77396166134185
MC103387,MEDICAL_CLAIM,-0.15397764858904578,0,73.84185303514377
MC103198,MEDICAL_CLAIM,-0.21985753794828566,0,14.376996805111823
MC101533,MEDICAL_CLAIM,-0.18896485977527383,0,50.159744408945684
MC102460,MEDICAL_CLAIM,-0.20012078120259302,0,38.57827476038339
MC102502,MEDICAL_CLAIM,-0.23046253475969664,0,2.9353035143769968
MC101234,MEDICAL_CLAIM,0.013747356855193793,1,98.96166134185303
MC104590,MEDICAL_CLAIM,-0.148766417819519,0,75.77875399361022
MC101278,MEDICAL_CLAIM,-0.20179666557885284,0,36.54153354632588
MC101864,MEDICAL_CLAIM,-0.14967306989765816,0,75.43929712460063
MC104687,MEDICAL_CLAIM,-0.17228148665220822,0,63.138977635782744
MC103365,MEDICAL_CLAIM,-0.17222176004860057,0,63.17891373801917
MC103627,MEDICAL_CLAIM,-0.19241479039371595,0,47.32428115015975
MC104844,MEDICAL_CLAIM,-0.21337755652671586,0,21.94488817891374
MC101455,MEDICAL_CLAIM,-0.13946395695135527,0,79.4129392971246
MC104072,MEDICAL_CLAIM,-0.1739900733913144,0,61.72124600638978
MC103221,MEDICAL_CLAIM,-0.21288761235922937,0,22.683706070287542
MC100347,MEDICAL_CLAIM,-0.20655312826063227,0,30.551118210862622
MC102260,MEDICAL_CLAIM,-0.20659982823044348,0,30.531150159744406
MC104076,MEDICAL_CLAIM,-0.1926118773455593,0,47.20447284345048
MC103607,MEDICAL_CLAIM,-0.22758053367120812,0,5.251597444089457
MC103748,MEDICAL_CLAIM,0.02802763147099352,1,99.58067092651757
MC102842,MEDICAL_CLAIM,-0.1700686010828475,0,64.64656549520767
MC102487,MEDICAL_CLAIM,-0.17784911470581238,0,58.72603833865815
MC100737,MEDICAL_CLAIM,-0.22240470244023808,0,11.142172523961662
MC100606,MEDICAL_CLAIM,-0.18389312404939412,0,54.29313099041534
MC101802,MEDICAL_CLAIM,-0.15544898793722933,0,72.86341853035144
MC104442,MEDICAL_CLAIM,-0.16824434787500264,0,65.79472843450479
MC103270,MEDICAL_CLAIM,-0.16252180746195738,0,69.32907348242811
MC102034,MEDICAL_CLAIM,-0.142742904937406,0,78.45447284345049
MC100363,MEDICAL_CLAIM,-0.16761031141550614,0,66.19408945686901
MC101630,MEDICAL_CLAIM,-0.1571370914973947,0,72.12460063897763
MC102797,MEDICAL_CLAIM,-0.2079584270011331,0,29.01357827476038
MC103862,MEDICAL_CLAIM,-0.20385962044195582,0,33.86581469648562
MC102781,MEDICAL_CLAIM,-0.22099490950360107,0,12.839456869009586
MC101408,MEDICAL_CLAIM,-0.21249427999358894,0,23.123003194888177
MC101757,MEDICAL_CLAIM,-0.21728857941489516,0,17.472044728434504
MC101317,MEDICAL_CLAIM,-0.14805636778437364,0,76.15814696485623
MC100751,MEDICAL_CLAIM,-0.02597179244611536,0,96.3258785942492
MC104451,MEDICAL_CLAIM,-0.17763463907037663,0,58.885782747603834
MC101095,MEDICAL_CLAIM,-0.18342723694426938,0,54.73242811501598
MC104938,MEDICAL_CLAIM,-0.1426415052229031,0,78.47444089456869
MC104316,MEDICAL_CLAIM,-0.19514800493538392,0,44.72843450479233
MC102056,MEDICAL_CLAIM,-0.03615967635225381,0,95.3873801916933
MC100765,MEDICAL_CLAIM,-0.14181699924719715,0,78.73402555910543
MC101972,MEDICAL_CLAIM,-0.18053387803795257,0,56.8091054313099
MC103740,MEDICAL_CLAIM,-0.21511060862857817,0,19.968051118210862
MC103110,MEDICAL_CLAIM,-0.2282029033658965,0,4.832268370607029
MC104569,MEDICAL_CLAIM,-0.22188829268376076,0,11.80111821086262
MC101866,MEDICAL_CLAIM,-0.172901240502575,0,62.61980830670927
MC100161,MEDICAL_CLAIM,-0.2168923599033028,0,17.89137380191693
MC102921,MEDICAL_CLAIM,-0.10244695756661026,0,87.8594249201278
MC100260,MEDICAL_CLAIM,-0.22706083741251698,0,5.690894568690095
MC100566,MEDICAL_CLAIM,-0.17713278867056387,0,59.20527156549521
MC100366,MEDICAL_CLAIM,-0.1313143451896419,0,81.96884984025559
MC104204,MEDICAL_CLAIM,-0.21681616754893218,0,17.911341853035143
MC103493,MEDICAL_CLAIM,-0.1695960152113476,0,64.97603833865814
MC101450,MEDICAL_CLAIM,-0.21128128290922543,0,24.580670926517573
MC100929,MEDICAL_CLAIM,-0.22383500450529997,0,9.245207667731629
MC102623,MEDICAL_CLAIM,-0.21109825525446685,0,24.890175718849843
MC100845,MEDICAL_CLAIM,-0.03043235556225743,0,95.7567891373802
MC103753,MEDICAL_CLAIM,-0.18391297032059345,0,54.2332268370607
MC102036,MEDICAL_CLAIM,-0.17529236741288867,0,60.70287539936102
MC104795,MEDICAL_CLAIM,-0.20134243344327002,0,37.14057507987221
MC100760,MEDICAL_CLAIM,-0.21415609151900977,0,21.30591054313099
MC104380,MEDICAL_CLAIM,-0.2279856541614449,0,4.972044728434505
MC102793,MEDICAL_CLAIM,-0.21141015186034678,0,24.380990415335464
MC100026,MEDICAL_CLAIM,-0.20316148892784403,0,34.804313099041536
MC100170,MEDICAL_CLAIM,-0.22732394819801377,0,5.391373801916933
MC100012,MEDICAL_CLAIM,-0.15188165919712138,0,74.70047923322683
MC103850,MEDICAL_CLAIM,-0.22633408295874657,0,6.449680511182108
MC103309,MEDICAL_CLAIM,-0.19344536616531421,0,46.465654952076676
MC104642,MEDICAL_CLAIM,-0.11100843162577312,0,86.52156549520767
MC101148,MEDICAL_CLAIM,0.0066066853985555785,1,98.60223642172524
MC104391,MEDICAL_CLAIM,-0.13980682958852608,0,79.27316293929712
MC101180,MEDICAL_CLAIM,-0.08329279490029812,0,90.21565495207668
MC101135,MEDICAL_CLAIM,-0.15065797772744693,0,75.13977635782749
MC103510,MEDICAL_CLAIM,-0.10247230548023356,0,87.83945686900958
MC100777,MEDICAL_CLAIM,-0.017923816071269805,0,97.02476038338658
MC102040,MEDICAL_CLAIM,-0.2315145892969897,0,2.216453674121406
MC100949,MEDICAL_CLAIM,-0.11933561629261535,0,84.88418530351439
MC103049,MEDICAL_CLAIM,-0.18707265122955163,0,51.69728434504792
MC101446,MEDICAL_CLAIM,-0.15466335363526962,0,73.48242811501598
MC100981,MEDICAL_CLAIM,-0.20460879838647666,0,33.007188498402556
MC104636,MEDICAL_CLAIM,-0.08250867861560074,0,90.31549520766772
MC104349,MEDICAL_CLAIM,-0.19444359362234825,0,45.60702875399361
MC102589,MEDICAL_CLAIM,-0.2017944295627408,0,36.56150159744409
MC100744,MEDICAL_CLAIM,-0.1679236143451181,0,66.01437699680511
MC103157,MEDICAL_CLAIM,-0.21265896165714976,0,22.883386581469647
MC100124,MEDICAL_CLAIM,-0.18672102021473297,0,52.116613418530356
MC102273,MEDICAL_CLAIM,-0.2284209572836624,0,4.692492012779552
MC104928,MEDICAL_CLAIM,-0.19648947608960876,0,43.27076677316294
MC104874,MEDICAL_CLAIM,-0.1946256881818494,0,45.44728434504792
MC101378,MEDICAL_CLAIM,-0.2020733561509972,0,36.18210862619809
MC102847,MEDICAL_CLAIM,-0.2133168668034271,0,22.044728434504794
MC104177,MEDICAL_CLAIM,-0.21043350746536027,0,25.748801916932905
MC101329,MEDICAL_CLAIM,-0.216561031266799,0,18.29073482428115
MC100858,MEDICAL_CLAIM,-0.04156526139568517,0,94.72843450479233
MC101152,MEDICAL_CLAIM,-0.12004591599739611,0,84.60463258785943
MC101433,MEDICAL_CLAIM,-0.19758803158948585,0,42.0926517571885
MC102206,MEDICAL_CLAIM,-0.1386468444602933,0,79.68250798722045
MC103992,MEDICAL_CLAIM,-0.1851458373413511,0,53.45447284345048
MC102041,MEDICAL_CLAIM,-0.20554204602433257,0,32.00878594249201
MC104027,MEDICAL_CLAIM,-0.15763316724432802,0,71.94488817891373
MC104350,MEDICAL_CLAIM,-0.211108515746262,0,24.840255591054312
MC100652,MEDICAL_CLAIM,-0.13524871377683056,0,80.83067092651757
MC104522,MEDICAL_CLAIM,-0.06929786579563313,0,91.51357827476039
MC101199,MEDICAL_CLAIM,-0.2061359208121451,0,31.070287539936103
MC101695,MEDICAL_CLAIM,-0.23238387506621355,0,1.3977635782747604
MC101418,MEDICAL_CLAIM,-0.22318086438012297,0,10.343450479233226
MC104100,MEDICAL_CLAIM,-0.23198631641048528,0,1.8170926517571886
MC102547,MEDICAL_CLAIM,-0.22148804696946045,0,12.320287539936102
MC100050,MEDICAL_CLAIM,-0.197128756417853,0,42.59185303514377
MC103971,MEDICAL_CLAIM,-0.19533625668990984,0,44.468849840255594
MC102713,MEDICAL_CLAIM,-0.10181410776253136,0,88.03913738019169
MC100749,MEDICAL_CLAIM,-0.0509078234380278,0,93.94968051118211
MC102756,MEDICAL_CLAIM,-0.13427569332772854,0,81.17012779552716
MC104826,MEDICAL_CLAIM,-0.1231129021384052,0,83.86581469648561
MC103591,MEDICAL_CLAIM,-0.16382951826358932,0,68.53035143769968
MC102477,MEDICAL_CLAIM,-0.1674390028207714,0,66.31389776357828
MC102017,MEDICAL_CLAIM,-0.213015442157569,0,22.44408945686901
MC101116,MEDICAL_CLAIM,-0.13242192373847728,0,81.66932907348243
MC104304,MEDICAL_CLAIM,-0.15856110511186244,0,71.56549520766772
MC100058,MEDICAL_CLAIM,-0.16996862824669062,0,64.77635782747603
MC102173,MEDICAL_CLAIM,-0.21311946595343761,0,22.324281150159745
MC103267,MEDICAL_CLAIM,-0.16219230858847827,0,69.6485623003195
MC102711,MEDICAL_CLAIM,-0.10274336249654076,0,87.79952076677317
MC101237,MEDICAL_CLAIM,-0.2131754638138627,0,22.20447284345048
MC100094,MEDICAL_CLAIM,-0.14183968265006658,0,78.71405750798722
MC100297,MEDICAL_CLAIM,-0.178492303855651,0,58.1070287539936
MC101567,MEDICAL_CLAIM,-0.21553243493521385,0,19.349041533546327
MC103286,MEDICAL_CLAIM,-0.19485580446903406,0,45.18769968051119
MC101635,MEDICAL_CLAIM,0.02534176420734835,1,99.48083067092651
MC104673,MEDICAL_CLAIM,-0.18897655482332804,0,50.13977635782748
MC103738,MEDICAL_CLAIM,-0.11834875961525726,0,85.0838658146965
MC103402,MEDICAL_CLAIM,-0.03902930696723339,0,94.98801916932908
MC101491,MEDICAL_CLAIM,-0.17798888634551563,0,58.54632587859425
MC101510,MEDICAL_CLAIM,-0.21662526302413015,0,18.190894568690098
MC103290,MEDICAL_CLAIM,-0.17090818028145144,0,64.05750798722045
MC104047,MEDICAL_CLAIM,-0.12330110160039259,0,83.80591054313099
MC102269,MEDICAL_CLAIM,-0.22393406524529363,0,9.085463258785943
MC100666,MEDICAL_CLAIM,-0.22916283173006652,0,4.073482428115016
MC100032,MEDICAL_CLAIM,-0.1800031706767375,0,57.368210862619804
MC103424,MEDICAL_CLAIM,-0.15829417245208444,0,71.74520766773162
MC102047,MEDICAL_CLAIM,-0.19253849403197348,0,47.26437699680511
MC102571,MEDICAL_CLAIM,-0.1711476931087444,0,63.93769968051119
MC102952,MEDICAL_CLAIM,-0.07575802704444451,0,90.93450479233228
MC104036,MEDICAL_CLAIM,-0.21866314869175763,0,15.934504792332268
MC100567,MEDICAL_CLAIM,-0.054293882282596684,0,93.55031948881789
MC101518,MEDICAL_CLAIM,-0.1692707027639227,0,65.33546325878594
MC101636,MEDICAL_CLAIM,-0.1696492698083289,0,64.95607028753993
MC104148,MEDICAL_CLAIM,-0.22726719963669845,0,5.491214057507987
MC102815,MEDICAL_CLAIM,-0.1712518966569163,0,63.897763578274756
MC101048,MEDICAL_CLAIM,-0.23453507463044926,0,0.35942492012779553
MC100582,MEDICAL_CLAIM,-0.1988394865842371,0,40.05591054313099
MC102063,MEDICAL_CLAIM,-0.09098512898124966,0,89.39696485623003
MC103859,MEDICAL_CLAIM,-0.19799378814104407,0,41.33386581469649
MC101342,MEDICAL_CLAIM,-0.03196479733155766,0,95.68690095846645
MC102735,MEDICAL_CLAIM,-0.1895264224677914,0,49.56070287539936
MC101768,MEDICAL_CLAIM,-0.15371590655532652,0,73.96166134185303
MC101130,MEDICAL_CLAIM,-0.16250794171886146,0,69.34904153354633
MC101661,MEDICAL_CLAIM,-0.20411833901233006,0,33.58626198083067
MC102396,MEDICAL_CLAIM,-0.20306251858916347,0,34.94408945686901
MC104990,MEDICAL_CLAIM,-0.18564775974156694,0,53.09504792332268
MC102489,MEDICAL_CLAIM,-0.22892462622629628,0,4.17332268370607
MC101335,MEDICAL_CLAIM,-0.2324206539850558,0,1.3578274760383386
MC104956,MEDICAL_CLAIM,-0.21050762485796393,0,25.63897763578275
MC100801,MEDICAL_CLAIM,-0.18620586818712642,0,52.53594249201278
MC103109,MEDICAL_CLAIM,-0.20570429769849785,0,31.649361022364218
MC103515,MEDICAL_CLAIM,-0.22509515462993768,0,7.687699680511183
MC100495,MEDICAL_CLAIM,-0.19456297939309364,0,45.54712460063898
MC102816,MEDICAL_CLAIM,0.006146964744443095,1,98.58226837060703
MC100230,MEDICAL_CLAIM,-0.22662164683271685,0,6.1900958466453675
MC104755,MEDICAL_CLAIM,-0.14331068421522708,0,78.27476038338658
MC104544,MEDICAL_CLAIM,-0.059284058074609236,0,92.97124600638978
MC103021,MEDICAL_CLAIM,-0.23192306425404602,0,1.876996805111821
MC101064,MEDICAL_CLAIM,-0.21311203039789545,0,22.364217252396166
MC100827,MEDICAL_CLAIM,-0.13459766734189876,0,81.05031948881789
MC103945,MEDICAL_CLAIM,-0.1947951595187809,0,45.28753993610224
MC100120,MEDICAL_CLAIM,-0.13424968544176802,0,81.19009584664538
MC104081,MEDICAL_CLAIM,-0.17615018201162919,0,59.98402555910543
MC103613,MEDICAL_CLAIM,-0.1902290743956075,0,48.881789137380196
MC100005,MEDICAL_CLAIM,-0.19494415959084416,0,44.98801916932907
MC100472,MEDICAL_CLAIM,-0.19743118189798342,0,42.23242811501598
MC104352,MEDICAL_CLAIM,-0.22879838120239498,0,4.333067092651757
MC101759,MEDICAL_CLAIM,-0.18734980292226583,0,51.57747603833865
MC101607,MEDICAL_CLAIM,-0.22401611750349804,0,8.965654952076678
MC100604,MEDICAL_CLAIM,-0.1293578856622969,0,82.58785942492013
MC102300,MEDICAL_CLAIM,-0.2049463076322074,0,32.76757188498402
MC104472,MEDICAL_CLAIM,-0.18980163332096234,0,49.201277955271564
MC100723,MEDICAL_CLAIM,-0.21715144148325827,0,17.691693290734825
MC100273,MEDICAL_CLAIM,-0.20569806615950437,0,31.669329073482427
MC100057,MEDICAL_CLAIM,-0.2199106618291961,0,14.297124600638977
MC101541,MEDICAL_CLAIM,-0.037074179994129985,0,95.24760383386581
MC101893,MEDICAL_CLAIM,-0.22851695186666837,0,4.592651757188499
MC103745,MEDICAL_CLAIM,-0.18046333443501317,0,56.84904153354633
MC104412,MEDICAL_CLAIM,-0.17201402812039124,0,63.31869009584664
MC101263,MEDICAL_CLAIM,-0.16337212481012553,0,68.88977635782749
MC100115,MEDICAL_CLAIM,-0.2111786415018983,0,24.710463258785943
MC101700,MEDICAL_CLAIM,-0.18210777005435858,0,55.670926517571885
MC104354,MEDICAL_CLAIM,-0.155620780297816,0,72.8035143769968
MC103665,MEDICAL_CLAIM,-0.2185478805148059,0,16.114217252396166
MC104555,MEDICAL_CLAIM,-0.1102637805085761,0,86.62140575079871
MC104279,MEDICAL_CLAIM,-0.23285381522088267,0,0.9185303514376997
MC102989,MEDICAL_CLAIM,-0.187782836502429,0,51.03833865814696
MC102596,MEDICAL_CLAIM,-0.13155070192885854,0,81.92891373801918
MC104930,MEDICAL_CLAIM,-0.196487150496288,0,43.31070287539936
MC104788,MEDICAL_CLAIM,-0.18383257158160582,0,54.353035143769965
MC102184,MEDICAL_CLAIM,-0.20727817987538538,0,29.87220447284345
MC101852,MEDICAL_CLAIM,-0.11354837313704463,0,86.0223642172524
MC102550,MEDICAL_CLAIM,-0.21743856449430798,0,17.272364217252395
MC101887,MEDICAL_CLAIM,-0.2241519426099372,0,8.80591054313099
MC102385,MEDICAL_CLAIM,-0.18929092210257714,0,49.780351437699686
MC100706,MEDICAL_CLAIM,-0.15861159326654384,0,71.42571884984025
MC102119,MEDICAL_CLAIM,-0.02129954360693065,0,96.70527156549521
MC104989,MEDICAL_CLAIM,-0.2284026050376909,0,4.712460063897764
MC101477,MEDICAL_CLAIM,-0.18404178892099027,0,54.153354632587856
MC104333,MEDICAL_CLAIM,-0.21300747628650224,0,22.46405750798722
MC103700,MEDICAL_CLAIM,-0.1900437174300455,0,49.06150159744409
MC102750,MEDICAL_CLAIM,-0.17621589497677725,0,59.96405750798722
MC103464,MEDICAL_CLAIM,-0.11677224929128693,0,85.34345047923323
MC104798,MEDICAL_CLAIM,-0.1981011623832235,0,41.13418530351438
MC104925,MEDICAL_CLAIM,-0.18983075994808235,0,49.18130990415335
MC100294,MEDICAL_CLAIM,-0.20123344761747725,0,37.34025559105431
MC102943,MEDICAL_CLAIM,-0.1344963139065266,0,81.11022364217251
MC100672,MEDICAL_CLAIM,-0.22451270102399717,0,8.406549520766774
MC104576,MEDICAL_CLAIM,-0.2209231933778441,0,12.919329073482427
MC102015,MEDICAL_CLAIM,-0.016135115164518266,0,97.18450479233228
MC100932,MEDICAL_CLAIM,-0.14896055236286554,0,75.71884984025559
MC101929,MEDICAL_CLAIM,-0.22470158510963179,0,8.186900958466452
MC102410,MEDICAL_CLAIM,-0.16243200996270996,0,69.38897763578275
MC102280,MEDICAL_CLAIM,-0.22787249430450857,0,5.051916932907348
MC101243,MEDICAL_CLAIM,-0.17613117037174986,0,60.063897763578275
MC101634,MEDICAL_CLAIM,-0.1914069770751825,0,48.1629392971246
MC101519,MEDICAL_CLAIM,-0.18518244836518255,0,53.37460063897763
MC104152,MEDICAL_CLAIM,-0.10869047154237094,0,86.96086261980831
MC103536,MEDICAL_CLAIM,-0.12694512183920753,0,83.04712460063898
MC104943,MEDICAL_CLAIM,-0.20796049996937327,0,28.993610223642175
MC102039,MEDICAL_CLAIM,-0.18749924018549446,0,51.397763578274756
MC102395,MEDICAL_CLAIM,-0.2239277307555365,0,9.125399361022364
MC103409,MEDICAL_CLAIM,-0.09702093486255087,0,88.5782747603834
MC100145,MEDICAL_CLAIM,-0.2023206218376601,0,35.882587859424916
MC100787,MEDICAL_CLAIM,-0.11574826649046166,0,85.58306709265176
MC102569,MEDICAL_CLAIM,-0.08760687435033704,0,89.79632587859425
MC101206,MEDICAL_CLAIM,-0.10841753186867326,0,87.06070287539937
MC103575,MEDICAL_CLAIM,-0.2257057137950224,0,7.048722044728435
MC101906,MEDICAL_CLAIM,-0.03657058309274275,0,95.30750798722045
MC101403,MEDICAL_CLAIM,-0.19958134671502148,0,39.21725239616614
MC104610,MEDICAL_CLAIM,-0.22415556327318625,0,8.78594249201278
MC101348,MEDICAL_CLAIM,-0.2057698779704923,0,31.589456869009584
MC103446,MEDICAL_CLAIM,-0.12080125800626723,0,84.40495207667732
MC102867,MEDICAL_CLAIM,-0.060738362269719404,0,92.77156549520767
MC104984,MEDICAL_CLAIM,-0.13535120280046775,0,80.73083067092651
MC103662,MEDICAL_CLAIM,-0.1962206246330095,0,43.5702875399361
MC103224,MEDICAL_CLAIM,-0.017235864718699645,0,97.08466453674122
MC100186,MEDICAL_CLAIM,-0.21359817590846164,0,21.745207667731627
MC100301,MEDICAL_CLAIM,-0.08119598781556475,0,90.45527156549521
MC101615,MEDICAL_CLAIM,-0.17523390897450025,0,60.76277955271565
MC101570,MEDICAL_CLAIM,-0.20804282412289743,0,28.81389776357827
MC100676,MEDICAL_CLAIM,-0.14388078316884856,0,77.89536741214057
MC101046,MEDICAL_CLAIM,-0.22672301774431325,0,6.060303514376997
MC103447,MEDICAL_CLAIM,-0.21057055253726364,0,25.549121405750796
MC101907,MEDICAL_CLAIM,-0.1740041917815336,0,61.68130990415336
MC101898,MEDICAL_CLAIM,-0.2196095042856721,0,14.716453674121405
MC104897,MEDICAL_CLAIM,-0.035618680597669816,0,95.46725239616613
MC100409,MEDICAL_CLAIM,-0.22741599113053468,0,5.3314696485623
MC100235,MEDICAL_CLAIM,-0.21600382736318047,0,18.98961661341853
MC103977,MEDICAL_CLAIM,-0.1219128996951469,0,84.12539936102237
MC104376,MEDICAL_CLAIM,-0.14242342999538926,0,78.53434504792332
MC103944,MEDICAL_CLAIM,-0.10955114986881614,0,86.80111821086261
MC101388,MEDICAL_CLAIM,-0.16083276627729232,0,70.34744408945687
MC102077,MEDICAL_CLAIM,-0.1722272118199344,0,63.15894568690096
MC102379,MEDICAL_CLAIM,-0.21298121116354507,0,22.523961661341854
MC100856,MEDICAL_CLAIM,-0.21872439264976334,0,15.834664536741213
MC103168,MEDICAL_CLAIM,-0.1517699312241857,0,74.72044728434504
MC102351,MEDICAL_CLAIM,-0.19832370028920643,0,40.814696485623
MC104581,MEDICAL_CLAIM,-0.22929589814548346,0,3.973642172523962
MC104059,MEDICAL_CLAIM,-0.1742300258561274,0,61.46166134185304
MC101579,MEDICAL_CLAIM,-0.054625388624773175,0,93.51038338658148
MC101356,MEDICAL_CLAIM,-0.21004694417227682,0,26.357827476038338
MC102123,MEDICAL_CLAIM,-0.18308912215000434,0,55.01198083067093
MC104132,MEDICAL_CLAIM,-0.19694648913157486,0,42.77156549520767
MC100046,MEDICAL_CLAIM,-0.19476758149322132,0,45.347444089456864
MC103546,MEDICAL_CLAIM,-0.22654528262680612,0,6.2699680511182105
MC103677,MEDICAL_CLAIM,-0.18860036860357737,0,50.47923322683706
MC101600,MEDICAL_CLAIM,-0.01866416654512215,0,96.94488817891373
MC104862,MEDICAL_CLAIM,-0.2016175193674813,0,36.72124600638978
MC101070,MEDICAL_CLAIM,-0.23276797411382738,0,1.018370607028754
MC103374,MEDICAL_CLAIM,-0.19608521599267847,0,43.69009584664536
MC104573,MEDICAL_CLAIM,-0.11996221380734179,0,84.62460063897763
MC104677,MEDICAL_CLAIM,-0.1572338411376838,0,72.08466453674122
MC102322,MEDICAL_CLAIM,-0.23528079042705552,0,0.13977635782747602
MC104528,MEDICAL_CLAIM,-0.2212667175261422,0,12.579872204472844
MC103874,MEDICAL_CLAIM,-0.18967211558734448,0,49.371006389776355
MC102421,MEDICAL_CLAIM,-0.1887500115775097,0,50.29952076677316
MC103509,MEDICAL_CLAIM,-0.21569454877426647,0,19.169329073482427
MC102074,MEDICAL_CLAIM,-0.14582456150905765,0,77.13658146964856
MC100202,MEDICAL_CLAIM,-0.22058342516374474,0,13.458466453674124
MC100525,MEDICAL_CLAIM,-0.15480292144944585,0,73.38258785942492
MC101188,MEDICAL_CLAIM,-0.22028671044126946,0,13.917731629392971
MC100810,MEDICAL_CLAIM,-0.1379082877480245,0,79.83226837060703
MC101649,MEDICAL_CLAIM,-0.21672958862253194,0,18.031150159744406
MC100962,MEDICAL_CLAIM,0.03819547475450069,1,99.8202875399361
MC100829,MEDICAL_CLAIM,-0.1495909986452159,0,75.49920127795528
MC104319,MEDICAL_CLAIM,-0.22465886814761377,0,8.226837060702875
MC100293,MEDICAL_CLAIM,-0.1748714441646138,0,61.0423322683706
MC103639,MEDICAL_CLAIM,-0.18903575888803886,0,50.05990415335463
MC103372,MEDICAL_CLAIM,-0.21327100921017528,0,22.084664536741215
MC102417,MEDICAL_CLAIM,-0.1887777160616887,0,50.25958466453674
MC101090,MEDICAL_CLAIM,-0.1928510802438539,0,47.024760383386585
MC102168,MEDICAL_CLAIM,-0.20111633787974548,0,37.48003194888179
MC101264,MEDICAL_CLAIM,-0.22487127755820951,0,8.027156549520766
MC102627,MEDICAL_CLAIM,-0.21237061236188098,0,23.242811501597444
MC104744,MEDICAL_CLAIM,-0.1693934373550019,0,65.27555910543131
MC101129,MEDICAL_CLAIM,-0.17418565344792286,0,61.48162939297125
MC100515,MEDICAL_CLAIM,-0.17562068853065038,0,60.44329073482429
MC103034,MEDICAL_CLAIM,0.020020456844785706,1,99.24121405750799
MC102929,MEDICAL_CLAIM,-0.18979910766491837,0,49.22124600638978
MC102703,MEDICAL_CLAIM,-0.21043350746536027,0,25.748801916932905
MC100221,MEDICAL_CLAIM,-0.11755795451711887,0,85.26357827476039
MC104779,MEDICAL_CLAIM,-0.18303805978269927,0,55.07188498402555
MC101975,MEDICAL_CLAIM,-0.027395507150131393,0,96.10623003194888
MC101411,MEDICAL_CLAIM,-0.15138644118365108,0,74.86022364217251
MC104805,MEDICAL_CLAIM,-0.21756027086655844,0,17.13258785942492
MC104019,MEDICAL_CLAIM,0.053514210614076685,1,99.98003194888179
MC101118,MEDICAL_CLAIM,-0.21771376181315488,0,16.952875399361023
MC104548,MEDICAL_CLAIM,-0.17391539394126554,0,61.80111821086262
MC101520,MEDICAL_CLAIM,-0.18786406125733413,0,50.97843450479233
MC100430,MEDICAL_CLAIM,-0.1154939668121045,0,85.6429712460064
MC103887,MEDICAL_CLAIM,-0.1361637969017251,0,80.5111821086262
MC102104,MEDICAL_CLAIM,-0.020921783315285825,0,96.76517571884983
MC103845,MEDICAL_CLAIM,-0.19773095554844422,0,41.873003194888184
MC100288,MEDICAL_CLAIM,-0.20640016516861664,0,30.75079872204473
MC102947,MEDICAL_CLAIM,-0.21742938461500477,0,17.292332268370608
MC101232,MEDICAL_CLAIM,-0.03715032672347829,0,95.2076677316294
MC104950,MEDICAL_CLAIM,-0.2028965420040273,0,35.123801916932905
MC103997,MEDICAL_CLAIM,-0.2148519243788033,0,20.227635782747605
MC102657,MEDICAL_CLAIM,-0.22587897766062615,0,6.869009584664537
MC104790,MEDICAL_CLAIM,-0.2034777064637548,0,34.40495207667731
MC104758,MEDICAL_CLAIM,-0.19936957792596016,0,39.47683706070288
MC104639,MEDICAL_CLAIM,-0.12603055672446312,0,83.22683706070288
MC100546,MEDICAL_CLAIM,-0.23551912422935561,0,0.05990415335463259
MC102606,MEDICAL_CLAIM,-0.2207525481206345,0,13.238817891373802
MC104893,MEDICAL_CLAIM,-0.17554165070638378,0,60.54313099041534
MC102175,MEDICAL_CLAIM,-0.12518190871003693,0,83.40654952076677
MC101665,MEDICAL_CLAIM,-0.17447457035746816,0,61.24201277955271
MC102226,MEDICAL_CLAIM,-0.13736754889242442,0,80.02196485623003
MC100533,MEDICAL_CLAIM,-0.17011786279628238,0,64.5367412140575
MC104539,MEDICAL_CLAIM,-0.191214099290007,0,48.26277955271566
MC103629,MEDICAL_CLAIM,-0.18536200437250194,0,53.25479233226837
MC101067,MEDICAL_CLAIM,-0.18970159087453003,0,49.32108626198083
MC101488,MEDICAL_CLAIM,-0.056404550781369744,0,93.29073482428115
MC104205,MEDICAL_CLAIM,-0.21206928923863466,0,23.60223642172524
MC103438,MEDICAL_CLAIM,-0.06666339099545554,0,91.9129392971246
MC100068,MEDICAL_CLAIM,-0.11807284605555457,0,85.14376996805112
MC100704,MEDICAL_CLAIM,-0.1492609502402587,0,75.65894568690096
MC100307,MEDICAL_CLAIM,-0.21633746522421182,0,18.570287539936103
MC103563,MEDICAL_CLAIM,-0.1470554353090514,0,76.57747603833866
MC103632,MEDICAL_CLAIM,-0.23218027538590175,0,1.5974440894568689
MC102353,MEDICAL_CLAIM,-0.19576923016118158,0,44.069488817891376
MC100345,MEDICAL_CLAIM,-0.23236603069109368,0,1.4776357827476039
MC101603,MEDICAL_CLAIM,-0.20514876666166004,0,32.54792332268371
MC102267,MEDICAL_CLAIM,-0.2194662489056881,0,14.976038338658146
MC102490,MEDICAL_CLAIM,-0.012506392293263668,0,97.4241214057508
MC104526,MEDICAL_CLAIM,-0.21953243870624328,0,14.896166134185304
MC104559,MEDICAL_CLAIM,-0.1824287180395936,0,55.47124600638978
MC101097,MEDICAL_CLAIM,-0.19686128553270704,0,42.87140575079872
MC101341,MEDICAL_CLAIM,-0.1937528800208031,0,46.246006389776355
MC104470,MEDICAL_CLAIM,-0.20593433191265276,0,31.329872204472842
MC102904,MEDICAL_CLAIM,-0.14671485818248903,0,76.69728434504792
MC101427,MEDICAL_CLAIM,-0.1909607790671773,0,48.382587859424916
MC104745,MEDICAL_CLAIM,-0.19063923391271886,0,48.54233226837061
MC101578,MEDICAL_CLAIM,-0.21211222844135053,0,23.482428115015974
MC102504,MEDICAL_CLAIM,-0.11712342895188121,0,85.3035143769968
MC100461,MEDICAL_CLAIM,-0.12215392632478722,0,84.06549520766772
MC102930,MEDICAL_CLAIM,-0.21134620473714755,0,24.48083067092652
MC103260,MEDICAL_CLAIM,-0.20930934129724038,0,27.27635782747604
MC104088,MEDICAL_CLAIM,-0.22121489888081408,0,12.639776357827476
MC103907,MEDICAL_CLAIM,-0.17562798617251368,0,60.42332268370607
MC103918,MEDICAL_CLAIM,-0.19822803911093967,0,40.974440894568694
MC101586,MEDICAL_CLAIM,-0.15312924246300125,0,74.20127795527156
MC101979,MEDICAL_CLAIM,-0.22381643515666405,0,9.345047923322685
MC102501,MEDICAL_CLAIM,-0.21126860694667526,0,24.600638977635782
MC101657,MEDICAL_CLAIM,-0.05330757165378619,0,93.69009584664538
MC102207,MEDICAL_CLAIM,-0.19510224838836654,0,44.808306709265175
MC100171,MEDICAL_CLAIM,-0.036815887337979136,0,95.28753993610223
MC100680,MEDICAL_CLAIM,-0.18105542125060936,0,56.46964856230032
MC103264,MEDICAL_CLAIM,-0.2002274661597272,0,38.498402555910545
MC100358,MEDICAL_CLAIM,-0.203569205285983,0,34.20527156549521
MC104922,MEDICAL_CLAIM,-0.15717697041905598,0,72.10463258785943
MC102578,MEDICAL_CLAIM,-0.19979980514085072,0,38.93769968051119
MC102181,MEDICAL_CLAIM,-0.13509114851710868,0,80.8905750798722
MC104200,MEDICAL_CLAIM,-0.22888998117968146,0,4.193290734824282
MC102075,MEDICAL_CLAIM,-0.0548021404848027,0,93.46046325878594
MC103943,MEDICAL_CLAIM,-0.19730961476641135,0,42.412140575079874
MC100819,MEDICAL_CLAIM,-0.1738492769487684,0,61.88099041533547
MC103044,MEDICAL_CLAIM,-0.21921622196423518,0,15.2555910543131
MC104369,MEDICAL_CLAIM,-0.16193147526839347,0,69.80830670926518
MC103057,MEDICAL_CLAIM,-0.22323775443939053,0,10.20367412140575
MC101385,MEDICAL_CLAIM,-0.06630906588163288,0,91.95287539936102
MC103143,MEDICAL_CLAIM,-0.21562074799453534,0,19.18929712460064
MC100507,MEDICAL_CLAIM,-0.22026973763058116,0,13.957667731629392
MC103981,MEDICAL_CLAIM,-0.1002046126116809,0,88.25878594249201
MC100155,MEDICAL_CLAIM,-0.21665698124025373,0,18.111022364217252
MC100554,MEDICAL_CLAIM,-0.15676825974892583,0,72.20447284345049
MC103691,MEDICAL_CLAIM,-0.11327114007521083,0,86.08226837060703
MC104114,MEDICAL_CLAIM,-0.16095185183498906,0,70.28753993610223
MC102643,MEDICAL_CLAIM,-0.09877923351443152,0,88.35862619808307
MC104483,MEDICAL_CLAIM,-0.19486467800495555,0,45.147763578274756
MC100635,MEDICAL_CLAIM,-0.12709607195837525,0,83.02715654952077
MC104252,MEDICAL_CLAIM,-0.16686380214915747,0,66.67332268370608
MC100941,MEDICAL_CLAIM,-0.21137955951925308,0,24.41094249201278
MC103439,MEDICAL_CLAIM,-0.15451491678665308,0,73.58226837060703
MC104843,MEDICAL_CLAIM,-0.2019340014464907,0,36.301916932907346
MC103776,MEDICAL_CLAIM,-0.14279358483360782,0,78.43450479233228
MC104166,MEDICAL_CLAIM,-0.17354289322119704,0,62.180511182108624
MC101429,MEDICAL_CLAIM,-0.19773161844827614,0,41.853035143769965
MC104395,MEDICAL_CLAIM,-0.18562681108897194,0,53.134984025559106
MC101631,MEDICAL_CLAIM,-0.18327833557814865,0,54.852236421725244
MC101178,MEDICAL_CLAIM,-0.20823724576882752,0,28.69408945686901
MC100885,MEDICAL_CLAIM,-0.15862598807442624,0,71.38578274760383
MC101306,MEDICAL_CLAIM,-0.20308787018194524,0,34.90415335463259
MC102886,MEDICAL_CLAIM,-0.11988936740162837,0,84.68450479233228
MC101608,MEDICAL_CLAIM,0.00498122016126179,1,98.44249201277955
MC100821,MEDICAL_CLAIM,-0.19553538085059463,0,44.2891373801917
MC101440,MEDICAL_CLAIM,-0.21985242695503354,0,14.396964856230031
MC103378,MEDICAL_CLAIM,-0.21131304508707832,0,24.52076677316294
MC102436,MEDICAL_CLAIM,-0.15119144899638898,0,74.96006389776358
MC103002,MEDICAL_CLAIM,-0.1296755796650641,0,82.48801916932908
MC100371,MEDICAL_CLAIM,-0.22362780623587358,0,9.664536741214057
MC104829,MEDICAL_CLAIM,-0.20841453509251417,0,28.47444089456869
MC103812,MEDICAL_CLAIM,-0.14375419123671562,0,78.01517571884983
MC104052,MEDICAL_CLAIM,-0.22504509351192314,0,7.777555910543131
MC103208,MEDICAL_CLAIM,-0.008313460021793118,0,97.66373801916933
MC101414,MEDICAL_CLAIM,-0.22245086958770038,0,11.10223642172524
MC103904,MEDICAL_CLAIM,-0.20764721269352154,0,29.39297124600639
MC104510,MEDICAL_CLAIM,-0.18664306506915335,0,52.21645367412141
MC102471,MEDICAL_CLAIM,-0.20185926545005162,0,36.46166134185304
MC100469,MEDICAL_CLAIM,-0.1708237082828346,0,64.1373801916933
MC104195,MEDICAL_CLAIM,-0.20723579205734405,0,29.892172523961662
MC104021,MEDICAL_CLAIM,-0.051265522653700435,0,93.90974440894568
MC103892,MEDICAL_CLAIM,-0.16236220045906646,0,69.42891373801918
MC103696,MEDICAL_CLAIM,-0.18025751279280333,0,57.108626198083066
MC102287,MEDICAL_CLAIM,-0.23428483478250223,0,0.3993610223642172
MC101141,MEDICAL_CLAIM,-0.19181164493167963,0,47.843450479233226
MC103671,MEDICAL_CLAIM,-0.217378429649087,0,17.31230031948882
MC101219,MEDICAL_CLAIM,-0.20429400807396886,0,33.426517571884986
MC103130,MEDICAL_CLAIM,-0.19737288673507136,0,42.31230031948881
MC103831,MEDICAL_CLAIM,-0.1859805164360115,0,52.77555910543131
MC100506,MEDICAL_CLAIM,-0.14339703922807512,0,78.17492012779552
MC102696,MEDICAL_CLAIM,-0.23049212829688803,0,2.915335463258786
MC100553,MEDICAL_CLAIM,-0.17652872880906967,0,59.71445686900958
MC100954,MEDICAL_CLAIM,-0.19288295698450308,0,46.96485623003195
MC104902,MEDICAL_CLAIM,-0.20337139288001055,0,34.54472843450479
MC103245,MEDICAL_CLAIM,-0.2011304203809725,0,37.42012779552716
MC102011,MEDICAL_CLAIM,-0.1966743495985387,0,43.15095846645367
MC103452,MEDICAL_CLAIM,-0.18729483885532056,0,51.617412140575084
MC101437,MEDICAL_CLAIM,-0.18183876924803177,0,55.91054313099042
MC100451,MEDICAL_CLAIM,-0.23267964541948305,0,1.178115015974441
MC100965,MEDICAL_CLAIM,-0.2047213330484568,0,32.927316293929714
MC100346,MEDICAL_CLAIM,-0.1958842529498695,0,43.94968051118211
MC103113,MEDICAL_CLAIM,0.0010855904301898534,1,98.12300319488818
MC104575,MEDICAL_CLAIM,-0.16207144386896644,0,69.72843450479233
MC100773,MEDICAL_CLAIM,-0.22718846129741382,0,5.5111821086261985
MC100123,MEDICAL_CLAIM,-0.21343296167266335,0,21.84504792332268
MC100080,MEDICAL_CLAIM,-0.21763176600316425,0,17.072683706070286
MC100587,MEDICAL_CLAIM,-0.14129014215354757,0,78.85383386581469
MC101165,MEDICAL_CLAIM,-0.17925767880412147,0,57.78753993610224
MC103230,MEDICAL_CLAIM,0.013647357906364954,1,98.94169329073482
MC100990,MEDICAL_CLAIM,-0.2154893893881284,0,19.42891373801917
MC101742,MEDICAL_CLAIM,-0.17519327287989728,0,60.80271565495208
MC104800,MEDICAL_CLAIM,-0.06937439543557705,0,91.49361022364218
MC100143,MEDICAL_CLAIM,-0.22352938248456644,0,9.824281150159745
MC101560,MEDICAL_CLAIM,-0.20349319232341323,0,34.34504792332269
MC104616,MEDICAL_CLAIM,-0.2020953987531947,0,36.162140575079874
MC101018,MEDICAL_CLAIM,-0.1861337307851782,0,52.67571884984026
MC102413,MEDICAL_CLAIM,-0.19143317033225454,0,48.14297124600639
MC102808,MEDICAL_CLAIM,-0.15859479390826858,0,71.47563897763578
MC100727,MEDICAL_CLAIM,-0.15379315907761454,0,73.93170926517571
MC103458,MEDICAL_CLAIM,-0.21988137747636188,0,14.357028753993612
MC104698,MEDICAL_CLAIM,-0.21422489368556663,0,21.126198083067095
MC103281,MEDICAL_CLAIM,-0.19437682136072149,0,45.706869009584665
MC100331,MEDICAL_CLAIM,-0.1865651557269195,0,52.35623003194888
MC102549,MEDICAL_CLAIM,-0.2002632866176366,0,38.4185303514377
MC103121,MEDICAL_CLAIM,-0.1725376700410573,0,62.89936102236422
MC100493,MEDICAL_CLAIM,-0.20311479048077674,0,34.864217252396166
MC100287,MEDICAL_CLAIM,-0.2256540007079148,0,7.1086261980830665
MC103284,MEDICAL_CLAIM,-0.21412912979680748,0,21.3258785942492
MC104777,MEDICAL_CLAIM,-0.22261435943340951,0,10.882587859424921
MC102169,MEDICAL_CLAIM,-0.2035316805722172,0,34.26517571884984
MC102727,MEDICAL_CLAIM,-0.17568634075261763,0,60.343450479233226
MC100915,MEDICAL_CLAIM,-0.19683437155459044,0,42.91134185303515
MC104165,MEDICAL_CLAIM,-0.2247560336688359,0,8.10702875399361
MC102053,MEDICAL_CLAIM,-0.19949295382202842,0,39.3370607028754
MC101854,MEDICAL_CLAIM,-0.11131392775470406,0,86.4217252396166
MC103137,MEDICAL_CLAIM,-0.1817741847646665,0,55.97044728434505
MC103959,MEDICAL_CLAIM,-0.2227443488262305,0,10.742811501597444
MC102894,MEDICAL_CLAIM,-0.22288067747032408,0,10.563099041533548
MC102399,MEDICAL_CLAIM,-0.15532210125267215,0,72.94329073482429
MC104783,MEDICAL_CLAIM,0.03284951779281109,1,99.70047923322683
MC101888,MEDICAL_CLAIM,-0.14632538883458857,0,76.89696485623003
MC103998,MEDICAL_CLAIM,-0.1681772074734761,0,65.87460063897763
MC103297,MEDICAL_CLAIM,-0.18131760746386527,0,56.23003194888179
MC103488,MEDICAL_CLAIM,-0.061028807599862955,0,92.73162939297124
MC103872,MEDICAL_CLAIM,-0.19395263661001982,0,46.06629392971246
MC102461,MEDICAL_CLAIM,-0.16788046365667608,0,66.07428115015975
MC100992,MEDICAL_CLAIM,-0.19925767903948644,0,39.596645367412144
MC100538,MEDICAL_CLAIM,-0.14866478505339287,0,75.85862619808307
MC100770,MEDICAL_CLAIM,-0.09517572604056734,0,88.83785942492013
MC101355,MEDICAL_CLAIM,-0.13352225890371744,0,81.36980830670927
MC101057,MEDICAL_CLAIM,-0.18792420948416882,0,50.918530351437695
MC104776,MEDICAL_CLAIM,0.014126489235126272,1,98.98162939297124
MC104430,MEDICAL_CLAIM,-0.16694001839382666,0,66.59345047923323
MC102499,MEDICAL_CLAIM,-0.03252177543715673,0,95.64696485623003
MC104468,MEDICAL_CLAIM,-0.22079900552240633,0,13.138977635782748
MC102437,MEDICAL_CLAIM,-0.21959012910146447,0,14.736421725239618
MC101412,MEDICAL_CLAIM,-0.20170208380964783,0,36.62140575079872
MC102914,MEDICAL_CLAIM,-0.1587248673650793,0,71.24600638977637
MC102199,MEDICAL_CLAIM,-0.21906971650210838,0,15.475239616613418
MC103714,MEDICAL_CLAIM,-0.22931892206717935,0,3.9536741214057507
MC102541,MEDICAL_CLAIM,-0.23172046924273576,0,2.1365814696485623
MC104373,MEDICAL_CLAIM,-0.18672741492238587,0,52.07667731629393
MC103496,MEDICAL_CLAIM,-0.09476550904663339,0,88.91773162939297
MC100236,MEDICAL_CLAIM,-0.0606335471207875,0,92.79153354632588
MC101912,MEDICAL_CLAIM,-0.19491664832067834,0,45.04792332268371
MC100759,MEDICAL_CLAIM,-0.13502825335758284,0,80.93051118210862
MC100160,MEDICAL_CLAIM,-0.14482392613322304,0,77.61581469648561
MC102180,MEDICAL_CLAIM,0.027882716629260673,1,99.56070287539937
MC100368,MEDICAL_CLAIM,-0.22069178281515411,0,13.318690095846645
MC101780,MEDICAL_CLAIM,-0.14335045171178556,0,78.21485623003196
MC103201,MEDICAL_CLAIM,-0.21153080382067835,0,24.201277955271568
MC101871,MEDICAL_CLAIM,-0.16388993729916324,0,68.43051118210862
MC100429,MEDICAL_CLAIM,-0.2160850319996337,0,18.829872204472846
MC103561,MEDICAL_CLAIM,-0.22074610705171693,0,13.278753993610223
MC102259,MEDICAL_CLAIM,-0.17000289414709657,0,64.74640575079871
MC103965,MEDICAL_CLAIM,-0.1865782090855807,0,52.33626198083067
MC102849,MEDICAL_CLAIM,-0.18576919351266524,0,53.03514376996805
MC100088,MEDICAL_CLAIM,-0.09116674428427302,0,89.3570287539936
MC102858,MEDICAL_CLAIM,-0.16182239459964898,0,69.84824281150159
MC104579,MEDICAL_CLAIM,-0.1297892645611503,0,82.40814696485623
MC104078,MEDICAL_CLAIM,-0.11858412995861717,0,85.04392971246007
MC104785,MEDICAL_CLAIM,-0.19668933206694272,0,43.11102236421725
MC100539,MEDICAL_CLAIM,-0.12147140820449925,0,84.20527156549521
MC104310,MEDICAL_CLAIM,-0.22679328083253286,0,5.970447284345048
MC100465,MEDICAL_CLAIM,-0.16435368342456386,0,68.07108626198082
MC102081,MEDICAL_CLAIM,-0.22880434804907268,0,4.313099041533546
MC102160,MEDICAL_CLAIM,-0.22244808569055985,0,11.12220447284345
MC100924,MEDICAL_CLAIM,-0.2261956954493034,0,6.609424920127796
MC102241,MEDICAL_CLAIM,-0.20797719088758887,0,28.953674121405747
MC100863,MEDICAL_CLAIM,-0.21016559400860235,0,26.17811501597444
MC104122,MEDICAL_CLAIM,-0.12634457808467436,0,83.16693290734824
MC102204,MEDICAL_CLAIM,-0.16711179048279,0,66.45367412140575
MC103847,MEDICAL_CLAIM,-0.2254863421862892,0,7.248402555910544
MC101707,MEDICAL_CLAIM,-0.22322506786837387,0,10.263578274760384
MC100223,MEDICAL_CLAIM,-0.13071343369544852,0,82.18849840255591
MC100689,MEDICAL_CLAIM,-0.17055790494353296,0,64.38698083067092
MC102686,MEDICAL_CLAIM,-0.2080142589907178,0,28.88378594249201
MC104141,MEDICAL_CLAIM,-0.19789571676215512,0,41.5535143769968
MC102099,MEDICAL_CLAIM,-0.21057321033084953,0,25.51916932907348
MC100899,MEDICAL_CLAIM,-0.06087081210879197,0,92.75159744408946
MC104924,MEDICAL_CLAIM,-0.22766973758063347,0,5.1916932907348246
MC100182,MEDICAL_CLAIM,-0.06542895204572335,0,92.13258785942492
MC100936,MEDICAL_CLAIM,-0.19555633338877332,0,44.24920127795527
MC102429,MEDICAL_CLAIM,-0.06207999918221507,0,92.6317891373802
MC104583,MEDICAL_CLAIM,-0.20715470442190742,0,30.091853035143767
MC103506,MEDICAL_CLAIM,-0.22727026104984965,0,5.4712460063897765
MC103571,MEDICAL_CLAIM,-0.15861046731356404,0,71.44568690095848
MC102485,MEDICAL_CLAIM,-0.19522508098388774,0,44.548722044728436
MC100034,MEDICAL_CLAIM,-0.07691760110428292,0,90.85463258785943
MC104008,MEDICAL_CLAIM,-0.1806303728610083,0,56.78913738019169
MC104615,MEDICAL_CLAIM,-0.15866994913591376,0,71.34584664536742
MC104329,MEDICAL_CLAIM,-0.20937122756324877,0,27.176517571884983
MC104038,MEDICAL_CLAIM,-0.1484329108238983,0,76.01837060702876
MC103875,MEDICAL_CLAIM,-0.21350646739889179,0,21.765175718849843
MC100357,MEDICAL_CLAIM,-0.045427577208815184,0,94.42891373801918
MC102062,MEDICAL_CLAIM,-0.2112988523389801,0,24.54073482428115
MC100844,MEDICAL_CLAIM,0.03580398897287895,1,99.78035143769968
MC103813,MEDICAL_CLAIM,-0.22135624106604274,0,12.420127795527156
MC102875,MEDICAL_CLAIM,-0.22355549781293765,0,9.784345047923322
MC102189,MEDICAL_CLAIM,-0.1840161965471393,0,54.17332268370607
MC101316,MEDICAL_CLAIM,-0.19343519237731543,0,46.48562300319489
MC100199,MEDICAL_CLAIM,-0.2047705093715515,0,32.88738019169329
MC104435,MEDICAL_CLAIM,-0.20773483280860044,0,29.233226837060705
MC100016,MEDICAL_CLAIM,-0.18179917203967277,0,55.95047923322684
MC104669,MEDICAL_CLAIM,-0.18862235385652992,0,50.45926517571885
MC104846,MEDICAL_CLAIM,-0.20743354807186726,0,29.572683706070286
MC102253,MEDICAL_CLAIM,-0.23224295545425133,0,1.5575079872204471
MC104663,MEDICAL_CLAIM,-0.17161048587395256,0,63.63817891373802
MC102525,MEDICAL_CLAIM,-0.12122322618806014,0,84.28514376996804
MC100322,MEDICAL_CLAIM,-0.04626575710683667,0,94.26916932907349
MC102080,MEDICAL_CLAIM,-0.08381822238729786,0,90.15575079872204
MC101673,MEDICAL_CLAIM,-0.1548325886280365,0,73.3226837060703
MC100989,MEDICAL_CLAIM,-0.16500651261643956,0,67.6317891373802
MC102535,MEDICAL_CLAIM,-0.18931449648389487,0,49.730431309904155
MC102296,MEDICAL_CLAIM,-0.1854878844546367,0,53.174920127795524
MC103296,MEDICAL_CLAIM,-0.14846132377175575,0,75.95846645367412
MC103180,MEDICAL_CLAIM,-0.1499682734340126,0,75.29952076677317
MC102341,MEDICAL_CLAIM,-0.19914829924406358,0,39.676517571884986
MC100633,MEDICAL_CLAIM,-0.21066524575316276,0,25.399361022364218
MC101175,MEDICAL_CLAIM,-0.19168498716129517,0,47.92332268370607
MC100732,MEDICAL_CLAIM,-0.2056384895772848,0,31.849041533546323
MC103329,MEDICAL_CLAIM,-0.19518092131613174,0,44.6685303514377
MC100596,MEDICAL_CLAIM,-0.17414624001432483,0,61.52156549520767
MC102007,MEDICAL_CLAIM,-0.2087693844661519,0,27.97523961661342
MC102312,MEDICAL_CLAIM,-0.21462450363981672,0,20.46725239616613
MC100022,MEDICAL_CLAIM,-0.18312992549795964,0,54.9720447284345
MC102822,MEDICAL_CLAIM,-0.1471873587797909,0,76.51757188498402
MC102626,MEDICAL_CLAIM,-0.1741380947667024,0,61.54153354632588
MC103520,MEDICAL_CLAIM,-0.14230736749934292,0,78.55431309904152
MC102586,MEDICAL_CLAIM,-0.22652222614411366,0,6.289936102236422
MC102403,MEDICAL_CLAIM,-0.07150341637254021,0,91.31389776357828
MC104714,MEDICAL_CLAIM,-0.14731771958527973,0,76.4776357827476
MC100501,MEDICAL_CLAIM,-0.194379779771077,0,45.646964856230035
MC101946,MEDICAL_CLAIM,-0.10861817508392257,0,87.00079872204472
MC104493,MEDICAL_CLAIM,-0.19200635570155333,0,47.66373801916933
MC100187,MEDICAL_CLAIM,-0.22004735934743253,0,14.13738019169329
MC101052,MEDICAL_CLAIM,-0.20440240953165528,0,33.206869009584665
MC103035,MEDICAL_CLAIM,-0.13949007138978514,0,79.3929712460064
MC100841,MEDICAL_CLAIM,-0.2058334029258158,0,31.469648562300318
MC102258,MEDICAL_CLAIM,-0.20612338288811932,0,31.130191693290737
MC101000,MEDICAL_CLAIM,-0.21729464991079983,0,17.452076677316295
MC104024,MEDICAL_CLAIM,-0.17377993320283236,0,61.96086261980831
MC104909,MEDICAL_CLAIM,-0.19295353380356872,0,46.884984025559106
MC100326,MEDICAL_CLAIM,-0.20053202353544486,0,38.079073482428115
MC103542,MEDICAL_CLAIM,-0.21811662414409677,0,16.41373801916933
MC101557,MEDICAL_CLAIM,-0.1845125073195732,0,53.873801916932905
MC104748,MEDICAL_CLAIM,-0.21089336272404136,0,25.19968051118211
MC101240,MEDICAL_CLAIM,-0.21928732815491936,0,15.095846645367411
MC104456,MEDICAL_CLAIM,-0.22704129582376836,0,5.710862619808307
MC101294,MEDICAL_CLAIM,-0.11152545089233379,0,86.3817891373802
MC102427,MEDICAL_CLAIM,-0.15660978731535058,0,72.2444089456869
MC103968,MEDICAL_CLAIM,-0.194436277529125,0,45.626996805111816
MC100935,MEDICAL_CLAIM,-0.22348951357584734,0,9.884185303514377
MC104498,MEDICAL_CLAIM,-0.22323333280518892,0,10.243610223642174
MC104727,MEDICAL_CLAIM,-0.18697845748224273,0,51.8570287539936
MC104098,MEDICAL_CLAIM,-0.19804090742567143,0,41.253993610223645
MC102840,MEDICAL_CLAIM,-0.029704381478253716,0,95.88658146964856
MC103422,MEDICAL_CLAIM,-0.18768116622701003,0,51.17811501597445
MC100449,MEDICAL_CLAIM,-0.19414833288471756,0,45.986421725239616
MC101683,MEDICAL_CLAIM,-0.18594342325370183,0,52.79552715654952
MC102266,MEDICAL_CLAIM,-0.21983679772345477,0,14.416932907348242
MC101162,MEDICAL_CLAIM,-0.13125930803329083,0,81.9888178913738
MC103146,MEDICAL_CLAIM,-0.21757318699592781,0,17.112619808306707
MC104358,MEDICAL_CLAIM,-0.21447792839292146,0,20.726837060702874
MC103939,MEDICAL_CLAIM,-0.16435143528117918,0,68.11102236421725
MC101470,MEDICAL_CLAIM,-0.22050369329465574,0,13.538338658146964
MC100455,MEDICAL_CLAIM,0.015731560161940217,1,99.06150159744409
MC104859,MEDICAL_CLAIM,-0.09800929769535727,0,88.47843450479233
MC102922,MEDICAL_CLAIM,-0.14975085835182483,0,75.39936102236422
MC101399,MEDICAL_CLAIM,-0.2252780750742997,0,7.507987220447284
MC100226,MEDICAL_CLAIM,-0.16820046185905685,0,65.83466453674122
MC102622,MEDICAL_CLAIM,-0.13037742637206706,0,82.28833865814697
MC104537,MEDICAL_CLAIM,-0.20736647197613123,0,29.772364217252395
MC100292,MEDICAL_CLAIM,-0.19634236268447608,0,43.45047923322684
MC103540,MEDICAL_CLAIM,-0.10904702896379026,0,86.92092651757189
MC101359,MEDICAL_CLAIM,-0.07187596533213447,0,91.21405750798722
MC103683,MEDICAL_CLAIM,-0.2145265098388066,0,20.626996805111823
MC100112,MEDICAL_CLAIM,-0.1535331585983813,0,74.04153354632588
MC102317,MEDICAL_CLAIM,-0.15164072060187084,0,74.78035143769968
MC104366,MEDICAL_CLAIM,-0.10830070687056703,0,87.08067092651757
MC103508,MEDICAL_CLAIM,-0.1983594440789832,0,40.78474440894569
MC100486,MEDICAL_CLAIM,-0.2114987992142458,0,24.221246006389777
MC103340,MEDICAL_CLAIM,-0.20371083594341727,0,34.0055910543131
MC101585,MEDICAL_CLAIM,-0.2035927554258541,0,34.165335463258785
MC104982,MEDICAL_CLAIM,-0.16288205315862164,0,69.04952076677317
MC100664,MEDICAL_CLAIM,-0.22379753910690758,0,9.404952076677315
MC102492,MEDICAL_CLAIM,-0.19819562145938718,0,41.01437699680511
MC100903,MEDICAL_CLAIM,-0.16395118263265518,0,68.370607028754
MC100333,MEDICAL_CLAIM,-0.17990256255877307,0,57.40814696485623
MC100082,MEDICAL_CLAIM,-0.20310380618086904,0,34.88418530351438
MC103578,MEDICAL_CLAIM,-0.19374301138509548,0,46.28594249201278
MC103006,MEDICAL_CLAIM,-0.2146348504479063,0,20.447284345047922
MC101093,MEDICAL_CLAIM,-0.21431190694660912,0,20.966453674121404
MC102214,MEDICAL_CLAIM,-0.14497759394910603,0,77.53594249201278
MC100991,MEDICAL_CLAIM,-0.14036855102326634,0,79.15335463258786
MC101983,MEDICAL_CLAIM,-0.20143880078511245,0,36.980830670926515
MC104408,MEDICAL_CLAIM,-0.0354733478086694,0,95.48722044728434
MC104993,MEDICAL_CLAIM,-0.16230848238459827,0,69.4888178913738
MC100543,MEDICAL_CLAIM,-0.19795794787532456,0,41.47364217252396
MC100907,MEDICAL_CLAIM,-0.14953836938637305,0,75.53913738019169
MC100103,MEDICAL_CLAIM,-0.1896481386297479,0,49.40095846645367
MC100828,MEDICAL_CLAIM,-0.151631761867412,0,74.80031948881789
MC103426,MEDICAL_CLAIM,-0.22377518406365254,0,9.424920127795527
MC103565,MEDICAL_CLAIM,-0.09492662511389022,0,88.87779552715655
MC104907,MEDICAL_CLAIM,-0.16235553094589916,0,69.44888178913739
MC104580,MEDICAL_CLAIM,-0.19777861416184678,0,41.81309904153355
MC104753,MEDICAL_CLAIM,-0.15453155313872313,0,73.56230031948881
MC104933,MEDICAL_CLAIM,-0.040709217978035506,0,94.80830670926518
MC101558,MEDICAL_CLAIM,-0.04979375337829506,0,94.02955271565496
MC104103,MEDICAL_CLAIM,-0.2238159343476504,0,9.375
MC102564,MEDICAL_CLAIM,-0.08933286866556339,0,89.57667731629392
MC101721,MEDICAL_CLAIM,-0.21246947829335644,0,23.14297124600639
MC103910,MEDICAL_CLAIM,-0.1969094369253675,0,42.79153354632588
MC100549,MEDICAL_CLAIM,-0.16427259904371128,0,68.1908945686901
MC101792,MEDICAL_CLAIM,-0.23001397785639477,0,3.2747603833865817
MC103650,MEDICAL_CLAIM,-0.22305050057047443,0,10.383386581469649
MC100176,MEDICAL_CLAIM,-0.22074747189780464,0,13.258785942492013
MC104861,MEDICAL_CLAIM,-0.08049356794992579,0,90.51517571884983
MC101352,MEDICAL_CLAIM,-0.18541468990021703,0,53.21485623003195
MC102418,MEDICAL_CLAIM,-0.17464255717466842,0,61.08226837060703
MC103339,MEDICAL_CLAIM,-0.164279709345869,0,68.17092651757189
MC100438,MEDICAL_CLAIM,-0.18134279982081009,0,56.19009584664537
MC103408,MEDICAL_CLAIM,-0.06879123094911571,0,91.59345047923323
MC104538,MEDICAL_CLAIM,-0.20779666937557123,0,29.183306709265178
MC104940,MEDICAL_CLAIM,-0.15135914150791924,0,74.90015974440894
MC104440,MEDICAL_CLAIM,-0.17556274542856581,0,60.50319488817891
MC104371,MEDICAL_CLAIM,-0.18333040520208205,0,54.81230031948881
MC100117,MEDICAL_CLAIM,-0.17636034145811114,0,59.844249201277954
MC103197,MEDICAL_CLAIM,-0.19818110973758118,0,41.054313099041536
MC104855,MEDICAL_CLAIM,-0.22510803056588874,0,7.667731629392971
MC101569,MEDICAL_CLAIM,-0.20527718525561423,0,32.308306709265175
MC103967,MEDICAL_CLAIM,-0.16637658371087988,0,67.13258785942492
MC103928,MEDICAL_CLAIM,-0.19071187214219454,0,48.44249201277955
MC104963,MEDICAL_CLAIM,-0.2083885881346867,0,28.53434504792332
MC100772,MEDICAL_CLAIM,-0.18165040712743913,0,56.03035143769968
MC101932,MEDICAL_CLAIM,-0.025495186710384643,0,96.42571884984025
MC104004,MEDICAL_CLAIM,-0.12845727728942757,0,82.74760383386581
MC102380,MEDICAL_CLAIM,-0.1749209592438511,0,60.96246006389776
MC100410,MEDICAL_CLAIM,-0.17579158109724125,0,60.24361022364217
MC100505,MEDICAL_CLAIM,-0.17160162419415204,0,63.67811501597445
MC100093,MEDICAL_CLAIM,-0.14872475461377999,0,75.79872204472844
MC103989,MEDICAL_CLAIM,-0.22589615505455973,0,6.8290734824281145
MC103878,MEDICAL_CLAIM,-0.17449764450644856,0,61.2020766773163
MC101150,MEDICAL_CLAIM,-0.22040966284659286,0,13.658146964856229
MC102537,MEDICAL_CLAIM,-0.1625440425853517,0,69.3091054313099
MC101629,MEDICAL_CLAIM,-0.15859479390826858,0,71.47563897763578
MC102517,MEDICAL_CLAIM,-0.19189256858368536,0,47.763578274760384
MC103203,MEDICAL_CLAIM,-0.21175558032838032,0,23.84185303514377
MC101680,MEDICAL_CLAIM,-0.20349137166181064,0,34.365015974440894
MC104879,MEDICAL_CLAIM,-0.1829529449243646,0,55.12180511182109
MC103680,MEDICAL_CLAIM,-0.2137471119153428,0,21.5055910543131
MC102667,MEDICAL_CLAIM,-0.19965772364640189,0,39.117412140575084
MC100701,MEDICAL_CLAIM,-0.22362709786927748,0,9.684504792332268
MC102096,MEDICAL_CLAIM,-0.2269102869393519,0,5.810702875399361
MC101120,MEDICAL_CLAIM,-0.14599084636752996,0,77.0367412140575
MC100926,MEDICAL_CLAIM,-0.19517287781217973,0,44.698482428115014
MC100639,MEDICAL_CLAIM,-0.20928006021791284,0,27.336261980830674
MC102394,MEDICAL_CLAIM,0.06562999271530279,1,100.0
MC101127,MEDICAL_CLAIM,-0.2033672461922137,0,34.564696485623
MC100610,MEDICAL_CLAIM,-0.21715979111535988,0,17.671725239616613
MC102232,MEDICAL_CLAIM,-0.18846205123898763,0,50.5591054313099
MC102652,MEDICAL_CLAIM,-0.21866556855901176,0,15.914536741214057
MC103867,MEDICAL_CLAIM,-0.22871558474114906,0,4.39297124600639
MC101231,MEDICAL_CLAIM,-0.11452285518266636,0,85.8426517571885
MC103987,MEDICAL_CLAIM,0.004147706669207385,1,98.3626198083067
MC103219,MEDICAL_CLAIM,-0.2229991846821262,0,10.463258785942491
MC102352,MEDICAL_CLAIM,-0.23296128323902793,0,0.7887380191693291
MC102518,MEDICAL_CLAIM,-0.20968534366637054,0,26.6573482428115
MC102934,MEDICAL_CLAIM,-0.18777253415176426,0,51.078274760383394
MC102980,MEDICAL_CLAIM,-0.045920126018810015,0,94.34904153354633
MC100977,MEDICAL_CLAIM,-0.2096555208204784,0,26.717252396166135
MC100764,MEDICAL_CLAIM,-0.2096730256516427,0,26.677316293929714
MC101976,MEDICAL_CLAIM,-0.21243255917461296,0,23.202875399361023
MC100798,MEDICAL_CLAIM,-0.14385642453770459,0,77.91533546325878
MC102464,MEDICAL_CLAIM,-0.1483507607784983,0,76.05830670926518
MC100624,MEDICAL_CLAIM,-0.04539978600292505,0,94.44888178913739
MC103433,MEDICAL_CLAIM,-0.18793571674888376,0,50.87859424920128
MC101041,MEDICAL_CLAIM,-0.21311254877232472,0,22.344249201277954
MC104584,MEDICAL_CLAIM,-0.17148488667163986,0,63.75798722044729
MC101058,MEDICAL_CLAIM,-0.2114893365230205,0,24.24121405750799
MC101915,MEDICAL_CLAIM,-0.21601388421692336,0,18.96964856230032
MC102028,MEDICAL_CLAIM,-0.20212737540379372,0,36.12220447284345
MC102245,MEDICAL_CLAIM,-0.192892107887226,0,46.94488817891374
MC101884,MEDICAL_CLAIM,-0.16767535233501835,0,66.15415335463258
MC103905,MEDICAL_CLAIM,-0.13660698887450357,0,80.3314696485623
MC104173,MEDICAL_CLAIM,-0.12393993211462434,0,83.68610223642172
MC100243,MEDICAL_CLAIM,-0.1985985349152799,0,40.275559105431306
MC101441,MEDICAL_CLAIM,-0.1646184976967517,0,67.87140575079871
MC101512,MEDICAL_CLAIM,0.013202314169333706,1,98.90175718849841
MC101463,MEDICAL_CLAIM,-0.18091341133802696,0,56.54952076677316
MC101042,MEDICAL_CLAIM,-0.1943797141977338,0,45.66693290734825
MC103079,MEDICAL_CLAIM,-0.1765014151165441,0,59.76437699680511
MC103771,MEDICAL_CLAIM,-0.20506641482096344,0,32.647763578274756
MC100114,MEDICAL_CLAIM,-0.14603127132843197,0,76.99680511182109
MC102306,MEDICAL_CLAIM,-0.17347205405494853,0,62.26038338658147
MC101457,MEDICAL_CLAIM,-0.10309652171350875,0,87.6797124600639
MC103101,MEDICAL_CLAIM,-0.06291929494582249,0,92.4820287539936
MC100988,MEDICAL_CLAIM,-0.08912883978759978,0,89.61661341853035
MC100098,MEDICAL_CLAIM,-0.17555348328303821,0,60.52316293929712
MC101974,MEDICAL_CLAIM,-0.19223322101125784,0,47.46405750798722
MC103083,MEDICAL_CLAIM,-0.17658428649094005,0,59.66453674121406
MC101300,MEDICAL_CLAIM,-0.20418205438778714,0,33.53634185303515
MC104492,MEDICAL_CLAIM,-0.21174118898753663,0,23.881789137380192
MC104768,MEDICAL_CLAIM,-0.2009285141802718,0,37.6797124600639
MC102910,MEDICAL_CLAIM,-0.21456826876793245,0,20.547124600638977
MC103739,MEDICAL_CLAIM,-0.10790451904548498,0,87.120607028754
MC102776,MEDICAL_CLAIM,-0.12270322307609494,0,83.92571884984025
MC101724,MEDICAL_CLAIM,-0.18390873970042315,0,54.25319488817891
MC103108,MEDICAL_CLAIM,-0.22253156559951015,0,11.022364217252397
MC102759,MEDICAL_CLAIM,-0.2059334059113384,0,31.349840255591054
MC103202,MEDICAL_CLAIM,-0.17441349964986547,0,61.32188498402555
MC104343,MEDICAL_CLAIM,-0.14767601179021728,0,76.2779552715655
MC100799,MEDICAL_CLAIM,-0.17563151529507853,0,60.403354632587856
MC102135,MEDICAL_CLAIM,-0.1645034692694028,0,67.95127795527156
MC103519,MEDICAL_CLAIM,-0.18760655111032987,0,51.2779552715655
MC101438,MEDICAL_CLAIM,0.005134957076897706,1,98.5223642172524
MC103894,MEDICAL_CLAIM,-0.23040884375037846,0,2.9952076677316293
MC103238,MEDICAL_CLAIM,-0.05437461986501091,0,93.53035143769968
MC101382,MEDICAL_CLAIM,-0.22471862529826403,0,8.146964856230031
MC104652,MEDICAL_CLAIM,-0.17644285353603334,0,59.80431309904153
MC104224,MEDICAL_CLAIM,-0.19837329002567605,0,40.71485623003195
MC104068,MEDICAL_CLAIM,-0.16949958631639078,0,65.13578274760383
MC102970,MEDICAL_CLAIM,-0.22516890038729648,0,7.62779552715655
MC101568,MEDICAL_CLAIM,-0.16788857976331778,0,66.05431309904152
MC100312,MEDICAL_CLAIM,-0.2199674934849043,0,14.197284345047922
MC101005,MEDICAL_CLAIM,-0.16025270586637563,0,70.70686900958466
MC101741,MEDICAL_CLAIM,-0.14105331026856965,0,78.93370607028754
MC104293,MEDICAL_CLAIM,-0.1940183993658935,0,46.00638977635783
MC103995,MEDICAL_CLAIM,-0.17077575140636048,0,64.1773162939297
MC103305,MEDICAL_CLAIM,-0.18266784081403992,0,55.27156549520767
MC103551,MEDICAL_CLAIM,-0.14454404892202566,0,77.69568690095848
MC100548,MEDICAL_CLAIM,-0.11256058428047705,0,86.24201277955271
MC104711,MEDICAL_CLAIM,-0.193478515089895,0,46.445686900958464
MC100627,MEDICAL_CLAIM,-0.13215088937981423,0,81.82907348242811
MC102172,MEDICAL_CLAIM,-0.22269122080256337,0,10.822683706070288
MC103051,MEDICAL_CLAIM,-0.16947948352995024,0,65.15575079872204
MC101638,MEDICAL_CLAIM,-0.07817404359089242,0,90.75479233226838
MC103189,MEDICAL_CLAIM,-0.2008463745253789,0,37.759584664536746
MC104276,MEDICAL_CLAIM,-0.2234151682858942,0,9.984025559105431
MC100078,MEDICAL_CLAIM,-0.22589008559245077,0,6.849041533546325
MC104664,MEDICAL_CLAIM,-0.11020384728326177,0,86.64137380191693
MC100071,MEDICAL_CLAIM,-0.1649108203251305,0,67.73162939297124
MC104463,MEDICAL_CLAIM,-0.134522318276863,0,81.0702875399361
MC100208,MEDICAL_CLAIM,-0.15079030016459383,0,75.07987220447284
MC104168,MEDICAL_CLAIM,-0.22729913397520451,0,5.411341853035144
MC103733,MEDICAL_CLAIM,-0.17161159223264155,0,63.618210862619804
MC102178,MEDICAL_CLAIM,-0.221185083019248,0,12.71964856230032
MC102546,MEDICAL_CLAIM,-0.18719105033853284,0,51.657348242811494
MC103050,MEDICAL_CLAIM,-0.191013420760762,0,48.3426517571885
MC102072,MEDICAL_CLAIM,-0.1987560179480944,0,40.09584664536741
MC103352,MEDICAL_CLAIM,-0.22153033258776633,0,12.200479233226837
MC103975,MEDICAL_CLAIM,-0.1553545157561394,0,72.88338658146965
MC101625,MEDICAL_CLAIM,-0.22007944666858226,0,14.09744408945687
MC101704,MEDICAL_CLAIM,-0.16122456976198152,0,70.16773162939297
MC103223,MEDICAL_CLAIM,-0.1677512566074955,0,66.13418530351439
MC103486,MEDICAL_CLAIM,-0.22498655175750365,0,7.877396166134186
MC102076,MEDICAL_CLAIM,-0.20720402258450166,0,29.992012779552716
MC103668,MEDICAL_CLAIM,-0.19907699345797153,0,39.736421725239616
MC103877,MEDICAL_CLAIM,-0.1898837782635447,0,49.10143769968051
MC101397,MEDICAL_CLAIM,-0.20375642953812462,0,33.965654952076676
MC103273,MEDICAL_CLAIM,-0.1406598104740494,0,79.09345047923323
MC102679,MEDICAL_CLAIM,-0.1546068606940766,0,73.5223642172524
MC101391,MEDICAL_CLAIM,-0.20004598559192244,0,38.698083067092654
MC100135,MEDICAL_CLAIM,-0.2256889279670355,0,7.068690095846645
MC104488,MEDICAL_CLAIM,0.0040639259458115085,1,98.3426517571885
MC100528,MEDICAL_CLAIM,-0.22133446881794266,0,12.48003194888179
MC104284,MEDICAL_CLAIM,-0.21377631449116985,0,21.48562300319489
MC101905,MEDICAL_CLAIM,-0.22435757470064727,0,8.506389776357826
MC101618,MEDICAL_CLAIM,-0.2255914025588182,0,7.1485623003194885
MC102185,MEDICAL_CLAIM,0.0051322017371993045,1,98.50239616613419
MC100092,MEDICAL_CLAIM,-0.1983963580227328,0,40.65495207667731
MC100956,MEDICAL_CLAIM,-0.14046173777536658,0,79.13338658146965
MC100693,MEDICAL_CLAIM,-0.18439066872594012,0,53.97364217252396
MC104233,MEDICAL_CLAIM,-0.21449153121583447,0,20.706869009584665
MC102024,MEDICAL_CLAIM,-0.1462627752490091,0,76.95686900958466
MC102572,MEDICAL_CLAIM,-0.02651029145632211,0,96.22603833865814
MC104159,MEDICAL_CLAIM,-0.17987535478176775,0,57.42811501597445
MC103421,MEDICAL_CLAIM,-0.2302108705917748,0,3.1749201277955272
MC102872,MEDICAL_CLAIM,-0.17004725808090393,0,64.6964856230032
MC102475,MEDICAL_CLAIM,-0.16120578834337196,0,70.2076677316294
MC104991,MEDICAL_CLAIM,0.04522397001569911,1,99.92012779552716
MC103361,MEDICAL_CLAIM,0.022372813021573346,1,99.42092651757189
MC100137,MEDICAL_CLAIM,-0.16901167835937697,0,65.51517571884983
MC102925,MEDICAL_CLAIM,-0.04106410493761692,0,94.76837060702876
MC100973,MEDICAL_CLAIM,-0.22297746036787924,0,10.503194888178914
MC103078,MEDICAL_CLAIM,-0.19069222410689474,0,48.46246006389776
MC100474,MEDICAL_CLAIM,-0.167766043929361,0,66.11421725239617
MC100552,MEDICAL_CLAIM,-0.1766941507947466,0,59.54472843450479
MC101257,MEDICAL_CLAIM,-0.2220723562363321,0,11.581469648562301
MC101565,MEDICAL_CLAIM,-0.1738662332045966,0,61.84105431309904
MC104546,MEDICAL_CLAIM,-0.20124743173860404,0,37.3202875399361
MC103103,MEDICAL_CLAIM,-0.2158198828045766,0,19.109424920127797
MC100670,MEDICAL_CLAIM,-0.13665674043814724,0,80.31150159744409
MC103821,MEDICAL_CLAIM,-0.17848245652449063,0,58.126996805111816
MC102405,MEDICAL_CLAIM,-0.21949862729145064,0,14.936102236421725
MC100010,MEDICAL_CLAIM,-0.22007339931696762,0,14.11741214057508
MC100408,MEDICAL_CLAIM,-0.0184024579976364,0,97.00479233226838
MC104056,MEDICAL_CLAIM,-0.17669044292091812,0,59.564696485623
MC103616,MEDICAL_CLAIM,-0.18448319883916398,0,53.89376996805112
MC101840,MEDICAL_CLAIM,-0.17002711964470058,0,64.71645367412141
MC104847,MEDICAL_CLAIM,-0.22686893748018222,0,5.850638977635782
MC104792,MEDICAL_CLAIM,-0.11950374150376042,0,84.84424920127796
MC101596,MEDICAL_CLAIM,-0.08676011526186594,0,89.89616613418531
MC103033,MEDICAL_CLAIM,-0.1963580419099512,0,43.41054313099041
MC103921,MEDICAL_CLAIM,-0.16729673712100052,0,66.41373801916933
MC102092,MEDICAL_CLAIM,-0.2104185163206274,0,25.818690095846648
MC104759,MEDICAL_CLAIM,-0.02850480308356973,0,95.98642172523961
MC104765,MEDICAL_CLAIM,-0.22502899052364117,0,7.807507987220447
MC101835,MEDICAL_CLAIM,-0.12432132050607514,0,83.60623003194888
MC100217,MEDICAL_CLAIM,-0.22255109246414584,0,10.962460063897764
MC100291,MEDICAL_CLAIM,-0.09530135575980303,0,88.81789137380191
MC101588,MEDICAL_CLAIM,-0.032740158810525166,0,95.62699680511182
MC102965,MEDICAL_CLAIM,-0.20608641205478873,0,31.190095846645367
MC101697,MEDICAL_CLAIM,-0.20422792935281442,0,33.466453674121404
MC103834,MEDICAL_CLAIM,-0.2285846466212585,0,4.472843450479233
MC101611,MEDICAL_CLAIM,-0.1835194297058651,0,54.632587859424916
MC100121,MEDICAL_CLAIM,-0.18922714490945858,0,49.88019169329074
MC100043,MEDICAL_CLAIM,-0.14450086005954216,0,77.73562300319489
MC102265,MEDICAL_CLAIM,-0.15783612167064898,0,71.90495207667732
MC100361,MEDICAL_CLAIM,-0.2220702720412176,0,11.601437699680512
MC103732,MEDICAL_CLAIM,-0.21947850435818494,0,14.956070287539935
MC101544,MEDICAL_CLAIM,-0.1523165396595343,0,74.49081469648561
MC103351,MEDICAL_CLAIM,-0.22278440413299472,0,10.6629392971246
MC101138,MEDICAL_CLAIM,-0.21058429129415995,0,25.49920127795527
MC100158,MEDICAL_CLAIM,-0.11545585071875797,0,85.68290734824281
MC104477,MEDICAL_CLAIM,-0.12468165999700065,0,83.52635782747603
MC103931,MEDICAL_CLAIM,-0.1586796079584869,0,71.3258785942492
MC100518,MEDICAL_CLAIM,-0.21437170475906064,0,20.84664536741214
MC101193,MEDICAL_CLAIM,-0.20529005491863328,0,32.28833865814696
MC100215,MEDICAL_CLAIM,-0.12878028682073372,0,82.66773162939297
MC104716,MEDICAL_CLAIM,-0.13580564834168563,0,80.61102236421725
MC100319,MEDICAL_CLAIM,-0.1709697702032441,0,63.99760383386581
MC104904,MEDICAL_CLAIM,-0.18444080655124462,0,53.933706070287535
MC104399,MEDICAL_CLAIM,-0.21717921386906663,0,17.6517571884984
MC100085,MEDICAL_CLAIM,-0.021197029817510704,0,96.72523961661342
MC102177,MEDICAL_CLAIM,-0.15104159083382768,0,75.01996805111821
MC103375,MEDICAL_CLAIM,-0.15868876763507317,0,71.30591054313099
MC104762,MEDICAL_CLAIM,-0.05178251093774855,0,93.86980830670927
MC101379,MEDICAL_CLAIM,-0.14476572547157712,0,77.63578274760383
MC101947,MEDICAL_CLAIM,-0.20893754467475684,0,27.7555910543131
MC104262,MEDICAL_CLAIM,-0.137081610793301,0,80.09185303514377
MC101424,MEDICAL_CLAIM,-0.14384172668721856,0,77.935303514377
MC101475,MEDICAL_CLAIM,-0.09440367805015687,0,88.99760383386581
MC103192,MEDICAL_CLAIM,-0.19446299444784193,0,45.5870607028754
MC100780,MEDICAL_CLAIM,-0.22918154737494023,0,4.013578274760383
MC100107,MEDICAL_CLAIM,-0.11128344343340091,0,86.45167731629392
MC104834,MEDICAL_CLAIM,-0.2285417558973411,0,4.572683706070287
MC102033,MEDICAL_CLAIM,-0.20884760345546655,0,27.875399361022364
MC102486,MEDICAL_CLAIM,-0.11986623525369844,0,84.70447284345049
MC103711,MEDICAL_CLAIM,-0.19238194827300586,0,47.40415335463259
MC103558,MEDICAL_CLAIM,-0.21368296605295423,0,21.625399361022364
MC103614,MEDICAL_CLAIM,-0.18007933988106717,0,57.22843450479233
MC100003,MEDICAL_CLAIM,-0.22655157652407915,0,6.230031948881789
MC100035,MEDICAL_CLAIM,-0.1539014613501442,0,73.8817891373802
MC102868,MEDICAL_CLAIM,-0.12138668298811578,0,84.24520766773162
MC104947,MEDICAL_CLAIM,-0.2328013016062525,0,0.9584664536741214
MC102630,MEDICAL_CLAIM,-0.20334569531245444,0,34.60463258785943
MC103574,MEDICAL_CLAIM,-0.1950447455088617,0,44.8482428115016
MC101643,MEDICAL_CLAIM,-0.20572391974914145,0,31.629392971246006
MC102479,MEDICAL_CLAIM,-0.208865553600377,0,27.835463258785943
MC102305,MEDICAL_CLAIM,-0.21601957521299636,0,18.929712460063897
MC101087,MEDICAL_CLAIM,-0.21461256625126174,0,20.487220447284347
MC103858,MEDICAL_CLAIM,-0.2152483371663228,0,19.8482428115016
MC101602,MEDICAL_CLAIM,-0.15498443692286418,0,73.20287539936102
MC102933,MEDICAL_CLAIM,-0.18126853792610376,0,56.30990415335463
MC103247,MEDICAL_CLAIM,-0.16365282466430536,0,68.63019169329073
MC102031,MEDICAL_CLAIM,-0.18918140744068557,0,49.98003194888179
MC101580,MEDICAL_CLAIM,-0.17165142783141318,0,63.558306709265175
MC101003,MEDICAL_CLAIM,-0.16351972090060535,0,68.69009584664538
MC102205,MEDICAL_CLAIM,-0.2170561568029976,0,17.771565495207668
MC101212,MEDICAL_CLAIM,-0.14131996182406426,0,78.8338658146965
MC101442,MEDICAL_CLAIM,-0.15175097507008695,0,74.76038338658148
MC102171,MEDICAL_CLAIM,-0.21991774688472177,0,14.277156549520766
MC102913,MEDICAL_CLAIM,-0.10177440507859875,0,88.0591054313099
MC100364,MEDICAL_CLAIM,-0.173992048261507,0,61.701277955271564
MC102561,MEDICAL_CLAIM,-0.1562843744699745,0,72.50399361022363
MC102660,MEDICAL_CLAIM,-0.2061265324709285,0,31.110223642172524
MC101088,MEDICAL_CLAIM,-0.10298854299564597,0,87.73961661341852
MC104196,MEDICAL_CLAIM,-0.1675875206616833,0,66.21405750798722
MC102438,MEDICAL_CLAIM,-0.1726173008028204,0,62.819488817891376
MC104635,MEDICAL_CLAIM,-0.04800682259552558,0,94.129392971246
MC101735,MEDICAL_CLAIM,0.022020914878024933,1,99.40095846645367
MC103893,MEDICAL_CLAIM,-0.18738313093008546,0,51.51757188498402
MC102671,MEDICAL_CLAIM,-0.16491490535124148,0,67.69169329073482
MC101310,MEDICAL_CLAIM,-0.2157005009525383,0,19.129392971246006
MC100997,MEDICAL_CLAIM,-0.20915972140501915,0,27.47603833865815
MC102869,MEDICAL_CLAIM,-0.1524782253514716,0,74.42092651757189
MC101554,MEDICAL_CLAIM,-0.19599003149995242,0,43.82987220447284
MC103969,MEDICAL_CLAIM,-0.22457612629298518,0,8.32667731629393
MC100754,MEDICAL_CLAIM,-0.20973706243378432,0,26.61741214057508
MC102805,MEDICAL_CLAIM,-0.19124165496898515,0,48.242811501597444
MC101354,MEDICAL_CLAIM,-0.19967290229702161,0,39.07747603833866
MC102855,MEDICAL_CLAIM,-0.17720570147247344,0,59.14536741214057
MC104969,MEDICAL_CLAIM,-0.19668795187658267,0,43.13099041533546
MC101825,MEDICAL_CLAIM,-0.1965499591675947,0,43.2108626198083
MC104464,MEDICAL_CLAIM,-0.16174325222457453,0,69.90814696485623
MC100679,MEDICAL_CLAIM,-0.17127104780487507,0,63.87779552715654
MC103403,MEDICAL_CLAIM,-0.1826487784947442,0,55.29153354632588
MC102350,MEDICAL_CLAIM,-0.09022938309844658,0,89.47683706070288
MC101525,MEDICAL_CLAIM,-0.20556105321897822,0,31.9888178913738
MC103985,MEDICAL_CLAIM,-0.18873515350649733,0,50.32947284345048
MC102963,MEDICAL_CLAIM,-0.20129118067075918,0,37.20047923322684
MC100540,MEDICAL_CLAIM,-0.19598885617091194,0,43.849840255591054
MC104661,MEDICAL_CLAIM,-0.22089433983853657,0,12.959265175718851
MC102524,MEDICAL_CLAIM,-0.21535192712400442,0,19.768370607028753
MC103796,MEDICAL_CLAIM,-0.14332433920948612,0,78.25479233226838
MC102796,MEDICAL_CLAIM,-0.14671781367973336,0,76.6573482428115
MC102530,MEDICAL_CLAIM,-0.10858025871890281,0,87.02076677316293
MC102877,MEDICAL_CLAIM,-0.1496074433991792,0,75.46924920127796
MC104620,MEDICAL_CLAIM,-0.09614893793656604,0,88.69808306709265
MC100090,MEDICAL_CLAIM,-0.0908784847381261,0,89.41693290734824
MC103088,MEDICAL_CLAIM,-0.2172064721132423,0,17.55191693290735
MC102140,MEDICAL_CLAIM,-0.20149932185440977,0,36.920926517571885
MC100048,MEDICAL_CLAIM,-0.22071056167405745,0,13.298722044728434
MC100888,MEDICAL_CLAIM,-0.18127962564037498,0,56.289936102236425
MC104057,MEDICAL_CLAIM,-0.20036112465101824,0,38.25878594249201
MC100513,MEDICAL_CLAIM,-0.17140177541981727,0,63.7979233226837
MC103623,MEDICAL_CLAIM,-0.17039799748118828,0,64.45686900958466
MC100683,MEDICAL_CLAIM,-0.1867426948874349,0,52.05670926517571
MC104020,MEDICAL_CLAIM,-0.22452905373623522,0,8.386581469648563
MC102384,MEDICAL_CLAIM,-0.05694308982861451,0,93.1908945686901
MC100617,MEDICAL_CLAIM,-0.19584061007156411,0,43.989616613418534
MC103610,MEDICAL_CLAIM,-0.08821722728224551,0,89.6964856230032
MC104010,MEDICAL_CLAIM,-0.1585748250436142,0,71.54552715654951
MC103122,MEDICAL_CLAIM,-0.1681790646083185,0,65.85463258785943
MC102336,MEDICAL_CLAIM,-0.19846182066890694,0,40.495207667731634
MC101235,MEDICAL_CLAIM,-0.1878286522690108,0,51.01837060702875
MC101851,MEDICAL_CLAIM,-0.19544822152953273,0,44.38897763578275
MC100237,MEDICAL_CLAIM,-0.20751565540056044,0,29.492811501597444
MC101115,MEDICAL_CLAIM,-0.12689584360939704,0,83.06709265175719
MC100479,MEDICAL_CLAIM,-0.1698569347448607,0,64.81629392971246
MC102758,MEDICAL_CLAIM,-0.11975645513013661,0,84.76437699680511
MC102270,MEDICAL_CLAIM,-0.17160574675889773,0,63.65814696485623
MC102272,MEDICAL_CLAIM,-0.22710929478052316,0,5.6309904153354635
MC102563,MEDICAL_CLAIM,-0.17509321182771148,0,60.882587859424916
MC103401,MEDICAL_CLAIM,-0.20271343134514436,0,35.38338658146965
MC102831,MEDICAL_CLAIM,-0.2140704835492061,0,21.345846645367413
MC101060,MEDICAL_CLAIM,0.04319911379699215,1,99.90015974440894
MC101859,MEDICAL_CLAIM,-0.20102340685902442,0,37.599840255591054
MC104346,MEDICAL_CLAIM,-0.14212505711329199,0,78.63418530351439
MC103280,MEDICAL_CLAIM,-0.21122668886407997,0,24.660543130990416
MC104387,MEDICAL_CLAIM,-0.11993433217128124,0,84.64456869009584
MC100708,MEDICAL_CLAIM,-0.16445657649643763,0,67.99121405750799
MC104194,MEDICAL_CLAIM,-0.22625225902129076,0,6.549520766773163
MC103864,MEDICAL_CLAIM,-0.22738929813043707,0,5.3514376996805115
MC104648,MEDICAL_CLAIM,-0.20721909215275425,0,29.91214057507987
MC103456,MEDICAL_CLAIM,-0.2126244431323956,0,22.94329073482428
MC103244,MEDICAL_CLAIM,-0.07418438231757074,0,91.07428115015975
MC103383,MEDICAL_CLAIM,-0.21067991394864827,0,25.339456869009584
MC104219,MEDICAL_CLAIM,-0.2072128358891518,0,29.962060702875398
MC104458,MEDICAL_CLAIM,-0.2204822256520811,0,13.5982428115016
MC103781,MEDICAL_CLAIM,-0.22033276873020252,0,13.817891373801917
MC103075,MEDICAL_CLAIM,-0.2160544527624899,0,18.869808306709267
MC103111,MEDICAL_CLAIM,-0.22975641209614323,0,3.5942492012779557
MC103371,MEDICAL_CLAIM,-0.15502922964290777,0,73.1429712460064
MC101777,MEDICAL_CLAIM,-0.17731327543089664,0,59.04552715654952
MC104158,MEDICAL_CLAIM,-0.1544262026939041,0,73.66214057507987
MC103214,MEDICAL_CLAIM,-0.2030037124876108,0,35.003993610223645
MC100402,MEDICAL_CLAIM,-0.22960527719973473,0,3.7140575079872202
MC100937,MEDICAL_CLAIM,-0.22545191933900333,0,7.328274760383387
MC103890,MEDICAL_CLAIM,-0.1800372702872185,0,57.328274760383394
MC103061,MEDICAL_CLAIM,-0.10574345379597372,0,87.38019169329073
MC101226,MEDICAL_CLAIM,-0.20105640795621504,0,37.55990415335464
MC100252,MEDICAL_CLAIM,-0.1870112158239292,0,51.75718849840255
MC102747,MEDICAL_CLAIM,-0.19873109152415386,0,40.135782747603834
MC104883,MEDICAL_CLAIM,-0.1418997423996522,0,78.69408945686901
MC103299,MEDICAL_CLAIM,-0.14886800424534702,0,75.7388178913738
MC104013,MEDICAL_CLAIM,-0.185913915457811,0,52.87539936102237
MC102600,MEDICAL_CLAIM,-0.17164125572830163,0,63.578274760383394
MC102108,MEDICAL_CLAIM,-0.1935093406881243,0,46.42571884984025
MC100654,MEDICAL_CLAIM,-0.07955462116697998,0,90.59504792332268
MC103311,MEDICAL_CLAIM,-0.20842318880701943,0,28.414536741214057
MC101346,MEDICAL_CLAIM,-0.20925816087823917,0,27.376198083067095
MC102363,MEDICAL_CLAIM,-0.1098637815136676,0,86.78115015974441
MC104935,MEDICAL_CLAIM,-0.13868591484786508,0,79.65255591054313
MC102338,MEDICAL_CLAIM,-0.21168167523524878,0,23.981629392971247
MC100351,MEDICAL_CLAIM,-0.21979306659263453,0,14.456869009584663
MC104062,MEDICAL_CLAIM,-0.2055966316091306,0,31.908945686900957
MC101254,MEDICAL_CLAIM,-0.07868413715037748,0,90.69488817891373
MC103895,MEDICAL_CLAIM,-0.14808469670809205,0,76.13817891373802
MC102093,MEDICAL_CLAIM,-0.006945659331428322,0,97.74361022364218
MC100277,MEDICAL_CLAIM,-0.17654570655243762,0,59.68450479233227
MC100707,MEDICAL_CLAIM,-0.12380328304755078,0,83.70607028753993
MC102378,MEDICAL_CLAIM,-0.07653597443253507,0,90.89456869009584
MC102542,MEDICAL_CLAIM,-0.1680761144721068,0,65.95447284345049
MC100490,MEDICAL_CLAIM,-0.21168962155816523,0,23.961661341853034
MC103076,MEDICAL_CLAIM,-0.02836711402482106,0,96.00638977635782
MC103308,MEDICAL_CLAIM,-0.14571333176461548,0,77.1964856230032
MC102388,MEDICAL_CLAIM,-0.2223920128486318,0,11.202076677316294
MC103471,MEDICAL_CLAIM,-0.17313025839728752,0,62.48003194888179
MC100504,MEDICAL_CLAIM,-0.2240515133551233,0,8.925718849840255
MC100820,MEDICAL_CLAIM,-0.1707344873594917,0,64.21725239616613
MC104918,MEDICAL_CLAIM,-0.2186602441664342,0,15.954472843450478
MC101016,MEDICAL_CLAIM,-0.13473054044027782,0,80.99041533546327
MC100930,MEDICAL_CLAIM,-0.2049599985019831,0,32.70766773162939
MC101061,MEDICAL_CLAIM,-0.20338775256418662,0,34.48482428115016
MC100436,MEDICAL_CLAIM,-0.1933346743732448,0,46.62539936102236
MC103949,MEDICAL_CLAIM,-0.06552417854011794,0,92.0926517571885
MC104977,MEDICAL_CLAIM,-0.15135988375421772,0,74.88019169329073
MC103920,MEDICAL_CLAIM,-0.19830690249820898,0,40.87460063897764
MC102094,MEDICAL_CLAIM,-0.18891918114831513,0,50.19968051118211
MC104814,MEDICAL_CLAIM,-0.14400683997733177,0,77.87539936102237
MC101503,MEDICAL_CLAIM,-0.22248975717222874,0,11.062300319488818
MC103404,MEDICAL_CLAIM,-0.18206484591409727,0,55.6908945686901
MC101967,MEDICAL_CLAIM,-0.011743156122884901,0,97.48402555910543
MC103826,MEDICAL_CLAIM,-0.11196750383394866,0,86.34185303514377
MC104241,MEDICAL_CLAIM,-0.022401585449571604,0,96.62539936102237
MC100921,MEDICAL_CLAIM,-0.05641081412574356,0,93.25079872204472
MC103413,MEDICAL_CLAIM,-0.20448186370535698,0,33.126996805111816
MC100036,MEDICAL_CLAIM,-0.21626725731581742,0,18.610223642172524
MC104305,MEDICAL_CLAIM,0.008021983958884316,1,98.66214057507987
MC104658,MEDICAL_CLAIM,-0.18613589130106933,0,52.635782747603834
MC101344,MEDICAL_CLAIM,-0.015240757246360759,0,97.22444089456869
MC101765,MEDICAL_CLAIM,-0.19674864156054012,0,43.0111821086262
MC100862,MEDICAL_CLAIM,-0.2308188369434242,0,2.6757188498402558
MC101492,MEDICAL_CLAIM,-0.19818455305882254,0,41.034345047923324
MC104724,MEDICAL_CLAIM,-0.11805136985985348,0,85.16373801916933
MC104720,MEDICAL_CLAIM,-0.18032751926012808,0,56.96884984025559
MC104109,MEDICAL_CLAIM,-0.19710730508232766,0,42.62180511182109
MC101489,MEDICAL_CLAIM,-0.22082741032466274,0,13.099041533546327
MC101281,MEDICAL_CLAIM,-0.18812358567872772,0,50.71884984025559
MC104257,MEDICAL_CLAIM,-0.023769347738549884,0,96.5055910543131
MC100836,MEDICAL_CLAIM,-0.1331099449851073,0,81.52955271565496
MC103932,MEDICAL_CLAIM,-0.22346169902257812,0,9.904153354632587
MC103937,MEDICAL_CLAIM,-0.22804530321651867,0,4.912140575079873
MC104625,MEDICAL_CLAIM,-0.22679332268229518,0,5.9504792332268375
MC101926,MEDICAL_CLAIM,-0.20399200014937469,0,33.76597444089457
MC102644,MEDICAL_CLAIM,-0.15087918143913137,0,75.05990415335462
MC101806,MEDICAL_CLAIM,0.009569901318351337,1,98.78194888178913
MC102105,MEDICAL_CLAIM,-0.2318846407911786,0,1.9369009584664536
MC103618,MEDICAL_CLAIM,-0.1329312465572018,0,81.56948881789138
MC104886,MEDICAL_CLAIM,-0.20787430818426034,0,29.073482428115017
MC101014,MEDICAL_CLAIM,-0.21707910719524887,0,17.741613418530353
MC100745,MEDICAL_CLAIM,-0.1949247310944165,0,45.027955271565496
MC104819,MEDICAL_CLAIM,-0.20767983531314904,0,29.35303514376997
MC100832,MEDICAL_CLAIM,-0.15643916499280863,0,72.38418530351439
MC101826,MEDICAL_CLAIM,-0.18505309387398938,0,53.4944089456869
MC104418,MEDICAL_CLAIM,-0.09842539970493142,0,88.4185303514377
MC100794,MEDICAL_CLAIM,-0.15472685692719318,0,73.44249201277955
MC102789,MEDICAL_CLAIM,-0.09259992653542626,0,89.19728434504792
MC103476,MEDICAL_CLAIM,-0.22290501307616922,0,10.543130990415335
MC100193,MEDICAL_CLAIM,-0.16594070786217185,0,67.33226837060703
MC102615,MEDICAL_CLAIM,-0.22775387681337766,0,5.151757188498403
MC103500,MEDICAL_CLAIM,-0.16237727145016395,0,69.40894568690096
MC103706,MEDICAL_CLAIM,-0.20829548427317268,0,28.654153354632587
MC101327,MEDICAL_CLAIM,-0.22535175741219138,0,7.4281150159744405
MC100335,MEDICAL_CLAIM,-0.16424057758608362,0,68.25079872204472
MC104448,MEDICAL_CLAIM,-0.21370430848175115,0,21.585463258785943
MC101822,MEDICAL_CLAIM,-0.18944954426612187,0,49.60063897763578
MC100224,MEDICAL_CLAIM,-0.2155401448101696,0,19.329073482428115
MC104203,MEDICAL_CLAIM,-0.20844304531092106,0,28.394568690095845
MC101754,MEDICAL_CLAIM,-0.16346334919614197,0,68.75
MC104289,MEDICAL_CLAIM,-0.18659784445825756,0,52.29632587859425
MC104670,MEDICAL_CLAIM,-0.16362756717055993,0,68.65015974440894
MC102349,MEDICAL_CLAIM,-0.21202866998569853,0,23.62220447284345
MC103059,MEDICAL_CLAIM,-0.22974287038652402,0,3.6142172523961658
MC104906,MEDICAL_CLAIM,-0.21108419482674362,0,25.0
MC101691,MEDICAL_CLAIM,-0.13695522810916727,0,80.23162939297124
MC101082,MEDICAL_CLAIM,-0.18337522022181907,0,54.7723642172524
MC100616,MEDICAL_CLAIM,-0.19799362822607086,0,41.3538338658147
MC103460,MEDICAL_CLAIM,-0.14601718931569452,0,77.0167731629393
MC100642,MEDICAL_CLAIM,-0.17663018000009317,0,59.60463258785943
MC103068,MEDICAL_CLAIM,-0.22331198795596752,0,10.083865814696486
MC104475,MEDICAL_CLAIM,-0.21436644988288922,0,20.866613418530353
MC103756,MEDICAL_CLAIM,-0.11196884808544566,0,86.32188498402556
MC101259,MEDICAL_CLAIM,-0.21859641837308053,0,16.01437699680511
MC104782,MEDICAL_CLAIM,-0.22170539575976622,0,11.960862619808307
MC103295,MEDICAL_CLAIM,-0.21696977516834642,0,17.8314696485623
MC103242,MEDICAL_CLAIM,-0.18374388221505455,0,54.3929712460064
MC103884,MEDICAL_CLAIM,-0.18670296351294652,0,52.176517571884986
MC102001,MEDICAL_CLAIM,-0.22886520383822945,0,4.213258785942492
MC102763,MEDICAL_CLAIM,-0.22517195054909117,0,7.607827476038338
MC101229,MEDICAL_CLAIM,-0.02487219178052691,0,96.46565495207668
MC104837,MEDICAL_CLAIM,-0.04389504792123189,0,94.52875399361022
MC100756,MEDICAL_CLAIM,-0.06305326840938308,0,92.4520766773163
MC101295,MEDICAL_CLAIM,-0.21974636131444558,0,14.516773162939298
MC103606,MEDICAL_CLAIM,-0.22751078273479935,0,5.291533546325879
MC103919,MEDICAL_CLAIM,-0.21108909269857373,0,24.98003194888179
MC104767,MEDICAL_CLAIM,-0.0654556343353569,0,92.1126198083067
MC100581,MEDICAL_CLAIM,-0.1702596720992574,0,64.5167731629393
MC103330,MEDICAL_CLAIM,-0.13849826122777104,0,79.73242811501598
MC101739,MEDICAL_CLAIM,-0.16959285440380567,0,64.99600638977637
MC100904,MEDICAL_CLAIM,-0.18785750793897876,0,50.99840255591054
MC104136,MEDICAL_CLAIM,-0.1968573333217183,0,42.891373801916934
MC102372,MEDICAL_CLAIM,-0.06018024890001161,0,92.84145367412141
MC100861,MEDICAL_CLAIM,-0.1565652108536485,0,72.28434504792332
MC102107,MEDICAL_CLAIM,-0.21552647640576322,0,19.369009584664536
MC103744,MEDICAL_CLAIM,-0.23356179480226358,0,0.5990415335463258
MC101473,MEDICAL_CLAIM,-0.19679898297608966,0,42.97124600638978
MC101710,MEDICAL_CLAIM,-0.22376588590472224,0,9.464856230031948
MC103012,MEDICAL_CLAIM,-0.1710342984860645,0,63.9776357827476
MC101954,MEDICAL_CLAIM,-0.21292837771617035,0,22.603833865814696
MC104482,MEDICAL_CLAIM,-0.1350701230505189,0,80.91054313099042
MC104691,MEDICAL_CLAIM,-0.18030940738250778,0,57.00878594249201
MC102791,MEDICAL_CLAIM,-0.2002239374942965,0,38.53833865814696
MC101187,MEDICAL_CLAIM,-0.08405749284256092,0,90.11581469648561
MC100910,MEDICAL_CLAIM,-0.22828548646103258,0,4.772364217252396
MC104363,MEDICAL_CLAIM,-0.21038756904472733,0,25.89856230031949
MC101729,MEDICAL_CLAIM,-0.1695212139341693,0,65.11581469648561
MC104988,MEDICAL_CLAIM,-0.17527400469265625,0,60.72284345047924
MC103445,MEDICAL_CLAIM,-0.04571318021754489,0,94.37899361022363
MC104960,MEDICAL_CLAIM,-0.17311182950409149,0,62.51996805111821
MC104552,MEDICAL_CLAIM,-0.17389701025837084,0,61.82108626198083
MC101552,MEDICAL_CLAIM,-0.1364360340665554,0,80.37140575079871
MC103095,MEDICAL_CLAIM,-0.1409420486330284,0,79.01357827476039
MC100766,MEDICAL_CLAIM,-0.18658627622538704,0,52.316293929712465
MC100536,MEDICAL_CLAIM,-0.12711976756344562,0,83.00718849840256
MC101913,MEDICAL_CLAIM,-0.18069058399702076,0,56.74920127795527
MC102870,MEDICAL_CLAIM,-0.2014609381757546,0,36.9608626198083
MC103025,MEDICAL_CLAIM,-0.16597281318917229,0,67.31230031948881
MC103861,MEDICAL_CLAIM,-0.1890464743107511,0,50.039936102236425
MC101609,MEDICAL_CLAIM,-0.09241586679681668,0,89.23722044728434
MC104598,MEDICAL_CLAIM,-0.013027191328047083,0,97.40415335463258
MC100803,MEDICAL_CLAIM,-0.20692895699441666,0,30.27156549520767
MC100439,MEDICAL_CLAIM,-0.20431715572671966,0,33.38658146964856
MC103915,MEDICAL_CLAIM,-0.16515938173053135,0,67.53194888178913
MC104461,MEDICAL_CLAIM,-0.16900485738889687,0,65.55511182108627
MC102142,MEDICAL_CLAIM,-0.06668503830322858,0,91.8929712460064
MC101051,MEDICAL_CLAIM,-0.17450120555854887,0,61.18210862619809
MC101336,MEDICAL_CLAIM,-0.22471715444519885,0,8.166932907348242
MC104773,MEDICAL_CLAIM,-0.14969742826047566,0,75.41932907348243
MC100127,MEDICAL_CLAIM,-0.2073459869337958,0,29.83226837060703
MC102625,MEDICAL_CLAIM,-0.17598166124887443,0,60.123801916932905
MC100779,MEDICAL_CLAIM,-0.20898039487209663,0,27.71565495207668
MC102566,MEDICAL_CLAIM,-0.2179729131527925,0,16.51357827476038
MC101017,MEDICAL_CLAIM,-0.13081830529838162,0,82.11861022364218
MC104133,MEDICAL_CLAIM,-0.21264170515423436,0,22.923322683706072
MC104372,MEDICAL_CLAIM,-0.20435837862435197,0,33.24680511182109
MC103147,MEDICAL_CLAIM,-0.17312433704350155,0,62.5
MC102407,MEDICAL_CLAIM,-0.18048454894666682,0,56.829073482428115
MC103363,MEDICAL_CLAIM,-0.17172996693480813,0,63.53833865814696
MC103382,MEDICAL_CLAIM,-0.17791983213330187,0,58.666134185303505
MC103343,MEDICAL_CLAIM,-0.19027601852189313,0,48.84185303514377
MC104117,MEDICAL_CLAIM,-0.13930912723833955,0,79.47284345047923
MC101483,MEDICAL_CLAIM,-0.14073338255128365,0,79.07348242811501
MC102876,MEDICAL_CLAIM,-0.13205118076869893,0,81.86900958466452
MC103053,MEDICAL_CLAIM,-0.2190137404418026,0,15.535143769968052
MC104104,MEDICAL_CLAIM,-0.17426558135078418,0,61.421725239616606
MC104467,MEDICAL_CLAIM,-0.20231159741044913,0,35.902555910543136
MC102419,MEDICAL_CLAIM,-0.19241380938880154,0,47.344249201277954
MC101684,MEDICAL_CLAIM,-0.16383766245284997,0,68.49041533546327
MC103774,MEDICAL_CLAIM,-0.14764243137113492,0,76.2979233226837
MC100692,MEDICAL_CLAIM,-0.18198415976696142,0,55.79073482428115
MC100198,MEDICAL_CLAIM,-0.2248941976035153,0,7.987220447284344
MC100081,MEDICAL_CLAIM,-0.22087427278277394,0,12.979233226837062
MC100398,MEDICAL_CLAIM,-0.18535453752488862,0,53.29472843450479
MC100817,MEDICAL_CLAIM,-0.19769284593237085,0,41.93290734824281
MC100403,MEDICAL_CLAIM,-0.2294470705689688,0,3.863817891373802
MC103334,MEDICAL_CLAIM,-0.22319052256076283,0,10.323482428115016
MC100383,MEDICAL_CLAIM,-0.16645002824068927,0,67.01277955271566
MC104404,MEDICAL_CLAIM,-0.19151767197053937,0,48.103035143769965
MC101786,MEDICAL_CLAIM,-0.21665596845561497,0,18.130990415335464
MC104156,MEDICAL_CLAIM,-0.20739621781788403,0,29.692492012779553
MC103241,MEDICAL_CLAIM,-0.10026670743733496,0,88.2388178913738
MC101620,MEDICAL_CLAIM,0.030853931895265863,1,99.620607028754
MC100550,MEDICAL_CLAIM,-0.1894007983494097,0,49.620607028753994
MC101158,MEDICAL_CLAIM,-0.17547768176781786,0,60.61301916932907
MC102821,MEDICAL_CLAIM,-0.1972333684547909,0,42.45207667731629
MC100996,MEDICAL_CLAIM,-0.23016067560602155,0,3.2348242811501593
MC102920,MEDICAL_CLAIM,-0.15582216290687478,0,72.72364217252397
MC101676,MEDICAL_CLAIM,-0.22858383428566942,0,4.492811501597444
MC103369,MEDICAL_CLAIM,-0.18498152119277717,0,53.594249201277954
MC101539,MEDICAL_CLAIM,-0.16092415588058656,0,70.30750798722045
MC103117,MEDICAL_CLAIM,-0.15235830883495788,0,74.46086261980831
MC101637,MEDICAL_CLAIM,-0.11157045773952196,0,86.36182108626198
MC104153,MEDICAL_CLAIM,-0.19827110580849583,0,40.93450479233226
MC102689,MEDICAL_CLAIM,-0.2173200211383,0,17.412140575079874
MC101584,MEDICAL_CLAIM,-0.033419505897855695,0,95.5870607028754
MC102865,MEDICAL_CLAIM,-0.19359224256741725,0,46.36581469648562
MC101945,MEDICAL_CLAIM,-0.0060238801664755925,0,97.8035143769968
MC103020,MEDICAL_CLAIM,-0.1438011052368502,0,77.98522364217251
MC103648,MEDICAL_CLAIM,-0.211921510562528,0,23.722044728434504
MC103961,MEDICAL_CLAIM,-0.17759568356726452,0,58.905750798722046
MC101819,MEDICAL_CLAIM,-0.20216163752367838,0,36.06230031948881
MC100545,MEDICAL_CLAIM,-0.19637602725863967,0,43.39057507987221
MC102143,MEDICAL_CLAIM,-0.05867353578576873,0,93.05111821086261
MC104118,MEDICAL_CLAIM,-0.2104288009473122,0,25.788738019169326
MC100970,MEDICAL_CLAIM,-0.15105386064899406,0,75.0
MC102505,MEDICAL_CLAIM,-0.1954852084322436,0,44.34904153354633
MC103462,MEDICAL_CLAIM,-0.19465242133873445,0,45.4073482428115
MC102332,MEDICAL_CLAIM,-0.20773276729058632,0,29.253194888178914
MC101992,MEDICAL_CLAIM,-0.166489558020393,0,66.97284345047923
MC100196,MEDICAL_CLAIM,-0.20449783918203662,0,33.0870607028754
MC102544,MEDICAL_CLAIM,-0.21973366614002404,0,14.55670926517572
MC103952,MEDICAL_CLAIM,-0.21425903293898918,0,21.01637380191693
MC102010,MEDICAL_CLAIM,-0.21173085447615875,0,23.9017571884984
MC100870,MEDICAL_CLAIM,-0.025672962601230864,0,96.40575079872204
MC101971,MEDICAL_CLAIM,-0.22982227664687382,0,3.5543130990415333
MC102424,MEDICAL_CLAIM,-0.15565088659050508,0,72.78354632587859
MC102201,MEDICAL_CLAIM,-0.22509187157391053,0,7.707667731629393
MC101743,MEDICAL_CLAIM,-0.17583070377861565,0,60.20367412140575
MC100562,MEDICAL_CLAIM,-0.07927532189395092,0,90.65495207667732
MC101927,MEDICAL_CLAIM,-0.2125438732348327,0,23.063099041533548
MC101889,MEDICAL_CLAIM,-0.22158304731060652,0,12.100638977635784
MC103069,MEDICAL_CLAIM,-0.1892555568405037,0,49.86022364217252
MC102704,MEDICAL_CLAIM,-0.16931476773303844,0,65.31549520766772
MC100867,MEDICAL_CLAIM,-0.19857262342696402,0,40.29552715654952
MC103016,MEDICAL_CLAIM,-0.11699326858787057,0,85.32348242811501
MC104163,MEDICAL_CLAIM,-0.1905651605972622,0,48.64217252396166
MC104688,MEDICAL_CLAIM,-0.18753923650362786,0,51.31789137380191
MC102738,MEDICAL_CLAIM,-0.20961813474803626,0,26.757188498402556
MC103172,MEDICAL_CLAIM,-0.2114531387402021,0,24.341054313099043
MC103523,MEDICAL_CLAIM,-0.18699667221660266,0,51.77715654952076
MC100298,MEDICAL_CLAIM,-0.05585418301179634,0,93.3805910543131
MC102276,MEDICAL_CLAIM,-0.20165361849285957,0,36.68130990415335
MC101153,MEDICAL_CLAIM,-0.17284486747112887,0,62.6797124600639
MC100778,MEDICAL_CLAIM,-0.20953330100113848,0,26.936900958466452
MC104176,MEDICAL_CLAIM,-0.049593566622299745,0,94.04952076677317
MC100657,MEDICAL_CLAIM,-0.06758777366692664,0,91.75319488817891
MC101846,MEDICAL_CLAIM,-0.19571384681002701,0,44.129392971246006
MC102739,MEDICAL_CLAIM,-0.19884564335472182,0,40.03594249201278
MC104577,MEDICAL_CLAIM,-0.19746612142575348,0,42.21246006389776
MC101573,MEDICAL_CLAIM,-0.20340233107887418,0,34.46485623003195
MC102482,MEDICAL_CLAIM,-0.211757371069132,0,23.82188498402556
MC101746,MEDICAL_CLAIM,-0.04981730589125344,0,94.00958466453673
MC104650,MEDICAL_CLAIM,-0.18247809483806726,0,55.41134185303515
MC103735,MEDICAL_CLAIM,0.003789944300879089,1,98.3226837060703
MC104736,MEDICAL_CLAIM,-0.20126783142146315,0,37.240415335463254
MC102555,MEDICAL_CLAIM,-0.10485907306671816,0,87.51996805111821
MC102692,MEDICAL_CLAIM,-0.2141774040617898,0,21.226038338658146
MC102090,MEDICAL_CLAIM,-0.192873482992098,0,46.98482428115016
MC101529,MEDICAL_CLAIM,-0.04692137035249666,0,94.22923322683707
MC103225,MEDICAL_CLAIM,-0.05819779862461849,0,93.11102236421725
MC100471,MEDICAL_CLAIM,-0.16345078432396187,0,68.76996805111821
MC100750,MEDICAL_CLAIM,-0.22673535012181406,0,6.0303514376996805
MC102503,MEDICAL_CLAIM,-0.1729787638038669,0,62.57987220447284
MC101133,MEDICAL_CLAIM,-0.1818714097261963,0,55.870607028753994
MC101955,MEDICAL_CLAIM,-0.15255176908751028,0,74.40095846645367
MC102632,MEDICAL_CLAIM,-0.10413139164387503,0,87.57987220447284
MC102853,MEDICAL_CLAIM,-0.18911455349478162,0,50.0
MC103829,MEDICAL_CLAIM,-0.19211966393298163,0,47.58386581469649
MC103114,MEDICAL_CLAIM,-0.20457299930921063,0,33.04712460063898
MC101571,MEDICAL_CLAIM,-0.16283689087897718,0,69.13937699680511
MC101362,MEDICAL_CLAIM,-0.18455833241337966,0,53.85383386581469
MC104937,MEDICAL_CLAIM,-0.18574189555816323,0,53.055111821086264
MC102770,MEDICAL_CLAIM,-0.20881900913149104,0,27.895367412140576
MC104120,MEDICAL_CLAIM,-0.1218673597258984,0,84.16533546325878
MC101247,MEDICAL_CLAIM,-0.18875195642201853,0,50.27955271565495
MC101319,MEDICAL_CLAIM,-0.1587187387565377,0,71.28594249201278
MC102061,MEDICAL_CLAIM,-0.22156690203541668,0,12.120607028753994
MC104048,MEDICAL_CLAIM,-0.08761733025196933,0,89.76637380191693
MC104686,MEDICAL_CLAIM,-0.21137955951925308,0,24.41094249201278
MC100682,MEDICAL_CLAIM,-0.13704566655905764,0,80.1317891373802
MC100625,MEDICAL_CLAIM,-0.23238161981990163,0,1.4376996805111821
MC102025,MEDICAL_CLAIM,-0.19224342910970543,0,47.44408945686901
MC104383,MEDICAL_CLAIM,-0.1588676325340972,0,71.1661341853035
MC100162,MEDICAL_CLAIM,-0.10132377703340162,0,88.13897763578275
MC100289,MEDICAL_CLAIM,-0.20405641029850208,0,33.6461661341853
MC101467,MEDICAL_CLAIM,-0.16926463918817986,0,65.35543130990416
MC102145,MEDICAL_CLAIM,-0.15846851358014935,0,71.66533546325878
MC101258,MEDICAL_CLAIM,-0.14648219514679095,0,76.79712460063898
MC101530,MEDICAL_CLAIM,-0.10998868137270712,0,86.70127795527156
MC103673,MEDICAL_CLAIM,-0.11390558144069296,0,85.94249201277955
MC103545,MEDICAL_CLAIM,-0.18390371170049818,0,54.27316293929712
MC100880,MEDICAL_CLAIM,-0.041955676233032424,0,94.6685303514377
MC104320,MEDICAL_CLAIM,-0.13740561404508828,0,79.9720447284345
MC103160,MEDICAL_CLAIM,-0.22443446309521492,0,8.476437699680512
MC103953,MEDICAL_CLAIM,-0.14557114456443604,0,77.29632587859425
MC102397,MEDICAL_CLAIM,-0.1738010742205895,0,61.9408945686901
MC100305,MEDICAL_CLAIM,-0.18459370899227623,0,53.833865814696495
MC104337,MEDICAL_CLAIM,-0.17788103315761694,0,58.70607028753994
MC102117,MEDICAL_CLAIM,-0.06618064196562423,0,91.97284345047923
MC103091,MEDICAL_CLAIM,-0.18929642202004987,0,49.760383386581466
MC103644,MEDICAL_CLAIM,-0.21490532554773073,0,20.16773162939297
MC101084,MEDICAL_CLAIM,-0.1640920318578749,0,68.35063897763578
MC100113,MEDICAL_CLAIM,-0.20142920972564332,0,37.02076677316294
MC102974,MEDICAL_CLAIM,-0.23104958658642166,0,2.515974440894569
MC100916,MEDICAL_CLAIM,-0.11324688176568715,0,86.10223642172524
MC104621,MEDICAL_CLAIM,-0.22558044065064642,0,7.188498402555911
MC100018,MEDICAL_CLAIM,-0.05482523391601413,0,93.43051118210862
MC101495,MEDICAL_CLAIM,-0.2235934997356286,0,9.744408945686901
MC104348,MEDICAL_CLAIM,-0.14357683885012507,0,78.09504792332268
MC103636,MEDICAL_CLAIM,-0.20686713403377244,0,30.35143769968051
MC100497,MEDICAL_CLAIM,-0.23331559026447257,0,0.6589456869009584
MC103800,MEDICAL_CLAIM,-0.2068973479156585,0,30.311501597444092
MC101401,MEDICAL_CLAIM,-0.21262198757013995,0,22.963258785942493
MC102346,MEDICAL_CLAIM,-0.20120465302024676,0,37.36022364217252
MC103617,MEDICAL_CLAIM,-0.20214608897352582,0,36.08226837060703
MC102744,MEDICAL_CLAIM,-0.15922609102394553,0,71.08626198083067
MC103419,MEDICAL_CLAIM,-0.20267581279067065,0,35.46325878594249
MC101942,MEDICAL_CLAIM,-0.20329627101735798,0,34.68450479233226
MC100382,MEDICAL_CLAIM,-0.21900293322159542,0,15.555111821086262
MC101331,MEDICAL_CLAIM,-0.19689845182079024,0,42.81150159744409
MC101079,MEDICAL_CLAIM,-0.11517363957600141,0,85.70287539936102
MC100643,MEDICAL_CLAIM,-0.16478759128390186,0,67.79153354632588
MC102757,MEDICAL_CLAIM,-0.037681904147502276,0,95.12779552715655
MC101880,MEDICAL_CLAIM,-0.20288997554455812,0,35.14376996805112
MC104651,MEDICAL_CLAIM,-0.22473127195762882,0,8.12699680511182
MC104612,MEDICAL_CLAIM,-0.19244877463021443,0,47.304313099041536
MC102981,MEDICAL_CLAIM,-0.20620755307347743,0,30.990415335463258
MC103250,MEDICAL_CLAIM,-0.2033809480787634,0,34.504792332268366
MC100500,MEDICAL_CLAIM,-0.16642584117405318,0,67.0926517571885
MC102636,MEDICAL_CLAIM,-0.17261868977282657,0,62.79952076677316
MC101304,MEDICAL_CLAIM,-0.20520547157288088,0,32.3482428115016
MC104860,MEDICAL_CLAIM,-0.12427580759253787,0,83.6261980830671
MC103209,MEDICAL_CLAIM,-0.1918993330986895,0,47.74361022364217
MC101369,MEDICAL_CLAIM,-0.17048774201857947,0,64.41693290734824
MC101347,MEDICAL_CLAIM,-0.23000905184960774,0,3.2947284345047922
MC104589,MEDICAL_CLAIM,-0.2131744449549347,0,22.22444089456869
MC102573,MEDICAL_CLAIM,-0.20135125634825074,0,37.120607028753994
MC104302,MEDICAL_CLAIM,-0.2095740633957378,0,26.85702875399361
MC104436,MEDICAL_CLAIM,-0.22298885377381233,0,10.483226837060702
MC102389,MEDICAL_CLAIM,-0.16925808426520056,0,65.37539936102237
MC102568,MEDICAL_CLAIM,-0.04798648889271129,0,94.14936102236422
MC103763,MEDICAL_CLAIM,-0.20284231730256208,0,35.20367412140575
MC100367,MEDICAL_CLAIM,-0.19362524777462758,0,46.34584664536741
MC102448,MEDICAL_CLAIM,-0.14465617523862795,0,77.65575079872204
MC100204,MEDICAL_CLAIM,-0.21267126777121376,0,22.86341853035144
MC102823,MEDICAL_CLAIM,-0.21969066757885508,0,14.636581469648563
MC101146,MEDICAL_CLAIM,-0.17659280094929242,0,59.644568690095845
MC104288,MEDICAL_CLAIM,-0.0805009775148075,0,90.49520766773162
MC101594,MEDICAL_CLAIM,-0.15731901596190867,0,72.064696485623
MC102357,MEDICAL_CLAIM,-0.18122808012468172,0,56.349840255591054
MC103338,MEDICAL_CLAIM,-0.223693829327546,0,9.524760383386582
MC102990,MEDICAL_CLAIM,-0.1383037972723153,0,79.7723642172524
MC101416,MEDICAL_CLAIM,-0.14537915908961263,0,77.3761980830671
MC102463,MEDICAL_CLAIM,-0.12953393062359697,0,82.5479233226837
MC102507,MEDICAL_CLAIM,-0.1963493058960441,0,43.430511182108624
MC101164,MEDICAL_CLAIM,-0.15399693320745578,0,73.82188498402556
MC104850,MEDICAL_CLAIM,-0.15853091667684022,0,71.58546325878594
MC101681,MEDICAL_CLAIM,-0.20252191902967348,0,35.6629392971246
MC103207,MEDICAL_CLAIM,-0.1258364801685924,0,83.24680511182109
MC101221,MEDICAL_CLAIM,-0.23195963514654183,0,1.8370607028753994
MC103718,MEDICAL_CLAIM,-0.1324365591232135,0,81.64936102236422
MC101019,MEDICAL_CLAIM,-0.16896206737514907,0,65.57507987220448
MC104453,MEDICAL_CLAIM,-0.14650585646164843,0,76.77715654952077
MC104637,MEDICAL_CLAIM,-0.09427299143264983,0,89.01757188498402
MC102513,MEDICAL_CLAIM,-0.22708763236819163,0,5.6709265175718855
MC104836,MEDICAL_CLAIM,-0.20360197180460143,0,34.12539936102236
MC103487,MEDICAL_CLAIM,-0.14738652530330204,0,76.4576677316294
MC100645,MEDICAL_CLAIM,-0.19304661753075558,0,46.80511182108626
MC100434,MEDICAL_CLAIM,-0.1026144041990904,0,87.81948881789138
MC104541,MEDICAL_CLAIM,-0.16035442644808284,0,70.62699680511182
MC101253,MEDICAL_CLAIM,-0.19274046855027677,0,47.144568690095845
MC101783,MEDICAL_CLAIM,-0.17626328315015544,0,59.924121405750796
MC102772,MEDICAL_CLAIM,-0.20108690560416742,0,37.51996805111821
MC103899,MEDICAL_CLAIM,-0.21089617676971456,0,25.179712460063897
MC102874,MEDICAL_CLAIM,-0.20611220504276323,0,31.150159744408946
MC102202,MEDICAL_CLAIM,-0.21209142512533363,0,23.552316293929714
MC103149,MEDICAL_CLAIM,-0.22367960356311173,0,9.544728434504792
MC101776,MEDICAL_CLAIM,-0.2027815635707924,0,35.283546325878596
MC104405,MEDICAL_CLAIM,-0.2242435746986235,0,8.686102236421725
MC104905,MEDICAL_CLAIM,-0.17792889713462268,0,58.64616613418531
MC101950,MEDICAL_CLAIM,-0.03912963545798154,0,94.96805111821087
MC102538,MEDICAL_CLAIM,-0.21213915276558581,0,23.442492012779553
MC101755,MEDICAL_CLAIM,-0.12018224083943468,0,84.52476038338658
MC100558,MEDICAL_CLAIM,-0.040394033260372164,0,94.84824281150159
MC101285,MEDICAL_CLAIM,-0.17123589072084971,0,63.91773162939297
MC102293,MEDICAL_CLAIM,-0.150304049053893,0,75.15974440894568
MC104968,MEDICAL_CLAIM,-0.19790743456793636,0,41.533546325878596
MC104126,MEDICAL_CLAIM,-0.06455467484235095,0,92.24241214057508
MC100485,MEDICAL_CLAIM,-0.1870665048889703,0,51.71725239616614
MC102811,MEDICAL_CLAIM,-0.1717588248436187,0,63.45846645367412
MC101063,MEDICAL_CLAIM,-0.03379243157070477,0,95.56709265175719
MC101506,MEDICAL_CLAIM,-0.2304163902440708,0,2.9752396166134187
MC102603,MEDICAL_CLAIM,-0.18007759230269998,0,57.24840255591054
MC104944,MEDICAL_CLAIM,-0.19889911095029927,0,39.8961661341853
MC104551,MEDICAL_CLAIM,-0.1629303118491049,0,69.02955271565496
MC102211,MEDICAL_CLAIM,-0.1094741444301609,0,86.86102236421725
MC101589,MEDICAL_CLAIM,-0.20582681578004913,0,31.48961661341853
MC101817,MEDICAL_CLAIM,-0.20908249395106043,0,27.55591054313099
MC103660,MEDICAL_CLAIM,-0.19566867441934643,0,44.18929712460064
MC101380,MEDICAL_CLAIM,-0.13339093986208256,0,81.4297124600639
MC102038,MEDICAL_CLAIM,-0.14552264981428087,0,77.31629392971246
MC103199,MEDICAL_CLAIM,-0.12866362171834267,0,82.7076677316294
MC104728,MEDICAL_CLAIM,-0.17622354359449255,0,59.94408945686901
MC101299,MEDICAL_CLAIM,-0.22151140622895432,0,12.28035143769968
MC103007,MEDICAL_CLAIM,-0.1811135140119518,0,56.439696485623
MC104198,MEDICAL_CLAIM,-0.20056336101899574,0,38.0591054313099
MC104743,MEDICAL_CLAIM,-0.1931897721295897,0,46.70527156549521
MC102218,MEDICAL_CLAIM,-0.1913401468769284,0,48.19289137380191
MC104039,MEDICAL_CLAIM,-0.1642212301980705,0,68.29073482428115
MC101480,MEDICAL_CLAIM,-0.04297791410001772,0,94.60862619808307
MC101863,MEDICAL_CLAIM,-0.21066525114974882,0,25.379392971246006
MC102286,MEDICAL_CLAIM,-0.21654537626783632,0,18.31070287539936
MC103621,MEDICAL_CLAIM,-0.22121196651309932,0,12.659744408945686
MC102971,MEDICAL_CLAIM,-0.1956458471986166,0,44.20926517571885
MC104251,MEDICAL_CLAIM,-0.19864107544544735,0,40.215654952076676
MC101038,MEDICAL_CLAIM,-0.21913069509010674,0,15.415335463258787
MC103166,MEDICAL_CLAIM,-0.2043277556413074,0,33.316693290734825
MC103263,MEDICAL_CLAIM,-0.1642171101740027,0,68.31070287539937
MC100925,MEDICAL_CLAIM,-0.20350194468253108,0,34.32507987220447
MC103470,MEDICAL_CLAIM,-0.21109082508818322,0,24.96006389776358
MC103235,MEDICAL_CLAIM,-0.17967717255393562,0,57.5279552715655
MC103525,MEDICAL_CLAIM,-0.2314360116992732,0,2.256389776357828
MC100272,MEDICAL_CLAIM,-0.20556953647334342,0,31.968849840255594
MC100813,MEDICAL_CLAIM,-0.18898783122155483,0,50.099840255591054
MC103816,MEDICAL_CLAIM,0.046710233833544,1,99.94009584664538
MC103041,MEDICAL_CLAIM,-0.22884656549907728,0,4.273162939297125
MC102285,MEDICAL_CLAIM,-0.17706031266660405,0,59.26517571884984
MC101366,MEDICAL_CLAIM,-0.1688002783742279,0,65.65495207667732
MC104392,MEDICAL_CLAIM,-0.22076319700411362,0,13.218849840255592
MC100200,MEDICAL_CLAIM,-0.1865633741255212,0,52.376198083067095
MC104471,MEDICAL_CLAIM,-0.22222229211267108,0,11.421725239616613
MC102227,MEDICAL_CLAIM,-0.21861590665648828,0,15.9944089456869
MC100630,MEDICAL_CLAIM,-0.18940045729017468,0,49.650559105431306
MC103963,MEDICAL_CLAIM,-0.17929198012724545,0,57.7276357827476
MC102533,MEDICAL_CLAIM,-0.17826080841130587,0,58.346645367412144
MC102100,MEDICAL_CLAIM,-0.0877767967675801,0,89.73642172523961
MC103432,MEDICAL_CLAIM,-0.1938837101169008,0,46.126198083067095
MC102377,MEDICAL_CLAIM,-0.23411930389730007,0,0.43929712460063897
MC102784,MEDICAL_CLAIM,-0.17000289414709657,0,64.74640575079871
MC102802,MEDICAL_CLAIM,-0.20809168408009238,0,28.793929712460063
MC104821,MEDICAL_CLAIM,-0.15498874273256041,0,73.18290734824281
MC102070,MEDICAL_CLAIM,-0.20654795225004396,0,30.571086261980827
MC103914,MEDICAL_CLAIM,-0.15502392791933622,0,73.1629392971246
MC102521,MEDICAL_CLAIM,-0.2298462583951275,0,3.5143769968051117
MC104593,MEDICAL_CLAIM,-0.17229133183882644,0,63.11900958466453
MC104460,MEDICAL_CLAIM,-0.207816328830574,0,29.153354632587856
MC103964,MEDICAL_CLAIM,-0.16222596685924956,0,69.58865814696486
MC104700,MEDICAL_CLAIM,-0.2226093092183556,0,10.92252396166134
MC100066,MEDICAL_CLAIM,-0.22081946340703956,0,13.119009584664537
MC103502,MEDICAL_CLAIM,-0.16516066047814854,0,67.51198083067092
MC101797,MEDICAL_CLAIM,-0.1860853251097886,0,52.69568690095847
MC102764,MEDICAL_CLAIM,-0.1873557218656297,0,51.53753993610224
MC103179,MEDICAL_CLAIM,-0.14767658816389767,0,76.25798722044729
MC101194,MEDICAL_CLAIM,-0.18043699667632151,0,56.86900958466453
MC104778,MEDICAL_CLAIM,-0.2131979463741756,0,22.164536741214057
MC103298,MEDICAL_CLAIM,-0.21546444262866687,0,19.488817891373802
MC100972,MEDICAL_CLAIM,-0.068107975929177,0,91.65335463258786
MC101182,MEDICAL_CLAIM,-0.14574933009563884,0,77.16653354632588
MC104028,MEDICAL_CLAIM,-0.19988269219345334,0,38.85782747603834
MC102339,MEDICAL_CLAIM,-0.2153661799789906,0,19.748402555910545
MC102618,MEDICAL_CLAIM,-0.1286155491760247,0,82.7276357827476
MC101978,MEDICAL_CLAIM,-0.2056769345094342,0,31.72923322683706
MC102311,MEDICAL_CLAIM,-0.21345999567174667,0,21.80511182108626
MC104516,MEDICAL_CLAIM,-0.06274653413865205,0,92.53194888178913
MC103880,MEDICAL_CLAIM,-0.09789405446942195,0,88.49840255591054
MC102510,MEDICAL_CLAIM,-0.14136365158527275,0,78.79392971246007
MC101501,MEDICAL_CLAIM,-0.18906776764547978,0,50.01996805111821
MC102937,MEDICAL_CLAIM,-0.218403215237845,0,16.21405750798722
MC103222,MEDICAL_CLAIM,-0.22498655175750365,0,7.877396166134186
MC101725,MEDICAL_CLAIM,0.039629876504105654,1,99.88019169329073
MC102319,MEDICAL_CLAIM,-0.16606053611707855,0,67.2723642172524
MC104006,MEDICAL_CLAIM,-0.17676342465812755,0,59.46485623003195
MC104614,MEDICAL_CLAIM,-0.21454040665584606,0,20.60702875399361
MC104145,MEDICAL_CLAIM,-0.22164641546037317,0,12.000798722044728
MC102064,MEDICAL_CLAIM,-0.18869647011204493,0,50.39936102236422
MC101604,MEDICAL_CLAIM,-0.17428396772929033,0,61.381789137380196
MC100025,MEDICAL_CLAIM,-0.17069375957525146,0,64.25718849840256
MC102125,MEDICAL_CLAIM,-0.22855643005362625,0,4.532747603833866
MC101409,MEDICAL_CLAIM,-0.22268245022347105,0,10.842651757188499
MC103566,MEDICAL_CLAIM,-0.1756878231227229,0,60.323482428115014
MC103017,MEDICAL_CLAIM,-0.21766221272891434,0,17.03274760383387
MC103659,MEDICAL_CLAIM,-0.2250812047848167,0,7.727635782747604
MC103063,MEDICAL_CLAIM,-0.21115001718608595,0,24.80031948881789
MC100905,MEDICAL_CLAIM,-0.21303168811168272,0,22.404153354632587
MC104406,MEDICAL_CLAIM,-0.09801738902838147,0,88.45846645367412
MC103125,MEDICAL_CLAIM,-0.20063727511178348,0,37.91932907348243
MC101086,MEDICAL_CLAIM,-0.206081288696627,0,31.21006389776358
MC103444,MEDICAL_CLAIM,-0.1387833441489959,0,79.5926517571885
MC104353,MEDICAL_CLAIM,-0.09677948555601451,0,88.59824281150159
MC101515,MEDICAL_CLAIM,-0.218795294327288,0,15.774760383386582
MC103993,MEDICAL_CLAIM,-0.16918979232089332,0,65.41533546325878
MC102110,MEDICAL_CLAIM,-0.16122363126939365,0,70.18769968051119
MC104356,MEDICAL_CLAIM,-0.21050276062193235,0,25.698881789137378
MC103754,MEDICAL_CLAIM,-0.19527891801352182,0,44.50878594249201
MC100502,MEDICAL_CLAIM,-0.18284733577268575,0,55.191693290734825
MC103553,MEDICAL_CLAIM,-0.1532229784866198,0,74.17132587859425
MC101651,MEDICAL_CLAIM,-0.2259263390166743,0,6.809105431309905
MC103376,MEDICAL_CLAIM,-0.15650830696047008,0,72.32428115015975
MC101233,MEDICAL_CLAIM,-0.14341751046937085,0,78.15495207667732
MC101211,MEDICAL_CLAIM,-0.16734144756143798,0,66.39376996805112
MC102112,MEDICAL_CLAIM,-0.18184245336240684,0,55.89057507987221
MC100854,MEDICAL_CLAIM,-0.22670306668182216,0,6.090255591054313
MC100415,MEDICAL_CLAIM,-0.10849314947419869,0,87.04073482428115
MC101337,MEDICAL_CLAIM,-0.13755458423448413,0,79.89217252396166
MC104856,MEDICAL_CLAIM,-0.059789349772254585,0,92.89137380191693
MC102488,MEDICAL_CLAIM,-0.022147602392907917,0,96.66533546325878
MC104428,MEDICAL_CLAIM,-0.1294051901183721,0,82.56789137380191
MC101122,MEDICAL_CLAIM,-0.038137762269278674,0,95.08785942492013
MC104455,MEDICAL_CLAIM,-0.20081949866947674,0,37.77955271565495
MC101855,MEDICAL_CLAIM,-0.17504892970628094,0,60.92252396166135
MC100268,MEDICAL_CLAIM,-0.08092873344418261,0,90.47523961661342
MC101361,MEDICAL_CLAIM,-0.19398240215085455,0,46.04632587859425
MC101540,MEDICAL_CLAIM,-0.21019599505372033,0,26.0982428115016
MC104890,MEDICAL_CLAIM,-0.20741867689079047,0,29.63258785942492
MC101664,MEDICAL_CLAIM,-0.18670784784018585,0,52.156549520766774
MC103320,MEDICAL_CLAIM,-0.0747796218212185,0,90.9944089456869
MC104531,MEDICAL_CLAIM,-0.1607104932042031,0,70.4273162939297
MC104414,MEDICAL_CLAIM,-0.17518691673429293,0,60.82268370607029
MC101407,MEDICAL_CLAIM,-0.0890245215487464,0,89.63658146964856
MC100380,MEDICAL_CLAIM,-0.058323405625513414,0,93.09105431309904
MC101249,MEDICAL_CLAIM,-0.18232538125886782,0,55.53115015974441
MC102058,MEDICAL_CLAIM,-0.13887195455304763,0,79.5726837060703
MC101140,MEDICAL_CLAIM,-0.1345133978316343,0,81.09025559105432
MC103600,MEDICAL_CLAIM,-0.06334288034594238,0,92.43210862619809
MC100717,MEDICAL_CLAIM,-0.14032653863014244,0,79.19329073482429
MC103118,MEDICAL_CLAIM,-0.1527989831722844,0,74.32108626198082
MC100256,MEDICAL_CLAIM,-0.2116469118867111,0,24.041533546325876
MC104112,MEDICAL_CLAIM,-0.17010497120250495,0,64.55670926517571
MC101094,MEDICAL_CLAIM,-0.15481329497290636,0,73.3626198083067
MC103119,MEDICAL_CLAIM,-0.17174819195947238,0,63.47843450479233
MC101374,MEDICAL_CLAIM,-0.1950240211298136,0,44.868210862619804
MC101770,MEDICAL_CLAIM,-0.16840130642632462,0,65.73482428115017
MC100658,MEDICAL_CLAIM,-0.18355545484381808,0,54.55271565495208
MC104478,MEDICAL_CLAIM,-0.22496103433098447,0,7.947284345047924
MC101731,MEDICAL_CLAIM,-0.2319439970167103,0,1.8570287539936101
MC102138,MEDICAL_CLAIM,-0.18926602981109641,0,49.8202875399361
MC100913,MEDICAL_CLAIM,-0.19782840723294376,0,41.733226837060705
MC102532,MEDICAL_CLAIM,-0.21719932498529876,0,17.57188498402556
MC104518,MEDICAL_CLAIM,-0.20289699097044434,0,35.1038338658147
MC102086,MEDICAL_CLAIM,-0.20418363102717774,0,33.50638977635783
MC101136,MEDICAL_CLAIM,-0.21437662357990184,0,20.826677316293928
MC101999,MEDICAL_CLAIM,-0.20058059939009054,0,38.019169329073485
MC100588,MEDICAL_CLAIM,-0.16900614883258963,0,65.53514376996804
MC104256,MEDICAL_CLAIM,-0.18748470987429655,0,51.41773162939297
MC101169,MEDICAL_CLAIM,-0.20127878276693822,0,37.22044728434505
MC103150,MEDICAL_CLAIM,-0.21546926104366404,0,19.468849840255594
MC102144,MEDICAL_CLAIM,-0.19610736278620056,0,43.650159744408946
MC101339,MEDICAL_CLAIM,-0.22255474836188477,0,10.942492012779553
MC102898,MEDICAL_CLAIM,-0.21640265497653205,0,18.490415335463258
MC102863,MEDICAL_CLAIM,-0.1421892306729236,0,78.61421725239617
MC101785,MEDICAL_CLAIM,-0.11236733522571302,0,86.28194888178913
MC101527,MEDICAL_CLAIM,-0.1798395815457669,0,57.46805111821086
MC102398,MEDICAL_CLAIM,-0.038599857463424314,0,95.0479233226837
MC101989,MEDICAL_CLAIM,-0.22326766890174743,0,10.163738019169328
MC100713,MEDICAL_CLAIM,-0.15226388957698167,0,74.56070287539937
MC103236,MEDICAL_CLAIM,-0.1360689925290291,0,80.55111821086261
MC100188,MEDICAL_CLAIM,-0.1896726120860585,0,49.34105431309904
MC100320,MEDICAL_CLAIM,-0.12807712875927363,0,82.76757188498402
MC100122,MEDICAL_CLAIM,-0.2323788684126208,0,1.457667731629393
MC102279,MEDICAL_CLAIM,-0.11775662905266154,0,85.21365814696486
MC101375,MEDICAL_CLAIM,-0.2026190196672526,0,35.58306709265175
MC100373,MEDICAL_CLAIM,-0.1553391162662972,0,72.90335463258786
MC104667,MEDICAL_CLAIM,-0.21632215781893516,0,18.590255591054312
MC104822,MEDICAL_CLAIM,-0.2330695104040736,0,0.7188498402555911
MC100271,MEDICAL_CLAIM,-0.20199367399284068,0,36.24201277955272
MC101669,MEDICAL_CLAIM,-0.22363208839940013,0,9.644568690095847
MC102271,MEDICAL_CLAIM,-0.21072303738905895,0,25.299520766773163
MC102690,MEDICAL_CLAIM,-0.21174509305845302,0,23.86182108626198
MC101966,MEDICAL_CLAIM,-0.2240818890772625,0,8.885782747603834
MC103590,MEDICAL_CLAIM,-0.210197280089106,0,26.078274760383387
MC100460,MEDICAL_CLAIM,-0.1804255474509711,0,56.888977635782744
MC103090,MEDICAL_CLAIM,-0.21198454801492472,0,23.662140575079874
MC104595,MEDICAL_CLAIM,0.026507649309741588,1,99.54073482428115
MC100609,MEDICAL_CLAIM,-0.1643546255324173,0,68.05111821086261
MC100741,MEDICAL_CLAIM,-0.06731713903682301,0,91.79313099041534
MC102387,MEDICAL_CLAIM,-0.16737727838171645,0,66.35383386581469
MC102252,MEDICAL_CLAIM,-0.21329487333769154,0,22.064696485623003
MC104867,MEDICAL_CLAIM,-0.21620296348181717,0,18.630191693290733
MC102087,MEDICAL_CLAIM,-0.20736377089196056,0,29.792332268370608
MC100522,MEDICAL_CLAIM,-0.22664135858744705,0,6.170127795527156
MC103336,MEDICAL_CLAIM,-0.2050971356726194,0,32.62779552715655
MC104311,MEDICAL_CLAIM,-0.11243216570584724,0,86.26198083067092
MC101849,MEDICAL_CLAIM,-0.21765389094997983,0,17.052715654952078
MC101261,MEDICAL_CLAIM,-0.20634421640252548,0,30.830670926517573
MC103448,MEDICAL_CLAIM,-0.09232893592171698,0,89.27715654952077
MC103595,MEDICAL_CLAIM,0.003100512197054428,1,98.24281150159744
MC104101,MEDICAL_CLAIM,-0.0966866631585449,0,88.6182108626198
MC100897,MEDICAL_CLAIM,-0.1957088938690213,0,44.14936102236422
MC102316,MEDICAL_CLAIM,-0.20518176821742373,0,32.40814696485623
MC102127,MEDICAL_CLAIM,-0.17758425177080983,0,58.92571884984026
MC103313,MEDICAL_CLAIM,-0.2192287858876228,0,15.215654952076676
MC101916,MEDICAL_CLAIM,-0.21055369635450893,0,25.599041533546323
MC100694,MEDICAL_CLAIM,-0.11362387319980954,0,86.00239616613419
MC100185,MEDICAL_CLAIM,-0.1945872058614932,0,45.507188498402556
MC100738,MEDICAL_CLAIM,-0.10954192487414816,0,86.84105431309904
MC103982,MEDICAL_CLAIM,-0.15336172797724973,0,74.12140575079871
MC101870,MEDICAL_CLAIM,-0.18428142951400112,0,53.99361022364217
MC102162,MEDICAL_CLAIM,-0.1698108207589346,0,64.83626198083067
MC101694,MEDICAL_CLAIM,-0.19507570651669298,0,44.82827476038339
MC102161,MEDICAL_CLAIM,-0.20048043567180424,0,38.13897763578275
MC100725,MEDICAL_CLAIM,-0.22176663219733211,0,11.900958466453675
MC100435,MEDICAL_CLAIM,-0.2032114471442733,0,34.76437699680511
MC104115,MEDICAL_CLAIM,-0.21678235755961722,0,17.971246006389777
MC101255,MEDICAL_CLAIM,-0.15635359519645226,0,72.46405750798722
MC103983,MEDICAL_CLAIM,-0.17710241419295836,0,59.22523961661342
MC104604,MEDICAL_CLAIM,-0.17442503583040198,0,61.30191693290735
MC101782,MEDICAL_CLAIM,-0.2236657427426964,0,9.584664536741213
MC103310,MEDICAL_CLAIM,-0.14958819538955082,0,75.51916932907349
MC104113,MEDICAL_CLAIM,-0.2166221319085429,0,18.210862619808307
MC104325,MEDICAL_CLAIM,-0.1668851432702696,0,66.65335463258786
MC104817,MEDICAL_CLAIM,-0.20754324853836242,0,29.452875399361023
MC101860,MEDICAL_CLAIM,-0.00967196035243234,0,97.60383386581469
MC102773,MEDICAL_CLAIM,-0.13123027824654432,0,82.02875399361022
MC104511,MEDICAL_CLAIM,-0.2004768519867498,0,38.15894568690096
MC103559,MEDICAL_CLAIM,-0.19966062785198724,0,39.097444089456864
MC104359,MEDICAL_CLAIM,-0.23121507593734808,0,2.3961661341853033
MC100846,MEDICAL_CLAIM,-0.1111792585859166,0,86.50159744408946
MC104476,MEDICAL_CLAIM,-0.19382212518900438,0,46.186102236421725
MC104003,MEDICAL_CLAIM,-0.20227335177762484,0,35.94249201277955
MC102240,MEDICAL_CLAIM,-0.19301003141877432,0,46.84504792332269
MC102726,MEDICAL_CLAIM,-0.19751576970217072,0,42.19249201277955
MC101026,MEDICAL_CLAIM,-0.20742596530003865,0,29.61261980830671
MC104995,MEDICAL_CLAIM,-0.15842127750461593,0,71.685303514377
MC104631,MEDICAL_CLAIM,-0.003593616190656568,0,97.88338658146965
MC102999,MEDICAL_CLAIM,-0.18037451389931203,0,56.90894568690096
MC104643,MEDICAL_CLAIM,-0.19364537092721762,0,46.30591054313099
MC100211,MEDICAL_CLAIM,-0.2204035172595804,0,13.67811501597444
MC103482,MEDICAL_CLAIM,-0.15075649453809264,0,75.09984025559106
MC102221,MEDICAL_CLAIM,-0.16607504832863634,0,67.25239616613419
MC101311,MEDICAL_CLAIM,-0.21483659099153896,0,20.267571884984026
MC100192,MEDICAL_CLAIM,-0.19847549198010045,0,40.435303514377
MC101928,MEDICAL_CLAIM,-0.22152121788038648,0,12.24041533546326
MC101137,MEDICAL_CLAIM,-0.09370454489576158,0,89.1373801916933
MC101241,MEDICAL_CLAIM,-0.2301319801983851,0,3.2547923322683707
MC100597,MEDICAL_CLAIM,-0.09495063099894618,0,88.85782747603834
MC101205,MEDICAL_CLAIM,-0.2263198351041873,0,6.469648562300319
MC103066,MEDICAL_CLAIM,-0.16170048432387218,0,69.92811501597444
MC102688,MEDICAL_CLAIM,-0.21545496475562642,0,19.528753993610223
MC100233,MEDICAL_CLAIM,-0.12206447893045774,0,84.08546325878594
MC103841,MEDICAL_CLAIM,-0.08131855079069544,0,90.41533546325878
MC104978,MEDICAL_CLAIM,-0.07560695408804174,0,90.97444089456869
MC103661,MEDICAL_CLAIM,-0.155329929674979,0,72.92332268370608
MC101054,MEDICAL_CLAIM,-0.17756789276717266,0,58.965654952076676
MC100290,MEDICAL_CLAIM,-0.17900107461385956,0,58.017172523961655
MC100914,MEDICAL_CLAIM,-0.20266914827682253,0,35.483226837060705
MC101111,MEDICAL_CLAIM,-0.20432208812683095,0,33.35662939297125
MC104210,MEDICAL_CLAIM,-0.1441097848917104,0,77.81549520766772
MC101572,MEDICAL_CLAIM,-0.22783628944261902,0,5.071884984025559
MC104561,MEDICAL_CLAIM,-0.18486459356077822,0,53.654153354632584
MC103780,MEDICAL_CLAIM,-0.1647260355222963,0,67.81150159744409
MC104263,MEDICAL_CLAIM,-0.22382114592910135,0,9.285143769968052
MC100920,MEDICAL_CLAIM,-0.23138810840290563,0,2.2963258785942493
MC100598,MEDICAL_CLAIM,-0.15861393538202173,0,71.40575079872204
MC103762,MEDICAL_CLAIM,-0.20016737414449243,0,38.558306709265175
MC100257,MEDICAL_CLAIM,-0.17839742417563154,0,58.24680511182109
MC104823,MEDICAL_CLAIM,-0.1993878635313554,0,39.456869009584665
MC100768,MEDICAL_CLAIM,-0.22330325446677252,0,10.103833865814696
MC101479,MEDICAL_CLAIM,-0.2210689093680568,0,12.779552715654951
MC102707,MEDICAL_CLAIM,-0.22904113074355276,0,4.113418530351438
MC103641,MEDICAL_CLAIM,-0.1388874092779791,0,79.55271565495208
MC103778,MEDICAL_CLAIM,-0.17040326514617565,0,64.43690095846645
MC100270,MEDICAL_CLAIM,-0.1976743841819299,0,41.97284345047924
MC100063,MEDICAL_CLAIM,-0.19099510339482922,0,48.36261980830671
MC104339,MEDICAL_CLAIM,-0.19593344269887097,0,43.86980830670926
MC104178,MEDICAL_CLAIM,-0.18719887707692684,0,51.637380191693296
MC103332,MEDICAL_CLAIM,-0.1816080544365964,0,56.060303514377
MC102993,MEDICAL_CLAIM,-0.20558338327439118,0,31.928913738019173
MC101850,MEDICAL_CLAIM,-0.19157295124091545,0,48.043130990415335
MC102595,MEDICAL_CLAIM,-0.22127942396701317,0,12.559904153354632
MC101862,MEDICAL_CLAIM,-0.1985695402977909,0,40.31549520766774
MC100632,MEDICAL_CLAIM,-0.16659354819863403,0,66.8929712460064
MC102949,MEDICAL_CLAIM,-0.18410465459711872,0,54.113418530351446
MC104734,MEDICAL_CLAIM,-0.16195900671599722,0,69.74840255591054
MC100044,MEDICAL_CLAIM,-0.21344484927011903,0,21.825079872204473
MC104624,MEDICAL_CLAIM,-0.20252228708871778,0,35.623003194888184
MC103973,MEDICAL_CLAIM,-0.14542938440650421,0,77.33626198083067
MC103104,MEDICAL_CLAIM,-0.2314976323557854,0,2.2364217252396164
MC103307,MEDICAL_CLAIM,-0.1509095761488754,0,75.03993610223642
MC104781,MEDICAL_CLAIM,-0.22499609358445832,0,7.847444089456869
MC104514,MEDICAL_CLAIM,-0.20948889848421903,0,26.976837060702874
MC101413,MEDICAL_CLAIM,-0.2286891398593936,0,4.4129392971246
MC100144,MEDICAL_CLAIM,-0.20719685038429264,0,30.011980830670925
MC101574,MEDICAL_CLAIM,-0.20909208088745423,0,27.535942492012776
MC102313,MEDICAL_CLAIM,-0.06399832549004886,0,92.31230031948881
MC104110,MEDICAL_CLAIM,-0.188898525669759,0,50.21964856230032
MC104487,MEDICAL_CLAIM,-0.23247748801465906,0,1.2979233226837061
MC100835,MEDICAL_CLAIM,-0.1413859341246893,0,78.77396166134186
MC103693,MEDICAL_CLAIM,-0.18180669318142262,0,55.930511182108624
MC101159,MEDICAL_CLAIM,-0.22052132856580914,0,13.518370607028753
MC100147,MEDICAL_CLAIM,-0.17613805361585572,0,60.04392971246006
MC102587,MEDICAL_CLAIM,-0.19758880668243578,0,42.072683706070286
MC103182,MEDICAL_CLAIM,-0.16107334102558635,0,70.26757188498402
MC102000,MEDICAL_CLAIM,-0.21291812713041408,0,22.64376996805112
MC103898,MEDICAL_CLAIM,-0.19065798042425913,0,48.522364217252395
MC104199,MEDICAL_CLAIM,-0.16924507000854977,0,65.39536741214057
MC100041,MEDICAL_CLAIM,-0.1538152494895591,0,73.90175718849841
MC100377,MEDICAL_CLAIM,-0.11346545188191037,0,86.0423322683706
MC102194,MEDICAL_CLAIM,-0.192632192739017,0,47.18450479233226
MC103709,MEDICAL_CLAIM,-0.1346257279660673,0,81.03035143769968
MC102004,MEDICAL_CLAIM,-0.05244436235424588,0,93.82987220447284
MC103503,MEDICAL_CLAIM,-0.029303931588555487,0,95.92651757188499
MC103185,MEDICAL_CLAIM,-0.19166460011581177,0,47.96325878594249
MC103792,MEDICAL_CLAIM,-0.1998177109043856,0,38.91773162939297
MC102718,MEDICAL_CLAIM,-0.17322783375220646,0,62.44009584664537
MC102672,MEDICAL_CLAIM,-0.23224383634124823,0,1.5375399361022364
MC102459,MEDICAL_CLAIM,-0.12015622580249491,0,84.5547124600639
MC101982,MEDICAL_CLAIM,-0.11983093729809335,0,84.7344249201278
MC100740,MEDICAL_CLAIM,-0.03039847731127776,0,95.7867412140575
MC103046,MEDICAL_CLAIM,-0.22026650479793503,0,13.977635782747605
MC104079,MEDICAL_CLAIM,-0.1532413001764733,0,74.14137380191693
MC102254,MEDICAL_CLAIM,-0.19419311787110205,0,45.906549520766774
MC102915,MEDICAL_CLAIM,-0.17359953072841816,0,62.10063897763578
MC104307_DUP,MEDICAL_CLAIM,-0.14570996405567177,0,77.2264376996805
MC101280_DUP,MEDICAL_CLAIM,-0.23495795858966834,0,0.18969648562300317
MC100478_DUP,MEDICAL_CLAIM,-0.17342809522364905,0,62.33027156549521
MC102948_DUP,MEDICAL_CLAIM,-0.19208480477515022,0,47.63378594249201
MC102279_DUP,MEDICAL_CLAIM,-0.11775662905266154,0,85.21365814696486
MC102402_DUP,MEDICAL_CLAIM,-0.20264970621743278,0,35.53314696485623
MC100484_DUP,MEDICAL_CLAIM,-0.2094839380456462,0,27.0267571884984
MC104966_DUP,MEDICAL_CLAIM,-0.2266912858628407,0,6.12020766773163
MC100089_DUP,MEDICAL_CLAIM,-0.0708954390284171,0,91.38378594249201
MC101551_DUP,MEDICAL_CLAIM,-0.21656115471004872,0,18.260782747603834
MC101300_DUP,MEDICAL_CLAIM,-0.20418205438778714,0,33.53634185303515
MC102126_DUP,MEDICAL_CLAIM,-0.20832743077017313,0,28.60423322683706
MC100630_DUP,MEDICAL_CLAIM,-0.18940045729017468,0,49.650559105431306
MC100298_DUP,MEDICAL_CLAIM,-0.05585418301179634,0,93.3805910543131
MC101986_DUP,MEDICAL_CLAIM,-0.1822057971263793,0,55.58107028753994
MC100926_DUP,MEDICAL_CLAIM,-0.19517287781217973,0,44.698482428115014
MC100115_DUP,MEDICAL_CLAIM,-0.2111786415018983,0,24.710463258785943
MC101571_DUP,MEDICAL_CLAIM,-0.16283689087897718,0,69.13937699680511
MC104109_DUP,MEDICAL_CLAIM,-0.19710730508232766,0,42.62180511182109
MC104135_DUP,MEDICAL_CLAIM,-0.14950649852902737,0,75.58905750798722
MC102954_DUP,MEDICAL_CLAIM,-0.21154280269106096,0,24.17132587859425
MC101517_DUP,MEDICAL_CLAIM,-0.22282143039545832,0,10.632987220447285
MC101656_DUP,MEDICAL_CLAIM,-0.21486683498977932,0,20.197683706070286
MC102470_DUP,MEDICAL_CLAIM,-0.18695737534218526,0,51.88698083067093
MC100314_DUP,MEDICAL_CLAIM,-0.15289435797767736,0,74.27116613418531
MC100689_DUP,MEDICAL_CLAIM,-0.17055790494353296,0,64.38698083067092
MC102268_DUP,MEDICAL_CLAIM,-0.22606051914827408,0,6.739217252396166
MC102075_DUP,MEDICAL_CLAIM,-0.0548021404848027,0,93.46046325878594
MC101158_DUP,MEDICAL_CLAIM,-0.17547768176781786,0,60.61301916932907
MC100483_DUP,MEDICAL_CLAIM,-0.18005258501370203,0,57.29832268370607
MC103508_DUP,MEDICAL_CLAIM,-0.1983594440789832,0,40.78474440894569
MC104073_DUP,MEDICAL_CLAIM,-0.1921714036514991,0,47.51397763578275
MC101080_DUP,MEDICAL_CLAIM,-0.22534149613488302,0,7.458067092651757
MC101182_DUP,MEDICAL_CLAIM,-0.14574933009563884,0,77.16653354632588
MC101370_DUP,MEDICAL_CLAIM,-0.21463850130857332,0,20.417332268370608
MC102206_DUP,MEDICAL_CLAIM,-0.1386468444602933,0,79.68250798722045
MC103445_DUP,MEDICAL_CLAIM,-0.04571318021754489,0,94.37899361022363
MC104402_DUP,MEDICAL_CLAIM,-0.1391416536575132,0,79.50279552715655
MC103553_DUP,MEDICAL_CLAIM,-0.1532229784866198,0,74.17132587859425
MC101017_DUP,MEDICAL_CLAIM,-0.13081830529838162,0,82.11861022364218
MC103917_DUP,MEDICAL_CLAIM,-0.1948767673767578,0,45.117811501597444
MC104494_DUP,MEDICAL_CLAIM,-0.22692140641598713,0,5.780750798722044
MC101111_DUP,MEDICAL_CLAIM,-0.20432208812683095,0,33.35662939297125
MC104231_DUP,MEDICAL_CLAIM,-0.19783246288758066,0,41.683306709265175
MC102459_DUP,MEDICAL_CLAIM,-0.12015622580249491,0,84.5547124600639
MC104347_DUP,MEDICAL_CLAIM,-0.1553172579245954,0,72.97324281150159
MC103731_DUP,MEDICAL_CLAIM,-0.18964766155579588,0,49.43091054313099
MC104174_DUP,MEDICAL_CLAIM,-0.21785867834578287,0,16.76317891373802
MC100325_DUP,MEDICAL_CLAIM,-0.20642303593103,0,30.700878594249204
MC100275_DUP,MEDICAL_CLAIM,-0.2200172740819767,0,14.167332268370608
MC103809_DUP,MEDICAL_CLAIM,-0.1695366982667214,0,65.0658945686901
MC101021_DUP,MEDICAL_CLAIM,-0.1891919974382239,0,49.95007987220447
MC101014_DUP,MEDICAL_CLAIM,-0.21707910719524887,0,17.741613418530353
MC104126_DUP,MEDICAL_CLAIM,-0.06455467484235095,0,92.24241214057508
MC102834_DUP,MEDICAL_CLAIM,-0.0,0,98.03314696485623
MC102202_DUP,MEDICAL_CLAIM,-0.21209142512533363,0,23.552316293929714
MC102953_DUP,MEDICAL_CLAIM,-0.13050686892912688,0,82.25838658146965
MC102623_DUP,MEDICAL_CLAIM,-0.21109825525446685,0,24.890175718849843
MC102854_DUP,MEDICAL_CLAIM,-0.21733687930540452,0,17.382188498402556
MC104882_DUP,MEDICAL_CLAIM,-0.1988511325244552,0,40.00599041533546
MC104052_DUP,MEDICAL_CLAIM,-0.22504509351192314,0,7.777555910543131
MC101544_DUP,MEDICAL_CLAIM,-0.1523165396595343,0,74.49081469648561
MC104103_DUP,MEDICAL_CLAIM,-0.2238159343476504,0,9.375
MC103469_DUP,MEDICAL_CLAIM,-0.19798649403162694,0,41.38378594249201
MC104069_DUP,MEDICAL_CLAIM,-0.1983757201713801,0,40.68490415335464
MC102226_DUP,MEDICAL_CLAIM,-0.13736754889242442,0,80.02196485623003
MC103985_DUP,MEDICAL_CLAIM,-0.18873515350649733,0,50.32947284345048
MC103624_DUP,MEDICAL_CLAIM,-0.203783081918597,0,33.93570287539936
MC103101_DUP,MEDICAL_CLAIM,-0.06291929494582249,0,92.4820287539936
MC103897_DUP,MEDICAL_CLAIM,-0.21538013318140736,0,19.698482428115017
MC102779_DUP,MEDICAL_CLAIM,-0.22271077198270317,0,10.792731629392971
MC103332_DUP,MEDICAL_CLAIM,-0.1816080544365964,0,56.060303514377
MC102292_DUP,MEDICAL_CLAIM,-0.21441434279541488,0,20.756789137380192
MC104879_DUP,MEDICAL_CLAIM,-0.1829529449243646,0,55.12180511182109
MC103978_DUP,MEDICAL_CLAIM,-0.17947978725082492,0,57.65774760383386
MC101230_DUP,MEDICAL_CLAIM,-0.2327266335484381,0,1.108226837060703
MC103527_DUP,MEDICAL_CLAIM,-0.20771320717245623,0,29.323083067092654
MC104169_DUP,MEDICAL_CLAIM,-0.1949484894993091,0,44.95806709265175
MC100051_DUP,MEDICAL_CLAIM,-0.1790633355996556,0,57.93730031948881
MC100107_DUP,MEDICAL_CLAIM,-0.11128344343340091,0,86.45167731629392
MC104932_DUP,MEDICAL_CLAIM,-0.23397960065577533,0,0.509185303514377
MC102697_DUP,MEDICAL_CLAIM,-0.19674331277989826,0,43.04113418530351
MC104048_DUP,MEDICAL_CLAIM,-0.08761733025196933,0,89.76637380191693
MC100403_DUP,MEDICAL_CLAIM,-0.2294470705689688,0,3.863817891373802
MC104092_DUP,MEDICAL_CLAIM,-0.21050318198206686,0,25.668929712460063
MC104480_DUP,MEDICAL_CLAIM,-0.05966900345132453,0,92.92132587859425
MC101484_DUP,MEDICAL_CLAIM,-0.12259710810920554,0,83.97563897763578
MC103570_DUP,MEDICAL_CLAIM,-0.1670590604977632,0,66.50359424920129
MC104273_DUP,MEDICAL_CLAIM,-0.22422235430539134,0,8.716054313099042
MC100334_DUP,MEDICAL_CLAIM,-0.2167076596892436,0,18.061102236421725
MC104219_DUP,MEDICAL_CLAIM,-0.2072128358891518,0,29.962060702875398
MC104041_DUP,MEDICAL_CLAIM,-0.2002548945384891,0,38.448482428115014
MC103447_DUP,MEDICAL_CLAIM,-0.21057055253726364,0,25.549121405750796
MC101935_DUP,MEDICAL_CLAIM,-0.21361380014056958,0,21.715255591054312
MC103492_DUP,MEDICAL_CLAIM,-0.21725335554984748,0,17.501996805111823
MC100353_DUP,MEDICAL_CLAIM,-0.20226794657006258,0,35.972444089456864
MC101046_DUP,MEDICAL_CLAIM,-0.22672301774431325,0,6.060303514376997
MC100534_DUP,MEDICAL_CLAIM,-0.05678115848320431,0,93.22084664536742
MC103160_DUP,MEDICAL_CLAIM,-0.22443446309521492,0,8.476437699680512
MC103436_DUP,MEDICAL_CLAIM,-0.23030817993989638,0,3.144968051118211
MC103642_DUP,MEDICAL_CLAIM,-0.1637214873049777,0,68.58027156549521
MC101605_DUP,MEDICAL_CLAIM,-0.208452630804573,0,28.36461661341853
MC104446_DUP,MEDICAL_CLAIM,-0.18081875735785208,0,56.63937699680511
MC104799_DUP,MEDICAL_CLAIM,-0.2178737711145261,0,16.683306709265175
MC101982_DUP,MEDICAL_CLAIM,-0.11983093729809335,0,84.7344249201278
MC101713_DUP,MEDICAL_CLAIM,-0.15485774298777788,0,73.29273162939297
MC100290_DUP,MEDICAL_CLAIM,-0.17900107461385956,0,58.017172523961655
MC103550_DUP,MEDICAL_CLAIM,-0.19580819190657678,0,44.03953674121406
MC102071_DUP,MEDICAL_CLAIM,-0.2159591131107771,0,19.039536741214057
MC100467_DUP,MEDICAL_CLAIM,-0.17489751438232393,0,61.012380191693296
