Record_ID,Record_Type,Isolation_Forest_Score,ML_Anomaly_Flag,Anomaly_Percentile
PA300351,PRIOR_AUTH,-0.12956980471954926,0,66.45
PA300594,PRIOR_AUTH,-0.23935272367022342,0,7.3
PA301322,PRIOR_AUTH,-0.1347522287211721,0,63.349999999999994
PA300467,PRIOR_AUTH,-0.18758195823282348,0,40.25
PA300046,PRIOR_AUTH,-0.03456662583997494,0,94.5
PA300711,PRIOR_AUTH,-0.20467910990723148,0,29.95
PA300899,PRIOR_AUTH,-0.1877665136733448,0,40.0
PA300203,PRIOR_AUTH,-0.09649489842255887,0,79.2
PA301369,PRIOR_AUTH,-0.22279081209116092,0,19.0
PA301107,PRIOR_AUTH,-0.11317077544319254,0,73.15
PA301364,PRIOR_AUTH,-0.1624632739212854,0,52.0
PA301703,PRIOR_AUTH,-0.19714564903667314,0,34.25
PA300847,PRIOR_AUTH,-0.0386955829024187,0,93.72500000000001
PA301428,PRIOR_AUTH,-0.11692803369236093,0,71.95
PA301215,PRIOR_AUTH,-0.18376227821082036,0,42.25
PA301522,PRIOR_AUTH,-0.10877038647684056,0,74.925
PA300926,PRIOR_AUTH,-0.1991281584516189,0,33.25
PA301576,PRIOR_AUTH,-0.16506850951509616,0,51.025
PA300815,PRIOR_AUTH,-0.24444607593888174,0,4.25
PA300822,PRIOR_AUTH,-0.22242791767356407,0,19.55
PA301902,PRIOR_AUTH,-0.17223807098051713,0,46.85
PA301206,PRIOR_AUTH,-0.2356049587448707,0,10.35
PA301638,PRIOR_AUTH,-0.06989902989507235,0,86.55000000000001
PA301009,PRIOR_AUTH,-0.14327654978112042,0,59.675
PA301293,PRIOR_AUTH,-0.22224587360241532,0,19.725
PA301809,PRIOR_AUTH,-0.13816026863180825,0,61.575
PA300896,PRIOR_AUTH,-0.09984251593898263,0,78.0
PA300543,PRIOR_AUTH,-0.17325899238939696,0,46.525
PA301825,PRIOR_AUTH,-0.11500120375838008,0,72.39999999999999
PA301468,PRIOR_AUTH,-0.23196484815470853,0,12.525
PA300757,PRIOR_AUTH,-0.18428835877011723,0,42.0
PA300362,PRIOR_AUTH,-0.0602144137874665,0,88.85
PA301497,PRIOR_AUTH,-0.21602451436468134,0,24.6
PA301836,PRIOR_AUTH,-0.21689990577728724,0,23.799999999999997
PA300705,PRIOR_AUTH,-0.08301130032973258,0,83.15
PA300270,PRIOR_AUTH,-0.12524528879846758,0,68.85
PA300456,PRIOR_AUTH,-0.2510266359312837,0,0.1
PA300894,PRIOR_AUTH,-0.16005707668104663,0,53.15
PA300451,PRIOR_AUTH,-0.22926802271774643,0,14.124999999999998
PA301730,PRIOR_AUTH,-0.07251026143039163,0,85.95
PA300526,PRIOR_AUTH,-0.10929940115432435,0,74.75
PA301531,PRIOR_AUTH,-0.17097746775366807,0,47.65
PA300778,PRIOR_AUTH,-0.022918044262522863,0,96.0
PA300149,PRIOR_AUTH,-0.05994211261440474,0,89.0
PA300208,PRIOR_AUTH,-0.23200772884984705,0,12.375
PA301137,PRIOR_AUTH,-0.23360981639072043,0,11.1
PA300073,PRIOR_AUTH,-0.23939101025145576,0,7.249999999999999
PA300206,PRIOR_AUTH,-0.21904682855182456,0,22.400000000000002
PA301388,PRIOR_AUTH,-0.17207821646168425,0,47.0
PA301667,PRIOR_AUTH,-0.23182733204390815,0,12.775
PA300683,PRIOR_AUTH,-0.19040714228839217,0,38.4
PA301061,PRIOR_AUTH,-0.10269911784677588,0,77.10000000000001
PA301746,PRIOR_AUTH,-0.2312577536046138,0,13.25
PA300096,PRIOR_AUTH,-0.046153930906484564,0,91.75
PA300555,PRIOR_AUTH,-0.23925440909444723,0,7.75
PA301464,PRIOR_AUTH,-0.019695090076356614,0,96.275
PA300032,PRIOR_AUTH,-0.10264366412884773,0,77.2
PA301288,PRIOR_AUTH,-0.09852649698488958,0,78.55
PA301903,PRIOR_AUTH,-0.20603929248889807,0,29.2
PA301597,PRIOR_AUTH,-0.16691180853079934,0,49.6
PA300240,PRIOR_AUTH,-0.19278639752176863,0,36.825
PA300025,PRIOR_AUTH,-0.21693051183225553,0,23.7
PA300128,PRIOR_AUTH,-0.22318053125098553,0,18.725
PA300449,PRIOR_AUTH,-0.16803315802238583,0,49.25
PA301511,PRIOR_AUTH,-0.0693794860607595,0,86.8
PA301832,PRIOR_AUTH,-0.23204411867327346,0,12.2
PA300118,PRIOR_AUTH,-0.15089748193855523,0,57.550000000000004
PA300629,PRIOR_AUTH,-0.24890413358861757,0,1.3
PA301813,PRIOR_AUTH,-0.07047112035598346,0,86.4
PA300011,PRIOR_AUTH,-0.16224144495847131,0,52.15
PA301963,PRIOR_AUTH,-0.18556594916228175,0,41.0
PA301696,PRIOR_AUTH,-0.2286378963508921,0,14.799999999999999
PA300867,PRIOR_AUTH,-0.07741672536961941,0,85.05
PA300663,PRIOR_AUTH,-0.12789453894074082,0,67.325
PA301012,PRIOR_AUTH,-0.21590511596520046,0,24.9
PA300803,PRIOR_AUTH,-0.21098800691025632,0,27.250000000000004
PA300500,PRIOR_AUTH,-0.24955703537318652,0,0.8999999999999999
PA300026,PRIOR_AUTH,-0.23260451592741743,0,11.95
PA301764,PRIOR_AUTH,-0.2394106060297166,0,7.199999999999999
PA301698,PRIOR_AUTH,-0.13766306704920478,0,62.0
PA300780,PRIOR_AUTH,-0.11178048317417544,0,73.75
PA300427,PRIOR_AUTH,-0.025452518458465745,0,95.35
PA301760,PRIOR_AUTH,-0.036232927330610676,0,94.05
PA301952,PRIOR_AUTH,-0.23196484815470853,0,12.525
PA300010,PRIOR_AUTH,-0.16444497953519283,0,51.4
PA301690,PRIOR_AUTH,-0.21917133340606826,0,22.05
PA300879,PRIOR_AUTH,-0.22869459524836594,0,14.649999999999999
PA300909,PRIOR_AUTH,-0.23792623620400838,0,8.5
PA300523,PRIOR_AUTH,-0.16368216942477415,0,51.5
PA301584,PRIOR_AUTH,-0.17645212548239364,0,45.550000000000004
PA300603,PRIOR_AUTH,-0.09315025227214546,0,80.55
PA301697,PRIOR_AUTH,-0.20116202952917478,0,32.2
PA300876,PRIOR_AUTH,-0.20408568207833955,0,30.075000000000003
PA300001,PRIOR_AUTH,-0.16845046082560966,0,48.875
PA301476,PRIOR_AUTH,-0.12009958630919754,0,71.05
PA301098,PRIOR_AUTH,-0.1843859767902442,0,41.85
PA301447,PRIOR_AUTH,-0.1527347632277396,0,57.199999999999996
PA300506,PRIOR_AUTH,-0.10125063125384604,0,77.7
PA300509,PRIOR_AUTH,-0.22607769460916005,0,15.950000000000001
PA300761,PRIOR_AUTH,-0.2457227035039985,0,3.2
PA301946,PRIOR_AUTH,-0.1272730113853946,0,68.15
PA301806,PRIOR_AUTH,-0.03848725315539636,0,93.85
PA300766,PRIOR_AUTH,-0.16471856954770026,0,51.225
PA301670,PRIOR_AUTH,-0.20400499147096512,0,30.3
PA301441,PRIOR_AUTH,-0.24237056919679217,0,5.25
PA301811,PRIOR_AUTH,-0.1851592663109382,0,41.4
PA300384,PRIOR_AUTH,-0.24741115335951291,0,2.475
PA301132,PRIOR_AUTH,-0.2135755871923639,0,26.375
PA301047,PRIOR_AUTH,-0.1317458286388703,0,65.47500000000001
PA300918,PRIOR_AUTH,-0.10270478511173631,0,77.05
PA301025,PRIOR_AUTH,-0.15549684210537268,0,56.2
PA301549,PRIOR_AUTH,-0.23678818516905692,0,9.45
PA300485,PRIOR_AUTH,-0.2303184706108657,0,13.700000000000001
PA301499,PRIOR_AUTH,0.012554848235141858,1,98.95
PA301623,PRIOR_AUTH,-0.12039121771121919,0,70.875
PA301828,PRIOR_AUTH,-0.21565273784737793,0,25.275
PA300607,PRIOR_AUTH,-0.22607769460916005,0,15.950000000000001
PA300671,PRIOR_AUTH,-0.23156397514502897,0,13.025
PA301979,PRIOR_AUTH,-0.20690184105911402,0,28.849999999999998
PA301477,PRIOR_AUTH,-0.15342304958106495,0,56.89999999999999
PA301608,PRIOR_AUTH,-0.03446919984220276,0,94.55
PA301588,PRIOR_AUTH,-0.12986145766726448,0,66.3
PA300077,PRIOR_AUTH,-0.23930837623471318,0,7.575
PA300130,PRIOR_AUTH,-0.04017033571351947,0,93.35
PA300858,PRIOR_AUTH,-0.014585822937854487,0,97.25
PA300886,PRIOR_AUTH,-0.025541386390216747,0,95.3
PA301018,PRIOR_AUTH,-0.21818692072039997,0,22.975
PA300377,PRIOR_AUTH,-0.018638811926128818,0,96.475
PA301803,PRIOR_AUTH,-0.05993627228570386,0,89.05
PA301230,PRIOR_AUTH,-0.2441936962673913,0,4.324999999999999
PA301448,PRIOR_AUTH,-0.06316556958497,0,88.14999999999999
PA300165,PRIOR_AUTH,-0.18992192487955756,0,38.85
PA301069,PRIOR_AUTH,-0.20339499079377055,0,30.975
PA301356,PRIOR_AUTH,-0.2068385069697517,0,28.9
PA300454,PRIOR_AUTH,-0.18355401890152745,0,42.449999999999996
PA301759,PRIOR_AUTH,-0.1708807790681055,0,47.825
PA300141,PRIOR_AUTH,-0.18077889245531048,0,43.35
PA300155,PRIOR_AUTH,-0.24932321804365076,0,1.0999999999999999
PA300648,PRIOR_AUTH,-0.1779046171135783,0,44.85
PA301336,PRIOR_AUTH,-0.011546589455375567,0,97.65
PA300291,PRIOR_AUTH,-0.09617727755583383,0,79.25
PA300156,PRIOR_AUTH,-0.1359900112318989,0,62.74999999999999
PA301270,PRIOR_AUTH,-0.1912908788286155,0,37.75
PA300295,PRIOR_AUTH,-0.12050774417761068,0,70.6
PA300893,PRIOR_AUTH,-0.09839823776107526,0,78.60000000000001
PA301735,PRIOR_AUTH,-0.12942301363121395,0,66.60000000000001
PA300052,PRIOR_AUTH,-0.20141871750620244,0,32.0
PA301262,PRIOR_AUTH,-0.06753286830431815,0,87.4
PA300779,PRIOR_AUTH,-0.16700960286808214,0,49.55
PA300681,PRIOR_AUTH,-0.2175071977907273,0,23.45
PA300435,PRIOR_AUTH,-0.21646554080921615,0,24.15
PA300869,PRIOR_AUTH,-0.22458231361513165,0,17.65
PA300193,PRIOR_AUTH,-0.18575210124642444,0,40.949999999999996
PA300618,PRIOR_AUTH,-0.24819379249219647,0,1.9
PA301290,PRIOR_AUTH,-0.16004465898631276,0,53.2
PA301272,PRIOR_AUTH,-0.25019396187808846,0,0.4
PA300631,PRIOR_AUTH,-0.2506302709494718,0,0.27499999999999997
PA300284,PRIOR_AUTH,-0.22191660076089548,0,20.125
PA300483,PRIOR_AUTH,-0.09431360081649354,0,79.925
PA301975,PRIOR_AUTH,-0.14927126151625292,0,58.275
PA301616,PRIOR_AUTH,-0.16199916774152667,0,52.349999999999994
PA301767,PRIOR_AUTH,-0.24528310796958014,0,3.375
PA300512,PRIOR_AUTH,-0.06676085340351401,0,87.55
PA301058,PRIOR_AUTH,-0.17437220005821202,0,46.150000000000006
PA300475,PRIOR_AUTH,-0.12405103649153637,0,69.475
PA301563,PRIOR_AUTH,-0.19358463545432147,0,36.425000000000004
PA301134,PRIOR_AUTH,-0.12748563722648737,0,67.77499999999999
PA301517,PRIOR_AUTH,-0.08016583377013498,0,84.7
PA301266,PRIOR_AUTH,-0.1274817660380984,0,67.9
PA301628,PRIOR_AUTH,-0.1710483892306775,0,47.599999999999994
PA301363,PRIOR_AUTH,-0.2438341893405363,0,4.625
PA300039,PRIOR_AUTH,-0.12405103649153637,0,69.475
PA301601,PRIOR_AUTH,-0.1974327086674071,0,34.150000000000006
PA301349,PRIOR_AUTH,-0.10738200907787787,0,75.35
PA301030,PRIOR_AUTH,-0.19968741157925735,0,33.15
PA300534,PRIOR_AUTH,-0.12129404838234914,0,70.15
PA300285,PRIOR_AUTH,-0.21696155836768005,0,23.65
PA301542,PRIOR_AUTH,-0.1184300147868812,0,71.775
PA300872,PRIOR_AUTH,-0.12676984356966348,0,68.30000000000001
PA301869,PRIOR_AUTH,-0.1580921859266805,0,54.2
PA301216,PRIOR_AUTH,-0.08376606664874398,0,82.95
PA301987,PRIOR_AUTH,-0.18355834641532454,0,42.4
PA301991,PRIOR_AUTH,-0.16686907810586082,0,49.65
PA300948,PRIOR_AUTH,-0.10354362384062377,0,76.6
PA300123,PRIOR_AUTH,-0.2199929571409986,0,21.5
PA300989,PRIOR_AUTH,-0.1536366798095009,0,56.8
PA301013,PRIOR_AUTH,-0.17663654196088063,0,45.475
PA300644,PRIOR_AUTH,-0.15684981908758927,0,55.2
PA300707,PRIOR_AUTH,-0.18462564651727914,0,41.65
PA301121,PRIOR_AUTH,-0.2266136650702234,0,15.6
PA301852,PRIOR_AUTH,-0.11317994525152608,0,73.075
PA300770,PRIOR_AUTH,-0.2057113651833281,0,29.4
PA300531,PRIOR_AUTH,-0.2381914448556574,0,8.275
PA301676,PRIOR_AUTH,-0.08658609866590605,0,82.15
PA300205,PRIOR_AUTH,-0.19642892990646144,0,34.825
PA301032,PRIOR_AUTH,-0.24819379249219647,0,1.9
PA301366,PRIOR_AUTH,-0.1554309329990763,0,56.275
PA300528,PRIOR_AUTH,-0.19689832360922543,0,34.4
PA301988,PRIOR_AUTH,-0.21039496887383308,0,27.525
PA301659,PRIOR_AUTH,-0.1416368385725011,0,60.5
PA300368,PRIOR_AUTH,-0.11293774731810535,0,73.2
PA301717,PRIOR_AUTH,-0.08860284013408826,0,81.6
PA300105,PRIOR_AUTH,-0.17689867584077346,0,45.300000000000004
PA301545,PRIOR_AUTH,-0.24464164880349154,0,3.8249999999999997
PA301490,PRIOR_AUTH,-0.09987873665512137,0,77.925
PA300715,PRIOR_AUTH,-0.1894820805017669,0,39.25
PA301961,PRIOR_AUTH,-0.039574017107161796,0,93.55
PA301033,PRIOR_AUTH,-0.03987942653323284,0,93.4
PA300931,PRIOR_AUTH,-0.21501611912498747,0,25.7
PA301816,PRIOR_AUTH,-0.24060904508134218,0,6.0249999999999995
PA300968,PRIOR_AUTH,-0.1901253354302317,0,38.6
PA300430,PRIOR_AUTH,-0.24329891838902246,0,5.025
PA301530,PRIOR_AUTH,-0.17988757154026497,0,43.824999999999996
PA301894,PRIOR_AUTH,-0.2361734364161907,0,10.125
PA301620,PRIOR_AUTH,-0.1115042188509221,0,73.85000000000001
PA301111,PRIOR_AUTH,-0.24205550434603723,0,5.45
PA301281,PRIOR_AUTH,-0.03135494760942903,0,94.8
PA301082,PRIOR_AUTH,-0.0409196350957336,0,93.30000000000001
PA301578,PRIOR_AUTH,-0.06795773689483309,0,87.25
PA301380,PRIOR_AUTH,-0.055353833805444896,0,89.8
PA301986,PRIOR_AUTH,-0.19519959246197804,0,35.449999999999996
PA301201,PRIOR_AUTH,-0.13338711540074766,0,64.375
PA301955,PRIOR_AUTH,-0.2078314980760927,0,28.349999999999998
PA301711,PRIOR_AUTH,-0.012853434374734518,0,97.52499999999999
PA300773,PRIOR_AUTH,-0.18701809172934752,0,40.5
PA301539,PRIOR_AUTH,-0.1350515128425176,0,63.14999999999999
PA301648,PRIOR_AUTH,-0.08211099178743286,0,83.65
PA300150,PRIOR_AUTH,-0.1854742262883114,0,41.099999999999994
PA301352,PRIOR_AUTH,-0.2069135087432012,0,28.799999999999997
PA300999,PRIOR_AUTH,-0.04120690690849871,0,93.15
PA301909,PRIOR_AUTH,-0.07269175328849053,0,85.85000000000001
PA300600,PRIOR_AUTH,-0.14115724340803515,0,60.6
PA300710,PRIOR_AUTH,-0.1400374509649865,0,60.925
PA300441,PRIOR_AUTH,-0.17787917468384196,0,44.95
PA301598,PRIOR_AUTH,-0.24962958081580516,0,0.8500000000000001
PA300611,PRIOR_AUTH,-0.20005138865025457,0,32.9
PA300590,PRIOR_AUTH,-0.17738261340996675,0,45.15
PA300126,PRIOR_AUTH,-0.05102472923614776,0,90.95
PA301489,PRIOR_AUTH,-0.2026761341371131,0,31.45
PA301896,PRIOR_AUTH,-0.0840513239851739,0,82.85
PA300965,PRIOR_AUTH,-0.13338711540074766,0,64.375
PA301423,PRIOR_AUTH,-0.14371218903443844,0,59.550000000000004
PA301627,PRIOR_AUTH,-0.17031037658911213,0,48.075
PA301860,PRIOR_AUTH,-0.2026989484066743,0,31.4
PA300380,PRIOR_AUTH,-0.20048674535709815,0,32.5
PA301586,PRIOR_AUTH,-0.23927956747126156,0,7.675
PA301532,PRIOR_AUTH,-0.2190657560233477,0,22.25
PA300814,PRIOR_AUTH,-0.1271747473780775,0,68.2
PA300088,PRIOR_AUTH,-0.16229681027552195,0,52.05
PA300834,PRIOR_AUTH,-0.022535257756609695,0,96.1
PA301893,PRIOR_AUTH,0.016542501444730462,1,99.2
PA300367,PRIOR_AUTH,-0.22191660076089548,0,20.125
PA301551,PRIOR_AUTH,-0.23941390678334046,0,7.1
PA301048,PRIOR_AUTH,-0.06085589925807977,0,88.75
PA300090,PRIOR_AUTH,-0.1274817660380984,0,67.9
PA300660,PRIOR_AUTH,-0.2251597584733495,0,17.1
PA300252,PRIOR_AUTH,-0.18319041298678795,0,42.825
PA301223,PRIOR_AUTH,-0.09532076573542736,0,79.60000000000001
PA301782,PRIOR_AUTH,-0.10239489919406808,0,77.35
PA300658,PRIOR_AUTH,-0.15671556260884312,0,55.35
PA300653,PRIOR_AUTH,-0.14705213377419685,0,58.875
PA301773,PRIOR_AUTH,-0.08376606664874398,0,82.95
PA301761,PRIOR_AUTH,-0.22437370896938036,0,17.849999999999998
PA300742,PRIOR_AUTH,-0.15282891357635076,0,57.099999999999994
PA300984,PRIOR_AUTH,-0.10936463796098828,0,74.47500000000001
PA300895,PRIOR_AUTH,0.0016514459969968476,1,98.2
PA300340,PRIOR_AUTH,-0.1634179369449213,0,51.6
PA300488,PRIOR_AUTH,-0.20018612608841335,0,32.75
PA301823,PRIOR_AUTH,-0.24833569059524885,0,1.775
PA300476,PRIOR_AUTH,-0.216547277986327,0,24.075
PA301706,PRIOR_AUTH,-0.15740637239551641,0,54.900000000000006
PA301314,PRIOR_AUTH,-0.12491445331492079,0,69.05
PA300552,PRIOR_AUTH,-0.17802462677949366,0,44.55
PA301945,PRIOR_AUTH,-0.1876401470910839,0,40.150000000000006
PA301307,PRIOR_AUTH,-0.1901688830508797,0,38.5
PA301026,PRIOR_AUTH,0.024584598751782538,1,99.325
PA301299,PRIOR_AUTH,-0.16217686311171603,0,52.225
PA300078,PRIOR_AUTH,-0.23933944273776492,0,7.425
PA300719,PRIOR_AUTH,-0.17353301019408102,0,46.45
PA300732,PRIOR_AUTH,-0.11609556602229343,0,72.15
PA300426,PRIOR_AUTH,-0.13330438884891066,0,64.7
PA300852,PRIOR_AUTH,-0.23922545416444718,0,7.825
PA300963,PRIOR_AUTH,-0.21773011827679278,0,23.3
PA301003,PRIOR_AUTH,-0.15682878052440768,0,55.25
PA301755,PRIOR_AUTH,-0.19239261248356349,0,37.15
PA301928,PRIOR_AUTH,-0.043508524105832946,0,92.60000000000001
PA301681,PRIOR_AUTH,-0.11848255502697708,0,71.675
PA301214,PRIOR_AUTH,-0.11506001550792544,0,72.35000000000001
PA301656,PRIOR_AUTH,-0.16524509589992203,0,50.9
PA300460,PRIOR_AUTH,-0.22874780729622046,0,14.6
PA300324,PRIOR_AUTH,-0.25014612104310635,0,0.575
PA300271,PRIOR_AUTH,-0.13816026863180825,0,61.575
PA300689,PRIOR_AUTH,-0.10951177588559158,0,74.35000000000001
PA301291,PRIOR_AUTH,-0.09431360081649354,0,79.925
PA300598,PRIOR_AUTH,-0.20546984193322532,0,29.65
PA300667,PRIOR_AUTH,-0.24533735173128335,0,3.2750000000000004
PA301257,PRIOR_AUTH,-0.12920440739075256,0,66.75
PA301274,PRIOR_AUTH,-0.08956934811362416,0,81.3
PA301328,PRIOR_AUTH,-0.16131648090868944,0,52.6
PA300759,PRIOR_AUTH,-0.04508264158118891,0,92.05
PA301629,PRIOR_AUTH,-0.035131512066402526,0,94.3
PA300278,PRIOR_AUTH,-0.1933351572017633,0,36.525
PA300624,PRIOR_AUTH,-0.1317458286388703,0,65.47500000000001
PA300089,PRIOR_AUTH,-0.14294898388387456,0,59.85
PA301181,PRIOR_AUTH,-0.2108412903806735,0,27.35
PA300388,PRIOR_AUTH,-0.059173802518548424,0,89.3
PA300628,PRIOR_AUTH,-0.2307262216648443,0,13.5
PA300458,PRIOR_AUTH,-0.02827746856259805,0,95.0
PA300735,PRIOR_AUTH,-0.13738372657150133,0,62.125
PA300194,PRIOR_AUTH,-0.1746235772783381,0,46.0
PA301839,PRIOR_AUTH,-0.10676922100798059,0,75.8
PA301702,PRIOR_AUTH,-0.06710195246151585,0,87.47500000000001
PA301770,PRIOR_AUTH,-0.2441936962673913,0,4.324999999999999
PA300453,PRIOR_AUTH,-0.15917927239193702,0,53.7
PA301401,PRIOR_AUTH,-0.21970261682077608,0,21.7
PA301424,PRIOR_AUTH,-0.18758324465718385,0,40.2
PA300152,PRIOR_AUTH,-0.21602451436468134,0,24.6
PA301739,PRIOR_AUTH,-0.09074802053057718,0,80.95
PA300937,PRIOR_AUTH,-0.1360418632197139,0,62.7
PA300995,PRIOR_AUTH,-0.22196732948782122,0,20.05
PA300226,PRIOR_AUTH,-0.0730448774687964,0,85.75
PA301973,PRIOR_AUTH,-0.05512400572463061,0,89.875
PA301170,PRIOR_AUTH,-0.1454630564572333,0,59.099999999999994
PA300906,PRIOR_AUTH,-0.018638811926128818,0,96.475
PA300177,PRIOR_AUTH,-0.17369812158388032,0,46.35
PA301302,PRIOR_AUTH,-0.19482035816308174,0,35.725
PA300591,PRIOR_AUTH,-0.20367072463032349,0,30.775000000000002
PA300437,PRIOR_AUTH,-0.0238906495833352,0,95.7
PA301219,PRIOR_AUTH,-0.22699481378722125,0,15.5
PA300767,PRIOR_AUTH,-0.1447984840816497,0,59.375
PA301019,PRIOR_AUTH,-0.2125377275333286,0,26.724999999999998
PA301850,PRIOR_AUTH,-0.15998442812101427,0,53.25
PA301718,PRIOR_AUTH,-0.10692461951194188,0,75.7
PA301525,PRIOR_AUTH,-0.09134723468231543,0,80.7
PA300396,PRIOR_AUTH,-0.20757830448540382,0,28.449999999999996
PA301192,PRIOR_AUTH,-0.06287492701882402,0,88.3
PA301014,PRIOR_AUTH,-0.17138080747955758,0,47.5
PA300795,PRIOR_AUTH,-0.158507306935129,0,53.949999999999996
PA300539,PRIOR_AUTH,-0.23283728689352645,0,11.85
PA300905,PRIOR_AUTH,-0.10856193761019184,0,75.05
PA300262,PRIOR_AUTH,-0.15046646929716234,0,57.775
PA300364,PRIOR_AUTH,-0.15020264057740784,0,57.85
PA301300,PRIOR_AUTH,-0.1780062697949995,0,44.675
PA301595,PRIOR_AUTH,-0.08212652197593795,0,83.6
PA300616,PRIOR_AUTH,-0.24978381478117284,0,0.8
PA301113,PRIOR_AUTH,-0.09919493166445847,0,78.425
PA300066,PRIOR_AUTH,-0.16073975312613037,0,52.949999999999996
PA301607,PRIOR_AUTH,-0.19514106966451772,0,35.5
PA301112,PRIOR_AUTH,-0.08756095696763233,0,81.8
PA300159,PRIOR_AUTH,-0.19716041966557823,0,34.2
PA300231,PRIOR_AUTH,-0.1981695138270695,0,33.95
PA300967,PRIOR_AUTH,-0.1780062697949995,0,44.675
PA301708,PRIOR_AUTH,-0.22602872589765888,0,16.1
PA300106,PRIOR_AUTH,-0.25014612104310635,0,0.575
PA301416,PRIOR_AUTH,-0.15929596459692963,0,53.65
PA301073,PRIOR_AUTH,-0.17191393599301602,0,47.15
PA301171,PRIOR_AUTH,-0.16517407588787986,0,50.949999999999996
PA301856,PRIOR_AUTH,-0.18886008356922407,0,39.45
PA301067,PRIOR_AUTH,-0.2190657560233477,0,22.25
PA300670,PRIOR_AUTH,-0.12817096325122707,0,67.05
PA301289,PRIOR_AUTH,0.03203706460201938,1,99.5
PA300977,PRIOR_AUTH,-0.11578749324136028,0,72.25
PA301049,PRIOR_AUTH,-0.12526802953785976,0,68.8
PA301126,PRIOR_AUTH,-0.09602860709600636,0,79.3
PA300953,PRIOR_AUTH,-0.19089631134574503,0,38.1
PA300003,PRIOR_AUTH,-0.10279623062820753,0,76.875
PA301238,PRIOR_AUTH,-0.22631914354345883,0,15.65
PA301412,PRIOR_AUTH,-0.24464615284893626,0,3.6999999999999997
PA301429,PRIOR_AUTH,-0.08897144132347534,0,81.45
PA300385,PRIOR_AUTH,-0.2223036202161054,0,19.625
PA301573,PRIOR_AUTH,-0.14244472515237222,0,60.0
PA301333,PRIOR_AUTH,-0.19168402627939024,0,37.55
PA301408,PRIOR_AUTH,-0.19524931615173835,0,35.35
PA301277,PRIOR_AUTH,-0.20781324265138063,0,28.4
PA301971,PRIOR_AUTH,-0.1928304614156523,0,36.75
PA300609,PRIOR_AUTH,-0.009851412791073266,0,97.7
PA300943,PRIOR_AUTH,-0.13619967894475937,0,62.5
PA300132,PRIOR_AUTH,-0.2286378963508921,0,14.799999999999999
PA300746,PRIOR_AUTH,-0.13816026863180825,0,61.575
PA300985,PRIOR_AUTH,-0.11959082197653159,0,71.39999999999999
PA301327,PRIOR_AUTH,-0.187140793071422,0,40.45
PA301953,PRIOR_AUTH,-0.21602913175887295,0,24.474999999999998
PA300547,PRIOR_AUTH,-0.03622534013448209,0,94.1
PA301359,PRIOR_AUTH,-0.20348397051136952,0,30.9
PA300323,PRIOR_AUTH,-0.18482537214983408,0,41.5
PA301145,PRIOR_AUTH,-0.15582782093865483,0,55.900000000000006
PA300588,PRIOR_AUTH,-0.2185900167399189,0,22.6
PA300748,PRIOR_AUTH,-0.09332849431667578,0,80.4
PA301454,PRIOR_AUTH,-0.23065410314306306,0,13.55
PA300175,PRIOR_AUTH,-0.194913587539981,0,35.6
PA301672,PRIOR_AUTH,-0.20153669552786152,0,31.85
PA301883,PRIOR_AUTH,-0.2478170704986849,0,2.3
PA300517,PRIOR_AUTH,-0.09926766285523447,0,78.225
PA301528,PRIOR_AUTH,-0.2179921058372653,0,23.1
PA301264,PRIOR_AUTH,-0.23316873044641262,0,11.65
PA301843,PRIOR_AUTH,-0.19544824197621447,0,35.125
PA301722,PRIOR_AUTH,-0.15881724466589042,0,53.87499999999999
PA300686,PRIOR_AUTH,-0.11722834067370902,0,71.89999999999999
PA301078,PRIOR_AUTH,-0.15805013698799475,0,54.400000000000006
PA301439,PRIOR_AUTH,-0.11333094448064851,0,73.0
PA300190,PRIOR_AUTH,-0.24946206019935446,0,0.95
PA301265,PRIOR_AUTH,-0.13150196519477858,0,65.75
PA301153,PRIOR_AUTH,-0.14240432520726148,0,60.050000000000004
PA300172,PRIOR_AUTH,-0.18873399848050565,0,39.65
PA301908,PRIOR_AUTH,-0.21089680454471965,0,27.3
PA301326,PRIOR_AUTH,-0.23964690850601372,0,6.9
PA300389,PRIOR_AUTH,-0.19449720961791472,0,35.9
PA301207,PRIOR_AUTH,-0.18554405780635963,0,41.05
PA301640,PRIOR_AUTH,-0.2126643993206186,0,26.625
PA300712,PRIOR_AUTH,-0.2004599363927418,0,32.574999999999996
PA300515,PRIOR_AUTH,-0.23985987065557407,0,6.625
PA301473,PRIOR_AUTH,-0.20375920825013427,0,30.675
PA300525,PRIOR_AUTH,-0.16081290448050267,0,52.800000000000004
PA300668,PRIOR_AUTH,-0.17714455231991932,0,45.25
PA300357,PRIOR_AUTH,-0.24890413358861757,0,1.3
PA301457,PRIOR_AUTH,-0.2014278795827279,0,31.900000000000002
PA300245,PRIOR_AUTH,-0.04683945262000011,0,91.55
PA301433,PRIOR_AUTH,-0.20157137879412207,0,31.8
PA301846,PRIOR_AUTH,-0.1954124980624793,0,35.25
PA301634,PRIOR_AUTH,-0.1072867198123918,0,75.44999999999999
PA301381,PRIOR_AUTH,-0.23325030083102094,0,11.375
PA301027,PRIOR_AUTH,-0.23683862600326505,0,9.35
PA301342,PRIOR_AUTH,-0.10604452108907436,0,76.02499999999999
PA300503,PRIOR_AUTH,-0.08746380415120958,0,81.875
PA300542,PRIOR_AUTH,-0.07512439590275932,0,85.375
PA300072,PRIOR_AUTH,-0.18369325935583336,0,42.3
PA300232,PRIOR_AUTH,-0.22602872589765888,0,16.1
PA301938,PRIOR_AUTH,-0.22144424077331165,0,20.7
PA300792,PRIOR_AUTH,-0.2164272174511242,0,24.2
PA300480,PRIOR_AUTH,-0.046153930906484564,0,91.75
PA300763,PRIOR_AUTH,-0.23316873044641262,0,11.65
PA300673,PRIOR_AUTH,-0.0630988689411387,0,88.2
PA301392,PRIOR_AUTH,-0.025222979144422064,0,95.475
PA301731,PRIOR_AUTH,-0.06086557250879976,0,88.7
PA300910,PRIOR_AUTH,-0.0440314536308104,0,92.35
PA301554,PRIOR_AUTH,-0.023203464632829074,0,95.95
PA301446,PRIOR_AUTH,-0.22769116079476343,0,15.275
PA300998,PRIOR_AUTH,-0.18966910707416057,0,39.175
PA301411,PRIOR_AUTH,-0.14174053450528612,0,60.375
PA300678,PRIOR_AUTH,-0.22769429901320565,0,15.174999999999999
PA300672,PRIOR_AUTH,-0.1741957473455446,0,46.300000000000004
PA300559,PRIOR_AUTH,-0.01789096247616062,0,96.55
PA300236,PRIOR_AUTH,-0.19983875482472613,0,33.074999999999996
PA300134,PRIOR_AUTH,-0.19358481936455424,0,36.35
PA301788,PRIOR_AUTH,-0.1317458286388703,0,65.47500000000001
PA301202,PRIOR_AUTH,-0.17353373431222652,0,46.400000000000006
PA301622,PRIOR_AUTH,-0.1569466510004876,0,55.125
PA300387,PRIOR_AUTH,-0.1078965497191261,0,75.2
PA300639,PRIOR_AUTH,-0.14927126151625292,0,58.275
PA301559,PRIOR_AUTH,-0.17091682263113028,0,47.75
PA300939,PRIOR_AUTH,-0.10279623062820753,0,76.875
PA300971,PRIOR_AUTH,-0.06986682991425708,0,86.65
PA300783,PRIOR_AUTH,-0.15756494335381155,0,54.7
PA300333,PRIOR_AUTH,-0.1923845919306097,0,37.25
PA301278,PRIOR_AUTH,-0.09884903136279455,0,78.5
PA300197,PRIOR_AUTH,-0.23342332176756825,0,11.175
PA300119,PRIOR_AUTH,-0.1720861487132293,0,46.949999999999996
PA300448,PRIOR_AUTH,-0.24707575924504938,0,2.55
PA300386,PRIOR_AUTH,-0.15774979472620232,0,54.6
PA301743,PRIOR_AUTH,-0.07133312062890407,0,86.25
PA301567,PRIOR_AUTH,-0.22398123559456512,0,18.224999999999998
PA300122,PRIOR_AUTH,-0.1944019148925657,0,36.0
PA300244,PRIOR_AUTH,-0.23933944273776492,0,7.425
PA301663,PRIOR_AUTH,-0.1708376039840993,0,47.9
PA300489,PRIOR_AUTH,-0.20084560960773712,0,32.375
PA300374,PRIOR_AUTH,-0.23964690850601372,0,6.9
PA301865,PRIOR_AUTH,-0.012853434374734518,0,97.52499999999999
PA301814,PRIOR_AUTH,-0.2256455586973009,0,16.75
PA300567,PRIOR_AUTH,-0.23213285708213194,0,12.075
PA301668,PRIOR_AUTH,-0.19912439872240478,0,33.300000000000004
PA301990,PRIOR_AUTH,-0.18769267232136466,0,40.1
PA301436,PRIOR_AUTH,-0.1400374509649865,0,60.925
PA300290,PRIOR_AUTH,-0.10279623062820753,0,76.875
PA301812,PRIOR_AUTH,-0.20397642571553243,0,30.4
PA300738,PRIOR_AUTH,-0.08505032056954764,0,82.45
PA300676,PRIOR_AUTH,-0.17663654196088063,0,45.475
PA300573,PRIOR_AUTH,-0.19572376336327624,0,35.0
PA300091,PRIOR_AUTH,-0.12050774417761068,0,70.6
PA301077,PRIOR_AUTH,-0.16956126211235134,0,48.325
PA300513,PRIOR_AUTH,-0.20069641813346856,0,32.45
PA300198,PRIOR_AUTH,-0.07158794300128657,0,86.2
PA300022,PRIOR_AUTH,-0.2233239564167413,0,18.6
PA300708,PRIOR_AUTH,-0.23752096108952586,0,8.725
PA301926,PRIOR_AUTH,-0.17200978293739605,0,47.075
PA301122,PRIOR_AUTH,-0.14275321003463176,0,59.95
PA300853,PRIOR_AUTH,-0.21501611912498747,0,25.7
PA301992,PRIOR_AUTH,-0.20556377493308764,0,29.549999999999997
PA301379,PRIOR_AUTH,-0.1807474816697623,0,43.4
PA300698,PRIOR_AUTH,-0.11114959907309674,0,74.05000000000001
PA301637,PRIOR_AUTH,-0.20543382536767052,0,29.7
PA301854,PRIOR_AUTH,-0.11855536361317065,0,71.6
PA301434,PRIOR_AUTH,-0.20339499079377055,0,30.975
PA301575,PRIOR_AUTH,-0.20176823882745826,0,31.75
PA301817,PRIOR_AUTH,-0.19008807324978433,0,38.800000000000004
PA300224,PRIOR_AUTH,-0.20915696771923503,0,27.800000000000004
PA301982,PRIOR_AUTH,-0.20618553567247555,0,29.049999999999997
PA301149,PRIOR_AUTH,-0.2290142234269641,0,14.45
PA300632,PRIOR_AUTH,-0.05576941995161577,0,89.75
PA301910,PRIOR_AUTH,-0.2251597584733495,0,17.1
PA301603,PRIOR_AUTH,-0.07419664636280199,0,85.5
PA301059,PRIOR_AUTH,0.007797425383154422,1,98.75
PA301701,PRIOR_AUTH,-0.19822309333527127,0,33.825
PA301515,PRIOR_AUTH,-0.07164353531519452,0,86.15
PA300549,PRIOR_AUTH,-0.22811761482209597,0,14.95
PA300334,PRIOR_AUTH,-0.06363033315011124,0,88.1
PA301475,PRIOR_AUTH,-0.21607116902175022,0,24.4
PA300973,PRIOR_AUTH,-0.23444782876377646,0,10.75
PA300395,PRIOR_AUTH,-0.11262967492122544,0,73.52499999999999
PA301246,PRIOR_AUTH,-0.24060904508134218,0,6.0249999999999995
PA300016,PRIOR_AUTH,-0.2381914448556574,0,8.275
PA300798,PRIOR_AUTH,-0.23140371300932794,0,13.125
PA301516,PRIOR_AUTH,-0.08076443500079977,0,84.375
PA301229,PRIOR_AUTH,-0.22198590040866722,0,19.975
PA301135,PRIOR_AUTH,-0.13738372657150133,0,62.125
PA301842,PRIOR_AUTH,-0.016359871537970916,0,96.85000000000001
PA300314,PRIOR_AUTH,-0.18237829942530404,0,43.0
PA301075,PRIOR_AUTH,-0.13899815705593105,0,61.25000000000001
PA300941,PRIOR_AUTH,-0.21565273784737793,0,25.275
PA300725,PRIOR_AUTH,-0.243350930344702,0,4.9
PA300955,PRIOR_AUTH,-0.12371883476487722,0,69.55
PA300882,PRIOR_AUTH,-0.06189041132098194,0,88.55
PA301231,PRIOR_AUTH,-0.1400374509649865,0,60.925
PA300037,PRIOR_AUTH,-0.012853434374734518,0,97.52499999999999
PA300298,PRIOR_AUTH,-0.07298651627074426,0,85.8
PA301858,PRIOR_AUTH,-0.09602441599895517,0,79.375
PA300120,PRIOR_AUTH,-0.1846370278215554,0,41.55
PA301875,PRIOR_AUTH,-0.11462644433979141,0,72.55
PA300677,PRIOR_AUTH,-0.18757005638534158,0,40.300000000000004
PA301630,PRIOR_AUTH,-0.07047112035598346,0,86.4
PA301666,PRIOR_AUTH,-0.22198590040866722,0,19.975
PA300935,PRIOR_AUTH,-0.15644528952117998,0,55.75
PA301190,PRIOR_AUTH,-0.21409710635407886,0,25.974999999999998
PA300891,PRIOR_AUTH,-0.23844086689163668,0,8.05
PA300608,PRIOR_AUTH,-0.17988757154026497,0,43.824999999999996
PA301804,PRIOR_AUTH,-0.09706935386258664,0,78.975
PA301664,PRIOR_AUTH,-0.16502088182420188,0,51.1
PA301815,PRIOR_AUTH,-0.2060994586424293,0,29.099999999999998
PA301329,PRIOR_AUTH,-0.16859410689984694,0,48.65
PA301488,PRIOR_AUTH,-0.06019509876560625,0,88.9
PA301421,PRIOR_AUTH,-0.16599136268491438,0,50.55
PA301243,PRIOR_AUTH,-0.12453024451947609,0,69.15
PA300050,PRIOR_AUTH,-0.18547399583386065,0,41.15
PA301200,PRIOR_AUTH,0.036119292942808134,1,99.65
PA300983,PRIOR_AUTH,0.007797874846707131,1,98.8
PA301557,PRIOR_AUTH,-0.019547342950898217,0,96.35000000000001
PA300020,PRIOR_AUTH,-0.23316873044641262,0,11.65
PA300292,PRIOR_AUTH,-0.2438341893405363,0,4.625
PA300841,PRIOR_AUTH,-0.2134204898600755,0,26.474999999999998
PA300086,PRIOR_AUTH,-0.1767666527066007,0,45.35
PA300830,PRIOR_AUTH,-0.02165945952713244,0,96.175
PA300752,PRIOR_AUTH,-0.22272316118137786,0,19.2
PA300494,PRIOR_AUTH,-0.12762438984228275,0,67.7
PA300210,PRIOR_AUTH,-0.04125727310011962,0,93.10000000000001
PA300085,PRIOR_AUTH,-0.1259932509898785,0,68.5
PA300638,PRIOR_AUTH,-0.17171052388955999,0,47.25
PA301005,PRIOR_AUTH,-0.050305578649708194,0,91.07499999999999
PA301383,PRIOR_AUTH,-0.15563212038704355,0,56.074999999999996
PA300365,PRIOR_AUTH,-0.13338711540074766,0,64.375
PA301685,PRIOR_AUTH,-0.1260525859108087,0,68.45
PA300580,PRIOR_AUTH,-0.1300489361402158,0,66.175
PA300692,PRIOR_AUTH,-0.1383178198299831,0,61.3
PA300606,PRIOR_AUTH,-0.1708807790681055,0,47.825
PA301010,PRIOR_AUTH,-0.19689832360922543,0,34.4
PA300154,PRIOR_AUTH,-0.24814954399746042,0,2.0500000000000003
PA301172,PRIOR_AUTH,-0.19568347250278367,0,35.05
PA300958,PRIOR_AUTH,-0.15671556260884312,0,55.35
PA300859,PRIOR_AUTH,-0.16676982955903097,0,49.85
PA301535,PRIOR_AUTH,-0.23613125535728707,0,10.2
PA301959,PRIOR_AUTH,-0.06292237635148734,0,88.25
PA300429,PRIOR_AUTH,-0.22778461874516626,0,15.049999999999999
PA301034,PRIOR_AUTH,-0.1424037138394893,0,60.099999999999994
PA301432,PRIOR_AUTH,-0.15501078082301534,0,56.49999999999999
PA301308,PRIOR_AUTH,-0.15656514204965483,0,55.65
PA301244,PRIOR_AUTH,-0.13772879115267306,0,61.9
PA300259,PRIOR_AUTH,-0.1450995173273037,0,59.25
PA301116,PRIOR_AUTH,-0.039763419445540626,0,93.45
PA301780,PRIOR_AUTH,-0.08718928389106406,0,81.975
PA300145,PRIOR_AUTH,-0.15338035374941805,0,56.95
PA301205,PRIOR_AUTH,-0.24464164880349154,0,3.8249999999999997
PA301644,PRIOR_AUTH,-0.03627927039008205,0,94.0
PA301615,PRIOR_AUTH,-0.11189652156069141,0,73.7
PA301709,PRIOR_AUTH,-0.12781494696608714,0,67.55
PA301642,PRIOR_AUTH,-0.1580005690819718,0,54.449999999999996
PA301444,PRIOR_AUTH,-0.2159767205339323,0,24.775
PA301337,PRIOR_AUTH,-0.2253298883610485,0,16.900000000000002
PA300164,PRIOR_AUTH,-0.2313208230066649,0,13.200000000000001
PA301960,PRIOR_AUTH,-0.16905812203959758,0,48.4
PA301919,PRIOR_AUTH,-0.15602235830173644,0,55.800000000000004
PA300865,PRIOR_AUTH,-0.1285712573638103,0,66.875
PA301829,PRIOR_AUTH,-0.1654314218066198,0,50.74999999999999
PA300243,PRIOR_AUTH,-0.09012372304894922,0,81.15
PA301465,PRIOR_AUTH,-0.16316211474974074,0,51.74999999999999
PA300391,PRIOR_AUTH,-0.1964920398161809,0,34.699999999999996
PA301158,PRIOR_AUTH,0.05244072174008807,1,99.875
PA301376,PRIOR_AUTH,-0.2226301143685553,0,19.3
PA300108,PRIOR_AUTH,-0.22305646317636946,0,18.9
PA301041,PRIOR_AUTH,-0.22705074910167905,0,15.425
PA300880,PRIOR_AUTH,-0.1661120566194914,0,50.5
PA300477,PRIOR_AUTH,-0.22398123559456512,0,18.224999999999998
PA300102,PRIOR_AUTH,-0.183587215295146,0,42.35
PA301790,PRIOR_AUTH,-0.14835217212313756,0,58.550000000000004
PA300087,PRIOR_AUTH,-0.24587033556731058,0,3.1
PA300700,PRIOR_AUTH,-0.06766626381466745,0,87.35000000000001
PA301315,PRIOR_AUTH,-0.25014612104310635,0,0.575
PA300076,PRIOR_AUTH,-0.03433420575340673,0,94.6
PA301583,PRIOR_AUTH,-0.1528245536150289,0,57.15
PA300521,PRIOR_AUTH,-0.24816929922887032,0,2.0
PA300833,PRIOR_AUTH,-0.18820753218147174,0,39.800000000000004
PA300344,PRIOR_AUTH,-0.06544390613169604,0,87.85
PA301346,PRIOR_AUTH,-0.13422549230084813,0,63.55
PA301521,PRIOR_AUTH,-0.14799238474951976,0,58.599999999999994
PA300978,PRIOR_AUTH,-0.13764066241096662,0,62.050000000000004
PA300034,PRIOR_AUTH,-0.12841365086559958,0,67.0
PA300723,PRIOR_AUTH,-0.22608159080613377,0,15.85
PA300140,PRIOR_AUTH,-0.2251597584733495,0,17.1
PA300625,PRIOR_AUTH,-0.10279623062820753,0,76.875
PA301740,PRIOR_AUTH,-0.14316747291857918,0,59.75
PA301621,PRIOR_AUTH,-0.20403995942326608,0,30.175
PA300873,PRIOR_AUTH,-0.23396270518458528,0,10.95
PA301035,PRIOR_AUTH,-0.06500336394454831,0,87.94999999999999
PA301707,PRIOR_AUTH,-0.22398123559456512,0,18.224999999999998
PA301127,PRIOR_AUTH,-0.12064507898671756,0,70.39999999999999
PA301064,PRIOR_AUTH,-0.1779995848769349,0,44.775
PA301280,PRIOR_AUTH,-0.24407909770976893,0,4.425
PA301995,PRIOR_AUTH,-0.1285712573638103,0,66.875
PA301406,PRIOR_AUTH,-0.2378573988273135,0,8.575000000000001
PA300479,PRIOR_AUTH,-0.14032482224325127,0,60.650000000000006
PA300962,PRIOR_AUTH,0.023936263808394864,1,99.25
PA301921,PRIOR_AUTH,-0.16633600422298778,0,50.349999999999994
PA300854,PRIOR_AUTH,-0.09721523825390721,0,78.9
PA300912,PRIOR_AUTH,-0.05977695971791941,0,89.1
PA301738,PRIOR_AUTH,-0.09836234737702931,0,78.675
PA301076,PRIOR_AUTH,-0.039725495143366096,0,93.5
PA301777,PRIOR_AUTH,-0.24796805467331545,0,2.175
PA300630,PRIOR_AUTH,-0.16131648090868944,0,52.6
PA301646,PRIOR_AUTH,-0.2243535502502781,0,17.925
PA300619,PRIOR_AUTH,-0.13234765157313716,0,65.0
PA301653,PRIOR_AUTH,-0.0879807989243302,0,81.72500000000001
PA300452,PRIOR_AUTH,-0.12744863161116105,0,68.0
PA301123,PRIOR_AUTH,-0.16820230625937116,0,49.1
PA300267,PRIOR_AUTH,-0.13415174017411785,0,63.65
PA300495,PRIOR_AUTH,-0.19165794794920754,0,37.65
PA300695,PRIOR_AUTH,-0.16577872142811123,0,50.64999999999999
PA301720,PRIOR_AUTH,-0.10929940115432435,0,74.75
PA301483,PRIOR_AUTH,-0.19819846696195986,0,33.900000000000006
PA300446,PRIOR_AUTH,-0.1690172975561834,0,48.475
PA300251,PRIOR_AUTH,-0.23754352151528263,0,8.649999999999999
PA300921,PRIOR_AUTH,-0.20861078036468905,0,28.1
PA300604,PRIOR_AUTH,-0.1588738109270908,0,53.75
PA300597,PRIOR_AUTH,-0.24464164880349154,0,3.8249999999999997
PA301684,PRIOR_AUTH,-0.15959070964775435,0,53.55
PA300959,PRIOR_AUTH,-0.24006080234874666,0,6.3
PA301138,PRIOR_AUTH,-0.10403521176834196,0,76.35
PA300170,PRIOR_AUTH,-0.07216521832520995,0,86.05000000000001
PA300721,PRIOR_AUTH,-0.10906661119504879,0,74.85000000000001
PA300675,PRIOR_AUTH,-0.23271420087672057,0,11.899999999999999
PA300801,PRIOR_AUTH,-0.23325030083102094,0,11.375
PA301208,PRIOR_AUTH,-0.15743883325026736,0,54.85
PA301948,PRIOR_AUTH,-0.09735954234853184,0,78.85
PA300176,PRIOR_AUTH,-0.052962430483151746,0,90.4
PA301460,PRIOR_AUTH,-0.23989774367437794,0,6.525
PA301095,PRIOR_AUTH,-0.16535976627946214,0,50.849999999999994
PA301602,PRIOR_AUTH,-0.00884566813423393,0,97.75
PA300982,PRIOR_AUTH,-0.15301446918776973,0,57.05
PA301534,PRIOR_AUTH,-0.24678410021778135,0,2.725
PA300659,PRIOR_AUTH,-0.23316873044641262,0,11.65
PA300924,PRIOR_AUTH,-0.16074994538843046,0,52.87500000000001
PA301984,PRIOR_AUTH,-0.04775587731995079,0,91.375
PA301317,PRIOR_AUTH,-0.2189470867958626,0,22.45
PA300095,PRIOR_AUTH,0.025256928765411635,1,99.4
PA300192,PRIOR_AUTH,-0.23852835181925125,0,8.0
PA300623,PRIOR_AUTH,-0.19203335424114942,0,37.35
PA300940,PRIOR_AUTH,-0.08107417614350831,0,84.15
PA301128,PRIOR_AUTH,-0.07118007150457084,0,86.3
PA301249,PRIOR_AUTH,-0.20724013377606393,0,28.499999999999996
PA301978,PRIOR_AUTH,-0.0259097376394839,0,95.19999999999999
PA300497,PRIOR_AUTH,-0.08068292051453085,0,84.575
PA300405,PRIOR_AUTH,-0.19388767362038967,0,36.199999999999996
PA300929,PRIOR_AUTH,-0.1317458286388703,0,65.47500000000001
PA300199,PRIOR_AUTH,-0.21409710635407886,0,25.974999999999998
PA301194,PRIOR_AUTH,-0.21667612137649178,0,24.0
PA301807,PRIOR_AUTH,-0.1916725725588871,0,37.6
PA301887,PRIOR_AUTH,-0.19983875482472613,0,33.074999999999996
PA301821,PRIOR_AUTH,-0.17125305961157278,0,47.55
PA300281,PRIOR_AUTH,-0.09096150315971296,0,80.9
PA300138,PRIOR_AUTH,-0.21598382805212274,0,24.7
PA301309,PRIOR_AUTH,-0.15656514204965483,0,55.65
PA300014,PRIOR_AUTH,-0.1300489361402158,0,66.175
PA301916,PRIOR_AUTH,-0.1419567709569271,0,60.25
PA301689,PRIOR_AUTH,-0.2294352363638555,0,14.05
PA300063,PRIOR_AUTH,-0.19412609087101834,0,36.15
PA301174,PRIOR_AUTH,-0.228321605077772,0,14.899999999999999
PA300268,PRIOR_AUTH,-0.2000848084935402,0,32.800000000000004
PA300442,PRIOR_AUTH,-0.24105528937941423,0,5.7
PA301969,PRIOR_AUTH,-0.09033077932511835,0,81.05
PA300649,PRIOR_AUTH,-0.0267616715224831,0,95.15
PA301118,PRIOR_AUTH,-0.11346201348823903,0,72.925
PA301494,PRIOR_AUTH,-0.0849295824375692,0,82.5
PA301556,PRIOR_AUTH,-0.007347766485626517,0,97.82499999999999
PA301822,PRIOR_AUTH,-0.19057416213703843,0,38.3
PA301442,PRIOR_AUTH,-0.06061697640819952,0,88.8
PA301374,PRIOR_AUTH,-0.22456776131333966,0,17.75
PA300413,PRIOR_AUTH,-0.1860537534733661,0,40.675
PA301956,PRIOR_AUTH,-0.08068292051453085,0,84.575
PA300694,PRIOR_AUTH,-0.15595126685354732,0,55.85
PA301350,PRIOR_AUTH,-0.24678410021778135,0,2.725
PA301175,PRIOR_AUTH,-0.20232912272730358,0,31.65
PA300848,PRIOR_AUTH,-0.20280377623745582,0,31.3
PA301072,PRIOR_AUTH,-0.13209769747899502,0,65.10000000000001
PA301783,PRIOR_AUTH,-0.22421958263797637,0,18.0
PA301654,PRIOR_AUTH,-0.2207440672172042,0,21.25
PA300304,PRIOR_AUTH,-0.01633058149036437,0,96.89999999999999
PA300064,PRIOR_AUTH,-0.21689990577728724,0,23.799999999999997
PA301550,PRIOR_AUTH,-0.14287707560513307,0,59.9
PA301562,PRIOR_AUTH,-0.19592949488670458,0,34.949999999999996
PA301658,PRIOR_AUTH,-0.19278639752176863,0,36.825
PA300157,PRIOR_AUTH,-0.2079339294850191,0,28.299999999999997
PA301643,PRIOR_AUTH,-0.05400320396771441,0,90.25
PA300204,PRIOR_AUTH,-0.21617314462662218,0,24.25
PA301319,PRIOR_AUTH,-0.15966482672525417,0,53.474999999999994
PA300936,PRIOR_AUTH,-0.11293225434923382,0,73.25
PA300765,PRIOR_AUTH,-0.18435743290783851,0,41.9
PA301652,PRIOR_AUTH,-0.030384950050003745,0,94.85
PA300861,PRIOR_AUTH,-0.1822393243859704,0,43.05
PA301347,PRIOR_AUTH,-0.13571423600633564,0,62.8
PA301081,PRIOR_AUTH,-0.23316873044641262,0,11.65
PA300696,PRIOR_AUTH,-0.09386451079594693,0,80.10000000000001
PA300432,PRIOR_AUTH,-0.24027093525337245,0,6.2
PA301491,PRIOR_AUTH,-0.03817248138479101,0,93.89999999999999
PA300004,PRIOR_AUTH,-0.2056449013799681,0,29.45
PA301997,PRIOR_AUTH,-0.21861609705340174,0,22.525000000000002
PA300166,PRIOR_AUTH,-0.2299037220824674,0,13.750000000000002
PA301378,PRIOR_AUTH,-0.17856056818603183,0,44.35
PA300186,PRIOR_AUTH,-0.18979424936695494,0,39.050000000000004
PA300946,PRIOR_AUTH,-0.21565402400572808,0,25.124999999999996
PA301631,PRIOR_AUTH,-0.15349241505052308,0,56.85
PA301161,PRIOR_AUTH,-0.10357797817770453,0,76.55
PA300592,PRIOR_AUTH,-0.06600525097095677,0,87.7
PA300321,PRIOR_AUTH,-0.0440314536308104,0,92.35
PA301088,PRIOR_AUTH,-0.24338265974124662,0,4.8500000000000005
PA300017,PRIOR_AUTH,-0.1732249022487946,0,46.6
PA301714,PRIOR_AUTH,-0.1776995243759122,0,45.050000000000004
PA301665,PRIOR_AUTH,-0.017357358493579778,0,96.65
PA301785,PRIOR_AUTH,-0.15659716235359855,0,55.55
PA300657,PRIOR_AUTH,-0.25014612104310635,0,0.575
PA300107,PRIOR_AUTH,-0.13330438884891066,0,64.7
PA300856,PRIOR_AUTH,-0.17946551476561667,0,44.05
PA300013,PRIOR_AUTH,-0.08365347218999142,0,83.05
PA301427,PRIOR_AUTH,-0.24205550434603723,0,5.45
PA301450,PRIOR_AUTH,0.09362139478268294,1,100.0
PA301867,PRIOR_AUTH,-0.02931232468289946,0,94.95
PA300980,PRIOR_AUTH,-0.2158190183302458,0,25.0
PA300420,PRIOR_AUTH,-0.09919493166445847,0,78.425
PA301841,PRIOR_AUTH,-0.19074277597109757,0,38.224999999999994
PA301140,PRIOR_AUTH,-0.1317458286388703,0,65.47500000000001
PA301275,PRIOR_AUTH,-0.23736659500363982,0,8.825
PA301313,PRIOR_AUTH,-0.20005138865025457,0,32.9
PA300617,PRIOR_AUTH,-0.17568040375474248,0,45.800000000000004
PA300952,PRIOR_AUTH,-0.18907306516204397,0,39.35
PA300736,PRIOR_AUTH,-0.07029168819402032,0,86.5
PA301819,PRIOR_AUTH,-0.1488095942611699,0,58.4
PA301942,PRIOR_AUTH,-0.1575051650114077,0,54.775
PA300361,PRIOR_AUTH,-0.12438069357106701,0,69.27499999999999
PA301452,PRIOR_AUTH,-0.19046502360961298,0,38.35
PA301774,PRIOR_AUTH,-0.18329287177960246,0,42.625
PA300593,PRIOR_AUTH,-0.1501658806927364,0,57.9
PA300256,PRIOR_AUTH,-0.22380903476067598,0,18.4
PA301998,PRIOR_AUTH,-0.1690172975561834,0,48.475
PA301389,PRIOR_AUTH,-0.23678818516905692,0,9.45
PA300706,PRIOR_AUTH,-0.20394351858646909,0,30.55
PA300360,PRIOR_AUTH,-0.21451047716488753,0,25.85
PA300482,PRIOR_AUTH,-0.12001315211248298,0,71.25
PA300051,PRIOR_AUTH,-0.1351788630265185,0,62.849999999999994
PA300666,PRIOR_AUTH,-0.05363316078502178,0,90.35
PA300057,PRIOR_AUTH,-0.2438341893405363,0,4.625
PA300976,PRIOR_AUTH,-0.19876152217991366,0,33.5
PA300501,PRIOR_AUTH,-0.08131586186226081,0,84.1
PA301599,PRIOR_AUTH,-0.043600256151053896,0,92.5
PA301855,PRIOR_AUTH,-0.19170016585385863,0,37.5
PA301587,PRIOR_AUTH,-0.13234765157313716,0,65.0
PA301217,PRIOR_AUTH,-0.10724271259593166,0,75.575
PA300217,PRIOR_AUTH,-0.24701564213122118,0,2.625
PA301002,PRIOR_AUTH,-0.2212240061379897,0,20.9
PA300490,PRIOR_AUTH,-0.16825567031360456,0,49.05
PA301958,PRIOR_AUTH,-0.18334429698733862,0,42.55
PA300595,PRIOR_AUTH,-0.15656514204965483,0,55.65
PA300417,PRIOR_AUTH,-0.1920317292862137,0,37.4
PA300370,PRIOR_AUTH,-0.1577104558868389,0,54.65
PA301050,PRIOR_AUTH,-0.2039525967789712,0,30.475
PA301508,PRIOR_AUTH,-0.17146065905176422,0,47.449999999999996
PA300575,PRIOR_AUTH,-0.20114592819477733,0,32.25
PA301924,PRIOR_AUTH,-0.15812636201223962,0,54.1
PA301647,PRIOR_AUTH,-0.13935540142665825,0,61.199999999999996
PA301263,PRIOR_AUTH,-0.20336649553085911,0,31.075000000000003
PA300601,PRIOR_AUTH,-0.03270486075951551,0,94.75
PA300471,PRIOR_AUTH,-0.08878078378335785,0,81.55
PA301935,PRIOR_AUTH,-0.2153950370004014,0,25.5
PA300443,PRIOR_AUTH,-0.18412976677662457,0,42.05
PA301348,PRIOR_AUTH,-0.17975957874078125,0,43.95
PA300029,PRIOR_AUTH,-0.07229991419407156,0,86.0
PA300537,PRIOR_AUTH,-0.22262196432892845,0,19.400000000000002
PA300288,PRIOR_AUTH,-0.16131648090868944,0,52.6
PA301885,PRIOR_AUTH,-0.21768288335026548,0,23.375
PA301962,PRIOR_AUTH,-0.16665944393822618,0,50.05
PA301923,PRIOR_AUTH,-0.1557742059962332,0,56.00000000000001
PA301679,PRIOR_AUTH,-0.11462644433979141,0,72.55
PA301028,PRIOR_AUTH,-0.2294682086883424,0,13.975000000000001
PA300637,PRIOR_AUTH,-0.04111746541161998,0,93.2
PA301882,PRIOR_AUTH,-0.15250773705490195,0,57.35
PA300148,PRIOR_AUTH,-0.05780826101724135,0,89.425
PA300415,PRIOR_AUTH,-0.17218412902047603,0,46.9
PA300747,PRIOR_AUTH,-0.2320145021731928,0,12.3
PA300129,PRIOR_AUTH,-0.24464164880349154,0,3.8249999999999997
PA300571,PRIOR_AUTH,-0.22892096384084248,0,14.499999999999998
PA301972,PRIOR_AUTH,-0.12039121771121919,0,70.875
PA301683,PRIOR_AUTH,-0.2362703968500851,0,10.0
PA301354,PRIOR_AUTH,-0.23974660716849172,0,6.7250000000000005
PA300082,PRIOR_AUTH,-0.16308734468768865,0,51.800000000000004
PA301502,PRIOR_AUTH,-0.23204411867327346,0,12.2
PA300133,PRIOR_AUTH,-0.16317977084909452,0,51.7
PA301345,PRIOR_AUTH,-0.0007883001826657354,0,98.05
PA300341,PRIOR_AUTH,-0.21768288335026548,0,23.375
PA301124,PRIOR_AUTH,-0.24750521500820372,0,2.4
PA301051,PRIOR_AUTH,-0.1317458286388703,0,65.47500000000001
PA301463,PRIOR_AUTH,-0.19358463545432147,0,36.425000000000004
PA301686,PRIOR_AUTH,-0.2257917129219565,0,16.45
PA301548,PRIOR_AUTH,-0.11212823600836941,0,73.6
PA300161,PRIOR_AUTH,-0.21964836812282162,0,21.775
PA300269,PRIOR_AUTH,-0.22926130518963156,0,14.224999999999998
PA301186,PRIOR_AUTH,-0.12050774417761068,0,70.6
PA300860,PRIOR_AUTH,-0.22351227796466622,0,18.5
PA301752,PRIOR_AUTH,-0.22437806172619335,0,17.8
PA300234,PRIOR_AUTH,-0.025591696699645006,0,95.25
PA300901,PRIOR_AUTH,-0.23712681782616957,0,9.15
PA300179,PRIOR_AUTH,-0.1901253354302317,0,38.6
PA301579,PRIOR_AUTH,-0.09679511491855441,0,79.10000000000001
PA300693,PRIOR_AUTH,-0.22005351571816006,0,21.45
PA301395,PRIOR_AUTH,-0.18160346002426764,0,43.2
PA300160,PRIOR_AUTH,-0.10309601978868865,0,76.64999999999999
PA300596,PRIOR_AUTH,-0.2117873204676713,0,27.0
PA301455,PRIOR_AUTH,-0.17325899238939696,0,46.525
PA300478,PRIOR_AUTH,-0.21981066520188003,0,21.6
PA300868,PRIOR_AUTH,-0.03632311063630078,0,93.95
PA300680,PRIOR_AUTH,-0.22607769460916005,0,15.950000000000001
PA301590,PRIOR_AUTH,-0.1111683474975449,0,73.925
PA300645,PRIOR_AUTH,-0.24485164444975943,0,3.4750000000000005
PA300328,PRIOR_AUTH,-0.21521495021926873,0,25.6
PA301304,PRIOR_AUTH,-0.09365641543263092,0,80.30000000000001
PA301570,PRIOR_AUTH,-0.19101536773412936,0,37.95
PA300504,PRIOR_AUTH,-0.12001688546667061,0,71.175
PA301965,PRIOR_AUTH,-0.15720392550306722,0,54.949999999999996
PA300741,PRIOR_AUTH,-0.12150967208208097,0,70.1
PA301199,PRIOR_AUTH,-0.10724271259593166,0,75.575
PA300560,PRIOR_AUTH,-0.24890413358861757,0,1.3
PA300994,PRIOR_AUTH,-0.12789453894074082,0,67.325
PA300917,PRIOR_AUTH,-0.11266657033577254,0,73.425
PA300318,PRIOR_AUTH,-0.2510266359312837,0,0.1
PA301440,PRIOR_AUTH,-0.17891682672443943,0,44.25
PA300219,PRIOR_AUTH,-0.17249299810164392,0,46.800000000000004
PA301344,PRIOR_AUTH,-0.13411270972222844,0,63.824999999999996
PA301538,PRIOR_AUTH,-0.22503978871782382,0,17.349999999999998
PA300823,PRIOR_AUTH,-0.1626226417200055,0,51.949999999999996
PA301692,PRIOR_AUTH,-0.2223036202161054,0,19.625
PA300401,PRIOR_AUTH,-0.1911052606478138,0,37.85
PA301105,PRIOR_AUTH,-0.06651935659818198,0,87.6
PA301838,PRIOR_AUTH,-0.023503672059700165,0,95.775
PA300229,PRIOR_AUTH,-0.1588601459695685,0,53.800000000000004
PA300883,PRIOR_AUTH,-0.12039121771121919,0,70.875
PA301070,PRIOR_AUTH,-0.2357785525926147,0,10.299999999999999
PA300614,PRIOR_AUTH,-0.13331289403230884,0,64.60000000000001
PA301040,PRIOR_AUTH,-0.16845046082560966,0,48.875
PA300740,PRIOR_AUTH,-0.2506302709494718,0,0.27499999999999997
PA301057,PRIOR_AUTH,-0.16884629849113758,0,48.55
PA301776,PRIOR_AUTH,-0.2466984641901725,0,2.825
PA301361,PRIOR_AUTH,-0.023449350264516222,0,95.85000000000001
PA300884,PRIOR_AUTH,-0.09436319425241868,0,79.80000000000001
PA301357,PRIOR_AUTH,-0.19074277597109757,0,38.224999999999994
PA300125,PRIOR_AUTH,-0.2361734364161907,0,10.125
PA300669,PRIOR_AUTH,-0.09977842242226465,0,78.05
PA301237,PRIOR_AUTH,-0.23941390678334046,0,7.1
PA301799,PRIOR_AUTH,-0.12506346742627406,0,69.0
PA301937,PRIOR_AUTH,-0.05129253621303742,0,90.85
PA300510,PRIOR_AUTH,-0.2125377275333286,0,26.724999999999998
PA301778,PRIOR_AUTH,-0.21818692072039997,0,22.975
PA301645,PRIOR_AUTH,-0.18844552917354168,0,39.75
PA300200,PRIOR_AUTH,-0.16343786825489087,0,51.55
PA300465,PRIOR_AUTH,-0.19920254496829354,0,33.2
PA300610,PRIOR_AUTH,-0.17422171551359233,0,46.225
PA300975,PRIOR_AUTH,-0.20402237886098246,0,30.25
PA300821,PRIOR_AUTH,-0.22398123559456512,0,18.224999999999998
PA300887,PRIOR_AUTH,-0.08600480264342358,0,82.22500000000001
PA300080,PRIOR_AUTH,-0.007347766485626517,0,97.82499999999999
PA300920,PRIOR_AUTH,-0.14942213337097587,0,58.199999999999996
PA300216,PRIOR_AUTH,-0.0822961389593655,0,83.525
PA300436,PRIOR_AUTH,-0.24464037765327917,0,3.975
PA300114,PRIOR_AUTH,0.0021848394087176093,1,98.375
PA301786,PRIOR_AUTH,-0.2334051037759063,0,11.275
PA301133,PRIOR_AUTH,-0.046153930906484564,0,91.75
PA300586,PRIOR_AUTH,-0.04297561088472557,0,92.9
PA300457,PRIOR_AUTH,-0.06576265020212535,0,87.75
PA300007,PRIOR_AUTH,-0.1933351572017633,0,36.525
PA301144,PRIOR_AUTH,-0.09926766285523447,0,78.225
PA301391,PRIOR_AUTH,-0.12299108393843661,0,69.75
PA301529,PRIOR_AUTH,-0.2039525967789712,0,30.475
PA301699,PRIOR_AUTH,-0.24890031337474283,0,1.5
PA300626,PRIOR_AUTH,-0.17898242971493383,0,44.2
PA300218,PRIOR_AUTH,-0.20274384612936486,0,31.35
PA300242,PRIOR_AUTH,-0.10679064451007281,0,75.75
PA300462,PRIOR_AUTH,-0.17082908376440004,0,47.949999999999996
PA300255,PRIOR_AUTH,-0.05939993082745021,0,89.25
PA301193,PRIOR_AUTH,-0.22136012671900918,0,20.75
PA300826,PRIOR_AUTH,-0.22496072481767432,0,17.45
PA300889,PRIOR_AUTH,-0.05617118017554923,0,89.60000000000001
PA300529,PRIOR_AUTH,-0.24002719054795418,0,6.4
PA301625,PRIOR_AUTH,0.01467593802195355,1,99.05000000000001
PA300005,PRIOR_AUTH,-0.24932321804365076,0,1.0999999999999999
PA300028,PRIOR_AUTH,-0.06242631188936665,0,88.4
PA300116,PRIOR_AUTH,-0.1400374509649865,0,60.925
PA300075,PRIOR_AUTH,-0.09334459872299838,0,80.35
PA300717,PRIOR_AUTH,-0.11977551703425926,0,71.35000000000001
PA301751,PRIOR_AUTH,-0.08550004566131908,0,82.35
PA300662,PRIOR_AUTH,-0.19657465362630122,0,34.599999999999994
PA300664,PRIOR_AUTH,-0.052033344779141344,0,90.7
PA301084,PRIOR_AUTH,-0.05968090729404174,0,89.2
PA301394,PRIOR_AUTH,-0.22351227796466622,0,18.5
PA301130,PRIOR_AUTH,-0.2438341893405363,0,4.625
PA300981,PRIOR_AUTH,-0.155775216000003,0,55.95
PA300407,PRIOR_AUTH,-0.17267864094620766,0,46.675
PA301224,PRIOR_AUTH,-0.20005138865025457,0,32.9
PA300054,PRIOR_AUTH,-0.1821419096145322,0,43.15
PA301732,PRIOR_AUTH,-0.22275202187603,0,19.15
PA300337,PRIOR_AUTH,-0.08415347943127827,0,82.75
PA301888,PRIOR_AUTH,-0.12564996606462214,0,68.55
PA301184,PRIOR_AUTH,-0.2134204898600755,0,26.474999999999998
PA301947,PRIOR_AUTH,-0.2194647999489533,0,21.9
PA301734,PRIOR_AUTH,-0.027755189330060492,0,95.075
PA301754,PRIOR_AUTH,-0.23927956747126156,0,7.675
PA301253,PRIOR_AUTH,-0.18987113993593213,0,38.9
PA300776,PRIOR_AUTH,-0.216547277986327,0,24.075
PA300375,PRIOR_AUTH,-0.12947696734844077,0,66.55
PA301287,PRIOR_AUTH,-0.20101247741073802,0,32.300000000000004
PA301045,PRIOR_AUTH,-0.1371946677360979,0,62.25000000000001
PA301617,PRIOR_AUTH,-0.08817121102156178,0,81.65
PA301283,PRIOR_AUTH,-0.12968460739228732,0,66.4
PA300094,PRIOR_AUTH,-0.13330438884891066,0,64.7
PA301306,PRIOR_AUTH,-0.11114959907309674,0,74.05000000000001
PA301169,PRIOR_AUTH,-0.16440089889584314,0,51.449999999999996
PA300923,PRIOR_AUTH,-0.24154933457020522,0,5.55
PA301721,PRIOR_AUTH,-0.08138622704113974,0,84.0
PA300786,PRIOR_AUTH,-0.2126643993206186,0,26.625
PA300827,PRIOR_AUTH,-0.1580921859266805,0,54.2
PA301920,PRIOR_AUTH,0.03766572693567938,1,99.7
PA300473,PRIOR_AUTH,-0.18735330868776956,0,40.35
PA301929,PRIOR_AUTH,-0.1138211552667715,0,72.775
PA301713,PRIOR_AUTH,-0.09770389151717374,0,78.75
PA301520,PRIOR_AUTH,-0.22593166828714917,0,16.225
PA301582,PRIOR_AUTH,-0.0735778903510419,0,85.65
PA301791,PRIOR_AUTH,-0.23184508240032092,0,12.675
PA301268,PRIOR_AUTH,-0.08253852579720411,0,83.42500000000001
PA301723,PRIOR_AUTH,-0.09573310631877885,0,79.45
PA301177,PRIOR_AUTH,-0.20140332973191044,0,32.074999999999996
PA301267,PRIOR_AUTH,-0.015236071759636594,0,97.05
PA301495,PRIOR_AUTH,-0.05427732514813366,0,90.075
PA301279,PRIOR_AUTH,-0.11262967492122544,0,73.52499999999999
PA301456,PRIOR_AUTH,-0.21571951170639664,0,25.05
PA301168,PRIOR_AUTH,-0.14527157172471278,0,59.150000000000006
PA301745,PRIOR_AUTH,0.002067663819333876,1,98.275
PA301936,PRIOR_AUTH,-0.23598472459462078,0,10.25
PA301481,PRIOR_AUTH,-0.10736288662690086,0,75.4
PA301810,PRIOR_AUTH,-0.09108422548281458,0,80.85
PA300818,PRIOR_AUTH,-0.09701919381211555,0,79.05
PA300338,PRIOR_AUTH,-0.22200266627125698,0,19.900000000000002
PA300938,PRIOR_AUTH,-0.2182688958243727,0,22.775000000000002
PA301543,PRIOR_AUTH,-0.08253852579720411,0,83.42500000000001
PA301106,PRIOR_AUTH,-0.1362570338931809,0,62.45
PA301693,PRIOR_AUTH,-0.05202364957945471,0,90.75
PA301680,PRIOR_AUTH,-0.13508564761748654,0,63.025
PA301099,PRIOR_AUTH,-0.18440993224651175,0,41.8
PA300492,PRIOR_AUTH,-0.18986660577458664,0,38.95
PA300954,PRIOR_AUTH,-0.08718928389106406,0,81.975
PA301148,PRIOR_AUTH,-0.23892247341548106,0,7.95
PA300225,PRIOR_AUTH,-0.2362703968500851,0,10.0
PA300612,PRIOR_AUTH,-0.13395384541248972,0,64.0
PA300392,PRIOR_AUTH,-0.20398081048091887,0,30.349999999999998
PA301055,PRIOR_AUTH,-0.17938432551286,0,44.1
PA301795,PRIOR_AUTH,-0.049765057192418305,0,91.225
PA301115,PRIOR_AUTH,-0.0440314536308104,0,92.35
PA300439,PRIOR_AUTH,-0.18346291406851856,0,42.5
PA301074,PRIOR_AUTH,-0.08449631164351179,0,82.55
PA300813,PRIOR_AUTH,-0.13338711540074766,0,64.375
PA300802,PRIOR_AUTH,-0.15807149955112149,0,54.300000000000004
PA301150,PRIOR_AUTH,-0.025414411079969668,0,95.39999999999999
PA301758,PRIOR_AUTH,-0.02165945952713244,0,96.175
PA301258,PRIOR_AUTH,-0.22084805620461523,0,21.099999999999998
PA300303,PRIOR_AUTH,-0.20221639781917083,0,31.7
PA301742,PRIOR_AUTH,-0.07257103776179152,0,85.9
PA300009,PRIOR_AUTH,-0.13498075032330015,0,63.24999999999999
PA300602,PRIOR_AUTH,-0.161568680047251,0,52.449999999999996
PA301120,PRIOR_AUTH,-0.2166837049115321,0,23.95
PA301580,PRIOR_AUTH,-0.23916966902797704,0,7.9
PA301500,PRIOR_AUTH,-0.23933944273776492,0,7.425
PA301046,PRIOR_AUTH,-0.19986581596832703,0,33.0
PA301874,PRIOR_AUTH,-0.21526583764175428,0,25.55
PA300246,PRIOR_AUTH,-0.18641516118037182,0,40.6
PA301661,PRIOR_AUTH,-0.014798230692650516,0,97.2
PA300187,PRIOR_AUTH,-0.11924608994001917,0,71.45
PA300135,PRIOR_AUTH,-0.16721945709393599,0,49.4
PA300701,PRIOR_AUTH,-0.13415174017411785,0,63.65
PA301220,PRIOR_AUTH,-0.22585062437986175,0,16.325
PA300178,PRIOR_AUTH,-0.1298319526447197,0,66.35
PA300713,PRIOR_AUTH,-0.1832362051308099,0,42.699999999999996
PA300287,PRIOR_AUTH,-0.13265756601736428,0,64.9
PA301015,PRIOR_AUTH,-0.16471856954770026,0,51.225
PA300470,PRIOR_AUTH,-0.20719812368320578,0,28.549999999999997
PA300239,PRIOR_AUTH,-0.06789711622381744,0,87.3
PA300019,PRIOR_AUTH,-0.23196484815470853,0,12.525
PA301762,PRIOR_AUTH,-0.07818989839502766,0,84.85000000000001
PA300532,PRIOR_AUTH,-0.2024209463233309,0,31.6
PA300535,PRIOR_AUTH,-0.19074845824492814,0,38.15
PA301932,PRIOR_AUTH,-0.1299060470216264,0,66.25
PA300986,PRIOR_AUTH,-0.23941390678334046,0,7.1
PA300280,PRIOR_AUTH,-0.23964690850601372,0,6.9
PA300817,PRIOR_AUTH,-0.24260600476529587,0,5.125
PA300353,PRIOR_AUTH,-0.014474692567994718,0,97.32499999999999
PA301167,PRIOR_AUTH,-0.24002719054795418,0,6.4
PA301927,PRIOR_AUTH,-0.1757809658398528,0,45.75
PA300434,PRIOR_AUTH,-0.11009104499309208,0,74.2
PA301152,PRIOR_AUTH,-0.21235928576720992,0,26.85
PA301164,PRIOR_AUTH,-0.13819885418309552,0,61.35
PA301474,PRIOR_AUTH,-0.22166556104093943,0,20.4
PA301866,PRIOR_AUTH,-0.23182733204390815,0,12.775
PA300238,PRIOR_AUTH,-0.22130017456145012,0,20.8
PA300136,PRIOR_AUTH,-0.22276703640724593,0,19.075
PA301273,PRIOR_AUTH,-0.13704254077211325,0,62.4
PA300949,PRIOR_AUTH,-0.23933944273776492,0,7.425
PA300800,PRIOR_AUTH,-0.23200772884984705,0,12.375
PA301537,PRIOR_AUTH,-0.2154826774748319,0,25.45
PA300816,PRIOR_AUTH,-0.12875816448946292,0,66.8
PA300343,PRIOR_AUTH,-0.11484052760716623,0,72.45
PA300687,PRIOR_AUTH,-0.1681449455264552,0,49.2
PA300045,PRIOR_AUTH,-0.19857896205599618,0,33.7
PA301100,PRIOR_AUTH,-0.23402964281824606,0,10.875
PA301949,PRIOR_AUTH,-0.1580921859266805,0,54.2
PA301977,PRIOR_AUTH,-0.13411270972222844,0,63.824999999999996
PA301254,PRIOR_AUTH,-0.24002719054795418,0,6.4
PA301156,PRIOR_AUTH,-0.10279623062820753,0,76.875
PA301467,PRIOR_AUTH,-0.1346648444123661,0,63.425
PA301415,PRIOR_AUTH,-0.1111683474975449,0,73.925
PA300390,PRIOR_AUTH,-0.10772742433531013,0,75.3
PA300249,PRIOR_AUTH,-0.22123642315592418,0,20.849999999999998
PA300726,PRIOR_AUTH,-0.16845799193075595,0,48.75
PA300514,PRIOR_AUTH,-0.2087086276113046,0,28.000000000000004
PA301895,PRIOR_AUTH,-0.16150256873622265,0,52.5
PA301066,PRIOR_AUTH,-0.10238596030211888,0,77.5
PA300866,PRIOR_AUTH,-0.1971212661915197,0,34.300000000000004
PA300074,PRIOR_AUTH,-0.2317762660335121,0,12.9
PA300376,PRIOR_AUTH,-0.1208427440158667,0,70.35
PA300857,PRIOR_AUTH,-0.2346883004926345,0,10.7
PA301086,PRIOR_AUTH,-0.2350703997993276,0,10.45
PA301311,PRIOR_AUTH,-0.09128228141748185,0,80.75
PA300655,PRIOR_AUTH,-0.07535118835601184,0,85.3
PA300508,PRIOR_AUTH,-0.19290835230054065,0,36.7
PA300587,PRIOR_AUTH,-0.14174053450528612,0,60.375
PA300296,PRIOR_AUTH,-0.24237056919679217,0,5.25
PA301677,PRIOR_AUTH,-0.11870973873963875,0,71.55
PA300237,PRIOR_AUTH,-0.04177992727967994,0,93.0
PA301824,PRIOR_AUTH,-0.22191491424320137,0,20.200000000000003
PA301417,PRIOR_AUTH,-0.0967110196331169,0,79.14999999999999
PA300201,PRIOR_AUTH,-0.23498224034887516,0,10.549999999999999
PA300038,PRIOR_AUTH,-0.10388570762355998,0,76.425
PA300182,PRIOR_AUTH,-0.22162670897649456,0,20.549999999999997
PA300097,PRIOR_AUTH,-0.18430753340871237,0,41.949999999999996
PA300724,PRIOR_AUTH,-0.16217686311171603,0,52.225
PA301501,PRIOR_AUTH,-0.2286516252537416,0,14.7
PA300751,PRIOR_AUTH,-0.22162670897649456,0,20.549999999999997
PA300908,PRIOR_AUTH,-0.09386442191288602,0,80.15
PA301210,PRIOR_AUTH,-0.22573537641122765,0,16.6
PA301757,PRIOR_AUTH,-0.1800960473302473,0,43.65
PA300932,PRIOR_AUTH,-0.029369235024192752,0,94.89999999999999
PA301063,PRIOR_AUTH,-0.08135875496426326,0,84.05
PA300762,PRIOR_AUTH,-0.16816392894800047,0,49.15
PA300577,PRIOR_AUTH,-0.21821033815568142,0,22.900000000000002
PA300241,PRIOR_AUTH,-0.10946375350592863,0,74.4
PA301635,PRIOR_AUTH,-0.15797901570809036,0,54.50000000000001
PA300409,PRIOR_AUTH,-0.21177159729975759,0,27.05
PA300399,PRIOR_AUTH,-0.1515369594306602,0,57.49999999999999
PA300688,PRIOR_AUTH,-0.15671556260884312,0,55.35
PA300062,PRIOR_AUTH,-0.19822309333527127,0,33.825
PA300557,PRIOR_AUTH,-0.16445479439917088,0,51.349999999999994
PA301396,PRIOR_AUTH,-0.02344360426595571,0,95.89999999999999
PA301459,PRIOR_AUTH,-0.12852180623963738,0,66.95
PA301561,PRIOR_AUTH,-0.06643630820000335,0,87.64999999999999
PA301305,PRIOR_AUTH,-0.11395331128397268,0,72.65
PA301384,PRIOR_AUTH,-0.18042064857272,0,43.525000000000006
PA301007,PRIOR_AUTH,-0.23240410691697472,0,12.0
PA301660,PRIOR_AUTH,0.007457791438352124,1,98.7
PA301859,PRIOR_AUTH,-0.11114959907309674,0,74.05000000000001
PA300081,PRIOR_AUTH,-0.017010250269809735,0,96.7
PA300168,PRIOR_AUTH,-0.23678818516905692,0,9.45
PA300313,PRIOR_AUTH,-0.22628787902236275,0,15.725
PA300071,PRIOR_AUTH,-0.04767329947083143,0,91.45
PA300329,PRIOR_AUTH,-0.22769429901320565,0,15.174999999999999
PA301179,PRIOR_AUTH,-0.22571247498253916,0,16.7
PA301705,PRIOR_AUTH,-0.17186997833437795,0,47.199999999999996
PA301016,PRIOR_AUTH,-0.10994822939210847,0,74.275
PA300213,PRIOR_AUTH,-0.23736659500363982,0,8.825
PA301772,PRIOR_AUTH,-0.22585062437986175,0,16.325
PA300293,PRIOR_AUTH,-0.23974660716849172,0,6.7250000000000005
PA301950,PRIOR_AUTH,-0.09164117478447176,0,80.65
PA301393,PRIOR_AUTH,-0.022903585888598532,0,96.05
PA300146,PRIOR_AUTH,-0.2408276641524537,0,5.800000000000001
PA300196,PRIOR_AUTH,-0.16282002201902457,0,51.9
PA301737,PRIOR_AUTH,-0.22884513972241693,0,14.549999999999999
PA300568,PRIOR_AUTH,0.03597417966889138,1,99.6
PA300892,PRIOR_AUTH,-0.14909243986465726,0,58.35
PA301849,PRIOR_AUTH,-0.22095347342972516,0,21.0
PA301409,PRIOR_AUTH,-0.12091685796133578,0,70.22500000000001
PA300566,PRIOR_AUTH,-0.22398123559456512,0,18.224999999999998
PA300139,PRIOR_AUTH,-0.11675780913248324,0,72.0
PA301487,PRIOR_AUTH,-0.1933081597089955,0,36.6
PA301390,PRIOR_AUTH,-0.09706935386258664,0,78.975
PA300554,PRIOR_AUTH,-0.23204411867327346,0,12.2
PA301678,PRIOR_AUTH,-0.09431360081649354,0,79.925
PA300605,PRIOR_AUTH,-0.0933214582142653,0,80.45
PA301285,PRIOR_AUTH,-0.23714032285452824,0,9.025
PA300018,PRIOR_AUTH,-0.2190657560233477,0,22.25
PA301451,PRIOR_AUTH,-0.10239489919406808,0,77.35
PA300305,PRIOR_AUTH,-0.0440314536308104,0,92.35
PA301853,PRIOR_AUTH,-0.11074164085333105,0,74.15
PA301715,PRIOR_AUTH,-0.1901253354302317,0,38.6
PA300849,PRIOR_AUTH,-0.10847681555990374,0,75.1
PA301331,PRIOR_AUTH,-0.1881144754294265,0,39.85
PA300359,PRIOR_AUTH,-0.16284487236791095,0,51.849999999999994
PA300870,PRIOR_AUTH,-0.10724271259593166,0,75.575
PA300024,PRIOR_AUTH,-0.20695365375156938,0,28.749999999999996
PA300716,PRIOR_AUTH,-0.09477731041750714,0,79.75
PA301131,PRIOR_AUTH,-0.22458231361513165,0,17.65
PA300312,PRIOR_AUTH,-0.1569466510004876,0,55.125
PA301038,PRIOR_AUTH,-0.0501229896659362,0,91.14999999999999
PA301571,PRIOR_AUTH,-0.13816026863180825,0,61.575
PA301650,PRIOR_AUTH,-0.1450995173273037,0,59.25
PA301154,PRIOR_AUTH,-0.1927229937737115,0,36.9
PA301471,PRIOR_AUTH,-0.20255985256374276,0,31.5
PA300812,PRIOR_AUTH,-0.24799032970613372,0,2.1
PA301136,PRIOR_AUTH,-0.19792584631093235,0,34.0
PA300110,PRIOR_AUTH,-0.1911052606478138,0,37.85
PA300327,PRIOR_AUTH,-0.08184334326853626,0,83.85000000000001
PA300507,PRIOR_AUTH,-0.20603929248889807,0,29.2
PA300928,PRIOR_AUTH,-0.1338595627891192,0,64.05
PA300008,PRIOR_AUTH,-0.25014612104310635,0,0.575
PA300974,PRIOR_AUTH,-0.24833569059524885,0,1.775
PA300424,PRIOR_AUTH,-0.2268329953340485,0,15.55
PA301930,PRIOR_AUTH,-0.09233138045302791,0,80.60000000000001
PA301890,PRIOR_AUTH,-0.17673524848408995,0,45.4
PA301901,PRIOR_AUTH,-0.14879947980964503,0,58.45
PA301763,PRIOR_AUTH,-0.21980688474646753,0,21.65
PA301248,PRIOR_AUTH,-0.179857134298804,0,43.9
PA300835,PRIOR_AUTH,-0.11285586009882631,0,73.35000000000001
PA300885,PRIOR_AUTH,-0.0687695661565112,0,86.925
PA301339,PRIOR_AUTH,-0.1599149580378706,0,53.300000000000004
PA300307,PRIOR_AUTH,-0.21775315240866844,0,23.25
PA300633,PRIOR_AUTH,-0.16074994538843046,0,52.87500000000001
PA300264,PRIOR_AUTH,-0.08105872500195899,0,84.25
PA300919,PRIOR_AUTH,-0.0735778903510419,0,85.65
PA301830,PRIOR_AUTH,-0.17860660197571532,0,44.3
PA300718,PRIOR_AUTH,-0.13334584373460834,0,64.55
PA300851,PRIOR_AUTH,-0.08423461240161823,0,82.6
PA300768,PRIOR_AUTH,-0.19292293466014987,0,36.65
PA301365,PRIOR_AUTH,-0.10404011704259564,0,76.3
PA300315,PRIOR_AUTH,0.08508325461464805,1,99.95
PA300349,PRIOR_AUTH,-0.16735758717886456,0,49.3
PA300061,PRIOR_AUTH,-0.12632424008926985,0,68.4
PA300820,PRIOR_AUTH,-0.03602959991457744,0,94.25
PA301276,PRIOR_AUTH,-0.20559402881646477,0,29.5
PA301769,PRIOR_AUTH,-0.23498224034887516,0,10.549999999999999
PA301334,PRIOR_AUTH,-0.20294012958450997,0,31.25
PA301236,PRIOR_AUTH,-0.2370441663680088,0,9.2
PA301435,PRIOR_AUTH,-0.2004599363927418,0,32.574999999999996
PA300703,PRIOR_AUTH,-0.16721945709393599,0,49.4
PA300445,PRIOR_AUTH,-0.13816026863180825,0,61.575
PA301518,PRIOR_AUTH,-0.08897144132347534,0,81.45
PA301564,PRIOR_AUTH,-0.052364475921523934,0,90.47500000000001
PA301999,PRIOR_AUTH,-0.12050774417761068,0,70.6
PA301165,PRIOR_AUTH,-0.23156397514502897,0,13.025
PA300104,PRIOR_AUTH,-0.22162582635348593,0,20.65
PA301097,PRIOR_AUTH,-0.12050774417761068,0,70.6
PA300972,PRIOR_AUTH,-0.22978553631748833,0,13.8
PA300661,PRIOR_AUTH,-0.14872721442124093,0,58.5
PA301461,PRIOR_AUTH,-0.18456130501744866,0,41.75
PA300565,PRIOR_AUTH,-0.08951755730398891,0,81.35
PA300398,PRIOR_AUTH,-0.13340615073391915,0,64.2
PA301636,PRIOR_AUTH,-0.14962512894406732,0,58.050000000000004
PA301410,PRIOR_AUTH,-0.19678614469652295,0,34.55
PA301318,PRIOR_AUTH,-0.08185852885259937,0,83.8
PA301096,PRIOR_AUTH,-0.1351229923426075,0,62.9
PA300516,PRIOR_AUTH,-0.21424141081310188,0,25.900000000000002
PA300584,PRIOR_AUTH,-0.10290582799974579,0,76.7
PA301001,PRIOR_AUTH,-0.24819379249219647,0,1.9
PA301443,PRIOR_AUTH,-0.19780953070178592,0,34.050000000000004
PA301191,PRIOR_AUTH,-0.19872197750993165,0,33.575
PA300674,PRIOR_AUTH,-0.16506850951509616,0,51.025
PA300393,PRIOR_AUTH,-0.23930837623471318,0,7.575
PA301466,PRIOR_AUTH,-0.025087212361272426,0,95.55
PA300527,PRIOR_AUTH,-0.1158411424458039,0,72.2
PA301922,PRIOR_AUTH,-0.18535724584614288,0,41.25
PA300035,PRIOR_AUTH,-0.2170130024394737,0,23.599999999999998
PA300749,PRIOR_AUTH,-0.09920724048742524,0,78.35
PA301527,PRIOR_AUTH,-0.2058406989127251,0,29.349999999999998
PA301403,PRIOR_AUTH,-0.16845046082560966,0,48.875
PA301241,PRIOR_AUTH,-0.046120467125867926,0,91.85
PA300258,PRIOR_AUTH,-0.20313623871039266,0,31.15
PA301008,PRIOR_AUTH,-0.1792390879228007,0,44.15
PA301054,PRIOR_AUTH,-0.19422941275854005,0,36.075
PA300691,PRIOR_AUTH,-0.1580669075817399,0,54.35
PA301478,PRIOR_AUTH,-0.05512400572463061,0,89.875
PA300620,PRIOR_AUTH,-0.051459301710060856,0,90.8
PA300796,PRIOR_AUTH,-0.2251597584733495,0,17.1
PA301967,PRIOR_AUTH,-0.035111721625920245,0,94.375
PA300714,PRIOR_AUTH,-0.1313011475046852,0,65.85
PA301509,PRIOR_AUTH,-0.09539506150100419,0,79.55
PA300260,PRIOR_AUTH,-0.03903828374694285,0,93.65
PA300927,PRIOR_AUTH,-0.06553297871212838,0,87.8
PA301704,PRIOR_AUTH,-0.11290066373979912,0,73.3
PA300988,PRIOR_AUTH,-0.24338706456074172,0,4.775
PA301596,PRIOR_AUTH,-0.21041963640945305,0,27.450000000000003
PA300850,PRIOR_AUTH,-0.15323540108710804,0,56.99999999999999
PA301139,PRIOR_AUTH,-0.16875821385291306,0,48.6
PA300491,PRIOR_AUTH,-0.18406744611508125,0,42.15
PA300945,PRIOR_AUTH,-0.2207878626856486,0,21.175
PA301726,PRIOR_AUTH,-0.2190657560233477,0,22.25
PA300915,PRIOR_AUTH,-0.20936534878575697,0,27.700000000000003
PA300319,PRIOR_AUTH,-0.19648607024299258,0,34.75
PA300428,PRIOR_AUTH,-0.12675962348419179,0,68.35
PA301203,PRIOR_AUTH,-0.19508091584517856,0,35.55
PA301147,PRIOR_AUTH,-0.13508564761748654,0,63.025
PA300042,PRIOR_AUTH,-0.24595879551148747,0,3.05
PA301091,PRIOR_AUTH,-0.18042064857272,0,43.525000000000006
PA300221,PRIOR_AUTH,-0.19203015048389133,0,37.45
PA301725,PRIOR_AUTH,-0.07767823969786825,0,85.0
PA301023,PRIOR_AUTH,-0.18005016631159199,0,43.7
PA300069,PRIOR_AUTH,-0.1911052606478138,0,37.85
PA301360,PRIOR_AUTH,-0.08075606432913396,0,84.45
PA300379,PRIOR_AUTH,-0.2272698576697899,0,15.35
PA300309,PRIOR_AUTH,-0.1370938710050182,0,62.3
PA300634,PRIOR_AUTH,-0.18498518213585535,0,41.449999999999996
PA300174,PRIOR_AUTH,-0.20026592892914297,0,32.7
PA301899,PRIOR_AUTH,-0.1138211552667715,0,72.775
PA301662,PRIOR_AUTH,-0.052350434785339184,0,90.55
PA301724,PRIOR_AUTH,-0.24574912463028098,0,3.15
PA300111,PRIOR_AUTH,-0.17774467876072103,0,45.0
PA301944,PRIOR_AUTH,-0.09486976459097185,0,79.65
PA301221,PRIOR_AUTH,-0.22547824944958222,0,16.85
PA300563,PRIOR_AUTH,-0.03371347623748211,0,94.69999999999999
PA300828,PRIOR_AUTH,-0.19872197750993165,0,33.575
PA300282,PRIOR_AUTH,-0.2226301143685553,0,19.3
PA300951,PRIOR_AUTH,-0.13415174017411785,0,63.65
PA300615,PRIOR_AUTH,-0.12164059054675164,0,70.05
PA301330,PRIOR_AUTH,-0.2466984641901725,0,2.825
PA301585,PRIOR_AUTH,-0.19094966855523476,0,38.0
PA300536,PRIOR_AUTH,-0.15086188686986884,0,57.599999999999994
PA300330,PRIOR_AUTH,-0.2080340671381085,0,28.249999999999996
PA300636,PRIOR_AUTH,-0.09836234737702931,0,78.675
PA301863,PRIOR_AUTH,-0.1373475586015388,0,62.2
PA300772,PRIOR_AUTH,-0.1254866879392818,0,68.65
PA300469,PRIOR_AUTH,-0.2225484003148131,0,19.5
PA301848,PRIOR_AUTH,-0.13606502789466396,0,62.64999999999999
PA300048,PRIOR_AUTH,-0.1450995173273037,0,59.25
PA301295,PRIOR_AUTH,-0.21964836812282162,0,21.775
PA301964,PRIOR_AUTH,-0.1633751480686878,0,51.65
PA300913,PRIOR_AUTH,-0.13508564761748654,0,63.025
PA300222,PRIOR_AUTH,-0.2362703968500851,0,10.0
PA300144,PRIOR_AUTH,-0.19901318237714133,0,33.4
PA301261,PRIOR_AUTH,-0.19681023134553266,0,34.5
PA301496,PRIOR_AUTH,-0.13791667780261502,0,61.8
PA300650,PRIOR_AUTH,-0.09926766285523447,0,78.225
PA300518,PRIOR_AUTH,-0.1254866879392818,0,68.65
PA300191,PRIOR_AUTH,-0.24600690857509327,0,2.9749999999999996
PA300112,PRIOR_AUTH,-0.0440314536308104,0,92.35
PA301301,PRIOR_AUTH,-0.15464360139965977,0,56.599999999999994
PA300065,PRIOR_AUTH,-0.2478170704986849,0,2.3
PA300162,PRIOR_AUTH,-0.08532174700634387,0,82.39999999999999
PA301445,PRIOR_AUTH,-0.20296240438599666,0,31.2
PA301970,PRIOR_AUTH,-0.09478159088887594,0,79.7
PA300760,PRIOR_AUTH,-0.08265888921053588,0,83.3
PA301282,PRIOR_AUTH,-0.004691517057664019,0,97.95
PA300212,PRIOR_AUTH,-0.1253305013271928,0,68.75
PA301569,PRIOR_AUTH,-0.12798294901993368,0,67.2
PA301017,PRIOR_AUTH,-0.17267864094620766,0,46.675
PA300562,PRIOR_AUTH,-0.1400374509649865,0,60.925
PA300969,PRIOR_AUTH,-0.19824399257496117,0,33.75
PA300964,PRIOR_AUTH,-0.08066639619640503,0,84.65
PA301218,PRIOR_AUTH,-0.24932321804365076,0,1.0999999999999999
PA301228,PRIOR_AUTH,-0.22398123559456512,0,18.224999999999998
PA300342,PRIOR_AUTH,-0.23752096108952586,0,8.725
PA301768,PRIOR_AUTH,-0.22091727526099764,0,21.05
PA300356,PRIOR_AUTH,-0.2478170704986849,0,2.3
PA300640,PRIOR_AUTH,-0.12507044513289634,0,68.95
PA301250,PRIOR_AUTH,-0.11462644433979141,0,72.55
PA300459,PRIOR_AUTH,-0.12781494696608714,0,67.55
PA301480,PRIOR_AUTH,-0.11874681872353904,0,71.5
PA300481,PRIOR_AUTH,-0.17715688016417547,0,45.2
PA300151,PRIOR_AUTH,-0.22318053125098553,0,18.725
PA301818,PRIOR_AUTH,0.014303919194505466,1,99.0
PA301889,PRIOR_AUTH,-0.1654314218066198,0,50.74999999999999
PA301933,PRIOR_AUTH,-0.13344945996909852,0,64.14999999999999
PA300877,PRIOR_AUTH,-0.23964690850601372,0,6.9
PA300944,PRIOR_AUTH,-0.08376606664874398,0,82.95
PA300679,PRIOR_AUTH,-0.1925970087967841,0,37.0
PA301941,PRIOR_AUTH,-0.08596762141067549,0,82.3
PA301610,PRIOR_AUTH,-0.17020842698482175,0,48.25
PA301316,PRIOR_AUTH,-0.18319825109464416,0,42.75
PA300127,PRIOR_AUTH,-0.14226631303295595,0,60.199999999999996
PA301716,PRIOR_AUTH,-0.1779995848769349,0,44.775
PA301820,PRIOR_AUTH,-0.14705213377419685,0,58.875
PA301037,PRIOR_AUTH,-0.11610064960419175,0,72.075
PA300665,PRIOR_AUTH,-0.17746016136958137,0,45.1
PA300316,PRIOR_AUTH,-0.0654321752282957,0,87.9
PA300414,PRIOR_AUTH,-0.21167471211571465,0,27.1
PA301861,PRIOR_AUTH,-0.19482035816308174,0,35.725
PA301103,PRIOR_AUTH,-0.08259745612100933,0,83.35000000000001
PA301233,PRIOR_AUTH,-0.1812373418262045,0,43.25
PA301826,PRIOR_AUTH,-0.2041265416183547,0,30.0
PA300635,PRIOR_AUTH,-0.20140332973191044,0,32.074999999999996
PA300411,PRIOR_AUTH,-0.22166556104093943,0,20.4
PA301544,PRIOR_AUTH,-0.0681326743377092,0,87.15
PA300254,PRIOR_AUTH,-0.2209609910810319,0,20.95
PA301729,PRIOR_AUTH,-0.24890156999996826,0,1.4000000000000001
PA300864,PRIOR_AUTH,-0.18875654480167714,0,39.6
PA300012,PRIOR_AUTH,-0.2256273126541809,0,16.8
PA301541,PRIOR_AUTH,-0.14370960307629915,0,59.599999999999994
PA300791,PRIOR_AUTH,-0.1506180552812088,0,57.699999999999996
PA301492,PRIOR_AUTH,-0.24225093889505073,0,5.35
PA300744,PRIOR_AUTH,-0.23714032285452824,0,9.025
PA300335,PRIOR_AUTH,-0.0735778903510419,0,85.65
PA301296,PRIOR_AUTH,-0.19898003650445645,0,33.45
PA301873,PRIOR_AUTH,-0.1878970739650287,0,39.900000000000006
PA300015,PRIOR_AUTH,-0.1743791423798684,0,46.1
PA301655,PRIOR_AUTH,-0.1795350421839132,0,44.0
PA301187,PRIOR_AUTH,-3.370297953053658e-05,0,98.125
PA300819,PRIOR_AUTH,-0.1666444825550703,0,50.1
PA300709,PRIOR_AUTH,-0.24447650243081975,0,4.2
PA301155,PRIOR_AUTH,-0.2182294555109789,0,22.85
PA301284,PRIOR_AUTH,-0.2257917129219565,0,16.45
PA301805,PRIOR_AUTH,-0.22926802271774643,0,14.124999999999998
PA300211,PRIOR_AUTH,-0.20584578797891195,0,29.299999999999997
PA300733,PRIOR_AUTH,-0.01660996347967525,0,96.75
PA300888,PRIOR_AUTH,-0.18979424936695494,0,39.050000000000004
PA300142,PRIOR_AUTH,-0.16956126211235134,0,48.325
PA300358,PRIOR_AUTH,-0.05972276582127589,0,89.14999999999999
PA300044,PRIOR_AUTH,-0.1550870547248543,0,56.45
PA300646,PRIOR_AUTH,-0.20084560960773712,0,32.375
PA301793,PRIOR_AUTH,-0.23316873044641262,0,11.65
PA301353,PRIOR_AUTH,-0.20142489793971702,0,31.95
PA300844,PRIOR_AUTH,-0.2249928031180175,0,17.4
PA301160,PRIOR_AUTH,-0.10521122843394326,0,76.14999999999999
PA301011,PRIOR_AUTH,-0.15667018073009925,0,55.474999999999994
PA301387,PRIOR_AUTH,-0.13298883700173747,0,64.8
PA300805,PRIOR_AUTH,-0.2071115771806794,0,28.599999999999998
PA301513,PRIOR_AUTH,-0.14170176643962412,0,60.45
PA300183,PRIOR_AUTH,-0.21376973861011472,0,26.3
PA301594,PRIOR_AUTH,-0.13816026863180825,0,61.575
PA300289,PRIOR_AUTH,-0.14726112017078163,0,58.8
PA301083,PRIOR_AUTH,0.0024803674414833887,1,98.5
PA301897,PRIOR_AUTH,-0.13508564761748654,0,63.025
PA300373,PRIOR_AUTH,-0.06849712152803822,0,87.0
PA301834,PRIOR_AUTH,-0.20603929248889807,0,29.2
PA300311,PRIOR_AUTH,-0.20877965327108328,0,27.950000000000003
PA300369,PRIOR_AUTH,-0.21992048817174492,0,21.55
PA301321,PRIOR_AUTH,-0.15367333503343644,0,56.699999999999996
PA301879,PRIOR_AUTH,-0.22915953876744422,0,14.299999999999999
PA300837,PRIOR_AUTH,-0.19544824197621447,0,35.125
PA301892,PRIOR_AUTH,-0.10374828784060763,0,76.5
PA301845,PRIOR_AUTH,-0.09071132794426073,0,81.0
PA300484,PRIOR_AUTH,-0.2182688958243727,0,22.775000000000002
PA300916,PRIOR_AUTH,-0.1270568579678013,0,68.25
PA300799,PRIOR_AUTH,-0.11980476330687206,0,71.3
PA301912,PRIOR_AUTH,-0.16670301391627668,0,49.975
PA301844,PRIOR_AUTH,-0.18329287177960246,0,42.625
PA301251,PRIOR_AUTH,-0.07464442419265294,0,85.45
PA300782,PRIOR_AUTH,-0.13413017095673802,0,63.74999999999999
PA300538,PRIOR_AUTH,-0.24600690857509327,0,2.9749999999999996
PA300113,PRIOR_AUTH,-0.12369209534632802,0,69.6
PA301519,PRIOR_AUTH,-0.2381914448556574,0,8.275
PA300613,PRIOR_AUTH,-0.12360368581146786,0,69.65
PA300147,PRIOR_AUTH,-0.015494031496748217,0,97.0
PA301185,PRIOR_AUTH,-0.15518500118402856,0,56.39999999999999
PA301736,PRIOR_AUTH,-0.21067550525605183,0,27.400000000000002
PA301109,PRIOR_AUTH,-0.13359803262768155,0,64.1
PA301669,PRIOR_AUTH,-0.2257917129219565,0,16.45
PA301797,PRIOR_AUTH,-0.09379293766915286,0,80.22500000000001
PA300553,PRIOR_AUTH,-0.20355762515610198,0,30.85
PA300647,PRIOR_AUTH,-0.1184300147868812,0,71.775
PA301700,PRIOR_AUTH,-0.08328368255601803,0,83.1
PA301568,PRIOR_AUTH,-0.14232116162081243,0,60.150000000000006
PA300207,PRIOR_AUTH,-0.23657411927430166,0,9.65
PA301898,PRIOR_AUTH,-0.23507273742155926,0,10.4
PA300223,PRIOR_AUTH,-0.22573637336090635,0,16.55
PA300036,PRIOR_AUTH,-0.08105872500195899,0,84.25
PA300306,PRIOR_AUTH,-0.20408568207833955,0,30.075000000000003
PA300299,PRIOR_AUTH,-0.24083155946553675,0,5.75
PA301985,PRIOR_AUTH,-0.1026746610641962,0,77.14999999999999
PA301269,PRIOR_AUTH,-0.23696762015695177,0,9.25
PA300049,PRIOR_AUTH,-0.24452719268660322,0,4.15
PA300572,PRIOR_AUTH,-0.043573928055132716,0,92.55
PA301609,PRIOR_AUTH,-0.15881724466589042,0,53.87499999999999
PA300412,PRIOR_AUTH,-0.23714032285452824,0,9.025
PA301157,PRIOR_AUTH,-0.14011568780312805,0,60.699999999999996
PA300272,PRIOR_AUTH,-0.22488606587124121,0,17.5
PA300622,PRIOR_AUTH,-0.2380728290886,0,8.425
PA300339,PRIOR_AUTH,-0.15003091074558572,0,57.95
PA300583,PRIOR_AUTH,-0.20528324761913325,0,29.799999999999997
PA301420,PRIOR_AUTH,-0.24237056919679217,0,5.25
PA300811,PRIOR_AUTH,-0.12781494696608714,0,67.55
PA301232,PRIOR_AUTH,-0.1400374509649865,0,60.925
PA300371,PRIOR_AUTH,-0.12748563722648737,0,67.77499999999999
PA301864,PRIOR_AUTH,-0.21472008740495707,0,25.8
PA301094,PRIOR_AUTH,-0.1582329192486503,0,54.0
PA301367,PRIOR_AUTH,-0.18462564651727914,0,41.65
PA301880,PRIOR_AUTH,-0.14955431888284776,0,58.099999999999994
PA301259,PRIOR_AUTH,-0.14182840746138886,0,60.3
PA300997,PRIOR_AUTH,-0.22705074910167905,0,15.425
PA301913,PRIOR_AUTH,-0.22572391444300194,0,16.650000000000002
PA301989,PRIOR_AUTH,-0.1647157890361387,0,51.300000000000004
PA300829,PRIOR_AUTH,-0.24462281461847285,0,4.075
PA301462,PRIOR_AUTH,-0.1602256586893071,0,53.05
PA300202,PRIOR_AUTH,-0.2190657560233477,0,22.25
PA301552,PRIOR_AUTH,-0.1667860947489136,0,49.8
PA300043,PRIOR_AUTH,-0.1430743979662661,0,59.8
PA301808,PRIOR_AUTH,-0.1577596698454764,0,54.55
PA300739,PRIOR_AUTH,-0.23342332176756825,0,11.175
PA301626,PRIOR_AUTH,-0.21836588464014245,0,22.7
PA301182,PRIOR_AUTH,-0.21707697442340756,0,23.549999999999997
PA300425,PRIOR_AUTH,-0.10724271259593166,0,75.575
PA300209,PRIOR_AUTH,-0.2290947583304247,0,14.374999999999998
PA301632,PRIOR_AUTH,-0.1654314218066198,0,50.74999999999999
PA301195,PRIOR_AUTH,-0.13020751056795882,0,66.05
PA301332,PRIOR_AUTH,-0.06954491824994347,0,86.75
PA301071,PRIOR_AUTH,-0.13010713040480765,0,66.10000000000001
PA301931,PRIOR_AUTH,-0.17031037658911213,0,48.075
PA301753,PRIOR_AUTH,-0.13338711540074766,0,64.375
PA300652,PRIOR_AUTH,-0.23184508240032092,0,12.675
PA301486,PRIOR_AUTH,-0.23828480466064772,0,8.125
PA301612,PRIOR_AUTH,-0.23140371300932794,0,13.125
PA300131,PRIOR_AUTH,-0.12789453894074082,0,67.325
PA300394,PRIOR_AUTH,-0.22926130518963156,0,14.224999999999998
PA300487,PRIOR_AUTH,-0.19239261248356349,0,37.15
PA301335,PRIOR_AUTH,-0.089986094461867,0,81.25
PA300933,PRIOR_AUTH,-0.22970351493071228,0,13.850000000000001
PA301604,PRIOR_AUTH,-0.17597212971294862,0,45.675
PA301710,PRIOR_AUTH,-0.17021452812116106,0,48.175000000000004
PA301886,PRIOR_AUTH,-0.06405842403771067,0,88.05
PA300702,PRIOR_AUTH,-0.16633600422298778,0,50.349999999999994
PA300070,PRIOR_AUTH,-0.15530536681333978,0,56.35
PA300093,PRIOR_AUTH,-0.09118057327414952,0,80.80000000000001
PA301151,PRIOR_AUTH,-0.22216346875102022,0,19.85
PA300450,PRIOR_AUTH,-0.07535869330219047,0,85.25
PA300345,PRIOR_AUTH,-0.16858170446552545,0,48.699999999999996
PA301242,PRIOR_AUTH,-0.18652206698987772,0,40.550000000000004
PA301310,PRIOR_AUTH,-0.057349354063937596,0,89.55
PA300263,PRIOR_AUTH,-0.2243535502502781,0,17.925
PA300569,PRIOR_AUTH,-0.24329891838902246,0,5.025
PA301593,PRIOR_AUTH,-0.04494913326642691,0,92.15
PA300781,PRIOR_AUTH,-0.13131343153529618,0,65.8
PA301555,PRIOR_AUTH,-0.06087956492937796,0,88.64999999999999
PA300690,PRIOR_AUTH,-0.25014612104310635,0,0.575
PA301589,PRIOR_AUTH,-0.08105872500195899,0,84.25
PA301639,PRIOR_AUTH,0.005998733722379357,1,98.625
PA301507,PRIOR_AUTH,-0.23642556242594792,0,9.8
PA301469,PRIOR_AUTH,-0.15378383509696303,0,56.65
PA301256,PRIOR_AUTH,-0.1317458286388703,0,65.47500000000001
PA300059,PRIOR_AUTH,-0.23316873044641262,0,11.65
PA301482,PRIOR_AUTH,-0.15563212038704355,0,56.074999999999996
PA300214,PRIOR_AUTH,-0.15364862336553536,0,56.75
PA300400,PRIOR_AUTH,-0.11317994525152608,0,73.075
PA300684,PRIOR_AUTH,-0.0822961389593655,0,83.525
PA301222,PRIOR_AUTH,-0.23964690850601372,0,6.9
PA300582,PRIOR_AUTH,-0.17149306292836963,0,47.375
PA300083,PRIOR_AUTH,-0.1317458286388703,0,65.47500000000001
PA301373,PRIOR_AUTH,-0.24407909770976893,0,4.425
PA300546,PRIOR_AUTH,-0.08600480264342358,0,82.22500000000001
PA300903,PRIOR_AUTH,-0.2231877996647284,0,18.65
PA301954,PRIOR_AUTH,-0.21394969500881872,0,26.224999999999998
PA301449,PRIOR_AUTH,-0.19384869174875669,0,36.25
PA301110,PRIOR_AUTH,-0.22462978692274638,0,17.549999999999997
PA300545,PRIOR_AUTH,-0.12200432876867107,0,69.85
PA300109,PRIOR_AUTH,-0.2160995912636916,0,24.325
PA301292,PRIOR_AUTH,-0.159842921882629,0,53.349999999999994
PA301996,PRIOR_AUTH,0.01556405003165573,1,99.125
PA301437,PRIOR_AUTH,-0.2251597584733495,0,17.1
PA300348,PRIOR_AUTH,-0.2191816636299022,0,21.975
PA300950,PRIOR_AUTH,-0.18899731279428178,0,39.4
PA300419,PRIOR_AUTH,-0.17149306292836963,0,47.375
PA300461,PRIOR_AUTH,-0.13705190238956882,0,62.35000000000001
PA301504,PRIOR_AUTH,-0.20121519252012626,0,32.15
PA300352,PRIOR_AUTH,-0.10003969484883346,0,77.85
PA300743,PRIOR_AUTH,-0.014883132815660227,0,97.125
PA301918,PRIOR_AUTH,-0.13816026863180825,0,61.575
PA300418,PRIOR_AUTH,-0.19520940075224547,0,35.4
PA301024,PRIOR_AUTH,-0.23726873446582125,0,8.9
PA301498,PRIOR_AUTH,-0.2500652399205911,0,0.75
PA301671,PRIOR_AUTH,-0.22512402636215428,0,17.299999999999997
PA301029,PRIOR_AUTH,-0.14754086963194907,0,58.699999999999996
PA300574,PRIOR_AUTH,-0.1860537534733661,0,40.675
PA301851,PRIOR_AUTH,-0.12039121771121919,0,70.875
PA301974,PRIOR_AUTH,-0.24331994191949174,0,4.95
PA300220,PRIOR_AUTH,-0.21565273784737793,0,25.275
PA300378,PRIOR_AUTH,-0.10279623062820753,0,76.875
PA301407,PRIOR_AUTH,-0.2140767797340375,0,26.05
PA300784,PRIOR_AUTH,-0.04872842042916814,0,91.3
PA301831,PRIOR_AUTH,-0.19239787581680345,0,37.05
PA300143,PRIOR_AUTH,-0.17997564604616328,0,43.75
PA301618,PRIOR_AUTH,-0.12781494696608714,0,67.55
PA300731,PRIOR_AUTH,-0.1063083962537884,0,75.9
PA300737,PRIOR_AUTH,-0.0011488130714650824,0,98.0
PA300265,PRIOR_AUTH,-0.14327654978112042,0,59.675
PA300279,PRIOR_AUTH,-0.23642556242594792,0,9.8
PA300570,PRIOR_AUTH,0.03383634296948379,1,99.55000000000001
PA301117,PRIOR_AUTH,-0.09749314014741117,0,78.8
PA300422,PRIOR_AUTH,0.01556405003165573,1,99.125
PA301857,PRIOR_AUTH,-0.16678872100137265,0,49.75
PA301458,PRIOR_AUTH,-0.24035566509300144,0,6.125
PA301691,PRIOR_AUTH,-0.13096592651494882,0,66.0
PA301039,PRIOR_AUTH,-0.07362579980815975,0,85.55
PA301750,PRIOR_AUTH,-0.17790018332716806,0,44.9
PA300058,PRIOR_AUTH,-0.16188846152687636,0,52.400000000000006
PA301566,PRIOR_AUTH,-0.13403511880106705,0,63.9
PA301093,PRIOR_AUTH,-0.2305417999634109,0,13.65
PA300838,PRIOR_AUTH,-0.18045619150973685,0,43.45
PA301712,PRIOR_AUTH,-0.16714743569122026,0,49.5
PA300520,PRIOR_AUTH,-0.10112729518232388,0,77.75
PA300551,PRIOR_AUTH,-0.19633814328667654,0,34.9
PA300914,PRIOR_AUTH,-0.08897144132347534,0,81.45
PA301004,PRIOR_AUTH,-0.0755601190274987,0,85.175
PA301188,PRIOR_AUTH,-0.12736360350286147,0,68.05
PA300979,PRIOR_AUTH,-0.15667018073009925,0,55.474999999999994
PA300863,PRIOR_AUTH,-0.17155029970233343,0,47.3
PA300060,PRIOR_AUTH,-0.18391481290716066,0,42.199999999999996
PA300257,PRIOR_AUTH,-0.23402964281824606,0,10.875
PA301080,PRIOR_AUTH,-0.17819307591084788,0,44.45
PA301905,PRIOR_AUTH,-0.1877665136733448,0,40.0
PA301294,PRIOR_AUTH,-0.24384650881269038,0,4.5
PA300771,PRIOR_AUTH,-0.06429246518040432,0,88.0
PA300875,PRIOR_AUTH,-0.23163517971311676,0,12.950000000000001
PA300180,PRIOR_AUTH,-0.2378573988273135,0,8.575000000000001
PA301523,PRIOR_AUTH,-0.10674978498110899,0,75.85
PA301914,PRIOR_AUTH,-0.1346648444123661,0,63.425
PA301792,PRIOR_AUTH,-0.21724176723593353,0,23.5
PA301101,PRIOR_AUTH,-0.17422171551359233,0,46.225
PA301884,PRIOR_AUTH,-0.062012097853518244,0,88.5
PA301479,PRIOR_AUTH,-0.22162670897649456,0,20.549999999999997
PA301900,PRIOR_AUTH,-0.1318267013672456,0,65.14999999999999
PA301119,PRIOR_AUTH,-0.15708006499163657,0,55.00000000000001
PA301102,PRIOR_AUTH,-0.24883047975102468,0,1.6
PA301431,PRIOR_AUTH,-0.13772879115267306,0,61.9
PA300381,PRIOR_AUTH,-0.056109020518429586,0,89.64999999999999
PA301779,PRIOR_AUTH,-0.06923669199651572,0,86.85000000000001
PA301255,PRIOR_AUTH,-0.22769116079476343,0,15.275
PA300790,PRIOR_AUTH,-0.209488156068192,0,27.650000000000002
PA301092,PRIOR_AUTH,-0.13772879115267306,0,61.9
PA301079,PRIOR_AUTH,-0.2251597584733495,0,17.1
PA300881,PRIOR_AUTH,-0.2400807104936984,0,6.25
PA301227,PRIOR_AUTH,-0.21394969500881872,0,26.224999999999998
PA300040,PRIOR_AUTH,-0.20705563006633326,0,28.65
PA301209,PRIOR_AUTH,-0.18540190632869735,0,41.199999999999996
PA300862,PRIOR_AUTH,-0.16831251753865079,0,49.0
PA300793,PRIOR_AUTH,-0.17200978293739605,0,47.075
PA300756,PRIOR_AUTH,-0.10239489919406808,0,77.35
PA301438,PRIOR_AUTH,-0.20487058156304738,0,29.875
PA301355,PRIOR_AUTH,-0.22458231361513165,0,17.65
PA301968,PRIOR_AUTH,-0.024820880283237368,0,95.6
PA300794,PRIOR_AUTH,-0.20856617164094654,0,28.199999999999996
PA300855,PRIOR_AUTH,0.0022778335847335462,1,98.45
PA301146,PRIOR_AUTH,-0.2160995912636916,0,24.325
PA301362,PRIOR_AUTH,-0.17021452812116106,0,48.175000000000004
PA301837,PRIOR_AUTH,-0.04669811730223139,0,91.625
PA301385,PRIOR_AUTH,-0.12951101059583953,0,66.5
PA300276,PRIOR_AUTH,-0.2217433628676671,0,20.3
PA300438,PRIOR_AUTH,0.0029488937794286407,1,98.55000000000001
PA300322,PRIOR_AUTH,-0.2294682086883424,0,13.975000000000001
PA301089,PRIOR_AUTH,-0.07819254496815287,0,84.8
PA300755,PRIOR_AUTH,-0.18598927604844462,0,40.849999999999994
PA301472,PRIOR_AUTH,-0.19205912139263015,0,37.3
PA301878,PRIOR_AUTH,-0.22166556104093943,0,20.4
PA300502,PRIOR_AUTH,-0.24872660556612536,0,1.7000000000000002
PA300561,PRIOR_AUTH,-0.10929940115432435,0,74.75
PA300846,PRIOR_AUTH,-0.23642556242594792,0,9.8
PA301733,PRIOR_AUTH,-0.1877665136733448,0,40.0
PA300874,PRIOR_AUTH,-0.08411917627751664,0,82.8
PA301382,PRIOR_AUTH,-0.22305646317636946,0,18.9
PA301891,PRIOR_AUTH,-0.18855314930112366,0,39.7
PA301108,PRIOR_AUTH,-0.22778461874516626,0,15.049999999999999
PA300325,PRIOR_AUTH,-0.22778461874516626,0,15.049999999999999
PA301741,PRIOR_AUTH,-0.1317458286388703,0,65.47500000000001
PA300137,PRIOR_AUTH,-0.19650492134204978,0,34.65
PA301993,PRIOR_AUTH,-0.19009014363408466,0,38.725
PA300810,PRIOR_AUTH,-0.13402327754256194,0,63.949999999999996
PA300363,PRIOR_AUTH,0.007861710050411364,1,98.875
PA301176,PRIOR_AUTH,-0.21781925442998012,0,23.200000000000003
PA301925,PRIOR_AUTH,-0.17802000596901923,0,44.6
PA301234,PRIOR_AUTH,-0.2408154608331698,0,5.8500000000000005
PA301983,PRIOR_AUTH,-0.07169688971277266,0,86.1
PA300350,PRIOR_AUTH,-0.13610192036437418,0,62.55
PA300530,PRIOR_AUTH,-0.08186897777663449,0,83.75
PA300775,PRIOR_AUTH,-0.0814123847885907,0,83.95
PA300789,PRIOR_AUTH,-0.2181672350545547,0,23.05
PA301976,PRIOR_AUTH,-0.16649405891749658,0,50.14999999999999
PA300355,PRIOR_AUTH,-0.0901572418012585,0,81.10000000000001
PA301904,PRIOR_AUTH,-0.1593606593459732,0,53.6
PA300227,PRIOR_AUTH,-0.1400374509649865,0,60.925
PA300000,PRIOR_AUTH,-0.16680095192315497,0,49.7
PA301368,PRIOR_AUTH,-0.1466037805336073,0,58.975
PA301966,PRIOR_AUTH,-0.2462936659161588,0,2.9000000000000004
PA301320,PRIOR_AUTH,-0.054139592660784164,0,90.17500000000001
PA300423,PRIOR_AUTH,-0.06240259737944853,0,88.44999999999999
PA300496,PRIOR_AUTH,-0.1350390620315568,0,63.2
PA301397,PRIOR_AUTH,-0.1157342479841349,0,72.3
PA300832,PRIOR_AUTH,-0.18410173266912228,0,42.1
PA300807,PRIOR_AUTH,-0.18979424936695494,0,39.050000000000004
PA301558,PRIOR_AUTH,-0.23196484815470853,0,12.525
PA300540,PRIOR_AUTH,-0.18319041298678795,0,42.825
PA301252,PRIOR_AUTH,-0.1915213250330739,0,37.7
PA300578,PRIOR_AUTH,-0.2251597584733495,0,17.1
PA300440,PRIOR_AUTH,-0.21400218384856823,0,26.150000000000002
PA300383,PRIOR_AUTH,-0.12087741771048444,0,70.3
PA301510,PRIOR_AUTH,-0.09012064333646508,0,81.2
PA301298,PRIOR_AUTH,-0.22052910986349078,0,21.3
PA300990,PRIOR_AUTH,-0.23434552937420133,0,10.8
PA300627,PRIOR_AUTH,-0.16671444827375265,0,49.9
PA300286,PRIOR_AUTH,-0.12001688546667061,0,71.175
PA300845,PRIOR_AUTH,-0.21242510290779404,0,26.8
PA301212,PRIOR_AUTH,-0.10617819040051402,0,75.94999999999999
PA301400,PRIOR_AUTH,-0.17850909076166277,0,44.4
PA301600,PRIOR_AUTH,-0.12003790350567628,0,71.1
PA300754,PRIOR_AUTH,-0.19865651871754114,0,33.650000000000006
PA301577,PRIOR_AUTH,-0.2380728290886,0,8.425
PA300235,PRIOR_AUTH,-0.08685519640231276,0,82.05
PA300925,PRIOR_AUTH,-0.06819125482192068,0,87.1
PA301606,PRIOR_AUTH,-0.03850155966234292,0,93.8
PA301198,PRIOR_AUTH,-0.05211118184226726,0,90.64999999999999
PA301800,PRIOR_AUTH,-0.10239489919406808,0,77.35
PA301605,PRIOR_AUTH,-0.1240734456903988,0,69.39999999999999
PA301798,PRIOR_AUTH,-0.15265785580298097,0,57.25
PA301358,PRIOR_AUTH,-0.2191488782368785,0,22.1
PA301547,PRIOR_AUTH,-0.20703892766527338,0,28.7
PA301756,PRIOR_AUTH,-0.2381914448556574,0,8.275
PA301688,PRIOR_AUTH,-0.2334051037759063,0,11.275
PA300556,PRIOR_AUTH,-0.06000971861309934,0,88.94999999999999
PA301104,PRIOR_AUTH,-0.21602913175887295,0,24.474999999999998
PA301226,PRIOR_AUTH,-0.23097885910973093,0,13.350000000000001
PA300548,PRIOR_AUTH,-0.19422941275854005,0,36.075
PA301766,PRIOR_AUTH,-0.09431360081649354,0,79.925
PA300843,PRIOR_AUTH,-0.23109665657216333,0,13.3
PA300907,PRIOR_AUTH,-0.1495221672311775,0,58.15
PA300099,PRIOR_AUTH,-0.19363273862233477,0,36.3
PA301719,PRIOR_AUTH,-0.014122524446041673,0,97.39999999999999
PA301649,PRIOR_AUTH,-0.1597175953361059,0,53.400000000000006
PA300809,PRIOR_AUTH,-0.21795936528312537,0,23.150000000000002
PA300842,PRIOR_AUTH,-0.24482246526496704,0,3.5749999999999997
PA301020,PRIOR_AUTH,-0.22628787902236275,0,15.725
PA300808,PRIOR_AUTH,-0.10862307768483437,0,75.0
PA300354,PRIOR_AUTH,-0.24035566509300144,0,6.125
PA301835,PRIOR_AUTH,-0.14992438006369851,0,57.99999999999999
PA301981,PRIOR_AUTH,-0.170416359376381,0,48.0
PA301980,PRIOR_AUTH,-0.12732661169987564,0,68.10000000000001
PA300930,PRIOR_AUTH,-0.12039121771121919,0,70.875
PA301560,PRIOR_AUTH,-0.23382449775094805,0,11.025
PA301204,PRIOR_AUTH,-0.2207878626856486,0,21.175
PA300310,PRIOR_AUTH,-0.07948716531883426,0,84.75
PA300098,PRIOR_AUTH,-0.10186825842571001,0,77.64999999999999
PA300558,PRIOR_AUTH,-0.24338706456074172,0,4.775
PA301341,PRIOR_AUTH,-0.1447984840816497,0,59.375
PA300023,PRIOR_AUTH,-0.12512487042364495,0,68.89999999999999
PA300308,PRIOR_AUTH,-0.2414916672706337,0,5.625
PA300402,PRIOR_AUTH,-0.13284017133826548,0,64.85
PA301840,PRIOR_AUTH,-0.04328745499441666,0,92.7
PA301043,PRIOR_AUTH,-0.0778038666408688,0,84.89999999999999
PA301485,PRIOR_AUTH,-0.17597212971294862,0,45.675
PA300474,PRIOR_AUTH,-0.05227583551836257,0,90.60000000000001
PA300416,PRIOR_AUTH,-0.1554309329990763,0,56.275
PA300100,PRIOR_AUTH,-0.047079130509447786,0,91.5
PA300068,PRIOR_AUTH,-0.2066302085662714,0,28.95
PA301911,PRIOR_AUTH,-0.05065204661659928,0,91.0
PA301297,PRIOR_AUTH,-0.12184633434581588,0,69.95
PA301419,PRIOR_AUTH,-0.1254866879392818,0,68.65
PA301748,PRIOR_AUTH,-0.15815205684337535,0,54.05
PA300947,PRIOR_AUTH,-0.24482246526496704,0,3.5749999999999997
PA301801,PRIOR_AUTH,-0.23498224034887516,0,10.549999999999999
PA300404,PRIOR_AUTH,-0.09418921821102111,0,80.05
PA301247,PRIOR_AUTH,-0.19263470881433165,0,36.95
PA301180,PRIOR_AUTH,-0.12801593079342488,0,67.15
PA300253,PRIOR_AUTH,-0.15488968087083083,0,56.55
PA300541,PRIOR_AUTH,-0.189171998852309,0,39.300000000000004
PA301062,PRIOR_AUTH,-0.13816026863180825,0,61.575
PA301085,PRIOR_AUTH,-0.22408301469888064,0,18.05
PA300455,PRIOR_AUTH,-0.0429966801134255,0,92.825
PA301940,PRIOR_AUTH,-0.23382449775094805,0,11.025
PA300277,PRIOR_AUTH,-0.11734586670789782,0,71.85000000000001
PA300804,PRIOR_AUTH,-0.016275848747193677,0,96.95
PA301881,PRIOR_AUTH,-0.1888153209428649,0,39.525
PA300825,PRIOR_AUTH,-0.023935851982301082,0,95.65
PA301694,PRIOR_AUTH,-0.11193146467844128,0,73.65
PA300103,PRIOR_AUTH,-0.10935735503012856,0,74.55000000000001
PA301338,PRIOR_AUTH,-0.1115974582581174,0,73.8
PA300346,PRIOR_AUTH,-0.12438069357106701,0,69.27499999999999
PA301524,PRIOR_AUTH,-0.12928660692442423,0,66.7
PA301312,PRIOR_AUTH,-0.1294173188954108,0,66.64999999999999
PA300121,PRIOR_AUTH,-0.12165054427982014,0,70.0
PA300576,PRIOR_AUTH,-0.2222367836136656,0,19.8
PA301162,PRIOR_AUTH,-0.21602451436468134,0,24.6
PA301906,PRIOR_AUTH,-0.2305614120659441,0,13.600000000000001
PA301939,PRIOR_AUTH,-0.14427579565858423,0,59.45
PA301870,PRIOR_AUTH,-0.07512439590275932,0,85.375
PA301022,PRIOR_AUTH,-0.1857621531208592,0,40.9
PA301375,PRIOR_AUTH,-0.22309405796176063,0,18.8
PA301503,PRIOR_AUTH,-0.16721945709393599,0,49.4
PA301505,PRIOR_AUTH,-0.2260927365283079,0,15.8
PA301042,PRIOR_AUTH,-0.043166674757022294,0,92.75
PA301934,PRIOR_AUTH,-0.06835127973844624,0,87.05000000000001
PA300215,PRIOR_AUTH,-0.24533735173128335,0,3.2750000000000004
PA301404,PRIOR_AUTH,-0.08282116802159567,0,83.25
PA300727,PRIOR_AUTH,-0.20540846108766148,0,29.75
PA301727,PRIOR_AUTH,-0.21232442180857397,0,26.900000000000002
PA301876,PRIOR_AUTH,-0.10091991595177363,0,77.8
PA300056,PRIOR_AUTH,-0.12438069357106701,0,69.27499999999999
PA300067,PRIOR_AUTH,-0.08200456175590165,0,83.7
PA301546,PRIOR_AUTH,-0.05869668673709716,0,89.35
PA300519,PRIOR_AUTH,-0.18247278705800324,0,42.925000000000004
PA301197,PRIOR_AUTH,-0.04496601027275504,0,92.10000000000001
PA301687,PRIOR_AUTH,-0.1400374509649865,0,60.925
PA300320,PRIOR_AUTH,-0.18014111524297038,0,43.6
PA300902,PRIOR_AUTH,-0.09926766285523447,0,78.225
PA300195,PRIOR_AUTH,-0.2226301143685553,0,19.3
PA300840,PRIOR_AUTH,-0.08684736705109053,0,82.1
PA300769,PRIOR_AUTH,-0.13426428315023914,0,63.5
PA301386,PRIOR_AUTH,0.025598265628360983,1,99.45
PA301574,PRIOR_AUTH,-0.16633600422298778,0,50.349999999999994
PA300047,PRIOR_AUTH,-0.2088920851935706,0,27.900000000000002
PA300533,PRIOR_AUTH,-0.24070476756285275,0,5.925
PA300163,PRIOR_AUTH,-0.1360877839264925,0,62.6
PA301673,PRIOR_AUTH,-0.2414916672706337,0,5.625
PA300092,PRIOR_AUTH,-0.17804284223770633,0,44.5
PA300505,PRIOR_AUTH,-0.23645890609312525,0,9.700000000000001
PA301405,PRIOR_AUTH,-0.2290947583304247,0,14.374999999999998
PA301323,PRIOR_AUTH,-0.2368929324679213,0,9.3
PA301540,PRIOR_AUTH,-0.2135755871923639,0,26.375
PA300654,PRIOR_AUTH,-0.1944917375673067,0,35.949999999999996
PA301225,PRIOR_AUTH,-0.006183760193952059,0,97.89999999999999
PA301044,PRIOR_AUTH,-0.12480087758686076,0,69.1
PA300250,PRIOR_AUTH,-0.053783393245206756,0,90.3
PA300550,PRIOR_AUTH,-0.12188916864310984,0,69.89999999999999
PA301239,PRIOR_AUTH,-0.18521733764950732,0,41.3
PA300992,PRIOR_AUTH,-0.17449377262501864,0,46.050000000000004
PA301484,PRIOR_AUTH,-0.21689990577728724,0,23.799999999999997
PA301633,PRIOR_AUTH,-0.08299409217302567,0,83.2
PA300021,PRIOR_AUTH,-0.15250773705490195,0,57.35
PA301372,PRIOR_AUTH,-0.18966910707416057,0,39.175
PA300230,PRIOR_AUTH,-0.016443146732866842,0,96.8
PA300153,PRIOR_AUTH,-0.24471296994154434,0,3.65
PA301526,PRIOR_AUTH,-0.19009014363408466,0,38.725
PA300233,PRIOR_AUTH,-0.21951382267691322,0,21.85
PA300991,PRIOR_AUTH,-0.1753710752122717,0,45.9
PA300911,PRIOR_AUTH,-0.04342843069659197,0,92.65
PA301196,PRIOR_AUTH,-0.22184572784055479,0,20.25
PA301173,PRIOR_AUTH,-0.22276703640724593,0,19.075
PA301512,PRIOR_AUTH,-0.17556820018786357,0,45.85
PA300642,PRIOR_AUTH,-0.09602441599895517,0,79.375
PA301143,PRIOR_AUTH,-0.19531408460075167,0,35.3
PA300433,PRIOR_AUTH,-0.23322398782048198,0,11.450000000000001
PA300682,PRIOR_AUTH,-0.04103893046812557,0,93.25
PA301129,PRIOR_AUTH,-0.19746057256048716,0,34.1
PA300836,PRIOR_AUTH,-0.23985987065557407,0,6.625
PA300031,PRIOR_AUTH,-0.12331945456219451,0,69.69999999999999
PA300787,PRIOR_AUTH,-0.08072459881330407,0,84.5
PA301695,PRIOR_AUTH,-0.06806545957682342,0,87.2
PA300544,PRIOR_AUTH,-0.07047112035598346,0,86.4
PA300522,PRIOR_AUTH,-0.20378703039404994,0,30.599999999999998
PA300897,PRIOR_AUTH,-0.24890031337474283,0,1.5
PA301240,PRIOR_AUTH,-0.12789453894074082,0,67.325
PA301749,PRIOR_AUTH,-0.0687695661565112,0,86.925
PA300124,PRIOR_AUTH,-0.23661316674507737,0,9.6
PA301833,PRIOR_AUTH,-0.21565402400572808,0,25.124999999999996
PA300750,PRIOR_AUTH,-0.14750730050401223,0,58.75
PA301399,PRIOR_AUTH,-0.10408400467677792,0,76.25
PA301343,PRIOR_AUTH,-0.20861078036468905,0,28.1
PA300188,PRIOR_AUTH,-0.22969662119712259,0,13.900000000000002
PA300878,PRIOR_AUTH,-0.05780826101724135,0,89.425
PA301784,PRIOR_AUTH,-0.15213444907436913,0,57.45
PA301533,PRIOR_AUTH,-0.09967780440059149,0,78.10000000000001
PA300934,PRIOR_AUTH,-0.04451672640023485,0,92.2
PA300079,PRIOR_AUTH,-0.23922545416444718,0,7.825
PA300922,PRIOR_AUTH,-0.21595133891573054,0,24.85
PA301060,PRIOR_AUTH,-0.24528310796958014,0,3.375
PA300734,PRIOR_AUTH,-0.21554540691934582,0,25.4
PA300898,PRIOR_AUTH,-0.04591777176494649,0,91.9
PA300621,PRIOR_AUTH,-0.20403995942326608,0,30.175
PA301827,PRIOR_AUTH,-0.1274817660380984,0,67.9
PA300697,PRIOR_AUTH,-0.07779264384743767,0,84.95
PA300511,PRIOR_AUTH,-0.041270144756318516,0,93.05
PA301794,PRIOR_AUTH,-0.21861609705340174,0,22.525000000000002
PA300824,PRIOR_AUTH,-0.24701564213122118,0,2.625
PA300871,PRIOR_AUTH,-0.236281951990632,0,9.9
PA301370,PRIOR_AUTH,-0.2159767205339323,0,24.775
PA301611,PRIOR_AUTH,-0.20367072463032349,0,30.775000000000002
PA300745,PRIOR_AUTH,-0.24070476756285275,0,5.925
PA300729,PRIOR_AUTH,-0.16633600422298778,0,50.349999999999994
PA301324,PRIOR_AUTH,-0.12814786558641217,0,67.10000000000001
PA301506,PRIOR_AUTH,-0.1888153209428649,0,39.525
PA300115,PRIOR_AUTH,-0.21201600992622605,0,26.950000000000003
PA300599,PRIOR_AUTH,-0.10545775353630726,0,76.1
PA301957,PRIOR_AUTH,-0.24932321804365076,0,1.0999999999999999
PA301065,PRIOR_AUTH,-0.10239489919406808,0,77.35
PA300966,PRIOR_AUTH,-0.07732900747881055,0,85.1
PA300301,PRIOR_AUTH,-0.14122595620889178,0,60.550000000000004
PA301641,PRIOR_AUTH,-0.15250773705490195,0,57.35
PA300685,PRIOR_AUTH,-0.23828480466064772,0,8.125
PA300181,PRIOR_AUTH,-0.2096519959217399,0,27.6
PA301125,PRIOR_AUTH,-0.17259710394115485,0,46.75
PA301000,PRIOR_AUTH,-0.17092423528539014,0,47.699999999999996
PA300788,PRIOR_AUTH,-0.2168540694219645,0,23.9
PA300704,PRIOR_AUTH,-0.09324227694873777,0,80.5
PA300326,PRIOR_AUTH,-0.2308646053573662,0,13.425
PA300589,PRIOR_AUTH,-0.19543236044832962,0,35.199999999999996
PA301325,PRIOR_AUTH,-0.16023755993171346,0,53.0
PA301862,PRIOR_AUTH,-0.06285541713104315,0,88.35
PA300722,PRIOR_AUTH,-0.15560983213749574,0,56.15
PA300957,PRIOR_AUTH,-0.22305646317636946,0,18.9
PA301142,PRIOR_AUTH,-0.16670301391627668,0,49.975
PA301303,PRIOR_AUTH,-0.1658611306447994,0,50.6
PA301068,PRIOR_AUTH,-0.056034296208552714,0,89.7
PA300777,PRIOR_AUTH,-0.13479401643057431,0,63.3
PA300839,PRIOR_AUTH,-0.18728395969864658,0,40.400000000000006
PA301994,PRIOR_AUTH,-0.20036483618718948,0,32.65
PA301915,PRIOR_AUTH,-0.20487058156304738,0,29.875
PA300406,PRIOR_AUTH,-0.22224587360241532,0,19.725
PA301787,PRIOR_AUTH,-0.05481146448316365,0,90.0
PA301765,PRIOR_AUTH,-0.21125382118529046,0,27.150000000000002
PA300027,PRIOR_AUTH,-0.1610953994910735,0,52.7
PA301592,PRIOR_AUTH,-0.13130097770091953,0,65.9
PA301674,PRIOR_AUTH,-0.034239996306933196,0,94.65
PA300643,PRIOR_AUTH,-0.18602704079484472,0,40.8
PA301951,PRIOR_AUTH,-0.21108812741793243,0,27.200000000000003
PA300317,PRIOR_AUTH,-0.17463159984571464,0,45.95
PA300033,PRIOR_AUTH,-0.017766070024067382,0,96.6
PA300332,PRIOR_AUTH,-0.1317668984266157,0,65.2
PA300297,PRIOR_AUTH,-0.21837507537199752,0,22.650000000000002
PA301675,PRIOR_AUTH,-0.12438069357106701,0,69.27499999999999
PA301340,PRIOR_AUTH,-0.12039121771121919,0,70.875
PA301536,PRIOR_AUTH,-0.10846141490080075,0,75.14999999999999
PA301657,PRIOR_AUTH,-0.19022329897792323,0,38.45
PA300006,PRIOR_AUTH,-0.018896125908362094,0,96.39999999999999
PA300831,PRIOR_AUTH,-0.21501611912498747,0,25.7
PA301868,PRIOR_AUTH,-0.05111686383539937,0,90.9
PA300464,PRIOR_AUTH,-0.24205550434603723,0,5.45
PA300699,PRIOR_AUTH,-0.2089824796937756,0,27.85
PA301090,PRIOR_AUTH,-0.22602872589765888,0,16.1
PA301371,PRIOR_AUTH,-0.19484745523930952,0,35.65
PA300956,PRIOR_AUTH,-0.03611813148428833,0,94.175
PA300498,PRIOR_AUTH,-0.20375920825013427,0,30.675
PA301565,PRIOR_AUTH,-0.23714032285452824,0,9.025
PA300444,PRIOR_AUTH,-0.23180684545054536,0,12.85
PA301744,PRIOR_AUTH,-0.12232100167101695,0,69.8
PA300431,PRIOR_AUTH,-0.22258598197232954,0,19.45
PA301413,PRIOR_AUTH,-0.08167168684912018,0,83.89999999999999
PA301087,PRIOR_AUTH,-0.039213328324394614,0,93.60000000000001
PA301572,PRIOR_AUTH,-0.18247278705800324,0,42.925000000000004
PA300101,PRIOR_AUTH,-0.035111721625920245,0,94.375
PA301235,PRIOR_AUTH,-0.10454163637228742,0,76.2
PA301802,PRIOR_AUTH,-0.0698515151158815,0,86.7
PA301021,PRIOR_AUTH,-0.23989774367437794,0,6.525
PA301872,PRIOR_AUTH,-0.027755189330060492,0,95.075
PA301682,PRIOR_AUTH,-0.2191816636299022,0,21.975
PA300728,PRIOR_AUTH,-0.13338711540074766,0,64.375
PA300797,PRIOR_AUTH,-0.20336649553085911,0,31.075000000000003
PA301402,PRIOR_AUTH,-0.23476691028030905,0,10.65
PA301430,PRIOR_AUTH,-0.20921779250724565,0,27.750000000000004
PA300774,PRIOR_AUTH,-0.16496844325346688,0,51.15
PA300283,PRIOR_AUTH,-0.18519452887606996,0,41.349999999999994
PA300275,PRIOR_AUTH,-0.24260600476529587,0,5.125
PA301163,PRIOR_AUTH,-0.14548325324743588,0,59.050000000000004
PA300055,PRIOR_AUTH,-0.22593166828714917,0,16.225
PA301847,PRIOR_AUTH,-0.10220664674560476,0,77.575
PA300173,PRIOR_AUTH,-0.13120175274159218,0,65.95
PA300294,PRIOR_AUTH,-0.19689832360922543,0,34.4
PA300053,PRIOR_AUTH,-0.1762112698740777,0,45.6
PA300806,PRIOR_AUTH,-0.1317458286388703,0,65.47500000000001
PA300785,PRIOR_AUTH,-0.24464037765327917,0,3.975
PA300184,PRIOR_AUTH,-0.2506302709494718,0,0.27499999999999997
PA300117,PRIOR_AUTH,-0.15081693118458245,0,57.65
PA301493,PRIOR_AUTH,-0.06989356131425639,0,86.6
PA301728,PRIOR_AUTH,-0.2510266359312837,0,0.1
PA301789,PRIOR_AUTH,-0.21270322809157338,0,26.55
PA300942,PRIOR_AUTH,-0.06125435567431481,0,88.6
PA300185,PRIOR_AUTH,-0.23662385694636617,0,9.55
PA300581,PRIOR_AUTH,-0.03493325174349493,0,94.45
PA300996,PRIOR_AUTH,-0.12781494696608714,0,67.55
PA301453,PRIOR_AUTH,-0.2201336741376938,0,21.349999999999998
PA300764,PRIOR_AUTH,-0.24741115335951291,0,2.475
PA301377,PRIOR_AUTH,-0.21565273784737793,0,25.275
PA301398,PRIOR_AUTH,-0.18104704542909061,0,43.3
PA300158,PRIOR_AUTH,-0.2200852153045033,0,21.4
PA300247,PRIOR_AUTH,-0.1622754932392863,0,52.1
PA301514,PRIOR_AUTH,-0.24485164444975943,0,3.4750000000000005
PA300730,PRIOR_AUTH,-0.16648773330449557,0,50.2
PA300403,PRIOR_AUTH,-0.012853434374734518,0,97.52499999999999
PA301036,PRIOR_AUTH,-0.12064201054885826,0,70.45
PA300366,PRIOR_AUTH,-0.05506236720210489,0,89.95
PA300468,PRIOR_AUTH,-0.19642892990646144,0,34.825
PA300499,PRIOR_AUTH,-0.19239261248356349,0,37.15
PA301114,PRIOR_AUTH,-0.21039496887383308,0,27.525
PA301796,PRIOR_AUTH,-0.04256241985231679,0,92.95
PA301418,PRIOR_AUTH,-0.15046646929716234,0,57.775
PA301943,PRIOR_AUTH,-0.23213285708213194,0,12.075
PA300585,PRIOR_AUTH,-0.157025235152778,0,55.05
PA301591,PRIOR_AUTH,-0.24932321804365076,0,1.0999999999999999
PA301159,PRIOR_AUTH,-0.24462281461847285,0,4.075
PA300758,PRIOR_AUTH,-0.1990666586390571,0,33.35
PA300651,PRIOR_AUTH,-0.19467301227029965,0,35.8
PA300030,PRIOR_AUTH,-0.2308646053573662,0,13.425
PA300421,PRIOR_AUTH,-0.18462564651727914,0,41.65
PA300266,PRIOR_AUTH,-0.2286378963508921,0,14.799999999999999
PA301651,PRIOR_AUTH,-0.20245141638811248,0,31.55
PA301422,PRIOR_AUTH,-0.16845046082560966,0,48.875
PA300274,PRIOR_AUTH,-0.1821968108077766,0,43.1
PA301747,PRIOR_AUTH,-0.19089683981956518,0,38.05
PA300447,PRIOR_AUTH,-0.1466037805336073,0,58.975
PA300302,PRIOR_AUTH,-0.1621288864286889,0,52.300000000000004
PA301871,PRIOR_AUTH,-0.13234765157313716,0,65.0
PA300904,PRIOR_AUTH,-0.20626735006017477,0,28.999999999999996
PA301286,PRIOR_AUTH,-0.14793292368854727,0,58.650000000000006
PA300970,PRIOR_AUTH,-0.09554032423555547,0,79.5
PA300228,PRIOR_AUTH,-0.10933587318556248,0,74.625
PA301052,PRIOR_AUTH,-0.24890031337474283,0,1.5
PA300171,PRIOR_AUTH,-0.1575051650114077,0,54.775
PA301553,PRIOR_AUTH,0.05206944829710636,1,99.775
PA301426,PRIOR_AUTH,-0.1397602835339667,0,61.150000000000006
PA300408,PRIOR_AUTH,-0.10877038647684056,0,74.925
PA301245,PRIOR_AUTH,-0.160123539488553,0,53.1
PA300372,PRIOR_AUTH,-0.08416219938711622,0,82.675
PA300167,PRIOR_AUTH,-0.19462147649721317,0,35.85
PA300524,PRIOR_AUTH,-0.20861078036468905,0,28.1
PA301613,PRIOR_AUTH,-0.10784843788093235,0,75.25
PA301178,PRIOR_AUTH,-0.16106460497204572,0,52.75
PA300720,PRIOR_AUTH,-0.22351227796466622,0,18.5
PA300993,PRIOR_AUTH,-0.20552856945102482,0,29.599999999999998
PA300579,PRIOR_AUTH,-0.2487974406148702,0,1.6500000000000001
PA300382,PRIOR_AUTH,-0.18603912841920167,0,40.75
PA300466,PRIOR_AUTH,-0.21586593282420408,0,24.95
PA300486,PRIOR_AUTH,-0.05775509527978617,0,89.5
PA301907,PRIOR_AUTH,-0.24796805467331545,0,2.175
PA300041,PRIOR_AUTH,-0.04518763369281009,0,92.0
PA301166,PRIOR_AUTH,-0.04548455171880805,0,91.95
PA300169,PRIOR_AUTH,-0.16633600422298778,0,50.349999999999994
PA301470,PRIOR_AUTH,-0.15966482672525417,0,53.474999999999994
PA300397,PRIOR_AUTH,-0.2506302709494718,0,0.27499999999999997
PA301260,PRIOR_AUTH,-0.2140617292390769,0,26.1
PA301917,PRIOR_AUTH,-0.14384402076033403,0,59.5
PA301118_DUP,PRIOR_AUTH,-0.11346201348823903,0,72.925
PA300917_DUP,PRIOR_AUTH,-0.11266657033577254,0,73.425
PA301837_DUP,PRIOR_AUTH,-0.04669811730223139,0,91.625
PA300503_DUP,PRIOR_AUTH,-0.08746380415120958,0,81.875
PA301409_DUP,PRIOR_AUTH,-0.12091685796133578,0,70.22500000000001
PA301795_DUP,PRIOR_AUTH,-0.049765057192418305,0,91.225
PA300353_DUP,PRIOR_AUTH,-0.014474692567994718,0,97.32499999999999
PA300984_DUP,PRIOR_AUTH,-0.10936463796098828,0,74.47500000000001
PA300038_DUP,PRIOR_AUTH,-0.10388570762355998,0,76.425
PA301158_DUP,PRIOR_AUTH,0.05244072174008807,1,99.875
PA301653_DUP,PRIOR_AUTH,-0.0879807989243302,0,81.72500000000001
PA301392_DUP,PRIOR_AUTH,-0.025222979144422064,0,95.475
PA301016_DUP,PRIOR_AUTH,-0.10994822939210847,0,74.275
PA301929_DUP,PRIOR_AUTH,-0.1138211552667715,0,72.775
PA301553_DUP,PRIOR_AUTH,0.05206944829710636,1,99.775
PA300363_DUP,PRIOR_AUTH,0.007861710050411364,1,98.875
PA301797_DUP,PRIOR_AUTH,-0.09379293766915286,0,80.22500000000001
PA301187_DUP,PRIOR_AUTH,-3.370297953053658e-05,0,98.125
PA300956_DUP,PRIOR_AUTH,-0.03611813148428833,0,94.175
PA301838_DUP,PRIOR_AUTH,-0.023503672059700165,0,95.775
PA301037_DUP,PRIOR_AUTH,-0.11610064960419175,0,72.075
PA301005_DUP,PRIOR_AUTH,-0.050305578649708194,0,91.07499999999999
PA301681_DUP,PRIOR_AUTH,-0.11848255502697708,0,71.675
PA301564_DUP,PRIOR_AUTH,-0.052364475921523934,0,90.47500000000001
PA301004_DUP,PRIOR_AUTH,-0.0755601190274987,0,85.175
PA300847_DUP,PRIOR_AUTH,-0.0386955829024187,0,93.72500000000001
PA301516_DUP,PRIOR_AUTH,-0.08076443500079977,0,84.375
PA301026_DUP,PRIOR_AUTH,0.024584598751782538,1,99.325
PA301342_DUP,PRIOR_AUTH,-0.10604452108907436,0,76.02499999999999
PA300114_DUP,PRIOR_AUTH,0.0021848394087176093,1,98.375
PA301745_DUP,PRIOR_AUTH,0.002067663819333876,1,98.275
PA301320_DUP,PRIOR_AUTH,-0.054139592660784164,0,90.17500000000001
PA301984_DUP,PRIOR_AUTH,-0.04775587731995079,0,91.375
PA301490_DUP,PRIOR_AUTH,-0.09987873665512137,0,77.925
PA301847_DUP,PRIOR_AUTH,-0.10220664674560476,0,77.575
PA300228_DUP,PRIOR_AUTH,-0.10933587318556248,0,74.625
PA301464_DUP,PRIOR_AUTH,-0.019695090076356614,0,96.275
PA301639_DUP,PRIOR_AUTH,0.005998733722379357,1,98.625
PA300372_DUP,PRIOR_AUTH,-0.08416219938711622,0,82.675
PA300743_DUP,PRIOR_AUTH,-0.014883132815660227,0,97.125
PA300455_DUP,PRIOR_AUTH,-0.0429966801134255,0,92.825
PA301495_DUP,PRIOR_AUTH,-0.05427732514813366,0,90.075
PA301899_DUP,PRIOR_AUTH,-0.1138211552667715,0,72.775
PA301702_DUP,PRIOR_AUTH,-0.06710195246151585,0,87.47500000000001
